-1.4985,7.0,2.986110938895539e-185,1.0,0.0,0.0,0.0,0.0,0.0,0.0,0.0,0.0,0.0,0.0,2.0
-1.4955,7.0,3.151117195620264e-184,1.0,0.0,0.0,0.0,0.0,0.0,0.0,0.0,0.0,0.0,0.0,2.0
-1.4925,7.0,3.5998517358698545e-183,1.0,0.0,0.0,0.0,0.0,0.0,0.0,0.0,0.0,0.0,0.0,2.0
-1.4895,7.0,4.103802297113389e-182,1.0,0.0,0.0,0.0,0.0,0.0,0.0,0.0,0.0,0.0,0.0,2.0
-1.4865,7.0,4.6654012294124824e-181,1.0,0.0,0.0,0.0,0.0,0.0,0.0,0.0,0.0,0.0,0.0,2.0
-1.4835,7.0,5.289194210398057e-180,1.0,0.0,0.0,0.0,0.0,0.0,0.0,0.0,0.0,0.0,0.0,2.0
-1.4805,7.0,5.979821344692536e-179,1.0,0.0,0.0,0.0,0.0,0.0,0.0,0.0,0.0,0.0,0.0,2.0
-1.4775,7.0,6.741962425680079e-178,1.0,0.0,0.0,0.0,0.0,0.0,0.0,0.0,0.0,0.0,0.0,2.0
-1.4745,7.0,7.580295676663396e-177,1.0,0.0,0.0,0.0,0.0,0.0,0.0,0.0,0.0,0.0,0.0,2.0
-1.4715,7.0,8.499453613891273e-176,1.0,0.0,0.0,0.0,0.0,0.0,0.0,0.0,0.0,0.0,0.0,2.0
-1.4685,7.0,9.503976527277802e-175,1.0,0.0,0.0,0.0,0.0,0.0,0.0,0.0,0.0,0.0,0.0,2.0
-1.4655,7.0,1.0598264324209917e-173,1.0,0.0,0.0,0.0,0.0,0.0,0.0,0.0,0.0,0.0,0.0,2.0
-1.4625,7.0,1.1786527574869531e-172,1.0,0.0,0.0,0.0,0.0,0.0,0.0,0.0,0.0,0.0,0.0,2.0
-1.4595,7.0,1.3072738672980638e-171,1.0,0.0,0.0,0.0,0.0,0.0,0.0,0.0,0.0,0.0,0.0,2.0
-1.4565,7.0,1.4460584082665794e-170,1.0,0.0,0.0,0.0,0.0,0.0,0.0,0.0,0.0,0.0,0.0,2.0
-1.4535,7.0,1.5953418678388017e-169,1.0,0.0,0.0,0.0,0.0,0.0,0.0,0.0,0.0,0.0,0.0,2.0
-1.4505,7.0,1.7554223199514006e-168,1.0,0.0,0.0,0.0,0.0,0.0,0.0,0.0,0.0,0.0,0.0,2.0
-1.4475,7.0,1.9265565833003905e-167,1.0,0.0,0.0,0.0,0.0,0.0,0.0,0.0,0.0,0.0,0.0,2.0
-1.4445,7.0,2.1089568906452115e-166,1.0,0.0,0.0,0.0,0.0,0.0,0.0,0.0,0.0,0.0,0.0,2.0
-1.4415,7.0,2.30278816185018e-165,1.0,0.0,0.0,0.0,0.0,0.0,0.0,0.0,0.0,0.0,0.0,2.0
-1.4385,7.0,2.508165965366596e-164,1.0,0.0,0.0,0.0,0.0,0.0,0.0,0.0,0.0,0.0,0.0,2.0
-1.4355,7.0,2.7251552422633586e-163,1.0,0.0,0.0,0.0,0.0,0.0,0.0,0.0,0.0,0.0,0.0,2.0
-1.4325,7.0,2.953769853574066e-162,1.0,0.0,0.0,0.0,0.0,0.0,0.0,0.0,0.0,0.0,0.0,2.0
-1.4295,7.0,3.1939729954818374e-161,1.0,0.0,0.0,0.0,0.0,0.0,0.0,0.0,0.0,0.0,0.0,2.0
-1.4265,7.0,3.445678507566727e-160,1.0,0.0,0.0,0.0,0.0,0.0,0.0,0.0,0.0,0.0,0.0,2.0
-1.4235,7.0,3.708753076922573e-159,1.0,0.0,0.0,0.0,0.0,0.0,0.0,0.0,0.0,0.0,0.0,2.0
-1.4205,7.0,3.983019315475749e-158,1.0,0.0,0.0,0.0,0.0,0.0,0.0,0.0,0.0,0.0,0.0,2.0
-1.4175,7.0,4.268259659584316e-157,1.0,0.0,0.0,0.0,0.0,0.0,0.0,0.0,0.0,0.0,0.0,2.0
-1.4145,7.0,4.5642210105262303e-156,1.0,0.0,0.0,0.0,0.0,0.0,0.0,0.0,0.0,0.0,0.0,2.0
-1.4115,7.0,4.8706200027126176e-155,1.0,0.0,0.0,0.0,0.0,0.0,0.0,0.0,0.0,0.0,0.0,2.0
-1.4085,7.0,5.1871487546896016e-154,1.0,0.0,0.0,0.0,0.0,0.0,0.0,0.0,0.0,0.0,0.0,2.0
-1.4055,7.0,5.513480927915123e-153,1.0,0.0,0.0,0.0,0.0,0.0,0.0,0.0,0.0,0.0,0.0,2.0
-1.4025,7.0,5.849277891960664e-152,1.0,0.0,0.0,0.0,0.0,0.0,0.0,0.0,0.0,0.0,0.0,2.0
-1.3995,7.0,6.19419477448871e-151,1.0,0.0,0.0,0.0,0.0,0.0,0.0,0.0,0.0,0.0,0.0,2.0
-1.3965,7.0,6.547886162490912e-150,1.0,0.0,0.0,0.0,0.0,0.0,0.0,0.0,0.0,0.0,0.0,2.0
-1.3935,7.0,6.910011220129049e-149,1.0,0.0,0.0,0.0,0.0,0.0,0.0,0.0,0.0,0.0,0.0,2.0
-1.3905,7.0,7.280238000040727e-148,1.0,0.0,0.0,0.0,0.0,0.0,0.0,0.0,0.0,0.0,0.0,2.0
-1.3875,7.0,7.658246750478435e-147,1.0,0.0,0.0,0.0,0.0,0.0,0.0,0.0,0.0,0.0,0.0,2.0
-1.3845,7.0,8.04373206059388e-146,1.0,0.0,0.0,0.0,0.0,0.0,0.0,0.0,0.0,0.0,0.0,2.0
-1.3815,7.0,8.436403739908211e-145,1.0,0.0,0.0,0.0,0.0,0.0,0.0,0.0,0.0,0.0,0.0,2.0
-1.3785,7.0,8.835986393614332e-144,1.0,0.0,0.0,0.0,0.0,0.0,0.0,0.0,0.0,0.0,0.0,2.0
-1.3755,7.0,9.242217729611309e-143,1.0,0.0,0.0,0.0,0.0,0.0,0.0,0.0,0.0,0.0,0.0,2.0
-1.3725,7.0,9.654845711587753e-142,1.0,0.0,0.0,0.0,0.0,0.0,0.0,0.0,0.0,0.0,0.0,2.0
-1.3695,7.0,1.0073624749506174e-140,1.0,0.0,0.0,0.0,0.0,0.0,0.0,0.0,0.0,0.0,0.0,2.0
-1.3665,7.0,1.049831118823254e-139,1.0,0.0,0.0,0.0,0.0,0.0,0.0,0.0,0.0,0.0,0.0,2.0
-1.3635,7.0,1.0928658410295725e-138,1.0,0.0,0.0,0.0,0.0,0.0,0.0,0.0,0.0,0.0,0.0,2.0
-1.3605,7.0,1.136441190366557e-137,1.0,0.0,0.0,0.0,0.0,0.0,0.0,0.0,0.0,0.0,0.0,2.0
-1.3575,7.0,1.180530465477487e-136,1.0,0.0,0.0,0.0,0.0,0.0,0.0,0.0,0.0,0.0,0.0,2.0
-1.3545,7.0,1.2251053207129325e-135,1.0,0.0,0.0,0.0,0.0,0.0,0.0,0.0,0.0,0.0,0.0,2.0
-1.3515,7.0,1.2701354675242696e-134,1.0,0.0,0.0,0.0,0.0,0.0,0.0,0.0,0.0,0.0,0.0,2.0
-1.3485,7.0,1.31558849233589e-133,1.0,0.0,0.0,0.0,0.0,0.0,0.0,0.0,0.0,0.0,0.0,2.0
-1.3455,7.0,1.361429801232127e-132,1.0,0.0,0.0,0.0,0.0,0.0,0.0,0.0,0.0,0.0,0.0,2.0
-1.3425,7.0,1.407622689261102e-131,1.0,0.0,0.0,0.0,0.0,0.0,0.0,0.0,0.0,0.0,0.0,2.0
-1.3395,7.0,1.454128518601691e-130,1.0,0.0,0.0,0.0,0.0,0.0,0.0,0.0,0.0,0.0,0.0,2.0
-1.3365,7.0,1.5009069763441188e-129,1.0,0.0,0.0,0.0,0.0,0.0,0.0,0.0,0.0,0.0,0.0,2.0
-1.3335,7.0,1.5479163703764456e-128,1.0,0.0,0.0,0.0,0.0,0.0,0.0,0.0,0.0,0.0,0.0,2.0
-1.3305,7.0,1.5951139120154059e-127,1.0,0.0,0.0,0.0,0.0,0.0,0.0,0.0,0.0,0.0,0.0,2.0
-1.3275000000000001,7.0,1.6424559276160226e-126,1.0,0.0,0.0,0.0,0.0,0.0,0.0,0.0,0.0,0.0,0.0,2.0
-1.3245,7.0,1.6898979392584666e-125,1.0,0.0,0.0,0.0,0.0,0.0,0.0,0.0,0.0,0.0,0.0,2.0
-1.3215,7.0,1.7373945572500433e-124,1.0,0.0,0.0,0.0,0.0,0.0,0.0,0.0,0.0,0.0,0.0,2.0
-1.3185,7.0,1.784899134741565e-123,1.0,0.0,0.0,0.0,0.0,0.0,0.0,0.0,0.0,0.0,0.0,2.0
-1.3155000000000001,7.0,1.8323631470203206e-122,1.0,0.0,0.0,0.0,0.0,0.0,0.0,0.0,0.0,0.0,0.0,2.0
-1.3125,7.0,1.879735274459429e-121,1.0,0.0,0.0,0.0,0.0,0.0,0.0,0.0,0.0,0.0,0.0,2.0
-1.3094999999999999,7.0,1.9269601878811823e-120,1.0,0.0,0.0,0.0,0.0,0.0,0.0,0.0,0.0,0.0,0.0,2.0
-1.3065,7.0,1.973977057291629e-119,1.0,0.0,0.0,0.0,0.0,0.0,0.0,0.0,0.0,0.0,0.0,2.0
-1.3035,7.0,2.0207178285838375e-118,1.0,0.0,0.0,0.0,0.0,0.0,0.0,0.0,0.0,0.0,0.0,2.0
-1.3005,7.0,2.0671053369351976e-117,1.0,0.0,0.0,0.0,0.0,0.0,0.0,0.0,0.0,0.0,0.0,2.0
-1.2974999999999999,7.0,2.113051349328477e-116,1.0,0.0,0.0,0.0,0.0,0.0,0.0,0.0,0.0,0.0,0.0,2.0
-1.2945,7.0,2.1584546509755357e-115,1.0,0.0,0.0,0.0,0.0,0.0,0.0,0.0,0.0,0.0,0.0,2.0
-1.2915,7.0,2.203199310329255e-114,1.0,0.0,0.0,0.0,0.0,0.0,0.0,0.0,0.0,0.0,0.0,2.0
-1.2885,7.0,2.2471532734073012e-113,1.0,0.0,0.0,0.0,0.0,0.0,0.0,0.0,0.0,0.0,0.0,2.0
-1.2855,7.0,2.2901674483789417e-112,1.0,0.0,0.0,0.0,0.0,0.0,0.0,0.0,0.0,0.0,0.0,2.0
-1.2825,7.0,2.33207544322936e-111,1.0,0.0,0.0,0.0,0.0,0.0,0.0,0.0,0.0,0.0,0.0,2.0
-1.2795,7.0,2.372694109716505e-110,1.0,0.0,0.0,0.0,0.0,0.0,0.0,0.0,0.0,0.0,0.0,2.0
-1.2765,7.0,2.4118250224353657e-109,1.0,0.0,0.0,0.0,0.0,0.0,0.0,0.0,0.0,0.0,0.0,2.0
-1.2735,7.0,2.449256979601324e-108,1.0,0.0,0.0,0.0,0.0,0.0,0.0,0.0,0.0,0.0,0.0,2.0
-1.2705,7.0,2.4847695503139146e-107,1.0,0.0,0.0,0.0,0.0,0.0,0.0,0.0,0.0,0.0,0.0,2.0
-1.2675,7.0,2.5181376118473137e-106,1.0,0.0,0.0,0.0,0.0,0.0,0.0,0.0,0.0,0.0,0.0,2.0
-1.2645,7.0,2.5491367232771635e-105,1.0,0.0,0.0,0.0,0.0,0.0,0.0,0.0,0.0,0.0,0.0,2.0
-1.2615,7.0,2.5775490755632014e-104,1.0,0.0,0.0,0.0,0.0,0.0,0.0,0.0,0.0,0.0,0.0,2.0
-1.2585,7.0,2.603169653995264e-103,1.0,0.0,0.0,0.0,0.0,0.0,0.0,0.0,0.0,0.0,0.0,2.0
-1.2555,7.0,2.6258121608694956e-102,1.0,0.0,0.0,0.0,0.0,0.0,0.0,0.0,0.0,0.0,0.0,2.0
-1.2525,7.0,2.6453141903906706e-101,1.0,0.0,0.0,0.0,0.0,0.0,0.0,0.0,0.0,0.0,0.0,2.0
-1.2495,7.0,2.6615411396416587e-100,1.0,0.0,0.0,0.0,0.0,0.0,0.0,0.0,0.0,0.0,0.0,2.0
-1.2465,7.0,2.674388391297648e-99,1.0,0.0,0.0,0.0,0.0,0.0,0.0,0.0,0.0,0.0,0.0,2.0
-1.2435,7.0,2.683781421648373e-98,1.0,0.0,0.0,0.0,0.0,0.0,0.0,0.0,0.0,0.0,0.0,2.0
-1.2405,7.0,2.6896736687539096e-97,1.0,0.0,0.0,0.0,0.0,0.0,0.0,0.0,0.0,0.0,0.0,2.0
-1.2375,7.0,2.692042227322856e-96,1.0,0.0,0.0,0.0,0.0,0.0,0.0,0.0,0.0,0.0,0.0,2.0
-1.2345,7.0,2.6908816961624002e-95,1.0,0.0,0.0,0.0,0.0,0.0,0.0,0.0,0.0,0.0,0.0,2.0
-1.2315,7.0,2.6861967595937336e-94,1.0,0.0,0.0,0.0,0.0,0.0,0.0,0.0,0.0,0.0,0.0,2.0
-1.2285,7.0,2.6779943003515505e-93,1.0,0.0,0.0,0.0,0.0,0.0,0.0,0.0,0.0,0.0,0.0,2.0
-1.2255,7.0,2.666275983122552e-92,1.0,0.0,0.0,0.0,0.0,0.0,0.0,0.0,0.0,0.0,0.0,2.0
-1.2225,7.0,2.6510322863477306e-91,1.0,0.0,0.0,0.0,0.0,0.0,0.0,0.0,0.0,0.0,0.0,2.0
-1.2195,7.0,2.6322388783466212e-90,1.0,0.0,0.0,0.0,0.0,0.0,0.0,0.0,0.0,0.0,0.0,2.0
-1.2165,7.0,2.6098560311773233e-89,1.0,0.0,0.0,0.0,0.0,0.0,0.0,0.0,0.0,0.0,0.0,2.0
-1.2135,7.0,2.583831458450375e-88,1.0,0.0,0.0,0.0,0.0,0.0,0.0,0.0,0.0,0.0,0.0,2.0
-1.2105000000000001,7.0,2.554106584584321e-87,1.0,0.0,0.0,0.0,0.0,0.0,0.0,0.0,0.0,0.0,0.0,2.0
-1.2075,7.0,2.520625848303913e-86,1.0,0.0,0.0,0.0,0.0,0.0,0.0,0.0,0.0,0.0,0.0,2.0
-1.2045,7.0,2.483348264403134e-85,1.0,0.0,0.0,0.0,0.0,0.0,0.0,0.0,0.0,0.0,0.0,2.0
-1.2015,7.0,2.4422601654410924e-84,1.0,0.0,0.0,0.0,0.0,0.0,0.0,0.0,0.0,0.0,0.0,2.0
-1.1985000000000001,7.0,2.3973878605666166e-83,1.0,0.0,0.0,0.0,0.0,0.0,0.0,0.0,0.0,0.0,0.0,2.0
-1.1955,7.0,2.3488089080339046e-82,1.0,0.0,0.0,0.0,0.0,0.0,0.0,0.0,0.0,0.0,0.0,2.0
-1.1925,7.0,2.2966608075985952e-81,1.0,0.0,0.0,0.0,0.0,0.0,0.0,0.0,0.0,0.0,0.0,2.0
-1.1895,7.0,2.2411461648370353e-80,1.0,0.0,0.0,0.0,0.0,0.0,0.0,0.0,0.0,0.0,0.0,2.0
-1.1865,7.0,2.1825337293501568e-79,1.0,0.0,0.0,0.0,0.0,0.0,0.0,0.0,0.0,0.0,0.0,2.0
-1.1835,7.0,2.1211551176310082e-78,1.0,0.0,0.0,0.0,0.0,0.0,0.0,0.0,0.0,0.0,0.0,2.0
-1.1804999999999999,7.0,2.057397447892292e-77,1.0,0.0,0.0,0.0,0.0,0.0,0.0,0.0,0.0,0.0,0.0,2.0
-1.1775,7.0,1.9916924887158162e-76,1.0,0.0,0.0,0.0,0.0,0.0,0.0,0.0,0.0,0.0,0.0,2.0
-1.1745,7.0,1.9245032148035627e-75,1.0,0.0,0.0,0.0,0.0,0.0,0.0,0.0,0.0,0.0,0.0,2.0
-1.1715,7.0,1.85630884378585e-74,1.0,0.0,0.0,0.0,0.0,0.0,0.0,0.0,0.0,0.0,0.0,2.0
-1.1684999999999999,7.0,1.7875894866695404e-73,1.0,0.0,0.0,0.0,0.0,0.0,0.0,0.0,0.0,0.0,0.0,2.0
-1.1655,7.0,1.7188114860811498e-72,1.0,0.0,0.0,0.0,0.0,0.0,0.0,0.0,0.0,0.0,0.0,2.0
-1.1625,7.0,1.6504143598679207e-71,1.0,0.0,0.0,0.0,0.0,0.0,0.0,0.0,0.0,0.0,0.0,2.0
-1.1595,7.0,1.582800041491919e-70,1.0,0.0,0.0,0.0,0.0,0.0,0.0,0.0,0.0,0.0,0.0,2.0
-1.1564999999999999,7.0,1.5163248462907486e-69,1.0,0.0,0.0,0.0,0.0,0.0,0.0,0.0,0.0,0.0,0.0,2.0
-1.1535,7.0,1.4512943270117555e-68,1.0,0.0,0.0,0.0,0.0,0.0,0.0,0.0,0.0,0.0,0.0,2.0
-1.1505,7.0,1.3879609413469153e-67,1.0,0.0,0.0,0.0,0.0,0.0,0.0,0.0,0.0,0.0,0.0,2.0
-1.1475,7.0,1.3265242592206885e-66,1.0,0.0,0.0,0.0,0.0,0.0,0.0,0.0,0.0,0.0,0.0,2.0
-1.1445,7.0,1.2671333000743206e-65,1.0,0.0,0.0,0.0,0.0,0.0,0.0,0.0,0.0,0.0,0.0,2.0
-1.1415,7.0,1.2098905132723634e-64,1.0,0.0,0.0,0.0,0.0,0.0,0.0,0.0,0.0,0.0,0.0,2.0
-1.1385,7.0,1.1548568934567329e-63,1.0,0.0,0.0,0.0,0.0,0.0,0.0,0.0,0.0,0.0,0.0,2.0
-1.1355,7.0,1.1020577472478292e-62,1.0,0.0,0.0,0.0,0.0,0.0,0.0,0.0,0.0,0.0,0.0,2.0
-1.1325,7.0,1.0514886852820878e-61,1.0,0.0,0.0,0.0,0.0,0.0,0.0,0.0,0.0,0.0,0.0,2.0
-1.1295,7.0,1.0031214907487244e-60,1.0,0.0,0.0,0.0,0.0,0.0,0.0,0.0,0.0,0.0,0.0,2.0
-1.1265,7.0,9.569096002404081e-60,1.0,0.0,0.0,0.0,0.0,0.0,0.0,0.0,0.0,0.0,0.0,2.0
-1.1235,7.0,9.127930153411165e-59,1.0,0.0,0.0,0.0,0.0,0.0,0.0,0.0,0.0,0.0,0.0,2.0
-1.1205,7.0,8.707025375476781e-58,1.0,0.0,0.0,0.0,0.0,0.0,0.0,0.0,0.0,0.0,0.0,2.0
-1.1175,7.0,8.305632815005396e-57,1.0,0.0,0.0,0.0,0.0,0.0,0.0,0.0,0.0,0.0,0.0,2.0
-1.1145,7.0,7.922974711752685e-56,1.0,0.0,0.0,0.0,0.0,0.0,0.0,0.0,0.0,0.0,0.0,2.0
-1.1115,7.0,7.558265613515636e-55,1.0,0.0,0.0,0.0,0.0,0.0,0.0,0.0,0.0,0.0,0.0,2.0
-1.1085,7.0,7.210727537394916e-54,1.0,0.0,0.0,0.0,0.0,0.0,0.0,0.0,0.0,0.0,0.0,2.0
-1.1055,7.0,6.879599950062253e-53,1.0,0.0,0.0,0.0,0.0,0.0,0.0,0.0,0.0,0.0,0.0,2.0
-1.1025,7.0,6.564145535834512e-52,1.0,0.0,0.0,0.0,0.0,0.0,0.0,0.0,0.0,0.0,0.0,2.0
-1.0995,7.0,6.26365274014774e-51,1.0,0.0,0.0,0.0,0.0,0.0,0.0,0.0,0.0,0.0,0.0,2.0
-1.0965,7.0,5.977436019507653e-50,1.0,0.0,0.0,0.0,0.0,0.0,0.0,0.0,0.0,0.0,0.0,2.0
-1.0935000000000001,7.0,5.704834602335389e-49,1.0,0.0,0.0,0.0,0.0,0.0,0.0,0.0,0.0,0.0,0.0,2.0
-1.0905,7.0,5.4452103833543024e-48,1.0,0.0,0.0,0.0,0.0,0.0,0.0,0.0,0.0,0.0,0.0,2.0
-1.0875,7.0,5.197945368900165e-47,1.0,0.0,0.0,0.0,0.0,0.0,0.0,0.0,0.0,0.0,0.0,2.0
-1.0845,7.0,4.962438913159977e-46,1.0,0.0,0.0,0.0,0.0,0.0,0.0,0.0,0.0,0.0,0.0,2.0
-1.0815000000000001,7.0,4.738104901320532e-45,1.0,0.0,0.0,0.0,0.0,0.0,0.0,0.0,0.0,0.0,0.0,2.0
-1.0785,7.0,4.524369104560552e-44,1.0,0.0,0.0,0.0,0.0,0.0,0.0,0.0,0.0,0.0,0.0,2.0
-1.0755,7.0,4.320667172217478e-43,1.0,0.0,0.0,0.0,0.0,0.0,0.0,0.0,0.0,0.0,0.0,2.0
-1.0725,7.0,4.1264440746001157e-42,1.0,0.0,0.0,0.0,0.0,0.0,0.0,0.0,0.0,0.0,0.0,2.0
-1.0695000000000001,7.0,3.941156097016182e-41,1.0,0.0,0.0,0.0,0.0,0.0,0.0,0.0,0.0,0.0,0.0,2.0
-1.0665,7.0,3.7642764642099986e-40,1.0,0.0,0.0,0.0,0.0,0.0,0.0,0.0,0.0,0.0,0.0,2.0
-1.0635,7.0,3.595305112751568e-39,1.0,0.0,0.0,0.0,0.0,0.0,0.0,0.0,0.0,0.0,0.0,2.0
-1.0605,7.0,3.4337819516091016e-38,1.0,0.0,0.0,0.0,0.0,0.0,0.0,0.0,0.0,0.0,0.0,2.0
-1.0575,7.0,3.2793013514419124e-37,1.0,0.0,0.0,0.0,0.0,0.0,0.0,0.0,0.0,0.0,0.0,2.0
-1.0545,7.0,3.131524024661267e-36,1.0,0.0,0.0,0.0,0.0,0.0,0.0,0.0,0.0,0.0,0.0,2.0
-1.0514999999999999,7.0,2.99018140795421e-35,1.0,0.0,0.0,0.0,0.0,0.0,0.0,0.0,0.0,0.0,0.0,2.0
-1.0485,7.0,2.8550674925421465e-34,1.0,0.0,0.0,0.0,0.0,0.0,0.0,0.0,0.0,0.0,0.0,2.0
-1.0455,7.0,2.726014035510909e-33,1.0,0.0,0.0,0.0,0.0,0.0,0.0,0.0,0.0,0.0,0.0,2.0
-1.0425,7.0,2.6028479349164057e-32,1.0,0.0,0.0,0.0,0.0,0.0,0.0,0.0,0.0,0.0,0.0,2.0
-1.0394999999999999,7.0,2.4853357752029387e-31,1.0,0.0,0.0,0.0,0.0,0.0,0.0,0.0,0.0,0.0,0.0,2.0
-1.0365,7.0,2.3731309836059547e-30,1.0,0.0,0.0,0.0,0.0,0.0,0.0,0.0,0.0,0.0,0.0,2.0
-1.0335,7.0,2.265750566372781e-29,1.0,0.0,0.0,0.0,0.0,0.0,0.0,0.0,0.0,0.0,0.0,2.0
-1.0305,7.0,2.162612432596548e-28,1.0,0.0,0.0,0.0,0.0,0.0,0.0,0.0,0.0,0.0,0.0,2.0
-1.0275,7.0,2.0631458285015826e-27,1.0,0.0,0.0,0.0,0.0,0.0,0.0,0.0,0.0,0.0,0.0,2.0
-1.0245,7.0,1.9669409739050582e-26,1.0,0.0,0.0,0.0,0.0,0.0,0.0,0.0,0.0,0.0,0.0,2.0
-1.0215,7.0,1.873885939914081e-25,1.0,0.0,0.0,0.0,0.0,0.0,0.0,0.0,0.0,0.0,0.0,2.0
-1.0185,7.0,1.784216841330566e-24,1.0,0.0,0.0,0.0,0.0,0.0,0.0,0.0,0.0,0.0,0.0,2.0
-1.0155,7.0,1.6983010164125704e-23,1.0,0.0,0.0,0.0,0.0,0.0,0.0,0.0,0.0,0.0,0.0,2.0
-1.0125,7.0,1.6165813893837957e-22,1.0,0.0,0.0,0.0,0.0,0.0,0.0,0.0,0.0,0.0,0.0,2.0
-1.0095,7.0,1.5402299750006565e-21,1.0,0.0,0.0,0.0,0.0,0.0,0.0,0.0,0.0,0.0,0.0,2.0
-1.0065,7.0,1.4673157918944725e-20,1.0,0.0,0.0,0.0,0.0,0.0,0.0,0.0,0.0,0.0,0.0,2.0
-1.0035,7.0,1.397387982755416e-19,1.0,0.0,0.0,0.0,0.0,0.0,0.0,0.0,0.0,0.0,0.0,2.0
-1.0005,7.0,1.3464682566606417e-18,1.0,0.0,0.0,0.0,0.0,0.0,0.0,0.0,0.0,0.0,0.0,2.0
-0.9975,7.0,1.2863699639556917e-17,1.0,0.0,0.0,0.0,0.0,0.0,0.0,0.0,0.0,0.0,0.0,2.0
-0.9945,7.0,1.092301808201452e-16,1.0,0.0,0.0,0.0,0.0,0.0,0.0,0.0,0.0,0.0,0.0,2.0
-0.9915,7.0,4.0142442274502085e-16,0.9999999999999994,0.0,0.0,0.0,0.0,0.0,0.0,0.0,0.0,0.0,0.0,2.0
-0.9885,6.9999999999999964,1.002289589006509e-15,0.9999999999999989,0.0,0.0,0.0,0.0,0.0,0.0,0.0,0.0,0.0,0.0,2.0
-0.9855,6.999999999999992,2.0421565122034114e-15,0.9999999999999976,0.0,0.0,0.0,0.0,0.0,0.0,0.0,0.0,0.0,0.0,2.0
-0.9825,6.999999999999984,3.938788259418967e-15,0.9999999999999954,0.0,0.0,0.0,0.0,0.0,0.0,0.0,0.0,0.0,0.0,2.0
-0.9795,6.99999999999997,7.583672857522966e-15,0.9999999999999913,0.0,0.0,0.0,0.0,0.0,0.0,0.0,0.0,0.0,0.0,2.0
-0.9765,6.999999999999941,1.4369215895799267e-14,0.9999999999999835,0.0,0.0,0.0,0.0,0.0,0.0,0.0,0.0,0.0,0.0,2.0
-0.9735,6.999999999999892,2.6899582798756128e-14,0.9999999999999688,0.0,0.0,0.0,0.0,0.0,0.0,0.0,0.0,0.0,0.0,2.0
-0.9705,6.999999999999798,5.0154893787988516e-14,0.9999999999999417,0.0,0.0,0.0,0.0,0.0,0.0,0.0,0.0,0.0,0.0,2.0
-0.9675,6.999999999999624,9.310343038248937e-14,0.9999999999998924,0.0,0.0,0.0,0.0,0.0,0.0,0.0,0.0,0.0,0.0,2.0
-0.9645,6.9999999999993054,1.7188762791229175e-13,0.9999999999998015,0.0,0.0,0.0,0.0,0.0,0.0,0.0,0.0,0.0,0.0,2.0
-0.9615,6.999999999998723,3.157813272058638e-13,0.9999999999996356,0.0,0.0,0.0,0.0,0.0,0.0,0.0,0.0,0.0,0.0,2.0
-0.9585,6.999999999997667,5.776502074058987e-13,0.9999999999993331,0.0,0.0,0.0,0.0,0.0,0.0,0.0,0.0,0.0,0.0,2.0
-0.9555,6.999999999995746,1.0527990941655753e-12,0.9999999999987846,0.0,0.0,0.0,0.0,0.0,0.0,0.0,0.0,0.0,0.0,2.0
-0.9525,6.999999999992268,1.9131539394152584e-12,0.9999999999977911,0.0,0.0,0.0,0.0,0.0,0.0,0.0,0.0,0.0,0.0,2.0
-0.9495,6.999999999985983,3.468399639970448e-12,0.9999999999959953,0.0,0.0,0.0,0.0,0.0,0.0,0.0,0.0,0.0,0.0,2.0
-0.9465,6.999999999974641,6.27503500618818e-12,0.9999999999927541,0.0,0.0,0.0,0.0,0.0,0.0,0.0,0.0,0.0,0.0,2.0
-0.9435,6.999999999954211,1.1329909220761205e-11,0.9999999999869174,0.0,0.0,0.0,0.0,0.0,0.0,0.0,0.0,0.0,0.0,2.0
-0.9405,6.999999999917516,2.0409255612101032e-11,0.9999999999764337,0.0,0.0,0.0,0.0,0.0,0.0,0.0,0.0,0.0,0.0,2.0
-0.9375,6.999999999851869,3.665378418953717e-11,0.9999999999576754,0.0,0.0,0.0,0.0,0.0,0.0,0.0,0.0,0.0,0.0,2.0
-0.9345,6.99999999973504,6.556009588472961e-11,0.999999999924298,0.0,0.0,0.0,0.0,0.0,0.0,0.0,0.0,0.0,0.0,2.0
-0.9315,6.9999999995286775,1.1662167735855432e-10,0.999999999865337,0.0,0.0,0.0,0.0,0.0,0.0,0.0,0.0,0.0,0.0,2.0
-0.9285,6.999999999167565,2.0597488129535637e-10,0.9999999997621601,0.0,0.0,0.0,0.0,0.0,0.0,0.0,0.0,0.0,0.0,2.0
-0.9255,6.9999999985429,3.6053946445367106e-10,0.9999999995836844,0.0,0.0,0.0,0.0,0.0,0.0,0.0,0.0,0.0,0.0,2.0
-0.9225,6.999999997477008,6.242785986277821e-10,0.9999999992791452,0.0,0.0,0.0,0.0,0.0,0.0,0.0,0.0,0.0,0.0,2.0
-0.9195,6.999999995686537,1.0673053979021038e-09,0.9999999987675822,0.0,0.0,0.0,0.0,0.0,0.0,0.0,0.0,0.0,0.0,2.0
-0.9165,6.9999999927312,1.7985619197723627e-09,0.9999999979231995,0.0,0.0,0.0,0.0,0.0,0.0,0.0,0.0,0.0,0.0,2.0
-0.9135,6.9999999879459684,2.98259925384202e-09,0.9999999965559914,0.0,0.0,0.0,0.0,0.0,0.0,0.0,0.0,0.0,0.0,2.0
-0.9105,6.999999980356584,4.8604842936398015e-09,0.9999999943875967,0.0,0.0,0.0,0.0,0.0,0.0,0.0,0.0,0.0,0.0,2.0
-0.9075,6.999999968581926,7.773957299334269e-09,0.9999999910234074,0.0,0.0,0.0,0.0,0.0,0.0,0.0,0.0,0.0,0.0,2.0
-0.9045,6.999999950732164,1.2190627909345065e-08,0.9999999859234755,0.0,0.0,0.0,0.0,0.0,0.0,0.0,0.0,0.0,0.0,2.0
-0.9015,6.999999924318487,1.872631891648201e-08,0.9999999783767092,0.0,0.0,0.0,0.0,0.0,0.0,0.0,0.0,0.0,0.0,2.0
-0.8985,6.9999998861970365,2.8158930985345214e-08,0.9999999674848676,0.0,0.0,0.0,0.0,0.0,0.0,0.0,0.0,0.0,0.0,2.0
-0.8955,6.999999832575194,4.1426894710872524e-08,0.9999999521643437,0.0,0.0,0.0,0.0,0.0,0.0,0.0,0.0,0.0,0.0,2.0
-0.8925,6.999999759109014,5.960506031470103e-08,0.9999999311740065,0.0,0.0,0.0,0.0,0.0,0.0,0.0,0.0,0.0,0.0,2.0
-0.8895,6.99999966111445,8.385242707398985e-08,0.9999999031755601,0.0,0.0,0.0,0.0,0.0,0.0,0.0,0.0,0.0,0.0,2.0
-0.8865,6.999999533899799,1.153298903900203e-07,0.999999866828518,0.0,0.0,0.0,0.0,0.0,0.0,0.0,0.0,0.0,0.0,2.0
-0.8835,6.999999373202648,1.5509212306292692e-07,0.9999998209150506,0.0,0.0,0.0,0.0,0.0,0.0,0.0,0.0,0.0,0.0,2.0
-0.8805,6.9999991756852475,2.0396500404019052e-07,0.9999997644815155,0.0,0.0,0.0,0.0,0.0,0.0,0.0,0.0,0.0,0.0,2.0
-0.8775,6.999998939413581,2.6242707948759043e-07,0.9999996969753353,0.0,0.0,0.0,0.0,0.0,0.0,0.0,0.0,0.0,0.0,2.0
-0.8745,6.999998664226245,3.305182871571208e-07,0.999999618350395,0.0,0.0,0.0,0.0,0.0,0.0,0.0,0.0,0.0,0.0,2.0
-0.8715,6.9999983518976565,4.077995691052722e-07,0.999999529113678,0.0,0.0,0.0,0.0,0.0,0.0,0.0,0.0,0.0,0.0,2.0
-0.8685,6.999998006021024,4.933818394471339e-07,0.9999994302918117,0.0,0.0,0.0,0.0,0.0,0.0,0.0,0.0,0.0,0.0,2.0
-0.8655,6.999997631578401,5.86032360950546e-07,0.9999993233082392,0.0,0.0,0.0,0.0,0.0,0.0,0.0,0.0,0.0,0.0,2.0
-0.8625,6.999997234220404,6.843529655143113e-07,0.9999992097774277,0.0,0.0,0.0,0.0,0.0,0.0,0.0,0.0,0.0,0.0,2.0
-0.8595,6.999996819332319,7.870111422973187e-07,0.9999990912380282,0.0,0.0,0.0,0.0,0.0,0.0,0.0,0.0,0.0,0.0,2.0
-0.8565,6.999996391001177,8.929956119248938e-07,0.9999989688577661,0.0,0.0,0.0,0.0,0.0,0.0,0.0,0.0,0.0,0.0,2.0
-0.8535,6.99999595100871,1.001865511928141e-06,0.9999988431457052,0.0,0.0,0.0,0.0,0.0,0.0,0.0,0.0,0.0,0.0,2.0
-0.8505,6.999995497953148,1.113967690182747e-06,0.9999987137013412,0.0,0.0,0.0,0.0,0.0,0.0,0.0,0.0,0.0,0.0,2.0
-0.8475,6.999995026555095,1.2306084568127028e-06,0.9999985790162794,0.0,0.0,0.0,0.0,0.0,0.0,0.0,0.0,0.0,0.0,2.0
-0.8445,6.99999452714175,1.3541812110560084e-06,0.9999984363268632,0.0,0.0,0.0,0.0,0.0,0.0,0.0,0.0,0.0,0.0,2.0
-0.8415,6.99999398524629,1.4882655627357258e-06,0.9999982814997206,0.0,0.0,0.0,0.0,0.0,0.0,0.0,0.0,0.0,0.0,2.0
-0.8385,6.99999338122023,1.6377232499888254e-06,0.999998108921009,0.0,0.0,0.0,0.0,0.0,0.0,0.0,0.0,0.0,0.0,2.0
-0.8355,6.999992689744996,1.8088189964775045e-06,0.9999979113568609,0.0,0.0,0.0,0.0,0.0,0.0,0.0,0.0,0.0,0.0,2.0
-0.8325,6.999991879147277,2.0093899123175836e-06,0.9999976797577805,0.0,0.0,0.0,0.0,0.0,0.0,0.0,0.0,0.0,0.0,2.0
-0.8295,6.999990910465777,2.2490764175833318e-06,0.9999974029919976,0.0,0.0,0.0,0.0,0.0,0.0,0.0,0.0,0.0,0.0,2.0
-0.8265,6.999989736272491,2.5396139008157586e-06,0.9999970675086916,0.0,0.0,0.0,0.0,0.0,0.0,0.0,0.0,0.0,0.0,2.0
-0.8235,6.9999882993035305,2.8951714992168242e-06,0.9999966569468131,0.0,0.0,0.0,0.0,0.0,0.0,0.0,0.0,0.0,0.0,2.0
-0.8205,6.999986530985799,3.3327166509926175e-06,0.9999961517141414,0.0,0.0,0.0,0.0,0.0,0.0,0.0,0.0,0.0,0.0,2.0
-0.8175,6.999984349945981,3.872384025826105e-06,0.9999955285612944,0.0,0.0,0.0,0.0,0.0,0.0,0.0,0.0,0.0,0.0,2.0
-0.8145,6.9999816605593175,4.5378346125759966e-06,0.9999947601671085,0.0,0.0,0.0,0.0,0.0,0.0,0.0,0.0,0.0,0.0,2.0
-0.8115,6.999978351552748,5.35660134657156e-06,0.9999938147395709,0.0,0.0,0.0,0.0,0.0,0.0,0.0,0.0,0.0,0.0,2.0
-0.8085,6.999974294641844,6.360426385069592e-06,0.9999926556264043,0.0,0.0,0.0,0.0,0.0,0.0,0.0,0.0,0.0,0.0,2.0
-0.8055,6.999969343167408,7.5855984557638025e-06,0.9999912409255841,0.0,0.0,0.0,0.0,0.0,0.0,0.0,0.0,0.0,0.0,2.0
-0.8025,6.999963330701979,9.073297659725938e-06,0.9999895230872636,0.0,0.0,0.0,0.0,0.0,0.0,0.0,0.0,0.0,0.0,2.0
-0.7995,6.999956069595445,1.0869955329649597e-05,0.9999874484983426,0.0,0.0,0.0,0.0,0.0,0.0,0.0,0.0,0.0,0.0,2.0
-0.7965,6.999947349396416,1.302764465383888e-05,0.9999849570315296,0.0,0.0,0.0,0.0,0.0,0.0,0.0,0.0,0.0,0.0,2.0
-0.7935,6.999936935012363,1.5604535899560406e-05,0.9999819815198696,0.0,0.0,0.0,0.0,0.0,0.0,0.0,0.0,0.0,0.0,2.0
-0.7905,6.999924564100046,1.866547133931378e-05,0.9999784471307794,0.0,0.0,0.0,0.0,0.0,0.0,0.0,0.0,0.0,0.0,2.0
-0.7875,6.999977176958153,2.148601602722447e-05,0.9999632860205964,0.0,0.0,0.0,0.0,0.0,0.0,0.0,0.0,0.0,0.0,2.0
-0.7845,6.9999734944904715,2.2636673156251967e-05,0.9999591632795227,0.0,0.0,0.0,0.0,0.0,0.0,0.0,0.0,0.0,0.0,2.0
-0.7815,6.99993654257664,2.456528065737629e-05,0.9999553900596367,2.4722433978930556e-05,-1.251159253821784e-05,2.537322043258969e-06,-4.9606325724103746e-08,0.0,0.0,0.0,0.0,0.0,0.0,6.0
-0.7785,6.9999170169933,2.8022751774569016e-05,0.9999502750305976,3.2476839552376166e-05,-1.3053212897527502e-05,2.6302757033519503e-06,-2.200305606802097e-07,0.0,0.0,0.0,0.0,0.0,0.0,6.0
-0.7755,6.999897506709874,3.225805956689487e-05,0.9999440773552957,4.018933872605411e-05,-1.3916127080732947e-05,2.81451699850214e-06,-3.512183330682823e-07,0.0,0.0,0.0,0.0,0.0,0.0,6.0
-0.7725,6.999877090366488,3.727879303221664e-05,0.9999367422554548,4.8134828361951316e-05,-1.5065092046946651e-05,3.0712046177910094e-06,-4.5726500313550923e-07,0.0,0.0,0.0,0.0,0.0,0.0,6.0
-0.7695,6.9998550138523905,4.3120534865849264e-05,0.9999281872147127,5.653820322290116e-05,-1.6479450063457886e-05,3.38836456711227e-06,-5.482518634598918e-07,0.0,0.0,0.0,0.0,0.0,0.0,6.0
-0.7665,6.999830630819501,4.9842428468386586e-05,0.9999183054592423,6.559113070225172e-05,-1.814998552912427e-05,3.758921907101825e-06,-6.31325486618364e-07,0.0,0.0,0.0,0.0,0.0,0.0,6.0
-0.7635,6.99980335833745,5.7524170074494933e-05,0.9999069677947214,7.546484833889611e-05,-2.0076452236177277e-05,4.179235775405967e-06,-7.115015765724386e-07,0.0,0.0,0.0,0.0,0.0,0.0,6.0
-0.7605,6.999772643218778,6.626413360342603e-05,0.9998940232768692,8.631991796885163e-05,-2.226569862535036e-05,4.648011424637012e-06,-7.922463201705674e-07,0.0,0.0,0.0,0.0,0.0,0.0,6.0
-0.7575,6.999737936279227,7.617841486144485e-05,0.9998792989960532,9.831365395689308e-05,-2.4730264572734366e-05,5.165490543480529e-06,-8.758856341982112e-07,0.0,0.0,0.0,0.0,0.0,0.0,6.0
-0.7545,6.999698672390269,8.740062601548536e-05,0.9998625991875228,0.00011160578167017878,-2.748733484054761e-05,5.732842977534797e-06,-9.638836258070837e-07,0.0,0.0,0.0,0.0,0.0,0.0,6.0
-0.7515,6.999654254592072,0.00010008229352652226,0.999843703827096,0.00012636275186158976,-3.0557936373858563e-05,6.351701206393172e-06,-1.057026535096183e-06,0.0,0.0,0.0,0.0,0.0,0.0,6.0
-0.7485,6.999604040891054,0.0001143937288895114,0.9998223668412283,0.00014276100941556242,-3.396627391261307e-05,7.023796940922853e-06,-1.1555442317729235e-06,0.0,0.0,0.0,0.0,0.0,0.0,6.0
-0.7455,6.999547332728255,0.0001305252589409786,0.999798314050143,0.0001609893904483209,-3.7739118089597866e-05,7.75067702744571e-06,-1.259196255494107e-06,0.0,0.0,0.0,0.0,0.0,0.0,6.0
-0.7425,6.999483364460675,0.0001486887191734587,0.9997712409657483,0.00018125072209243027,-4.1905190011766845e-05,8.53349076002905e-06,-1.3673432773528887e-06,0.0,0.0,0.0,0.0,0.0,0.0,6.0
-0.7395,6.999411293499751,0.00016911912465447917,0.9997408105695053,0.0002037626492756745,-4.649451843699791e-05,9.372849444623869e-06,-1.4790183764117308e-06,0.0,0.0,0.0,0.0,0.0,0.0,6.0
-0.7365,6.999330190960205,0.00019207643875659237,0.9997066511869537,0.00022875771965172656,-5.153777261682944e-05,1.0268760202760417e-05,-1.5930062414832913e-06,0.0,0.0,0.0,0.0,0.0,0.0,6.0
-0.7335,6.999239032778382,0.00021784736628531018,0.9996683545495492,0.000256482804388066,-5.706559143525174e-05,1.1220630976688658e-05,-1.7079326764455067e-06,0.0,0.0,0.0,0.0,0.0,0.0,6.0
-0.7305,6.999136691274788,0.00024674711226488295,0.9996254740943822,0.00028719798656828003,-6.31079363537259e-05,1.2227336066695541e-05,-1.822362077703729e-06,0.0,0.0,0.0,0.0,0.0,0.0,6.0
-0.7275,6.999021927089674,0.0002791210720837272,0.999577523509447,0.0003211750814055967,-6.969349320680848e-05,1.3287325144553547e-05,-1.9348974496992133e-06,0.0,0.0,0.0,0.0,0.0,0.0,6.0
-0.7245,6.998893381364279,0.00031534644427076404,0.9995239755002115,0.00035869595418921714,-7.684914115264886e-05,1.4398755646445647e-05,-2.044276051368189e-06,0.0,0.0,0.0,0.0,0.0,0.0,6.0
-0.7215,6.998749568051634,0.00035583376721897125,0.9994642607424887,0.0004000507910749935,-8.459950587557007e-05,1.5559627855038076e-05,-2.1494525903863754e-06,0.0,0.0,0.0,0.0,0.0,0.0,6.0
-0.7185,6.998588866405065,0.00040102835991647,0.999397766997308,0.00044553649083346975,-9.296662927969727e-05,1.6767900397767017e-05,-2.2496586473444034e-06,0.0,0.0,0.0,0.0,0.0,0.0,6.0
-0.7155,6.998409514037004,0.0004514115930524151,0.9993238383829808,0.0004954554091995177,-0.00010196982174914247,1.8021558041573e-05,-2.344420321866547e-06,0.0,0.0,0.0,0.0,0.0,0.0,6.0
-0.7125,6.998209601353549,0.0005075018569498297,0.9992417748047553,0.0005501147811903509,-0.00011162579780339781,1.9318594589696852e-05,-2.433508469668124e-06,0.0,0.0,0.0,0.0,0.0,0.0,6.0
-0.7095,6.997987068366242,0.0005698550806459824,0.9991508315105881,0.0006098271816590426,-0.00012194919105878927,2.0656869646188964e-05,-2.516795239834559e-06,0.0,0.0,0.0,0.0,0.0,0.0,6.0
-0.7065,6.997739704507712,0.000639064750238088,0.9990502186678542,0.0006749122304393983,-0.0001329534543072413,2.2033812391940534e-05,-2.594007238506905e-06,0.0,0.0,0.0,0.0,0.0,0.0,6.0
-0.7035,6.997465150970309,0.0007157615889940445,0.9989391007698408,0.0007456993258904415,-0.00014465196400816844,2.34459877634949e-05,-2.6644041219489495e-06,0.0,0.0,0.0,0.0,0.0,0.0,6.0
-0.7005,6.997160903566791,0.0008006133214200993,0.9988165956471998,0.0008225305857343454,-0.00015705892854536884,2.488860365506818e-05,-2.726461189206018e-06,0.0,0.0,0.0,0.0,0.0,0.0,6.0
-0.6975,6.996824313038333,0.0008943250849678255,0.9986817729484431,0.0009057626834641721,-0.00017018958312400728,2.63550929136219e-05,-2.7776679644084617e-06,0.0,0.0,0.0,0.0,0.0,0.0,6.0
-0.6945,6.996452580090904,0.000997640909046463,0.9985336521872196,0.000995766277579651,-0.00018405928242888218,2.783691080926166e-05,-2.8145399725685104e-06,0.0,0.0,0.0,0.0,0.0,0.0,6.0
-0.6915,6.996042744573041,0.0011113462199153845,0.9983712007589688,0.0010929224398064474,-0.00019868150276188904,2.9323623725686595e-05,-2.8328666064438984e-06,0.0,0.0,0.0,0.0,0.0,0.0,6.0
-0.6885,6.995591671263477,0.0012362707457744687,0.9981933325449404,0.0011976166691349407,-0.00021406527480560014,3.080324731776028e-05,-2.8281123321344423e-06,0.0,0.0,0.0,0.0,0.0,0.0,6.0
-0.6855,6.995096036953783,0.0013732908348959036,0.9979989076866862,0.001310232109997321,-0.00023021289094980613,3.2262683438220314e-05,-2.795810831227745e-06,0.0,0.0,0.0,0.0,0.0,0.0,6.0
-0.6825,6.994552323408301,0.0015233303243207775,0.9977867337906207,0.0014311438495543066,-0.0002471186370682064,3.368806939112756e-05,-2.731793513420874e-06,0.0,0.0,0.0,0.0,0.0,0.0,6.0
-0.6795,6.993956818380383,0.0016873596635859902,0.9975555683538095,0.0015607155008508795,-0.0002647688171161742,3.5064909062740796e-05,-2.632176592227559e-06,0.0,0.0,0.0,0.0,0.0,0.0,6.0
-0.6765,6.9933056237662825,0.001866393656841364,0.9973041218398248,0.0016992981534112207,-0.0002831427678972757,3.6377961330439726e-05,-2.4931408457201408e-06,0.0,0.0,0.0,0.0,0.0,0.0,6.0
-0.6735,6.992594668095502,0.0020614885483137336,0.9970310607550813,0.0018472309208756358,-0.00030221425289732686,3.761095214737447e-05,-2.3106082919167345e-06,0.0,0.0,0.0,0.0,0.0,0.0,6.0
-0.6705,6.991819701580991,0.002273737992358844,0.9967350122369799,0.0020048467649193056,-0.0003219529313694518,3.8745315980141855e-05,-2.0801962493771836e-06,0.0,0.0,0.0,0.0,0.0,0.0,6.0
-0.6675,6.991109391541504,0.0025064880348299712,0.996391431462803,0.002139297867450338,-0.00033890561506866274,4.258940373339257e-05,-1.87779917917126e-06,0.0,0.0,0.0,0.0,0.0,0.0,6.0
-0.6645,6.9906736660491235,0.0026166060848265994,0.996205893620422,0.0023195191698219698,-0.0003911661644685512,4.302202259874733e-05,8.959273719886034e-07,0.0,0.0,0.0,0.0,0.0,0.0,6.0
-0.6615,6.989091988568806,0.0030088206431915093,0.9957114601901528,0.002553911099955874,-0.0003910551987911522,4.196009772552526e-05,-5.219867491378321e-07,-4.3343702571507406e-07,3.2660870805831643e-07,0.0,0.0,0.0,0.0,8.0
-0.6585,6.988034428685275,0.00330105267757644,0.9953077689007562,0.00275184411554335,-0.00041378925139382353,4.3528973546785553e-05,-6.121312001262314e-08,-6.314914530455617e-07,3.03798288110338e-07,0.0,0.0,0.0,0.0,8.0
-0.6555,6.986886706345119,0.003616240523650565,0.994874018075559,0.002961460949431564,-0.00043711053247551306,4.485106111034497e-05,4.186053227306711e-07,-8.189828179462276e-07,2.9050133415038237e-07,0.0,0.0,0.0,0.0,8.0
-0.6525,6.9856443643223765,0.003955742436216885,0.9944085587110542,0.003182808059391565,-0.00046096572793743036,4.5950442069001094e-05,9.306580010721282e-07,-9.997895103251266e-07,2.8422435577545094e-07,0.0,0.0,0.0,0.0,8.0
-0.6495,6.984302764943822,0.004320936995602249,0.9939097235377929,0.0034159426189211833,-0.0004852837181796036,4.6840410526125395e-05,1.4840539739387265e-06,-1.1767300164267368e-06,2.831429762829632e-07,0.0,0.0,0.0,0.0,8.0
-0.6465,6.982857011184605,0.004713223896329748,0.9933758443049937,0.003660917117898689,-0.0005099876715405526,4.752555050370567e-05,2.0865318959691654e-06,-1.351709808067938e-06,2.856989104369274e-07,0.0,0.0,0.0,0.0,8.0
-0.6435,6.981301984844154,0.005134022061665251,0.9928052536923976,0.003917768888584761,-0.0005349931876231827,4.800325685715509e-05,2.7446259849351292e-06,-1.5258333873095424e-06,2.905317830137237e-07,0.0,0.0,0.0,0.0,8.0
-0.6405,6.9796323782927345,0.005584765288784119,0.9921962893888875,0.004186510994731562,-0.0005602064542345176,4.826513893627275e-05,3.4635828896266403e-06,-1.6995077615855324e-06,2.9645762437296624e-07,0.0,0.0,0.0,0.0,8.0
-0.6375,6.977842724220815,0.006066895643636312,0.9915472999885342,0.004467123824472562,-0.0005855227253940161,4.829851670215398e-05,4.247111063570831e-06,-1.872556827339518e-06,3.024829058535738e-07,0.0,0.0,0.0,0.0,8.0
-0.6345,6.975927428352332,0.006581855426526216,0.9908566524156879,0.004759546472798779,-0.0006108257159347722,4.8088188457632086e-05,5.097121427518907e-06,-2.0443618149511338e-06,3.0783164685463985e-07,0.0,0.0,0.0,0.0,8.0
-0.6315,6.973880808667438,0.007131078757515463,0.9901227405490696,0.005063667534739144,-0.0006359884416573928,4.761849789961569e-05,6.013618785308578e-06,-2.2140296321569504e-06,3.1196206352623204e-07,0.0,0.0,0.0,0.0,8.0
-0.6285,6.971697141399346,0.007715983609658131,0.9893439945513686,0.005379316008273433,-0.0006608756232924171,4.687551417860286e-05,6.994828706169145e-06,-2.380573568338551e-06,3.1455840070786146e-07,0.0,0.0,0.0,0.0,8.0
-0.6255,6.969370710523708,0.008337964675115925,0.9885188902342433,0.005706253895330276,-0.0006853472729209547,4.5848981860819475e-05,8.037545705085772e-06,-2.5430784477842205e-06,3.1549629891861205e-07,0.0,0.0,0.0,0.0,8.0
-0.6225,6.966895855662689,0.00899838709262365,0.9876459577290394,0.006044172173783617,-0.0007092627578781653,4.4533689752059195e-05,9.137617450587704e-06,-2.700821649474833e-06,3.147895857165469e-07,0.0,0.0,0.0,0.0,8.0
-0.6195,6.964267013966776,0.009698580949605223,0.9867237888771008,0.006392691035535692,-0.0007324846081889608,4.293005000656273e-05,1.0290457183287845e-05,-2.8533324184694413e-06,3.125301893363821e-07,0.0,0.0,0.0,0.0,8.0
-0.6165,6.961478753692,0.0104398365451364,0.9857510430842397,0.006751364102609615,-0.0007548815413473644,4.104389469874514e-05,1.1491490811130074e-05,-3.0003887548102456e-06,3.088324791360306e-07,0.0,0.0,0.0,0.0,8.0
-0.6135,6.958525799340652,0.011223400507377105,0.9847264517832632,0.007119685333157652,-0.0007763304725918735,3.888568974984949e-05,1.2736472925448819e-05,-3.1419666044807934e-06,3.0379140770243555e-07,0.0,0.0,0.0,0.0,8.0
-0.6105,6.9554030494108625,0.01205047287789318,0.9836488219604209,0.007497096884857848,-0.0007967175299058681,3.646947221718047e-05,1.4021633052206677e-05,-3.278165150535858e-06,2.974615641156609e-07,0.0,0.0,0.0,0.0,8.0
-0.6075,6.952105588023821,0.012922205165309529,0.9825170393162947,0.007882996378689052,-0.0008159382535420261,3.381181951727346e-05,1.5343640684478877e-05,-3.4091331544338006e-06,2.898609736984858e-07,0.0,0.0,0.0,0.0,8.0
-0.6045,6.948628691675173,0.01383969915570433,0.9813300715305735,0.008276742666569126,-0.0008338972553186912,3.093107259536181e-05,1.669941298682206e-05,-3.5350153439244614e-06,2.809980286213289e-07,0.0,0.0,0.0,0.0,8.0
-0.6015,6.944967832839059,0.01480400600502209,0.9800869718434603,0.008677660144016615,-0.000850507686468024,2.7846887607710853e-05,1.808583514088715e-05,-3.6559267738759706e-06,2.709123346433072e-07,0.0,0.0,0.0,0.0,8.0
-0.5985,6.941118683323157,0.015816124919965927,0.978786882844656,0.009085042610132075,-0.0008656909182006863,2.4580021066743106e-05,1.9499509005371327e-05,-3.7719498259504426e-06,2.5971263742691516e-07,0.0,0.0,0.0,0.0,8.0
-0.5955,6.937077121449952,0.016877000690506613,0.9774290400543825,0.009498158320369095,-0.0008793768178115453,2.1152116931555127e-05,2.093666628431e-05,-3.883137301168094e-06,2.475912710346291e-07,0.0,0.0,0.0,0.0,8.0
-0.5925,6.93283924698982,0.017987519614116664,0.9760127746552508,0.009916257795031958,-0.0008915048167055318,1.758522916309468e-05,2.2393349404360663e-05,-3.989501105522295e-06,2.3479891691787097e-07,0.0,0.0,0.0,0.0,8.0
-0.5895,6.928401405113494,0.019148504008897466,0.9745375146615161,0.010338584857175585,-0.0009020255797683676,1.3900932176860718e-05,2.386586407494517e-05,-4.090973375232111e-06,2.2157766115129251e-07,0.0,0.0,0.0,0.0,8.0
-0.5865,6.923760215567712,0.020360706396155056,0.9730027839802232,0.0107643894438539,-0.0009109026034017874,1.0119132387500545e-05,2.5351365317876222e-05,-4.187344933899329e-06,2.0807107310877026e-07,0.0,0.0,0.0,0.0,8.0
-0.5835,6.9189125979203885,0.021624805127201024,0.9714081992823786,0.011192938785085,-0.0009181127541891044,6.2569867573055685e-06,2.6848318865362887e-05,-4.2782070813822504e-06,1.9424807465212162e-07,0.0,0.0,0.0,0.0,8.0
-0.5805,6.913855781615626,0.022941403207357776,0.969753465295258,0.011623522833930124,-0.0009236449114706849,2.3284778037230242e-06,2.8356565275593472e-05,-4.362934054602348e-06,1.7988087781269412e-07,0.0,0.0,0.0,0.0,8.0
-0.5775,6.908587293563927,0.024311031043774464,0.9680383698001737,0.012055451322053365,-0.0009274966069479157,-1.6549613311401635e-06,2.987685250752402e-05,-4.440734209050764e-06,1.645991032859953e-07,0.0,0.0,0.0,0.0,8.0
-0.5745,6.903104925590625,0.025734152108760334,0.9662627799035399,0.012488043297495607,-0.0009296696007803809,-5.68282500998504e-06,3.140995420791227e-05,-4.510768129853583e-06,1.4800727251635525e-07,0.0,0.0,0.0,0.0,8.0
-0.5715,6.897406694552076,0.027211168966380286,0.9644266407607162,0.012920613796471355,-0.0009301661084164624,-9.743490162995663e-06,3.2955725000942736e-05,-4.572296178386255e-06,1.2981898473475394e-07,0.0,0.0,0.0,0.0,8.0
-0.5685,6.891490812666394,0.028742426776422345,0.9625299769195838,0.013352464079977326,-0.000928987327008935,-1.3822594553112825e-05,3.4512509680700935e-05,-4.624798582189399e-06,1.0994950089233027e-07,0.0,0.0,0.0,0.0,8.0
-0.5655,6.885355680726471,0.03032821265676952,0.9605728952645715,0.013782880259265483,-0.0009261349016032694,-1.7902504795034195e-05,3.607715829747391e-05,-4.668022473082541e-06,8.852876330755606e-08,0.0,0.0,0.0,0.0,8.0
-0.5625,6.878999904782548,0.031968751487688685,0.9585555878127824,0.014211140933897927,-0.0009216145583223778,-2.1962995859904066e-05,3.7645593169039694e-05,-4.701946757986325e-06,6.583789181929648e-08,0.0,0.0,0.0,0.0,8.0
-0.5595,6.872422325200719,0.03366420052232389,0.9564783327423458,0.01463653026240338,-0.000915440175578697,-2.5982695129339184e-05,3.921361732324705e-05,-4.726694315409215e-06,4.220820817004233e-08,0.0,0.0,0.0,0.0,8.0
-0.5565,6.865622042950208,0.03541464545475118,0.9543414929023274,0.015058351206054376,-0.0009076366273256909,-2.9940599065937557e-05,4.077760076625093e-05,-4.742437998887483e-06,1.793121838960102e-08,0.0,0.0,0.0,0.0,8.0
-0.5535,6.85859843846309,0.03722009943395012,0.9521455113637255,0.015475935024690652,-0.00089824009444886,-3.381713417315417e-05,4.2334742695313505e-05,-4.7493364326944624e-06,-6.780195335149264e-09,0.0,0.0,0.0,0.0,8.0
-0.5505,6.8513506914067905,0.039080500971392707,0.9498909702039587,0.01588865832882169,-0.000887344806114067,-3.7596186658050436e-05,4.389064624628591e-05,-4.747415276429798e-06,-3.267829884758421e-08,0.0,0.0,0.0,0.0,8.0
-0.5475,6.843900206450103,0.04099593923954189,0.9475756522912483,0.01629528890044764,-0.0008729524904691345,-4.1171810937128554e-05,4.512632026937552e-05,-4.740925476874268e-06,-2.2449480305152085e-08,0.0,0.0,0.0,0.0,8.0
-0.5445,6.83618937453097,0.04296607527257073,0.9452078024902214,0.016695717478759625,-0.0008606045716841695,-4.46367985049673e-05,4.687923895051057e-05,-4.727026879029762e-06,-7.400129879697733e-08,0.0,0.0,0.0,0.0,8.0
-0.5415,6.828246405284431,0.0449901552401257,0.9427844929686273,0.017090877391442875,-0.0008477589188738888,-4.8113852625023615e-05,4.8754314683702864e-05,-4.696054816676139e-06,-1.413638279901275e-07,0.0,0.0,0.0,0.0,8.0
-0.5385,6.820099060170553,0.047067970510956056,0.9403028821746604,0.017479988127791987,-0.0008319553442267721,-5.1531661298847305e-05,5.036967443320922e-05,-4.650014621976162e-06,-1.803744792827025e-07,0.0,0.0,0.0,0.0,8.0
-0.5355,6.811737833915682,0.04919942712156487,0.9377651092681839,0.01786180917281839,-0.0008142673327608502,-5.4806159942417814e-05,5.1879279071644926e-05,-4.594017013946841e-06,-2.0912710500574267e-07,0.0,0.0,0.0,0.0,8.0
-0.5325,6.803159169631365,0.051384199462272996,0.9351726539157743,0.018235650899559044,-0.0007952310035139075,-5.790805839033911e-05,5.335343242072926e-05,-4.529625456430763e-06,-2.358659586691634e-07,0.0,0.0,0.0,0.0,8.0
-0.5295,6.7943635471532975,0.0536218559835643,0.9325265456941,0.018601032633521333,-0.0007750151295225818,-6.082485460227405e-05,5.4805516535268145e-05,-4.4572672259947865e-06,-2.6217779124948494e-07,0.0,0.0,0.0,0.0,8.0
-0.5265,6.785352417691968,0.055911910313391926,0.9298277550410828,0.018957540577610853,-0.0007537135442618087,-6.354819881485811e-05,5.623705272668212e-05,-4.377174807451122e-06,-2.8825987145916637e-07,0.0,0.0,0.0,0.0,8.0
-0.5235,6.776127516724736,0.058253832237008474,0.9270772779043671,0.019304802688161853,-0.0007314102987106496,-6.607186564186776e-05,5.764781460993396e-05,-4.289547006668566e-06,-3.1410184451232365e-07,0.0,0.0,0.0,0.0,8.0
-0.5205,6.766690764006857,0.060647051472112766,0.9242761435847526,0.019642485064018424,-0.0007081879657563974,-6.839143562978108e-05,5.9037199401388383e-05,-4.194571804204076e-06,-3.3964801212348935e-07,0.0,0.0,0.0,0.0,8.0
-0.5175,6.757044246520724,0.06309096073615247,0.9214254118783313,0.019970290411799235,-0.0006841280537723173,-7.050410924219586e-05,6.040438801920282e-05,-4.092435402844051e-06,-3.648184880276161e-07,0.0,0.0,0.0,0.0,8.0
-0.5145,6.747190211012534,0.06558491901561223,0.9185261694252986,0.020287956070141413,-0.0006593108615401299,-7.240846984799596e-05,6.174842015546156e-05,-3.9833329174783605e-06,-3.895202375797525e-07,0.0,0.0,0.0,0.0,8.0
-0.5115,6.737131058077369,0.0681282550824367,0.9155795264111448,0.020595251595076185,-0.000633815539994495,-7.41042144585593e-05,6.306829448245272e-05,-3.867480044631712e-06,-4.136604540380215e-07,0.0,0.0,0.0,0.0,8.0
-0.5085,6.7268693357027605,0.07072027100595667,0.9125866137070793,0.02089197647072028,-0.0006077202747717717,-7.559192472387557e-05,6.43630696000386e-05,-3.7451213488665535e-06,-4.371589914999932e-07,0.0,0.0,0.0,0.0,8.0
-0.5055,6.716407730318586,0.07336024527564049,0.9095485803151677,0.021177958595000608,-0.0005811023543930879,-7.6872952790025e-05,6.563192177379811e-05,-3.6165307611139413e-06,-4.599545554973606e-07,0.0,0.0,0.0,0.0,8.0
-0.5025,6.705749054243175,0.07604743523835066,0.9064665908887918,0.021453053857842904,-0.0005540379286690274,-7.79494487065228e-05,6.68741312786841e-05,-3.4820030082952636e-06,-4.820016880597469e-07,0.0,0.0,0.0,0.0,8.0
-0.49950000000000006,6.694896230090791,0.07878107882289037,0.9033418231187147,0.02171714656462948,-0.0005266014216302203,-7.882448519222142e-05,6.808900385501211e-05,-3.3418391516697377e-06,-5.032600487604715e-07,0.0,0.0,0.0,0.0,8.0
-0.49649999999999994,6.683852274212744,0.08156039581304345,0.9001754648970653,0.021970150004391953,-0.0004988647437368587,-7.950218565867868e-05,6.927576558041832e-05,-3.196332397138791e-06,-5.23681251495784e-07,0.0,0.0,0.0,0.0,8.0
-0.49350000000000005,6.672620281680922,0.08438458907122369,0.896968711329067,0.02221200638474324,-0.0004708965453929414,-7.998776190886348e-05,7.043347989539852e-05,-3.0457600675435718e-06,-5.431993725089746e-07,0.0,0.0,0.0,0.0,8.0
-0.49049999999999994,6.661203414522871,0.08725284604694451,0.8937227617748004,0.022442685668393598,-0.00044276172470218304,-8.028741496886091e-05,7.156102100431492e-05,-2.890384468244866e-06,-5.617290028548987e-07,0.0,0.0,0.0,0.0,8.0
-0.48750000000000004,6.649604893460048,0.09016434069417294,0.8904388171244135,0.022662183337113357,-0.0004145212814493184,-8.040811555883386e-05,7.26571096966869e-05,-2.730461350061414e-06,-5.79171006451258e-07,0.0,0.0,0.0,0.0,8.0
-0.48449999999999993,6.637827992121782,0.09311823569925473,0.8871180774469329,0.02287051750670802,-0.00038623247279032563,-8.03573257471143e-05,7.372039230139306e-05,-2.5662519254078717e-06,-5.954230813316187e-07,0.0,0.0,0.0,0.0,8.0
-0.48150000000000004,6.625876032165582,0.09611368479204366,0.8837617400501462,0.023067725957151425,-0.0003579491397184455,-8.014273311807029e-05,7.474953211512122e-05,-2.3980339351139523e-06,-6.103910883041526e-07,0.0,0.0,0.0,0.0,8.0
-0.4784999999999999,6.613752377979618,0.09914983490883164,0.8803709978983049,0.023253863529998472,-0.0003297220604501724,-7.977204803798558e-05,7.574328643257091e-05,-2.226108702303289e-06,-6.239978827382277e-07,0.0,0.0,0.0,0.0,8.0
-0.47550000000000003,6.601460430340455,0.10222582806126357,0.8769470382880206,0.02342900010221156,-0.0003015992301657861,-7.925288126474897e-05,7.670055495184787e-05,-2.0508032576041007e-06,-6.361881411207057e-07,0.0,0.0,0.0,0.0,8.0
-0.4724999999999999,6.589003619120652,0.10534080287788758,0.8734910416853325,0.02359321911301711,-0.0002736260301534951,-7.859269122405585e-05,7.762039865961912e-05,-1.8724683434051773e-06,-6.469293554293792e-07,0.0,0.0,0.0,0.0,8.0
-0.46950000000000003,6.576385395596999,0.10849389587282005,0.870004180662449,0.023746616485975987,-0.00024584530206659875,-7.779877710957248e-05,7.850203683500063e-05,-1.6914738590081124e-06,-6.56210137328049e-07,0.0,0.0,0.0,0.0,8.0
-0.4664999999999999,6.563609225026683,0.11168424253655715,0.8664876189171814,0.023889299765938555,-0.0002182973695917663,-7.687829496387539e-05,7.934483221396681e-05,-1.5082031831968003e-06,-6.64037147102367e-07,0.0,0.0,0.0,0.0,8.0
-0.4635,6.55067858001905,0.1149109783405529,0.8629425103913746,0.024021387342338198,-0.00019102005095479268,-7.583828251474738e-05,8.014827235689323e-05,-1.3230472506117348e-06,-6.704316252819434e-07,0.0,0.0,0.0,0.0,8.0
-0.4604999999999999,6.537596934975837,0.11817323971648172,0.859369998516224,0.02414300770375154,-0.00016404869076138264,-7.46856875073081e-05,8.091195161710749e-05,-1.136398721958437e-06,-6.75426032414877e-07,0.0,0.0,0.0,0.0,8.0
-0.4575,6.524367761622331,0.12147016503147304,0.8557712156024064,0.024254298724055694,-0.00013741621974789527,-7.34273991176883e-05,8.16355550045021e-05,-9.486463318245478e-07,-6.790609562172588e-07,0.0,0.0,0.0,0.0,8.0
-0.4544999999999999,6.510994525473831,0.12480089554581443,0.8521472823694396,0.02435540700176375,-0.00011115323446395564,-7.207028202378066e-05,8.231884364222579e-05,-7.6016953371512e-07,-6.813823093611772e-07,0.0,0.0,0.0,0.0,8.0
-0.4515,6.497480682995387,0.1281645763173785,0.8484993075831061,0.024446487265668483,-8.528808001493081e-05,-7.062120980572047e-05,8.296164132371898e-05,-5.713337403769986e-07,-6.824388625279874e-07,0.0,0.0,0.0,0.0,8.0
-0.4484999999999999,6.483829679207992,0.1315603570098366,0.8448283877525353,0.02452770183695425,-5.984691836156708e-05,-6.908709139751644e-05,8.356382223083295e-05,-3.8248659347652227e-07,-6.822802278524601e-07,0.0,0.0,0.0,0.0,8.0
-0.4455,6.470044945546655,0.13498739256815614,0.8411356068356163,0.024599220116426606,-3.485377039235461e-05,-6.747488346189305e-05,8.412530046863378e-05,-1.9395566989412383e-07,-6.809554368691187e-07,0.0,0.0,0.0,0.0,8.0
-0.4424999999999999,6.456129897857731,0.13844484374080315,0.8374220359129859,0.024661218055760718,-1.0330528840749454e-05,-6.579158348084209e-05,8.464602226972406e-05,-6.0478283059996225e-09,-6.785122072815388e-07,0.0,0.0,0.0,0.0,8.0
-0.4395,6.4420879345085975,0.14193187744790967,0.8336887328121246,0.024713877576259185,1.37030522083307e-05,-6.404420229269671e-05,8.512596143002092e-05,1.8094990473808356e-07,-6.749968808184446e-07,0.0,0.0,0.0,0.0,8.0
-0.4365000000000001,6.427922434636468,0.14544766701272788,0.8299367416886904,0.0247573859141159,3.7229378345711686e-05,-6.223971926907765e-05,8.55651180939664e-05,3.6676830254793283e-07,-6.704549040398709e-07,0.0,0.0,0.0,0.0,8.0
-0.4335,6.413636757010197,0.1489913922892218,0.8261670925411235,0.0247919348821731,6.023306195227716e-05,-6.038502546566207e-05,8.596351617489753e-05,5.511532884288355e-07,-6.649312015593075e-07,0.0,0.0,0.0,0.0,8.0
-0.4305000000000001,6.399234231660384,0.1525622396539254,0.8223808016655109,0.024817720225421933,8.270040132149592e-05,-5.84868880259719e-05,8.632127718621944e-05,7.338640929654346e-07,-6.584782538455192e-07,0.0,0.0,0.0,0.0,8.0
-0.4275,6.384718236442392,0.1561594026504302,0.8185788618743788,0.024834939268077085,0.00010462492163892549,-5.6551647187542796e-05,8.663787976406287e-05,9.146639681275661e-07,-6.510806103570076e-07,0.0,0.0,0.0,0.0,8.0
-0.4245000000000001,6.370091972685324,0.1597820813196327,0.8147622693986738,0.024843791770871256,0.00012599145188417035,-5.458563888599621e-05,8.691426034591936e-05,1.0933261683965103e-06,-6.428694251496879e-07,0.0,0.0,0.0,0.0,8.0
-0.4215,6.355358576576613,0.16342947962598586,0.8109320103394742,0.024844484829868535,0.0001467837569541582,-5.25955541327594e-05,8.715182206473714e-05,1.2696616298175098e-06,-6.340207964710804e-07,0.0,0.0,0.0,0.0,8.0
-0.4185000000000001,6.340521324728416,0.16710080692229315,0.8070890351811407,0.024837228688374225,0.00016699898349016855,-5.058778978029138e-05,8.735053083544415e-05,1.443501800299739e-06,-6.245627519807865e-07,0.0,0.0,0.0,0.0,8.0
-0.4155,6.325583589923554,0.17079528126813368,0.8032342640208153,0.024822228370032232,0.00018664442638650181,-4.856778169781626e-05,8.750930983616357e-05,1.614663081169232e-06,-6.144157471190601e-07,0.0,0.0,0.0,0.0,8.0
-0.4125000000000001,6.310548698543111,0.17451213029565438,0.7993686044937363,0.024799680906352664,0.00020572735865714763,-4.654003399248297e-05,8.762733051090626e-05,1.7829397511086578e-06,-6.035222326767945e-07,0.0,0.0,0.0,0.0,8.0
-0.4095,6.295419872588759,0.1782505898319695,0.7954929596101376,0.024769777789340863,0.00022425091591869885,-4.4508509762858066e-05,8.770451408648624e-05,1.9481204854883976e-06,-5.918955744073817e-07,0.0,0.0,0.0,0.0,8.0
-0.4065000000000001,6.280200252037303,0.18200990232945327,0.7916082256351388,0.024732707946635537,0.00024221564798367905,-4.247693000484995e-05,8.774130437240337e-05,2.110005025301116e-06,-5.79596102980109e-07,0.0,0.0,0.0,0.0,8.0
-0.40349999999999997,6.264892931674564,0.1857893160336962,0.7877152880547033,0.024688659015361953,0.00025962201608699414,-4.044887575101151e-05,8.773832727050129e-05,2.2684114263050944e-06,-5.666966784413044e-07,0.0,0.0,0.0,0.0,8.0
-0.4005000000000001,6.249500981408852,0.18958808471626007,0.7838150195432992,0.02463781725522459,0.00027647166169085996,-3.842778142026765e-05,8.769621476540321e-05,2.42317645857783e-06,-5.532652636213687e-07,0.0,0.0,0.0,0.0,8.0
-0.39749999999999996,6.234027451719083,0.19340546758087035,0.779908279805733,0.024580366995294266,0.00029276760426856567,-3.6416904867294556e-05,8.761556899532713e-05,2.574153673297898e-06,-5.39361653855592e-07,0.0,0.0,0.0,0.0,8.0
-0.3945000000000001,6.218475373309026,0.19724072913071292,0.7759959161960781,0.02451649011466688,0.0003085140303650241,-3.4419307756684554e-05,8.749697914563078e-05,2.7212114686827848e-06,-5.250394729968803e-07,0.0,0.0,0.0,0.0,8.0
-0.39149999999999996,6.202847756310728,0.20109313894820272,0.7720787644477397,0.024446365676569663,0.0003237160541605716,-3.243784922759358e-05,8.734104192155163e-05,2.8642316903225302e-06,-5.103485002355801e-07,0.0,0.0,0.0,0.0,8.0
-0.38850000000000007,6.187147590525509,0.20496197140206465,0.7681576493185088,0.024370169682933547,0.0003383795511702264,-3.0475187776533315e-05,8.714837268713128e-05,3.0031086488219736e-06,-4.953360527636003e-07,0.0,0.0,0.0,0.0,8.0
-0.38549999999999995,6.171377846580629,0.208846505303412,0.7642333851556827,0.024288074897685644,0.0003525110536283886,-2.85337872053631e-05,8.691960885318895e-05,3.137748375654197e-06,-4.800475862069522e-07,0.0,0.0,0.0,0.0,8.0
-0.38250000000000006,6.155541477604916,0.21274602352410715,0.76030677642346,0.02420025070590916,0.0003661176787743556,-2.6615924554347634e-05,8.665540924527576e-05,3.268068015021329e-06,-4.645268804907096e-07,0.0,0.0,0.0,0.0,8.0
-0.37949999999999995,6.139641421149536,0.21665981258324982,0.7563786182217069,0.024106862993572373,0.0003792070714300531,-2.4723699118052336e-05,8.635645188195187e-05,3.3939953074716924e-06,-4.488160482034942e-07,0.0,0.0,0.0,0.0,8.0
-0.37650000000000006,6.123680601217389,0.22058716220371044,0.7524496968093776,0.024008074042021904,0.0003917873526937868,-2.285904204527135e-05,8.60234313116783e-05,3.5154681448678828e-06,-4.3295547674808185e-07,0.0,0.0,0.0,0.0,8.0
-0.37349999999999994,6.107661930342513,0.22452736483904048,0.7485207901369134,0.02390404243533478,0.0004038670722914117,-2.1023726083271597e-05,8.565705597973354e-05,3.6324341829723865e-06,-4.1698374957306074e-07,0.0,0.0,0.0,0.0,8.0
-0.37050000000000005,6.0915883116963325,0.22847971517063448,0.7445926683880891,0.02379492297975688,0.0004154551644719915,-1.9219375010408323e-05,8.525804582255719e-05,3.744850499882161e-06,-4.0093756474509967e-07,0.0,0.0,0.0,0.0,8.0
-0.36749999999999994,6.0754626412125745,0.2324435095750476,0.7406660945304329,0.02368086663442036,0.0004265609079843116,-1.744747232221393e-05,8.482713019013384e-05,3.852683289930038e-06,-3.848516593666371e-07,0.0,0.0,0.0,0.0,8.0
-0.36450000000000005,6.059287809729752,0.23641804556161455,0.736741824873063,0.02356202045209199,0.00043719389058964007,-1.5709368824004007e-05,8.436504615559337e-05,3.9559075834090184e-06,-3.687587448230699e-07,0.0,0.0,0.0,0.0,8.0
-0.36149999999999993,6.04306670515444,0.2404026211808569,0.7328206096309324,0.023438527528217196,0.0004473639782030836,-1.4006288929222438e-05,8.387253723733234e-05,4.0545069814733175e-06,-3.5268945641942467e-07,0.0,0.0,0.0,0.0,8.0
-0.35850000000000004,6.026802214651616,0.24439653440455741,0.7289031934948609,0.023310526956178333,0.000457081288321131,-1.2339335642647808e-05,8.335035252039988e-05,4.148473392627996e-06,-3.366723203440212e-07,0.0,0.0,0.0,0.0,8.0
-0.3554999999999999,6.010497226870886,0.2483990824787669,0.7249903162072177,0.023178153786577654,0.00046635616700934924,-1.0709494390287444e-05,8.279924612228331e-05,4.2378067532814146e-06,-3.2073374049324306e-07,0.0,0.0,0.0,0.0,8.0
-0.35250000000000004,5.994154634219325,0.252409561251359,0.7210827131436762,0.023041538988507953,0.0004751991684499564,-9.117636012433397e-06,8.22199769124047e-05,4.32251471173279e-06,-3.0489800724863753e-07,0.0,0.0,0.0,0.0,8.0
-0.3494999999999999,5.977777335192772,0.25642726447601505,0.7171811159020024,0.022900809411178964,0.00048362103592538,-7.564519339032941e-06,8.161330837220968e-05,4.402612254616363e-06,-2.8918732945860906e-07,0.0,0.0,0.0,0.0,8.0
-0.34650000000000003,5.961368236778084,0.2604514830946737,0.7132862528992951,0.022756087744864532,0.0004916326831537127,-6.050793802479872e-06,8.098000847917717e-05,4.478121258491134e-06,-2.7362188947477987e-07,0.0,0.0,0.0,0.0,8.0
-0.3434999999999999,5.944930256938604,0.26448150450049973,0.7093988499794427,0.022607492480837064,0.0004992451750734637,-4.577002509871763e-06,8.0320849514554e-05,4.549069956947754e-06,-2.58219919164878e-07,0.0,0.0,0.0,0.0,8.0
-0.3405,5.928466327194224,0.2685166117833015,0.7055196310327343,0.02245513787068601,0.0005064697074609403,-3.143586106414303e-06,7.963660772797508e-05,4.615492324165089e-06,-2.4299779267038817e-07,0.0,0.0,0.0,0.0,8.0
-0.3374999999999999,5.911979395306017,0.2725560829590681,0.7016493186295439,0.02229913388607294,0.0005133175851132968,-1.7508876332175434e-06,7.892806283377357e-05,4.677427387079524e-06,-2.2797012957583826e-07,0.0,0.0,0.0,0.0,8.0
-0.3345,5.895472428073458,0.27659919018492496,0.6977886346698184,0.022139586180487662,0.0005198001986739916,-3.991584416043298e-07,7.819599735627802e-05,4.734918487780524e-06,-2.131499006700319e-07,0.0,0.0,0.0,0.0,8.0
-0.3314999999999999,5.878948414250029,0.2806451989603589,0.6939383010497178,0.021976596054883564,0.000525929000476237,9.114349037110193e-07,7.744119587548138e-05,4.7880125233542516e-06,-1.9854852784577173e-07,0.0,0.0,0.0,0.0,8.0
-0.3285,5.86241036758067,0.28469336731507416,0.6900990403462669,0.0218102604291628,0.0005317154799888604,2.1808029004380154e-06,7.666444424526835e-05,4.8367591909610575e-06,-1.841759701010222e-07,0.0,0.0,0.0,0.0,8.0
-0.3254999999999999,5.845861329962191,0.28874294498337333,0.6862715765202689,0.02164067182135907,0.0005371711395535622,3.408924792755596e-06,7.586652886172385e-05,4.8812102615191675e-06,-1.700407889713296e-07,0.0,0.0,0.0,0.0,8.0
-0.3225,5.829304374725683,0.29279317256453824,0.6824566356371022,0.021467918336064984,0.0005423074710970524,4.5958399147077035e-06,7.504823605124926e-05,4.921418897025486e-06,-1.5615018879766154e-07,0.0,0.0,0.0,0.0,8.0
-0.3194999999999999,5.8127426100381125,0.2968432806683734,0.6786549466043883,0.02129208366323492,0.0005471359344054067,5.741638933330442e-06,7.421035163152966e-05,4.957439016123996e-06,-1.4251002962082398e-07,0.0,0.0,0.0,0.0,8.0
-0.3165,5.796179182418867,0.3008924890448887,0.6748672419249294,0.021113247088027844,0.0005516679373865867,6.846455199756636e-06,7.335366067838017e-05,4.9893247020430435e-06,-1.2912481277415311e-07,0.0,0.0,0.0,0.0,8.0
-0.3134999999999999,5.779617280365889,0.30494000569705965,0.671094258462803,0.020931483511913613,0.000555914818551918,7.910456374287582e-06,7.24789475132761e-05,5.017129638209173e-06,-1.1599764107770977e-07,0.0,0.0,0.0,0.0,8.0
-0.3105,5.763060138084486,0.30898502597571814,0.667336738220139,0.020746863484921434,0.0005598878317119245,8.933836446941598e-06,7.158699591727611e-05,5.040906550917925e-06,-1.0313015702747208e-07,0.0,0.0,0.0,0.0,8.0
-0.3075000000000001,5.746511039315249,0.3130267316559069,0.6635954291213207,0.020559453248645318,0.000563598132883821,9.916808244135226e-06,7.067858955110116e-05,5.060706635620791e-06,-9.052246113584745e-08,0.0,0.0,0.0,0.0,8.0
-0.3045,5.729973321247537,0.31706428999443786,0.6598710858020567,0.02036931478955632,0.0005670567688310155,1.0859596471578335e-05,6.975451260670477e-05,5.0765789436007244e-06,-7.817301614559738e-08,0.0,0.0,0.0,0.0,8.0
-0.3015000000000001,5.713450378480631,0.3210968527684567,0.656164470403133,0.020176505902987682,0.000570274665414251,1.1762431238657768e-05,6.881555084275964e-05,5.088569710573715e-06,-6.607855217329102e-08,0.0,0.0,0.0,0.0,8.0
-0.2985,5.696945667011429,0.3251235552948335,0.6524763533664455,0.01998108026930896,0.0005732626146679828,1.2625541940609939e-05,6.786249308161124e-05,5.096721615450954e-06,-5.423397969982303e-08,0.0,0.0,0.0,0.0,8.0
-0.2955000000000001,5.680462708303644,0.3291435154315943,0.6488075142219947,0.01978308754296767,0.0005760312630544179,1.3449151532121868e-05,6.689613287544947e-05,5.101072957864971e-06,-4.2632284971490534e-08,0.0,0.0,0.0,0.0,8.0
-0.2925,5.664005093536817,0.333155832565708,0.6451587423491753,0.019582573451710866,0.0005785911053723152,1.4233471536953812e-05,6.591726983728957e-05,5.101656735253959e-06,-3.126436393568674e-08,0.0,0.0,0.0,0.0,8.0
-0.2895000000000001,5.647576488056643,0.3371595865941735,0.6415308377038624,0.01937957990089667,0.0005809524852566363,1.4978698236272955e-05,6.492671050234655e-05,5.098499595289789e-06,-2.0118780564247758e-08,0.0,0.0,0.0,0.0,8.0
-0.2865,5.631180635900074,0.34115383690501644,0.6379246115190411,0.019174145080258654,0.0005831255965050308,1.5685010138432848e-05,6.392526928364156e-05,5.091620648359408e-06,-9.181491126914339e-09,0.0,0.0,0.0,0.0,8.0
-0.2835000000000001,5.614821364187596,0.345137621361816,0.6343408869952881,0.01896630357721507,0.0005851204760344733,1.635256627239473e-05,6.291377044341603e-05,5.081030144210527e-06,1.5643971400801066e-09,0.0,0.0,0.0,0.0,8.0
-0.28049999999999997,5.598502587234757,0.3491099552925952,0.6307804999898493,0.01875608650708174,0.000586946982295474,1.6981504504262855e-05,6.189305169390233e-05,5.066728031713338e-06,1.213879155178781e-08,0.0,0.0,0.0,0.0,8.0
-0.2775000000000001,5.582228310380083,0.3530698304839489,0.6272442996955495,0.01854352167207735,0.0005886147596552768,1.7571939187936167e-05,6.0863969362053324e-05,5.048702419381857e-06,2.256471781458605e-08,0.0,0.0,0.0,0.0,8.0
-0.27449999999999997,5.566002633644925,0.3570162141843834,0.6237331492862416,0.01832863375743416,0.0005901331944202496,1.812395790565329e-05,5.982740453423364e-05,5.026927937944394e-06,3.286841740014262e-08,0.0,0.0,0.0,0.0,8.0
-0.2715000000000001,5.549829755365516,0.3609480481251613,0.6202479265017086,0.01811144456722741,0.0005915113689414325,1.8637617530624253e-05,5.878426952227657e-05,5.001363984891437e-06,4.30794986504492e-08,0.0,0.0,0.0,0.0,8.0
-0.26849999999999996,5.533713975880294,0.3648642475704372,0.6167895241506985,0.017891973298091383,0.0005927580174299329,1.9112940130099762e-05,5.773551427017652e-05,4.97195281416093e-06,5.323117940244886e-08,0.0,0.0,0.0,0.0,8.0
-0.26550000000000007,5.517659701271558,0.3687637004101274,0.6133588505197966,0.017670236847396912,0.0005938814833180845,1.95499092889667e-05,5.668213268122119e-05,4.938617425169246e-06,6.336063130180617e-08,0.0,0.0,0.0,0.0,8.0
-0.26249999999999996,5.501671447097258,0.37264526630906875,0.6099568296826459,0.017446250153273408,0.0005948896753418822,1.9948467374368627e-05,5.5625169077594465e-05,4.901259201646231e-06,7.350941971535932e-08,0.0,0.0,0.0,0.0,8.0
-0.25950000000000006,5.485753842022583,0.37650777592545204,0.6065844017066263,0.0172200265656615,0.0005957900186033102,2.0308514210431474e-05,5.456572505146939e-05,4.85975524740094e-06,8.372403220527302e-08,0.0,0.0,0.0,0.0,8.0
-0.25649999999999995,5.4699116312625335,0.3803500302111029,0.6032425227534562,0.016991578249093774,0.0005965893971765296,2.0629907673364823e-05,5.350496688354534e-05,4.813955359480397e-06,9.405649807579724e-08,0.0,0.0,0.0,0.0,8.0
-0.25350000000000006,5.454149679756128,0.3841707998064543,0.5999321650683692,0.016760916618432743,0.0005972940855058736,2.091246688054289e-05,5.244413357502562e-05,4.763678567409159e-06,1.0456511485117302e-07,0.0,0.0,0.0,0.0,8.0
-0.25049999999999994,5.43847297499472,0.38796882454427456,0.5966543168511301,0.016528052808176853,0.0005979096663222597,2.1155978929721972e-05,5.138454541626847e-05,4.7087091500111985e-06,1.1531531053072141e-07,0.0,0.0,0.0,0.0,8.0
-0.24750000000000005,5.422886629410791,0.3917428130786826,0.5934099820020068,0.016292998174116124,0.0005984409328880289,2.1360210546497892e-05,5.032761291140362e-05,4.648792018595671e-06,1.2638068235334362e-07,0.0,0.0,0.0,0.0,8.0
-0.24449999999999994,5.407395882193462,0.3954914426601951,0.5902001797371019,0.016055764822809855,0.0005988917731736702,2.152492654344913e-05,4.92748457733016e-05,4.583627326112552e-06,1.3784426531312337e-07,0.0,0.0,0.0,0.0,8.0
-0.24150000000000005,5.392006100325278,0.3992133590844597,0.5870259440703294,0.015816366158767553,0.0005992650333104518,2.16499177521472e-05,4.8227861559252534e-05,4.512864123634704e-06,1.4980009993362583e-07,0.0,0.0,0.0,0.0,8.0
-0.23849999999999993,5.376722778517719,0.40290717685344246,0.5838883231643737,0.015574817429781526,0.000599562357601685,2.1735042191249864e-05,4.7188393285542624e-05,4.436092832882009e-06,1.6235519291676767e-07,0.0,0.0,0.0,0.0,8.0
-0.23550000000000004,5.3615515375372516,0.40657147960538964,0.5807883785616259,0.015331136235006437,0.000599784002748654,2.178028490224877e-05,4.615829497418326e-05,4.352836227346108e-06,1.7563200176446092e-07,0.0,0.0,0.0,0.0,8.0
-0.23249999999999993,5.346498120122299,0.41020482089707344,0.5777271843210425,0.015085342934134603,0.0005999286249576731,2.1785844471828053e-05,4.513954345918947e-05,4.262538500106304e-06,1.8977163311351076e-07,0.0,0.0,0.0,0.0,8.0
-0.22950000000000004,5.331568383238004,0.41380572546313266,0.5747058261125987,0.014837460853552113,0.0005999930404184783,2.175225830174321e-05,4.4134233787919845e-05,4.164551821064843e-06,2.049380356246018e-07,0.0,0.0,0.0,0.0,8.0
-0.22649999999999992,5.316768284715664,0.4173726911392267,0.5717254003644593,0.014587516118271898,0.0005999719624361464,2.1680584975756185e-05,4.3144564016423666e-05,4.058119516641246e-06,2.2132360809877557e-07,0.0,0.0,0.0,0.0,8.0
-0.22350000000000003,5.302103861248994,0.42090419172809157,0.5687870136293831,0.014335536834472619,0.0005998577224771391,2.1572671772712198e-05,4.2172802853945837e-05,3.942354592354515e-06,2.3915685584404954e-07,0.0,0.0,0.0,0.0,8.0
-0.22049999999999992,5.287581193068201,0.42439868122665736,0.5658917824510261,0.014081551187938707,0.0005996399880712891,2.1431550235125094e-05,4.12212300546104e-05,3.816211691119069e-06,2.5871304931474735e-07,0.0,0.0,0.0,0.0,8.0
-0.21750000000000003,5.27320634805446,0.42785460004658027,0.5630408341892543,0.013825583778260103,0.0005993054992624382,2.1262025477126926e-05,4.0292034011918193e-05,3.678449626051727e-06,2.8032932697817627e-07,0.0,0.0,0.0,0.0,8.0
-0.2144999999999999,5.258985294032109,0.43127038420084063,0.5602353095388902,0.013567649125517561,0.0005988378603166354,2.107156014662229e-05,3.93871425229135e-05,3.527580164697711e-06,3.044264377678293e-07,0.0,0.0,0.0,0.0,8.0
-0.21150000000000002,5.244923761530904,0.43464447898524544,0.5574763679006508,0.013307740675842944,0.0005982174510250814,2.0871609297219338e-05,3.8507949150106766e-05,3.361796468427643e-06,3.3154050516073175e-07,0.0,0.0,0.0,0.0,8.0
-0.2084999999999999,5.23102702886078,0.43797535960568784,0.5547651974235202,0.013045812644692742,0.000597421572864021,2.0679650548994397e-05,3.765487571559093e-05,3.178871005393274e-06,3.6237009044881834e-07,0.0,0.0,0.0,0.0,8.0
-0.20550000000000002,5.21729958436067,0.4412615627230896,0.5521030325816338,0.012781750434581768,0.0005964250346370717,2.052229488480768e-05,3.6826676126067375e-05,2.9760070664187193e-06,3.978468620795683e-07,0.0,0.0,0.0,0.0,8.0
-0.2024999999999999,5.203744593314405,0.44450173534982784,0.5494911838190341,0.01251532279233064,0.0005952015284900105,2.0440087592230453e-05,3.601933057050301e-05,2.7496190227531864e-06,4.392429621290827e-07,0.0,0.0,0.0,0.0,8.0
-0.1995,5.190363053374483,0.44769471144391115,0.5469310864789833,0.012246104794852062,0.0005937263748475062,2.049496249849978e-05,3.522429116974061e-05,2.4950023331401845e-06,4.883356346481932e-07,0.0,0.0,0.0,0.0,8.0
-0.1964999999999999,5.177152452612883,0.4508396328024952,0.5444243805257241,0.011973354250380838,0.0005919815845897613,2.07818744037328e-05,3.4425700240267216e-05,2.2058319222426966e-06,5.476615376510716e-07,0.0,0.0,0.0,0.0,8.0
-0.1935,5.164104618444509,0.4539361418493773,0.5419730408140062,0.011695812491946159,0.0005899642745867212,2.1447173914736985e-05,3.359604298504889e-05,1.8733835662112085e-06,6.209062932424892e-07,0.0,0.0,0.0,0.0,8.0
-0.1904999999999999,5.151200574598166,0.4569844684898751,0.5395796812651296,0.011411747274068372,0.0005877458271998537,2.2675729305016263e-05,3.267689164221463e-05,1.4867156452173357e-06,7.144579458874148e-07,0.0,0.0,0.0,0.0,8.0
-0.1875,5.140816100137002,0.46007824543083015,0.5369839694876994,0.010844897915398789,0.0005778074232359111,3.397949796179645e-05,3.1249386725128956e-05,8.22573142375636e-07,8.9308969702227e-07,0.0,0.0,0.0,0.0,8.0
-0.1845000000000001,5.138957505711049,0.46069554053300277,0.5361128467640713,0.011005774856905607,0.00046287186008760607,1.9555344866190413e-05,3.5565379020734146e-05,9.57056783240839e-07,7.580026431763905e-07,0.0,0.0,0.0,0.0,8.0
-0.1815,5.116029893303399,0.465680773345372,0.5325055058633933,0.010740638033855344,0.0006382090402760302,8.822161040152111e-06,2.620852512241734e-05,1.8466972668663204e-06,1.2265686685856452e-06,-1.2329768821925633e-07,1.1014780665876031e-08,0.0,0.0,10.0
-0.1785000000000001,5.103826374109373,0.4685251554004081,0.5303416410619525,0.010428105587627008,0.0006271285469308093,1.0560513754207695e-05,2.658625904403003e-05,1.4311443809439591e-06,1.2312159725517957e-06,-1.371311243142271e-07,1.7745158533107345e-08,0.0,0.0,10.0
-0.1755,5.09192167395962,0.47130205532415803,0.5282331178496834,0.010123343212052114,0.0006179157673793486,1.1646572771189974e-05,2.679716961424948e-05,1.0230010433991821e-06,1.259868383726551e-06,-1.5361192065699577e-07,2.3747805715126574e-08,0.0,0.0,10.0
-0.1725000000000001,5.080305410522472,0.4740118196023577,0.5261814037089033,0.009824437340323218,0.0006100694902057188,1.2254369145515382e-05,2.689032314667183e-05,6.133111939010488e-07,1.3094391315703906e-06,-1.7277804661397736e-07,2.9290405320543452e-08,0.0,0.0,10.0
-0.16949999999999998,5.068970802416252,0.47665455753855374,0.5241874698544385,0.009530238562260384,0.0006031899820595787,1.249254553197189e-05,2.691099247494837e-05,1.9493407137828442e-07,1.3774943700202738e-06,-1.9468616218972972e-07,3.459052288909081e-08,0.0,0.0,10.0
-0.1665000000000001,5.057913377308261,0.4792301839059937,0.5222520858748374,0.009239939964466183,0.0005969653522120853,1.2444037481358373e-05,2.6894388147923196e-05,-2.3799210641200095e-07,1.4624356686631753e-06,-2.1945041701842098e-07,3.982533282869403e-08,0.0,0.0,10.0
-0.16349999999999998,5.047130303141013,0.4817384980968265,0.5203758375873713,0.008952997490043394,0.0005911521518666886,1.2172280324304085e-05,2.6867932548242046e-05,-6.903659319984014e-07,1.5633189963235797e-06,-2.4723631663921856e-07,4.514277079525652e-08,0.0,0.0,10.0
-0.1605000000000001,5.036619864902544,0.4841792470622677,0.5185591403296247,0.008669067699477295,0.0005855609016351284,1.1725927445905673e-05,2.6852960961386965e-05,-1.1663548129420558e-06,1.679718472845835e-06,-2.7825699667816847e-07,5.0670144200848184e-08,0.0,0.0,10.0
-0.15749999999999997,5.02638104556518,0.48655217598993294,0.5168022498895259,0.008387957953113341,0.0005800452868907841,1.1142520670556416e-05,2.686597899779017e-05,-1.669568369616226e-06,1.811625153676238e-06,-3.1277127543459194e-07,5.652078180750224e-08,0.0,0.0,10.0
-0.15450000000000008,5.0164131863456864,0.4888570691271673,0.515105272408305,0.008109585870843478,0.0005744941237989528,1.0451377946243516e-05,2.6919579614560067e-05,-2.2031870970010114e-06,1.959372482816755e-06,-3.51083146750122e-07,6.27992235398054e-08,0.0,0.0,10.0
-0.15149999999999997,5.006715707712174,0.4910937826161806,0.5134681741957889,0.007833945690127467,0.0005688254397406094,9.675898870522466e-06,2.7023095586654564e-05,-2.7700565357887435e-06,2.123582219524018e-06,-3.935424726462421e-07,6.96053257901529e-08,0.0,0.0,10.0
-0.14850000000000008,4.997287875987961,0.49326227084044627,0.5118907921776303,0.007561079735687821,0.0005629821665670342,8.835436535656731e-06,2.718304560766234e-05,-3.372754266379629e-06,2.305126034982718e-06,-4.40546718361082e-07,7.703757618006812e-08,0.0,0.0,10.0
-0.14549999999999996,4.9881286026588105,0.4953626075433986,0.51037284550238,0.00729105367228909,0.0005569290685613962,7.946841953521845e-06,2.7403418970696503e-05,-4.0136345771040796e-06,2.505098986583302e-06,-4.925436444448737e-07,8.519585365690371e-08,0.0,0.0,10.0
-0.14250000000000007,4.979236265390052,0.49739500284136123,0.5089139486257281,0.0070239345444777345,0.0005506506424901746,7.025754439269905e-06,2.7685832261190384e-05,-4.6948536598574085e-06,2.724801914913218e-06,-5.500349309175807e-07,9.418382364697001e-08,0.0,0.0,10.0
-0.13949999999999996,4.970608541395565,0.49935981718090533,0.5075136259929681,0.006759770822269173,0.0005441498324735769,6.08768772636811e-06,2.802958128013557e-05,-5.418376678158428e-06,2.965730523489086e-06,-6.135807570240689e-07,1.041111201128829e-07,0.0,0.0,10.0
-0.13650000000000007,4.962242245051063,0.5012575732485877,0.5061713283102102,0.006498573788430916,0.0005374474874161291,5.1489466496177946e-06,2.843160289014675e-05,-6.185967025390903e-06,3.229569494325207e-06,-6.838053969201248e-07,1.1509543590222326e-07,0.0,0.0,10.0
-0.13349999999999995,4.954133162487867,0.503088966794159,0.5048864503571765,0.0062402996503250945,0.0005305825473274536,4.227401501813505e-06,2.8886354849645443e-05,-6.999157480079375e-06,3.5181904662218066e-06,-7.614039178711403e-07,1.2726461902674355e-07,0.0,0.0,10.0
-0.13050000000000006,4.946275876453146,0.5048548772578855,0.5036583503397949,0.005984831771533878,0.000523612978570401,3.3431441752765224e-06,2.9385616844496953e-05,-7.85920262730534e-06,3.8336530640208e-06,-8.471500868344246e-07,1.4075885491946538e-07,0.0,0.0,10.0
-0.12749999999999995,4.938663575144423,0.5065563789997345,0.5024863708681419,0.005731962430512178,0.0005166174949033334,2.519048309955405e-06,2.9918212552278953e-05,-8.767011607181678e-06,4.178208411002574e-06,-9.419056103978188e-07,1.5573300385846045e-07,0.0,0.0,10.0
-0.12450000000000006,4.93128783919786,0.5081947538278955,0.5013698617148971,0.005481373558166019,0.0005096981130843993,1.7812500999328454e-06,3.046965042005229e-05,-9.723059628268956e-06,4.5543046544888955e-06,-1.0466308619919432e-06,1.72359160970817e-07,0.0,0.0,10.0
-0.12149999999999994,4.924138401804831,0.5097715054246136,0.5003082044970325,0.005232616016164076,0.0005029836116453757,1.1595514739668137e-06,3.102167979729703e-05,-1.0727275328967867e-05,4.964593932828445e-06,-1.1623973014549492e-06,1.9082951756009762e-07,0.0,0.0,10.0
-0.11850000000000005,4.917202878659312,0.5112883761333362,0.4993008392715339,0.0049850871956378055,0.0004966339989960913,6.877165947574441e-07,3.155175937553029e-05,-1.1778898532095597e-05,5.411939831522966e-06,-1.2904018786147981e-06,2.1135963227972728e-07,0.0,0.0,10.0
-0.11549999999999994,4.910466468474404,0.5127473662710853,0.49834729269331707,0.004738007122316272,0.0004908461540241283,4.035776794581586e-07,3.20324375353915e-05,-1.287629871846324e-05,5.899423595830571e-06,-1.4319838480596524e-06,2.341922760822827e-07,0.0,0.0,10.0
-0.11250000000000004,4.903911633997953,0.514150755364346,0.49744720677508836,0.004490394027755394,0.0004858608680161804,3.4877259726560086e-07,3.243065181592251e-05,-1.4016737919287003e-05,6.430345958304025e-06,-1.5886446242494726e-06,2.5960210807720276e-07,0.0,0.0,10.0
-0.10949999999999993,4.897517793375504,0.515501122902115,0.49660036622724946,0.004241041882729154,0.00048197156590143914,5.677734368298183e-07,3.2706973252346236e-05,-1.5196051211954963e-05,7.0082189108012985e-06,-1.7620716095741232e-06,2.8790159616034624e-07,0.0,0.0,10.0
-0.10650000000000004,4.891261093077058,0.5168013623136236,0.49580672035084133,0.003988505531488379,0.0004795349800229596,1.1055619233471163e-06,3.281486332240212e-05,-1.6408200168300717e-05,7.636737017311534e-06,-1.954167416756149e-06,3.194488747121651e-07,0.0,0.0,10.0
-0.10349999999999993,4.885114417370671,0.5180546739783228,0.49506639134528085,0.0037311055664216246,0.0004789839445217503,2.002709179489239e-06,3.270010240980718e-05,-1.7644621652221293e-05,8.319708579955535e-06,-2.1670867782105593e-06,3.546587610472429e-07,0.0,0.0,10.0
-0.10050000000000003,4.879047957509431,0.5192645073916153,0.4943796521326832,0.0034669785469059787,0.000480842214335031,3.2853930161478636e-06,3.230074160262288e-05,-1.8893229332789348e-05,9.060908167307337e-06,-2.4032851248010447e-06,3.940192106783363e-07,0.0,0.0,10.0
-0.09749999999999992,4.8730310024019445,0.5204343914643305,0.49374683808480235,0.003194225997840162,0.0004857406942672894,4.94534587396052e-06,3.154833208635984e-05,-2.013679252235588e-05,9.863773346619983e-06,-2.6655862445535996e-06,4.3811766100760513e-07,0.0,0.0,10.0
-0.09450000000000003,4.867036298512021,0.5215675294673423,0.4931681175331401,0.002911272949352541,0.000494433496613961,6.899457244254253e-06,3.0372018373840714e-05,-2.1350143345486486e-05,1.0730788726288192e-05,-2.957283472739854e-06,4.876861856727398e-07,0.0,0.0,10.0
-0.09149999999999991,4.861049721143087,0.5226659088842311,0.49264296377639166,0.0026176641334389266,0.0005078104312631832,8.907906761360665e-06,2.8708785544062494e-05,-2.2495101708208384e-05,1.1662236933000254e-05,-3.2823032434304875e-06,5.436835458211012e-07,0.0,0.0,10.0
-0.08850000000000002,4.855090829331255,0.5237284211085552,0.49216900267433594,0.002315764116362711,0.000526899118502005,1.0407620293280596e-05,2.652660013598535e-05,-2.3510866971911054e-05,1.2653664560931706e-05,-3.645488808870256e-06,6.074507711349822e-07,0.0,0.0,10.0
-0.08549999999999991,4.8492555986389885,0.5247469713964883,0.4917395675590472,0.002014306915551483,0.0005528436225887374,1.0173378184109661e-05,2.3874084227166148e-05,-2.4295335058924904e-05,1.3690746796241228e-05,-4.053119484470795e-06,6.810139072332175e-07,0.0,0.0,10.0
-0.08250000000000002,4.843804187120896,0.5256985248109982,0.49133860258490275,0.0017357012985224414,0.0005868355208700089,5.630088567007526e-06,2.0984025903474994e-05,-2.4668242919545507e-05,1.4738918377400732e-05,-4.513893710880187e-06,7.67680362418863e-07,0.0,0.0,10.0
-0.0794999999999999,4.839340094386002,0.5265289503841651,0.4909301625717838,0.001530927168377245,0.0006299575642278691,-8.536745931451011e-06,1.8484765689816382e-05,-2.42980425705188e-05,1.5722567364496892e-05,-5.040823595925074e-06,8.732159057275336e-07,0.0,0.0,10.0
-0.07650000000000001,4.837175409620888,0.5271203445956931,0.49043692924309146,0.001509735902658161,0.0006828991370044224,-4.317172978297098e-05,1.782407601544561e-05,-2.2556915789931907e-05,1.6483736837367418e-05,-5.654907186567684e-06,1.0081497615059945e-06,0.0,0.0,10.0
-0.0734999999999999,4.840077222134217,0.5272253554141844,0.48969637481169725,0.0019015340358503304,0.0007456526598363151,-0.00012019158501864921,2.2096070595901862e-05,-1.823605434963678e-05,1.6702042812954205e-05,-6.392202797401012e-06,1.1921816595653134e-06,0.0,0.0,10.0
-0.07050000000000001,4.853806340768231,0.5263366450523173,0.488370548492154,0.0031774221332390887,0.0008185027151599131,-0.00028342281054788643,3.7525574750771774e-05,-8.99503075407231e-06,1.5750872775903347e-05,-7.317348114610459e-06,1.4619236216506085e-06,0.0,0.0,10.0
-0.0674999999999999,4.876161975948897,0.5238852772793291,0.4872830570037168,0.00568622831966958,0.0003817154935887621,-0.0005504391699407243,0.0001259606669641265,4.3794183618904e-06,8.595733193664637e-06,-8.309454412353685e-06,2.1056861682198387e-06,0.0,0.0,10.0
-0.0645,4.8756096947960605,0.5240575533338352,0.4870098202067953,0.005646904371352525,0.00032781806115918325,-0.0005590276166266638,0.0001404557596075674,1.7547824569348394e-06,7.946437885549775e-06,-8.493200028257872e-06,2.3766046237914402e-06,0.0,0.0,10.0
-0.06150000000000011,4.811887009558892,0.5316853358309007,0.4885722757638431,-0.0001306117490865138,0.0003558744221418761,9.439480452835166e-06,0.00010624425124151013,-4.7566802948666024e-05,1.4614873718057423e-05,-6.105668921138477e-06,2.1312901855725834e-06,-2.4797543795345707e-07,6.02469052917822e-08,12.0
-0.058499999999999996,4.8102813183410085,0.5319585267579783,0.4883783648043166,-6.0149883365387e-05,0.00040574417143545235,-2.225906948142921e-05,0.00010549617511470875,-4.9100212878691916e-05,1.6318726264139013e-05,-6.572615787616272e-06,2.236807412130083e-06,-2.834847186001507e-07,6.331775734577466e-08,12.0
-0.055500000000000105,4.808219904031324,0.5322736981593104,0.48821639861573063,-4.018255418269049e-05,0.00045108620139990165,-5.0723029924846755e-05,0.00010601848386219802,-5.097219922715817e-05,1.802516825878848e-05,-7.0694124076792665e-06,2.35610421216152e-06,-3.209711406003348e-07,6.668500968670742e-08,12.0
-0.05249999999999999,4.805798454420355,0.5326177034639475,0.48808503689485483,-5.938745200792707e-05,0.0004934105779281528,-7.707175108731117e-05,0.00010768963041835816,-5.3131198957272075e-05,1.974608140142362e-05,-7.59965641660672e-06,2.489538901751209e-06,-3.605750349635681e-07,7.037374382011882e-08,12.0
-0.0495000000000001,4.803064139432874,0.5329830582758024,0.48798452990991414,-0.00011145620729102772,0.0005339601280030879,-0.00010193826429432743,0.00011038948038068809,-5.5557911433966606e-05,2.149536042645364e-05,-8.165663576015336e-06,2.6373268844701336e-06,-4.0249043836206916e-07,7.442215567478453e-08,12.0
-0.046499999999999986,4.800051056269985,0.5333640679422972,0.4879152017997279,-0.00019143597976139333,0.0005738085280518829,-0.00012585868004204136,0.00011402564439988285,-5.823854197693212e-05,2.328507953986193e-05,-8.769684706937385e-06,2.7998268819050347e-06,-4.4692786350304156e-07,7.886663868320022e-08,12.0
-0.043500000000000094,4.7967832473641225,0.5337565042703267,0.4878774058166091,-0.00029550709743148695,0.0006139135293613117,-0.0001492920529359072,0.00011852785682538701,-6.116387219220545e-05,2.5125938539606598e-05,-9.413942637927499e-06,2.9775195501619877e-06,-4.941144466224653e-07,8.374307524261507e-08,12.0
-0.04049999999999998,4.793276434695689,0.5341573374055448,0.48787156078277427,-0.0004207991157133564,0.000655142365468361,-0.00017263712131331688,0.00012384497548092947,-6.432852498460232e-05,2.702752882610051e-05,-1.0100658393926465e-05,3.1709944316827154e-06,-5.442941096771238e-07,8.908763340488506e-08,12.0
-0.03750000000000009,4.7895391283247895,0.5345645086496319,0.48789820926320926,-0.0005652313416145611,0.0006982863938206794,-0.00019624688541520187,0.00012994315874717736,-6.773036371793562e-05,2.899851251574298e-05,-1.0832069648100755e-05,3.380940760574465e-06,-5.97727747674726e-07,9.493731358697423e-08,12.0
-0.034499999999999975,4.785573509858317,0.5349767397809241,0.4879580637390825,-0.0007273751583451972,0.0007440746294789143,-0.00022044123822133582,0.00013680439690081134,-7.137000503177841e-05,3.104676773484937e-05,-1.161044308134318e-05,3.6081397328024e-06,-6.546935046735961e-07,1.0133039551275073e-07,12.0
-0.031500000000000083,4.7813762277620455,0.5353933776192701,0.48805203316134177,-0.0009063393550531707,0.000793188717439629,-0.0002455175937246737,0.0001444251388217916,-7.525044156395489e-05,3.317951786582161e-05,-1.2438081230874114e-05,3.853457426635922e-06,-7.154871761309369e-07,1.0830684520377244e-07,12.0
-0.02849999999999997,4.776939103995399,0.5358142717499979,0.4881812355641227,-0.0011016788313619498,0.0008462783504906658,-0.0002717595024279654,0.00015281503259745413,-7.937677024137061e-05,3.540344523387235e-05,-1.3317324004881853e-05,4.117838246338896e-06,-7.804227304487451e-07,1.1590869152500504e-07,12.0
-0.025500000000000078,4.77224971426325,0.5362396817261388,0.4883470054856572,-0.0013133251225068566,0.0009039753679872067,-0.00029944335125858395,0.0001619958590916251,-8.37560179760456e-05,3.7724786016409397e-05,-1.4250544939847537e-05,4.402298848429794e-06,-8.498329104246826e-07,1.2418036516113043e-07,12.0
-0.022499999999999964,4.767291813139486,0.5366702090890374,0.48855090332758444,-0.0015415358464761332,0.0009669052176398123,-0.0003288433102777669,0.00017200070509138042,-8.83970552052019e-05,4.0149405252346395e-05,-1.5240142243655785e-05,4.707922364931305e-06,-9.240698581565985e-07,1.331689922285666e-07,12.0
-0.019500000000000073,4.7620455933931805,0.5371067493770932,0.4887947312916629,-0.001786859701879858,0.0010356951001002897,-0.00036023469924423957,0.00018287337773635474,-9.331058897666083e-05,4.268285368098268e-05,-1.6288524602372956e-05,5.03585257924392e-06,-1.0035056964987357e-06,1.4292463705890352e-07,12.0
-0.01649999999999996,4.756487781508396,0.5375504596832438,0.48908055864767713,-0.0020501137857448968,0.0011109785673841868,-0.000393895924396132,0.00019466803293983952,-9.850922963374819e-05,4.533040991492152e-05,-1.7398091630180662e-05,5.3872876049097595e-06,-1.0885329892528425e-06,1.5350048859791515e-07,12.0
-0.013500000000000068,4.750591577707505,0.538002738002976,0.4894107578894935,-0.002332370445737338,0.0011933966091191284,-0.00043010910135061076,0.0002074489760938135,-0.00010400762715634545,4.809711215004406e-05,-1.8571208747434268e-05,5.7634725580557735e-06,-1.1795649881708886e-06,1.6495298191490844e-07,12.0
-0.010499999999999954,4.744326452131966,0.5384652113913913,0.48978805249386514,-0.0026349514190424964,0.00128359543269206,-0.00046915944740615485,0.00022129058492891505,-0.00010982267397437165,5.098778371806771e-05,-1.98101762186069e-05,6.165690680496721e-06,-1.2770355578292407e-06,1.7734184173851588e-07,12.0
-0.007500000000000062,4.737657811940315,0.5389397306735516,0.49021557626636275,-0.002959427500233634,0.0013822212840965303,-0.000511333503984547,0.0002362772970567292,-0.00011597377008979628,5.400705657491734e-05,-2.111719209501925e-05,6.595252354077834e-06,-1.3813986504984052e-06,1.907300296399251e-07,12.0
-0.0044999999999999485,4.73054655797212,0.5394283700212278,0.4906969435682856,-0.0033076223306908684,0.0014899127741409468,-0.0005569162420562176,0.0002525035978547691,-0.0001224831434474038,5.715939633362089e-05,-2.2494308897110695e-05,7.053481448971828e-06,-1.4931271829955588e-06,2.0518357076364578e-07,12.0
-0.0015000000000000568,4.722948554308398,0.5399334300763703,0.49123632906528625,-0.0036816190764017366,0.0016072912634054679,-0.0006061871102677342,0.0002700739384637286,-0.0001293762138904854,6.044913171183102e-05,-2.3943384033974093e-05,7.54169847012998e-06,-1.6127111470090418e-06,2.2077123008338976e-07,12.0
0.0015000000000000568,4.714814039762722,0.5404574434472367,0.4918385549913437,-0.004083768753093325,0.0017349499230111362,-0.0006594151054229035,0.0002891025086500661,-0.0001366819831563636,6.388049035876269e-05,-2.5466024184272897e-05,8.061200005081535e-06,-1.7406547650014495e-06,2.3756400257367737e-07,12.0
0.0044999999999999485,4.706087018427367,0.5410031812529187,0.49250918317446607,-0.004516698724114419,0.0018734421416228512,-0.0007168529812493472,0.00030971278522810223,-0.00014443342643410525,6.745764201402948e-05,-2.7063524150855726e-05,8.613234034369287e-06,-1.8774724876469064e-06,2.556343771872677e-07,12.0
0.007500000000000062,4.696704678628529,0.541573658867338,0.49325460807396776,-0.004983319382186885,0.0020232700108924005,-0.0007787307714272829,0.0003320367744606117,-0.00015266785304409732,7.11847488177146e-05,-2.873680106015535e-05,9.198970752007998e-06,-2.023683619081732e-06,2.7505533208932225e-07,12.0
0.010499999999999954,4.686596905683634,0.5421721382375555,0.49408214576550846,-0.005486826324956378,0.002184873709147856,-0.0008452488844648751,0.0003562138668966995,-0.00016142719539869653,7.506602138802272e-05,-3.0486325206415073e-05,9.819468669019628e-06,-2.1798053587814963e-06,2.958990198160807e-07,12.0
0.013500000000000068,4.675685970284699,0.5428021234668335,0.4950001123055331,-0.006030694721344915,0.002358622716516995,-0.0009165711141924824,0.0003823892259561145,-0.000170758178048246,7.91057781500893e-05,-3.231204931565429e-05,1.047563594880863e-05,-2.3463440714582768e-06,3.182351079163746e-07,12.0
0.01649999999999996,4.663886487028183,0.543467346012963,0.4960178834888348,-0.006618662260956883,0.002544809897783196,-0.0009928179858299387,0.0004107116401897623,-0.00018071231367744817,8.330850431440565e-05,-3.4213338490897555e-05,1.1168187162005924e-05,-2.523784645438966e-06,3.4212875443422386e-07,12.0
0.019500000000000073,4.6511057431528275,0.5441717359236212,0.49714592700381427,-0.007254697156821812,0.0027436495229827625,-0.0010740609178958719,0.0004413307882541022,-0.0001913456712331193,8.767890567857399e-05,-3.618890356111681e-05,1.1897595962039599e-05,-2.7125778785988473e-06,3.676382183225997e-07,12.0
0.022499999999999964,4.63724449166098,0.5449193761574531,0.4983957977544247,-0.007942948266509745,0.002955280208304654,-0.0011603177090655152,0.00047439389743666197,-0.00020271836429205288,9.222195108241765e-05,-3.8236740927512484e-05,1.2664044565252719e-05,-2.913125939979936e-06,3.9481213209301685e-07,12.0
0.025500000000000078,4.62219828192138,0.5457144383317188,0.4997800880182667,-0.008687675627123808,0.003179773507774567,-0.0012515498357690198,0.0005100418208707432,-0.00021489371684323298,9.694289606531602e-05,-4.0354082194540637e-05,1.3467371344801946e-05,-3.1257660913573993e-06,4.236864961884692e-07,12.0
0.02849999999999997,4.605859364148501,0.5465611000286023,0.501312326357921,-0.009493161467624557,0.003417148437258276,-0.0013476619631181028,0.0005484046142764345,-0.0002279370793300707,0.00010184727916074265,-4.253735680710943e-05,1.430701827555315e-05,-3.3507530054984868e-06,4.5428148820319395e-07,12.0
0.031500000000000083,4.588119153771575,0.5474634458603469,0.5030068228004454,-0.010363603896002084,0.003667391575625142,-0.001448503924989991,0.0005895967554670061,-0.00024191428985949185,0.00010694088154124104,-4.478217052029074e-05,1.5181980341543813e-05,-3.5882401709021477e-06,4.865982105886642e-07,12.0
0.034499999999999975,4.568871182721139,0.5484253565267151,0.5048784624771924,-0.011302997675726494,0.003930481619547277,-0.001553875226447908,0.0006337122114702416,-0.00025688980250030785,0.00011222964063275595,-4.708330177492465e-05,1.609075927707438e-05,-3.838261006879398e-06,5.206155226694297e-07,12.0
0.03750000000000009,4.548014404576241,0.5494503917908082,0.5069424551284782,-0.012315008476391186,0.004206416475281072,-0.001663531881324501,0.0006808196090458224,-0.00027292453398274286,0.00011771950909074722,-4.9434716972215276e-05,1.703132410249152e-05,-4.100710408636473e-06,5.562871120522851e-07,12.0
0.04049999999999998,4.525456668103097,0.5505416744192614,0.5092140528797447,-0.013402848397126771,0.00449524029700711,-0.0017771951467279474,0.0007309577939883256,-0.0002900735084449867,0.00012341625237346547,-5.182960433133605e-05,1.8001080801347485e-05,-4.3753274850074885e-06,5.935389541919214e-07,12.0
0.043500000000000094,4.501118137397652,0.5517017825669867,0.5117082526831452,-0.014569161190996141,0.004797067478379288,-0.0018945614862942836,0.0007841320639330036,-0.00030838340345100846,0.0001293251811644227,-5.4260424632961286e-05,1.8996853161611903e-05,-4.6616802356377796e-06,6.322672872565396e-07,12.0
0.046499999999999986,4.474934423271312,0.5529326578118149,0.5144395020944966,-0.01581592533736817,0.005112100589298768,-0.002015312918971226,0.0008403113241391803,-0.000327890115919529,0.0001354508189893672,-5.671897588811996e-05,2.0014876298672696e-05,-4.959152843430646e-06,6.723371958343342e-07,12.0
0.0495000000000001,4.446859203389861,0.5542355350798656,0.5174214271802423,-0.017144381888251802,0.005440639669928628,-0.0021391268218217117,0.0008994263483978297,-0.00034861647128992744,0.00014179651017314776,-5.919646801185333e-05,2.1050803750873423e-05,-5.266936143796631e-06,7.135818570136857e-07,12.0
0.05249999999999999,4.416866147684587,0.5556108991115722,0.5206665992432827,-0.018554991944164753,0.00578308110620347,-0.002265684276070456,0.0009613692370005377,-0.00037057019209878905,0.00014836397819886969,-6.168360306650002e-05,2.2099728366262553e-05,-5.5840216916418335e-06,7.55802462537001e-07,12.0
0.055500000000000105,4.384950025858705,0.5570584700477718,0.5241863530400243,-0.020047425937287165,0.006139905391206913,-0.0023946761789415964,0.0010259940643482209,-0.0003937422240158169,0.00015515284891865584,-6.417065663272832e-05,2.3156216560017674e-05,-5.909199698487937e-06,7.987687972154135e-07,12.0
0.058499999999999996,4.351126946729845,0.5585772183977781,0.5279906638967453,-0.021620583988396107,0.006511654245426361,-0.0025258065707692875,0.0010931186153446352,-0.00041810549110419675,0.0001621601563760295,-6.664755633572513e-05,2.4214354978238006e-05,-6.241060971440049e-06,8.422204308381535e-07,12.0
0.06150000000000011,4.315433754076813,0.5601654073555505,0.5320880854761157,-0.02327264388181773,0.006898898632385335,-0.0026587929104258706,0.001162527035431527,-0.00044361412171234533,0.00016937985088117942,-6.910395438435971e-05,2.526780819262567e-05,-6.578002862875986e-06,8.858684696964031e-07,12.0
0.0645,4.277926670388252,0.5618206584076014,0.5364857447412823,-0.025001131042698972,0.007302200001805508,-0.0027933633269443072,0.001233973172692678,-0.000470203156325955,0.00017680232931597796,-7.152929200998473e-05,2.6309885782058276e-05,-6.918239137917331e-06,9.293978128204329e-07,12.0
0.0674999999999999,4.238679330563188,0.5635400346313015,0.541189386575021,-0.026803003556953375,0.00772206752459383,-0.002929251138080744,0.0013071843746217586,-0.00049778872261645,0.00018441400656558994,-7.391285475360521e-05,2.7333617019999083e-05,-7.259813584092645e-06,9.724698633098079e-07,12.0
0.07050000000000001,4.197780377804311,0.5653201351519749,0.5462034578983657,-0.02867474484460638,0.00815891413885556,-0.003066187125267339,0.0013818655138659697,-0.0005262686432365248,0.0001921969448088493,-7.624381851679855e-05,2.833183135847388e-05,-7.6006171202365e-06,1.0147256523957781e-06,12.0
0.0734999999999999,4.15533080303654,0.5671571939688342,0.5515312200442968,-0.03061245702541735,0.008613013963219826,-0.0032038901730016417,0.0014577030493201583,-0.0005555234295413484,0.00020012855459351485,-7.851128709268389e-05,2.929724295559044e-05,-7.938408106540374e-06,1.0557893396683857e-06,12.0
0.07650000000000001,4.111441199690245,0.5690471767517583,0.5571748783684488,-0.03261194912577395,0.009084463159719659,-0.003342056919741425,0.0015343689722983422,-0.0005854176089243709,0.00020818137863203712,-8.070432251564416e-05,3.0222537614051536e-05,-8.270835514187298e-06,1.0952720555334244e-06,12.0
0.0794999999999999,4.066229082139358,0.5709858701684671,0.5631357192622112,-0.03466881583082806,0.009573145764799595,-0.003480351039542807,0.0016115245334121307,-0.0006158013335606285,0.00021632296647198742,-8.28119700372179e-05,3.1100460667213127e-05,-8.595464583002057e-06,1.1327760516293694e-06,12.0
0.08250000000000002,4.0198163838098315,0.5729689596935841,0.5694142464801027,-0.03677850424131314,0.01007870546050542,-0.003618392697789063,0.0016888236873876523,-0.0006465122224307932,0.00022451584589688124,-8.482327988380236e-05,3.192390455245078e-05,-8.909804581747986e-06,1.1678991231472194e-06,12.0
0.08549999999999991,3.972327215255267,0.5749920934941085,0.5760103106526479,-0.03893636781927368,0.010600523799496402,-0.003755748621265436,0.001765916226366919,-0.0006773773948800142,0.00023271759518220952,-8.672732819590228e-05,3.268599503111904e-05,-9.211338288871979e-06,1.2002392654737974e-06,12.0
0.08850000000000002,3.923885928191118,0.5770509316195231,0.5829232277455558,-0.04113770816594428,0.01113770505273444,-0.0038919231156746546,0.001842450596649279,-0.0007082156607921913,0.000240881018972451,-8.851323968238586e-05,3.338017522978348e-05,-9.49755282763251e-06,1.2293995269758599e-06,12.0
0.09149999999999991,3.8746155027481497,0.579141181019901,0.5901518838148719,-0.04337780622073302,0.011689067602514312,-0.004026350279244025,0.0019180764118756917,-0.0007388398374919137,0.000248954429050193,-9.017021453521288e-05,3.400028687274099e-05,-9.765971509184564e-06,1.2549930189570692e-06,12.0
0.09450000000000003,3.824636254807767,0.5812586175854909,0.5976948245107743,-0.045651944711816744,0.012253141621253382,-0.0041583876250846745,0.00199244669151333,-0.0007690591644723976,0.0002568820290033563,-9.168756205031657e-05,3.454064824845553e-05,-1.0014186348972856e-05,1.2766480406565147e-06,12.0
0.09749999999999992,3.7740648484627495,0.583399096405197,0.6055503283094584,-0.04795542324506205,0.012828172634314286,-0.004287311347583877,0.0020652198700358434,-0.0007986817830299562,0.0002646043984433907,-9.305474322322767e-05,3.49961286104549e-05,-1.0239890919204172e-05,1.2940132702700293e-06,12.0
0.10050000000000003,3.7230135926082126,0.585558551123146,0.6137164624938034,-0.050283566637101144,0.013412130471579294,-0.00441231352766333,0.002136061638122498,-0.0008275172407046428,0.00027205906844514555,-9.42614243510739e-05,3.536221885363562e-05,-1.0440913185971898e-05,1.3067629636337303e-06,12.0
0.10349999999999993,3.6715899957900606,0.5877329832383438,0.6221911207650286,-0.05263172657002862,0.014002723100275494,-0.004532501614592308,0.0022046466867920262,-0.0008553789747813006,0.0002791811765056799,-9.529754331431574e-05,3.563509838775556e-05,-1.0615247961894272e-05,1.314602093793801e-06,12.0
0.10650000000000004,3.619896546215534,0.5899184428963647,0.6309720414618849,-0.054995276856909116,0.014597414917957872,-0.0046469004900117255,0.002270660422309404,-0.0008820867300795635,0.00028590418784852446,-9.615338957640905e-05,3.5811698065771637e-05,-1.0761088585415984e-05,1.3172713592965217e-06,12.0
0.10949999999999993,3.5680306745694716,0.5921110040376077,0.6400568059791639,-0.057369603556274046,0.015193449229699603,-0.004754457292332694,0.002333800702938006,-0.0009074688754703877,0.00029216067062223414,-9.681969787032141e-05,3.5889758732644266e-05,-1.0876857401947811e-05,1.3145519837372226e-06,12.0
0.11250000000000004,3.5160848501031023,0.5943067379490993,0.6494428180784504,-0.0597500922812155,0.01578787474002328,-0.004854048997069724,0.00239377962555405,-0.0009313645970607513,0.0002978831142589152,-9.728775404693225e-05,3.586788443772256e-05,-1.0961234545716811e-05,1.3062702160011217e-06,12.0
0.11549999999999994,3.4641467601004217,0.596501689446573,0.6591272660213925,-0.062132115534044345,0.016377575859532565,-0.004944492590550878,0.0024503253730988133,-0.0009536259564398899,0.0003030047810168783,-9.75495099345394e-05,3.5745588729292216e-05,-1.1013184392880528e-05,1.2923014124900652e-06,12.0
0.11850000000000005,3.412299530633754,0.598691858774434,0.6691070704017889,-0.06451102236238053,0.016959306434237993,-0.005024557603870458,0.002503184131549134,-0.0009741198043073519,0.000307460579355191,-9.75977028107237e-05,3.552333194941801e-05,-1.1031978898680734e-05,1.2725735406004952e-06,12.0
0.12149999999999994,3.360621959106207,0.6008731903787303,0.6793788209906156,-0.06688213137230437,0.01752972623035927,-0.005092980791406024,0.002552122095855623,-0.0009927295337447404,0.00031118794491113375,-9.742597469430402e-05,3.520254728492129e-05,-1.1017216901465625e-05,1.247069899384757e-06,12.0
0.12450000000000006,3.3091887407231333,0.6030415679838654,0.6899387059455033,-0.06924072690808397,0.018085439280404254,-0.0051484827836641,0.0025969275966802215,-0.00100935664924719,0.00031412771246484687,-9.702898729422297e-05,3.4785653596748236e-05,-1.0968838440352774e-05,1.215830827552093e-06,12.0
0.12749999999999995,3.258070677699099,0.6051928146542175,0.7007824366712775,-0.07158205767179904,0.018623033112788064,-0.005189786544070648,0.002637413380298197,-0.0010239221237796905,0.00031622496210323105,-9.640252985557313e-05,3.4276053677996776e-05,-1.0887133230983115e-05,1.1789541757352404e-06,12.0
0.13050000000000006,3.207334861620144,0.6073226968100305,0.7119051716910086,-0.07390133733361338,0.019139117948588365,-0.005215637378183315,0.002673419055859085,-0.0010363675185991461,0.00031742982488553324,-9.554361878112296e-05,3.3678117412962435e-05,-1.0772742669713618e-05,1.1365943627096007e-06,12.0
0.13349999999999995,3.157044818954547,0.6094269319465376,0.7233014431186652,-0.07619374738128533,0.019630365078739744,-0.005224824101940411,0.0027048136902823846,-0.0010466558461542433,0.00031769823598365074,-9.445058920308104e-05,3.29971501486606e-05,-1.0626655046948734e-05,1.0889599056758832e-06,12.0
0.13650000000000007,3.107260610598944,0.6115012004028078,0.7349650895399482,-0.07845444302752097,0.020093543745354197,-0.005216200826606516,0.002731498490818402,-0.001054772159737141,0.00031699262434908804,-9.312317923666294e-05,3.223934731716935e-05,-1.0450193986536468e-05,1.036309398684912e-06,12.0
0.13949999999999996,3.058038880081231,0.6135411615808418,0.7468891990811397,-0.08067856310346307,0.020525555902709845,-0.005188708712096434,0.002753409478599209,-0.0010607238515605,0.00031528252626668546,-9.156260732880713e-05,3.141173688312473e-05,-1.0245000438355296e-05,9.78945997711119e-07,12.0
0.14250000000000007,3.009432850943019,0.6155424745901733,0.7590660660387681,-0.08286124452711545,0.020923468249087456,-0.005141397000534932,0.0027705200295405764,-0.0010645406346488366,0.000312545106207546,-8.977164202391887e-05,3.052211148609622e-05,-1.0013008800103403e-05,9.172105472073935e-07,12.0
0.14549999999999996,2.9614922800836827,0.6175008227014038,0.7714871636577232,-0.08499764138489702,0.021284540954494908,-0.0050734426640902325,0.0027828431437172847,-0.0010662741777548274,0.000308765564064894,-8.775466187710185e-05,2.9578952172527643e-05,-9.756417913219297e-06,8.51473546913057e-07,12.0
0.14850000000000008,2.9142633787975036,0.6194119405443284,0.7841431345936017,-0.08708294816845771,0.021606252607708033,-0.004984168067008748,0.0027904333002087907,-0.001065997361574676,0.0003039374054670366,-8.551770153676217e-05,2.8591345369436654e-05,-9.477657762630678e-06,7.821262075743147e-07,12.0
0.15149999999999997,2.8677887160211006,0.6212716428417518,0.7970237994341147,-0.08911242642656211,0.02188632108303773,-0.004873056132058491,0.0027933877598516326,-0.0010638031323594197,0.00029806255327590115,-8.306847861997736e-05,2.7568894294713628e-05,-9.179352719891792e-06,7.095708800175594e-07,12.0
0.15450000000000008,2.822107118890659,0.6230758536226081,0.810118182535614,-0.09108143404824597,0.02212272026298268,-0.0047397626023162375,0.0027918471916151995,-0.0010598029463239622,0.0002911512844514887,-8.041639530436014e-05,2.6521625428508962e-05,-8.864282125810998e-06,6.342111651294455e-07,12.0
0.15749999999999997,2.7772535845457376,0.6248206351957833,0.8234145534713956,-0.09298545651764396,0.022313692805641674,-0.004584125092687484,0.002785995517734254,-0.0010541248229559497,0.00028322198684881865,-7.757250881817573e-05,2.5459890116500108e-05,-8.535338941768925e-06,5.564420255355928e-07,12.0
0.1605000000000001,2.7332592148476884,0.6265022165393503,0.8369004816624871,-0.09482013965863352,0.02245775936634393,-0.0044061687291361284,0.00277605889685403,-0.0010469110532342909,0.00027430074377102307,-7.454946628762233e-05,2.439426096472392e-05,-8.195487139147514e-06,4.766402263138307e-07,12.0
0.16349999999999998,2.690151182919893,0.6281170210298893,0.8505629013010669,-0.09658132350386175,0.022553724827427055,-0.004206108278635559,0.0027623037925351025,-0.001038315634660422,0.0002644207680003601,-7.136140154705796e-05,2.333542251237515e-05,-7.847718466245827e-06,3.9515543386819136e-07,12.0
0.1665000000000001,2.6479527376305763,0.629661693509386,0.8643881834788303,-0.09826507689489294,0.02260068212924958,-0.003984346782673741,0.0027450341066623967,-0.001028501523871571,0.0002536217190424559,-6.802379422006291e-05,2.2294055783046677e-05,-7.495009240180078e-06,3.1230229844016134e-07,12.0
0.16949999999999998,2.606683249572575,0.631133126539754,0.8783622124733335,-0.09986773222295207,0.022598014222097784,-0.0037414708238141356,0.0027245873941414258,-0.0010176378058792334,0.00024194894521654454,-6.455329423663505e-05,2.1280716715288805e-05,-7.140277850390105e-06,2.2835383308056346e-07,12.0
0.1725000000000001,2.5663582997582566,0.6325284853865085,0.8924704633945308,-0.10138591939924087,0.02254539449032519,-0.0034782426750872937,0.002701330216620564,-0.0010058968755077824,0.00022945269461920148,-6.096751756296527e-05,2.030570911078366e-05,-6.786343711636924e-06,1.435363751216453e-07,12.0
0.1755,2.5269898099867376,0.6338452309306152,0.9066980788267617,-0.10281659780845151,0.02244278577598094,-0.0031955896948478633,0.002675652737021932,-0.0009934517130115543,0.00021618733566755932,-5.728482094107095e-05,1.9378953521067703e-05,-6.435888444161472e-06,5.8026370814967534e-08,12.0
0.1785000000000001,2.488586211487586,0.6350811394799507,0.9210299426990383,-0.10415708478182335,0.022290437899060114,-0.002894591418026816,0.0026479626996393476,-0.0009804733160114706,0.00020221061983754374,-5.352406462116232e-05,1.850985430338718e-05,-6.0914200666740015e-06,-2.8050841763646967e-08,12.0
0.1815,2.451152645996301,0.6362343184457472,0.9354507503510905,-0.10540507912860525,0.022088883380471512,-0.002576464841514891,0.002618678977783274,-0.0009671283286930792,0.0001875830080899918,-4.9704372302045316e-05,1.7707167793496408e-05,-5.755240952268633e-06,-1.1462016019756537e-07,12.0
0.1845000000000001,2.414691191128534,0.6373032170776547,0.9499450745786476,-0.10655867850954687,0.021838930949498098,-0.0022425483985509947,0.00258822489856539,-0.0009535768909005731,0.00017236707028406013,-4.5844896810978395e-05,1.6978875081527286e-05,-5.429420217038052e-06,-2.0165376147429337e-07,12.0
0.1875,2.3792011002515903,0.6382866318267,0.9644974282437582,-0.10761638985502461,0.021541656366292197,-0.001894285070651354,0.0025570215707801684,-0.0009399707167378614,0.00015662695529818684,-4.1964598655265815e-05,1.6332063205925095e-05,-5.115771093334469e-06,-2.8916617294678037e-07,12.0
0.1904999999999999,2.3446790464571126,0.6391837062920067,0.9790923246998587,-0.10857713250309742,0.021198390104703382,-0.0015332050146139291,0.002525481447358303,-0.0009264514048183738,0.00014042791981480537,-3.80820427913173e-05,1.5772818720890627e-05,-4.815833696193201e-06,-3.7720758900503563e-07,12.0
0.1935,2.3111193609186547,0.6399939259997685,0.9937143376857779,-0.109440234154364,0.02081070151487575,-0.0011609080086017048,0.0024940023491951033,-0.0009131489793440618,0.00012383589662367028,-3.421521714059156e-05,1.5306137578661526e-05,-4.53086343543144e-06,-4.658557557885714e-07,12.0
0.1964999999999999,2.2785142576889243,0.640717108447592,1.008348162412204,-0.11020542007688866,0.02038037922195259,-0.0007790459592632837,0.0024629621611305676,-0.0009001806616224268,0.00010691707961032057,-3.038137479366591e-05,1.4935855091949549e-05,-4.261825169567154e-06,-5.552068372444076e-07,12.0
0.1995,2.246854039370883,0.6413533889941543,1.0229786792948772,-0.11087279628424013,0.0199094077263852,-0.00038930566167479655,0.0024327143801454922,-0.0008876498749866978,8.973750303809718e-05,-2.6596900555109045e-05,1.4664599329066241e-05,-4.009393051786291e-06,-6.453657405254931e-07,12.0
0.2024999999999999,2.2161272805593266,0.6419032033646644,1.0375910212445918,-0.11144282770809759,0.0193999404520058,6.6080425622479444e-06,0.0024035846473442887,-0.0008756454921619041,7.236259767034839e-05,-2.287720139858844e-05,1.4493770533405837e-05,-3.7739558908472833e-06,-7.364364021201007e-07,12.0
0.20550000000000002,2.1863209881861856,0.642367267781778,1.0521706447027321,-0.11191631269219181,0.018854269812102024,0.0004069886106470011,0.0023758683301457455,-0.0008642413417429849,5.485671518581432e-05,-1.9236619398875533e-05,1.4423547988092427e-05,-3.555627743997391e-06,-8.285125082214611e-07,12.0
0.2084999999999999,2.1574207399062315,0.642746557914091,1.0667034038053864,-0.11229435535533223,0.0182747951730671,0.0008101435864260791,0.0023498291472667603,-0.0008534959965412467,3.7282623456411246e-05,-1.5688364791083794e-05,1.445292423853173e-05,-3.3542633691518207e-06,-9.216690462165292e-07,12.0
0.21150000000000002,2.1294108035770076,0.6430422878006384,1.081175626238449,-0.1125783373693804,0.01766398981988814,0.001214409775752356,0.002325698760006391,-0.0008434528666049924,1.9700985884291977e-05,-1.2244466183631825e-05,1.4579764970332183e-05,-3.1694780760526134e-06,-1.0159549764102208e-06,12.0
0.2144999999999999,2.1022742427561267,0.6432558895604531,1.0955741885682262,-0.1127698903826404,0.017024368116895058,0.0016181677086007408,0.002303677202533751,-0.0008341406098433685,2.1698454301093213e-06,-8.915734925570926e-06,1.4800891427999978e-05,-3.000671414110253e-06,-1.1113872014918245e-06,12.0
0.21750000000000003,2.0759930147148546,0.6433889940854042,1.10988658817028,-0.11287086973095499,0.016358454003298318,0.002019855190318629,0.0022839339984843787,-0.0008255738526525942,-1.525586337065693e-05,-5.711741389847552e-06,1.5112181305004354e-05,-2.8470540086312855e-06,-1.207945920766265e-06,12.0
0.22049999999999992,2.050548068270677,0.6434434122529412,1.1241010084381846,-0.11288332939938464,0.015668751803616054,0.002417979626149898,0.002266609808576655,-0.0008177541855195667,-3.252475301222683e-05,-2.640802358461811e-06,1.5508683618336074e-05,-2.7076767140166746e-06,-1.3055713979031113e-06,12.0
0.22350000000000003,2.0259194483179885,0.6434211157523717,1.138206373853183,-0.112809497671183,0.014957720128278704,0.0028111287137390184,0.002251818463934204,-0.0008106713715402691,-4.958935559863688e-05,2.900196748285181e-07,1.5984743086296507e-05,-2.581461118260322e-06,-1.404162138010797e-06,12.0
0.22649999999999992,2.0020864121445485,0.6433242165822255,1.152192391825664,-0.11265175271534784,0.014227749440037575,0.003197979085778538,0.0022396492507412553,-0.0008043046870176656,-6.64064180852103e-05,3.0749032506938336e-06,1.6534129736063833e-05,-2.4672303449044675e-06,-1.5035744436724915e-06,12.0
0.22950000000000004,1.9790275597754954,0.6431549446581218,1.166049578992644,-0.11241259755992722,0.013481143686093147,0.003577302571963479,0.0022301693173156626,-0.00079862430797439,-8.29371131604831e-05,5.70923839146601e-06,1.715016968873873e-05,-2.363739090519097e-06,-1.603623282590172e-06,12.0
0.23249999999999993,1.9567209773577356,0.6429156236052471,1.1797692707846286,-0.1120946343592727,0.012720106230953392,0.003947969922410575,0.002223426076202869,-0.0007935926651066294,-9.914716165424757e-05,8.189579136054157e-06,1.7825873248903845e-05,-2.2697019241952964e-06,-1.7040843461492755e-06,12.0
0.23550000000000004,1.9351443897493006,0.6426086454451788,1.1933436143890075,-0.11170053838408402,0.011946730144608387,0.004308952050730335,0.0022194494788956216,-0.0007891657087201228,-0.00011500686464387371,1.0513578088367632e-05,1.8554056649547865e-05,-2.1838190526932417e-06,-1.8046971181755975e-06,12.0
0.23849999999999993,1.9142753165857849,0.6422364453038739,1.206765546527501,-0.11123303254815659,0.011162992688884498,0.004659319060738989,0.0022182540573306227,-0.0007852940486342007,-0.00013049104623769035,1.2679904756204323e-05,1.932745422069149e-05,-2.1047989923020307e-06,-1.9051687252980806e-06,12.0
0.24150000000000005,1.8940912253868845,0.6418014773629,1.22002875854241,-0.11069486342627043,0.010370753610873978,0.004998237473026122,0.002219840658102489,-0.0007819239563243213,-0.000145578912044421,1.4688151102834127e-05,2.0138818466399377e-05,-2.0313778478207503e-06,-2.0051783222872723e-06,12.0
0.24449999999999994,1.8745696756289785,0.6413061930782014,1.2331276520187933,-0.11008877961276556,0.009571756628721293,0.00532496614481867,0.0022241978395214383,-0.0007789982340927011,-0.0001602538334234518,1.6538728816180065e-05,2.0981006538093503e-05,-1.962335143991622e-06,-2.1043817850249447e-06,12.0
0.24750000000000005,1.855688448824139,0.6407530223184698,1.2460572884970826,-0.1094175129994297,0.008767633324972287,0.005638851380013141,0.002231302949953405,-0.0007764569675748949,-0.0001745030727822601,1.82327631963785e-05,2.1847052745999723e-05,-1.8965063589824019e-06,-2.2024165345057133e-06,12.0
0.25049999999999994,1.837425661142875,0.6401443576718528,1.2588133367552772,-0.1086837632236774,0.007959908584111093,0.005939321672425074,0.0022411229477429214,-0.0007742381839097257,-0.00018831746908513062,1.977198834490302e-05,2.2730227840896185e-05,-1.8327924595885406e-06,-2.298906380701683e-06,12.0
0.25350000000000006,1.819759856696756,0.6394825418502539,1.2713920207061662,-0.10789018524891884,0.00715000674548505,0.00622588243658186,0.002253615048822128,-0.0007722784396995239,-0.0002016911040843107,2.1158647687179273e-05,2.3624086599124535e-05,-1.7701668310622665e-06,-2.3934663332301124e-06,12.0
0.25649999999999995,1.8026700810705012,0.6387698579459608,1.2837900702320766,-0.10703937984668901,0.006339257791773814,0.006498110977706078,0.002268727291507904,-0.0007705133617704388,-0.00021462096773793355,2.2395402975058936e-05,2.4522505575774117e-05,-1.7076800358399732e-06,-2.485707355274834e-06,12.0
0.25950000000000006,1.786135935971004,0.6380085222733367,1.2960046763529451,-0.10613388667291164,0.005528903138111811,0.0067556518520996076,0.00228639908706839,-0.0007688781607108698,-0.00022710663562565278,2.3485253962983093e-05,2.5419712660356372e-05,-1.6444628342503086e-06,-2.5752410227212645e-06,12.0
0.26249999999999996,1.770137616904722,0.6372006796262482,1.3080334510976581,-0.10517617965546575,0.004720100892293106,0.006998212682040779,0.002306561782427938,-0.0007673081329163924,-0.00023914996244544438,2.4431470049369562e-05,2.6310309294899338e-05,-1.579727867750726e-06,-2.6616839867610028e-06,12.0
0.26550000000000007,1.754655936573766,0.6363484009428148,1.3198743914534745,-0.10416866450282214,0.0039139307716718206,0.007225560422364362,0.00232913920605608,-0.0007657391618991841,-0.00025075478523669273,2.5237534390460925e-05,2.7189285047900075e-05,-1.5127703527658772e-06,-2.744662034311555e-06,12.0
0.26849999999999996,1.7396723371473106,0.6354536835245091,1.3315258459595503,-0.10311367825704175,0.0031113991255355728,0.007437518032203685,0.0023540481127398982,-0.0007641082242876967,-0.000261926620037527,2.590710034792626e-05,2.805202297322155e-05,-1.4429680701850428e-06,-2.823813422755236e-06,12.0
0.2715000000000001,1.725168894659613,0.6345184540369052,1.3429864820539759,-0.10201349089603828,0.002313444656999472,0.007633961484122661,0.0023811984042287114,-0.0007623539004298252,-0.000272672329131214,2.6443959594361932e-05,2.8894293240383193e-05,-1.3697808679059447e-06,-2.8987910770518543e-06,12.0
0.27449999999999997,1.7111283184679333,0.6335445744645247,1.3542552523200402,-0.10087030898891053,0.0015209454093025386,0.007814817038861896,0.002410492997823536,-0.000760416883760541,-0.00028299973591344886,2.6852020692992536e-05,2.9712232378892197e-05,-1.2927498223130268e-06,-2.9692632324661838e-06,12.0
0.2775000000000001,1.697533947990142,0.6325338509656395,1.3653313583724134,-0.09968628128709126,0.0007347273488764853,0.00798005871788141,0.0024418272566526216,-0.0007582404768253948,-0.0002929171730539939,2.7135296376321865e-05,3.0502306543160458e-05,-1.211496125427033e-06,-3.034912236248584e-06,12.0
0.28049999999999997,1.6843697479385737,0.6314880451768341,1.3762142122206988,-0.09846350588385958,-4.4425541263422404e-05,0.00812970590646198,0.0024750879863585503,-0.0007557710547938961,-0.0003024329675747377,2.7297896968545465e-05,3.12612596491858e-05,-1.1257196721672537e-06,-3.0954315147052767e-06,12.0
0.2835000000000001,1.6716203021690064,0.6304088870057792,1.3869033963438937,-0.09720403822793999,-0.0008157602759686995,0.00826382100804071,0.0025101521313338434,-0.0007529584696341168,-0.00031155489154471253,2.7344026402762254e-05,3.1986050837843824e-05,-1.0351972148726685e-06,-3.15052115195091e-06,12.0
0.2865,1.6592708053187641,0.6292980874328167,1.3973986250783121,-0.09590989891338268,-0.0015785441285979863,0.008382507043612096,0.00254688544196886,-0.0007497563610071491,-0.00032028963409994803,2.727797620678745e-05,3.2673789786666964e-05,-9.397798383201557e-07,-3.199883039317562e-06,12.0
0.2895000000000001,1.6473070508462246,0.628157349466673,1.4076997108848188,-0.09458307990577358,-0.002332055634411914,0.008485905057467168,0.0025851414938163793,-0.0007461223358160902,-0.0003286423719098074,2.710411200052469e-05,3.332168182179549e-05,-8.393894114172255e-07,-3.2432170116594246e-06,12.0
0.2925,1.6357154140439198,0.6269883753213785,1.4178065392949069,-0.09322554783238168,-0.003075578894225979,0.008574191172362135,0.0026247614798207927,-0.0007420179806720411,-0.0003366165229850947,2.6826846960169682e-05,3.392699631217194e-05,-7.34013629069247e-07,-3.2802196315884237e-06,12.0
0.2955000000000001,1.6244828290756528,0.6257928682103964,1.4277190556780344,-0.09183924325691036,-0.0038084024252289907,0.00864757315869892,0.0026655751389927287,-0.0007374086837821838,-0.0003442137568171113,2.645059788620317e-05,3.448707041636632e-05,-6.236993122544709e-07,-3.3105871740664933e-06,12.0
0.2985,1.6135967599381553,0.6245725279055465,1.4374372654952052,-0.09042607549602569,-0.00452982314504814,0.008706286463033282,0.0027074030238821143,-0.0007322632667268836,-0.00035143430071446117,2.597972229592459e-05,3.499935548587704e-05,-5.085438177115098e-07,-3.3340238296932127e-06,12.0
0.3015000000000001,1.6030451662316405,0.6233290402726619,1.4469612477066276,-0.08898791342502985,-0.005239155189003681,0.008750589782723917,0.00275006006954713,-0.0007265534606863183,-0.0003582775323321058,2.541843924692995e-05,3.546150581380274e-05,-3.8868472211167747e-07,-3.3502552245748213e-06,12.0
0.3045,1.5928164654930677,0.6220640621452445,1.4562911789379165,-0.08752657366939441,-0.005935742351970813,0.00878076045132341,0.0027933601600538577,-0.0007202532999653355,-0.0003647427919627562,2.4770741705598396e-05,3.587150041217083e-05,-2.642883461340734e-07,-3.3590462111049317e-06,12.0
0.3075000000000001,1.5828994944217978,0.6207792038381311,1.4654273643562739,-0.08604380833118574,-0.006618972241855036,0.008797090064520471,0.002837121160929827,-0.000713338538444333,-0.0003708302988411138,2.404031299138574e-05,3.62277802238839e-05,-1.3553808411093595e-07,-3.3602207773210165e-06,12.0
0.3105,1.5732834715399278,0.619476012062718,1.4743702703275683,-0.08454129471247102,-0.007288289914672698,0.00879988086892725,0.0028811697589955164,-0.0007057862107811933,-0.0003765420268513714,2.323046268998316e-05,3.652937784558589e-05,-2.6237910973117768e-09,-3.3536811439628487e-06,12.0
0.3134999999999999,1.5639579637098524,0.6181559558253382,1.4831205539678711,-0.08302062922769665,-0.007943208915059726,0.008789443405655833,0.0029253454624691387,-0.0006975744510324703,-0.0003818823955824326,2.2344097181908833e-05,3.6776016106631106e-05,1.3426645526150102e-07,-3.3394229048436853e-06,12.0
0.3165,1.5549128585622187,0.6168204170921507,1.491679085582733,-0.08148332685992615,-0.008583318228045917,0.008766095729090016,0.0029695032656474056,-0.0006886826440589243,-0.0003868586641783071,2.138373601866976e-05,3.696815624793226e-05,2.749511170431591e-07,-3.3175435224910556e-06,12.0
0.3194999999999999,1.5461383443454249,0.6154706867959846,1.5000469614322605,-0.07993082629991682,-0.009208284503271293,0.00873016423466246,0.003013514737547966,-0.0006790919249570971,-0.000391480971197022,2.0351578248664197e-05,3.7106985155561193e-05,4.1925586701459395e-07,-3.2882425486908328e-06,12.0
0.3225,1.5376248980280642,0.6141079654811216,1.5082255059147582,-0.07836449962487858,-0.009817849824066053,0.008681985795475388,0.003057267589579675,-0.0006687859717209412,-0.00039576203063420445,1.924961390695992e-05,3.719434215849325e-05,5.670102152869332e-07,-3.251813369262251e-06,12.0
0.3254999999999999,1.5293632816628555,0.6127333668916359,1.5162162638032666,-0.07678566436800047,-0.010411826049118993,0.008621910616353623,0.003100664043276837,-0.0006577519735099029,-0.00039971655680940923,1.8079767332345814e-05,3.723259675036882e-05,7.180408289718266e-07,-3.208627749176898e-06,12.0
0.3285,1.5213445460426258,0.6113479223727676,1.5240209843940338,-0.07519559536443303,-0.01099008721043724,0.008550305048842575,0.003143618499312636,-0.0006459816174596993,-0.00040336053556067953,1.684405287545269e-05,3.72244968763647e-05,8.721628373077751e-07,-3.15911565423235e-06,12.0
0.3314999999999999,1.5135600395749704,0.6099525841564976,1.5316416002790605,-0.07359553393611055,-0.011552561568491784,0.008467553620253754,0.0031860550771324932,-0.0006334719309989285,-0.0004067104787119222,1.5544721388937178e-05,3.717301163317388e-05,1.0291707083378324e-06,-3.1037435202300676e-06,12.0
0.3345,1.5060014191846531,0.6085482263227013,1.5390802039912956,-0.0719866927081335,-0.012099224763157604,0.008374059710667443,0.00322790555796419,-0.0006202258448544514,-0.0004097827930456143,1.418437802727445e-05,3.708119205699598e-05,1.1888302633278432e-06,-3.0429942521481387e-06,12.0
0.3374999999999999,1.4986606591439908,0.6071356431935939,1.5463390260558076,-0.07037025539199528,-0.012630095170334841,0.008270244608925363,0.003269108153759569,-0.0006062523955214308,-0.0004125933699136336,1.2766057527746224e-05,3.6952069875902015e-05,1.3508730963445542e-06,-2.9773518317106424e-06,12.0
0.3405,1.491530053367171,0.60571554580775,1.5534204179643127,-0.0687473719189378,-0.013145232177772342,0.008156545003400711,0.0033096073758098455,-0.0005915665494890519,-0.0004151574650403766,1.129325060984671e-05,3.678860792666351e-05,1.514994192564608e-06,-2.9072926402413875e-06,12.0
0.3434999999999999,1.4846022072948124,0.6042885576693805,1.5603268430282982,-0.06711915009267548,-0.013644737654513007,0.008033409222099415,0.003349355107617771,-0.0005761886878705969,-0.00041748989541687395,9.76988242685902e-06,3.659370839587601e-05,1.6808530227346352e-06,-2.833284600599222e-06,12.0
0.34650000000000003,1.4778700174083128,0.6028552110645066,1.5670608765580414,-0.0654866453100209,-0.01412876034296385,0.007901292661819685,0.0033883127892254897,-0.0005601438260339832,-0.00041960553184790977,8.20024949065795e-06,3.637027644448635e-05,1.8480779472775836e-06,-2.7557940628959506e-06,12.0
0.3494999999999999,1.4713266397609013,0.601415944936794,1.5736252140317386,-0.06385084988214383,-0.014597502153864211,0.007760652819734281,0.0034264543719315184,-0.000543460653147941,-0.00042152000869941883,6.58892438782383e-06,3.612132685713888e-05,2.0162734514919017e-06,-2.675298987829536e-06,12.0
0.35250000000000004,1.4649654532785037,0.5999711048139351,1.5800226819697551,-0.06221268321913842,-0.0150512243769831,0.0076119442029055715,0.0034637693975122738,-0.0005261704656481626,-0.0004232505062623331,4.940638175819524e-06,3.585011016196406e-05,2.18502954644486e-06,-2.5923054337902316e-06,12.0
0.3554999999999999,1.4587800278442717,0.5985209448084031,1.5862562419994297,-0.06057298381215427,-0.015490250819583745,0.0074556132280279045,0.003500265243189094,-0.0005083060487317576,-0.0004248163954846194,3.2601496882811025e-06,3.5560223684931456e-05,2.3539325540631113e-06,-2.5073628235676136e-06,12.0
0.35850000000000004,1.4527641096112942,0.5970656314682679,1.5923289757860297,-0.058932503720515915,-0.0159149642730127,0.0072920931354570236,0.0035359673716790236,-0.0004899005462556644,-0.00042623949292527663,1.5521104616798484e-06,3.525566582309704e-05,2.522576388415808e-06,-2.4210724172538043e-06,12.0
0.36149999999999993,1.446911634794844,0.5956052492823263,1.59824403915456,-0.05729190620008088,-0.016325793027799844,0.00712179899927176,0.0035709164960619198,-0.00047098636317984715,-0.00042754368759178425,-1.7906542551857335e-07,3.4940793430981866e-05,2.6905733250847908e-06,-2.3340835051481893e-06,12.0
0.36450000000000005,1.4412167773810445,0.594139807863921,1.6040045792607696,-0.05565176712299672,-0.016723185806671533,0.0069451231213133215,0.0036051620399392076,-0.00045159416751934967,-0.00042875379666425153,-1.9293156482316477e-06,3.462015676583724e-05,2.857563156340483e-06,-2.2470736231615294e-06,12.0
0.36749999999999994,1.435674026384524,0.5926692510676268,1.6096136188518784,-0.05401258078457233,-0.017107576409980535,0.006762431371692063,0.003638752145627019,-0.00043175209017272105,-0.00042989368487637657,-3.695015452438431e-06,3.429821428530432e-05,3.023219651851886e-06,-2.1607126699963962e-06,12.0
0.37050000000000005,1.4302782770462013,0.5911934683427053,1.6150739240504763,-0.05237477041859529,-0.01747934289896901,0.0065740612415285645,0.0036717215725234923,-0.00041148524178300004,-0.0004309839061652228,-5.473022433297615e-06,3.397896525404274e-05,3.1872534762543417e-06,-2.075615496078548e-06,12.0
0.37349999999999994,1.4250249115535838,0.5897123083913052,1.6203878825200944,-0.05073870318691491,-0.01783876910958313,0.006380322364161086,0.0037040797888324827,-0.0003908156563752329,-0.0004320393267177803,-7.26067093901689e-06,3.366557077669861e-05,3.3494111911456263e-06,-1.9922919445140736e-06,12.0
0.37650000000000006,1.4199098422535714,0.5882255947097412,1.6255574228984178,-0.04910470865081299,-0.018186017441706028,0.006181499963968222,0.0037358020039318625,-0.0003697627218647721,-0.0004330672864950061,-9.055713519385383e-06,3.33600509051213e-05,3.5094706246948734e-06,-1.9111057809570803e-06,12.0
0.37949999999999995,1.4149294958975638,0.5867331420066976,1.6305840012808808,-0.04747309897167391,-0.018521120426882694,0.005977861145897692,0.003766825552466611,-0.0003483440738393585,-0.00043406679656699085,-1.0856215916898057e-05,3.306313776374367e-05,3.667233565817937e-06,-1.8322531959494386e-06,12.0
0.38250000000000006,1.4100807303161094,0.585234772029451,1.6354686667341538,-0.045844188572952575,-0.018843994659089102,0.00576966329355879,0.003797052924841423,-0.0003265768333349063,-0.00043502904969125493,-1.2660421038026254e-05,3.2774331259176985e-05,3.822517229296485e-06,-1.7557673894081777e-06,12.0
0.38549999999999995,1.4053606913758028,0.5837303271673502,1.6402121990929264,-0.04421831091251046,-0.019154475349090098,0.005557163306154265,0.003826361139051899,-0.0003044789916309056,-0.0004359391995565624,-1.4466603340958923e-05,3.2492153581711307e-05,3.975146081242889e-06,-1.681549216381387e-06,12.0
0.38850000000000007,1.400766632965197,0.582219680405615,1.6448152944649368,-0.04259583041283058,-0.019452364690866236,0.005340626155293489,0.0038546155613385863,-0.0002820707112004955,-0.0004367790397542333,-1.6272936151669997e-05,3.2214546951351764e-05,4.124945359805551e-06,-1.609417000206863e-06,12.0
0.39149999999999996,1.3962957314475841,0.5807027406977177,1.6492787625663559,-0.04097714836354868,-0.01973748401445359,0.005120331362875891,0.003881685213144528,-0.00025937533283711876,-0.0004375299904261114,-1.8077390254476307e-05,3.193932250107862e-05,4.271737059235374e-06,-1.5391636127933033e-06,12.0
0.3945000000000001,1.3919449261273216,0.5791794534326539,1.6536036985194602,-0.039362702515690996,-0.020009719282908414,0.004896576441877176,0.003907456369940591,-0.00023641994643901326,-0.0004381757463493122,-1.9877674190411302e-05,3.1664558058180335e-05,4.415338457383715e-06,-1.470607338036647e-06,12.0
0.39749999999999996,1.3877108094276027,0.5776497961863358,1.6577915999055224,-0.037752960869839806,-0.02026905182674944,0.00466967694897443,0.0039318418877172445,-0.00021323547333495043,-0.0004387040628637291,-2.167121774299045e-05,3.1388860759280724e-05,4.555562681856405e-06,-1.4036252172730357e-06,12.0
0.4005000000000001,1.3835895777999556,0.5761137702059057,1.6618444144066846,-0.03614841062280468,-0.02051557036301906,0.00443996337718247,0.00395478492648856,-0.00018985629203650256,-0.0004391074051858749,-2.3455192965736632e-05,3.1111449421683354e-05,4.692220505537906e-06,-1.3381626143733665e-06,12.0
0.40349999999999997,1.3795770411139812,0.5745713880252569,1.6657645194077233,-0.034549543301609066,-0.020749464923048258,0.004207775506941232,0.003976257157047764,-0.0001663194928925049,-0.0004393824776068447,-2.5226563815259022e-05,3.0832058143962815e-05,4.825122611616324e-06,-1.2742189161438427e-06,12.0
0.4065000000000001,1.3756686781447365,0.5730226573036368,1.669554647859142,-0.03295683683224599,-0.020971006998432407,0.003973454958720267,0.003996252722530099,-0.00014266385935609414,-0.00043952889655051125,-2.6982156541982197e-05,3.055070304112104e-05,4.954081928738672e-06,-1.2118147758097386e-06,12.0
0.4095,1.3718597208684107,0.571467560556146,1.6732177816809497,-0.03137073481429341,-0.02118052219485419,0.003737336570062553,0.004014779907108223,-0.00011892864858555517,-0.0004395474179709053,-2.8718747523656197e-05,3.0267378833189943e-05,5.07891617663655e-06,-1.1509498037827675e-06,12.0
0.4125000000000001,1.368145250679242,0.5699060300876058,1.676757034492591,-0.029791622798623046,-0.02137836180499866,0.003499738951835041,0.0040318525686422815,-9.515219783277643e-05,-0.0004394381582282535,-3.0433171235754825e-05,2.9981758076311028e-05,5.199451308655337e-06,-1.091560631363892e-06,12.0
0.4155,1.364520293843348,0.5683379173367544,1.680175540942324,-0.028219801091903755,-0.02156487837685096,0.0032609542949119347,0.004047483025166796,-7.137033721830214e-05,-0.0004391991777248631,-3.212245616275833e-05,2.969295582658017e-05,5.315526921728641e-06,-1.033488115907431e-06,12.0
0.4185000000000001,1.3609799092405273,0.5667629561497088,1.6834763628772877,-0.02665545370487812,-0.02174040825217314,0.003021237327617839,0.0040616774488270065,-4.7614565288584864e-05,-0.0004388256677957606,-3.378399845144372e-05,2.9399402463197525e-05,5.4270047912759015e-06,-9.764598763782352e-07,12.0
0.4215,1.3575192665507383,0.565180720346081,1.6866624155665713,-0.02509861363540319,-0.021905261872273908,0.002780793359444392,0.004074434124993061,-2.390995722314832e-05,-0.0004383098352154308,-3.5415780347353025e-05,2.909884369923061e-05,5.533781389530891e-06,-9.200911783814247e-07,12.0
0.4245000000000001,1.3541337160612128,0.5635905773530281,1.6897364119853584,-0.023549125769035468,-0.022059720889464902,0.0025397656285480593,0.004085744333465626,-2.728342744166058e-07,-0.00043764144603151473,-3.701663216781996e-05,2.878846429700711e-05,5.6358045280506956e-06,-8.639040623466515e-07,12.0
0.4275,1.3508188516651631,0.5619916415674613,1.692700820654194,-0.022006610213254223,-0.022204040028691443,0.0022982226770920226,0.004095595184773303,2.3291676286675503e-05,-0.0004368088880004251,-3.858652315271801e-05,2.846511337996567e-05,5.733093169704606e-06,-8.073618950412394e-07,12.0
0.4305000000000001,1.3475705666489888,0.560382733188896,1.6955578327786018,-0.02047043062441497,-0.022338451277857937,0.002056147118709947,0.004103973528169419,4.6791934753220634e-05,-0.0004358005462757654,-4.012684989283842e-05,2.812559592245656e-05,5.825758125615847e-06,-7.499144397463547e-07,12.0
0.4335,1.3443850982995191,0.5587623500637271,1.6983093370582585,-0.01893967362915449,-0.02246316833030082,0.0018134277773254046,0.004110870052216661,7.025155675297782e-05,-0.00043460626607414864,-4.1640674739032646e-05,2.7766988413369863e-05,5.914020056277771e-06,-6.910473228907788e-07,12.0
0.4365000000000001,1.341259053373727,0.5571286609552584,1.70095690476148,-0.017413146231399165,-0.022578390178885778,0.0015698575542594261,0.004116282924642443,9.371019599749864e-05,-0.0004332187040499239,-4.313285563815512e-05,2.738693839038263e-05,5.998220310697373e-06,-6.30329708318383e-07,12.0
0.4395,1.3381894037774975,0.5554795279514521,1.7035017919667814,-0.015889397562952018,-0.02268430408714522,0.0013251392970042343,0.004120220705246797,0.0001172228894683919,-0.0004316344406761331,-4.461000860415936e-05,2.698391735161887e-05,6.078820065019413e-06,-5.674551362441434e-07,12.0
0.4424999999999999,1.3351734428183915,0.5538125630270261,1.7059449675207303,-0.014366769108294855,-0.022781089172846256,0.0010789012368201951,0.004122704624520127,0.00014085763701138611,-0.0004298548050809078,-4.6080258390108686e-05,2.655740970572347e-05,6.156384235557482e-06,-5.022722697671368e-07,12.0
0.4455,1.332208699629101,0.5521252191709743,1.7082871708120055,-0.012843473676345226,-0.02286892157039757,0.0008307222299322426,0.004123770348489419,0.0001646911312654099,-0.00042788639095663424,-4.755276204483109e-05,2.610802740112738e-05,6.231548720236938e-06,-4.348034541568965e-07,12.0
0.4484999999999999,1.3292928234451313,0.5504149107100076,1.7105289911078259,-0.011317698538081586,-0.022947979948163975,0.0005801653039109608,0.004123468821587072,0.00018880287664134647,-0.0004257411679600546,-4.9037029030712884e-05,2.5637532304301432e-05,6.304972284794538e-06,-3.6524835670075225e-07,12.0
0.4515,1.3264234667351447,0.5486791517979054,1.7126709430207125,-0.009787723415840173,-0.023018446641265965,0.0003268163132461519,0.004121864843994563,0.00021326825904237077,-0.0004234359411536451,-5.054210127102822e-05,2.514872912018273e-05,6.377277217349997e-06,-2.9396780724034646e-07,12.0
0.4544999999999999,1.3235982082988618,0.5469156979849937,1.7147134998433358,-0.00825204065613441,-0.023080497045142423,7.032335231951382e-05,0.004119031364220558,0.0002381513602300213,-0.0004209908095144389,-5.207568653350303e-05,2.4645180130890847e-05,6.448985084147405e-06,-2.2144183306933352e-07,12.0
0.4575,1.3208145545754513,0.5451226744843652,1.7166570495389168,-0.006709463880585629,-0.02313427110090151,-0.00018956768268617202,0.004115037945982646,0.0002634983866982247,-0.00041842639898887987,-5.364335150077293e-05,2.4130716594852766e-05,6.520455130484843e-06,-1.4819940602593001e-07,12.0
0.4604999999999999,1.3180700349778296,0.5432986766038874,1.718501762994522,-0.0051592129519058725,-0.02317982713524483,-0.0004529853122003949,0.004109933947426534,0.0002893324909825763,-0.00041576008173002286,-5.5247874898629735e-05,2.3608793449117425e-05,6.591833007327779e-06,-7.472734240146248e-08,12.0
0.4635,1.315362371111952,0.5414428323162822,1.720247404043714,-0.003600966742816318,-0.02321708813608667,-0.0007199150757872442,0.004103730031595363,0.0003156505458911588,-0.00041300201426277075,-5.6888839605745194e-05,2.3081833123273608e-05,6.663016685799248e-06,-1.379261938257552e-09,12.0
0.4664999999999999,1.3126896660601821,0.539554822918625,1.7218931470350796,-0.0020348799929130854,-0.023245798784192192,-0.0009901935940947173,0.0040963841214703405,0.00034242215752388716,-0.00041015230613515905,-5.856251165341093e-05,2.2550777800209035e-05,6.733644766752043e-06,7.16847118811655e-08,12.0
0.46950000000000003,1.3100505460312881,0.5376348637587207,1.7234374793986833,-0.0004615654046937912,-0.023265512834306033,-0.0012635137989883455,0.004087798105105838,0.0003695909297661135,-0.00040720061824026424,-6.026201876774317e-05,2.201506126877331e-05,6.803109943604219e-06,1.444983930772653e-07,12.0
0.4724999999999999,1.3074442012546748,0.5356836518167948,1.724878243776395,0.0011179538227539733,-0.023275622508829134,-0.0015394399910330194,0.004077828799079656,0.0003970777519770323,-0.0004041288550624144,-6.197780538223834e-05,2.1473101389496258e-05,6.870597232996869e-06,2.1721663071857983e-07,12.0
0.47550000000000003,1.3048703099744163,0.5337022897107129,1.7262128252685032,0.0027023131611345536,-0.023275427226450544,-0.0018174306351302157,0.0040663118435996315,0.00042478568371630304,-0.0004009165685392177,-6.369830827931322e-05,2.0923238023974448e-05,6.935143120266528e-06,2.89980274814341e-07,12.0
0.4784999999999999,1.3023288712546846,0.5316921961855504,1.7274384369480644,0.004289888719385344,-0.02326422475331962,-0.002096866310560808,0.004053092491858204,0.0004526058665263911,-0.0003975476936241912,-6.541077174058994e-05,2.036487565754044e-05,6.995708683577542e-06,3.627533551778522e-07,12.0
0.48150000000000004,1.2998200001187727,0.5296550116463965,1.728552425073537,0.005878883624379351,-0.023241400287083304,-0.0023770800129495197,0.004038054829943664,0.00048042382385293103,-0.00039401674170891604,-6.71021085470428e-05,1.9799510025649682e-05,7.051257893271629e-06,4.351779398267307e-07,12.0
0.48449999999999993,1.2973437421272076,0.5275925045295733,1.7295525166619758,0.0074674121598193146,-0.02320649106128056,-0.0026573871362782883,0.00402114179690719,0.0005081255365158121,-0.00039033278805997054,-6.875971684516248e-05,1.9231356520478476e-05,7.1008321874325524e-06,5.064866829411977e-07,12.0
0.48750000000000004,1.294899946428978,0.5255064812548699,1.730436961621132,0.009053577367772793,-0.02315921397530672,-0.0029371129663041586,0.004002361840344498,0.0005356028023102972,-0.0003865203627441415,-7.037218179185355e-05,1.8667430978385357e-05,7.143614063132816e-06,5.754943594894406e-07,12.0
0.49049999999999994,1.2924882083812281,0.523398700100274,1.7312045627647736,0.010635540126275569,-0.023099456435563884,-0.003215616284996656,0.0039817824240464365,0.0005627575722189085,-0.0003826173198245262,-7.192981900708566e-05,1.8117098208731152e-05,7.17897515370938e-06,6.406664165694498e-07,12.0
0.49350000000000005,1.2901078684015974,0.5212707882235822,1.731854621291843,0.012211579386368979,-0.0230272406968873,-0.0034923084971192724,0.003959514095739502,0.0005895051482700277,-0.0003786705285438568,-7.342504554714488e-05,1.7591235097479734e-05,7.206507152183397e-06,7.002438880666628e-07,12.0
0.49649999999999994,1.2877580411578824,0.5191241613710601,1.7323868414373422,0.013780143977933656,-0.022942676425814067,-0.0037666683117392316,0.003935690374171351,0.0006157762775949463,-0.0003747305770709007,-7.485258590266068e-05,1.7101215309803126e-05,7.226036198088295e-06,7.523952874967995e-07,12.0
0.49950000000000006,1.2854376495234212,0.516959947225581,1.7328012351027295,0.015339896231266338,-0.022845914921350692,-0.00403825231137873,0.003910448303850437,0.0006415182569168601,-0.00037084659940922796,-7.620953209156104e-05,1.6657910561998553e-05,7.237622617921823e-06,7.953675116642956e-07,12.0
0.5025,1.2831454464555332,0.5147789152016686,1.7330980521799844,0.016889746956897576,-0.02273711357519484,-0.004306701737511112,0.0038839128769394007,0.0006666951767885048,-0.00036706198472612954,-7.749527952155281e-05,1.6270845091722135e-05,7.241548311538769e-06,8.276157708117815e-07,12.0
0.5055000000000001,1.2808800189025447,0.5125814170759332,1.7332777442368452,0.018428880544007455,-0.022616413502285177,-0.004571745645623211,0.0038561865739101912,0.0006912874128015864,-0.0003634113071916685,-7.87113579945547e-05,1.5947569085015133e-05,7.238293987480817e-06,8.479024082133554e-07,12.0
0.5085000000000002,1.2786397763213573,0.5103673435977125,1.7333409553145087,0.01995676847602295,-0.022483928901628796,-0.004833200400613645,0.003827343735841142,0.0007152904434102939,-0.00035991847554255166,-7.98611742476746e-05,1.5693258953175733e-05,7.228508254381912e-06,8.55362611669442e-07,12.0
0.5114999999999998,1.2764229305277022,0.5081361018970894,1.7332885267667766,0.02147316963590575,-0.02233974446313495,-0.005090965414240198,0.0037974286454495842,0.0007387130621442814,-0.0003565959083641308,-8.094968129010209e-05,1.551051819280686e-05,7.21297049039011e-06,8.495399407652719e-07,12.0
0.5145,1.2742274739557549,0.5058866171358215,1.7331215026935192,0.022978116394925252,-0.022183916811171805,-0.00534501511218699,0.003766455999052341,0.0007615750612435365,-0.0003534444809461411,-8.198299084480906e-05,1.5399340131441037e-05,7.192549457844598e-06,8.303965519160423e-07,12.0
0.5175000000000001,1.2720511616850045,0.5036173596965565,1.732841126075857,0.02447188650682119,-0.02201647682980046,-0.005595387330847696,0.0037344126558444962,0.0007839044872609479,-0.00035045401201919715,-8.296794730666068e-05,1.5357194894107267e-05,7.168159705180637e-06,7.983031261334898e-07,12.0
0.5205000000000002,1.2698915004838505,0.5013263966647517,1.732448820530947,0.025954962050492057,-0.021837430973310826,-0.005842168618185521,0.003701259900865243,0.000805734595356837,-0.0003476041114378149,-8.391168329980442e-05,1.537920893473192e-05,7.140717786575789e-06,7.540129458295366e-07,12.0
0.5234999999999999,1.2677457466212705,0.49901146384243106,1.731946156829967,0.027427977860514888,-0.021646760800960292,-0.006085477181179984,0.003666935783631105,0.0008271006481971816,-0.0003448652589852459,-8.48211771842914e-05,1.545841109825825e-05,7.111100175688495e-06,6.986240404102008e-07,12.0
0.5265,1.2656109135302507,0.49667005241923606,1.7313348061812492,0.02889166287518334,-0.021444420763109255,-0.0063254444343113884,0.003631357326737848,0.0008480367130529696,-0.00034220001774783865,-8.570283157618854e-05,1.5586022704078756e-05,7.080104473917339e-06,6.335330311252658e-07,12.0
0.5295000000000001,1.2634837902495148,0.49429950300281383,1.730616483802209,0.030346778490712167,-0.021230334711838487,-0.0065621962328586345,0.0035944225427186685,0.000868572607360512,-0.00033956430612619903,-8.656208961629888e-05,1.5751771368710418e-05,7.0484151891095375e-06,5.603841165682861e-07,12.0
0.5325000000000002,1.2613609715535952,0.4918970991491786,1.7297928867314,0.03179405826931497,-0.021004391775291877,-0.006795834911528499,0.0035560122739729423,0.0008887311312998614,-0.00033690866626736557,-8.740310302001285e-05,1.5944210327499993e-05,7.016575060511418e-06,4.810163843093343e-07,12.0
0.5354999999999999,1.2592389006935738,0.48946015287618405,1.7288656292434617,0.0332341531901736,-0.02076644213887061,-0.007026423189180012,0.0035159918818527844,0.0009085257077522091,-0.00033417947419397113,-8.822846324225697e-05,1.6151026982816306e-05,6.984962660565325e-06,3.9741230042819865e-07,12.0
0.5385,1.2571139277988872,0.48698607583015013,1.7278361749077895,0.03466758605216325,-0.020516292192759893,-0.0072539707872155326,0.0034742125154444276,0.0009279585140177447,-0.0003313199865277648,-8.90390028895696e-05,1.6359317602753664e-05,6.9537766546658226e-06,3.1165104466353786e-07,12.0
0.5415000000000001,1.254982399009793,0.4844724317993138,1.7267057459166841,0.036094717499558206,-0.020253693696117094,-0.007478423980089455,0.003430510196740723,0.000947019082130506,-0.0003282708213457173,-8.983366185501688e-05,1.6555757941664726e-05,6.923025982147756e-06,2.258767427666133e-07,12.0
0.5445000000000002,1.2528408143893008,0.4819169692071924,1.725475156532828,0.03751572418246346,-0.019978312824209924,-0.007699657039464562,0.0033846981949690698,0.0009656831254880016,-0.00032496890848839874,-9.060938665973343e-05,1.6726508612735687e-05,6.892522913554654e-06,1.4230412499059942e-07,12.0
0.5474999999999999,1.2506860890007303,0.47931763542068395,1.7241445201065206,0.038930587284271595,-0.019689666037868214,-0.007917463690787453,0.0033365486139207167,0.0009839112298052576,-0.0003213440566187139,-9.136101873502111e-05,1.6856714192058848e-05,6.8618749265872795e-06,6.328123954949567e-08,12.0
0.5505,1.2485158594160735,0.4766725756549976,1.7227129038658124,0.04033908950370898,-0.019387043140763102,-0.008131548976892318,0.00328576999367912,0.001001647544121798,-0.0003173145837683236,-9.208119088346064e-05,1.6929836771654744e-05,6.830477235821419e-06,-8.624244580727276e-09,12.0
0.5535000000000001,1.2463286187701736,0.4739801149999734,1.7211782250222605,0.04174082350552932,-0.019069495563610712,-0.008341528431151119,0.0032320062488985666,0.0010188198880330933,-0.0003127873612643567,-9.276040779737208e-05,1.69277122777371e-05,6.79752175991597e-06,-7.063868465271943e-08,12.0
0.5565000000000002,1.2441234096706626,0.4712387139909507,1.7195377593325527,0.04313522340835771,-0.018735986776754514,-0.00854694726831832,0.0031748879946545067,0.0010353437422584999,-0.0003076688366761064,-9.338760977671875e-05,1.6832421606542007e-05,6.7620487566433106e-06,-1.2004807901464865e-07,12.0
0.5594999999999999,1.2418990271549646,0.46844688418752256,1.717789330212201,0.04452163489347248,-0.01838571976331317,-0.008747328639627879,0.0031141405236113774,0.0010511317500396526,-0.00030188798492076894,-9.395140969477323e-05,1.6630141088190727e-05,6.723057052111616e-06,-1.5473892109853005e-07,12.0
0.5625,1.239653096160004,0.4656030589122469,1.7159326776316366,0.04589943038825055,-0.018018506477469182,-0.008942244393976222,0.003049704495974719,0.0010661072923653196,-0.0002954220139240606,-9.444181974174536e-05,1.6315460499152634e-05,6.6796558433556935e-06,-1.7380458369889687e-07,12.0
0.5655000000000001,1.237381636275012,0.46270543460876823,1.713970156348858,0.047268154766480865,-0.017634955238664558,-0.00913138443060195,0.002981797538007019,0.0010802174916007105,-0.00028830978434358703,-9.485190298351221e-05,1.589368124077983e-05,6.631208487035197e-06,-1.7787171260115287e-07,12.0
0.5684999999999998,1.235079528939095,0.45975181768214884,1.7119061759747498,0.04862766718726315,-0.01723632541803278,-0.00931459671291082,0.0029108694204306096,0.0010934404835765885,-0.00028064300514433257,-9.517873182569182e-05,1.537944489634575e-05,6.577415325102778e-06,-1.6891712522264105e-07,12.0
0.5714999999999999,1.232741763104269,0.4567395164764292,1.7097455340817649,0.04997824024452228,-0.016824094355125215,-0.009491884237693426,0.0028374663772641664,0.001105784696902704,-0.0002725384056752265,-9.542338613945639e-05,1.4792209086510997e-05,6.518313784150236e-06,-1.4964619062530184e-07,12.0
0.5745,1.230364864899647,0.4536653055792685,1.7074914449851448,0.051320591122606944,-0.016399449176588136,-0.009663366997229974,0.002762072841503719,0.0011172819636883929,-0.00026410506697286225,-9.559020538867552e-05,1.4150897254833922e-05,6.454215416460009e-06,-1.2275425561255116e-07,12.0
0.5775000000000001,1.2279478490028275,0.4505254697417101,1.7051441672871779,0.0526558404935013,-0.015962936615038077,-0.009829230092888261,0.0026850038176641712,0.0011279785151936327,-0.0002554220666888464,-9.568576350578606e-05,1.347020505089306e-05,6.385620709153821e-06,-9.041365080575004e-08,12.0
0.5804999999999998,1.2254923524290284,0.44731591972490464,1.702700694976775,0.053985410208509714,-0.01551438481020897,-0.009989676398516,0.0026063820263547296,0.00113792711585195,-0.0002465333891203711,-9.571793417348854e-05,1.2759691206403079e-05,6.313143257698582e-06,-5.4140771430621205e-08,12.0
0.5834999999999999,1.2230020437292184,0.44403236695252024,1.7001553870870263,0.055310875190167814,-0.015053056922049488,-0.010144889381168849,0.0025261849837625522,0.0011471810578477831,-0.0002374568561028242,-9.569511893483094e-05,1.2025105112319928e-05,6.237449602680996e-06,-1.4966244083257808e-08,12.0
0.5865,1.2204816652176849,0.4406705433910034,1.6975010535505448,0.056633782828083776,-0.014577907295428917,-0.010295000344800525,0.0024443200170357958,0.0011557886782775206,-0.0002281982691809072,-9.562547999780594e-05,1.1270499184139168e-05,6.159201478974805e-06,2.6292536924993364e-08,12.0
0.5895000000000001,1.2179360790382967,0.4372264502794237,1.6947300074616456,0.05795545247252728,-0.014087814877945049,-0.010440051774557606,0.002360687989254567,0.001163786746324085,-0.00021876267919073214,-9.551599681570188e-05,1.0499811131342639e-05,6.078985010982211e-06,6.883656441849516e-08,12.0
0.5924999999999998,1.2153695430346123,0.4336966111357299,1.6918348064725917,0.05927677228800857,-0.013581728844904566,-0.010579954065616806,0.002275216840825707,0.0011711922704955864,-0.00020915908730679967,-9.537131728636102e-05,9.717340720828154e-06,5.997223457728552e-06,1.1184448352504601e-07,12.0
0.5954999999999999,1.2127852795902034,0.4300782943044982,1.6888086404516294,0.06059801846444077,-0.013058724750903004,-0.010714441220017083,0.002187866766443313,0.0011779939040763873,-0.00019939930516762476,-9.519257011382971e-05,8.927285186415815e-06,5.914085751237087e-06,1.54559475304808e-07,12.0
0.5985,1.2101853022632947,0.4263696652825405,1.6856454588669205,0.061918726515020575,-0.012518004560716082,-0.01084303654444539,0.0020986199556697113,0.0011841451513210563,-0.00018949404543457902,-9.497642423095082e-05,8.132884949449469e-06,5.8294127172692175e-06,1.9642391337960916e-07,12.0
0.6015000000000001,1.2075704366363178,0.42256983513243646,1.6823399580350578,0.06323764074092045,-0.011958878129023229,-0.010965039351069834,0.002007468634692359,0.0011895615429150296,-0.0001794494147673784,-9.471467190357205e-05,7.335738138555502e-06,5.742682512451717e-06,2.3718206358766484e-07,12.0
0.6044999999999998,1.204940479075075,0.4186787896147545,1.6788875136274353,0.06455275456447822,-0.01138075048581569,-0.011079538697319717,0.001914410021999524,0.001194122988139325,-0.00016926575645722175,-9.439449039405786e-05,6.53562097645998e-06,5.653027778273106e-06,2.769033873455367e-07,12.0
0.6074999999999999,1.202294447653369,0.4146972095982737,1.6752840987506592,0.06586143480608092,-0.010783122970227831,-0.011185452799201738,0.0018194504848283073,0.001197681100484455,-0.0001589392655470232,-9.399935999458832e-05,5.730875195001074e-06,5.559303668907284e-06,3.159190521461087e-07,12.0
0.6105,1.1996308811804588,0.4106262182918759,1.671526198939238,0.06716060379766188,-0.010165604899939722,-0.01128158591883425,0.001722616500629743,0.00120006999221004,-0.0001484656300153148,-9.351045157312472e-05,4.9192083459478675e-06,5.4601933449667435e-06,3.546956163983571e-07,12.0
0.6135000000000002,1.196948139629302,0.40646710610948816,1.6676107252541008,0.06844694136144466,-0.009527927841494612,-0.011366690629560194,0.0016239678732732443,0.0012011182801916387,-0.0001378443843022026,-9.290819873906517e-05,4.098645858183405e-06,5.354329803960331e-06,3.9368548961609584e-07,12.0
0.6164999999999998,1.1942446616884344,0.4022210843721018,1.6635349269741821,0.06971706816334684,-0.00886995500937045,-0.01143952343687753,0.0015236087236064207,0.0012006600328468182,-0.00012708266892103116,-9.217376313107165e-05,3.268374251559851e-06,5.240411947155843e-06,4.331935654296726e-07,12.0
0.6194999999999999,1.1915191475261167,0.3978891052270154,1.6592963074639073,0.0709676822872872,-0.008191681355452961,-0.011498885283894249,0.0014216932731143063,0.0011985430252181065,-0.00011619749979163962,-9.129017610297038e-05,2.4292935332705156e-06,5.117297911108182e-06,4.732876177201073e-07,12.0
0.6225,1.1887706547663783,0.39347176310752396,1.654892546553546,0.07219563750268293,-0.007493223457878633,-0.01154364382249657,0.0013184254858453822,0.0011946336469479686,-0.00010521623379536306,-9.024305874652336e-05,1.5842102978647563e-06,4.984067230640786e-06,5.137630420670522e-07,12.0
0.6255000000000002,1.185998616086734,0.3889692711704067,1.6503214303303628,0.0733979682299191,-0.00677480115013013,-0.01157273942166058,0.0012140534802652517,0.0011888187435173847,-9.417545468369957e-05,-8.902093773709427e-05,7.377085330854942e-07,4.840051916777814e-06,5.541567488473372e-07,12.0
0.6284999999999998,1.1832028007623476,0.38438149149450085,1.6455807866994443,0.07457187731509975,-0.00603671446906063,-0.011585180125150897,0.001108860793353133,0.0011810052713479274,-8.311884590916197e-05,-8.761525061169555e-05,-1.0419744076418779e-07,4.6848423412531474e-06,5.937949697934379e-07,12.0
0.6315,1.1803832466135855,0.37970799343670186,1.64066842418947,0.07571470612486654,-0.0052793199784777,-0.011580031593157543,0.0010031569252749771,0.0011711188088718678,-7.20947137418736e-05,-8.60201578772971e-05,-9.34504143612439e-07,4.518275925557567e-06,6.318568843424524e-07,12.0
0.6345000000000001,1.1775401845186888,0.3749481190184982,1.6355820725586978,0.07682390320759314,-0.0045030101314881815,-0.011556406913666571,0.000897269247258228,0.0011591017743704049,-6.115371672314111e-05,-8.42322612241451e-05,-1.7456505772080476e-06,4.340415746099905e-06,6.674389355581751e-07,12.0
0.6375000000000002,1.1746739692794435,0.37010104338189825,1.6303193258696038,0.07789700093448398,-0.0037081984183052878,-0.011513459068360042,0.0007915376092142361,0.0011449118480502376,-5.034714014672088e-05,-8.225029029553622e-05,-2.5298770837387043e-06,4.151523930584346e-06,6.996105674329055e-07,12.0
0.6404999999999998,1.171785022723716,0.3651658277418649,1.6248775906749406,0.07893160244004317,-0.002895311931449289,-0.011450376803659967,0.0006863121499906238,0.0011285207678921954,-3.9725825500062895e-05,-8.007478740716603e-05,-3.27948924607572e-06,3.952032718938191e-06,7.274579506861119e-07,12.0
0.6435,1.1688737900553,0.3601414689816861,1.6192540433081166,0.07992537598954712,-0.0020647919617435384,-0.011366383320893143,0.0005819541298733256,0.0011099134764943738,-2.9339693707693995e-05,-7.77078028552243e-05,-3.98703344425255e-06,3.7425151525887735e-06,7.501162059394746e-07,12.0
0.6465000000000001,1.1659407087796452,0.3550269532952621,1.613445601202384,0.08087605127284889,-0.0012171025206693918,-0.011260736712144694,0.00047883918235772853,0.001089087555855382,-1.9237712581392678e-05,-7.515261371169713e-05,-4.645403425010056e-06,3.5236575355959093e-06,7.667922226464613e-07,12.0
0.6495000000000002,1.1629861833492638,0.3498213217352792,1.6074489228548379,0.0817814117189385,-0.00035274835863976497,-0.01113273160889435,0.00037736275888908553,0.0010660530002799557,-9.46825279905392e-06,-7.241349390404032e-05,-5.247879685758877e-06,3.2962368643104827e-06,7.767776680788679e-07,12.0
0.6524999999999999,1.1600107933624784,0.34452375847472716,1.6012601316175707,0.082639274084058,0.0005277687499631337,-0.010981687936170019,0.00027792825507368774,0.0010408305558919796,-7.587907504057249e-08,-6.949538567344714e-05,-5.788719194088864e-06,3.0610935668349415e-06,7.795330650397887e-07,12.0
0.6555,1.1570152649620982,0.3391337115520604,1.5948749145742132,0.08344744911262318,0.0014239070137790151,-0.010806951787819855,0.00018095735650904563,0.001013452234320412,8.897398174358713e-06,-6.640383614896241e-05,-6.263013416099096e-06,2.8191254081829507e-06,7.746724780920168e-07,12.0
0.6585000000000001,1.1540102206136649,0.3336512291517024,1.5882753589404863,0.08420351683653217,0.002338007759894445,-0.01060729692587167,8.613251692108098e-05,0.000983885132153011,1.7566921344225703e-05,-6.313762985826423e-05,-6.691110826447383e-06,2.5707814253656708e-06,7.651724599304765e-07,12.0
0.6615000000000002,1.1510243490446224,0.32807774587889743,1.5814189283152984,0.08490423219914757,0.0032776243451415215,-0.010380299015721167,-8.171926562353952e-06,0.0009519590817871964,2.6324412244785184e-05,-5.968160265629618e-05,-7.137282409478439e-06,2.3155487925239907e-06,7.597951889186601e-07,12.0
0.6644999999999999,1.1480840921928415,0.32241649509306297,1.5742663487068058,0.08554527999573933,0.004249152784322788,-0.010123453609156964,-0.00010322401317031411,0.00091751829398896,3.550371671999457e-05,-5.602064174723865e-05,-7.65701905560975e-06,2.0528382219649146e-06,7.661539661167824e-07,12.0
0.6675,1.145181469582156,0.3166716476516043,1.5668257968262465,0.08612213813518715,0.005248165550024827,-0.009836345446293573,-0.0001975358484084706,0.0008806873083889615,4.489143726995913e-05,-5.2165078291933015e-05,-8.220243266178005e-06,1.7836667815419502e-06,7.80703748936878e-07,12.0
0.6705000000000001,1.142272775571585,0.3108469871745621,1.5591549843385202,0.08663134178668576,0.006259385535966699,-0.009521156465122206,-0.00028700332527091207,0.0008419136260210831,5.3747105240231486e-05,-4.815591964340707e-05,-8.714764670088366e-06,1.5111125649680196e-06,7.892723095676849e-07,12.0
0.6735000000000002,1.139310246359068,0.30494563893821874,1.551318276643581,0.08707084160055359,0.007266432275329964,-0.009180948811236284,-0.000367438854392442,0.0008017481711133398,6.131198996471412e-05,-4.404557769505913e-05,-9.025991841955703e-06,1.2392127276664197e-06,7.774665339108019e-07,12.0
0.6764999999999999,1.136270832935255,0.298971055287785,1.543347815382389,0.08743927217117967,0.008260266113159168,-0.008817767491696157,-0.0004366317785773435,0.0007606282859274886,6.722960052775323e-05,-3.987786887843455e-05,-9.102232068975079e-06,9.717291839149593e-07,7.390899409156098e-07,12.0
0.6795,1.133159598301482,0.2929282321143152,1.5352391944031105,0.08773499761144385,0.009239847550089228,-0.008432172392202685,-0.0004944195433745775,0.0007188391180034643,7.156642383881952e-05,-3.568346834998109e-05,-8.957426408947606e-06,7.117650179958916e-07,6.764121989436963e-07,12.0
0.6825000000000001,1.129995861298029,0.2868243055964441,1.5269705224346775,0.08795565478112462,0.010207800338461331,-0.00802394417242808,-0.0005415796810830398,0.0006766011796817964,7.45913051181434e-05,-3.1486602602243275e-05,-8.636583051589917e-06,4.6201965332834387e-07,5.956621636567921e-07,12.0
0.6855000000000002,1.1267993314755398,0.28066845678361124,1.5185214299940473,0.08809824671895386,0.011166301207982858,-0.007592946576443936,-0.0005788466142721142,0.000634161540351891,7.657574583324201e-05,-2.731232858675592e-05,-8.184756543316409e-06,2.2510371192914079e-07,5.030307544847912e-07,12.0
0.6884999999999999,1.1235840388002365,0.274471455871908,1.5098814744763882,0.08815948968717575,0.012115396259121815,-0.007139581442043,-0.0006065464761548259,0.0005918319009892861,7.771664849350077e-05,-2.3189361392919474e-05,-7.63510005892747e-06,3.6413833572635796e-09,4.031461323202471e-07,12.0
0.6915,1.1203583733282152,0.2682451283406341,1.501050246530023,0.08813616394413908,0.013053129574534356,-0.006664859443263734,-0.0006246619957542667,0.0005499830689374281,7.814545947904186e-05,-1.914915290116728e-05,-7.0102329432763724e-06,-1.9980993875022502e-07,2.9925224366874005e-07,12.0
0.6945000000000001,1.117127207443004,0.2620018521198768,1.4920346134343965,0.08802537732765807,0.013976257131508235,-0.0061703029850346544,-0.0006330191196100467,0.0005090220970310516,7.796203638084824e-05,-1.5223449162334254e-05,-6.327345498517598e-06,-3.829141531454659e-07,1.9385533559708918e-07,12.0
0.6974999999999998,1.1138937568462086,0.2557540966354793,1.4828462348752809,0.08782474678474708,0.014880866018085567,-0.005657827675002421,-0.0006314347848274838,0.00046936813038978904,7.726059497037465e-05,-1.1441773655002845e-05,-5.6020252493876365e-06,-5.437108201575865e-07,8.920043701164857e-08,12.0
0.7004999999999999,1.1106606473850997,0.24951399717940326,1.4735000358058947,0.08753252627533205,0.01576276030834909,-0.005129647466039061,-0.0006197974306647575,0.000431432035241277,7.61417492891339e-05,-7.829392434670737e-06,-4.849913602167971e-06,-6.807344227508806e-07,-1.253077960122119e-08,12.0
0.7035,1.107430410299239,0.243292968728382,1.464013310887719,0.08714770300425359,0.01661768861434139,-0.004588201257160176,-0.0005981007224347976,0.00039560044846970204,7.471480924461165e-05,-4.405922683983693e-06,-4.086858273709783e-06,-7.930824501522744e-07,-1.0921229326894955e-07,12.0
0.7065000000000001,1.1042056976336705,0.23710136955374828,1.4544050612898218,0.08667007506563837,0.017441499980459782,-0.004036091765898367,-0.000566452384515331,0.00036222431027151504,7.309503948680928e-05,-1.1846405803065538e-06,-3.3283067360526446e-06,-8.804252080221799e-07,-1.988588791173672e-07,12.0
0.7094999999999998,1.1009893902499044,0.23094822085840216,1.4446953523611028,0.08610031857459632,0.018230273799150157,-0.003476032668085589,-0.0005250704209415232,0.0003316121152297321,7.139877801528369e-05,1.8275096364547962e-06,-2.5884104351461597e-06,-9.429583640407198e-07,-2.7974244984351446e-07,12.0
0.7124999999999999,1.0977846768656985,0.22484098001842234,1.4349046365642744,0.08544004915030506,0.018980437213768412,-0.002910803944068858,-0.00047427206909293827,0.0003040279086778143,6.973794455799309e-05,4.629281400966908e-06,-1.8791002231565884e-06,-9.813078111220503e-07,-3.5050502556315683e-07,12.0
0.7155,1.094595141223818,0.21878535948610267,1.425053064869426,0.08469187852436741,0.019688867795502142,-0.002343215880526829,-0.0004144577265411017,0.0002796934963645477,6.821478513486101e-05,7.224028537075317e-06,-1.2092839806134792e-06,-9.964034831091626e-07,-4.1024841927686044e-07,12.0
0.7185000000000001,1.0914248795094725,0.2127851871567768,1.415159837151827,0.08385946053092572,0.020352973897593704,-0.0017760805895280342,-0.00034609113807686573,0.0002587937090110108,6.691737738781507e-05,9.6183717487438e-06,-5.842579254307937e-07,-9.893425588372665e-07,-4.585893090000385e-07,12.0
0.7214999999999998,1.0882786564946034,0.20684231995356747,1.405242643879182,0.08294751132369639,0.020970744805559084,-0.0012121876098875324,-0.0002696772270818805,0.00024148305208205833,6.591626048598307e-05,1.1820884431257621e-05,-5.385483417966619e-09,-9.612627346740698e-07,-4.956742745363401e-07,12.0
0.7244999999999999,1.0851620834392155,0.20095664852113726,1.3953172434831598,0.08196177734269608,0.021540765126744185,-0.0006542780361415917,-0.00018573972252945963,0.0002278917350176908,6.526250309642613e-05,1.38410474135495e-05,5.299221589288234e-07,-9.132437661794186e-07,-5.221529426042968e-07,12.0
0.7275,1.0820817628271602,0.1951262585560468,1.3853972113739565,0.08090891473897609,0.02206219164190235,-0.0001050104109741778,-9.480192574109179e-05,0.0002181289454953788,6.498755590160102e-05,1.5688686583332017e-05,1.0278926431722787e-06,-8.462513006005536e-07,-5.39108647731762e-07,12.0
0.7305000000000001,1.0790453070653938,0.18934782785464827,1.3754938904916054,0.07979624217941364,0.022534695284042863,0.0004330877776508449,2.6249789415919147e-06,0.00021228142204293796,6.510525614647754e-05,1.7374038737218548e-05,1.4977145058250752e-06,-7.611314237921011e-07,-5.479465881022787e-07,12.0
0.7334999999999998,1.076061124213984,0.18361731854973307,1.3656165655815442,0.07863134359753397,0.022958375282903138,0.0009576857381390476,0.00010604168980325011,0.00021040609650319132,6.561619457042823e-05,1.8908476244784568e-05,1.950485483485456e-06,-6.586566472799391e-07,-5.502424674332851e-07,12.0
0.7364999999999999,1.0731378994388419,0.17793095748649904,1.355772865019644,0.07742153444617716,0.023333656149628523,0.0014667282277382714,0.0002149463230278068,0.00021251702558363773,6.651417679495168e-05,2.030575160309222e-05,2.397847335196729e-06,-5.396135461092005e-07,-5.475627573699911e-07,12.0
0.7395,1.0702837963169463,0.1722863888997044,1.345969357576813,0.07617326094549887,0.023661180528389697,0.0019585148570252665,0.00032880776719833256,0.00021856893451814726,6.779373902220123e-05,2.15834204502851e-05,2.8504823521455677e-06,-4.049098876791841e-07,-5.412804136073766e-07,12.0
0.7425000000000002,1.067505534096346,0.1666837659592007,1.336212260078275,0.07489155869821577,0.023941711585998907,0.002431759365481089,0.00044703436616122354,0.00022844186809001878,6.94569053714333e-05,2.2763935767962445e-05,3.3167635430266664e-06,-2.5566875695114817e-07,-5.324216839862697e-07,12.0
0.7454999999999998,1.064807605910442,0.16112648003756314,1.3265081239070673,0.07357972471877203,0.02417605722001637,0.002885606494732851,0.0005689494291046608,0.00024193261581321296,7.151708675992712e-05,2.387487882091378e-05,3.8018948540460512e-06,-9.327493427604529e-08,-5.215819526310132e-07,12.0
0.7484999999999999,1.0621919167795053,0.1556212670696167,1.316864351906673,0.07223932713185355,0.024365024756978427,0.0033195917228804584,0.0006937847754977115,0.0002587576802078129,7.399861746355593e-05,2.4947980934966474e-05,4.307786948076143e-06,8.065051190924317e-08,-5.089348973849467e-07,12.0
0.7515000000000001,1.059658000482322,0.15017759671477832,1.307289433759319,0.07087058404885212,0.024509409173154847,0.0037335457899278874,0.0008206978212503045,0.0002785693037862738,7.69318741885592e-05,2.601697494379449e-05,4.833689913746739e-06,2.6434846005498904e-07,-4.943312297305662e-07,12.0
0.7545000000000002,1.0572037557282945,0.14480648989867517,1.2977928732762956,0.06947301820877398,0.024610011118881184,0.0041274654731067745,0.0009488085550050519,0.0003009815113257203,8.034562800296863e-05,2.71147506283743e-05,5.377335513276488e-06,4.560668091242966e-07,-4.774524390898301e-07,12.0
0.7574999999999998,1.0548264297767638,0.13951911394858738,1.2883848803874878,0.06804619494435976,0.024667674965647878,0.004501384953946718,0.0010772446560131385,0.00032559937772811537,8.425935239495247e-05,2.8270561908335625e-05,5.9361646666057365e-06,6.542081383725017e-07,-4.5796715941721654e-07,12.0
0.7605,1.0525234899648548,0.1343255646099423,1.2790759651225305,0.06659033076735044,0.02468333389809751,0.004855281097284352,0.0012051804220748132,0.00035204381097951875,8.867803600704121e-05,2.9507993061449615e-05,6.5082295080916436e-06,8.574361166894874e-07,-4.356430614803518e-07,12.0
0.7635000000000001,1.0502931118871013,0.12923412768674247,1.2698765687787654,0.06510663004220756,0.02465805008068384,0.0051890311697780685,0.0013318594471981113,0.00037996658291511486,9.359073893265891e-05,3.0844056032103624e-05,7.092553293898881e-06,1.0647159518327343e-06,-4.1039229995593157e-07,12.0
0.7665000000000002,1.048134222475087,0.12425108870861762,1.2607968051925602,0.0635973275729817,0.02459304278934281,0.005502420964580044,0.0014565992558030613,0.0004090547389457526,9.897248378746056e-05,3.22893490690026e-05,7.68898850732765e-06,1.2752914231851138e-06,-3.822586110619436e-07,12.0
0.7694999999999999,1.0460459861835423,0.11938095184422697,1.2518466094894465,0.06206552061715604,0.02448965456722185,0.005795176340236986,0.001578790075071617,0.00043902654846484637,0.0001047861303421461,3.3848826118899815e-05,8.297981963784476e-06,1.488617299838386e-06,-3.5139574106600784e-07,12.0
0.7725,1.0440421192456883,0.11462712462021102,1.2430183903773693,0.060514735253855347,0.024352078397169612,0.006067556347830458,0.0016975228487758121,0.00046967235192394016,0.00011108867590774032,3.552737017981788e-05,8.910165466430462e-06,1.7045503647864268e-06,-3.168143705743086e-07,12.0
0.7755000000000001,1.0421067782282387,0.10999223244724392,1.234338672769592,0.05894875847424285,0.024179116461803127,0.006318832085969574,0.0018126602318319974,0.0005006960363393626,0.00011772722116388502,3.731910991890085e-05,9.536254016839418e-06,1.9224209067758994e-06,-2.799897786888672e-07,12.0
0.7785000000000002,1.041013427770871,0.1054933193883383,1.2249144791620943,0.05736230822664367,0.02411223540195019,0.006575733986744795,0.0019057456001479777,0.0005345532778313422,0.0001298806173283534,3.948368267826325e-05,9.698664634139682e-06,2.1576093138609786e-06,-1.8211611316732138e-07,12.0
0.7814999999999999,1.0398914792368041,0.10114636298412372,1.2157626865461524,0.05575066719721143,0.023994405134541687,0.006809857471578927,0.001996142686472227,0.0005676000754387855,0.0001416970438296967,4.179153048294846e-05,9.939235467435087e-06,2.389677318241358e-06,-8.963221782099498e-08,12.0
0.7845,1.0384008731552823,0.09693414171713279,1.2072850669795694,0.05412862701412882,0.02376780119581446,0.007009018317363668,0.002091320288628765,0.0005985693700117115,0.00015081538338657498,4.4076032404804164e-05,1.0452920090970824e-05,2.611651647262777e-06,-2.762983833334649e-08,12.0
0.7875000000000001,1.036733453673753,0.09284479281548039,1.1992642878455728,0.05250793146794367,0.02347066689397903,0.007179139031238336,0.00218661768959274,0.0006281666626275336,0.00015845827318983755,4.635241848247536e-05,1.1115375832959546e-05,2.8284984697675948e-06,1.831530272351016e-08,12.0
0.7905000000000002,1.0350560599142418,0.08887555004162237,1.1915113172356162,0.050894499317889946,0.023135678237003646,0.007325812263650903,0.0022779712601718703,0.0006569119840210426,0.00016569347654760976,4.8655746938118705e-05,1.182453265485384e-05,3.0441159670616206e-06,6.027749692352682e-08,12.0
0.7934999999999999,1.033426780705113,0.08502596486946717,1.183962583517693,0.04929233964039668,0.02277558227140856,0.007451262734242239,0.0023638178867263896,0.0006848906047952862,0.00017286641625695898,5.099256415425129e-05,1.2543994570106715e-05,3.259540474975917e-06,1.0227449799710315e-07,12.0
0.7965,1.0318576290716301,0.08129526730041194,1.1766072729809178,0.047705183565230895,0.022394855180155635,0.007556303447796695,0.0024436693565359534,0.0007120231274869622,0.00018001965378793946,5.335390081594482e-05,1.3263560525093165e-05,3.4745701676640646e-06,1.4503121974182984e-07,12.0
0.7995000000000001,1.0303490432097493,0.07768175378265384,1.1694472290474678,0.04613683768846928,0.021996001332571617,0.007641429062968421,0.0025173218051494925,0.0007382059386749836,0.0001871267219243977,5.5726270406312015e-05,1.3978660663766877e-05,3.6886696863116237e-06,1.8852916649280642e-07,12.0
0.8025000000000002,1.0288988465644922,0.07418249395359457,1.162486328645085,0.04459129600798074,0.02158122206299677,0.007707093237785184,0.0025846410671196804,0.0007633490926587726,0.0001941557820152178,5.8095209901709944e-05,1.4685006236439986e-05,3.901224102500119e-06,2.326843016119219e-07,12.0
0.8054999999999999,1.0275037463902523,0.07079320762860647,1.1557285440932603,0.043072762491085555,0.021152712942344505,0.007753756583971896,0.002645522362125825,0.0007873824640142286,0.00020108162686074008,6.044631421220364e-05,1.5377720618425102e-05,4.111587723451661e-06,2.774668051098907e-07,12.0
0.8085,1.0261597272079526,0.06750849980272584,1.1491775310555794,0.041585523370835244,0.020712677787214525,0.0077819133934741115,0.0026998883482174975,0.0008102522529059538,0.0002078862181473524,6.276595149536419e-05,1.6051497982052813e-05,4.319081386303574e-06,3.2289497975558294e-07,12.0
0.8115000000000001,1.0248626472004088,0.0643225403321264,1.1428363259696772,0.0401336448589332,0.020263273379747697,0.007792137245840736,0.0027476980545810795,0.0008319121899088688,0.00021455573903574157,6.504208163885128e-05,1.670109928787301e-05,4.5229709710683975e-06,3.6898989923978966e-07,12.0
0.8144999999999998,1.023609079709486,0.06123006686491954,1.1367070167217261,0.03872055943392862,0.01980652977980716,0.007785138309675386,0.002788959491198962,0.0008523121436168344,0.00022107610294092573,6.726504905620937e-05,1.732196703378236e-05,4.722440627885704e-06,4.1571544662867e-07,12.0
0.8174999999999999,1.0223971166064936,0.05822741425473101,1.1307904669609783,0.037348671326892444,0.01934427731814981,0.007761810925149892,0.002823740000726133,0.0008713880234242875,0.0002274285885605678,6.942808674245298e-05,1.7910752978113014e-05,4.9165758492439764e-06,4.6292564665750987e-07,12.0
0.8205,1.021226811476107,0.055313234303101054,1.1250861868537996,0.03601911771161335,0.01887810751832282,0.007723250648968074,0.002852169367703314,0.0008890567559572581,0.0002335871891988844,7.152732804316732e-05,1.8465583818264742e-05,5.104369449906287e-06,5.103382941721063e-07,12.0
0.8235000000000001,1.0201000828955553,0.05248868845574024,1.1195923969874257,0.0347317628862889,0.018409379885429147,0.0076707311409352046,0.002874433795305006,0.0009052181968817375,0.00023951853149873308,7.356129331081107e-05,1.8985992522859292e-05,5.2847548394801575e-06,5.575433136570307e-07,12.0
0.8264999999999998,1.0190201219437611,0.04975710137160787,1.1143062701729027,0.03348541344330644,0.017939266399044973,0.007605646260760493,0.002890762601976313,0.0009197631688937293,0.00024518417524024226,7.552999956429067e-05,1.947256579978811e-05,5.456660145841099e-06,6.040411927958571e-07,12.0
0.8294999999999999,1.0179905276705148,0.04712324503212044,1.1092242889597617,0.032278170169088294,0.01746881159692406,0.007529433832653709,0.002901411910135158,0.0009325847873490084,0.00025054430186773226,7.743394344590953e-05,1.9926439801547914e-05,5.619069389222311e-06,6.492977708556262e-07,12.0
0.8325,1.0170144476720036,0.04459250500917587,1.1043426396309943,0.031107806039459687,0.01699898438445768,0.007443500595238321,0.0029066497486329368,0.0009435896473989579,0.0002555615601835896,7.927320157122256e-05,2.0348789475654066e-05,5.771075887236309e-06,6.927997762444533e-07,12.0
0.8355000000000001,1.016093928304854,0.04217015439553305,1.0996575723094182,0.02997207802366853,0.016530706722061254,0.007349163743892117,0.002906745280560465,0.0009527061900430619,0.0002602041275216851,8.104680954590355e-05,2.0740415799091018e-05,5.911917470201335e-06,7.340996057384945e-07,12.0
0.8384999999999998,1.0152295439224996,0.03986086977071372,1.0951656778974024,0.02886892225317193,0.016064857725752765,0.0072476170204209805,0.0029019625288531775,0.0009598889498267227,0.00026444758426842125,8.275247832502704e-05,2.110147474310399e-05,6.040989767113343e-06,7.728443156546896e-07,12.0
0.8414999999999999,1.0144202551058656,0.03766852093287385,1.0908640542602503,0.027796524614574075,0.015602262537133626,0.0071399221963561015,0.002892557243813165,0.0009651187112091291,0.0002682756814275184,8.438662680644834e-05,2.143134402029639e-05,6.157839806540208e-06,8.087892446010795e-07,12.0
0.8445,1.013663393815102,0.03559618519504966,1.0867503520225263,0.026753289841821182,0.015143679454080168,0.0070270217346346635,0.002878775123261385,0.0009683995085685173,0.00027168032637954297,8.594466481472226e-05,2.1728603065288133e-05,6.2621460556950105e-06,8.41799438417251e-07,12.0
0.8475000000000001,1.0129546975329167,0.03364628583465953,1.082822705268291,0.02573775077975259,0.014689795942761805,0.006909765279099187,0.0028608504223493333,0.0009697538905126122,0.0002746611083749343,8.742144151578159e-05,2.199110555799864e-05,6.353692872160898e-06,8.718422502060877e-07,12.0
0.8504999999999998,1.0122883865929362,0.03182072953836632,1.0790795653137695,0.024748468813520278,0.014241236905394201,0.006788940781297468,0.0028390054508844946,0.000969218051862539,0.0002772245346723224,8.881176784270104e-05,2.2216139090229323e-05,6.43234773834717e-06,8.989733455634891e-07,12.0
0.8534999999999999,1.0116573506664563,0.030120920285828044,1.0755194657309337,0.023783976776420936,0.013798580875580915,0.0066653005312542445,0.002813452623847277,0.0009668383491190629,0.00027938298814364807,9.011092300352657e-05,2.2400677559174656e-05,6.498048739328849e-06,9.233172408406354e-07,12.0
0.8565,1.011053534604515,0.028547565092593066,1.0721407525113686,0.02284280324833529,0.013362375177834803,0.00653957386338289,0.0027844007703498484,0.0009626702718829757,0.0002811533538815551,9.131506778623842e-05,2.2541726283365703e-05,6.550807121105383e-06,9.450433846552475e-07,12.0
0.8595000000000002,1.0104685667141342,0.027100263745497774,1.0689413143360031,0.021923589545612857,0.012933141350674027,0.006412462441665059,0.0027520660359697923,0.0009567800859906703,0.00028255533611361294,9.242151123809236e-05,2.2636735664532447e-05,6.5907248838280975e-06,9.643398720481522e-07,12.0
0.8624999999999998,1.0098945703344535,0.02577697259175374,1.0659183447888048,0.021025273594908668,0.012511366594618966,0.006284620299250252,0.002716685270263636,0.0009492484453982301,0.00028360955114986277,9.342885514966004e-05,2.268400857845052e-05,6.618026270650733e-06,9.813875455386938e-07,12.0
0.8654999999999999,1.0093249964555076,0.024573509802243428,1.0630681624429723,0.020147282397899115,0.012097484222877103,0.0061566261102523265,0.002678527841334659,0.0009401747262307123,0.00028433533296980053,9.433724403946262e-05,2.268292882748806e-05,6.6331204039333e-06,9.963337038013369e-07,12.0
0.8685,1.0087552731538074,0.02348328202127187,1.0603861090122142,0.01928966007217405,0.011691858594647867,0.006028950193912768,0.002637906966436762,0.0009296777682612687,0.0002847493231720939,9.514866532698441e-05,2.2633889954859866e-05,6.636711013004667e-06,1.0092625252922132e-06,12.0
0.8715000000000002,1.0081831110353117,0.022497352983957063,1.0578665207142735,0.018453083746658792,0.011294790781874018,0.005901908777255637,0.002595205108514098,0.0009178801002308283,0.00028487077110995833,9.586529242916773e-05,2.253843339002456e-05,6.629838084150281e-06,1.020177948645128e-06,12.0
0.8744999999999998,1.0076084003355816,0.02160487591376131,1.0555027117013023,0.017638819343787464,0.010906476612055977,0.005775653043017564,0.002550905489147981,0.0009048687134107121,0.0002847405111718965,9.648260010526782e-05,2.2400679985174642e-05,6.613610430637501e-06,1.0290339965639803e-06,12.0
0.8775,1.007032726906861,0.02079376986694821,1.0532871173115754,0.01684867227133502,0.01052674970899766,0.005650375638739035,0.0025055183639844697,0.0008906774817163388,0.00028444127856145577,9.697944109587034e-05,2.2229751267290863e-05,6.588692953535221e-06,1.0357940571620838e-06,12.0
0.8805000000000001,1.0064585308943457,0.020051478469811146,1.0512124156019764,0.016084447761173924,0.010154853389476935,0.00552677489865163,0.0024592658939744886,0.0008753807011172903,0.0002840810855707902,9.731587305131237e-05,2.2040371748986956e-05,6.555123633743123e-06,1.0404067668490375e-06,12.0
0.8835000000000002,1.0058879259823148,0.019366385291793162,1.049272893061844,0.01534618375519923,0.009790416527914224,0.005406060107492119,0.002411727708087865,0.0008592984641814101,0.0002837208241032881,9.744622704947326e-05,2.1850037700585596e-05,6.512849544647283e-06,1.0426343423846316e-06,12.0
0.8864999999999998,1.0053230568610254,0.018730521490201043,1.0474582905776693,0.0146315778876624,0.009436016750285407,0.005288406159976989,0.0023621071957430047,0.0008431475679911114,0.0002832942354080917,9.734049102059667e-05,2.1676745735170966e-05,6.4627559407076994e-06,1.041871723933294e-06,12.0
0.8895,1.004774881396364,0.018136866797746086,1.0457348414745695,0.013943318909496079,0.009097676161070276,0.005170530750210853,0.002310473927391289,0.0008279580449085487,0.0002825950792723347,9.700167600829324e-05,2.1542583269443874e-05,6.407754870571622e-06,1.0371647748320183e-06,12.0
0.8925000000000001,1.0043302339256457,0.01754784201574213,1.0439553549900529,0.013294668193716363,0.008787961830146086,0.005048212087252196,0.0022580207364325438,0.0008146735682704326,0.00028160741917509905,9.653437494569517e-05,2.1477422185636844e-05,6.35573211879733e-06,1.0294448915694005e-06,12.0
0.8955000000000002,1.0039696298398793,0.01693096472718761,1.042162955806321,0.012704181123890209,0.008489566390594935,0.004916531482366303,0.0022084398088404464,0.0008032085600321162,0.0002799786089291088,9.597647151687947e-05,2.148990287384547e-05,6.304904015807555e-06,1.0171468528769591e-06,12.0
0.8984999999999999,1.0068651003947693,0.016313286446495892,1.0371607718164937,0.012148865244381723,0.008612194984686617,0.004802644011112054,0.0021026810489406258,0.0007990821551402093,0.000290513262453257,9.677014749414489e-05,2.104967596575379e-05,6.398296017759932e-06,1.1170470911619733e-06,12.0
0.9015,1.0067041987453933,0.015582271716472204,1.0353850191743155,0.011680280568342851,0.008351502273892484,0.004661429252502318,0.002049855377578946,0.0007876116566539948,0.0002891211257051775,9.638653655647989e-05,2.1061537134771242e-05,6.327519141546132e-06,1.1038551020105747e-06,12.0
0.9045000000000001,1.006212979884337,0.014814187012104293,1.034018935682683,0.011289190932499053,0.008072500173342496,0.004508703639961775,0.001998249522815651,0.0007767498340037688,0.00028741570935657333,9.585098366975679e-05,2.1021379965619827e-05,6.225500616935831e-06,1.0816164829815183e-06,12.0
0.9075000000000002,1.0056960827415777,0.014067757761884844,1.0327730408155456,0.010932988678725374,0.007794289206281896,0.0043524548255317085,0.0019481096099778173,0.00076772889664292,0.0002861170037326377,9.517472933913773e-05,2.0883543507475757e-05,6.100493500529929e-06,1.0572246801877207e-06,12.0
0.9104999999999999,1.005193482361117,0.013348627038913081,1.0315631593793038,0.010584911997543635,0.007518917165855334,0.004200533144630013,0.0019019793276760563,0.0007603787311223247,0.00028493646809506803,9.430032926733192e-05,2.0649303424770595e-05,5.953984512461408e-06,1.0307667946086294e-06,12.0
0.9135,1.0047078491672552,0.012647320731188929,1.0303612893567078,0.010242718146932837,0.00725180257888466,0.004055695419283432,0.0018591135935748116,0.0007536027967652294,0.0002834863099248082,9.319265269495526e-05,2.0332601666409302e-05,5.790666028167155e-06,1.0028702556996532e-06,12.0
0.9165000000000001,1.0042410188897821,0.011965182329952254,1.0291726862223627,0.009910004695874266,0.006994539054625331,0.0039163555948751524,0.001817312712663223,0.0007462978407383269,0.00028154090861992023,9.188153851738375e-05,1.996314450576149e-05,5.618662855737694e-06,9.747067436933847e-07,12.0
0.9195000000000002,1.0037984713168446,0.011309329390052802,1.0280050072797187,0.00958646013032307,0.0067454487976023915,0.0037805660193611272,0.001775339813367133,0.0007381152946702921,0.0002791647263151462,9.04633219896076e-05,1.9579919076144214e-05,5.446968058113723e-06,9.474877837780045e-07,12.0
0.9224999999999999,1.0033866826596474,0.010686669063378739,1.0268608926848863,0.009269314882832294,0.006502973063854192,0.0036480482284687505,0.0017333556407810417,0.0007293189201384578,0.0002765648197707657,8.903817200821949e-05,1.9212633132719844e-05,5.281086897055075e-06,9.21774227310655e-07,12.0
0.9255,1.003011577022217,0.010102829957737468,1.0257415299007753,0.008955931322321375,0.006266529259908971,0.003519501076366968,0.0016919804588228847,0.0007202301013283279,0.00027387893257931756,8.765256123233523e-05,1.8870161338200203e-05,5.121236798420547e-06,8.972709329360779e-07,12.0
0.9285000000000001,1.0026778032057004,0.009561930213498084,1.0246484735884807,0.008644305384924363,0.006035786964267759,0.003395512236391746,0.001651593243195713,0.0007109624297220739,0.00027112202997564946,8.630170558298903e-05,1.8546531236622707e-05,4.964621146604475e-06,8.732740456802696e-07,12.0
0.9315000000000002,1.0023882464136942,0.009066055245829997,1.0235835213301265,0.00833301477769519,0.005810335795567966,0.003276311072782787,0.0016123051277348026,0.000701499786907346,0.00026825777176621034,8.496577668461549e-05,1.823369293724246e-05,4.808708243740927e-06,8.492258280971758e-07,12.0
0.9344999999999999,1.0021437970644904,0.008614889814500579,1.0225484656207,0.008021352231807109,0.005589826147140528,0.003161948479943983,0.0015741403357763595,0.0006918208422312464,0.00026526023678622324,8.363262171283348e-05,1.7927722646380625e-05,4.65250068398531e-06,8.249023433450741e-07,12.0
0.9375,1.001943436354981,0.008205720351427234,1.0215449631968772,0.007709414772442218,0.0053740853373908815,0.0030524101412269114,0.0015371138271415982,0.0006819342494602069,0.000262124293185749,8.229878031466986e-05,1.762791476864169e-05,4.496023989132439e-06,8.003034261702875e-07,12.0
0.9405000000000001,1.0017846215593935,0.00783381681738574,1.0205744187232657,0.007398031774826788,0.005163108857448253,0.002947631098813141,0.0015012325525855662,0.0006718679569354197,0.00025885621012485856,8.096445055204673e-05,1.7334541522832076e-05,4.339605098714448e-06,7.755150186663447e-07,12.0
0.9434999999999998,1.0016638752058076,0.0074931207567544315,1.01963789574935,0.007088590457861473,0.004957010058508837,0.002847497936885438,0.0014664924509505271,0.0006616588760910995,0.00025546703468424473,7.963095906216808e-05,1.7047891837302834e-05,4.183560768948352e-06,7.506423500643667e-07,12.0
0.9464999999999999,1.0015774097239245,0.007177077875869967,1.0187360578540365,0.006782822501927343,0.004755971403772087,0.002751859636041324,0.0014328829206431788,0.0006513483143572511,0.00025196963137344463,7.83001206913289e-05,1.6768116010304173e-05,4.028127462494825e-06,7.257823108941128e-07,12.0
0.9495,1.0015216056036713,0.006879414316996473,1.0178691202169345,0.006482598814127696,0.004560209651387214,0.002660539832679987,0.0014003914032941994,0.0006409790892283831,0.0002483768424444169,7.697396357801318e-05,1.649524374466731e-05,3.873457004778848e-06,7.010071294089842e-07,12.0
0.9525000000000001,1.0014932261493075,0.006594699141139855,1.0170368029672598,0.006189764828304955,0.004369961036067449,0.002573346798392887,0.0013690047330828271,0.0006305932303940459,0.0002447003895118907,7.565449779694153e-05,1.622921624639896e-05,3.7196357174894976e-06,6.763554769419908e-07,12.0
0.9554999999999998,1.001489359883818,0.006318631565990865,1.0162382977678717,0.005906025104577982,0.004185484526273745,0.002490081494535887,0.0013387069114815498,0.0006202301143717315,0.0002409506296808678,7.434355114500855e-05,1.596991109846692e-05,3.5667168248634397e-06,6.518315443993696e-07,12.0
0.9584999999999999,1.0015071759126832,0.006048088969445194,1.0154722735757031,0.005632864754078035,0.0040070734756840936,0.0024105454662730333,0.0013094743259846442,0.0006099247793068183,0.00023713703739517046,7.30426822339956e-05,1.5717150568699983e-05,3.414754349580189e-06,6.274108733532204e-07,12.0
0.9615,1.0015436191643479,0.005781031590288996,1.014736948487346,0.005371486896587152,0.003835063477235368,0.0023345500911528742,0.001281270151527513,0.0005997062582100117,0.00023326910200370998,7.175315091500688e-05,1.5470689148300193e-05,3.263826967043545e-06,6.030506484990209e-07,12.0
0.9645000000000001,1.001595157559232,0.005516369644052998,1.014030240053838,0.005122750653959162,0.0036698274017496623,0.0022619272145154874,0.0012540396379430321,0.0005895959821067114,0.00022935727524830773,7.047591126825299e-05,1.5230180568392866e-05,3.1140439272798707e-06,5.787020734218899e-07,12.0
0.9674999999999998,1.0016576464056273,0.005253867181545615,1.0133499822529748,0.004887107421511165,0.003511754946794513,0.0021925394283296012,0.0012277074513083323,0.0005796064887626996,0.00022541365010839644,6.92116011031422e-05,1.4995129821780018e-05,2.9655309878999557e-06,5.543228680587711e-07,12.0
0.9704999999999999,1.001726329949351,0.00499410274861961,1.012694173768869,0.0046645474451238525,0.0033612199914593226,0.0021262870246111006,0.0012021776574323937,0.0005697407432876335,0.0002214521558168109,6.796052692511077e-05,1.4764842242210899e-05,2.8184005448478773e-06,5.298882780006121e-07,12.0
0.9735,1.0017959781585806,0.004738449465367191,1.0120612086028014,0.004454579024005179,0.0032185421087517372,0.0020631083576110316,0.001177336629514614,0.0005599923394034713,0.0002174881717467368,6.672266622326453e-05,1.4538388357682164e-05,2.672715089324289e-06,5.053989971669719e-07,12.0
0.9765000000000001,1.0018611582182155,0.004488996424460714,1.0114500404783242,0.004256265650232376,0.00308394837215554,0.002002971017617688,0.0011530590862033868,0.0005503467543251642,0.00021353757447061233,6.5497712039819e-05,1.4314607322559436e-05,2.5284554972893725e-06,4.808842343722645e-07,12.0
0.9794999999999998,1.0019166435939708,0.004248329066374762,1.0108602458115221,0.004068339165542102,0.0029575397963391213,0.0019458528607329845,0.0011292172806527296,0.0005407836826568707,0.00020961534822320187,6.428515865893642e-05,1.409217079880184e-05,2.3855042603707693e-06,4.5639839893051355e-07,12.0
0.9824999999999999,1.0019579415772872,0.004019131508272864,1.010291971860013,0.0038893878696077775,0.0028392653586017855,0.0018917149854957183,0.0011056924361543161,0.0005312803974151089,0.00020573393754356328,6.308441869750682e-05,1.3869707560097126e-05,2.243651543715973e-06,4.320105902046857e-07,12.0
0.9855,1.0019818625119896,0.003803661768837319,1.009745781979708,0.003718090627534854,0.0027289055373121867,0.0018404743492659715,0.001082384605920199,0.000521816931976829,0.00020190098952759463,6.189522487055313e-05,1.3645863643073024e-05,2.1026525031848086e-06,4.077834409296554e-07,12.0
0.9885000000000002,1.0019869844637446,0.003603243803029692,1.0092224388256694,0.0035534380298781016,0.0026260694238242864,0.0017919879477013602,0.0010592141808175412,0.0005123852586107136,0.0001981150281311113,6.0719164088963824e-05,1.3418920316162353e-05,1.9624207954176967e-06,3.837289828151818e-07,12.0
0.9914999999999998,1.001973837990458,0.0034179612390965743,1.0087226999122099,0.003394856203400205,0.0025302265145244396,0.0017460465952866145,0.0010361174590266399,0.0005029998306323791,0.00019435935969527038,5.956266073445161e-05,1.318571749154122e-05,1.8234108628435648e-06,3.597343155048058e-07,12.0
0.9944999999999999,1.0019446889098413,0.003246698597055753,1.008247180893823,0.0032421651638726906,0.0024408091085358083,0.001702347501555186,0.0010130620786375861,0.000493692771502361,0.00019060185854259218,5.8438550654259324e-05,1.294075624757134e-05,1.6869486114039243e-06,3.354995357518071e-07,12.0
0.9975,1.0019029283619993,0.0030875849525888754,1.0077961556138266,0.003095440285789316,0.0023573499841576195,0.0016604402270085255,0.000990099887923956,0.00048447847845798953,0.00018681031083270122,5.736154677069631e-05,1.2677319145254702e-05,1.5549885844780622e-06,3.105831401477472e-07,12.0
1.0005000000000002,1.0018522867009574,0.002938693579028223,1.0073690250740504,0.002955036573798445,0.002279467274708711,0.0016197429925740921,0.000967407330752629,0.0004753119211614834,0.00018297543422948003,5.633905934345079e-05,1.2390838392202725e-05,1.4291225497385195e-06,2.8460084701809405e-07,12.0
1.0034999999999998,1.0017964183777128,0.002798228283344813,1.0069640533848632,0.00282191027847747,0.002206507169147917,0.001579742213575292,0.0009452450427379447,0.000466087062651447,0.00017911584889918641,5.536784361710084e-05,1.2081440790786741e-05,1.3094654090037823e-06,2.5748756243974833e-07,12.0
1.0065,1.00173904105623,0.0026630415703754622,1.0065812668718634,0.0026975605117150045,0.0021369199705908904,0.001540379397629136,0.0009238702210127255,0.0004566549833846251,0.0001752596745286389,5.444380173128069e-05,1.1751966505343245e-05,1.1942145282327804e-06,2.2968527047385096e-07,12.0
1.0095,1.0016796332910236,0.0025293697565867373,1.0062315032659082,0.002581220407116345,0.0020679582882285486,0.0015027354570573265,0.0009034081873871484,0.00044676543480981853,0.0001714419739693093,5.35769657352918e-05,1.1400670087352772e-05,1.0799245044848582e-06,2.0225372071368942e-07,12.0
1.0125000000000002,1.0015614116057374,0.0023714562483786233,1.0058587583880032,0.0024307703587869364,0.0019866407682599977,0.0014669494609970515,0.0008803031150275109,0.00043396617689880885,0.0001672945566591547,5.281019087913017e-05,1.101462161913726e-05,9.450461326553999e-07,1.706813640401224e-07,12.0
1.0154999999999998,1.0015139267486002,0.0023046840706885505,1.0056943632977595,0.002351410437692415,0.0019326342303581138,0.0014381464640913998,0.0008628307441030793,0.00042521362082929365,0.00016427333270084115,5.199837897199119e-05,1.0604520830884545e-05,8.402148103124595e-07,1.5116537256782277e-07,12.0
1.0185,1.0002993231067796,0.0021871012268195058,1.0064908884315682,0.0022575130900532358,0.001758807121554913,0.0014009226389844669,0.0008554932993175776,0.00041576443931542063,0.00015961645601816055,5.0485836256189725e-05,1.0028841468944989e-05,0.0,0.0,10.0
1.0215,1.0001856949677748,0.002030538277793303,1.0062942965614063,0.002191806778835967,0.0016950779209224177,0.0013584905817856023,0.0008369249357804697,0.00040900058835301547,0.00015603463525233315,4.8898406125649886e-05,9.627840572472099e-06,0.0,0.0,10.0
1.0245000000000002,1.0001365965183995,0.0018989724279857246,1.006036599620342,0.002112136285570071,0.0016427984853664482,0.0013239393918020074,0.0008183641623042636,0.0004009466860993552,0.00015222055651420842,4.7460968798277024e-05,9.293552107194055e-06,0.0,0.0,10.0
1.0274999999999999,1.0000966443967219,0.0017695252050141138,1.005775507365197,0.002036530728513718,0.001598105725872694,0.0012917471376133322,0.000798916380139754,0.00039211731563527566,0.00014836274534105496,4.6149584020041286e-05,9.004889161625913e-06,0.0,0.0,10.0
1.0305,1.0000595196912967,0.0016441856404661242,1.0055297553681672,0.0019676527484833693,0.0015573857722832618,0.0012595609785035333,0.0007785953151677868,0.0003829546232326347,0.00014457842470887503,4.493897202671992e-05,8.745669550448164e-06,0.0,0.0,10.0
1.0335,1.000026421648777,0.0015257247719664463,1.0053002942770828,0.0019033800160218979,0.0015187910633028604,0.0012273710625885976,0.0007580173152102152,0.0003737960397784465,0.00014091771189184583,4.380802532345448e-05,8.506397619261844e-06,0.0,0.0,10.0
1.0365000000000002,0.9999992430248364,0.0014155545067444356,1.0050838108150337,0.0018418281058269598,0.0014820059562161323,0.001195953037891498,0.0007377830301387208,0.0003648352267118008,0.0001373898334061342,4.274040996433177e-05,8.281643439857589e-06,0.0,0.0,10.0
1.0394999999999999,0.999980440448838,0.0013157370978220749,1.0048779851017395,0.0017816516710987076,0.001446951687968052,0.0011658824554251301,0.0007182008228185064,0.0003561155587103116,0.00013397215802994424,4.172198508423458e-05,8.06811993045779e-06,0.0,0.0,10.0
1.0425,0.9999728117129418,0.001229044725813713,1.004681477871803,0.0017215422235188316,0.0014132428374749228,0.0011373524116547757,0.0006993375657337276,0.0003475903917234571,0.00013062697218955456,4.074058424459138e-05,7.863760183582294e-06,0.0,0.0,10.0
1.0455,0.9999786958217954,0.0011580812563022954,1.0044934166415134,0.0016603133261773367,0.0013803397984072836,0.0011103556573551071,0.0006811751161504956,0.00033920180561221124,0.00012732263040387645,3.9788037365586244e-05,7.667473279766883e-06,0.0,0.0,10.0
1.0485000000000002,0.9999991594949824,0.0011044520907060533,1.0043133020696995,0.0015972329178748916,0.001347792535125724,0.0010848164260708162,0.0006636936356000241,0.0003309208677300343,0.0001240435957900617,3.886052571487163e-05,7.478814441329419e-06,0.0,0.0,10.0
1.0514999999999999,1.000033535407398,0.001068289744076485,1.0041409474916392,0.001532202826142745,0.0013153311449852435,0.0010605988208701002,0.0006468705933168007,0.0003227474355309701,0.00012078804825953105,3.7956676175288416e-05,7.297441689903535e-06,0.0,0.0,10.0
1.0545,1.00007944854258,0.0010482255845936238,1.003976322753575,0.0014657285006073849,0.0012828591563018024,0.0010374891492682685,0.0006306610002367052,0.00031469762610911904,0.00011756207919403436,3.707566204906104e-05,7.122750337451137e-06,0.0,0.0,10.0
1.0575,1.0001332535814227,0.0010417368873701734,1.0038193633110453,0.0013987518799940285,0.0012504225479712675,0.0010152097377663018,0.00061499390125875,0.0003067946956078016,0.00011437557000315965,3.621645229752224e-05,6.953845364265048e-06,0.0,0.0,10.0
1.0605000000000002,1.0001906688086588,0.001045670370734854,1.0036698009565463,0.0013324263089271352,0.0012181740925041127,0.0009934571013343343,0.0005997819708161058,0.00029906355795162877,0.00011123957457981077,3.537779866767669e-05,6.7897038696801615e-06,0.0,0.0,10.0
1.0635,1.000247384993579,0.0010567341580409047,1.0035270513834702,0.0012679015951230907,0.0011863367482079783,0.0009719432676051769,0.0005849338017847625,0.0002915267074641832,0.00010816438567731715,3.455841407695395e-05,6.6293595550480195e-06,0.0,0.0,10.0
1.0665,1.0002995166624864,0.0010718375132161987,1.0033901809715178,0.0012061634784962057,0.0011551702560881078,0.0009504282739139068,0.000570363815460151,0.00028420119311518675,0.00010515822835100604,3.375713867536725e-05,6.472031169301787e-06,0.0,0.0,10.0
1.0695000000000001,1.0003438702341583,0.0010882649711581045,1.0032579588211996,0.0011479397851878708,0.0011249424358368842,0.0009287401685938428,0.0005559986568969752,0.00027709685005538953,0.0001022266441922521,3.29730521211838e-05,6.317177518351766e-06,0.0,0.0,10.0
1.0724999999999998,1.0003780706675007,0.0011037391735389194,1.003128982496523,0.0010936630277295386,0.001095903766646873,0.0009067830114930653,0.0005417805443161726,0.00027021576292527095,9.937244829927444e-05,3.220552457696093e-05,6.1644900288700806e-06,0.0,0.0,10.0
1.0755,1.0004006028005576,0.0011164377009496313,1.003001850248242,0.001043473013650081,0.0010682639623255095,0.0008845348338505577,0.0005276685126182056,0.00026355278893431963,9.659604892000827e-05,3.145420929875102e-05,6.013845750845805e-06,0.0,0.0,10.0
1.0785,1.0004108063171722,0.0011250002679409142,1.0028753407067756,0.00099724790552277,0.0010421713301991264,0.0008620375210811606,0.0005136383908624313,0.000257096959068756,9.389593104854513e-05,3.071898685981344e-05,5.8652459364572106e-06,0.0,0.0,10.0
1.0815000000000001,1.0004088428009084,0.001128522954456763,1.0027485568814825,0.0009546597118946132,0.0010176974736501724,0.0008393802300173841,0.0004996821067040097,0.0002508335853591135,9.126914992773687e-05,2.9999876210962244e-05,5.718762812614185e-06,0.0,0.0,10.0
1.0844999999999998,1.0003956458047722,0.0011265095338732836,1.0026209983537928,0.0009152544721411685,0.0009948299453166347,0.0008166778895846376,0.00048580676181271136,0.000244746872875406,8.87117192817268e-05,2.9296930626960475e-05,5.5745123532167294e-06,0.0,0.0,10.0
1.0875,1.0003728682231767,0.0011187482688635572,1.002492543781099,0.0008785561482065053,0.0009734738725225486,0.0007940467040091067,0.000472033848382985,0.00023882276757838602,8.621881403634896e-05,2.861013641376117e-05,5.432663433517729e-06,0.0,0.0,10.0
1.0905,1.000342841464102,0.0011051067242215668,1.0023633503835212,0.0008441865525774353,0.0009534616149795863,0.0007715793170407538,0.00045839879197262035,0.00023305168580413382,8.378476196865844e-05,2.793932957318714e-05,5.2934824187278645e-06,0.0,0.0,10.0
1.0935000000000001,1.00030854444536,0.0010852798015271038,1.0022337002827522,0.0008119830241568506,0.000934568621298892,0.0007493233026243749,0.000444950555348387,0.00022743068464862461,8.140288991884565e-05,2.728414239888179e-05,5.157397119324977e-06,0.0,0.0,10.0
1.0964999999999998,1.00027354671578,0.001058572015069579,1.002103838366751,0.0007820844182730564,0.0009165343817010453,0.0007272676322333518,0.0004317503866821435,0.00022196457135851527,7.906540330434862e-05,2.6643989938082312e-05,5.025048613299132e-06,0.0,0.0,10.0
1.0995,1.0002418576570036,0.0010238207609652387,1.0019738487273933,0.0007549506141619101,0.0008990888234809882,0.0007053419819404789,0.0004188683122196917,0.00021666548072939585,7.676355729236983e-05,2.601810459597806e-05,4.8972911279880065e-06,0.0,0.0,10.0
1.1025,1.0002176144364185,0.0009795473406379823,1.001843605786127,0.0007312893020163051,0.0008819846970392351,0.0006834320390683645,0.0004063762078231354,0.00021155067645751752,7.448834537114192e-05,2.5405621909249025e-05,4.775108184460234e-06,0.0,0.0,10.0
1.1055000000000001,1.0002045992415922,0.0009243440786182105,1.001712813607193,0.000711891187568721,0.000865033858126561,0.0006614095704056773,0.0003943375934650104,0.00020663882138792784,7.223173486936009e-05,2.4805707326082576e-05,4.6594425041479096e-06,0.0,0.0,10.0
1.1084999999999998,1.0002056810497864,0.0008573890765544782,1.0015811171765352,0.0006974152026589284,0.000848140399310743,0.0006391697240884146,0.00038279637703446986,0.00020194561751976875,6.998816111049828e-05,2.4217693496372614e-05,4.550980844304051e-06,0.0,0.0,10.0
1.1115,1.0002223723369301,0.0007788842648984592,1.0014482415625356,0.0006881991698111817,0.0008313196339645768,0.0006166628663917196,0.00037176848942326566,0.0001974802216700474,6.775571545608387e-05,2.3641179983142037e-05,4.4499713347579346e-06,0.0,0.0,10.0
1.1145,1.0002546992454424,0.0006902099411060925,1.0013141014683307,0.0006841731857419048,0.000814693345523903,0.0005939082237949453,0.00036124024494817446,0.00019324378500897992,6.553644280723216e-05,2.3076048140937096e-05,4.3561528710615926e-06,0.0,0.0,10.0
1.1175000000000002,1.0003014662250087,0.0005937100746364786,1.0011788348908377,0.0006849108093081857,0.0007984601524648629,0.000570983671893093,0.00035117470236003384,0.00018923065874475466,6.333550605183232e-05,2.2522372714678116e-05,4.2688314310596285e-06,0.0,0.0,10.0
1.1204999999999998,1.0003608058762699,0.0004922095837772222,1.0010427489149358,0.0006897855605844948,0.0007828513527015833,0.0005479972565074613,0.0003415234549963306,0.00018543158435964133,6.115952759669728e-05,2.1980258867664734e-05,4.187067047865289e-06,0.0,0.0,10.0
1.1235,1.0004307726817165,0.00038848976958707305,1.000906205378426,0.0006981519895345768,0.0007680890377673223,0.0005250541880044931,0.0003322387598731477,0.0001818373217881648,5.901480918765849e-05,2.1449669534462324e-05,4.109885020113863e-06,0.0,0.0,10.0
1.1265,1.0005097779326346,0.0002849076069660659,1.000769493563098,0.000709480474913631,0.0007543585658333722,0.0005022316301742323,0.0003232818733464925,0.0001784413438504112,5.690603403558994e-05,2.093030365927677e-05,4.036436423362611e-06,0.0,0.0,10.0
1.1295000000000002,1.0005968481588756,0.000183167219134488,1.0006327234668713,0.0007234365776293621,0.0007417944030116362,0.0004795634310164843,0.00031462736199711094,0.00017524132758463699,5.483550826257062e-05,2.0421538060084172e-05,3.966099019095939e-06,0.0,0.0,10.0
1.1324999999999998,1.0006815414824113,6.0842274527477436e-05,1.000480137578866,0.0007440858047073951,0.0007300698627973964,0.00045344300951549,0.00030441580097561607,0.0001718619578598338,5.268936486170902e-05,1.983815762016596e-05,3.870983720641735e-06,0.0,0.0,10.0
1.1355,1.000690318274864,3.4264460917212033e-05,1.0004335653672953,0.0007386713095859126,0.000717218103015525,0.000438887238530421,0.00029751309674470205,0.000169031930247067,5.103979183728063e-05,1.9408714337971907e-05,3.7902633012172234e-06,0.0,0.0,10.0
1.1385,0.9994111485076799,-2.5098529125520924e-05,1.001760727126183,0.0007411356006751737,0.000514701840387875,0.0004234476910836997,0.0003243768090560934,0.0001641734552517182,4.393864379341303e-05,0.0,0.0,0.0,0.0,8.0
1.1415000000000002,0.9995150597358842,2.5803972291455237e-05,1.0016399449081765,0.0006953265339223955,0.0005056966613374369,0.0004209729396947305,0.00031675608916525164,0.00015812375130116357,4.205357228469224e-05,0.0,0.0,0.0,0.0,8.0
1.1444999999999999,0.999614346484347,7.907615636275056e-05,1.0015339052654688,0.0006523144204062213,0.0004966313233742957,0.0004183560872661265,0.00030939212129173086,0.00015230389020502543,4.0237756063006e-05,0.0,0.0,0.0,0.0,8.0
1.1475,0.9997099084000343,0.0001348166883826107,1.0014411015650115,0.0006116974407535791,0.000487512797545845,0.0004156499454458303,0.00030228427426439965,0.00014669665321111894,3.848454570319318e-05,0.0,0.0,0.0,0.0,8.0
1.1505,0.9998012985645349,0.00019201307789194598,1.001360220163486,0.0005734334467544396,0.00047839892029465233,0.00041284411325541155,0.0002954069226875602,0.0001412894344296028,3.679113091387123e-05,0.0,0.0,0.0,0.0,8.0
1.1535000000000002,0.9998872870695453,0.00024886685437367515,1.001289954586787,0.0005377461850439454,0.0004694043500683103,0.0004098792820104452,0.00028871300358007825,0.00013607309577923758,3.515789557323003e-05,0.0,0.0,0.0,0.0,8.0
1.1564999999999999,0.9999660301565287,0.0003029565961816392,1.0012290132777901,0.0005050829450476761,0.00046069303253085575,0.00040665629111929163,0.0002821375169577245,0.00013104131024029538,3.358787576639514e-05,0.0,0.0,0.0,0.0,8.0
1.1595,1.0000352186547408,0.0003513666039201996,1.001176085257123,0.0004760669725526294,0.00045247196575569663,0.00040304611714893774,0.00027560122722295605,0.00012618993621831622,3.208622652167598e-05,0.0,0.0,0.0,0.0,8.0
1.1625,1.0000924167513563,0.00039100686479122914,1.0011297873689347,0.0004513733214642533,0.0004449652481357767,0.00039891089748897765,0.00026901970861532934,0.00012151564776502729,3.065892871569081e-05,0.0,0.0,0.0,0.0,8.0
1.1655000000000002,1.000135628458516,0.00041918137081738485,1.0010886413870363,0.00043152333708193215,0.00043836352611660996,0.00039413623523403766,0.00026231838888645905,0.00011701379529783349,2.9310653578167307e-05,0.0,0.0,0.0,0.0,8.0
1.1684999999999999,1.000163904293759,0.00043422601707947836,1.0010511145960923,0.00041667115167237385,0.0004327660804852538,0.00038866388893174297,0.0002554487108330949,0.00011267631779906399,2.8042528620624538e-05,0.0,0.0,0.0,0.0,8.0
1.1715,1.0001777145103303,0.0004359355005387783,1.0010157226582321,0.00040648120218224234,0.0004281422206383296,0.000382510568344171,0.0002483984990470495,0.00010849076658714467,2.685083050756728e-05,0.0,0.0,0.0,0.0,8.0
1.1745,1.0001789167435196,0.0004255907225471757,1.0009811652819987,0.00040015578855978867,0.00042432992954622285,0.00037576450276458995,0.00024119213903495091,0.00010444102126515969,2.5727225187249527e-05,0.0,0.0,0.0,0.0,8.0
1.1775000000000002,1.0001703446707797,0.0004055973139191046,1.0009464573979105,0.000396599950907759,0.0004210709244111351,0.00036856174354476937,0.00023388101723718127,0.00010050947788842005,2.466043442720314e-05,0.0,0.0,0.0,0.0,8.0
1.1804999999999999,1.0001552053731748,0.00037891375914830936,1.0009110277486488,0.00039465420452994184,0.0004180653476058666,0.0003610522209578422,0.000226528633477097,9.667988237146328e-05,2.3638616284677956e-05,0.0,0.0,0.0,0.0,8.0
1.1835,1.0001365149281802,0.00034849660015143414,1.0008747707738392,0.0003933110057416792,0.00041502443000635984,0.0003533677020522156,0.00021919596796541002,9.293984867845035e-05,2.265158689537656e-05,0.0,0.0,0.0,0.0,8.0
1.1865,1.000116731416013,0.0003169235542040751,1.0008380468437648,0.00039185499887445555,0.0004117055533532547,0.0003456005137872864,0.00021193121043701355,8.928238704964222e-05,2.1692252226454456e-05,0.0,0.0,0.0,0.0,8.0
1.1894999999999998,1.0000976271634512,0.000286238326261741,1.0008016289322388,0.00038990779576228673,0.00040792523692582733,0.0003377962742367426,0.00020476531986429326,8.570622007739058e-05,2.0757035609351488e-05,0.0,0.0,0.0,0.0,8.0
1.1925,1.0000803458385463,0.0002579642118667546,1.0007665955427483,0.0003873924669089095,0.0004035550669912025,0.00032995896191165774,0.0001977126277759943,8.221503992790445e-05,1.9845449192106024e-05,0.0,0.0,0.0,0.0,8.0
1.1955,1.0000655491016406,0.00023319392953266696,1.000734175338423,0.0003844497421844063,0.0003985098624534152,0.0003220639458489673,0.000190774604667768,7.881604753015989e-05,1.895914816737492e-05,0.0,0.0,0.0,0.0,8.0
1.1985000000000001,1.000053567975242,0.00021267697334680804,1.0007055595513412,0.0003813381384342211,0.00039273646789408565,0.0003140740434420412,0.0001839448978502388,7.55181387758818e-05,1.8100829251191592e-05,0.0,0.0,0.0,0.0,8.0
1.2014999999999998,1.0000445112816425,0.00019686661332411594,1.0006817100872423,0.00037834127255565163,0.0003862077068355937,0.00030595448945897367,0.00017721428635207188,7.233005297170168e-05,1.7273253554439372e-05,0.0,0.0,0.0,0.0,8.0
1.2045,1.0000383221280849,0.00018592830385838008,1.0006631983751757,0.0003756949059128952,0.00037892175704330803,0.0002976841199521674,0.00017057476578657093,6.925875083479804e-05,1.647855450132992e-05,0.0,0.0,0.0,0.0,8.0
1.2075,1.0000347987639235,0.00017973293361323397,1.0006501081027301,0.00037353797314146705,0.0003709042541520052,0.00028926159567421256,0.00016402233684170058,6.630826114460386e-05,1.571787662626565e-05,0.0,0.0,0.0,0.0,8.0
1.2105000000000001,1.0000336051235377,0.0001778593486343499,1.000642023574083,0.0003718869193959574,0.0003622094140936885,0.000280706800509111,0.0001575582762420362,6.34791886342752e-05,1.4991304389382272e-05,0.0,0.0,0.0,0.0,8.0
1.2134999999999998,1.0000342930566763,0.00017961809499529463,1.00063810769459,0.0003706304110490164,0.0003529171101806641,0.0002720584495833831,0.0001511888865393444,6.076895929096726e-05,1.4297994585051325e-05,0.0,0.0,0.0,0.0,8.0
1.2165,1.000036348522871,0.0001840932566449436,1.0006372541491295,0.0003695409932066959,0.0003431243788370333,0.0002633693509689461,0.0001449240356920869,5.8172686599326633e-05,1.363642336925974e-05,0.0,0.0,0.0,0.0,8.0
1.2195,1.0000392622911172,0.00019019103655088968,1.0006382810154366,0.00036830086255795763,0.000332931540743686,0.00025470072271445177,0.00013877512214126466,5.568434554326872e-05,1.3004683644286498e-05,0.0,0.0,0.0,0.0,8.0
1.2225000000000001,1.000042613919563,0.00019668731739105037,1.000640120110963,0.0003665397424247511,0.0003224248223989966,0.00024611653825152175,0.00013275324851254558,5.32978616322326e-05,1.2400790023153926e-05,0.0,0.0,0.0,0.0,8.0
1.2254999999999998,1.000046146115718,0.00020228137476105374,1.0006419502204782,0.0003638822983905568,0.0003116593618785217,0.00023767817308649735,0.00012686820813728335,5.100783732927661e-05,1.182294514952915e-05,0.0,0.0,0.0,0.0,8.0
1.2285,1.0000497945054596,0.00020568349890551078,1.0006432287201434,0.0003599983012161749,0.0003006488469008642,0.0002294391343479657,0.00012112833284712567,4.880988166681541e-05,1.1269713860126132e-05,0.0,0.0,0.0,0.0,8.0
1.2315,1.0000536264952131,0.00020578013247436527,1.0006436045473326,0.0003546391632561356,0.0002893696516240064,0.000221440392448622,0.00011554035561016929,4.670066542721619e-05,1.0740108178702797e-05,0.0,0.0,0.0,0.0,8.0
1.2345000000000002,1.0000576411963482,0.00020191564499269797,1.0006427499837716,0.0003476327505350333,0.0002777858536287375,0.00021370938030723603,0.00011010748703699776,4.467770422653359e-05,1.0233744840904485e-05,0.0,0.0,0.0,0.0,8.0
1.2374999999999998,1.0000614174090683,0.00019428102460006242,1.0006402100290122,0.00033880919133309447,0.0002658942317542916,0.00020626796724336632,0.00010482386342600288,4.273859968788851e-05,9.751365486786803e-06,0.0,0.0,0.0,0.0,8.0
1.2405,1.0000637111996231,0.00018427911886810492,1.0006353882149832,0.00032786877189433126,0.00025377390403931275,0.00019915115697721598,9.966607881807855e-05,4.08795684599566e-05,9.295773545031239e-06,0.0,0.0,0.0,0.0,8.0
1.2435,1.000062294251549,0.00017456468386606422,1.0006277233451693,0.0003142845787448845,0.00024160788726490924,0.00019242565597673287,9.458804525444899e-05,3.909396003223419e-05,8.872464267489308e-06,0.0,0.0,0.0,0.0,8.0
1.2465000000000002,1.0000544113203873,0.00016841183017460686,1.0006169815805122,0.00029738923508528057,0.0002296408641270049,0.00018618557355740188,8.952918547302693e-05,3.737242623951795e-05,8.488557471260229e-06,0.0,0.0,0.0,0.0,8.0
1.2494999999999998,1.0000378929348062,0.00016844187447002257,1.0006034858713997,0.0002766946233986291,0.00021807464696391616,0.00018051369410504868,8.443875615268705e-05,3.57056929876124e-05,8.149516215005501e-06,0.0,0.0,0.0,0.0,8.0
1.2525,1.0000127957336817,0.000173327730588441,1.000576764885468,0.00024729770790540715,0.00020466494827134214,0.00017444548771711608,7.867482021144511e-05,3.3751836127428134e-05,7.760923870819232e-06,0.0,0.0,0.0,0.0,8.0
1.2555,1.000003986843533,0.00017143822046022174,1.0005603132380854,0.00023179653237959705,0.000195249446763493,0.00016977141852246323,7.479982394909145e-05,3.2508084155397e-05,7.482758698073942e-06,0.0,0.0,0.0,0.0,8.0
1.2585000000000002,1.0000938248605944,0.00016709139853747214,1.0003843832543264,0.00021461757760558221,0.0002102686956134235,0.00016117377256820022,6.401513249843757e-05,0.0,0.0,0.0,0.0,0.0,0.0,6.0
1.2614999999999998,1.0000598908696268,0.0001309536077821838,1.0003681810104075,0.00021282017796235979,0.0001989794041818124,0.0001494297207586816,5.938084811752237e-05,0.0,0.0,0.0,0.0,0.0,0.0,6.0
1.2645,1.0000359844263587,0.00010458664284846068,1.0003512567702981,0.00020746707407324946,0.00018690046811464266,0.00013849011087478845,5.519277990195588e-05,0.0,0.0,0.0,0.0,0.0,0.0,6.0
1.2675,1.0000226539532748,8.907137980487219e-05,1.0003348189108494,0.0001985431019683771,0.00017399026181740568,0.0001283857710310571,5.147007569648342e-05,0.0,0.0,0.0,0.0,0.0,0.0,6.0
1.2705000000000002,1.0000181916157382,8.274018123320048e-05,1.0003188769688427,0.00018662609092445434,0.0001604938608363527,0.00011909753733865327,4.818025414288023e-05,0.0,0.0,0.0,0.0,0.0,0.0,6.0
1.2734999999999999,1.0000192376176797,8.180648565076821e-05,1.0003023269292495,0.00017270353015790257,0.0001468762799616885,0.00011057261741721669,4.5252280961028334e-05,0.0,0.0,0.0,0.0,0.0,0.0,6.0
1.2765,1.000022274030313,8.21612327118683e-05,1.0002836658740577,0.00015775946138368963,0.0001336287418184834,0.00010276088493607705,4.261291157185167e-05,0.0,0.0,0.0,0.0,0.0,0.0,6.0
1.2795,1.0000247993669216,8.086596477770752e-05,1.000261812144507,0.00014251746397944928,0.00012112201624147003,9.563339521370231e-05,4.021084518210822e-05,0.0,0.0,0.0,0.0,0.0,0.0,6.0
1.2825000000000002,1.0000256547059487,7.6656975031829e-05,1.0002366217228444,0.00012744800546685083,0.0001095731770474523,8.917556761175625e-05,3.801794224755487e-05,0.0,0.0,0.0,0.0,0.0,0.0,6.0
1.2854999999999999,1.000024727324581,6.965511672326672e-05,1.0002089490262907,0.00011290223014232788,9.908744125531412e-05,8.337151747401274e-05,3.601829086019139e-05,0.0,0.0,0.0,0.0,0.0,0.0,6.0
1.2885,1.0000224642977695,6.0764722608032055e-05,1.0001803323343412,9.92119519434866e-05,8.971191501919263e-05,7.819486824223099e-05,3.419828513405703e-05,0.0,0.0,0.0,0.0,0.0,0.0,6.0
1.2915,1.0000194730464742,5.1116664708316184e-05,1.0001525113820413,8.669942061392796e-05,8.146595313246501e-05,7.360841501393647e-05,3.254259289695255e-05,0.0,0.0,0.0,0.0,0.0,0.0,6.0
1.2945000000000002,1.0000162894402063,4.1702480627042913e-05,1.00012699087369,7.562848100054614e-05,7.434536005646521e-05,6.956706806533983e-05,3.103418479745122e-05,0.0,0.0,0.0,0.0,0.0,0.0,6.0
1.2974999999999999,1.0000132871716143,3.3207667263652686e-05,1.000104779558047,6.61515377354183e-05,6.831391062179147e-05,6.60194933848586e-05,2.9655328591591758e-05,0.0,0.0,0.0,0.0,0.0,0.0,6.0
1.3005,1.0000106734119714,2.599066243304879e-05,1.0000863266834457,5.828661739235768e-05,6.329675088653161e-05,6.290831714238285e-05,2.8388156518314477e-05,0.0,0.0,0.0,0.0,0.0,0.0,6.0
1.3035,1.0000085237104628,2.014209118204662e-05,1.0000716037013446,5.1930565840058015e-05,5.918352123138324e-05,6.017111422398824e-05,2.7214968344444564e-05,0.0,0.0,0.0,0.0,0.0,0.0,6.0
1.3065000000000002,1.0000068265025095,1.557185424714959e-05,1.0000602558685412,4.689639192417268e-05,5.584101153330223e-05,5.7743520096678716e-05,2.6118739114932137e-05,0.0,0.0,0.0,0.0,0.0,0.0,6.0
1.3094999999999999,1.0000055226425275,1.2091933713141108e-05,1.0000517606128236,4.295758855183532e-05,5.3129988762548975e-05,5.5563746525030944e-05,2.5083874922721265e-05,0.0,0.0,0.0,0.0,0.0,0.0,6.0
1.3125,1.0000045348927364,9.480249338855329e-06,1.0000455548953375,3.988576402727349e-05,5.09200102646444e-05,5.357669355145194e-05,2.4096900058889586e-05,0.0,0.0,0.0,0.0,0.0,0.0,6.0
1.3155000000000001,1.000003787060956,7.52231396422407e-06,1.0000411177358597,3.7474956963761876e-05,4.9098483224591326e-05,5.173626674926183e-05,2.314677785489731e-05,0.0,0.0,0.0,0.0,0.0,0.0,6.0
1.3184999999999998,1.0000032143818292,6.03356118809831e-06,1.0000380106152866,3.555257557266959e-05,4.757357887552363e-05,5.000564737055132e-05,2.2224814089141442e-05,0.0,0.0,0.0,0.0,0.0,0.0,6.0
1.3215,1.0000027672804876,4.867745420814865e-06,1.000035886703887,3.398079267415394e-05,4.627287151279144e-05,4.835615566359234e-05,2.1324302688310134e-05,0.0,0.0,0.0,0.0,0.0,0.0,6.0
1.3245,1.0000024106204464,3.917088969318249e-06,1.0000344813612254,3.265312689985104e-05,4.514010540842272e-05,4.67655862048049e-05,2.0440122932791443e-05,0.0,0.0,0.0,0.0,0.0,0.0,6.0
1.3275000000000001,1.0000021202269842,3.1088482060146134e-06,1.0000335938654397,3.148984303824862e-05,4.413181910959807e-05,4.521664039644375e-05,1.9568421251452435e-05,0.0,0.0,0.0,0.0,0.0,0.0,6.0
1.3304999999999998,1.000001878026627,2.401479592924179e-06,1.0000330666128787,3.0434051019886846e-05,4.321457483172997e-05,4.3695693801354036e-05,1.8706406637978427e-05,0.0,0.0,0.0,0.0,0.0,0.0,6.0
1.3335,1.0000016666533504,1.7821664325552492e-06,1.0000327649674026,2.9448907346458882e-05,4.236287088723335e-05,4.219186297179216e-05,1.78522245364031e-05,0.0,0.0,0.0,0.0,0.0,0.0,6.0
1.3365,1.0000014639934967,1.2662692568970235e-06,1.000032559425615,2.8515425932751428e-05,4.1557600203264844e-05,4.069624809033336e-05,1.7004857857567828e-05,0.0,0.0,0.0,0.0,0.0,0.0,6.0
1.3395000000000001,1.0000012381522743,8.979464254376838e-07,1.0000323121065786,2.7629961554174702e-05,4.078496832561167e-05,3.920129380857326e-05,1.6164005303973616e-05,0.0,0.0,0.0,0.0,0.0,0.0,6.0
1.3424999999999998,1.0000009441037214,7.492120713640418e-07,1.000031871513,2.6800299726177553e-05,4.003581590073151e-05,3.770036078538766e-05,1.532988282440591e-05,0.0,0.0,0.0,0.0,0.0,0.0,6.0
1.3455,1.0000005250410946,9.12053740867071e-07,1.0000310814146947,2.6039726667142403e-05,3.9305096974513594e-05,3.618770625119326e-05,1.4502909318032709e-05,0.0,0.0,0.0,0.0,0.0,0.0,6.0
1.3485,0.9999999236792658,1.4762476412104687e-06,1.000029808157124,2.536010007214526e-05,3.859081111722571e-05,3.465894378098732e-05,1.3683344663638405e-05,0.0,0.0,0.0,0.0,0.0,0.0,6.0
1.3515000000000001,0.9999991095688738,2.487037471390725e-06,1.000027982606513,2.476780849125059e-05,3.7891243007850374e-05,3.311160165353374e-05,1.2871166070953343e-05,0.0,0.0,0.0,0.0,0.0,0.0,6.0
1.3544999999999998,0.999998123431434,3.885966139460307e-06,1.0000256401717298,2.426817717804008e-05,3.719968415165784e-05,3.154494124442009e-05,1.2066601183530972e-05,0.0,0.0,0.0,0.0,0.0,0.0,6.0
1.3575,0.9999971228076701,5.458722735838671e-06,1.0000229331555337,2.38793668340428e-05,3.649804662103191e-05,2.995849450319317e-05,1.1271352416793674e-05,0.0,0.0,0.0,0.0,0.0,0.0,6.0
1.3605,0.9999963866716421,6.841091831737946e-06,1.0000200939790767,2.3644104088208714e-05,3.5754887011890496e-05,2.835027375144031e-05,1.0489475325881246e-05,0.0,0.0,0.0,0.0,0.0,0.0,6.0
1.3635000000000002,0.9999962283421323,7.63651781358475e-06,1.0000173500372607,2.3617608984306143e-05,3.493521868023963e-05,2.6717091927942328e-05,9.726071842360751e-06,0.0,0.0,0.0,0.0,0.0,0.0,6.0
1.3664999999999998,0.9999968257738657,7.6246724625486625e-06,1.0000148268322107,2.3825120615471146e-05,3.4021726075298306e-05,2.5058199401024988e-05,8.983359486803983e-06,0.0,0.0,0.0,0.0,0.0,0.0,6.0
1.3695,0.9999980963371505,6.90639212883383e-06,1.0000125045036883,2.422388726522996e-05,3.303067630257441e-05,2.3379017008562515e-05,8.2573374961135e-06,0.0,0.0,0.0,0.0,0.0,0.0,6.0
1.3725,1.0000001993946508,4.457112084362013e-06,1.0000099612923312,2.579947947427736e-05,3.2096353295339536e-05,2.1112884180222115e-05,7.249006431262889e-06,0.0,0.0,0.0,0.0,0.0,0.0,6.0
1.3755000000000002,0.9999995896908693,4.722822389511081e-06,1.0000106628114307,2.5143292271675608e-05,3.0601027683513624e-05,2.0008481859928947e-05,6.886545362573696e-06,0.0,0.0,0.0,0.0,0.0,0.0,6.0
1.3784999999999998,1.0000030298857663,5.248101222199977e-06,1.0000060601018381,0.0,0.0,0.0,0.0,0.0,0.0,0.0,0.0,0.0,0.0,2.0
1.3815,1.0000029966332695,5.190321483856396e-06,1.0000059932766954,0.0,0.0,0.0,0.0,0.0,0.0,0.0,0.0,0.0,0.0,2.0
1.3845,1.0000029384603495,5.089562974051646e-06,1.0000058769303939,0.0,0.0,0.0,0.0,0.0,0.0,0.0,0.0,0.0,0.0,2.0
1.3875000000000002,1.0000028152685299,4.876188437038712e-06,1.0000056305459477,0.0,0.0,0.0,0.0,0.0,0.0,0.0,0.0,0.0,0.0,2.0
1.3904999999999998,1.000002597591972,4.499161534467166e-06,1.0000051951915523,0.0,0.0,0.0,0.0,0.0,0.0,0.0,0.0,0.0,0.0,2.0
1.3935,1.0000022820480754,3.952623423424877e-06,1.0000045641020925,0.0,0.0,0.0,0.0,0.0,0.0,0.0,0.0,0.0,0.0,2.0
1.3965,1.0000018944791813,3.2813343526047374e-06,1.0000037889625284,0.0,0.0,0.0,0.0,0.0,0.0,0.0,0.0,0.0,0.0,2.0
1.3995000000000002,1.0000014796922239,2.562902214385958e-06,1.0000029593870425,0.0,0.0,0.0,0.0,0.0,0.0,0.0,0.0,0.0,0.0,2.0
1.4024999999999999,1.0000010849653793,1.879215220668848e-06,1.0000021699321866,0.0,0.0,0.0,0.0,0.0,0.0,0.0,0.0,0.0,0.0,2.0
1.4055,1.0000007461223572,1.292321862548657e-06,1.000001492245409,0.0,0.0,0.0,0.0,0.0,0.0,0.0,0.0,0.0,0.0,2.0
1.4085,1.0000004810779486,8.332514626449389e-07,1.0000009621561932,0.0,0.0,0.0,0.0,0.0,0.0,0.0,0.0,0.0,0.0,2.0
1.4115000000000002,1.0000002908209404,5.037166492307611e-07,1.000000581641991,0.0,0.0,0.0,0.0,0.0,0.0,0.0,0.0,0.0,0.0,2.0
1.4144999999999999,1.0000001648559083,2.8553881060942176e-07,1.000000329711853,0.0,0.0,0.0,0.0,0.0,0.0,0.0,0.0,0.0,0.0,2.0
1.4175,1.0000000876527466,1.5181901070192424e-07,1.0000001753055032,0.0,0.0,0.0,0.0,0.0,0.0,0.0,0.0,0.0,0.0,2.0
1.4205,1.000000043728732,7.574038558093999e-08,1.0000000874574664,0.0,0.0,0.0,0.0,0.0,0.0,0.0,0.0,0.0,0.0,2.0
1.4235000000000002,1.000000020478976,3.5470628085258215e-08,1.0000000409579544,0.0,0.0,0.0,0.0,0.0,0.0,0.0,0.0,0.0,0.0,2.0
1.4264999999999999,1.0000000090079308,1.5602195360855126e-08,1.0000000180158644,0.0,0.0,0.0,0.0,0.0,0.0,0.0,0.0,0.0,0.0,2.0
1.4295,1.0000000037237462,6.449718639892204e-09,1.0000000074474942,0.0,0.0,0.0,0.0,0.0,0.0,0.0,0.0,0.0,0.0,2.0
1.4325,1.0000000014476171,2.5073457645100254e-09,1.0000000028952334,0.0,0.0,0.0,0.0,0.0,0.0,0.0,0.0,0.0,0.0,2.0
1.4355000000000002,1.0000000005295822,9.172629501472768e-10,1.000000001059164,0.0,0.0,0.0,0.0,0.0,0.0,0.0,0.0,0.0,0.0,2.0
1.4385,1.0000000001824338,3.1598477279927114e-10,1.0000000003648677,0.0,0.0,0.0,0.0,0.0,0.0,0.0,0.0,0.0,0.0,2.0
1.4415,1.000000000059217,1.025672389869577e-10,1.0000000001184344,0.0,0.0,0.0,0.0,0.0,0.0,0.0,0.0,0.0,0.0,2.0
1.4445000000000001,1.0000000000181222,3.13894395802338e-11,1.000000000036246,0.0,0.0,0.0,0.0,0.0,0.0,0.0,0.0,0.0,0.0,2.0
1.4474999999999998,1.0000000000052325,9.062231460877623e-12,1.0000000000104639,0.0,0.0,0.0,0.0,0.0,0.0,0.0,0.0,0.0,0.0,2.0
1.4505,1.0000000000014257,2.469403124556734e-12,1.0000000000028513,0.0,0.0,0.0,0.0,0.0,0.0,0.0,0.0,0.0,0.0,2.0
1.4535,1.0000000000003664,6.354195562593777e-13,1.000000000000734,0.0,0.0,0.0,0.0,0.0,0.0,0.0,0.0,0.0,0.0,2.0
1.4565000000000001,1.000000000000089,1.544587155153423e-13,1.0000000000001785,0.0,0.0,0.0,0.0,0.0,0.0,0.0,0.0,0.0,0.0,2.0
1.4594999999999998,1.0000000000000202,3.5463228874481597e-14,1.0000000000000409,0.0,0.0,0.0,0.0,0.0,0.0,0.0,0.0,0.0,0.0,2.0
1.4625,1.0000000000000042,7.627817384434632e-15,1.0000000000000087,0.0,0.0,0.0,0.0,0.0,0.0,0.0,0.0,0.0,0.0,2.0
1.4655,1.0000000000000007,1.5013680524854086e-15,1.0000000000000018,0.0,0.0,0.0,0.0,0.0,0.0,0.0,0.0,0.0,0.0,2.0
1.4685000000000001,1.0,2.49984808399709e-16,1.0000000000000002,0.0,0.0,0.0,0.0,0.0,0.0,0.0,0.0,0.0,0.0,2.0
1.4714999999999998,1.0,1.6517762415715957e-17,1.0,0.0,0.0,0.0,0.0,0.0,0.0,0.0,0.0,0.0,0.0,2.0
1.4745,1.0,8.402748239597758e-19,1.0,0.0,0.0,0.0,0.0,0.0,0.0,0.0,0.0,0.0,0.0,2.0
1.4775,1.0,3.4936924590568544e-20,1.0,0.0,0.0,0.0,0.0,0.0,0.0,0.0,0.0,0.0,0.0,2.0
1.4805000000000001,1.0,1.4076373319510586e-21,1.0,0.0,0.0,0.0,0.0,0.0,0.0,0.0,0.0,0.0,0.0,2.0
1.4834999999999998,1.0,5.997545185162972e-23,1.0,0.0,0.0,0.0,0.0,0.0,0.0,0.0,0.0,0.0,0.0,2.0
1.4865,1.0,2.468533774463834e-24,1.0,0.0,0.0,0.0,0.0,0.0,0.0,0.0,0.0,0.0,0.0,2.0
1.4895,1.0,9.627135313426289e-26,1.0,0.0,0.0,0.0,0.0,0.0,0.0,0.0,0.0,0.0,0.0,2.0
1.4925000000000002,1.0,3.4968051359542326e-27,1.0,0.0,0.0,0.0,0.0,0.0,0.0,0.0,0.0,0.0,0.0,2.0
1.4954999999999998,1.0,1.2024100242068123e-28,1.0,0.0,0.0,0.0,0.0,0.0,0.0,0.0,0.0,0.0,0.0,2.0
1.4985,1.0,4.1214250044490016e-30,1.0,0.0,0.0,0.0,0.0,0.0,0.0,0.0,0.0,0.0,0.0,2.0
