-1.4985,7.0,1.7938079982511265e-87,1.0,0.0,0.0,0.0,0.0,0.0,0.0,0.0,0.0,0.0,0.0,2.0
-1.4955,7.0,4.571862994740869e-86,1.0,0.0,0.0,0.0,0.0,0.0,0.0,0.0,0.0,0.0,0.0,2.0
-1.4925,7.0,1.1843672334163746e-84,1.0,0.0,0.0,0.0,0.0,0.0,0.0,0.0,0.0,0.0,0.0,2.0
-1.4895,7.0,3.0086736744783937e-83,1.0,0.0,0.0,0.0,0.0,0.0,0.0,0.0,0.0,0.0,0.0,2.0
-1.4865,7.0,7.501800406101787e-82,1.0,0.0,0.0,0.0,0.0,0.0,0.0,0.0,0.0,0.0,0.0,2.0
-1.4835,7.0,1.839310087207922e-80,1.0,0.0,0.0,0.0,0.0,0.0,0.0,0.0,0.0,0.0,0.0,2.0
-1.4805,7.0,4.448386058853448e-79,1.0,0.0,0.0,0.0,0.0,0.0,0.0,0.0,0.0,0.0,0.0,2.0
-1.4775,7.0,1.0666583556050049e-77,1.0,0.0,0.0,0.0,0.0,0.0,0.0,0.0,0.0,0.0,0.0,2.0
-1.4745,7.0,2.556124556104831e-76,1.0,0.0,0.0,0.0,0.0,0.0,0.0,0.0,0.0,0.0,0.0,2.0
-1.4715,7.0,6.192994583620733e-75,1.0,0.0,0.0,0.0,0.0,0.0,0.0,0.0,0.0,0.0,0.0,2.0
-1.4685,7.0,1.5398300440102616e-73,1.0,0.0,0.0,0.0,0.0,0.0,0.0,0.0,0.0,0.0,0.0,2.0
-1.4655,7.0,3.9915121189147683e-72,1.0,0.0,0.0,0.0,0.0,0.0,0.0,0.0,0.0,0.0,0.0,2.0
-1.4625,7.0,1.0909084070360665e-70,1.0,0.0,0.0,0.0,0.0,0.0,0.0,0.0,0.0,0.0,0.0,2.0
-1.4595,7.0,3.1480068438146635e-69,1.0,0.0,0.0,0.0,0.0,0.0,0.0,0.0,0.0,0.0,0.0,2.0
-1.4565,7.0,9.500626621255344e-68,1.0,0.0,0.0,0.0,0.0,0.0,0.0,0.0,0.0,0.0,0.0,2.0
-1.4535,7.0,2.9508306209699137e-66,1.0,0.0,0.0,0.0,0.0,0.0,0.0,0.0,0.0,0.0,0.0,2.0
-1.4505,7.0,9.274485484212711e-65,1.0,0.0,0.0,0.0,0.0,0.0,0.0,0.0,0.0,0.0,0.0,2.0
-1.4475,7.0,2.9088663422378744e-63,1.0,0.0,0.0,0.0,0.0,0.0,0.0,0.0,0.0,0.0,0.0,2.0
-1.4445,7.0,9.012327411787877e-62,1.0,0.0,0.0,0.0,0.0,0.0,0.0,0.0,0.0,0.0,0.0,2.0
-1.4415,7.0,2.73922460615712e-60,1.0,0.0,0.0,0.0,0.0,0.0,0.0,0.0,0.0,0.0,0.0,2.0
-1.4385,7.0,8.130072653134728e-59,1.0,0.0,0.0,0.0,0.0,0.0,0.0,0.0,0.0,0.0,0.0,2.0
-1.4355,7.0,2.349080014674889e-57,1.0,0.0,0.0,0.0,0.0,0.0,0.0,0.0,0.0,0.0,0.0,2.0
-1.4325,7.0,6.593905440981494e-56,1.0,0.0,0.0,0.0,0.0,0.0,0.0,0.0,0.0,0.0,0.0,2.0
-1.4295,7.0,1.7958157993729527e-54,1.0,0.0,0.0,0.0,0.0,0.0,0.0,0.0,0.0,0.0,0.0,2.0
-1.4265,7.0,4.741994653633577e-53,1.0,0.0,0.0,0.0,0.0,0.0,0.0,0.0,0.0,0.0,0.0,2.0
-1.4235,7.0,1.2139342875864358e-51,1.0,0.0,0.0,0.0,0.0,0.0,0.0,0.0,0.0,0.0,0.0,2.0
-1.4205,7.0,3.014072555706422e-50,1.0,0.0,0.0,0.0,0.0,0.0,0.0,0.0,0.0,0.0,0.0,2.0
-1.4175,7.0,7.265285967000601e-49,1.0,0.0,0.0,0.0,0.0,0.0,0.0,0.0,0.0,0.0,0.0,2.0
-1.4145,7.0,1.702669539459256e-47,1.0,0.0,0.0,0.0,0.0,0.0,0.0,0.0,0.0,0.0,0.0,2.0
-1.4115,7.0,3.887243687646501e-46,1.0,0.0,0.0,0.0,0.0,0.0,0.0,0.0,0.0,0.0,0.0,2.0
-1.4085,7.0,8.666626893431583e-45,1.0,0.0,0.0,0.0,0.0,0.0,0.0,0.0,0.0,0.0,0.0,2.0
-1.4055,7.0,1.8925069037734612e-43,1.0,0.0,0.0,0.0,0.0,0.0,0.0,0.0,0.0,0.0,0.0,2.0
-1.4025,7.0,4.0628825408468435e-42,1.0,0.0,0.0,0.0,0.0,0.0,0.0,0.0,0.0,0.0,0.0,2.0
-1.3995,7.0,8.624264881522821e-41,1.0,0.0,0.0,0.0,0.0,0.0,0.0,0.0,0.0,0.0,0.0,2.0
-1.3965,7.0,1.829691791066543e-39,1.0,0.0,0.0,0.0,0.0,0.0,0.0,0.0,0.0,0.0,0.0,2.0
-1.3935,7.0,3.964152628405449e-38,1.0,0.0,0.0,0.0,0.0,0.0,0.0,0.0,0.0,0.0,0.0,2.0
-1.3905,7.0,9.098293767167712e-37,1.0,0.0,0.0,0.0,0.0,0.0,0.0,0.0,0.0,0.0,0.0,2.0
-1.3875,7.0,2.3046815502508135e-35,1.0,0.0,0.0,0.0,0.0,0.0,0.0,0.0,0.0,0.0,0.0,2.0
-1.3845,7.0,6.5293467898144185e-34,1.0,0.0,0.0,0.0,0.0,0.0,0.0,0.0,0.0,0.0,0.0,2.0
-1.3815,7.0,2.021213215225066e-32,1.0,0.0,0.0,0.0,0.0,0.0,0.0,0.0,0.0,0.0,0.0,2.0
-1.3785,7.0,6.627758809474321e-31,1.0,0.0,0.0,0.0,0.0,0.0,0.0,0.0,0.0,0.0,0.0,2.0
-1.3755,7.0,2.2527719855915077e-29,1.0,0.0,0.0,0.0,0.0,0.0,0.0,0.0,0.0,0.0,0.0,2.0
-1.3725,7.0,7.69302074476125e-28,1.0,0.0,0.0,0.0,0.0,0.0,0.0,0.0,0.0,0.0,0.0,2.0
-1.3695,7.0,2.5644590635780228e-26,1.0,0.0,0.0,0.0,0.0,0.0,0.0,0.0,0.0,0.0,0.0,2.0
-1.3665,7.0,8.081076101106255e-25,1.0,0.0,0.0,0.0,0.0,0.0,0.0,0.0,0.0,0.0,0.0,2.0
-1.3635,7.0,2.429995784784734e-23,1.0,0.0,0.0,0.0,0.0,0.0,0.0,0.0,0.0,0.0,0.0,2.0
-1.3605,7.0,6.818868115772227e-22,1.0,0.0,0.0,0.0,0.0,0.0,0.0,0.0,0.0,0.0,0.0,2.0
-1.3575,7.0,1.935991658630433e-20,1.0,0.0,0.0,0.0,0.0,0.0,0.0,0.0,0.0,0.0,0.0,2.0
-1.3545,7.0,4.907040337677957e-19,1.0,0.0,0.0,0.0,0.0,0.0,0.0,0.0,0.0,0.0,0.0,2.0
-1.3515,7.0,1.520853263242322e-17,1.0,0.0,0.0,0.0,0.0,0.0,0.0,0.0,0.0,0.0,0.0,2.0
-1.3485,7.0,1.5517274557501108e-16,0.9999999999999998,0.0,0.0,0.0,0.0,0.0,0.0,0.0,0.0,0.0,0.0,2.0
-1.3455,6.9999999999999964,9.55273408162429e-16,0.9999999999999989,0.0,0.0,0.0,0.0,0.0,0.0,0.0,0.0,0.0,0.0,2.0
-1.3425,6.9999999999999805,5.086942728019295e-15,0.999999999999994,0.0,0.0,0.0,0.0,0.0,0.0,0.0,0.0,0.0,0.0,2.0
-1.3395,6.9999999999999005,2.495113783803645e-14,0.9999999999999711,0.0,0.0,0.0,0.0,0.0,0.0,0.0,0.0,0.0,0.0,2.0
-1.3365,6.99999999999954,1.1405694577709931e-13,0.9999999999998683,0.0,0.0,0.0,0.0,0.0,0.0,0.0,0.0,0.0,0.0,2.0
-1.3335,6.999999999998028,4.876149546679791e-13,0.9999999999994371,0.0,0.0,0.0,0.0,0.0,0.0,0.0,0.0,0.0,0.0,2.0
-1.3305,6.999999999992121,1.9496189985641746e-12,0.9999999999977487,0.0,0.0,0.0,0.0,0.0,0.0,0.0,0.0,0.0,0.0,2.0
-1.3275000000000001,6.999999999970545,7.288040694982668e-12,0.9999999999915845,0.0,0.0,0.0,0.0,0.0,0.0,0.0,0.0,0.0,0.0,2.0
-1.3245,6.999999999897098,2.5461748388431953e-11,0.9999999999705992,0.0,0.0,0.0,0.0,0.0,0.0,0.0,0.0,0.0,0.0,2.0
-1.3215,6.999999999664171,8.309614161012748e-11,0.9999999999040489,0.0,0.0,0.0,0.0,0.0,0.0,0.0,0.0,0.0,0.0,2.0
-1.3185,6.999999998976662,2.5321081730356536e-10,0.9999999997076172,0.0,0.0,0.0,0.0,0.0,0.0,0.0,0.0,0.0,0.0,2.0
-1.3155000000000001,6.999999997089802,7.200875069737132e-10,0.9999999991685146,0.0,0.0,0.0,0.0,0.0,0.0,0.0,0.0,0.0,0.0,2.0
-1.3125,6.999999992279745,1.910268148206365e-09,0.9999999977942121,0.0,0.0,0.0,0.0,0.0,0.0,0.0,0.0,0.0,0.0,2.0
-1.3094999999999999,6.999999980902172,4.7254870222700065e-09,0.9999999945434775,0.0,0.0,0.0,0.0,0.0,0.0,0.0,0.0,0.0,0.0,2.0
-1.3065,6.999999955956796,1.089786677179952e-08,0.9999999874162275,0.0,0.0,0.0,0.0,0.0,0.0,0.0,0.0,0.0,0.0,2.0
-1.3035,6.999999905306887,2.3430468465097512e-08,0.9999999729448262,0.0,0.0,0.0,0.0,0.0,0.0,0.0,0.0,0.0,0.0,2.0
-1.3005,6.99999981012889,4.698091563712602e-08,0.9999999457511126,0.0,0.0,0.0,0.0,0.0,0.0,0.0,0.0,0.0,0.0,2.0
-1.2974999999999999,6.99999964463342,8.793042479850162e-08,0.9999998984666943,0.0,0.0,0.0,0.0,0.0,0.0,0.0,0.0,0.0,0.0,2.0
-1.2945,6.999999378209512,1.5385324558240157e-07,0.999999822345584,0.0,0.0,0.0,0.0,0.0,0.0,0.0,0.0,0.0,0.0,2.0
-1.2915,6.999998980436881,2.522764444751263e-07,0.9999997086962797,0.0,0.0,0.0,0.0,0.0,0.0,0.0,0.0,0.0,0.0,2.0
-1.2885,6.99999842782416,3.890126304783332e-07,0.9999995508069657,0.0,0.0,0.0,0.0,0.0,0.0,0.0,0.0,0.0,0.0,2.0
-1.2855,6.999997709407423,5.667746704030326e-07,0.999999345545106,0.0,0.0,0.0,0.0,0.0,0.0,0.0,0.0,0.0,0.0,2.0
-1.2825,6.999996827760525,7.849256971863574e-07,0.9999990936461074,0.0,0.0,0.0,0.0,0.0,0.0,0.0,0.0,0.0,0.0,2.0
-1.2795,6.999995793231177,1.0409053189726019e-06,0.9999987980664707,0.0,0.0,0.0,0.0,0.0,0.0,0.0,0.0,0.0,0.0,2.0
-1.2765,6.999994611519004,1.3333032431238996e-06,0.9999984604346802,0.0,0.0,0.0,0.0,0.0,0.0,0.0,0.0,0.0,0.0,2.0
-1.2735,6.999993266436312,1.666124886036548e-06,0.9999980761257062,0.0,0.0,0.0,0.0,0.0,0.0,0.0,0.0,0.0,0.0,2.0
-1.2705,6.999991700700846,2.0535413343514947e-06,0.9999976287776123,0.0,0.0,0.0,0.0,0.0,0.0,0.0,0.0,0.0,0.0,2.0
-1.2675,7.000014304733565,2.0765053573492336e-06,0.9999928108755775,0.0,0.0,0.0,0.0,0.0,0.0,0.0,0.0,0.0,0.0,2.0
-1.2645,7.000015206406752,1.8803355636962759e-06,0.9999913670154681,0.0,0.0,0.0,0.0,0.0,0.0,0.0,0.0,0.0,0.0,2.0
-1.2615,7.000000109978329,6.587235225008241e-07,0.9999939093214312,1.2478203238438924e-05,-1.4109747756167495e-05,6.460997579649456e-06,-1.5278326185541592e-06,0.0,0.0,0.0,0.0,0.0,0.0,6.0
-1.2585,6.999998550817029,8.146808430584127e-07,0.9999935548193585,1.5007553191416334e-05,-1.5063939464048516e-05,6.984730251669622e-06,-1.7446968999513216e-06,0.0,0.0,0.0,0.0,0.0,0.0,6.0
-1.2555,6.999997023905864,1.0514258468425773e-06,0.9999930771846691,1.761004433889753e-05,-1.6152026873789046e-05,7.554917373915555e-06,-1.960214747742514e-06,0.0,0.0,0.0,0.0,0.0,0.0,6.0
-1.2525,6.9999954389525,1.3607026876902682e-06,0.9999924781256003,2.0327300903439654e-05,-1.736357867269271e-05,8.169616070128571e-06,-2.1784793508108183e-06,0.0,0.0,0.0,0.0,0.0,0.0,6.0
-1.2495,6.9999937676636375,1.737261471467137e-06,0.9999917645993116,2.3187690346649905e-05,-1.8705359515317965e-05,8.835659792210482e-06,-2.4041735073129595e-06,0.0,0.0,0.0,0.0,0.0,0.0,6.0
-1.2465,6.99999203774687,2.1754479990463095e-06,0.9999909485359905,2.621877328016829e-05,-2.0204335115052883e-05,9.569747450231782e-06,-2.643455974772771e-06,0.0,0.0,0.0,0.0,0.0,0.0,6.0
-1.2435,6.999990315351785,2.6642318753650042e-06,0.9999900440541309,2.9462415589545677e-05,-2.1904826116020263e-05,1.0395781566949778e-05,-2.903934218096411e-06,0.0,0.0,0.0,0.0,0.0,0.0,6.0
-1.2405,6.999988696453985,3.1840272558706294e-06,0.999989062588575,3.2985639541379954e-05,-2.3862627120945085e-05,1.133908574072963e-05,-3.193010772320709e-06,0.0,0.0,0.0,0.0,0.0,0.0,6.0
-1.2375,6.999987312282241,3.7066386609410014e-06,0.9999880075446018,3.6885060430844434e-05,-2.6138940575737243e-05,1.2419574038458817e-05,-3.5151879937922593e-06,0.0,0.0,0.0,0.0,0.0,0.0,6.0
-1.2345,6.999986331506301,4.198469571956465e-06,0.9999868706838307,4.1283318753215396e-05,-2.8794676421748497e-05,1.3646899096376471e-05,-3.8700863633052234e-06,0.0,0.0,0.0,0.0,0.0,0.0,6.0
-1.2315,6.999985926946948,4.6288058193878205e-06,0.9999856316661969,4.63104167987127e-05,-3.188261888797884e-05,1.5020496132438638e-05,-4.253115873905756e-06,0.0,0.0,0.0,0.0,0.0,0.0,6.0
-1.2285,6.99998617853103,4.986174756440771e-06,0.9999842600938167,5.206162301744747e-05,-3.5433752229141076e-05,1.653562370025422e-05,-4.659694198223011e-06,0.0,0.0,0.0,0.0,0.0,0.0,6.0
-1.2255,6.999986927894866,5.30054087983578e-06,0.9999827182695675,5.8538889766267556e-05,-3.943885564989415e-05,1.819304340226179e-05,-5.091648373068375e-06,0.0,0.0,0.0,0.0,0.0,0.0,6.0
-1.2225,6.999987685101721,5.656062758230326e-06,0.9999809650257439,6.561293990236156e-05,-4.383794071648187e-05,2.0006241341187298e-05,-5.561622144485763e-06,0.0,0.0,0.0,0.0,0.0,0.0,6.0
-1.2195,6.999987742170767,6.170201309458999e-06,0.9999789643544567,7.30601485184831e-05,-4.8537761090716505e-05,2.199915338550556e-05,-6.090247245481194e-06,0.0,0.0,0.0,0.0,0.0,0.0,6.0
-1.2165,6.9999865424308,6.931791514116474e-06,0.9999767003808439,8.068984782983378e-05,-5.3463430958432575e-05,2.4192743895977632e-05,-6.694804669965391e-06,0.0,0.0,0.0,0.0,0.0,0.0,6.0
-1.2135,6.999984076601187,7.93574121159757e-06,0.9999741899343081,8.848377982376971e-05,-5.861271785308125e-05,2.658946996600004e-05,-7.376745391773929e-06,0.0,0.0,0.0,0.0,0.0,0.0,6.0
-1.2105000000000001,6.999980905893651,9.079624634085135e-06,0.9999714773379017,9.661338014922807e-05,-6.405893327658357e-05,2.9170565675463916e-05,-8.120356064299044e-06,0.0,0.0,0.0,0.0,0.0,0.0,6.0
-1.2075,6.999979174973392,1.0249165266334617e-05,0.9999684086111784,0.00010527533971676093,-6.971796783683702e-05,3.191280440179699e-05,-8.934075920809342e-06,0.0,0.0,0.0,0.0,0.0,0.0,6.0
-1.2045,6.999969062448764,1.1406027148760003e-05,0.9999664810112563,0.0001145320647564635,-7.690833946092385e-05,3.480583017048336e-05,-9.594225276863194e-06,0.0,0.0,0.0,0.0,0.0,0.0,6.0
-1.2015,6.999972688414026,1.2614555210083505e-05,0.9999626112128895,0.00012422341479394053,-8.295250659144474e-05,3.7861592643459375e-05,-1.0543445589623525e-05,0.0,0.0,0.0,0.0,0.0,0.0,6.0
-1.1985000000000001,6.999971683938808,1.3946460490756334e-05,0.9999594673066206,0.00013415660085776688,-9.013647336738874e-05,4.109518948901814e-05,-1.1400214901290313e-05,0.0,0.0,0.0,0.0,0.0,0.0,6.0
-1.1955,6.999971568839544,1.53788580209598e-05,0.9999562953399007,0.00014431959006855048,-9.775965907504553e-05,4.450424495783107e-05,-1.2281522255420213e-05,0.0,0.0,0.0,0.0,0.0,0.0,6.0
-1.1925,6.999971934420595,1.680322151267603e-05,0.9999531067349609,0.00015482430630180344,-0.00010574720156389859,4.807348208013048e-05,-1.3202641574399938e-05,0.0,0.0,0.0,0.0,0.0,0.0,6.0
-1.1895,6.999972134593234,1.808023532815317e-05,0.9999498901880772,0.00016579187719274014,-0.00011399136201763618,5.1785706742390515e-05,-1.4184043001052644e-05,0.0,0.0,0.0,0.0,0.0,0.0,6.0
-1.1865,6.999971679380423,1.9114727414810654e-05,0.999946625158907,0.0001771995910366121,-0.0001224050976681466,5.5635393137650884e-05,-1.5238497391585187e-05,0.0,0.0,0.0,0.0,0.0,0.0,6.0
-1.1835,6.999970415045546,1.989434953952759e-05,0.999943293960528,0.00018882180634006719,-0.0001309460276727107,5.9631755933189355e-05,-1.6365644979273268e-05,0.0,0.0,0.0,0.0,0.0,0.0,6.0
-1.1804999999999999,6.999968408022216,2.0475994662297225e-05,0.9999398882224712,0.00020030261732947397,-0.00013959955226588563,6.378888801655895e-05,-1.755704070562874e-05,0.0,0.0,0.0,0.0,0.0,0.0,6.0
-1.1775,6.999965726824749,2.095177726662711e-05,0.9999364121323198,0.00021129022722635009,-0.0001483494673379746,6.811288690065234e-05,-1.8805306078810823e-05,0.0,0.0,0.0,0.0,0.0,0.0,6.0
-1.1745,6.999962306491254,2.1427223754043505e-05,0.9999328809138481,0.00022154949258999774,-0.0001571642917525004,7.259714332791293e-05,-2.0110260663936144e-05,0.0,0.0,0.0,0.0,0.0,0.0,6.0
-1.1715,6.999957923858615,2.201823474156496e-05,0.9999293094160717,0.00023101767791951114,-0.00016600443145387456,7.722939418553865e-05,-2.147968860890359e-05,0.0,0.0,0.0,0.0,0.0,0.0,6.0
-1.1684999999999999,6.999952228895475,2.2854124040654005e-05,0.9999256921400547,0.000239809600145011,-0.0001748390687626924,8.200557343264251e-05,-2.2926263678529586e-05,0.0,0.0,0.0,0.0,0.0,0.0,6.0
-1.1655,6.999944809531342,2.40703293031888e-05,0.9999219879346225,0.00024818884627853633,-0.00018366139903587889,8.694120615845307e-05,-2.446288270788755e-05,0.0,0.0,0.0,0.0,0.0,0.0,6.0
-1.1625,6.999935324226066,2.5779821460597575e-05,0.9999181269753269,0.00025651907882704214,-0.0001924991601318204,9.207254776266106e-05,-2.6097685561423397e-05,0.0,0.0,0.0,0.0,0.0,0.0,6.0
-1.1595,6.999923724060148,2.802474684941698e-05,0.9999140454462314,0.0002652101701859682,-0.00020142334647717475,9.744530790837288e-05,-2.78292934074138e-05,0.0,0.0,0.0,0.0,0.0,0.0,6.0
-1.1564999999999999,6.99991046663384,3.0732752369184094e-05,0.9999097287375596,0.0002746665803598353,-0.00021055159128421065,0.00010309585640653925,-2.964371363515716e-05,0.0,0.0,0.0,0.0,0.0,0.0,6.0
-1.1535,6.999896459031452,3.372745463394122e-05,0.9999052270974793,0.00028520890426290957,-0.0002200238358579886,0.00010903653808260169,-3.151743174430414e-05,0.0,0.0,0.0,0.0,0.0,0.0,6.0
-1.1505,6.999882505448705,3.682924321690656e-05,0.9999006242267601,0.0002969185159075281,-0.00022992694040162878,0.00011525835799233298,-3.343171092589047e-05,0.0,0.0,0.0,0.0,0.0,0.0,6.0
-1.1475,6.999976263864774,3.8586631354738034e-05,0.9998791951801866,0.0003130314873880873,-0.00022433831974375549,0.00012132944893009411,-3.814209680697874e-05,0.0,0.0,0.0,0.0,0.0,0.0,6.0
-1.1445,6.999975979131543,3.9639895343751814e-05,0.9998745195577753,0.00032671121218298015,-0.00023124629145177117,0.00012586739993572515,-3.995945533387474e-05,0.0,0.0,0.0,0.0,0.0,0.0,6.0
-1.1415,6.999965122959084,3.739569299477265e-05,0.9998680017338536,0.0003673847727106039,-0.00024400364705102391,0.0001268205865386956,-4.26494583521731e-05,1.4737045089689725e-06,7.35665828123783e-07,-7.523751880720072e-07,2.2074528010507467e-07,0.0,0.0,10.0
-1.1385,6.999938283042102,3.7488465816171725e-05,0.9998660010368005,0.00039110576016444375,-0.00025780718535206923,0.00013081202400615346,-4.407224595651951e-05,2.0290423845485275e-06,8.753053009850138e-07,-8.590509877353938e-07,2.4297560659555354e-07,0.0,0.0,10.0
-1.1355,6.9999172450030995,3.799854367580154e-05,0.999863741720652,0.00041272823438768895,-0.0002712356443559956,0.00013518196434084874,-4.559383372179899e-05,2.556548751146003e-06,1.0168704589659184e-06,-9.639947679186902e-07,2.6535932108485154e-07,0.0,0.0,10.0
-1.1325,6.9999038820203845,3.914022412704118e-05,0.9998613644026139,0.00043135899322785355,-0.00028440698083573144,0.00014003481176767015,-4.7177167489445015e-05,3.0440978615519207e-06,1.1517313013700563e-06,-1.0660978657812903e-06,2.8887951254658613e-07,0.0,0.0,10.0
-1.1295,6.999897002872232,4.0851200455473854e-05,0.9998590228147981,0.00044689678110924224,-0.0002973771427319383,0.0001453618222755613,-4.88092113414433e-05,3.4844173543509203e-06,1.2782036597796057e-06,-1.1649256895745591e-06,3.140327276291848e-07,0.0,0.0,10.0
-1.1265,6.999893633842208,4.293831842071432e-05,0.9998567908937621,0.0004597643349290862,-0.000310139868041229,0.00015105654349085903,-5.0486513471019885e-05,3.8734466298437275e-06,1.401767078377689e-06,-1.2611257705494957e-06,3.4100020054990865e-07,0.0,0.0,10.0
-1.1235,6.999890698964124,4.5271818279164826e-05,0.9998546170050716,0.0004705233680928706,-0.0003226543862503346,0.00015698599275620933,-5.220326678881735e-05,4.211990851606305e-06,1.5309705770451396e-06,-1.3559899615085015e-06,3.698620735805938e-07,0.0,0.0,10.0
-1.1205,6.9998858362102965,4.7865001396565694e-05,0.9998523273791304,0.00047968667759435633,-0.0003348529193471276,0.00016307002837995002,-5.396542984904483e-05,4.514547128197011e-06,1.671031423034803e-06,-1.4500470260850159e-06,4.0048671606861396e-07,0.0,0.0,10.0
-1.1175,6.999877278504796,5.0856678499193796e-05,0.9998496895129463,0.0004876513883060012,-0.0003466595955351089,0.00016932642209557843,-5.580953542925711e-05,4.81534339752415e-06,1.8182916124288427e-06,-1.5416383665873594e-06,4.322897347308593e-07,0.0,0.0,10.0
-1.1145,6.999863441490093,5.444642757981418e-05,0.9998465126425313,0.0004946495801989515,-0.0003580044396042095,0.00017583448733266441,-5.779103351061411e-05,5.158081853885936e-06,1.9605679258296725e-06,-1.6270899806701167e-06,4.6424415160334835e-07,0.0,0.0,10.0
-1.1115,6.999843064486819,5.879212444555215e-05,0.9998427246370216,0.0005007654174210372,-0.00036880796538304403,0.00018262167937277098,-5.993434562475394e-05,5.5706877787317935e-06,2.0842766371751033e-06,-1.7028723408205183e-06,4.953080221875634e-07,0.0,0.0,10.0
-1.1085,6.99981640681303,6.386610074431384e-05,0.999838347466232,0.0005061642256922732,-0.00037897485793906844,0.00018955905452255797,-6.218597764953602e-05,6.046340210837344e-06,2.182398500046667e-06,-1.7680499461986328e-06,5.249931363465969e-07,0.0,0.0,10.0
-1.1055,6.999787003241926,6.932401687443374e-05,0.9998333374515611,0.0005115219248057189,-0.0003884421803971162,0.00019636661473111728,-6.442664442322984e-05,6.55068695164799e-06,2.2568553948364142e-06,-1.824915210027928e-06,5.535761468854152e-07,0.0,0.0,10.0
-1.1025,6.999761957946309,7.451471900995737e-05,0.9998274365383303,0.0005182863279827477,-0.00039727137263121883,0.00020273932171207108,-6.654078683395454e-05,7.049141695443589e-06,2.3147013087523606e-06,-1.8775164322355337e-06,5.818089389172379e-07,0.0,0.0,10.0
-1.0995,6.999748331685571,7.872896115183241e-05,0.9998203525648092,0.0005282923107615737,-0.0004057758362331192,0.00020849656063775239,-6.846607869719166e-05,7.528063174828991e-06,2.36102413525782e-06,-1.929581004303554e-06,6.106219633433458e-07,0.0,0.0,10.0
-1.0965,6.999746795238618,8.16000231105747e-05,0.9998122731454336,0.0005427671092068019,-0.00041461232776662804,0.00021364798405070658,-7.017062515595337e-05,7.993475485207327e-06,2.3926464562523922e-06,-1.983297333764083e-06,6.411909989434982e-07,0.0,0.0,10.0
-1.0935000000000001,6.999750023114732,8.33413014369887e-05,0.9998039677636064,0.0005615325259001226,-0.0004245123943116242,0.0002183522582935064,-7.163435750720045e-05,8.45566123171322e-06,2.401289007985635e-06,-2.039239876857206e-06,6.746104912164075e-07,0.0,0.0,10.0
-1.0905,6.99975184685309,8.445961923014203e-05,0.9997959143625025,0.0005833803753457977,-0.0004355860464320103,0.00022280061696447923,-7.291256388735265e-05,8.919290015257246e-06,2.38841131244828e-06,-2.097018080185145e-06,7.106327828975409e-07,0.0,0.0,10.0
-1.0875,7.000129995618734,8.596022287074314e-05,0.9997349241484684,0.0006045438192309175,-0.00040187703233089217,0.00022757145873925807,-8.163375666414361e-05,9.346493169069484e-06,3.2961653229645275e-06,-2.153318690414104e-06,6.549425242875849e-07,0.0,0.0,10.0
-1.0845,7.0002332977498956,8.679086058329508e-05,0.9997123835438008,0.0006263168346841604,-0.0004015000433906791,0.00023247279703337268,-8.489095418789539e-05,9.740454349948367e-06,3.523525314552641e-06,-2.2086656619112706e-06,6.67416579993501e-07,0.0,0.0,10.0
-1.0815000000000001,6.999930766493693,8.628303480234314e-05,0.9997445898805877,0.000651613740643826,-0.000446704136208475,0.00023706756678021243,-8.085112911024364e-05,1.013608368464224e-05,2.8556956043303697e-06,-2.264687738625952e-06,7.690345367238497e-07,0.0,0.0,10.0
-1.0785,6.99988029808874,8.674053547290126e-05,0.9997384076113746,0.0006767655228564036,-0.0004566350463446452,0.0002417777660200156,-8.304315266690601e-05,1.0513602080895898e-05,2.9782504467539063e-06,-2.318978805667009e-06,7.911540942780586e-07,0.0,0.0,10.0
-1.0755,6.999832119722264,8.815996437319303e-05,0.9997326050819646,0.0007019327556999866,-0.0004670190475231309,0.0002462763897730856,-8.538517097643933e-05,1.0913624557090656e-05,3.12476281495854e-06,-2.373840903361769e-06,8.111768900242558e-07,0.0,0.0,10.0
-1.0725,6.999790047533762,9.087623099724091e-05,0.9997267408339012,0.0007247007264956319,-0.0004784875187206223,0.00025086381669110427,-8.773774019807597e-05,1.1323988649801543e-05,3.28130208187235e-06,-2.4279159774339235e-06,8.307428111882169e-07,0.0,0.0,10.0
-1.0695000000000001,6.999753834592387,9.456556775511251e-05,0.9997203765269302,0.0007443986166320566,-0.0004910972123895413,0.0002557558601968468,-9.000213833043632e-05,1.1751307515689746e-05,3.442260991850872e-06,-2.480861477964447e-06,8.505931895421764e-07,0.0,0.0,10.0
-1.0665,6.999722687366515,9.887972863537807e-05,0.9997135650889795,0.0007620210736659458,-0.0005045101734883721,0.00026108496415923105,-9.210813824147235e-05,1.2213934719016146e-05,3.606006609166021e-06,-2.533493827729035e-06,8.708468171169559e-07,0.0,0.0,10.0
-1.0635,6.999695911770461,0.00010350233625445524,0.9997066498357319,0.0007794564520000651,-0.0005182642590305166,0.0002668590934221147,-9.403554814097472e-05,1.2725486589854441e-05,3.7701257912317035e-06,-2.587806203448455e-06,8.912421329495685e-07,0.0,0.0,10.0
-1.0605,6.9996729606829025,0.00010808718458743636,0.9996998142419186,0.0007982085280358566,-0.0005321339630151074,0.0002729468835903838,-9.582741596354768e-05,1.3276452420856993e-05,3.926078189470101e-06,-2.646701370480304e-06,9.115061925413243e-07,0.0,0.0,10.0
-1.0575,6.999653633209683,0.00011232729391752144,0.99969293198687,0.0008187135280505556,-0.0005462746426084168,0.00027912880377661765,-9.757186795562635e-05,1.3832828318817402e-05,4.059176664396874e-06,-2.7132473862224286e-06,9.31600937853973e-07,0.0,0.0,10.0
-1.0545,6.999638036530038,0.00011606912672636554,0.9996857333793506,0.0008405985078384261,-0.0005610105261159441,0.00028522025929494916,-9.935286902575508e-05,1.4357293789068092e-05,4.156324287531814e-06,-2.789265613444166e-06,9.517694409125814e-07,0.0,0.0,10.0
-1.0514999999999999,6.999626301408092,0.00011936009546589397,0.9996780064959048,0.0008632801780169272,-0.0005765106744921021,0.00029118568679299304,-0.00010120449938286074,1.4835582828917592e-05,4.215847635351087e-06,-2.873969539102124e-06,9.724357543364452e-07,0.0,0.0,10.0
-1.0485,6.999618325555543,0.00012241407297550083,0.9996696632770348,0.0008863063830857221,-0.0005926539214986893,0.00029714640544922896,-0.00010311053191829918,1.5283660906611433e-05,4.250486676365919e-06,-2.964056381437122e-06,9.93962144154083e-07,0.0,0.0,10.0
-1.0455,6.99961357636859,0.0001255323028401681,0.9996607133931324,0.0009093659552149879,-0.0006091439135352277,0.00030328528890372704,-0.00010504557169487801,1.5730139510666755e-05,4.280252710630699e-06,-3.055621006590715e-06,1.0163629093953977e-06,0.0,0.0,10.0
-1.0425,6.999610874229607,0.0001290148485648513,0.9996512469928258,0.0009322101142613475,-0.0006257221372762134,0.0003097413394935817,-0.00010701065935785684,1.619266380158398e-05,4.321143181663342e-06,-3.1463844485242566e-06,1.0392323578468384e-06,0.0,0.0,10.0
-1.0394999999999999,6.999608306458607,0.0001330837001062844,0.9996414449724353,0.0009546663167945431,-0.000642306362901736,0.0003165701145589136,-0.00010902921286669274,1.6669460911730477e-05,4.378598242887021e-06,-3.236388921851654e-06,1.0620297657817958e-06,0.0,0.0,10.0
-1.0365,6.999603355347437,0.00013783346531401615,0.9996315882286427,0.000976727400823776,-0.0006590124458206956,0.00032376726698225003,-0.00011111297093138002,1.7148436425914192e-05,4.448367333183023e-06,-3.326972124613771e-06,1.0845554338150898e-06,0.0,0.0,10.0
-1.0335,6.999593706280197,0.00014322311415043888,0.9996219637937448,0.0009986013791192178,-0.0006760433658580783,0.0003313074395788766,-0.00011324449189452627,1.7620238054100443e-05,4.52226338157738e-06,-3.4193913144249406e-06,1.1071167956592352e-06,0.0,0.0,10.0
-1.0305,6.999579976830044,0.00014911271642887607,0.9996124727849066,0.0010206473928090604,-0.0006933289169665521,0.00033916691531224517,-0.00011542661717279288,1.8083387543853494e-05,4.597872962705422e-06,-3.5142728929716204e-06,1.1298298722978391e-06,0.0,0.0,10.0
-1.0275,6.999874327589922,0.00015573250617089798,0.9995588214689958,0.0010418281240828712,-0.0006726508527311213,0.00034754448249731134,-0.00012399494087739048,1.8531666657358212e-05,5.460315595118326e-06,-3.610568748995611e-06,1.074202967543142e-06,0.0,0.0,10.0
-1.0245,6.999948982303965,0.0001630310060947461,0.999535896417906,0.0010620400444072242,-0.0006788279942501296,0.000356440529827753,-0.00012815090252574568,1.8951320953318432e-05,5.7701237035692664e-06,-3.708950957207401e-06,1.0743473422714036e-06,0.0,0.0,10.0
-1.0215,6.999682631802752,0.000170123207322344,0.9995608892324772,0.0010840771356023353,-0.000726847812062369,0.0003654684721455455,-0.00012539271177522244,1.9372821879108617e-05,5.216711231719594e-06,-3.8115235884810773e-06,1.1613341163294002e-06,0.0,0.0,10.0
-1.0185,6.999668141229668,0.000176765960018456,0.9995496393083168,0.0011085471277467735,-0.0007441232025633193,0.0003745792094776293,-0.00012779578331008552,1.9818824485376448e-05,5.296314551863424e-06,-3.9179374585851544e-06,1.1854061797333622e-06,0.0,0.0,10.0
-1.0155,6.999653691452853,0.00018316759355157855,0.9995378045655021,0.0011345303943573876,-0.0007615982484288047,0.00038385494843225454,-0.00013022923231535683,2.027248244768306e-05,5.3721004514805945e-06,-4.027814484438971e-06,1.2103316782259456e-06,0.0,0.0,10.0
-1.0125,6.999638413034207,0.00018919643323621785,0.9995253814876641,0.001162315646565601,-0.0007793569466936653,0.00039321803611603917,-0.00013270828396758303,2.0737192939125517e-05,5.445148299841967e-06,-4.141067805933945e-06,1.2360347435662515e-06,0.0,0.0,10.0
-1.0095,6.999621225413755,0.0001947341618621026,0.9995123381575236,0.0011921936275766417,-0.0007974207908457027,0.0004025836805482881,-0.0001352703361404885,2.12145082811914e-05,5.518572587627921e-06,-4.257622877485136e-06,1.262156459059558e-06,0.0,0.0,10.0
-1.0065,6.999600889161324,0.00019972384999620687,0.9994986488641133,0.0012243351216106757,-0.0008158008045393585,0.00041188683227826294,-0.00013795985017833943,2.1702044117377733e-05,5.5953556011793135e-06,-4.377425101837689e-06,1.2882297842488359e-06,0.0,0.0,10.0
-1.0035,6.9995765318949275,0.0002042198481127788,0.999484285573894,0.0012586700091977198,-0.0008345233225047021,0.0004211106174600686,-0.00014081501925712034,2.219243177576506e-05,5.676825991147462e-06,-4.50033129726116e-06,1.3138469652728452e-06,0.0,0.0,10.0
-1.0005,6.999548030305041,0.0002084043246421698,0.9994692151318989,0.0012948555697190674,-0.0008536519112562152,0.0004303002434620657,-0.00014385748570356613,2.2674595513275577e-05,5.761714110984573e-06,-4.625946800126981e-06,1.3387906351577233e-06,0.0,0.0,10.0
-0.9975,6.999516039972602,0.00021255335074944588,0.9994534034485278,0.0013323753459152828,-0.0008732943027789953,0.00043955508318432683,-0.0001470911060483433,2.3138065229906902e-05,5.8460430226463785e-06,-4.7534138494518995e-06,1.3630381019787486e-06,0.0,0.0,10.0
-0.9945,6.9994817024344345,0.0002169678103429796,0.999436824754246,0.0013707216903704618,-0.0008935903551815199,0.00044900297915835774,-0.00015050902828596965,2.3579309228839155e-05,5.9235382670948975e-06,-4.8810956655203505e-06,1.3866253909028744e-06,0.0,0.0,10.0
-0.9915,6.999446237409884,0.00022190351788928082,0.999419474029182,0.0014095532381931935,-0.000914674823086061,0.000458760836667431,-0.00015409963199439146,2.4006238843543678e-05,5.986388260291481e-06,-5.006238873494024e-06,1.4094478317470752e-06,0.0,0.0,10.0
-0.9885,6.999410636229782,0.0002275300044122818,0.9994013786126633,0.00144874160903341,-0.0009366142634009989,0.0004688836377129495,-0.00015783976006913665,2.4435658019363175e-05,6.026976263533757e-06,-5.125006909626864e-06,1.4311402971116621e-06,0.0,0.0,10.0
-0.9855,6.999375551017859,0.0002339287764699889,0.9993825936544263,0.0014883404461082071,-0.0009593646857823054,0.00047932637172534687,-0.0001616785389561089,2.4882943516346368e-05,6.041092232092653e-06,-5.233337418285927e-06,1.4511710891238845e-06,0.0,0.0,10.0
-0.9825,6.999341350507371,0.0002411206747229357,0.9993631638424718,0.0015286120603919858,-0.0009828440011682388,0.0004899730719493694,-0.00016553636212516426,2.5351808426069934e-05,6.031283430594617e-06,-5.328469700605596e-06,1.4691368954278983e-06,0.0,0.0,10.0
-0.9795,6.999308266628964,0.000249096648828539,0.9993430581433074,0.001570208687572171,-0.0010071792414735423,0.0005007737583250723,-0.00016934454420541447,2.5835396077320287e-05,6.0072358291222846e-06,-5.4100725279718645e-06,1.485024528412182e-06,0.0,0.0,10.0
-0.9765,6.999276526460526,0.00025782809052412204,0.9993221478291697,0.0016142562817362354,-0.001032899077178359,0.0005118669132245071,-0.00017308634455201298,2.6322982984838228e-05,5.982487670469905e-06,-5.479736897601243e-06,1.4990932410616779e-06,0.0,0.0,10.0
-0.9735,6.999246308367891,0.00026723191659342555,0.9993004480500952,0.0016613642209693904,-0.0010603505499342228,0.0005233548305820768,-0.0001767442363096856,2.6800121834398274e-05,5.965500318185471e-06,-5.537050716193572e-06,1.5109545511278177e-06,0.0,0.0,10.0
-0.9705,6.999217313590273,0.0002771283337645583,0.99927854139508,0.001710067211630075,-0.001088892045087954,0.0005350896182346133,-0.0001802916836152735,2.726405617555652e-05,5.953820800445324e-06,-5.578796383809768e-06,1.519563110956168e-06,0.0,0.0,10.0
-0.9675,6.999394132949855,0.0002878004100774838,0.9992279974239217,0.0017578711318785311,-0.0010934963935922764,0.0005474889817717585,-0.00018798282311260968,2.7720360845462186e-05,6.464704835828727e-06,-5.608639805123002e-06,1.4748620601082964e-06,0.0,0.0,10.0
-0.9645,6.999377386692082,0.0002988464947202657,0.9992036798867698,0.0018096984599573712,-0.001123623050486492,0.0005605947556033963,-0.00019190952994742986,2.8181274552395494e-05,6.526735319094061e-06,-5.641030225406941e-06,1.4786962516862432e-06,0.0,0.0,10.0
-0.9615,6.99925047997047,0.0003120246018519341,0.999191210093622,0.001864661812723162,-0.0011664279572552224,0.0005740026520367597,-0.00019405861662483864,2.8679362600988776e-05,6.3900270286438035e-06,-5.680984824608088e-06,1.506045799294517e-06,0.0,0.0,10.0
-0.9585,6.999220267371619,0.0003245590068362455,0.9991655759218306,0.0019233097322344018,-0.001199189022092507,0.0005868621727033621,-0.00019778578624324699,2.927109320953523e-05,6.431027343300915e-06,-5.724799496055604e-06,1.5193733106528813e-06,0.0,0.0,10.0
-0.9555,6.999190690156028,0.00033790784312894554,0.9991384419740604,0.0019840871649259868,-0.0012327848769577083,0.000599937890362956,-0.00020151146245339497,2.9828535483464404e-05,6.482097130921283e-06,-5.759815529128445e-06,1.535739272078666e-06,0.0,0.0,10.0
-0.9525,6.999159884510584,0.0003520311518359804,0.9991097271627761,0.0020472223568417285,-0.0012673330183280709,0.0006131726442347555,-0.00020519407595740087,3.037322802223608e-05,6.553226683155753e-06,-5.7873678893046334e-06,1.5543009186709488e-06,0.0,0.0,10.0
-0.9495,6.999126658186877,0.0003669130431455787,0.9990792810441345,0.0021130728708071674,-0.0013028873633340438,0.0006265794821150254,-0.000208809249686116,3.0904245822246206e-05,6.6409666229843945e-06,-5.8120058761024174e-06,1.5737069558356319e-06,0.0,0.0,10.0
-0.9465,6.999090435014828,0.00038260461150248286,0.9990469911932572,0.002182032590316706,-0.0013396372224206666,0.000640141356890819,-0.00021236176825391352,3.140872421273572e-05,6.739602556575647e-06,-5.836762343344334e-06,1.5931461604726753e-06,0.0,0.0,10.0
-0.9435,6.999051014969921,0.0003991562517382566,0.9990127290595959,0.002254418992905054,-0.001377850678372081,0.0006538593047641672,-0.0002158392838563429,3.188192142131094e-05,6.848698493298411e-06,-5.862152107614367e-06,1.6124591706112424e-06,0.0,0.0,10.0
-0.9405,6.9990083322893755,0.00041656743301794427,0.9989763634352078,0.0023305357017585166,-0.0014177211498833332,0.0006677643512603937,-0.0002192069420858348,3.2318506042308356e-05,6.971155802952514e-06,-5.88817458773258e-06,1.631791969612247e-06,0.0,0.0,10.0
-0.9375,6.998962389337464,0.0004347847143469916,0.9989378072678655,0.002410691693365499,-0.0014593072390732527,0.0006818601755993794,-0.00022241305902098572,3.269779113193456e-05,7.11303097236229e-06,-5.91578416342813e-06,1.6514237332650643e-06,0.0,0.0,10.0
-0.9345,6.998913211415731,0.0004537193892398503,0.9988970236535184,0.0024951924423863895,-0.0015025881059618237,0.0006960934289452088,-0.0002253892728516522,3.297826883973428e-05,7.2845834178007705e-06,-5.94695027027513e-06,1.6716211364835074e-06,0.0,0.0,10.0
-0.9315,6.998860749716218,0.0004732826359698444,0.9988539818938951,0.00258441357484911,-0.001547636371839096,0.0007104470354110104,-0.00022808834148881207,3.31136341479442e-05,7.496014513673253e-06,-5.982807449110414e-06,1.6922481893731871e-06,0.0,0.0,10.0
-0.9285,6.998804809296287,0.000493435283583079,0.9988085987974266,0.002678854560652112,-0.0015947574118079769,0.0007251157851271252,-0.00023057871227349594,3.309354910375411e-05,7.748009448007512e-06,-6.0208321230882725e-06,1.7123979184655246e-06,0.0,0.0,10.0
-0.9255,6.998745147098885,0.0005142114144589831,0.9987607401369343,0.002778896212400438,-0.0016442872012666471,0.000740495881467778,-0.00023309501507166517,3.297553804497506e-05,8.027472275355489e-06,-6.055004593944104e-06,1.7308632445981233e-06,0.0,0.0,10.0
-0.9225,6.99868166639525,0.0005356591736127716,0.9987103838506863,0.002884289840581839,-0.0016961181171980086,0.0007568338266672338,-0.0002358972084790712,3.286014275167958e-05,8.316443140066539e-06,-6.080885676120052e-06,1.7476378963618017e-06,0.0,0.0,10.0
-0.9195,6.99861430543007,0.0005577618492359176,0.998657832108764,0.00299401660352327,-0.0017497051377375736,0.0007739719462998696,-0.0002390215471929129,3.2806877653757765e-05,8.609808676011454e-06,-6.102184052909463e-06,1.7650684067049366e-06,0.0,0.0,10.0
-0.9165,6.998541825973621,0.0005806711717309722,0.998603422918035,0.003106882606141831,-0.0018044715816782242,0.0007913479178703206,-0.0002419878682118782,3.2614532219101435e-05,8.992805016197908e-06,-6.152933802404208e-06,1.7908714630802841e-06,0.0,0.0,10.0
-0.9135,6.99845902485417,0.0006053989001574079,0.9985466096668649,0.0032223788883133575,-0.0018602291685268864,0.0008086957979231758,-0.00024426311780373415,3.196141147637448e-05,9.58342359763027e-06,-6.274645178726459e-06,1.83232639010192e-06,0.0,0.0,10.0
-0.9105,6.998358026647313,0.0006332274089845955,0.998487201252532,0.0033387030767524158,-0.001917523991294341,0.0008275374665992099,-0.0002467033310853937,3.120804970110924e-05,1.0185441030269522e-05,-6.3958927626735655e-06,1.8721517166992922e-06,0.0,0.0,10.0
-0.9075,6.99843357209967,0.000664521091249893,0.998399616115699,0.003445319325197813,-0.0019519613068932993,0.0008510505322165796,-0.00025456838315859973,3.0720559967013246e-05,1.0958350659369753e-05,-6.369817630820483e-06,1.8379881347570575e-06,0.0,0.0,10.0
-0.9045,6.998494366816054,0.0006924743845239229,0.9983026398963722,0.003581199435986791,-0.0019741788979462855,0.0008681880712387683,-0.000266393585258317,3.116052717997297e-05,1.209937627212177e-05,-6.24612089948758e-06,1.7516349950576015e-06,0.0,0.0,10.0
-0.9015,6.998176902064964,0.0007175610415655585,0.9982642413769418,0.0037664192196257924,-0.002076395754047265,0.0008727583042160314,-0.0002616389467164483,3.333169300248024e-05,1.1547138550264262e-05,-6.200494075632079e-06,1.879957318220292e-06,0.0,0.0,10.0
-0.8985,6.998104773577903,0.0007549568198612283,0.9981874620904553,0.003899529694229383,-0.0021448217585988212,0.0008943522578302748,-0.00026208057535780994,3.3999477978571434e-05,1.1995340684569581e-05,-6.161638624641932e-06,1.8785957647124453e-06,0.0,0.0,10.0
-0.8955,6.998019741068948,0.000792545891834006,0.9981063058106854,0.004043974294309964,-0.0022104538024593163,0.0009170091721146746,-0.000263287631903183,3.3721145588975674e-05,1.196531728383323e-05,-6.256854616981953e-06,1.8455577026408357e-06,0.0,0.0,10.0
-0.8925,6.997918879686001,0.0008305168391545698,0.9980212866257431,0.004196445472183799,-0.0022789804676162325,0.0009370599467063393,-0.00026585788687132013,3.2779318000572414e-05,1.1725328442861616e-05,-6.389790734295417e-06,1.799199563945292e-06,0.0,0.0,10.0
-0.8895,6.997806369927359,0.0008693896267677536,0.9979318175805599,0.00435522750215125,-0.0023490920312421635,0.0009567744696517719,-0.0002678232432225065,3.2151141177824494e-05,1.16821970932521e-05,-6.433512192060888e-06,1.7640683629042212e-06,0.0,0.0,10.0
-0.8865,6.997686932216937,0.0009102264997370031,0.997839050611975,0.004523614313499346,-0.00241810101665554,0.0009776635834783144,-0.00026854167496693165,3.1898169837466734e-05,1.1810372355995095e-05,-6.403392193663165e-06,1.736166202529003e-06,0.0,0.0,10.0
-0.8835,6.997562946172901,0.0009536347285324869,0.9977432160228688,0.004701607602136178,-0.0024871965058185005,0.0009984823767482359,-0.0002688887157247054,3.147328126122851e-05,1.1883065154358247e-05,-6.368050233226918e-06,1.7018450622933243e-06,0.0,0.0,10.0
-0.8805,6.9974343357538675,0.0009996421499996115,0.9976434553796387,0.004887255594703583,-0.002558586675589135,0.0010180085168024506,-0.00026942074032496407,3.062915973283368e-05,1.1828099165342414e-05,-6.3440719040344544e-06,1.657768672931475e-06,0.0,0.0,10.0
-0.8775,6.997300231946271,0.0010481821648172893,0.9975388882906282,0.005079742955192275,-0.002633286618901765,0.0010361019520856894,-0.0002700337955746349,2.9444252487190817e-05,1.1699249257425307e-05,-6.312189445041731e-06,1.6071346251593972e-06,0.0,0.0,10.0
-0.8745,6.997159761547598,0.0010993330686485227,0.9974290207099421,0.005279861188274884,-0.002711120681136697,0.0010532962741461908,-0.00027033468675967604,2.809260864318356e-05,1.157411865728831e-05,-6.249417271474775e-06,1.553540016976752e-06,0.0,0.0,10.0
-0.8715,6.997011958682911,0.0011533101429573064,0.9973135980168107,0.005488947767734575,-0.002791526935359055,0.0010701495323447048,-0.00026999386495519265,2.6692885571980128e-05,1.1500288383683605e-05,-6.1434735157521766e-06,1.4985677707534611e-06,0.0,0.0,10.0
-0.8685,6.996855447633009,0.0012103950599844406,0.9971924053202688,0.005707854672939322,-0.002874192835756974,0.001086858457004921,-0.00026892294896612134,2.5249841798842955e-05,1.1479115442614262e-05,-5.996143531760839e-06,1.4413655619657726e-06,0.0,0.0,10.0
-0.8655,6.996688446117787,0.001270869937524291,0.9970652478382652,0.005936735391806383,-0.0029590909270206197,0.0011033530578986902,-0.00026719815458607675,2.3703346240098793e-05,1.1489454268862093e-05,-5.815690860482706e-06,1.3800246288193861e-06,0.0,0.0,10.0
-0.8625,6.996509526974144,0.0013349218483512597,0.996931997729576,0.0061753858111461765,-0.003046292750871193,0.001119532023206664,-0.0002649196092171257,2.199288848357224e-05,1.1514789968556922e-05,-5.608802408021029e-06,1.3128894691652612e-06,0.0,0.0,10.0
-0.8595,6.996318982606374,0.001402506870466272,0.996792568773456,0.0064237804111674235,-0.0031359094535872317,0.0011353414819180638,-0.000262139007224904,2.0082246745084826e-05,1.155014037605699e-05,-5.378338212937528e-06,1.2389998093887781e-06,0.0,0.0,10.0
-0.8565,6.9961193724948325,0.0014732741313428018,0.9966468589854212,0.006682556789974068,-0.003228179377046075,0.0011507014033236619,-0.0002588383034076216,1.7958159216300954e-05,1.159332882733986e-05,-5.125062645218817e-06,1.1582604592890216e-06,0.0,0.0,10.0
-0.8535,6.995914160639147,0.0015467458368460067,0.9964946736651064,0.006952960868362085,-0.0033234490217874217,0.0011654612882951584,-0.000254944948830396,1.5622963371259218e-05,1.163832341489596e-05,-4.8494174698510575e-06,1.0713525936726925e-06,0.0,0.0,10.0
-0.8505,6.995703952106174,0.0016228143003397335,0.9963357401028098,0.007235872084349776,-0.003421982074836002,0.001179523920098765,-0.00025038840471485396,1.3078866082456294e-05,1.1679578929031604e-05,-4.55158568350241e-06,9.789519527427006e-07,0.0,0.0,10.0
-0.8475,6.99569132274822,0.0017024435656891562,0.9961404387250202,0.007529722871819751,-0.00349852235943118,0.0011932722460489666,-0.00024938894285552983,1.0314528008393494e-05,1.2236270617048821e-05,-4.229836369576706e-06,8.292008677958518e-07,0.0,0.0,10.0
-0.8445,6.995663892931179,0.0017867897478527214,0.9959373353164849,0.0078326143454207,-0.0035776283146814027,0.001206952756976417,-0.00024785892109713677,7.279364611686442e-06,1.2816506519878226e-05,-3.882468701804139e-06,6.71135765117826e-07,0.0,0.0,10.0
-0.8415,6.995106218216211,0.001875263143474816,0.9957980957883346,0.008147786671369285,-0.003721036948885396,0.0012198950114075846,-0.00023546914709354557,3.961508057404253e-06,1.2168239872426685e-05,-3.511143166325976e-06,6.295484032154118e-07,0.0,0.0,10.0
-0.8385,6.994829324386895,0.0019671958108686397,0.9956075627848723,0.008478266226697064,-0.0038301891966280636,0.001232175873189084,-0.0002286845144824072,4.607234702847952e-07,1.230115320944579e-05,-3.116811600729482e-06,5.035445544288443e-07,0.0,0.0,10.0
-0.8355,6.994539324822222,0.002063298014202521,0.9954074745607111,0.008823230877582806,-0.003941875837920388,0.0012438345158226707,-0.00022130035833765419,-3.2696581202800934e-06,1.2459627061008211e-05,-2.698289493184951e-06,3.6836651692971254e-07,0.0,0.0,10.0
-0.8325,6.9942366997327285,0.0021645555098332497,0.9951979844190559,0.00918191649453896,-0.004057064449877167,0.0012550780668911762,-0.00021312992892061645,-7.253823349983136e-06,1.2622327753628637e-05,-2.254135110521908e-06,2.257902051030519e-07,0.0,0.0,10.0
-0.8295,6.99392331154997,0.002271721351518381,0.9949788224367621,0.00955433625344165,-0.004176221201510755,0.0012659733988507412,-0.00020409917422592382,-1.1502420943327505e-05,1.278317826572681e-05,-1.783714170989725e-06,7.595118029331636e-08,0.0,0.0,10.0
-0.8265,6.993598141060004,0.0023851043849702092,0.9947495974688746,0.00994144020678211,-0.004299560692974874,0.0012764427834500785,-0.0001941976533462142,-1.60131346467604e-05,1.2945004943675557e-05,-1.2871358658600134e-06,-8.194324149952746e-08,0.0,0.0,10.0
-0.8235,6.993258453222753,0.002504721878120351,0.9945096826954289,0.010344397497049128,-0.004427148155950389,0.0012863978883361075,-0.00018343562664120601,-2.078316408087912e-05,1.311257261621869e-05,-7.645487442582763e-07,-2.487901341015379e-07,0.0,0.0,10.0
-0.8205,6.9929013300889675,0.0026305172120122313,0.9942581988559501,0.01076399151980309,-0.004559033217234305,0.001295828965382219,-0.00017180845942963728,-2.581601832141427e-05,1.3287708537693433e-05,-2.158148761458905e-07,-4.250382008000724e-07,0.0,0.0,10.0
-0.8175,6.992524433561928,0.002762494390077509,0.9939941311393212,0.011200560780201246,-0.004695316724323602,0.0013047902384179123,-0.00015929170589366537,-3.111824546223609e-05,1.3469628747593152e-05,3.5921941926138046e-07,-6.107244793100258e-07,0.0,0.0,10.0
-0.8145,6.992126093077319,0.002900782081771967,0.9937165234573442,0.011654296933984053,-0.004836140810619274,0.001313342788521432,-0.00014585321682034088,-3.6693631905725366e-05,1.365731645618753e-05,9.603143019009638e-07,-8.057200332229558e-07,0.0,0.0,10.0
-0.8115,6.9917051291074115,0.0030456559458005928,0.9934246458539072,0.01212558253401046,-0.0049816173390647535,0.0013215224031825046,-0.00013146509234922293,-4.2541410222295265e-05,1.3850887785120893e-05,1.5866602366164843e-06,-1.0098411144743623e-06,0.0,0.0,10.0
-0.8085,6.991260589665305,0.0031975228445431597,0.9931180680555858,0.012615174946498818,-0.005131740161638987,0.0013293470369777857,-0.00011610724687952483,-4.865834686584359e-05,1.4051353336974228e-05,2.2369106975805177e-06,-1.2227881882703256e-06,0.0,0.0,10.0
-0.8055,6.99079156667734,0.003356871488086496,0.992796615335018,0.013124173193846735,-0.005286329489292336,0.0013368386117750698,-9.97655173596423e-05,-5.50411172882231e-05,1.426003265358561e-05,2.9092283586934525e-06,-1.4440706095229635e-06,0.0,0.0,10.0
-0.8025,6.99029746979175,0.0035242080163139025,0.9924601959287743,0.013653797042250108,-0.005445008481711469,0.0013440291867860045,-8.24368555246932e-05,-6.168688775824272e-05,1.4479366699990202e-05,3.6012642989715553e-06,-1.6730911535160158e-06,0.0,0.0,10.0
-0.7995,6.989778697883534,0.003699999617045029,0.9921085677929171,0.0142050758376724,-0.005607213914013441,0.001350939533023888,-6.414606228149538e-05,-6.859311127105071e-05,1.471501346417408e-05,4.310134204169476e-06,-1.9093635220377157e-06,0.0,0.0,10.0
-0.7965,6.98923615106521,0.003884640371085069,0.9917413137739407,0.014778579255999107,-0.00577237712145005,0.001357538625972849,-4.494448535163826e-05,-7.575868031058462e-05,1.497488078592824e-05,5.032445329121441e-06,-2.152443061955235e-06,0.0,0.0,10.0
-0.7935,6.988669313866563,0.004078440304387939,0.9913580861958785,0.015374300080089907,-0.005940242755160302,0.00136370628890238,-2.4881311084392378e-05,-8.318686958983044e-05,1.5263990161147684e-05,5.764321917489545e-06,-2.4014990871260876e-06,0.0,0.0,10.0
-0.7905,6.988075953341286,0.004281638582989523,0.9909586893863429,0.015991699574601434,-0.006110923475309797,0.0013692290119663867,-3.999561151125632e-06,-9.088839525546841e-05,1.5582460924249493e-05,6.5013777946559515e-06,-2.6552552986193434e-06,0.0,0.0,10.0
-0.7875,6.98764542340988,0.00449466169307091,0.9905158938281942,0.016629070306563125,-0.006261514366624906,0.001374160695626444,1.37461328511824e-05,-9.887205244911525e-05,1.6399929051414983e-05,7.237879044965658e-06,-2.958869369239398e-06,0.0,0.0,10.0
-0.7845,6.987040278654403,0.004717712651036587,0.990076767166052,0.017285242848979757,-0.006432611378543817,0.0013778619990788472,3.507226387685263e-05,-0.000107191965597764,1.6893173333738292e-05,7.970747794483855e-06,-3.2302141719997126e-06,0.0,0.0,10.0
-0.7815,6.986182334151175,0.004950453366779364,0.9896519306623415,0.0179609323204858,-0.006633416587276063,0.001379763777994041,6.146808266695634e-05,-0.0001158503219891355,1.6874611816250878e-05,8.694704919896425e-06,-3.44993720517009e-06,0.0,0.0,10.0
-0.7785,6.985448914954509,0.005192944276759726,0.9891879565369746,0.018655658246728234,-0.006818169585097911,0.0013801532073274877,8.524100255472904e-05,-0.00012480705962567034,1.7273699089854255e-05,9.402567212112e-06,-3.708085845327056e-06,0.0,0.0,10.0
-0.7755,6.9846875524198015,0.005445556263680273,0.9887061193112484,0.01936807974012698,-0.007004727675568974,0.0013789311569540352,0.0001094579517383435,-0.0001340667960042569,1.7727885667531184e-05,1.0093248046245734e-05,-3.967012110078486e-06,0.0,0.0,10.0
-0.7725,6.983891389136092,0.005708470413674599,0.9882072456798917,0.020097684700720278,-0.00719332163500887,0.0013761618611017059,0.00013427486408577392,-0.00014359366377984586,1.8233536173029586e-05,1.0765716573842865e-05,-4.223808305339001e-06,0.0,0.0,10.0
-0.7695,6.983059725845787,0.005981885131932335,0.9876912976767859,0.020844034402379693,-0.00738340157580644,0.0013719618990980303,0.00015973279017551697,-0.00015333947012583676,1.8802744118305548e-05,1.1419818949434068e-05,-4.476870546374549e-06,0.0,0.0,10.0
-0.7665,6.982192028500537,0.006266027405463748,0.9871581735177953,0.021606690479487305,-0.007574417695752512,0.001366453340742578,0.00018585461535316258,-0.00016325300802541326,1.9445336674857895e-05,1.2055386325418823e-05,-4.724619168004816e-06,0.0,0.0,10.0
-0.7635,6.981287631530648,0.0065611546737552396,0.9866077187713078,0.022385199595626314,-0.007765893268747553,0.0013597338039950926,0.0002126324781769682,-0.0001732866312811288,2.0165436400373165e-05,1.2671428439328838e-05,-4.965587736438704e-06,0.0,0.0,10.0
-0.7605,6.98034574080843,0.006867551553480521,0.9860397137388178,0.023179110100460303,-0.007957439005997045,0.001351867102466441,0.00024001979450211864,-0.00018339827773436234,2.0960310665365434e-05,1.3265847099259034e-05,-5.1985176469057985e-06,0.0,0.0,10.0
-0.7575,6.9793654747120515,0.0071855192691063574,0.9854538768747733,0.02398800462248302,-0.008148749039723926,0.0013428928203974742,0.00026793229478306934,-0.0001935487582367919,2.18208256034714e-05,1.3835759608400147e-05,-5.422382516121804e-06,0.0,0.0,10.0
-0.7545,6.978345918756424,0.007515356278493541,0.9848498886721357,0.024811528488630517,-0.008339593332259235,0.001332847646152599,0.00029625387591497126,-0.00020369597061696776,2.273259948154546e-05,1.437824849949224e-05,-5.636368115339405e-06,0.0,0.0,10.0
-0.7515,6.977286230259519,0.007857330402493591,0.9842274295091626,0.025649395922625207,-0.00852980993003431,0.0013217900299688581,0.00032484124592927963,-0.00021378825615345987,2.3676945367515717e-05,1.4891239158046042e-05,-5.83986016832057e-06,0.0,0.0,10.0
-0.7485,6.976185781748243,0.008211645248275858,0.9835862282333467,0.026501362813966284,-0.00871929789339495,0.0013098211906416074,0.0003535245524690957,-0.00022375867374656937,2.4631053266963867e-05,1.5374244716362736e-05,-6.032461966097216e-06,0.0,0.0,10.0
-0.7455,6.975044307637955,0.008578406459600526,0.9829261169782538,0.02736716379847242,-0.00890800627408361,0.0012970973422756393,0.0003821051514681332,-0.000233521384417683,2.5567555858445672e-05,1.5828812992225656e-05,-6.214028652402047e-06,0.0,0.0,10.0
-0.7425,6.9738620017357915,0.008957595845904382,0.9822470850153959,0.02824641986271922,-0.009095911588123576,0.0012838287993394975,0.00041035497102211496,-0.00024297120673408897,2.6454200690969883e-05,1.6258586002520044e-05,-6.384683188041603e-06,0.0,0.0,10.0
-0.7395,6.972639645634165,0.009349063004309034,0.9815493023765459,0.02913852857391596,-0.009282960791455807,0.0012702623222129094,0.00043802044907129036,-0.0002519875436841366,2.7254876457468837e-05,1.6668931980776363e-05,-6.544813895850305e-06,0.0,0.0,10.0
-0.7365,6.971378708737202,0.00975254319987485,0.9808331042524747,0.03004255240314661,-0.00946897940397818,0.0012566448101282892,0.0004648355474150662,-0.00026044361259705177,2.7932593125470193e-05,1.706618337750565e-05,-6.6950439957152125e-06,0.0,0.0,10.0
-0.7335,6.970080554241501,0.01016770462821778,0.9800990470836032,0.030957126006371224,-0.009653651249569456,0.0012431692821700492,0.0004905607785095587,-0.00026822064667422063,2.8452337786428692e-05,1.7456643019843382e-05,-6.836006718763208e-06,0.0,0.0,10.0
-0.7305,6.968743155294561,0.010594225145936886,0.9793482683868171,0.031880390611137115,-0.009836787214264085,0.0012299140981054965,0.0005150777444264899,-0.0002752250820022653,2.8778673207006835e-05,1.7845670947292546e-05,-6.967568516429624e-06,0.0,0.0,10.0
-0.7275,6.967517069342399,0.011032051495468096,0.978560540092451,0.03280939906212922,-0.00999982167224509,0.001217225742665517,0.0005353050430248923,-0.00028139623390589384,2.925333478159211e-05,1.8234267782982493e-05,-7.1244807951683826e-06,0.0,0.0,10.0
-0.7245,6.966152238152023,0.011481166112510637,0.9777714378640276,0.033741244916021096,-0.010170965673102276,0.0012043348188847953,0.0005561894473578323,-0.0002867505088284518,2.928210299166129e-05,1.8629043170022062e-05,-7.250774925901556e-06,0.0,0.0,10.0
-0.7215,6.964597357745675,0.011941390175706296,0.9769884863430918,0.03467409326143376,-0.010354636040310568,0.0011905884223784983,0.0005788044093112094,-0.00029131990110771655,2.8759807698825083e-05,1.903071403065229e-05,-7.336157902572994e-06,0.0,0.0,10.0
-0.7185,6.963094053463709,0.012413006772563153,0.9761779751658664,0.03560544292462261,-0.010520755787083457,0.0011761000261132626,0.0005984776049178294,-0.0002951600761629326,2.8287503084263442e-05,1.9433404369045598e-05,-7.436676726763876e-06,0.0,0.0,10.0
-0.7155,6.961554226500941,0.012896668411039917,0.9753518038932689,0.036532823779595276,-0.010678202742086178,0.001160346693132101,0.0006170803864205481,-0.00029838831806439835,2.76950156648698e-05,1.983774131014835e-05,-7.534451734012059e-06,0.0,0.0,10.0
-0.7125,6.959964077507228,0.013392988693300838,0.9745111058318994,0.03745554036012155,-0.010827739483480071,0.0011430224029224923,0.0006350413171209274,-0.0003011253088094649,2.6989486223343718e-05,2.0242918471418604e-05,-7.628454872752068e-06,0.0,0.0,10.0
-0.7095,6.958320486507411,0.013902546648941248,0.9736551693615665,0.0383748089959259,-0.010969799352036715,0.001123965815646927,0.0006526186579036239,-0.00030349782314206873,2.6199144348310212e-05,2.0648853367397664e-05,-7.719988126399712e-06,0.0,0.0,10.0
-0.7065,6.956623008033119,0.014425734928603284,0.9727827801330213,0.03929381394560176,-0.011105574152328213,0.001103118147467706,0.000670087557865953,-0.00030563550432708954,2.5348897608735253e-05,2.105696543721566e-05,-7.810653590662696e-06,0.0,0.0,10.0
-0.7035,6.954874271009407,0.01496250549822171,0.971892682627985,0.04021713021218642,-0.011236893444378343,0.0010804693246342049,0.000687753557333331,-0.00030766407722649514,2.445634272611549e-05,2.1470253465289826e-05,-7.902074440340102e-06,0.0,0.0,10.0
-0.7005,6.9530812477497905,0.015512029872218941,0.9709841913716217,0.04114953062414743,-0.011365808039181887,0.001056000899197846,0.0007059260030555786,-0.0003096902160527584,2.3529909996046308e-05,2.189235762507865e-05,-7.995491870534742e-06,0.0,0.0,10.0
-0.6975,6.951256396061068,0.016072397682379964,0.9700577698035494,0.042094705609977114,-0.011494077696964766,0.001029615109960625,0.0007248722846030613,-0.0003117761058053231,2.2566385477927797e-05,2.2325490412401657e-05,-8.090961621229618e-06,0.0,0.0,10.0
-0.6945,6.949417838848985,0.016640601715280666,0.9691151069289488,0.04305471156763059,-0.011622734832092958,0.0010010174836225598,0.000744783550584713,-0.00031390903381855973,2.154681324138666e-05,2.2767826937589067e-05,-8.186263133575222e-06,0.0,0.0,10.0
-0.6915,6.94758745200413,0.017213068019847542,0.9681583534005048,0.044030573945635434,-0.01175184971454416,0.0009695697163804452,0.0007657746723580587,-0.00031598098554277526,2.0432840417578066e-05,2.3211696700612788e-05,-8.276100083076587e-06,0.0,0.0,10.0
-0.6885,6.945785521516504,0.017786819086017203,0.9671887860539614,0.04502331336177575,-0.011880532438087642,0.0009342697048162732,0.0007878990923672358,-0.0003178023092730919,1.917076151042964e-05,2.3644303138284466e-05,-8.352649758255074e-06,0.0,0.0,10.0
-0.6855,6.944021083285016,0.018361084031103696,0.9662058304805023,0.04603354594716097,-0.012007092164355575,0.0008941288075913042,0.0008111106084315421,-0.00031917286137740565,1.771381437931357e-05,2.4052231428053255e-05,-8.408588669081107e-06,0.0,0.0,10.0
-0.6825,6.9422792418476975,0.018938879435985247,0.9652073628527809,0.04705830426422414,-0.012129219936383441,0.0008490570357498325,0.000835121287487171,-0.00032000706628349483,1.6065196173748615e-05,2.442908361412028e-05,-8.442532900071728e-06,0.0,0.0,10.0
-0.6795,6.940512373711704,0.019527666150564636,0.9641912008201317,0.04808682014912773,-0.012244175323621818,0.000800798619365099,0.0008592370341791192,-0.0003204498836060443,1.4319528860619067e-05,2.478220397998293e-05,-8.464019804327971e-06,0.0,0.0,10.0
-0.6765,6.938648657611928,0.02013768820584576,0.9631564799764589,0.04910086514031849,-0.012349282330482604,0.0007528473157001344,0.0008824289036598197,-0.00032086793593544906,1.2653850204677601e-05,2.5131901750264036e-05,-8.492455070842165e-06,0.0,0.0,10.0
-0.6735,6.936626576316401,0.020777149453411456,0.9621036786243959,0.050084386179412216,-0.012443206917782501,0.0007085592022980017,0.0009038721609363051,-0.00032164379815347835,1.123163587460802e-05,2.5499526023169685e-05,-8.546230369511945e-06,0.0,0.0,10.0
-0.6705,6.9344712547026,0.021446379289555353,0.9610288253305113,0.051037851003575156,-0.012523570944697386,0.0006684964191123683,0.0009230098920810554,-0.00032287905444832615,1.0151266897264343e-05,2.589012281562867e-05,-8.635407494340703e-06,0.0,0.0,10.0
-0.6675,6.929988239137004,0.022135948785554183,0.9602432277864248,0.051986195009762086,-0.012851590389392193,0.0006210631138459011,0.0009841189117576314,-0.00032438419997460495,4.1664698461014906e-06,2.633844590292983e-05,-8.269438858086165e-06,0.0,0.0,10.0
-0.6645,6.9269148860248375,0.02283915242908542,0.9592435877310151,0.052945095658326766,-0.013018735364124727,0.0005764186751242419,0.0010197008585926487,-0.00032575685287596426,1.1832701417617663e-06,2.6748597320210155e-05,-8.17954386222977e-06,0.0,0.0,10.0
-0.6615,6.925989913120968,0.023561069824301055,0.9579334633474468,0.05389539255462147,-0.012948166396120587,0.0005398553405207592,0.0010171539352059808,-0.0003271869650080305,2.6677065866539635e-06,2.7109994357987596e-05,-8.498134141581005e-06,0.0,0.0,10.0
-0.6585,6.923934464011483,0.024304585354656596,0.9567612328972603,0.05482352404637354,-0.01300449895534852,0.0005016516551711511,0.0010371930334184232,-0.0003289908614686715,1.4876554903904732e-06,2.750136198654784e-05,-8.562428115095316e-06,0.0,0.0,10.0
-0.6555,6.921638047314389,0.02506306048135386,0.9555983417291002,0.05573915611791812,-0.013076575355442497,0.00046391121152854334,0.001060990902466437,-0.00033101993360303337,-1.2384441015808082e-07,2.7894750576369128e-05,-8.579532303314815e-06,0.0,0.0,10.0
-0.6525,6.919233595354909,0.025827437463894588,0.9544212039236009,0.056656817433722036,-0.013140921227102212,0.0004253219364188663,0.0010844801732946933,-0.0003330874769895871,-1.686799086470151e-06,2.827672033476781e-05,-8.593659658788147e-06,0.0,0.0,10.0
-0.6495,6.916718751733808,0.026592357748466834,0.953227585651825,0.05758613646984424,-0.013194163700783993,0.00038487141904913644,0.0011070208672932292,-0.0003350916581128658,-3.136663658943533e-06,2.864281160371002e-05,-8.610530782568257e-06,0.0,0.0,10.0
-0.6465,6.9141100274471485,0.027357801295985248,0.9520171479971601,0.058531028003313834,-0.013237468637812555,0.0003423508285533965,0.0011287717926180604,-0.00033701034116617913,-4.5090098612350945e-06,2.899411882339734e-05,-8.626755477575308e-06,0.0,0.0,10.0
-0.6435,6.911442932602515,0.028127589107783072,0.9507900548003467,0.05949348904510434,-0.013274172787885589,0.0002977024702122664,0.0011502015877464472,-0.00033884253911595105,-5.870089614947846e-06,2.933374267291961e-05,-8.636663963509183e-06,0.0,0.0,10.0
-0.6405,6.908752687571176,0.028906748635554456,0.9495468134589911,0.060476654299207365,-0.01330822003307927,0.0002505638812439633,0.0011717802353337086,-0.0003405714590155401,-7.274551019501296e-06,2.9664616938778956e-05,-8.63632269210565e-06,0.0,0.0,10.0
-0.6375,6.90605999293096,0.029699708214547413,0.9482877199497518,0.06148388787205775,-0.013342893675008667,0.00020045714821692698,0.001193790526658885,-0.00034217524772512433,-8.746708235940384e-06,2.998965958577337e-05,-8.624959307690353e-06,0.0,0.0,10.0
-0.6345,6.903364579070063,0.030509975144299623,0.9470122379016876,0.06251518125975325,-0.013379998293047297,0.00014728180340803343,0.0012162421674086457,-0.0003436498578292672,-1.0279098063228745e-05,3.0312351941732414e-05,-8.604626622488392e-06,0.0,0.0,10.0
-0.6315,6.900644877547021,0.03134084924028413,0.9457186030138245,0.0635642222215295,-0.013419394839781593,9.15877379679635e-05,0.0012388427349209424,-0.00034500656328698555,-1.1837282538519014e-05,3.063599054674921e-05,-8.57936685011035e-06,0.0,0.0,10.0
-0.6285,6.897864171083395,0.03219607513923063,0.944403785268169,0.06461882013244391,-0.013458962981617018,3.4396002313560666e-05,0.0012610442441763092,-0.0003462436470885229,-1.3368677880096423e-05,3.096191536383275e-05,-8.554208682804638e-06,0.0,0.0,10.0
-0.6255,6.894983934207092,0.03307929200986547,0.9430641131834876,0.06566515019219453,-0.013495356637006248,-2.329459009167088e-05,0.0012822283992567677,-0.00034732126008443786,-1.4819317697722173e-05,3.128848172857166e-05,-8.533743530177353e-06,0.0,0.0,10.0
-0.6225,6.891979269560015,0.03399213406900475,0.9416969401518378,0.06669355339296781,-0.013525733685082073,-8.095371359789342e-05,0.001302028077856178,-0.0003481693854585241,-1.6157476347225527e-05,3.161228036852158e-05,-8.520425705590865e-06,0.0,0.0,10.0
-0.6195,6.888844185043009,0.03493257560178463,0.9403029807315564,0.06770178380395363,-0.013549730653738908,-0.00013855218412642676,0.0013206224360501333,-0.0003487360080948393,-1.7390634420045714e-05,3.193145583572001e-05,-8.513639318003974e-06,0.0,0.0,10.0
-0.6165,6.885579394442204,0.035895742715233006,0.9388875360321943,0.06869283368740593,-0.013570015702299846,-0.00019609961154490893,0.0013387370761941315,-0.0003490479416702126,-1.8556103494835125e-05,3.224889707061347e-05,-8.51087211324939e-06,0.0,0.0,10.0
-0.6135,6.88218014722056,0.03687711774517999,0.9374580518848783,0.06966963792019283,-0.013589959069617234,-0.0002531426845650888,0.0013571949064599827,-0.00034922576263508745,-1.9678529241437093e-05,3.2571791577560204e-05,-8.51119454003988e-06,0.0,0.0,10.0
-0.6105,6.8787285942741345,0.03787442109679431,0.9360076173251596,0.07063422480771529,-0.013601078619657796,-0.0003088123176012093,0.0013748688480490227,-0.00034939160391819985,-2.0560101989253163e-05,3.290333309326519e-05,-8.53316796899705e-06,0.0,0.0,10.0
-0.6075,6.8716320998823575,0.03888267651557347,0.9350257686570629,0.07160412788071,-0.013991897630468646,-0.0003823213931868691,0.0014561071907527427,-0.00034935693690455697,-2.8650267809041448e-05,3.3321564039291315e-05,-7.905436386019249e-06,0.0,0.0,10.0
-0.6045,6.867178708002243,0.039899241666645296,0.9336635039860139,0.0725925205655722,-0.014088989874269427,-0.00044584994123007907,0.0014910698130668925,-0.00034909412279898424,-3.122399574266353e-05,3.366538914980582e-05,-7.77153421050338e-06,0.0,0.0,10.0
-0.6015,6.864843821632826,0.04092950514927989,0.9319909061821174,0.07358968767449053,-0.013952592129922252,-0.000500595745116117,0.0014898379347733554,-0.000348698597561897,-2.9481945116474406e-05,3.394261046910015e-05,-8.021222764507053e-06,0.0,0.0,10.0
-0.5985,6.86187987451563,0.04197848834263596,0.9303756087440374,0.07459119578007316,-0.013877782185784558,-0.0005591322830911415,0.0015006097584648174,-0.0003481829151458713,-2.904856205550668e-05,3.4214197313518634e-05,-8.149711053288971e-06,0.0,0.0,10.0
-0.5955,6.858411404582713,0.043050065138569994,0.9287972858712761,0.07559864509897847,-0.013853037423435039,-0.0006206527491469307,0.001521193613221045,-0.0003476048163318165,-2.9712836245585544e-05,3.447334360765924e-05,-8.176719964339964e-06,0.0,0.0,10.0
-0.5925,6.854791796030712,0.04414729837276315,0.9272066948683646,0.07661462807180061,-0.013845352710082262,-0.0006832530408247887,0.0015459215484813552,-0.000347020100759798,-3.086250878192742e-05,3.470845588724729e-05,-8.157202706975161e-06,0.0,0.0,10.0
-0.5895,6.8511295127259455,0.045271407511701035,0.9255867545943712,0.0776428346007648,-0.013845345905126514,-0.0007462504541356684,0.0015728987727272742,-0.00034646260936343804,-3.23000266738488e-05,3.491480143348174e-05,-8.10929766166749e-06,0.0,0.0,10.0
-0.5865,6.847429627629482,0.04641994010872722,0.9239333890967021,0.07868963155592898,-0.013850461316436705,-0.0008097656222525518,0.0016012742549909183,-0.0003459262913955396,-3.392244822767889e-05,3.5090811754927245e-05,-8.04316151147429e-06,0.0,0.0,10.0
-0.5835,6.843665694718434,0.04758781749848976,0.9222472918705941,0.07975998052941899,-0.013858456321106431,-0.0008738425466786875,0.0016302373740608956,-0.0003454171819082031,-3.5614287698218007e-05,3.523870747019153e-05,-7.970170993862456e-06,0.0,0.0,10.0
-0.5805,6.8398072256227245,0.04876985396821241,0.9205317904325117,0.08085239788871161,-0.013866843815432506,-0.0009377079785302677,0.0016589997388354448,-0.00034500627909152205,-3.726038483682249e-05,3.5365428148578356e-05,-7.901182912688911e-06,0.0,0.0,10.0
-0.5775,6.835832405189768,0.04996293914542836,0.9187912098507965,0.08195759437127315,-0.013873104382520905,-0.000999690036711458,0.0016868943885014758,-0.0003448225793816614,-3.877084404494743e-05,3.548046598095701e-05,-7.843826426735713e-06,0.0,0.0,10.0
-0.5745,6.831731598173182,0.05116692984593605,0.917028863039175,0.08306201450193629,-0.013874585603688847,-0.0010578995791921506,0.0017134202759077424,-0.0003449803126899177,-4.0094529903686014e-05,3.5590823645014574e-05,-7.801068293280867e-06,0.0,0.0,10.0
-0.5715,6.827505163247297,0.05238421035700365,0.9152455585484879,0.08415406566049534,-0.013868574991627537,-0.0011112558792027425,0.0017383018649845953,-0.00034548662779000113,-4.122796303350917e-05,3.5695955240779614e-05,-7.770498101432257e-06,0.0,0.0,10.0
-0.5685,6.823159143492733,0.053618428686322654,0.9134396682416622,0.08522919725371142,-0.013852975691390056,-0.001160185154922738,0.0017615834616823008,-0.0003461958822662038,-4.2220446244879914e-05,3.578616191856852e-05,-7.744346088862749e-06,0.0,0.0,10.0
-0.5655,6.818698440603608,0.054873340168650454,0.911609013247249,0.08629036226025442,-0.013827298275594478,-0.0012064327382138012,0.0017836524256635287,-0.0003468583593118992,-4.3162347421553506e-05,3.58464933391673e-05,-7.711435494153414e-06,0.0,0.0,10.0
-0.5625,6.8141158375355175,0.056152832852634,0.9097534186875696,0.08734271465826667,-0.01379300324592479,-0.0012518930617614605,0.0018050420180227488,-0.00034725840433233305,-4.4142909534750404e-05,3.586509120586788e-05,-7.662045750836876e-06,0.0,0.0,10.0
-0.5595,6.809386881282903,0.05746221848806713,0.9078752646389812,0.08838565756343002,-0.013751978388206857,-0.0012970789930593022,0.0018259499678735898,-0.0003473642055831438,-4.518081190538792e-05,3.584104530892183e-05,-7.594766053420287e-06,0.0,0.0,10.0
-0.5565,6.804490728972778,0.05880865206403617,0.9059761933076608,0.0894098005085363,-0.013703369398148238,-0.0013405175066054118,0.0018457301968188855,-0.00034735952151427913,-4.617077858739562e-05,3.578484603184576e-05,-7.520759403695501e-06,0.0,0.0,10.0
-0.5535,6.799443379618197,0.060197696466873854,0.904054261542116,0.09040549360686317,-0.013643195987322616,-0.0013802512929799178,0.0018631966423557995,-0.00034747090889526846,-4.6946989350494434e-05,3.570851209631758e-05,-7.456486302778852e-06,0.0,0.0,10.0
-0.5505,6.794402168578662,0.06162684606941072,0.9020932041754773,0.09137902284624018,-0.013558939562919108,-0.0014162879921398273,0.001876223469805936,-0.0003476877779889566,-4.727069113911133e-05,3.560942825185854e-05,-7.422618135808731e-06,0.0,0.0,10.0
-0.5475,6.785512871651694,0.06308062920115917,0.9006125950119962,0.09236755765341795,-0.013847397542767237,-0.0014775686790196492,0.0019484611085929266,-0.0003472182429091005,-5.446116130079911e-05,3.556098377162902e-05,-6.789001617607405e-06,0.0,0.0,10.0
-0.5445,6.777873042442541,0.06454604953691033,0.8989472990772333,0.09339973155614603,-0.01400830311121899,-0.001538284664180451,0.0020011521644392027,-0.00034613270624171206,-5.9589236672476195e-05,3.543100168320086e-05,-6.319181964621576e-06,0.0,0.0,10.0
-0.5415,6.774330149876012,0.0660307689964641,0.8967204515313749,0.09444961643808887,-0.013760675845125116,-0.0015776186806614272,0.0019896746019193016,-0.0003449300351718006,-5.7572301342642595e-05,3.5160935972764864e-05,-6.446198333264472e-06,0.0,0.0,10.0
-0.5385,6.770321448386367,0.0675465144369983,0.8945285952270193,0.09548306808461744,-0.013554496932895985,-0.001618746171288424,0.001985011245894994,-0.00034349380779539535,-5.6492224168053735e-05,3.486848356349452e-05,-6.4790410828105655e-06,0.0,0.0,10.0
-0.5355,6.765403801913631,0.06909303399635298,0.8924251506923828,0.09649597422860702,-0.013428532605907427,-0.0016642571367216996,0.001993038402861757,-0.00034174615987036286,-5.7015313597920325e-05,3.456344940919871e-05,-6.361539828639142e-06,0.0,0.0,10.0
-0.5325,6.760080253571517,0.0706637189668754,0.8903378447030547,0.0974976105831606,-0.013326804250484221,-0.0017128344701492625,0.002004816965402294,-0.0003395337468546822,-5.81274992864099e-05,3.4226115282825584e-05,-6.180067717381336e-06,0.0,0.0,10.0
-0.5295,6.754564115712338,0.07225347790609263,0.8882300273920352,0.09849412072565189,-0.01322010526473041,-0.0017641676520498862,0.0020156480419413502,-0.0003367542293082637,-5.929228855266563e-05,3.384698501131269e-05,-5.980401404813052e-06,0.0,0.0,10.0
-0.5265,6.748873983656542,0.07386186870190299,0.8860921850866078,0.09948367694114119,-0.013101239681508104,-0.0018177034261005593,0.00202435472624337,-0.0003334511269237765,-6.036767697128549e-05,3.342988442413989e-05,-5.7750377048432875e-06,0.0,0.0,10.0
-0.5235,6.742992729189938,0.07549326897920074,0.8839238840606,0.10045797214559075,-0.012971501570865065,-0.001872016586198636,0.0020311013274586652,-0.0003298024061160977,-6.135126917530177e-05,3.298742176710937e-05,-5.56526452059625e-06,0.0,0.0,10.0
-0.5205,6.736924392363183,0.07715417329216782,0.8817265707864169,0.10140885820173359,-0.012833730501744668,-0.0019256023217755457,0.002036232858709467,-0.0003260044823291606,-6.22447507255217e-05,3.253330493612063e-05,-5.352854984512895e-06,0.0,0.0,10.0
-0.5175,6.730690719979308,0.07885015415717977,0.8795021061616328,0.1023341876110247,-0.012689652207686444,-0.001977919388199089,0.002039898656239508,-0.000322144872956987,-6.302120222534699e-05,3.2075187266795495e-05,-5.142188100463795e-06,0.0,0.0,10.0
-0.5145,6.7243114361723535,0.08058447971512685,0.8772520717774852,0.10323914313028339,-0.012539091547355522,-0.0020298606687355262,0.0020421092892379915,-0.00031812778387985406,-6.365393346371447e-05,3.161036481914388e-05,-4.93638710716008e-06,0.0,0.0,10.0
-0.5115,6.717791575279325,0.08235849243118265,0.8749760159321691,0.10413366348701335,-0.012379800308513475,-0.002083558684617512,0.0020429133490741445,-0.0003136674986441385,-6.415670242460083e-05,3.1125017234679244e-05,-4.732627546507036e-06,0.0,0.0,10.0
-0.5085,6.711122324669475,0.08417243317142771,0.8726698849548539,0.10502844069187452,-0.012207929862703642,-0.0021417317563324017,0.002042517801559326,-0.0003083522965127039,-6.459797590646617e-05,3.059772351922241e-05,-4.520870964128524e-06,0.0,0.0,10.0
-0.5055,6.704293124110969,0.08602527518051695,0.870326888207153,0.10593122480106226,-0.012019573066754096,-0.002206720709696897,0.002041306350594607,-0.0003017814165637069,-6.507721135731402e-05,3.00077751874701e-05,-4.287510115341311e-06,0.0,0.0,10.0
-0.5025,6.697305918571447,0.087913637173361,0.8679412790621509,0.10684361430107224,-0.011812916597024905,-0.002279359848226814,0.0020397445875934934,-0.000293747171467875,-6.567324704139367e-05,2.9346218941150674e-05,-4.022419268730246e-06,0.0,0.0,10.0
-0.49950000000000006,6.690175453032895,0.0898320025313741,0.8655125969576469,0.10775773011426698,-0.011589410955385397,-0.0023580171958426824,0.0020381554764416147,-0.0002843823230051167,-6.638853064838073e-05,2.8623948914229457e-05,-3.725826221295073e-06,0.0,0.0,10.0
-0.49649999999999994,6.682906231067147,0.09177626093039722,0.8630467304300785,0.10865374388882323,-0.01135261198885955,-0.002438403078807795,0.0020364376624214925,-0.0002741690914927218,-6.712111619915981e-05,2.7870390155824863e-05,-3.4107817492550346e-06,0.0,0.0,10.0
-0.49350000000000005,6.675464452165219,0.09374793612725568,0.8605529717935199,0.10950347469973065,-0.011105937996912056,-0.0025149291753666435,0.0020340873630907918,-0.0002637419540232425,-6.770898489743109e-05,2.7120361490749977e-05,-3.097177926903429e-06,0.0,0.0,10.0
-0.49049999999999994,6.667915700036995,0.09575210006800854,0.8580236352822749,0.1102862598834719,-0.010840704984432502,-0.002583066693343563,0.002029115716703937,-0.00025353887801309207,-6.786776267141061e-05,2.6391710338876297e-05,-2.813182948088206e-06,0.0,0.0,10.0
-0.48750000000000004,6.658845580900438,0.09778758413132298,0.8556430801388546,0.11101192406258995,-0.0106879166297167,-0.0026542654398514264,0.002041572874325054,-0.00024321970287287818,-6.984642675126838e-05,2.5698598941165568e-05,-2.3768017787326925e-06,0.0,0.0,10.0
-0.48449999999999993,6.649839170161251,0.09984546422948341,0.8532167867534995,0.1117144014709263,-0.010513787185461313,-0.0027233266815169313,0.0020525107659928386,-0.00023253167742998078,-7.160888411064098e-05,2.498700254543815e-05,-1.951758559620896e-06,0.0,0.0,10.0
-0.48150000000000004,6.641641496581879,0.10192219252946211,0.8506533772429666,0.11241394149051359,-0.010255976408566882,-0.0027886344811122784,0.0020534175977520645,-0.00022127620213039192,-7.225923341597934e-05,2.422532665401923e-05,-1.6098489188323473e-06,0.0,0.0,10.0
-0.4784999999999999,6.633827063607895,0.10402489140422241,0.8480006958075685,0.11310437021005733,-0.009944354096496298,-0.0028520726517069998,0.0020486228167463684,-0.00020947878329937065,-7.22778475485865e-05,2.341861909261502e-05,-1.3146462666707866e-06,0.0,0.0,10.0
-0.47550000000000003,6.625773432728941,0.10616022645487594,0.8453325999587897,0.11377725487776334,-0.009625698702001516,-0.002916429029668928,0.0020446664101518085,-0.00019722197797181982,-7.238329772979762e-05,2.257924695173587e-05,-1.0116601777512283e-06,0.0,0.0,10.0
-0.4724999999999999,6.617321956697181,0.10832796220329195,0.8426728728719501,0.11443615539178485,-0.009314749441182341,-0.002983365208484694,0.0020435973780176695,-0.00018454254494646544,-7.282020841767531e-05,2.1708468522057288e-05,-6.83692834685695e-07,0.0,0.0,10.0
-0.46950000000000003,6.608572121710372,0.11052877166486821,0.8400145075771575,0.11508137491645853,-0.009005867577010962,-0.003052314579570157,0.0020444279567038474,-0.000171578153092879,-7.350038726491726e-05,2.080706071855721e-05,-3.400926410417095e-07,0.0,0.0,10.0
-0.4664999999999999,6.599649244122976,0.11276322694268687,0.8373474278216596,0.11571211329577645,-0.008691888587138001,-0.003122393257379894,0.0020459605604809653,-0.00015848049923246614,-7.431093297055423e-05,1.9876991278670836e-05,8.363927745143001e-09,0.0,0.0,10.0
-0.4635,6.590627547455519,0.11503123037551558,0.8346665478090057,0.116327964198141,-0.008369434958389736,-0.0031931316015104366,0.00204759522430133,-0.00014536753965099192,-7.520076062617404e-05,1.8921534802600175e-05,3.567943483940628e-07,0.0,0.0,10.0
-0.4604999999999999,6.581537810554082,0.11733248120114517,0.831969925047911,0.11692849675494407,-0.0080377240669263,-0.003264387355535518,0.0020491584261468072,-0.0001323204785078766,-7.616196436565075e-05,1.79450912405606e-05,7.048950747235652e-07,0.0,0.0,10.0
-0.4575,6.572386514224993,0.11966731116625172,0.8292561369782345,0.11751216623613364,-0.0076968279977721,-0.003336112008902341,0.0020506170955394564,-0.00011939857437965877,-7.720020999497137e-05,1.695261467106271e-05,1.0542738393862111e-06,0.0,0.0,10.0
-0.4544999999999999,6.563165298101904,0.12203712797235977,0.8265232955459206,0.11807583260492295,-0.00734679663215089,-0.0034082488088785718,0.0020518977596685386,-0.00010665184255931274,-7.831655852595148e-05,1.594851342678321e-05,1.4063091969079102e-06,0.0,0.0,10.0
-0.4515,6.553854102336208,0.124444153667364,0.8237692399189349,0.1186152790877092,-0.006987432714047973,-0.0034807607449371795,0.0020528178589991715,-9.412436500245596e-05,-7.950008570440433e-05,1.4935553768195945e-05,1.7609051543239835e-06,0.0,0.0,10.0
-0.4484999999999999,6.544425236376942,0.12689054921930598,0.8209920524621882,0.11912652753426603,-0.006618394142529936,-0.0035537151684675375,0.002053113780133556,-8.184759903176471e-05,-8.07290939589551e-05,1.3914451570701443e-05,2.116381683443573e-06,0.0,0.0,10.0
-0.4455,6.534851632964372,0.12937729253506064,0.8181903491355225,0.11960742281361697,-0.006239402189926206,-0.00362736077940183,0.0020525319731551934,-6.982773558418293e-05,-8.197775400655986e-05,1.2884419257905337e-05,2.470357814502019e-06,0.0,0.0,10.0
-0.4424999999999999,6.525116770887306,0.13190337254955303,0.8153632013156376,0.12005865443803262,-0.005850395475393124,-0.0037021298278772288,0.002050922218350165,-5.803690997932651e-05,-8.322277553416268e-05,1.1844470257909765e-05,2.8209372249638366e-06,0.0,0.0,10.0
-0.4395,6.5152202832874035,0.13446584931202668,0.8125098605170306,0.12048334772092559,-0.005451539789510308,-0.0037785000448576226,0.002048270309498786,-4.642013336612971e-05,-8.444469296589241e-05,1.0795042196441881e-05,3.1673324036303806e-06,0.0,0.0,10.0
-0.4365000000000001,6.505175018611066,0.1370609209133592,0.8096295614067711,0.12088503605074236,-0.0050431111265629705,-0.0038567209374847896,0.002044647919585958,-3.4921658442738226e-05,-8.562248876249196e-05,9.739379582842029e-06,3.5095145242274815e-06,0.0,0.0,10.0
-0.4335,6.494992957127066,0.13968545198044663,0.8067221148864973,0.1212650450912017,-0.004625736223565187,-0.00393657002951572,0.0020401702861427983,-2.3517733772678962e-05,-8.67320434034036e-05,8.684049350976646e-06,3.847700658516527e-06,0.0,0.0,10.0
-0.4305000000000001,6.484704844558294,0.1423379940779461,0.8037845105304026,0.12162105745690499,-0.004198026919983979,-0.0040170624790284515,0.0020346031622128597,-1.2242934794388456e-05,-8.77087371515165e-05,7.638055283068419e-06,4.17890782702883e-06,0.0,0.0,10.0
-0.4275,6.473984663408815,0.14501838253537486,0.8008572406384693,0.12194869493085278,-0.0037864402053264393,-0.0040995099105930076,0.0020314478847708725,-1.0872805502467984e-06,-8.890202787157664e-05,6.611279330717342e-06,4.531288388693693e-06,0.0,0.0,10.0
-0.4245000000000001,6.462713244684987,0.14772682038962237,0.7979551565090087,0.12224381697935227,-0.0034005492998257026,-0.004183689177562319,0.0020318287558441467,9.896975712389673e-06,-9.041061101833015e-05,5.611406005183784e-06,4.912908478199871e-06,0.0,0.0,10.0
-0.4215,6.451449718714999,0.15046417878074222,0.7950098073078464,0.12250175521810189,-0.0029967570190831947,-0.004264329983227728,0.002029667122145363,2.0481626909268627e-05,-9.155299255970643e-05,4.643566833528447e-06,5.2717009462211795e-06,0.0,0.0,10.0
-0.4185000000000001,6.440473993491923,0.1532319848186381,0.7919875418470731,0.12271747763169465,-0.002554229465099642,-0.004338320531040387,0.002022065933821575,3.0511234647341535e-05,-9.200105750010623e-05,3.7107107590386277e-06,5.582213912287087e-06,0.0,0.0,10.0
-0.4155,6.429527032603998,0.15603130354500372,0.7889214109325475,0.12288839252426295,-0.0020943455172708243,-0.004406929056227571,0.002011877233100835,4.000065634902419e-05,-9.205916388879362e-05,2.8130241781895823e-06,5.866767050629033e-06,0.0,0.0,10.0
-0.4125000000000001,6.418273443478803,0.15886222885023224,0.7858541752241317,0.12301549406463533,-0.0016438735337338476,-0.004472401824421125,0.0020026883014893568,4.9026417888213685e-05,-9.211277203716756e-05,1.948958009970596e-06,6.153636923690546e-06,0.0,0.0,10.0
-0.4095,6.406586885495621,0.1617241449717683,0.782803236959259,0.12310237761128355,-0.0012129490801575688,-0.004535693952421618,0.0019958860483622527,5.76427711060676e-05,-9.230449006585438e-05,1.1168432087725956e-06,6.45282607428496e-06,0.0,0.0,10.0
-0.4065000000000001,6.394511995854538,0.16461610525326897,0.7797652517607494,0.12315384585328375,-0.0007983622328993302,-0.004596619727189033,0.0019911218678478997,6.58794335466457e-05,-9.258344244823672e-05,3.1566405937460007e-07,6.760052736032922e-06,0.0,0.0,10.0
-0.40349999999999997,6.382144222786754,0.16753706104373398,0.7767307083639508,0.12317492047165403,-0.00039293701119205737,-0.004654669779956685,0.0019875536935293095,7.376364049676417e-05,-9.284131295309839e-05,-4.5486021182027005e-07,7.0670674853019945e-06,0.0,0.0,10.0
-0.4005000000000001,6.369562137485473,0.17048600121764662,0.7736921105354718,0.12317018410020147,9.249403040539293e-06,-0.00470946621268658,0.001984514385817848,8.13293361634634e-05,-9.298706624882704e-05,-1.1943565121074567e-06,7.3672062840915235e-06,0.0,0.0,10.0
-0.39749999999999996,6.356812968875841,0.17346206120706067,0.7706457764202358,0.12314330026391776,0.0004116621845232319,-0.004760837867241844,0.0019816494636420504,8.861266798255478e-05,-9.296449478283233e-05,-1.9018881834824638e-06,7.656592912605168e-06,0.0,0.0,10.0
-0.3945000000000001,6.343920539304725,0.1764645793219704,0.7675910105781745,0.12309672357246905,0.0008157371696327149,-0.00480875107827321,0.0019788478611449715,9.564323938140327e-05,-9.27473896926957e-05,-2.57612998058599e-06,7.933643493709815e-06,0.0,0.0,10.0
-0.39149999999999996,6.330896978569515,0.1794930831683493,0.7645288139917484,0.12303162081657307,0.0012216335080660792,-0.004853232592707928,0.001976136012387061,0.00010243690145505983,-9.233042467889918e-05,-3.2156670077320603e-06,8.198236618146453e-06,0.0,0.0,10.0
-0.38850000000000007,6.317751364266669,0.18254724216752605,0.7614608474385876,0.1229479307050268,0.0016289108219383367,-0.004894319360690263,0.001973582974401178,0.0001089914566510576,-9.172053110312496e-05,-3.819354975843042e-06,8.450916719890306e-06,0.0,0.0,10.0
-0.38549999999999995,6.3044934418202505,0.18562683306582348,0.7583888335575022,0.12284446634981172,0.002037019940737823,-0.004932034365435149,0.0019712291596788727,0.00011528513419143657,-9.092985842418613e-05,-4.386642644877017e-06,8.69223669913069e-06,0.0,0.0,10.0
-0.38250000000000006,6.291132897519884,0.1887317067312468,0.7553144224319066,0.12271906125089552,0.0024455475000768516,-0.004966389982372567,0.0019690494447733324,0.00012127820914311304,-8.997142840493209e-05,-4.9177991755742306e-06,8.922355394683643e-06,0.0,0.0,10.0
-0.37949999999999995,6.277676315411367,0.19186167973157303,0.7522394184562128,0.12256886604188111,0.002854208564066961,-0.004997425466270758,0.0019669572912029767,0.00012691863910296972,-8.885832505616782e-05,-5.4140462060883865e-06,9.140979701764688e-06,0.0,0.0,10.0
-0.37650000000000006,6.26412428274572,0.19501628851874958,0.7491661863679726,0.12239087624114707,0.0032626469997577598,-0.0050252764970170685,0.001964845760558202,0.00013215169071746863,-8.760617913682297e-05,-5.877603396354235e-06,9.347639283131247e-06,0.0,0.0,10.0
-0.37349999999999994,6.25046516725402,0.19819444500283467,0.7460986364299798,0.12218260513900688,0.003669811135850145,-0.0050502891170739915,0.0019626904151005993,0.00013693286818481715,-8.624191565175611e-05,-6.3116535549071765e-06,9.542476885135996e-06,0.0,0.0,10.0
-0.37050000000000005,6.236695424740423,0.20139413750723287,0.7430400754925367,0.1219426459256035,0.004075111979729217,-0.005072925848673562,0.0019604347591169998,0.00014123149385370458,-8.47884477984259e-05,-6.7199364444281475e-06,9.725359871225643e-06,0.0,0.0,10.0
-0.36749999999999994,6.222630129257449,0.20461212785021649,0.7400159383161482,0.12167131793866846,0.004465318654277767,-0.0050951628053361115,0.001959584645334098,0.00014509358827164418,-8.343739588227829e-05,-7.1078271952929095e-06,9.908192911411621e-06,0.0,0.0,10.0
-0.36450000000000005,6.208044678056717,0.20784384864714833,0.7370570172833735,0.12137093080308343,0.0048243379020602144,-0.005119430660341205,0.0019620192590204975,0.00014860105923675352,-8.241706053960292e-05,-7.480671279315096e-06,1.0105574533526442e-05,0.0,0.0,10.0
-0.36149999999999993,6.193108040933072,0.2110842049198773,0.7341479319473971,0.12104415644131818,0.0051623431191169895,-0.005145321225111405,0.0019665338806075794,0.00015173106335562592,-8.16096590922663e-05,-7.839617633149361e-06,1.0308231717913246e-05,0.0,0.0,10.0
-0.35850000000000004,6.178396006551567,0.21432871166628079,0.7312253486207168,0.1206916967856013,0.0055160507762520555,-0.005169315140030059,0.0019688648884517474,0.00015433712289967248,-8.055039654457367e-05,-8.181332469143352e-06,1.0483456108398086e-05,0.0,0.0,10.0
-0.3554999999999999,6.16438575962409,0.21757375996565928,0.7282377018334528,0.12031183058065315,0.005914718791905774,-0.005188381779974234,0.001965718586448062,0.00015629696684804617,-7.887065226112639e-05,-8.502668025937197e-06,1.0606020313838437e-05,0.0,0.0,10.0
-0.35250000000000004,6.151074944784253,0.22081593585757733,0.7251902045876139,0.11990203692611649,0.006355490108198098,-0.005202792671557158,0.001957596429243427,0.00015763262845859115,-7.661368241200255e-05,-8.804251410500034e-06,1.0679564330838208e-05,0.0,0.0,10.0
-0.3494999999999999,6.13808791530517,0.2240513718813875,0.7221321193326167,0.11946062790633037,0.006811400371910449,-0.005215418711796854,0.0019477524048809411,0.00015847982131012898,-7.412509174894603e-05,-9.089389779192098e-06,1.0728421200335955e-05,0.0,0.0,10.0
-0.34650000000000003,6.125020019504572,0.22727581267990166,0.719115884379129,0.11898692941419994,0.007254497891467475,-0.005229252695737348,0.0019394503974588452,0.00015897776406671317,-7.175330731239888e-05,-9.360778159733173e-06,1.0776802463060598e-05,0.0,0.0,10.0
-0.3434999999999999,6.111662494055498,0.2304852042589868,0.7161704564569018,0.11848038559476488,0.0076703911871749495,-0.005245766907758572,0.0019343031478883067,0.0001591947799576081,-6.966685768138564e-05,-9.618660846801965e-06,1.083649592093606e-05,0.0,0.0,10.0
-0.3405,6.098013522934171,0.23367626417510642,0.7132999274350197,0.11793971904309568,0.00805857906427821,-0.0052648373122073785,0.0019322854390947486,0.0001591243486623508,-6.785552137248122e-05,-9.861320889805722e-06,1.0907249966004674e-05,0.0,0.0,10.0
-0.3374999999999999,6.0841799935168055,0.2368467325491256,0.7104949888068809,0.11736278409416401,0.00842581857779309,-0.005285500839970863,0.0019325334949242482,0.00015872034606026874,-6.621850436769742e-05,-1.0086676484557893e-05,1.09829321671025e-05,0.0,0.0,10.0
-0.3345,6.070284075110022,0.2399953308472903,0.7077438034682806,0.11674705385980565,0.008780006895488718,-0.005306712739365794,0.001934066451503306,0.0001579341809619888,-6.464438811442538e-05,-1.0293716990849634e-05,1.1056973369540868e-05,0.0,0.0,10.0
-0.3314999999999999,6.056417343571066,0.2431215991189001,0.7050372808088335,0.11609035345676215,0.009127239784537696,-0.005327767036135965,0.0019361376376340104,0.00015673738421390762,-6.305015124582806e-05,-1.0483289550323906e-05,1.1124979317463593e-05,0.0,0.0,10.0
-0.3285,6.042633148341754,0.2462257659260675,0.7023698487621186,0.11539145475979101,0.00947137610011848,-0.005348412282306305,0.0019382981337396857,0.0001551293355084675,-6.138797975937773e-05,-1.0658286864816666e-05,1.1185159385887137e-05,0.0,0.0,10.0
-0.3254999999999999,6.028955220525044,0.24930870750027814,0.6997383219751654,0.11465031520881913,0.009814676283825164,-0.0053687969404958,0.0019403330100475132,0.0001531349916832623,-5.9637480086217706e-05,-1.0823431531879401e-05,1.1237767346631014e-05,0.0,0.0,10.0
-0.3225,6.015387973718021,0.2523719365562496,0.6971406431652426,0.11386795470127357,0.010158561429325209,-0.005389348175855365,0.0019421743437464975,0.00015079718281350128,-5.7794934772270625e-05,-1.0984821883345175e-05,1.1284325406244987e-05,0.0,0.0,10.0
-0.3194999999999999,6.001923675109362,0.25541748835305833,0.6945751740791194,0.11304612578285095,0.010504129709792347,-0.005410639879247777,0.0019438311170560034,0.00014816682585675736,-5.5864274408528404e-05,-1.1149357246638572e-05,1.1326939237390662e-05,0.0,0.0,10.0
-0.3165,5.988546991273244,0.2584475925909849,0.6920405635321721,0.1121869706641468,0.010852396951475947,-0.005433274819654743,0.0019453420107337035,0.0001452933977927795,-5.385067095368771e-05,-1.132412852714509e-05,1.1367770145786894e-05,0.0,0.0,10.0
-0.3134999999999999,5.975238257631598,0.26146413482173286,0.6895360225768664,0.11129276876325371,0.01120432098275973,-0.005457789163465741,0.0019467476966370737,0.00014221703382926161,-5.175656864603886e-05,-1.1515831698050776e-05,1.1408663982034634e-05,0.0,0.0,10.0
-0.3105,5.961976229740406,0.2644680538958213,0.6870617822032296,0.11036574187591457,0.011560695545413193,-0.005484574261281011,0.0019480760124122706,0.00013896248347171548,-4.95795423504325e-05,-1.1730231911059908e-05,1.1450910542471671e-05,0.0,0.0,10.0
-0.3075000000000001,5.948739481378118,0.26745889915622245,0.6846196142780929,0.10940781552960706,0.011921948853536658,-0.005513811893041494,0.0019493385579082922,0.0001355348466143539,-4.731189312388921e-05,-1.1971703097289915e-05,1.1495139490648979e-05,0.0,0.0,10.0
-0.3045,5.935500656823516,0.2704347293465633,0.6822138724150594,0.1084202953191262,0.012287597890298322,-0.005545455831303079,0.0019505669704112988,0.00013191883203419143,-4.494523964803822e-05,-1.2242917172457649e-05,1.1541560783596419e-05,0.0,0.0,10.0
-0.3015000000000001,5.922223325109242,0.2733924253778296,0.6798517997757548,0.10740351446202401,0.012655981899529947,-0.005579206127284998,0.0019518283030525907,0.00012807909910998976,-4.247317148901154e-05,-1.2544658017938788e-05,1.1590125230973262e-05,0.0,0.0,10.0
-0.2985,5.908884322146782,0.27632840097694283,0.6775404438066334,0.1063565171503194,0.013025585754736824,-0.0056143504405906375,0.0019530927120202793,0.00012395502184713923,-3.987712818241486e-05,-1.2875667974248242e-05,1.1639722964943704e-05,0.0,0.0,10.0
-0.2955000000000001,5.895514060306686,0.27923958803394927,0.6752811144558287,0.10527687327256774,0.013397451153751521,-0.005649544014798161,0.0019540126321538516,0.00011945262830576081,-3.71017310298434e-05,-1.3232675460709548e-05,1.1686837304522421e-05,0.0,0.0,10.0
-0.2925,5.882209056723901,0.28212440348000195,0.6730668170169819,0.10416087679791841,0.013776001936720121,-0.0056828342781173324,0.001953882597000601,0.00011444932968164921,-3.405039532490398e-05,-1.3610959239129173e-05,1.1725499184466886e-05,0.0,0.0,10.0
-0.2895000000000001,5.869087661915018,0.284983294379812,0.6708862686398931,0.10300446407494346,0.0141666210735167,-0.005712113928275072,0.0019519329673909696,0.00010882214487938763,-3.0619527019747856e-05,-1.4005536229332922e-05,1.174953757586001e-05,0.0,0.0,10.0
-0.2865,5.8562172230913845,0.28781857113849224,0.6687315679515768,0.10180494239330452,0.014571572800680435,-0.0057358052309014725,0.0019477808798393597,0.0001024897508815989,-2.6751600812459366e-05,-1.441253588467653e-05,1.1755828320296381e-05,0.0,0.0,10.0
-0.2835000000000001,5.843569886098841,0.29063357692311426,0.6666031485844385,0.10056308681558178,0.014987474202224524,-0.005753367393061477,0.001941707896837457,9.544514556344876e-05,-2.246887688150152e-05,-1.4830089464027973e-05,1.1746217353555128e-05,0.0,0.0,10.0
-0.28049999999999997,5.831036680895532,0.29343163681049284,0.6645085585540528,0.09928466266340265,0.015406008015819962,-0.005765354303424056,0.001934589809366337,8.776135471233702e-05,-1.7867150596319374e-05,-1.5258261596157368e-05,1.1726922008474088e-05,0.0,0.0,10.0
-0.2775000000000001,5.818481175561108,0.29621544505659386,0.6624569037876499,0.09798032223279023,0.015816973823842433,-0.005773035918451195,0.0019275611094215937,7.956902765397191e-05,-1.3079222164382927e-05,-1.5697907489126202e-05,1.170601299756502e-05,0.0,0.0,10.0
-0.27449999999999997,5.80579097271837,0.29898736299547285,0.6604533905955616,0.0966633523285789,0.016211543255094798,-0.005777799129518473,0.0019216255988302251,7.101732038129483e-05,-8.232874007690455e-06,-1.6148661397065834e-05,1.1690447331194547e-05,0.0,0.0,10.0
-0.2715000000000001,5.792899098620043,0.30175045449882554,0.6584971139831061,0.09534591672869634,0.016584172078228283,-0.005780616922732937,0.001917396623053129,6.223208809639937e-05,-3.422819741554612e-06,-1.6606655381244388e-05,1.1683879601182555e-05,0.0,0.0,10.0
-0.26849999999999996,5.7797770796673555,0.30450931840310647,0.6565822431074693,0.09403578811448604,0.01693288220446632,-0.005781859701011108,0.001915062344557292,5.328144961351592e-05,1.2976058199439597e-06,-1.7063039081821745e-05,1.1685857637002275e-05,0.0,0.0,10.0
-0.26550000000000007,5.7664202864017255,0.3072696522787357,0.6547005873779586,0.09273603516813655,0.017258388558762123,-0.005781573058004083,0.001914577588904471,4.41541354448982e-05,5.909761297690182e-06,-1.75044378001522e-05,1.1692481771262247e-05,0.0,0.0,10.0
-0.26249999999999996,5.752841638273429,0.31003646662136336,0.6528434963016293,0.09144845614896331,0.0175625379467884,-0.005779976911767869,0.001915961245744961,3.4753386753932364e-05,1.0417192218129994e-05,-1.7915474938531524e-05,1.1698055004672252e-05,0.0,0.0,10.0
-0.25950000000000006,5.73907171526869,0.3128118450566776,0.6510036020581842,0.09017737788615988,0.01784627903115085,-0.0057775071294436575,0.001919458707700231,2.4890986479436797e-05,1.4842423526310168e-05,-1.828278162054799e-05,1.169670148351145e-05,0.0,0.0,10.0
-0.25649999999999995,5.725151891406565,0.3155923449544189,0.6491812232927724,0.08892574655083445,0.018107334293561393,-0.005773519964126277,0.0019253007225219832,1.4217677572041776e-05,1.9264332017745613e-05,-1.8602931831391877e-05,1.1683055577305792e-05,0.0,0.0,10.0
-0.25350000000000006,5.711086806921751,0.31836946141618633,0.6473982842354987,0.08767499710664353,0.01833848149869382,-0.005762933502255001,0.0019326516800255687,2.14262502147949e-06,2.3890178646687697e-05,-1.8890938467425533e-05,1.1650846346077872e-05,0.0,0.0,10.0
-0.25049999999999994,5.696603987229316,0.3211615489851595,0.6456976898730423,0.08634955955704846,0.018534187516883155,-0.0057344410109243715,0.0019381121956945065,-1.1835257591560183e-05,2.8990913010027897e-05,-1.9164782782858435e-05,1.1590103137271783e-05,0.0,0.0,10.0
-0.24750000000000005,5.685994961776362,0.32404237743224784,0.6434559895834479,0.08478261639854165,0.01895275513393614,-0.0056763195009174984,0.001912598487663208,-2.644733898094274e-05,3.8196947193456635e-05,-1.9573220417510508e-05,1.1278147948378954e-05,0.0,0.0,10.0
-0.24449999999999994,5.683210584057836,0.32472326632517307,0.6426897118753525,0.08472251180888424,0.01896576545732013,-0.0057114290281381295,0.001922558117969381,-2.838973636860016e-05,4.025869295679197e-05,-1.99878638875941e-05,1.1192943940578443e-05,0.0,0.0,10.0
-0.24150000000000005,5.661226825975295,0.32913284538540605,0.6398157872674386,0.08308940945263618,0.0195597512396379,-0.005748554556433815,0.001903804193697907,-3.405080641808952e-05,4.876238873446866e-05,-2.191247575865833e-05,1.1164862703605668e-05,7.438378640391346e-08,-1.3299276349593386e-08,12.0
-0.23849999999999993,5.649251928912153,0.33178643658149876,0.6379585975225363,0.08199532988134926,0.019826114326239312,-0.005762863723806533,0.0019042928779381492,-4.022661227412071e-05,5.36377670732582e-05,-2.2905017958733955e-05,1.11498843016188e-05,8.245669940719815e-08,-1.410614895519486e-08,12.0
-0.23550000000000004,5.637421102004667,0.3344369734806196,0.6360995350805704,0.08086831233795999,0.02011265741591044,-0.005769804721676015,0.0019034714590517225,-4.75420431275194e-05,5.830073957707861e-05,-2.3853378834657234e-05,1.1136495441042414e-05,8.393569303709196e-08,-1.5876374524443774e-08,12.0
-0.23249999999999993,5.625259303574821,0.33707980737175824,0.634291708021862,0.07973342397423903,0.020402034244500423,-0.005780330119475028,0.0019006163567968405,-5.526367548304126e-05,6.27996583192501e-05,-2.4748606026130016e-05,1.113045080285896e-05,8.303854084677879e-08,-1.81020552656759e-08,12.0
-0.22950000000000004,5.612615442827827,0.3397282520807663,0.6325563011369972,0.07857962454917689,0.020679673577357286,-0.005798845220824856,0.0018968989524058041,-6.265943099682796e-05,6.7180181570542e-05,-2.5591526551097316e-05,1.1137647369411533e-05,8.265607329827616e-08,-2.0410975479157597e-08,12.0
-0.22649999999999992,5.59948594999137,0.3423934439150246,0.6308877173624956,0.07739591143952745,0.020945630789012973,-0.005825337022272574,0.0018932831807074704,-6.93556968261958e-05,7.14373126570356e-05,-2.640801286847747e-05,1.1158024539127919e-05,8.341607600134495e-08,-2.2750415504847514e-08,12.0
-0.22350000000000003,5.58593276874054,0.3450843489218394,0.629266172299453,0.07617838182586384,0.02120872770011694,-0.005859070065951215,0.0018898751073088101,-7.523519953702329e-05,7.555880828236431e-05,-2.72329519764509e-05,1.118920444286403e-05,8.493371643941762e-08,-2.5153224922478756e-08,12.0
-0.22049999999999992,5.572042383012527,0.34781141747391986,0.6276662030763498,0.07492611158617138,0.02148081301626666,-0.00589935883370022,0.0018863227919826938,-8.026092633859738e-05,7.955840230765124e-05,-2.809382567496234e-05,1.1230858656953099e-05,8.681811344412893e-08,-2.760638704021132e-08,12.0
-0.21750000000000003,5.557878070935246,0.35058744334239755,0.6260636624658199,0.07363837757164789,0.021772832036612393,-0.005945723413117975,0.00188213605311599,-8.442074419558967e-05,8.345687822326686e-05,-2.9009388611700785e-05,1.1284569303946662e-05,8.876069753652858e-08,-3.009507641353519e-08,12.0
-0.2144999999999999,5.543450455658262,0.35342605954738965,0.6244398672212289,0.07231378668997719,0.022092545991048408,-0.005998040299776149,0.0018768340410461688,-8.771482319903838e-05,8.726260157541755e-05,-2.999114189530597e-05,1.1352447178033801e-05,9.052505576478858e-08,-3.264049681350832e-08,12.0
-0.21150000000000002,5.528720287842694,0.35633920539026825,0.622782867454995,0.07095102118731202,0.02244407249664299,-0.006056471998826695,0.0018700902677995879,-9.014566346631143e-05,9.097288834859905e-05,-3.104236026230625e-05,1.1436345865648352e-05,9.204094440784957e-08,-3.527174757772239e-08,12.0
-0.2084999999999999,5.513628804187693,0.35933398353084484,0.6210869315769699,0.06955102891205235,0.02282834042831243,-0.006121356295790329,0.001861896210267012,-9.173937586044166e-05,9.45836497875446e-05,-3.215829530658993e-05,1.15375153005866e-05,9.335509960783974e-08,-3.7978620707826765e-08,12.0
-0.20550000000000002,5.498146597502943,0.3624084682156909,0.6193511517096115,0.06812107578893693,0.02324335318672292,-0.006193239273298224,0.0018527160796363398,-9.258804193194445e-05,9.809764536519784e-05,-3.332943157006562e-05,1.165680222955112e-05,9.444528614330577e-08,-4.0688825343210235e-08,12.0
-0.2024999999999999,5.482332820231174,0.36554608683735396,0.6175779687464356,0.06668078563086985,0.02368365506683796,-0.006272944545543995,0.0018435548527027971,-9.286153927813562e-05,0.00010152542211692891,-3.4546501823254335e-05,1.1795208809877465e-05,9.513137878405102e-08,-4.329500869640181e-08,12.0
-0.1995,5.466386538015445,0.3687100220909537,0.615773023851207,0.06526688887846885,0.024139306205478897,-0.006361367209192263,0.0018358244928691112,-9.275686181428726e-05,0.00010487487551274811,-3.580322040828189e-05,1.1953684203108013e-05,9.532747565122378e-08,-4.573472981086785e-08,12.0
-0.1964999999999999,5.450639243683307,0.371845719091247,0.6139447560801445,0.06392914822946515,0.02459679117553709,-0.006459101413891274,0.0018309864766950326,-9.241294147199602e-05,0.0001081386227326451,-3.709582746562777e-05,1.2132048414031029e-05,9.546399194186498e-08,-4.80732335454887e-08,12.0
-0.1935,5.43537783505425,0.37491577899987133,0.612086729149139,0.06271100049550835,0.025049391504074165,-0.0065679306005680576,0.0018301823604040981,-9.177989224784966e-05,0.00011130505973828621,-3.843686851876374e-05,1.2332727832669776e-05,9.606237333704447e-08,-5.0504712189770375e-08,12.0
-0.1904999999999999,5.420422009341103,0.37797573985978544,0.6101462651637795,0.06160353902732286,0.02551769014365283,-0.006693741161605987,0.0018338331921266596,-9.059720009698118e-05,0.00011444205708965268,-3.989015868064097e-05,1.2569324567110163e-05,9.624565394590087e-08,-5.3219827461292354e-08,12.0
-0.1875,5.404944037212283,0.3810924614048291,0.6082349037623095,0.060430389581300537,0.025979400115246933,-0.006824087128040059,0.0018410558428464446,-9.004963951911902e-05,0.0001177503257920547,-4.144993705433269e-05,1.2824227652129726e-05,9.645641640766694e-08,-5.583391183622113e-08,12.0
-0.1845000000000001,5.3931703958259885,0.38359556933173355,0.6065074834200642,0.05959029592696236,0.02638171871814763,-0.006954970932821321,0.0018506411661669555,-8.930324176772564e-05,0.00012111438086252757,-4.300595865165208e-05,1.3055630669860639e-05,1.0635327522612399e-07,-5.893297768260848e-08,12.0
-0.1815,5.368855603478171,0.38795177929504554,0.6044815202995614,0.057455309696149266,0.027010073464716997,-0.007072990993637512,0.001852122658085185,-9.33332561655013e-05,0.00012638086008539312,-4.511183859158174e-05,1.3391750242079742e-05,8.983619822322709e-08,-6.070969838655329e-08,12.0
-0.1785000000000001,5.349277991703328,0.3916088780055453,0.6027161680261413,0.05560298354929156,0.027538517076855118,-0.007186909557326059,0.001864083084808984,-9.855737578469017e-05,0.00013075149919340392,-4.703604328356767e-05,1.373558335184853e-05,7.63723378687935e-08,-6.435964174197035e-08,12.0
-0.1755,5.329973924261623,0.395336771845914,0.6008800670076886,0.05362474346108782,0.028143340231502934,-0.007309688074266634,0.0018764880240628777,-0.00010520751922393519,0.00013575866006432404,-4.907833671099664e-05,1.4116846427427622e-05,5.549558497602593e-08,-6.773242018037142e-08,12.0
-0.1725000000000001,5.310884414203234,0.39909830161842297,0.5990130956514265,0.05154850392665001,0.028816217761624893,-0.007444053890164048,0.0018911230730167593,-0.00011288058255697255,0.00014125195840038792,-5.126357934784457e-05,1.4532633770437649e-05,2.932310144614135e-08,-7.044818017286616e-08,12.0
-0.16949999999999998,5.2919394799216946,0.40285039287700825,0.5971539493027233,0.04941318784318076,0.029548240111401274,-0.0075919601710423504,0.0019083546476724076,-0.00012169834279719896,0.00014707108726675177,-5.3577864943360145e-05,1.4983160268282949e-05,1.9127882879613428e-10,-7.217209208860128e-08,12.0
-0.1665000000000001,5.273267619826174,0.4065449539988907,0.5953319397584427,0.0472683899297463,0.030322813345166323,-0.007756663542477586,0.0019283022639516765,-0.00013162902816349933,0.00015318087180618838,-5.5978453297325394e-05,1.5466436797480944e-05,-3.0735547368070547e-08,-7.269319016901743e-08,12.0
-0.16349999999999998,5.255164928634896,0.410129529467889,0.5935627459851733,0.04516733381526762,0.031118858220305922,-0.007939603457985465,0.0019518095543839345,-0.0001425274123089651,0.0001595609961647431,-5.843121078515124e-05,1.5977035364222526e-05,-6.361142294413591e-08,-7.189248819563775e-08,12.0
-0.1605000000000001,5.23801827124065,0.4135460394569803,0.5918495506004272,0.043170589389328246,0.031915509887520344,-0.008140979832198707,0.001980065295217832,-0.00015417857220169763,0.000166139472716452,-6.091879459421632e-05,1.6512852163387774e-05,-9.890198476712283e-08,-6.971234792849934e-08,12.0
-0.15749999999999997,5.222243494050913,0.41673787226334547,0.5901834966369858,0.041343669156915695,0.03269726725117922,-0.00836165756210391,0.002014248433234033,-0.0001661191522519226,0.00017278835061365746,-6.344019225052273e-05,1.7080123561915188e-05,-1.3720895246983682e-07,-6.61916978352532e-08,12.0
-0.15450000000000008,5.208218132663423,0.4196639966040927,0.588540790747333,0.03974794141265291,0.03346000988617382,-0.008605339140744865,0.0020553943422639068,-0.00017754047092109805,0.0001793098039840875,-6.601551523985679e-05,1.7693865154901727e-05,-1.799849557093276e-07,-6.145397302102726e-08,12.0
-0.15149999999999997,5.196185668113514,0.4223162201898557,0.5868780807442077,0.038429624471788215,0.03421482147816369,-0.008880385288842739,0.0021047116571968455,-0.00018744782959832695,0.00018545141527410742,-6.868230386605545e-05,1.8376421537823722e-05,-2.303720188109349e-07,-5.549687757757253e-08,12.0
-0.14850000000000008,5.186164854912289,0.4247303708303235,0.5851310741931874,0.03741672420905042,0.034984415255512054,-0.009199617263965206,0.002164440987808234,-0.00019513516398428254,0.0001909789675073557,-7.147917278731608e-05,1.9153434144977676e-05,-2.939191808249291e-07,-4.782217345220471e-08,12.0
-0.14549999999999996,5.17797920467466,0.4269714302182568,0.5832257927305214,0.036735419260857084,0.03578640945731698,-0.009576033501565233,0.0022385649009462843,-0.0002007819560620436,0.00019576723553539496,-7.441846559714933e-05,2.0045445281696144e-05,-3.78401474563857e-07,-3.7141526620908685e-08,12.0
-0.14250000000000007,5.171581478694742,0.4290642277892108,0.5811154877992983,0.03644964371628675,0.03660385079367695,-0.010014032400417965,0.0023320834023437507,-0.0002055909418454603,0.00019980151294109576,-7.745189364475309e-05,2.105493538808447e-05,-4.910238765073728e-07,-2.1625583935717436e-08,12.0
-0.13949999999999996,5.167707553936288,0.4308662196146714,0.5788479343102118,0.036702365441703674,0.03735871401931613,-0.010500405295332464,0.0024481014420575874,-0.00021084522903821985,0.0002029867041780036,-8.044338505103416e-05,2.2152250171488313e-05,-6.316920544912448e-07,-1.9036743791895819e-10,12.0
-0.13650000000000007,5.168157823237088,0.43199696726672243,0.5766324777837548,0.037679505256221754,0.03792008611858674,-0.011002947145643463,0.0025838966961286218,-0.00021624688500049023,0.00020486524741480778,-8.317863458510257e-05,2.3270459925156187e-05,-7.855237108887557e-07,2.5522829977618225e-08,12.0
-0.13349999999999995,5.173603825466232,0.43214380061090685,0.5748396395132048,0.03931934144606846,0.03817388637190002,-0.011476820242989988,0.0027287201828505815,-0.0002201498663725886,0.0002047877844362864,-8.544168478068753e-05,2.432264773649808e-05,-9.270946853191393e-07,5.0851969511500933e-08,12.0
-0.13050000000000006,5.17760127426262,0.43190910357800283,0.5739170806024853,0.04070646277504392,0.03812153366049173,-0.01186412209811162,0.0028653641041836695,-0.00022454606381537866,0.0002030259575457807,-8.71256243457862e-05,2.5239042334004107e-05,-1.047147769939924e-06,7.205044694754688e-08,12.0
-0.12749999999999995,5.161961584985255,0.43300875846339587,0.5746049581373927,0.040161674441698415,0.03774786121590079,-0.012115190532599589,0.0029839338657937364,-0.00023522152386064592,0.00019980275835429539,-8.824206292567717e-05,2.601384829008438e-05,-1.1536056024462666e-06,8.26763549232387e-08,12.0
-0.12450000000000006,5.125627177071543,0.4366570170930049,0.5760596861367681,0.03678878027238525,0.03747741376731076,-0.012202044343982381,0.003070894310494599,-0.0002627990614478032,0.000199574704613332,-8.902658857264694e-05,2.6660340978400777e-05,-1.3112515250962366e-06,1.0151029251892169e-07,12.0
-0.12149999999999994,5.063825249045574,0.4443122775409876,0.5779548860732966,0.029147699340286392,0.03760035999991666,-0.01201579601659881,0.0031083299197190674,-0.0003245901756537638,0.00020714237027069342,-8.932193025996783e-05,2.7093907333846704e-05,-1.5854006900074256e-06,1.473183898463863e-07,12.0
-0.11850000000000005,5.04799953255803,0.447423983729363,0.5777238147328453,0.026448721469390844,0.03780492807228087,-0.012131174103069341,0.003198210300702517,-0.00035067342955568575,0.0002079473767429978,-9.031791033023854e-05,2.7896653920691174e-05,-1.794401388551074e-06,1.8740417761377067e-07,12.0
-0.11549999999999994,5.038216337502305,0.45024277417720954,0.5769167401230499,0.023783533816151274,0.038225461530519755,-0.01219356615871584,0.003271171223701078,-0.00038143956795234777,0.00021065360684125378,-9.103967432014072e-05,2.861148327753791e-05,-2.0221219791641362e-06,2.414356406693991e-07,12.0
-0.11250000000000004,5.028523904773135,0.4526504592801768,0.5761129787912928,0.021378749447231754,0.03870012676530607,-0.012228842217760758,0.003325056044771136,-0.0004115048855983055,0.00021359730190676602,-9.141315795258653e-05,2.9211762679762293e-05,-2.235029400260662e-06,2.9818380026370974e-07,12.0
-0.10949999999999993,5.017033095070896,0.4546844263732556,0.5755663424313349,0.01937811823337806,0.03913690400535493,-0.012267912193835237,0.0033600785757926846,-0.000436907044214985,0.00021599334137728654,-9.14816593517758e-05,2.969972861418203e-05,-2.417692802477755e-06,3.515240300533859e-07,12.0
-0.10650000000000004,5.004491534256855,0.45651957747219496,0.575234928572388,0.017729815586098315,0.03951024204919458,-0.012327804205883735,0.0033797709801951176,-0.00045658616196937946,0.00021794538635352113,-9.134957903407417e-05,3.0098938356199653e-05,-2.5743101828794637e-06,4.010775782407845e-07,12.0
-0.10349999999999993,4.992044551224979,0.45833165417380656,0.5749522074210561,0.016288414075852922,0.03982999007083516,-0.012410403020799146,0.003390280971101422,-0.000471161340256444,0.00021982944893648293,-9.112929666609119e-05,3.0442761823252547e-05,-2.717296591099563e-06,4.4888722744306487e-07,12.0
-0.10050000000000003,4.980134561961023,0.46024026052252454,0.5745715824824756,0.014916326904418485,0.04011977317076672,-0.012507948145595634,0.0033980893434506104,-0.00048184354589548574,0.00022191720120096116,-9.09104265814631e-05,3.076143482398043e-05,-2.858486183041974e-06,4.968079887977456e-07,12.0
-0.09749999999999992,4.968529785211559,0.4623195769844212,0.574026585056421,0.013522878153939774,0.04040319767716219,-0.012609903532875793,0.0034081073378846496,-0.0004900070546059106,0.0002243041019191016,-9.075702777366237e-05,3.107503025448087e-05,-3.006121481969615e-06,5.456288149236153e-07,12.0
-0.09450000000000003,4.956763593679545,0.46461062976733614,0.573321165486178,0.012065000362444029,0.04069462455208647,-0.012707442544824496,0.0034227370089166243,-0.0004969745357105877,0.00022695184767571044,-9.071168397318686e-05,3.139102858435788e-05,-3.164633513188132e-06,5.952491499735885e-07,12.0
-0.09149999999999991,4.944471020148449,0.46711928867700087,0.572495022885144,0.010538229715643794,0.04099601519943827,-0.012794361085166829,0.0034416257082530086,-0.0005036644440038022,0.0002297061475980865,-9.078559317154046e-05,3.1703062881124825e-05,-3.3343377364813897e-06,6.450227782372394e-07,12.0
-0.08850000000000002,4.93149272673258,0.46981773304904534,0.5715970358721661,0.008962399227423791,0.04130212559362327,-0.012866430569074345,0.0034620601025227887,-0.0005102533397068904,0.00023230265531482463,-9.094251372632283e-05,3.1991398316914864e-05,-3.5108898938650042e-06,6.939279901659126e-07,12.0
-0.08549999999999991,4.917750133190299,0.47266755287432904,0.5706781773752005,0.007346141778277879,0.04161370179463715,-0.01292186901784049,0.003480207659568486,-0.0005163643982533581,0.0002344719152493627,-9.11079568740996e-05,3.222867016411776e-05,-3.686370877743086e-06,7.407487806416878e-07,12.0
-0.08250000000000002,4.9029361870552854,0.4756663954155776,0.5697981953248975,0.00562955182321292,0.04195264145537985,-0.012963155396823888,0.0034930037653483357,-0.0005219609524953977,0.000236175300653978,-9.121791483594759e-05,3.239195496666835e-05,-3.853221899039711e-06,7.845261875005779e-07,12.0
-0.0794999999999999,4.886197279620341,0.47889989541044886,0.5690210847676729,0.0036521159294350047,0.042366166347978615,-0.012997783666502708,0.003499863599829331,-0.0005283244957205546,0.00023781212256887902,-9.12755065007279e-05,3.247691633195021e-05,-4.009854838325029e-06,8.253460346430315e-07,12.0
-0.07650000000000001,4.86613679685234,0.48256171587694946,0.5683677078909268,0.0012187455400866516,0.042907934188713304,-0.013036830922005648,0.003503794112539453,-0.0005382216596184093,0.00024017913268930692,-9.136745670308965e-05,3.250800954293075e-05,-4.165054507708224e-06,8.652899793035793e-07,12.0
-0.0734999999999999,4.841364686802227,0.48689177073000217,0.567763718735609,-0.0017532971448266318,0.04359910139900548,-0.013090481036119527,0.0035113865035486694,-0.0005550959584560722,0.00024415596074314473,-9.161175931548087e-05,3.2532974648862905e-05,-4.336808637925157e-06,9.086397275068878e-07,12.0
-0.07050000000000001,4.811449726023513,0.49197730653506516,0.5671519722394194,-0.005189625095279372,0.04438701496991808,-0.013151544716778492,0.003527983795218662,-0.0005816902352155748,0.00025025045906104746,-9.200861675229456e-05,3.257444453013599e-05,-4.538440142397957e-06,9.590479686541335e-07,12.0
-0.0674999999999999,4.77992138071749,0.49714729639074706,0.5667592141593383,-0.008675876517833706,0.045084085084187604,-0.013191395655216893,0.00355195232828265,-0.0006148537926616398,0.0002571603045230829,-9.2284916687891e-05,3.25806312775618e-05,-4.742612085452824e-06,1.0096051494977616e-06,12.0
-0.0645,4.760855222187691,0.49965911866782436,0.5671580574594202,-0.010049998172908858,0.045110781881619585,-0.01328092576944694,0.003605939868455254,-0.0006279189604584309,0.00025586554290670134,-9.210894991568836e-05,3.2632904585140716e-05,-4.8204381615053105e-06,1.017646494691893e-06,12.0
-0.06150000000000011,4.708985228894434,0.5073256469292647,0.5684788459726264,-0.017111278390375906,0.04584215466943075,-0.013014891207976293,0.003592634762757315,-0.0006938754565068125,0.0002681963263394369,-9.156719199781147e-05,3.238029323149589e-05,-5.068336337653155e-06,1.070775435971074e-06,12.0
-0.058499999999999996,4.684503789693044,0.5118239012648321,0.5681006095970913,-0.020797656517970758,0.04669822347917876,-0.013016828133847302,0.00361418220998407,-0.0007361985404998958,0.00027744820749920593,-9.215029641894144e-05,3.250984178475473e-05,-5.26711625027576e-06,1.1149845984995057e-06,12.0
-0.055500000000000105,4.656271081057075,0.5161106348327427,0.5680431118085962,-0.024328943673724533,0.04760212186504065,-0.013044742834104615,0.0036247712260735593,-0.0007785071875555553,0.00028762418084033977,-9.276346388433129e-05,3.2604333662127246e-05,-5.454558038032851e-06,1.15514658217851e-06,12.0
-0.05249999999999999,4.623174448413414,0.5204223582501076,0.5686508061229703,-0.02786074793562401,0.04842637339229919,-0.013108735490163819,0.003628342349298418,-0.0008186775825613987,0.0002979106399730364,-9.334971904779897e-05,3.265823295944414e-05,-5.6224902812784246e-06,1.1863581834824333e-06,12.0
-0.0495000000000001,4.586969574022202,0.5249450398035467,0.5698129413976163,-0.03167634916522383,0.0491557284234318,-0.013202585659209001,0.0036332902857839004,-0.0008577512840165717,0.00030872865224785016,-9.396666606276802e-05,3.270030022697841e-05,-5.7827460570196895e-06,1.2118180721204173e-06,12.0
-0.046499999999999986,4.548674381659682,0.5296544049859723,0.5713329929624932,-0.03593585309201206,0.04982845778702168,-0.013305190645679647,0.0036470859086273582,-0.0008964656345284731,0.0003204983590500665,-9.466089809753231e-05,3.2745409733074e-05,-5.945065406996969e-06,1.2349168777140157e-06,12.0
-0.043500000000000094,4.508604131307586,0.5344461062342486,0.5730965312818634,-0.04062303732404884,0.050510362635027534,-0.013392201158152822,0.003672871590429552,-0.000935017937175307,0.0003332188416824311,-9.54678271851922e-05,3.278012529298374e-05,-6.113324764336059e-06,1.257056695053487e-06,12.0
-0.04049999999999998,4.467099418284203,0.5392654170695804,0.5750795861265524,-0.04563096787388125,0.051263791759949544,-0.013449080967438874,0.0037083768996567586,-0.0009740940462463721,0.0003464854696821878,-9.644010415348266e-05,3.27740412092784e-05,-6.288546927187249e-06,1.2783751427532716e-06,12.0
-0.03750000000000009,4.4246636015725995,0.5441198960214824,0.5772820062327458,-0.050860840043704864,0.05212026992986869,-0.01347680310014387,0.0037473294325616174,-0.001015224722702435,0.00035976028987157253,-9.763549371111702e-05,3.270171386652028e-05,-6.470922887866985e-06,1.2990830266311965e-06,12.0
-0.034499999999999975,4.381778827039677,0.549043036989861,0.57967471073863,-0.05626038081411757,0.053077223438506634,-0.013487232004057763,0.0037831336801362426,-0.0010600183882109014,0.0003727277325952944,-9.907079026683648e-05,3.256194762334685e-05,-6.659793506099154e-06,1.3202297165854237e-06,12.0
-0.031500000000000083,4.3387624884024065,0.5540707300014703,0.5821971036298788,-0.06180304803013914,0.054115542848713685,-0.013493499037690085,0.00381242819861745,-0.0011091018708053826,0.0003854800102750136,-0.00010069396691084542,3.238226193602458e-05,-6.853199790966613e-06,1.3435414770694355e-06,12.0
-0.02849999999999997,4.295759720479172,0.5592333054894575,0.5847820905717135,-0.06745380895213299,0.05521723131125766,-0.013503558536985356,0.003835932596119423,-0.0011618000379270677,0.00039839909664525,-0.00010241062209196352,3.220604984351048e-05,-7.048511366251476e-06,1.3707099323925988e-06,12.0
-0.025500000000000078,4.252839176060914,0.5645465549297514,0.5873775672864527,-0.07315496476022386,0.05636940475978683,-0.013519872353814757,0.0038565144713439523,-0.0012166781669898255,0.0004118536420228769,-0.00010414185180837282,3.207236905350579e-05,-7.243798757290931e-06,1.402696041100961e-06,12.0
-0.022499999999999964,4.210137227779439,0.5699956932948929,0.5899546059581843,-0.07883072953816392,0.05755735539236906,-0.013541851103148343,0.0038765988980708956,-0.0012722538338735927,0.0004259480808726311,-0.00010585804131417008,3.20016704851057e-05,-7.438345874943598e-06,1.439369502989474e-06,12.0
-0.019500000000000073,4.16799302023072,0.5755185060481077,0.5925066245219587,-0.08439441363789325,0.0587563314511653,-0.013567088907697072,0.003896814266307637,-0.001327280804991161,0.0004404563681303453,-0.00010756176741832982,3.19934430714851e-05,-7.631540609543041e-06,1.479506388447981e-06,12.0
-0.01649999999999996,4.127015464406923,0.580998724798504,0.595043068676221,-0.08975046901801777,0.059928526935537275,-0.013591096176219111,0.0039161623699591926,-0.0013806128552507207,0.0004549025538818308,-0.00010924493198334675,3.203275377131794e-05,-7.821188085703396e-06,1.5210299989756489e-06,12.0
-0.013500000000000068,4.088061154747374,0.5862751036333221,0.59757649941073,-0.09479218864684096,0.06102645117199462,-0.01360794949655784,0.003933013345724689,-0.0014309694768660963,0.0004686784446047014,-0.00011086480742159833,3.2100324968313666e-05,-8.002846386410886e-06,1.5613614021388598e-06,12.0
-0.010499999999999954,4.052320881702807,0.5911340086307706,0.60009728779206,-0.09937230788554534,0.06199544684793128,-0.013614707287810465,0.003946599506472541,-0.0014765602659363032,0.0004810450950804998,-0.0001123588299750481,3.218534904662925e-05,-8.169958643855074e-06,1.597445583068272e-06,12.0
-0.007500000000000062,4.022097504851253,0.595181302089598,0.6025243539075508,-0.10316550708703179,0.0627527967688401,-0.013622435530312144,0.003959786830314107,-0.0015137151449712968,0.0004907078781921501,-0.00011367706602293885,3.230614019258399e-05,-8.311275422245143e-06,1.6241559951635415e-06,12.0
-0.0044999999999999485,3.99901228057297,0.5981518472308531,0.6047580023363445,-0.10594316238480475,0.06324973994395519,-0.013644219912975654,0.003975415472495517,-0.0015397360824921467,0.0004967908403165547,-0.000114818014717065,3.248812180992231e-05,-8.420568084584113e-06,1.6382435489145438e-06,12.0
-0.0015000000000000568,3.964365945388259,0.6031372765851277,0.6075508635884455,-0.11051247273149921,0.06405886368381482,-0.013530145819679143,0.003952518423760461,-0.0015820462202588983,0.0005086004649060865,-0.0001157717610812374,3.245978072877709e-05,-8.57867669622722e-06,1.6764223981154348e-06,12.0
0.0015000000000000568,3.9432661271358564,0.6059119435668924,0.6098983297636913,-0.11306814684986898,0.06439545734929497,-0.013482996424679636,0.003944543214368604,-0.0016018895035268832,0.0005130769327309101,-0.00011647269812731562,3.2575155938846755e-05,-8.67034140825563e-06,1.6870147617071236e-06,12.0
0.0044999999999999485,3.922370944471553,0.6086666335052235,0.6123336891198128,-0.11560099147998228,0.0646716886047673,-0.013398219058605599,0.003922739382474983,-0.0016187866753144917,0.0005168502180365825,-0.00011690498377203541,3.263619151930424e-05,-8.752501150970801e-06,1.696243215696466e-06,12.0
0.007500000000000062,3.90149228521348,0.6113841666942134,0.6148755452664374,-0.11810198205266094,0.06488790285119965,-0.013277093259162048,0.003886801462487199,-0.0016322482865317228,0.000519776315005676,-0.00011702939142981973,3.263086125421131e-05,-8.821879002806995e-06,1.703361082632895e-06,12.0
0.010499999999999954,3.880680221154431,0.6140343976311746,0.6175081854976163,-0.1205419638632821,0.06504832831872857,-0.013124380323031386,0.0038375152609938794,-0.001641980986120527,0.0005217843596865441,-0.00011683391469055832,3.2553507953157304e-05,-8.876584046277684e-06,1.7080759593091625e-06,12.0
0.013500000000000068,3.8600872555147414,0.6166024903556636,0.6201804853793479,-0.12289276563924682,0.06516727707364268,-0.01294848086663961,0.003776772770210842,-0.0016481273169098767,0.0005229614502714676,-0.00011634463890872405,3.240646061743319e-05,-8.917405448170109e-06,1.710974034253258e-06,12.0
0.01649999999999996,3.839859557607105,0.6190905232140593,0.622823058519474,-0.12513145963042438,0.06526524502721327,-0.012760330361962058,0.0037074235779866425,-0.001651160065197149,0.0005234853068576433,-0.00011561026182401112,3.219771969743654e-05,-8.947003674028407e-06,1.7131920589459037e-06,12.0
0.019500000000000073,3.820026855351369,0.6215175709526604,0.625368919221211,-0.12724671392253675,0.06536545330840957,-0.012571789930280818,0.0036328480184191166,-0.0016517251003576707,0.0005235534338679455,-0.00011468418790419745,3.1937388838711015e-05,-8.968740350488177e-06,1.7160028174061556e-06,12.0
0.022499999999999964,3.8004516125082612,0.6239185992302817,0.6277690698094696,-0.1292471195989071,0.06549279879744295,-0.012393961048780338,0.0035563281281552283,-0.0016505084996917422,0.0005233479722479614,-0.00011361276034257335,3.163427775512102e-05,-8.985670478922322e-06,1.7205091688262975e-06,12.0
0.025500000000000078,3.7808929024395685,0.6263319938541649,0.6300010386335136,-0.13116127905511507,0.06567170134051364,-0.012235745356549156,0.0034804790151695816,-0.0016480728788165306,0.0005230001563091812,-0.0001124277013359951,3.1293535222285505e-05,-8.999478482282309e-06,1.7273178825432e-06,12.0
0.02849999999999997,3.761158101729826,0.6287749120800494,0.6320733167165798,-0.1330270634454145,0.06592026940243742,-0.012102344668933191,0.0034068899381142475,-0.001644690745724325,0.0005225368685522451,-0.00011113607189339663,3.091446317114051e-05,-9.009323643273717e-06,1.7361599417325205e-06,12.0
0.031500000000000083,3.7412456315086,0.6312189329604281,0.6340293832634297,-0.13487837088613747,0.06624218356880353,-0.011993190979787806,0.0033359295952345037,-0.00164030111455959,0.0005218398388614927,-0.0001097040360056875,3.0486992366912676e-05,-9.011043275758235e-06,1.7456461887355178e-06,12.0
0.034499999999999975,3.7213721393161485,0.633584973775352,0.6359506004638176,-0.1367412132272298,0.0666215566205702,-0.011899775609786676,0.0032666447464660864,-0.0016346889392667761,0.0005206703063177153,-0.00010804242665894867,2.998760867954435e-05,-8.997445203397621e-06,1.7534379052074892e-06,12.0
0.03750000000000009,3.7018670244995513,0.6357664625870594,0.6379473941728854,-0.13863871810536293,0.06702646049545657,-0.011806140263036983,0.003197022366126046,-0.0016277852497415964,0.0005187714177603954,-0.00010601801466633407,2.9380968861628197e-05,-8.960196632638397e-06,1.7569158968745466e-06,12.0
0.04049999999999998,3.6830090770023975,0.6376746479251271,0.6401252352471013,-0.14059315961792107,0.06742370138681057,-0.011695481648604372,0.0031250999240410543,-0.001619843148158726,0.0005160063302484571,-0.00010351467489996321,2.8635007820205424e-05,-8.89317656088403e-06,1.7541411169933671e-06,12.0
0.043500000000000094,3.6649024690189163,0.6392858971751793,0.6425312508220706,-0.14261750611604126,0.06779966894062898,-0.011561863025223756,0.00305078959136035,-0.0016113409860340942,0.0005124607727459573,-0.0001005299140094606,2.7746723583718474e-05,-8.795907786605951e-06,1.7446477254417033e-06,12.0
0.046499999999999986,3.6475488382690475,0.6406423206426954,0.645116718366882,-0.14468950184162374,0.06816833384341472,-0.011419026729902906,0.002977318834008488,-0.001602567040517926,0.0005083812403119875,-9.723248628314233e-05,2.6760319357477215e-05,-8.67398438327573e-06,1.7292467485572188e-06,12.0
0.0495000000000001,3.6314619959028116,0.6417176006170795,0.6477426282530063,-0.14666606015404599,0.06853686075092189,-0.011299546439159343,0.0029118831235401604,-0.001592575565230585,0.0005036995677771283,-9.390795520095827e-05,2.576573569123672e-05,-8.533350166615594e-06,1.7076438711975914e-06,12.0
0.05249999999999999,3.619173530172773,0.6420819481486167,0.6501947272712978,-0.14806255321469067,0.06881354556604691,-0.011251487396763326,0.002867717966747756,-0.0015768588431814118,0.0004969008634314963,-9.083043214713861e-05,2.4901050838213865e-05,-8.368853794202337e-06,1.6730794389566586e-06,12.0
0.055500000000000105,3.611785781543065,0.6415233085131611,0.6524031193002364,-0.1486458798153081,0.06893838958214626,-0.011291399682494586,0.0028503951346478176,-0.001553465966399335,0.00048729262356216616,-8.813091300161467e-05,2.4233801144315882e-05,-8.178529796449679e-06,1.6220866259028134e-06,12.0
0.058499999999999996,3.5767710865091624,0.6461839502818786,0.6560703583307093,-0.15384589930607565,0.07027165298613654,-0.01106785209695472,0.002745656458186298,-0.0015781327557430503,0.0004964577301978054,-8.52035712689091e-05,2.279980518872358e-05,-8.105758762946795e-06,1.6486187289455278e-06,12.0
0.06150000000000011,3.557500682978657,0.64769148490312,0.6592058447661853,-0.15629394109527153,0.07085780968688826,-0.011006994634190463,0.0027015387149379603,-0.0015755046132774494,0.0004946254354521177,-8.25983442784924e-05,2.1850025251953383e-05,-7.949605015456052e-06,1.6222404926007226e-06,12.0
0.0645,3.537568995997728,0.6493009071536615,0.6625384548240992,-0.15882909646719698,0.071448585439006,-0.010936517537912653,0.0026596101978691267,-0.0015758218714763408,0.0004937156768761478,-8.015373507615645e-05,2.0909410139759336e-05,-7.795594327877186e-06,1.5960287280843256e-06,12.0
0.0674999999999999,3.518089075553576,0.6509657956403223,0.6659072635675585,-0.161367606167212,0.07205518463080758,-0.010868566703236441,0.0026219180331719136,-0.001579314272282936,0.0004940037495000132,-7.801708460438155e-05,2.0016725627382934e-05,-7.651001144510907e-06,1.5720526529932397e-06,12.0
0.07050000000000001,3.499686785220914,0.6527023847038852,0.6691987564358871,-0.16389016205222284,0.07269344303499328,-0.010808119535130436,0.0025890453794012902,-0.001586664547808554,0.0004958479967727411,-7.628145104186382e-05,1.9192054915383285e-05,-7.522606924347598e-06,1.5527009374960124e-06,12.0
0.0734999999999999,3.482473858033157,0.6545244436968136,0.672384248302354,-0.1663781527001255,0.07335502081982366,-0.010753894240178679,0.002561124408147967,-0.001597956542714201,0.0004992293606580376,-7.496309584581851e-05,1.8447471375341275e-05,-7.413177105664563e-06,1.5384949411192035e-06,12.0
0.07650000000000001,3.4661042805231754,0.6564332405248543,0.6755068193005195,-0.16880674871753767,0.07401159514036829,-0.010699190417188923,0.0025374350086024952,-0.0016126762011648157,0.0005038209706189701,-7.401014544499262e-05,1.7785931404520598e-05,-7.322147943212578e-06,1.528507468317992e-06,12.0
0.0794999999999999,3.4500727888206364,0.658408279402242,0.6786254958563357,-0.17113848770321405,0.074630456471823,-0.010636512205937542,0.0025164204460328514,-0.0016299318896194042,0.0005092070547453378,-7.334584246154232e-05,1.720402370926784e-05,-7.24761176875986e-06,1.5214578574155794e-06,12.0
0.08250000000000002,3.4339566846586203,0.6604106781326319,0.6817728262529886,-0.17332752803613677,0.07518757257894089,-0.010561138818837301,0.002496000858469908,-0.001648718632241556,0.0005150553412276135,-7.290488965336811e-05,1.6695654311586895e-05,-7.187893467199895e-06,1.5164999371952492e-06,12.0
0.08549999999999991,3.4174930265713805,0.6624003575353181,0.6849470135558056,-0.17533521285099823,0.07567281334560937,-0.010471660105718579,0.002473966601258181,-0.0016681346194607526,0.0005211730096415356,-7.264570474925538e-05,1.625477973486808e-05,-7.142186377521747e-06,1.5134133775615753e-06,12.0
0.08850000000000002,3.4005517087820216,0.6643564683142784,0.6881269121051501,-0.1771475065074704,0.07608926365963109,-0.010368530642145206,0.0024482641577724448,-0.0016875107535497496,0.000527483449057352,-7.254493342163782e-05,1.5876428071999585e-05,-7.110494935166573e-06,1.5124303513629413e-06,12.0
0.09149999999999991,3.383094827957218,0.6662873679861446,0.6912910801863036,-0.17878256509452017,0.0764495267462006,-0.010252480982658345,0.002417100699764544,-0.0017064169793684003,0.0005339743518309369,-7.258634862582722e-05,1.5556180091940507e-05,-7.093206244537672e-06,1.513965648836728e-06,12.0
0.09450000000000003,3.36516190468403,0.6682239571554102,0.6944302969361994,-0.18028373294400077,0.07677062998000772,-0.010123758653733817,0.00237890495252123,-0.0017245450406320013,0.0005406417473689953,-7.275117786054854e-05,1.5288843379701868e-05,-7.090501799966817e-06,1.5183692389055633e-06,12.0
0.09749999999999992,3.346870364470396,0.6702014943744169,0.6975517016302937,-0.18170327312668139,0.0770688718942857,-0.009982110059244608,0.002332233768532601,-0.0017415407405369837,0.0005474419884381673,-7.301148072721118e-05,1.5067117789108682e-05,-7.1018193198849764e-06,1.5257413162713392e-06,12.0
0.10050000000000003,3.328405039208021,0.6722413049458954,0.7006767853366112,-0.18308716359996882,0.07735622253234213,-0.009826957180725557,0.0022757030217974887,-0.001756896844073675,0.0005542652605019194,-7.332624003881532e-05,1.488072721156701e-05,-7.125587010350159e-06,1.53584896769904e-06,12.0
0.10349999999999993,3.30998413427148,0.6743415586036849,0.703836061955262,-0.18446844667104093,0.07763929677281985,-0.00965738975202674,0.002207988137711266,-0.0017699753267137381,0.0005609403207212127,-7.364016713892795e-05,1.4716160755546852e-05,-7.159344314836539e-06,1.548172572177711e-06,12.0
0.10650000000000004,3.291811050322743,0.6764790590484188,0.7070625522941629,-0.1858695826128622,0.07792053604202973,-0.009472004076457633,0.0021279138308581565,-0.0017801399142299882,0.0005672661444541723,-7.38857998730193e-05,1.4557068167665614e-05,-7.200175864917243e-06,1.5620598084946085e-06,12.0
0.10949999999999993,3.2740330937546114,0.6786178498262998,0.7103854200477542,-0.18730884726176567,0.07820019441704765,-0.009268884864528815,0.0020346323478144493,-0.0017869167401180466,0.0005730530866022004,-7.3989215259606e-05,1.4385382114941024e-05,-7.245253415217981e-06,1.576914759627361e-06,12.0
0.11250000000000004,3.256723576501597,0.6807188101260108,0.7138245718377094,-0.18880505210193602,0.078477767416549,-0.009045988249281572,0.0019278613593743882,-0.0017901000981399282,0.0005781544814843388,-7.387864649378342e-05,1.418315661168324e-05,-7.292278555813374e-06,1.5923410720222426e-06,12.0
0.11549999999999994,3.239889116181467,0.6827466943050994,0.7173868165253693,-0.19037784103825983,0.07875240151382641,-0.008801929167460828,0.001808115924222709,-0.0017897676573967983,0.0005824794814492606,-7.349415475519578e-05,1.3934822108994066e-05,-7.339716526104413e-06,1.6081962245444683e-06,12.0
0.11850000000000005,3.2234903815226237,0.6846743916572996,0.721064129157112,-0.1920445438023641,0.07902277862365849,-0.008536907168471148,0.0016768441583618434,-0.0017862236779739179,0.0005859908661067344,-7.279593005586079e-05,1.3629223527546476e-05,-7.386823872617379e-06,1.62456829143669e-06,12.0
0.12149999999999994,3.207461111120173,0.6864858536439049,0.7248343988706147,-0.1938164086563832,0.07928727240573999,-0.008253394051828589,0.0015363918736012658,-0.0017799148226634296,0.0005886977372242918,-7.176907746071412e-05,1.3260732270645066e-05,-7.433531123908278e-06,1.6417172637397005e-06,12.0
0.12450000000000006,3.1917176944233483,0.6881784453269822,0.7286645896231138,-0.19569634355910168,0.0795447084377122,-0.007956299681005148,0.001389783203634048,-0.0017713541940883402,0.0005906493144540208,-7.042373855361755e-05,1.2829057466741928e-05,-7.480234926629769e-06,1.6600131403827583e-06,12.0
0.12749999999999995,3.176162300537595,0.6897638449314919,0.7325156731789305,-0.19767841092583824,0.07979532839557747,-0.007652540832324854,0.0012403796140433175,-0.0017610643057352907,0.0005919280956465535,-6.879066527215817e-05,1.2337932261264211e-05,-7.527522317691041e-06,1.6798716234484469e-06,12.0
0.13050000000000006,3.1606875080594707,0.6912659899455796,0.736348355453154,-0.19974810437974894,0.08004119502379435,-0.007350127102585435,0.0010915208497010458,-0.001749532897357882,0.0005926368434350899,-6.691342077601241e-05,1.1793238654484706e-05,-7.575839852782057e-06,1.7016695600008316e-06,12.0
0.13349999999999995,3.1451868027210437,0.6927156650421746,0.7401286975806665,-0.20188268124902253,0.08028553375126353,-0.007056966203404131,0.0009462340476950002,-0.001737176267298188,0.0005928776221376092,-6.483891639583949e-05,1.1201126553610261e-05,-7.625144870131278e-06,1.7256336368811536e-06,12.0
0.13650000000000007,3.129567687391505,0.6941432250269371,0.7438330947644366,-0.20405189158274323,0.08053113361046157,-0.006779586691365487,0.0008070391888128117,-0.0017243150375687922,0.0005927285864874793,-6.260797523145621e-05,1.0566376035838581e-05,-7.67460966958025e-06,1.7517249450917613e-06,12.0
0.13949999999999996,3.1137595138453236,0.6955720833308147,0.7474524031215357,-0.2062200906576164,0.08077843664501544,-0.00652194183063878,0.0006758248316539814,-0.0017111727507154663,0.0005922283929778983,-6.024726891936321e-05,9.890969493270117e-06,-7.722455962625939e-06,1.7795605099705677e-06,12.0
0.14250000000000007,3.097710063242395,0.6970151254278255,0.7509950878927427,-0.20835025527463163,0.08102400818223225,-0.006284444379084239,0.0005537536461723307,-0.0016979013321376858,0.0005913749916925942,-5.7763602433388544e-05,9.172842525775517e-06,-7.765962714795916e-06,1.8084020086780789e-06,12.0
0.14549999999999996,3.081371250437336,0.6984745791732276,0.7544891617402218,-0.21040921716254793,0.08125974878697276,-0.006063384638355095,0.0004411835803479349,-0.0016846240732557353,0.0005901373210553636,-5.5141252894655595e-05,8.405040844869874e-06,-7.801634527106705e-06,1.8372082872305772e-06,12.0
0.14850000000000008,3.0646799895574954,0.6999442947725546,0.7579826176951046,-0.21237246221600545,0.08147278907473046,-0.005850858733930981,0.00033762791519335595,-0.00167147722688019,0.0005884710636269106,-5.234279282967134e-05,7.575750853713589e-06,-7.825475152386926e-06,1.864716728127624e-06,12.0
0.15149999999999997,3.047541559005621,0.7014127925297853,0.76154221516535,-0.2142268449782425,0.08164578611029934,-0.005635247127078485,0.00024179362099432022,-0.0016586327470356763,0.0005863279635781177,-4.9313362364302105e-05,6.669626540936185e-06,-7.833305137983846e-06,1.8895106399404806e-06,12.0
0.15450000000000008,3.0298197789660004,0.7028659154558333,0.7652508352285252,-0.2159705039748383,0.08175738732990186,-0.005402148931604803,0.00015172149801616884,-0.0016462959509430345,0.0005836527103901111,-4.598766377134052e-05,5.670463090408609e-06,-7.821090679196452e-06,1.910048466778129e-06,12.0
0.15749999999999997,3.011333850841606,0.7042888591845495,0.7692039993255596,-0.21761049422105574,0.08178280979098893,-0.005135552225337853,6.501772968027377e-05,-0.001634685609169755,0.0005803685449231768,-4.229822526745349e-05,4.564773308338088e-06,-7.78528840545838e-06,1.924660185296963e-06,12.0
0.1605000000000001,2.9918590742946845,0.7056679766998157,0.7735063190528106,-0.2191594329993613,0.08169459998771794,-0.00481896607722855,-2.086069054239162e-05,-0.0016240124512641506,0.0005763579487244742,-3.818302735965236e-05,3.3455028583071193e-06,-7.72323138198361e-06,1.931535622407895e-06,12.0
0.16349999999999998,2.9711292862358327,0.706992692373286,0.7782684938202622,-0.2206324200706634,0.08146359032415224,-0.004436284303036254,-0.000108308475972999,-0.0016144719507970116,0.0005714454564324765,-3.359064725675277e-05,2.01515868161255e-06,-7.633573320308466e-06,1.9287267277074617e-06,12.0
0.1665000000000001,2.9488416582071397,0.7082573159032198,0.7836050567660696,-0.22204483884094256,0.08105991470256371,-0.003972272206670955,-0.00019928765663756865,-0.0016062607209077595,0.0005653865323645697,-2.848169186439669e-05,5.87983875250199e-07,-7.516779488558572e-06,1.914165302270115e-06,12.0
0.16949999999999998,2.9246669234363685,0.7094620717222426,0.7896325863896838,-0.22341091024110055,0.08045384540579217,-0.0034127102649635656,-0.00029505935274324203,-0.0015996180393234995,0.0005578625028201857,-2.2826265824252595e-05,-9.087234021217246e-07,-7.375624231588474e-06,1.8856743687694513e-06,12.0
0.1725000000000001,2.898268184269439,0.7106126881872267,0.7964677700469315,-0.22474252828124247,0.07961628221027736,-0.0027443363140649867,-0.0003959236605305192,-0.0015948889386814553,0.000548479421975417,-1.6598228545435983e-05,-2.4337257867503452e-06,-7.215642444318226e-06,1.8409392710706886e-06,12.0
0.1755,2.869328983295687,0.7117184380494006,0.8042246477973397,-0.22604806710115302,0.07851894522531795,-0.001954769007070933,-0.0005009661726239486,-0.0015926034207444568,0.0005367691972876767,-9.767709463980887e-06,-3.9309336722791915e-06,-7.045488129615481e-06,1.7774080822617345e-06,12.0
0.1785000000000001,2.8375877802107277,0.7127892233281422,0.8130105649757283,-0.22733126634999973,0.07713456280837207,-0.0010325718598303718,-0.0006078287707662114,-0.0015935651984039358,0.0005221930816412901,-2.293580419859702e-06,-5.328220358529221e-06,-6.8771679401547065e-06,1.6921047466262713e-06,12.0
0.1815,2.8028733011799325,0.7138327089427441,0.8229207070613008,-0.2285906037358619,0.07543745364887715,3.244591306891133e-05,-0.0007125421249869132,-0.0015989401107499776,0.000504148896244038,5.882675359240458e-06,-6.536069900264401e-06,-6.726129608249356e-06,1.5813544233972887e-06,12.0
0.1845000000000001,2.7651345592652112,0.7148524125857618,0.8340314574794925,-0.22981952926852686,0.07340480566553592,0.0012486688598026233,-0.0008094672808048404,-0.0016103284547614258,0.00048198308463993857,1.4840839170450827e-05,-7.446477050695445e-06,-6.611188518808305e-06,1.440434939947328e-06,12.0
0.1875,2.724460548633999,0.7158471691734852,0.8463931352724268,-0.23100761626704955,0.0710186969551827,0.0026218973059085747,-0.0008913900023158566,-0.001629799512066111,0.00045500739493063215,2.46833593393614e-05,-7.9327047571229e-06,-6.554272459125194e-06,1.2631839785901557e-06,12.0
0.1904999999999999,2.681086755089607,0.7168118214960428,0.8600229119500018,-0.2321423151481235,0.06826860564151535,0.004154446739738906,-0.0009497966361786193,-0.0016598647341248014,0.00042251901770783026,3.553449782948501e-05,-7.850548960846701e-06,-6.579961361702601e-06,1.041613925312092e-06,12.0
0.1935,2.6353878023686295,0.7177386244113586,0.8748988570632747,-0.2332108010485496,0.06515393924900467,0.005844259312338085,-0.000975338499041947,-0.0017033715811016106,0.00038382342394233874,4.753749597033536e-05,-7.041690069037062e-06,-6.714801330743001e-06,7.656157240343087e-07,12.0
0.1964999999999999,2.5878573771469333,0.718618785074962,0.8909560773282678,-0.2342014574090822,0.061686050033617094,0.007684184244287277,-0.0009584658784719339,-0.0017633131101194497,0.00033826081124614394,6.084971186413299e-05,-5.339540369866419e-06,-6.98638168929494e-06,4.228610154007335e-07,12.0
0.1995,2.5390780419984136,0.7194437192746106,0.9080857466112736,-0.23510475331583133,0.05788929221582963,0.009661577887197145,-0.0008901842474559338,-0.001842566108889041,0.0002852387168097703,7.563519316339255e-05,-2.5777179351249956e-06,-7.422177440498357e-06,-9.773578709961904e-10,12.0
0.2024999999999999,2.4896846691849905,0.7202058381818974,0.9261374685568451,-0.23591351247750733,0.053800871996666666,0.011758333891741416,-0.0007628575823222382,-0.0019435879858017535,0.00022427347343775177,9.205386442032103e-05,1.3991134642877674e-06,-8.048174445959954e-06,-5.215880178511436e-07,12.0
0.20550000000000002,2.4403258575404005,0.7208988759361546,0.9449249356156605,-0.23662273362111355,0.04946947357477393,0.013951385543986313,-0.0005709634031035983,-0.002068114806490664,0.00015504101547475176,0.00011024677771342136,6.7227659656515915e-06,-8.887312098352475e-06,-1.1549287781057122e-06,12.0
0.2084999999999999,2.391627626338738,0.7215178806840064,0.9642343655724727,-0.23722917789303566,0.04495285217090884,0.016213643981655024,-0.0003116992062704174,-0.002216906413531569,7.743360188835246e-05,0.00013031780960920595,1.3488596360495216e-05,-9.957804801102346e-06,-1.9157324794223598e-06,12.0
0.21150000000000002,2.344162877350827,0.7220590266446041,0.9838348286787505,-0.2377309149265936,0.040314726952281665,0.01851526930980142,1.4644950795908134e-05,-0.0023895785698906684,-8.385149507951934e-06,0.00015231354450044615,2.1743644700931917e-05,-1.1271445741874285e-05,-2.815764716985471e-06,12.0
0.2144999999999999,2.2984287997486725,0.722519387784062,1.0034893982509463,-0.23812695674644366,0.03562136594503957,0.020825131745376865,0.0004045996237547326,-0.002584548168646074,-0.00010193717098371309,0.00017620434824060135,3.147747978561082e-05,-1.283205211101753e-05,-3.8620697115634825e-06,12.0
0.21750000000000003,2.2548329395406372,0.7228967679152282,1.0229660737699706,-0.23841703840882786,0.030938236645879216,0.02311231058715865,0.0008517233870388285,-0.002799099230968685,-0.00020240902328840806,0.0002018702544926797,4.2617222092012704e-05,-1.4634263521579662e-05,-5.055479930501092e-06,12.0
0.22049999999999992,2.2136874175354224,0.7231896255292158,1.0420475950367216,-0.2386015431425875,0.026327021061099347,0.02534749422605648,0.0013470703583054022,-0.003029558838428388,-0.0003086605509545624,0.00022909493037152182,5.50277718784077e-05,-1.666292775282307e-05,-6.389647766039185e-06,12.0
0.22350000000000003,2.17520995523563,0.7233970809776521,1.0605395218589402,-0.23868152731346837,0.0218431911464379,0.027504174811787012,0.001879851279307614,-0.003271557028712397,-0.00041926573424195434,0.00025756969763528626,6.851761708698593e-05,-1.8893275433561172e-05,-7.850785382891737e-06,12.0
0.22649999999999992,2.1395299821365863,0.723518963471783,1.078276231161395,-0.23865878293235102,0.017534238051730093,0.02955956786133597,0.0024382039891085597,-0.003520335494258338,-0.0005325829092617342,0.0002869077404386355,8.284984372922207e-05,-2.1291990867643175e-05,-9.418187514844664e-06,12.0
0.22950000000000004,2.106698063827398,0.7235558532848297,1.0951247344913067,-0.23853588378901633,0.01343856590311741,0.03149522431390214,0.0030099862716979286,-0.0037710675436127363,-0.0006468467132360214,0.00031666677981339637,9.775725189916e-05,-2.381914745273419e-05,-1.1065486062328907e-05,12.0
0.23249999999999993,2.0766970849641266,0.723509096344705,1.1109864167424783,-0.23831618889211503,0.009585005924046902,0.033297336765939135,0.0035835128052940754,-0.004019155566597605,-0.0007602708787098464,0.0003463771390345829,0.0001129599183300306,-2.6430829265342202e-05,-1.2762471339295882e-05,12.0
0.23550000000000004,2.0494539361394786,0.7233807993422191,1.1257969324385926,-0.23800380992599146,0.0059928765983097605,0.034956769899347956,0.004148174294123474,-0.004260480363117516,-0.0008711498329128796,0.00037557154485520306,0.0001281832378293745,-2.9082144737117552e-05,-1.4477234988071321e-05,12.0
0.23849999999999993,2.024850812022428,0.7231738352982421,1.1395245721599134,-0.23760357224294018,0.0026725013912835206,0.03646886446649639,0.004694897394425464,-0.00449158673410116,-0.0009779479960703285,0.0004038132113208198,0.0001431744721346979,-3.1730280560565404e-05,-1.6178357437722368e-05,12.0
0.24150000000000005,2.0027355794013455,0.7228918894052768,1.1521674387640015,-0.2371210009195376,-0.0003739119187731301,0.037833072444442936,0.005216426145391424,-0.004709799370694192,-0.0010793683756368864,0.0004307195174492866,0.0001577161311665131,-3.433725011422042e-05,-1.783688088675712e-05,12.0
0.24449999999999994,1.9829309824121089,0.7225395515427018,1.1637497644105521,-0.23656234389261666,-0.0031511322646328656,0.03905247815347525,0.005707427075652354,-0.004913270702732405,-0.0011743958821197511,0.0004559796040370812,0.00017163504651160498,-3.6872049092693176e-05,-1.9427868942215598e-05,12.0
0.24750000000000005,1.965242690434672,0.7221224256680427,1.1743176693831427,-0.2359346124985115,-0.005669613347662825,0.04013324922104833,0.006164438774874748,-0.005100967400304175,-0.0012623149201794863,0.0004793652001573304,0.00018480666232019953,-3.931202167668456e-05,-2.0931439823619592e-05,12.0
0.25049999999999994,1.949466341642956,0.7216471946077824,1.1839346254270828,-0.2352455910236624,-0.00794415537681467,0.041084047483141234,0.006585700356835417,-0.005272605031607982,-0.0013427043933296064,0.0005007347834610925,0.00019715473487633646,-4.1643344629119703e-05,-2.2333251245112017e-05,12.0
0.25350000000000006,1.9353937840514719,0.7211215678764363,1.1926768497434632,-0.23450375547950392,-0.009992618340446624,0.0419154188438997,0.006970900299607433,-0.005428541852979536,-0.001415415643598657,0.0005200317408567055,0.00020864717892887834,-4.3860640911708156e-05,-2.3624492990925416e-05,12.0
0.25649999999999995,1.9228186756290655,0.7205540581557681,1.2006288260748204,-0.23371805517041663,-0.011834765332057282,0.04263917654492752,0.007320887159785233,-0.00556964368810162,-0.0014805397228380651,0.0005372775672853888,0.0002192891448943355,-4.596583008700005e-05,-2.4801495042393863e-05,12.0
0.25950000000000006,1.9115415040294879,0.7199535753202512,1.2078791262720443,-0.23289754606895627,-0.013491286529853683,0.04326779475394864,0.007637377574166438,-0.005697132719573852,-0.0015383698710830678,0.0005525613778970489,0.0002291145288946047,-4.796640217207173e-05,-2.5865080524797778e-05,12.0
0.26249999999999996,1.9013739672597543,0.7193288811736136,1.2145166846206388,-0.23205091068851486,-0.01498302319279967,0.04381383606778709,0.007922686975758523,-0.00581243355841195,-0.0015893636179816059,0.0005660271448494635,0.00023817703269239855,-4.987335571841529e-05,-2.681978740315286e-05,12.0
0.26550000000000007,1.8921425651116224,0.7186879940094958,1.220627651218735,-0.2311859385844211,-0.016330383183711883,0.04428944262916463,0.008179497366485567,-0.005917029596227791,-0.0016341071488246552,0.0005778600987938771,0.0002465416653496397,-5.1699060639768476e-05,-2.7673059833939948e-05,12.0
0.26849999999999996,1.883691222909986,0.7180376528314067,1.226292914231705,-0.2303090602495926,-0.017552920653457326,0.0447059213910562,0.008410666902234961,-0.006012340843653217,-0.0016732830482978555,0.000588273630100727,0.0002542772899030915,-5.345528675175868e-05,-2.843447997717973e-05,12.0
0.2715000000000001,1.8758828172632793,0.7173829388027751,1.2315863324199572,-0.2294250181160291,-0.01866904504361822,0.0450734470682678,0.008619079642005685,-0.006099631115773802,-0.0017076415695617916,0.000597497764564613,0.00026145053782316874,-5.5151583755992934e-05,-2.91150824830587e-05,12.0
0.27449999999999997,1.8685995841629832,0.7167271106373492,1.2365736629489774,-0.22853672510508655,-0.019695827043972096,0.045400892137257245,0.008807531032846948,-0.0061799480521878974,-0.0017379751764795735,0.0006057698780123789,0.00026812119388839174,-5.679412138228751e-05,-2.9726771305657835e-05,12.0
0.2775000000000001,1.8617425269547045,0.7160716558968168,1.2413121137924323,-0.22764531600523707,-0.020648877151401703,0.045695775474860645,0.008978644845161641,-0.006254095052112351,-0.0017650960257188002,0.0006133277954176454,0.00027433902215885685,-5.8385020873068855e-05,-3.0281842293654468e-05,12.0
0.28049999999999997,1.8552300602146676,0.7154165107968508,1.2458504056224562,-0.22675035609024383,-0.02154228062549714,0.045964305033382745,0.009134818923866583,-0.006322630871030378,-0.0017898159606729725,0.000620404870092537,0.00028014196191789253,-5.992215263934977e-05,-3.079260286564347e-05,12.0
0.2835000000000001,1.8489961872539518,0.714760373628253,1.2502292039481169,-0.22585014858753394,-0.02238857681327875,0.046211480189942436,0.009278198708895069,-0.0063858911271267825,-0.0018129282561239774,0.0006272261641131474,0.00028555564768853215,-6.139935319496214e-05,-3.127106944971292e-05,12.0
0.2865,1.842988496168122,0.7141010389030837,1.2544817827211407,-0.2249420839760844,-0.02319876980916746,0.04644121890953676,0.009410677791575464,-0.006444026377606421,-0.001835189805099948,0.0006340045753960727,0.00029059425529863074,-6.280702589843814e-05,-3.172871361852255e-05,12.0
0.2895000000000001,1.8371661809562274,0.7134357068283018,1.2586348036352573,-0.22402299580360088,-0.023982353316141836,0.04665648341244328,0.009533923318149232,-0.006497053053639242,-0.0018573019734945406,0.000640935792999467,0.0002952626905553886,-6.413311678469928e-05,-3.2176221259614036e-05,12.0
0.2925,1.831498182297382,0.7127612616021833,1.2627091328455258,-0.2230895174749142,-0.024747329799526586,0.04685939238626673,0.009649421185379725,-0.006544915167822225,-0.001879888414591502,0.0006481913728267188,0.0002995600688123735,-6.536447051089112e-05,-3.262323015809406e-05,12.0
0.2955000000000001,1.8259614402950646,0.712074543659833,1.2667206570503642,-0.22213845641780047,-0.025500207259924808,0.04705132269119043,0.009758532761565034,-0.006587555081519297,-0.001903469112654705,0.0006559099772594988,0.0003034842617128875,-6.648854539674646e-05,-3.307802434744416e-05,12.0
0.2985,1.8205391967403306,0.7113726497734193,1.2706810919302254,-0.2211672034154176,-0.026245968709958396,0.04723301356916067,0.009862552679236148,-0.006624990043209163,-0.0019284318676258626,0.0006641877563943582,0.0003070370374946976,-6.749538971142642e-05,-3.354718953741122e-05,12.0
0.3015000000000001,1.815219294883846,0.7106532751909209,1.2745987896193993,-0.22017417193178979,-0.026988028272910202,0.047404688013119346,0.009962757203396703,-0.006657387945341519,-0.001955004924309969,0.0006730696978244552,0.00031022906837336673,-6.837966841870022e-05,-3.4035268227011635e-05,12.0
0.3045,1.809992490623798,0.7099150712107689,1.2784795463133194,-0.21915922271791047,-0.027728208084383768,0.04756619886527141,0.010060435147778398,-0.006685132049273637,-0.0019832366481140826,0.0006825442280121745,0.00031308392663993793,-6.914242043922828e-05,-3.454448534587895e-05,12.0
0.3075000000000001,1.8048508768879765,0.709157948046056,1.2823273912340334,-0.21812399000089802,-0.028466783693673548,0.04771719457510736,0.010156897667151615,-0.006708862124727624,-0.0020129890597474784,0.0006925431728394875,0.00031564023342956155,-6.979217325442448e-05,-3.5074632120653134e-05,12.0
0.3105,1.7997865888068427,0.708383228621794,1.2861453139641117,-0.21707200717639896,-0.029202644839711824,0.04785728690930251,0.010253468053509818,-0.006729480218774984,-0.002043950916843599,0.0007029483204264766,0.00031795139835483444,-7.034508695586004e-05,-3.562318630542459e-05,12.0
0.3134999999999999,1.794790964705009,0.7075935704775191,1.2899358700461314,-0.2160085466623887,-0.029933599755664553,0.04798619600087862,0.010351456223645833,-0.006748113876223058,-0.002075672748304428,0.0007136044561963599,0.00032008284875511357,-7.082395516106118e-05,-3.618570770171356e-05,12.0
0.3165,1.7898542743052992,0.7067926227772454,1.2937016035328923,-0.21494014222341556,-0.030656817343986974,0.04810385039091912,0.010452123767564107,-0.006766037465646961,-0.0021076214783572983,0.0007243372391151133,0.0003221071724552378,-7.125612518974104e-05,-3.6756486742005315e-05,12.0
0.3194999999999999,1.7849660087610983,0.7059844591912411,1.297445242899186,-0.21387383903459795,-0.031369361860315935,0.048210430567644603,0.010556644270667437,-0.006784561377251692,-0.002139247348241836,0.0007349731101033195,0.0003240980335509499,-7.167064880470447e-05,-3.732935836091002e-05,12.0
0.3225,1.7801155994733915,0.7051728981278642,1.3011696597240583,-0.21281629184891587,-0.03206874199927549,0.048306359344052544,0.010666061415154512,-0.0068049065697534696,-0.0021700523076740768,0.0007453579217492942,0.00032612394153883214,-7.20951595383337e-05,-3.789854509478719e-05,12.0
0.3254999999999999,1.7752933426332231,0.7043608608245364,1.3048776191463984,-0.2117728777639292,-0.03275338224367989,0.0483922546760071,0.010781245982704515,-0.006828085795753214,-0.0021996481213866314,0.0007553712799826449,0.0003282429115777109,-7.255303275794842e-05,-3.8459379871237004e-05,12.0
0.3285,1.7704912866911116,0.7035499079555354,1.3085713871570614,-0.21074698987169949,-0.03342293488424099,0.048468864993586616,0.010902853663248785,-0.006854811531739684,-0.002227794525385044,0.0007649345672519421,0.0003304987876609089,-7.30613016148875e-05,-3.900878642394445e-05,12.0
0.3314999999999999,1.7657038921815547,0.7027400395497561,1.3122522844635713,-0.2097396318271972,-0.034078383636824305,0.048537002753860636,0.011031288396638078,-0.006885444553786844,-0.0022544123026092943,0.0007740119680211216,0.0003329196125058275,-7.362960627770696e-05,-3.954545560384119e-05,12.0
0.3345,1.760928368542364,0.7019297633462778,1.3159202865070874,-0.20874935908371078,-0.03472193418110573,0.04859748247777195,0.011166679121070854,-0.006919988127295653,-0.002279571786813371,0.0007826051836448213,0.00033551803464469123,-7.426021186665307e-05,-4.006972970089624e-05,12.0
0.3374999999999999,1.7561646866325176,0.7011163647572064,1.3195737648933457,-0.20777253766959658,-0.035356729673747846,0.04865106148021841,0.011308878839501647,-0.0069581235996594056,-0.002303462419616389,0.0007907436080994795,0.0003382934343233845,-7.494891816820972e-05,-4.058327109255033e-05,12.0
0.3405,1.751415321573721,0.7002962739170938,1.3232094495341404,-0.2068038404838635,-0.03598645851110027,0.04869838032308854,0.011457492091980558,-0.006999276289966499,-0.002326352218238433,0.0007984723612276994,0.00034123526687337546,-7.568655814015986e-05,-4.108862773109853e-05,12.0
0.3434999999999999,1.7466847858717374,0.6994654321725217,1.326822664832096,-0.20583688551613258,-0.03661493114739936,0.04873990694234596,0.011611930310320118,-0.007042697450322288,-0.0023485466694078815,0.0008058406869328895,0.00034432705950095555,-7.646076102159124e-05,-4.158880867341754e-05,12.0
0.34650000000000003,1.741978983782654,0.6986196025656168,1.3304078567106183,-0.20486493474558198,-0.037245693375141,0.04877589940129704,0.011771486231378298,-0.007087548849892592,-0.0023703547610623367,0.0008128928589525019,0.0003475505186365027,-7.72577180419544e-05,-4.2086952781152934e-05,12.0
0.3494999999999999,1.7373043891578988,0.6977546232183954,1.3339593786654889,-0.20388159910548667,-0.03788172136791081,0.048806409912201254,0.011935411805339859,-0.007132980097590307,-0.0023920663826931133,0.0008196629984632318,0.00035088926578614055,-7.806378687754527e-05,-4.258612653382346e-05,12.0
0.35250000000000004,1.7326670539952864,0.6968666430936971,1.337472445535952,-0.20288151391387618,-0.03852521747607899,0.04883135022435579,0.01210298174680884,-0.007178193375075404,-0.002413941319628225,0.000826174243068318,0.0003543317882389427,-7.886685529180354e-05,-4.3089239123046085e-05,12.0
0.3554999999999999,1.7280715070709223,0.6959523889961211,1.3409441016425547,-0.2018609487493278,-0.039177502772301497,0.04885062311601595,0.01227352823095886,-0.007222494029045688,-0.0024362066990722933,0.0008324416994709675,0.0003578732594630299,-7.965742461326515e-05,-4.359902811378923e-05,12.0
0.35850000000000004,1.7235196855365162,0.6950094885449322,1.3443740023290245,-0.20081829778497784,-0.039838987223645,0.048864300243930535,0.012446440227008831,-0.007265327368392723,-0.0024590578840298746,0.0008384777674231979,0.0003615159696659289,-8.042937014392899e-05,-4.411805400900269e-05,12.0
0.36149999999999993,1.7190101174906542,0.6940368284225549,1.3477647970432238,-0.1997543750364398,-0.040509192476648956,0.04887280193988224,0.012621130906225145,-0.007306301930399339,-0.0024826578321228616,0.0008442979311188629,0.0003652682391417582,-8.118031426006942e-05,-4.4648647475547986e-05,12.0
0.36450000000000005,1.7145375942184884,0.6930348808796726,1.3511219467159366,-0.19867243219531633,-0.04118680467042675,0.04887702031466158,0.012796985287691144,-0.007345198253219827,-0.002507131662021315,0.0008499250992489887,0.0003691418861442024,-8.191154350495345e-05,-4.519277463276209e-05,12.0
0.36749999999999994,1.7100935068609702,0.6920059039979798,1.3544529130789296,-0.19757783799342798,-0.041869743338861926,0.04887833101421239,0.012973305323507264,-0.007381961139584157,-0.0025325559394852155,0.0008553910429882105,0.00037314857764007294,-8.262743668912676e-05,-4.575181726102697e-05,12.0
0.37050000000000005,1.7056668760810327,0.6909539240507361,1.357765806198392,-0.19647740880424497,-0.04255524458669274,0.048878462614689616,0.01314926993291978,-0.007416673706553041,-0.002558945060390664,0.0008607343059265392,0.0003772956565237507,-8.333444649818335e-05,-4.632629876407383e-05,12.0
0.37349999999999994,1.7012459129247643,0.6898844408979158,1.3610677322272917,-0.19537844865750442,-0.04323996909533644,0.04887923000718449,0.013323923560556597,-0.00744951369981336,-0.0025862391269317318,0.000865994915049225,0.00038158223483828374,-8.403976915872774e-05,-4.6915615551620486e-05,12.0
0.37650000000000006,1.69681977537773,0.6888038481285602,1.3643632000109216,-0.19428762217877796,-0.043920154705189694,0.04888217770902412,0.013496200311077032,-0.007480696198171408,-0.0026142982565401244,0.0008712070538916892,0.00038599639165285825,-8.474991186720747e-05,-4.751784981742004e-05,12.0
0.37949999999999995,1.692380087107993,0.6877186112504908,1.3676529835826823,-0.19320982398573142,-0.04459183645250845,0.04888820778933011,0.013664983787355088,-0.007510410755771186,-0.002642907229255253,0.0008763913690949876,0.0003905141747494645,-8.546939860932155e-05,-4.81297379474343e-05,12.0
0.38250000000000006,1.687921794905555,0.6866342837138741,1.3709337807142352,-0.19214720754232914,-0.04525115250533258,0.04889727504625836,0.013829197385369155,-0.007538763704927054,-0.002671792205331056,0.0008815486764268686,0.0003951007944559766,-8.619983159954494e-05,-4.87468474392476e-05,12.0
0.38549999999999995,1.6834430536264433,0.6855544534362629,1.3741988659711502,-0.19109849277951327,-0.04589474242686849,0.048908215730163664,0.01398791690140339,-0.007565736442417223,-0.0027006486797864736,0.0008866565197198099,0.0003997139873836838,-8.69394554043238e-05,-4.936397773765857e-05,12.0
0.38850000000000007,1.6789440074690407,0.6844797024977141,1.3774397405009615,-0.1900585957682133,-0.04652022511932979,0.04891873917914833,0.01414049618041918,-0.007591167295572691,-0.002729177562600639,0.00089166937503435,0.000404309108657478,-8.768327012804524e-05,-4.997575390775104e-05,12.0
0.39149999999999996,1.6744245436663694,0.6834066369220706,1.3806485652033442,-0.18901853545845138,-0.04712671768319897,0.04892556323878032,0.014286694884829115,-0.00761475803486375,-0.002757124553797181,0.0008965223445834196,0.000408845147914208,-8.842362316091744e-05,-5.057733368249126e-05,12.0
0.3945000000000001,1.6698812997559291,0.6823270103433245,1.3838209592919068,-0.18796549432574547,-0.04771532368257974,0.04892462567214701,0.014426792602652618,-0.007636097207943826,-0.0027843166432603736,0.0009011370270855425,0.00041329057131322554,-8.915108543795555e-05,-5.116510246634064e-05,12.0
0.39749999999999996,1.6653043840459245,0.6812269307995669,1.386958583966934,-0.18688286004779553,-0.04828948469621957,0.048911266665912737,0.014561664680915567,-0.007654683276385456,-0.0028106883424543917,0.0009054270613968119,0.00041762766212031973,-8.985530158306967e-05,-5.173719083652472e-05,12.0
0.4005000000000001,1.6606743760385678,0.6800861075801856,1.390070860161357,-0.18575006541001302,-0.048855066156209125,0.048880263369179416,0.014692785777970382,-0.007669924274892833,-0.0028362893775621062,0.0009092999912787655,0.0004218539076429145,-9.052542516071529e-05,-5.2293624290336835e-05,12.0
0.40349999999999997,1.655960130620918,0.6788770694961394,1.3931752611154273,-0.18454207744033777,-0.04942005897863689,0.04882561584090958,0.014822124827935877,-0.007681091138620873,-0.0028612660549224315,0.0009126521221559755,0.00042597909869081853,-9.11497616400004e-05,-5.283592550156643e-05,12.0
0.4065000000000001,1.651117637808114,0.6775642735661531,1.396295934825835,-0.1832284594423698,-0.049993841647363965,0.04874003821005386,0.014951908233094037,-0.007687211427999371,-0.002885811717555878,0.0009153543621796139,0.0004300173575869453,-9.171438911760616e-05,-5.336605997457033e-05,12.0
0.4095,1.6460896934645863,0.6761030269848317,1.399460930894173,-0.18177202293436243,-0.05058606332034108,0.048614188929463155,0.015084259626172344,-0.007686907648302119,-0.0029100882761946196,0.0009172295713851552,0.0004339743795123506,-9.220080731318423e-05,-5.388475737107275e-05,12.0
0.4125000000000001,1.6408055803052277,0.6744381577220402,1.4026988831686227,-0.1801271669682575,-0.051205346076946365,0.04843575176285712,0.015220767310607059,-0.007678203397772444,-0.002934129546965328,0.0009180248254711083,0.00043783158119607544,-9.258299301955056e-05,-5.438942833377218e-05,12.0
0.4155,1.635179644347894,0.6725023761417933,1.4060363786354264,-0.17823803407663438,-0.0518581055177302,0.04818851764919409,0.015362067422752175,-0.007658331843579756,-0.002957744889468066,0.0009173838555500507,0.0004415301106641112,-9.282446635180078e-05,-5.487206464558723e-05,12.0
0.4185000000000001,1.6291078587607237,0.6702142751236029,1.409497183632262,-0.17603658900742747,-0.052547791545134025,0.047851593910794,0.01550754133819223,-0.007623577716339661,-0.002980444306512523,0.0009148246584620782,0.0004449581328896072,-9.287596899778461e-05,-5.5317572647922434e-05,12.0
0.4215,1.6224622429238873,0.6674759647417459,1.413103934843499,-0.17344069965801334,-0.053274722767037104,0.047398795802697145,0.015655196078826126,-0.007569167682441545,-0.0030014007519411157,0.0009097249628333967,0.00044794398423525587,-9.267411632021552e-05,-5.57028820587209e-05,12.0
0.4245000000000001,1.6150840904437374,0.6641705013225128,1.4168820262405084,-0.17035236093483472,-0.054036454521229085,0.046798208319113584,0.015801730073930674,-0.0074892053817976,-0.0030194523237587487,0.0009013153436998654,0.0004502557389910734,-9.214105657153488e-05,-5.599690246363919e-05,12.0
0.4275,1.6067779429557343,0.6601595810038885,1.42086460808828,-0.16665641310402993,-0.05482837370702096,0.04601190193062203,0.015942709705707887,-0.007376640331943237,-0.0030331314554324787,0.0008886783144599224,0.0004516052710327206,-9.118497383527918e-05,-5.61610752951999e-05,12.0
0.4305000000000001,1.5973088260438446,0.6552823592699208,1.4250972147847065,-0.16222043192620375,-0.05564407864315207,0.044995868258569015,0.016072735392321257,-0.00722327181777007,-0.003040698648651749,0.0008707529360632966,0.0004516533868003424,-8.970135939567541e-05,-5.6150068669675275e-05,12.0
0.4335,1.5864053956317274,0.6493566033702949,1.4296406753959852,-0.15689679487192107,-0.05647516252598402,0.04370038546718822,0.016185490220017248,-0.007019816612352791,-0.0030401614189313,0.0008463480838340962,0.00045001315110831334,-8.75753356285834e-05,-5.591223085179709e-05,12.0
0.4365000000000001,1.5737714703155274,0.6421835995153137,1.4345714111051557,-0.15052814841816495,-0.0573102384785563,0.04207117443139373,0.01627363062333378,-0.006756101590304751,-0.0030292734586040543,0.0008141718909319306,0.00044625092183758476,-8.468576974702277e-05,-5.538973225701705e-05,12.0
0.4395,1.5591080837191464,0.6335583063737271,1.4399785076523872,-0.14295754523094686,-0.058133270516711064,0.04005180689686963,0.016328545688247948,-0.006421464909259549,-0.003005523636450655,0.0007728878522973453,0.00043988711439126065,-8.091219507336453e-05,-5.4518661978348855e-05,12.0
0.4424999999999999,1.5421475591720204,0.6232860975167925,1.445956691793115,-0.1340442653686338,-0.05892137741485583,0.037587820523745,0.01634002890800811,-0.006005450677852095,-0.00296612793860761,0.0007212078477694374,0.0004303994555316656,-7.614544128214743e-05,-5.3229458282424516e-05,12.0
0.4455,1.5226995416298632,0.6112067964255189,1.4525937984348687,-0.12368552669964498,-0.059642330280570914,0.034632836973630614,0.016295891434264246,-0.00549885804591559,-0.0029080322350990106,0.0006580287815055059,0.0004172307455989517,-7.030235799067187e-05,-5.1447980728902884e-05,12.0
0.4484999999999999,1.5007053810107494,0.5972251816177113,1.4599516003832633,-0.11184264422362593,-0.06025226035444899,0.031156636576596848,0.016181601212112255,-0.00489516017090243,-0.0028279402904828185,0.0005826141020526683,0.0003998040580288,-6.334432984938776e-05,-4.909768313496452e-05,12.0
0.4515,1.4762914252299766,0.5813445449319455,1.468041228916639,-0.09856773206013374,-0.060694819498439814,0.027154578839297023,0.01598024900048649,-0.004192235983653745,-0.0027224190314086506,0.0004948139574917932,0.0003775537131501498,-5.5298486037639435e-05,-4.610407710583229e-05,12.0
0.4544999999999999,1.4498056831993207,0.5636966973739558,1.4767987074701405,-0.08402443074214391,-0.06090381627638235,0.022656929677455303,0.015673436259019388,-0.0033942265092650474,-0.002588186024591185,0.0003953025291605666,0.0003499874409014031,-4.627900329391776e-05,-4.240356367815835e-05,12.0
0.4575,1.421820496639343,0.5445593930127459,1.486069931111369,-0.06849479797044311,-0.060811195924494924,0.017735667518156664,0.015243733592203592,-0.002513112630329467,-0.0024226893372634177,0.0002857816842526127,0.00031679379888732603,-3.650293919376278e-05,-3.795837649777757e-05,12.0
0.4604999999999999,1.39309041893263,0.5243523635579065,1.4956142520012277,-0.05236602442060035,-0.060360318660886425,0.012505692663137074,0.014678834731420648,-0.001569384367639869,-0.002224980578948078,0.00016906457712499742,0.0002779893356990892,-2.6291537344254297e-05,-3.27765669056324e-05,12.0
0.4635,1.3644687943274232,0.5036073076161148,1.5051300741602471,-0.03609563194146587,-0.05952130162128563,0.0071179029274064795,0.013976476333629735,-0.0005911429148519107,-0.0019966692366378347,4.894324724019339e-05,0.00023406576122089157,-1.604760031695351e-05,-2.693131219837302e-05,12.0
0.4664999999999999,1.3368019463507168,0.48291459802376385,1.5142969173896466,-0.02016081610895465,-0.058302740264740895,0.001743822859592276,0.013148230211432842,0.0003886480936467812,-0.0017425591931225853,-7.020404889181862e-05,0.00018607052445130773,-6.206215915267405e-06,-2.057045461746732e-05,12.0
0.46950000000000003,1.3108279795215791,0.4628572134539898,1.5228214684072274,-0.0050033555839263995,-0.05675453831118577,-0.003445306739975596,0.012220224306311877,0.0013363242478025784,-0.0014705763589791035,-0.0001840019067743418,0.00013556127686031158,2.831265604134838e-06,-1.3908600847348593e-05,12.0
0.4724999999999999,1.287104669876995,0.44394673971002696,1.5304733667484525,0.009017019822981275,-0.05495987385421749,-0.008299630419301419,0.011229909774803638,0.0022219837113980545,-0.0011908396910261685,-0.0002886955216134895,8.441957613149423e-05,1.0759249216189912e-05,-7.20058591597555e-06,12.0
0.47550000000000003,1.2659754807949906,0.42657512141226406,1.5371058541269402,0.02165143087851433,-0.05301991522754526,-0.012706539078463816,0.010220076535852914,0.0030229919525259132,-0.0009141737120335109,-0.00038161037377221473,3.458088897978994e-05,1.7405467377021782e-05,-7.045209306332312e-07,12.0
0.4784999999999999,1.2475715506093874,0.41099014431508524,1.5426615314791357,0.032769728080553895,-0.05103708859499677,-0.01659820381361671,0.009232280393864258,0.003725744939555615,-0.0006505597164236383,-0.0004613466211612825,-1.223317201059799e-05,2.273548635352031e-05,5.353929636634806e-06,12.0
0.48150000000000004,1.2318436446764771,0.3972953599727244,1.5471620832377044,0.042350259974451715,-0.049100848677486035,-0.019950645352082446,0.008301291295110329,0.004325566978325209,-0.00040790108638865937,-0.0005277025405814737,-5.471598203429737e-05,2.6828277444357976e-05,1.0807402934351681e-05,12.0
0.48449999999999993,1.2186110234921619,0.38546930199072377,1.5506869190779446,0.050457832703148346,-0.04727859525935083,-0.022776450874802824,0.007451687713059148,0.004825176792889584,-0.00019134716052181638,-0.0005814053465095182,-9.207259148840755e-05,2.9835693845219853e-05,1.5558133529742536e-05,12.0
0.48750000000000004,1.2076103916763044,0.3753959341901273,1.5533521486261053,0.05721686493824995,-0.045613325683004816,-0.02511439153907811,0.006697215031863947,0.005232487821377294,-3.2705628948416995e-06,-0.0006237751166483397,-0.00012400507604802733,3.1941779019427855e-05,1.9574625652087615e-05,12.0
0.49049999999999994,1.198534691337849,0.3668983658858625,1.5552967472082426,0.0627853793824694,-0.04412710083584218,-0.027018926320466208,0.006042480752138964,0.0055584496944288695,0.00015624019965406293,-0.0006564277386131218,-0.00015061680181524867,3.333294423706493e-05,2.2878325942592334e-05,12.0
0.49350000000000005,1.191061890499202,0.35976992022131365,1.5566727941770975,0.06733323493047977,-0.04282695065782701,-0.028551303770047574,0.0054856277555702425,0.0058152800610600935,0.0002886839077761958,-0.0006810553427029385,-0.0001722868216347448,3.418076087965846e-05,2.5526865929373253e-05,12.0
0.49649999999999994,1.1848791720172929,0.35379919934925297,1.55763225133559,0.07102596794949416,-0.041709548282893284,-0.02977271147803223,0.005020559171998581,0.006015102852200671,0.00039654482418412153,-0.000699267462983949,-0.00018955864763209388,3.4632715465408276e-05,2.7599021573971133e-05,12.0
0.49950000000000006,1.17970566955083,0.3487878007760782,1.5583075320162822,0.0740143247523367,-0.040763031302323983,-0.03073937013825749,0.004638079650310791,0.006168915155194592,0.0004829177265937349,-0.0007124685907252781,-0.0002030623996011913,3.480621826949865e-05,2.9183510711671343e-05,12.0
0.5025,1.1753112007502917,0.34456051811200056,1.5587918560518976,0.07642900616050996,-0.03996710040625508,-0.03149954700417576,0.004326327391012329,0.006285900076436105,0.0005512983223692337,-0.0007217735447392869,-0.00021346400590387308,3.478497550779255e-05,3.0371137539874883e-05,12.0
0.5055000000000001,1.171525564953648,0.34096856824521055,1.5591294727921476,0.07837991675007168,-0.039293863947468484,-0.03209260635631222,0.0040713518651538105,0.0063731849350577175,0.0006053883115567715,-0.0007279816456357805,-0.00022142394878535152,3.461967870493389e-05,3.124870919831764e-05,12.0
0.5085000000000002,1.1682355892757788,0.3378872107845335,1.5593214069221186,0.07995885228531302,-0.038710993415778445,-0.032549971085037356,0.0038583813648177165,0.006436075039458599,0.000648817148767866,-0.0007316202812682256,-0.0002275537477780163,3.433429587665285e-05,3.1893618174467704e-05,12.0
0.5114999999999998,1.1653723091880213,0.3352103035216153,1.5593435646959137,0.08124389076683336,-0.03818667443366319,-0.032897284055326534,0.003673606791067216,0.006478613243589466,0.0006848076748768248,-0.0007330380975997498,-0.0002323727139919835,3.393639962812812e-05,3.23692769920741e-05,12.0
0.5145,1.1628937657770761,0.33284530847763766,1.5591681182425345,0.0823031654067488,-0.0376943839354582,-0.033156582613990564,0.0035058042758400803,0.0065041760616007934,0.0007159027877193876,-0.0007325052683961403,-0.0002362784174806586,3.342788631123008e-05,3.2722677175632446e-05,12.0
0.5175000000000001,1.160768390300327,0.33071184188809183,1.5587795851631356,0.08319601397205349,-0.03721563800139344,-0.03334740544230515,0.0033471598944714125,0.006515837985879883,0.0007438636952677203,-0.0007302811570271842,-0.00023954371089327756,3.2812729081672846e-05,3.2985320120005946e-05,12.0
0.5205000000000002,1.1589620699844114,0.3287443452882795,1.5581817582478048,0.08397120895066328,-0.03674010504483992,-0.03348653447011131,0.003193112464930214,0.006516413685388065,0.0007697634626522629,-0.0007266344518486004,-0.00024234133744962218,3.210040386895804e-05,3.317740159660137e-05,12.0
0.5234999999999999,1.1574310281213442,0.3268959717366162,1.5573962985263863,0.08466431546596045,-0.03626377574173572,-0.03358708225459204,0.003041515506524615,0.006508302884439908,0.0007942008938180843,-0.0007218288121093628,-0.00024478252748110873,3.13056285761781e-05,3.3313278962026504e-05,12.0
0.5265,1.1561220050102945,0.32513916879610383,1.5564560995112757,0.08529727963573197,-0.035786447019740965,-0.0336580979514494,0.002891631724467404,0.006493362596666907,0.0008175169604301377,-0.0007161001555169217,-0.0002469497352672648,3.044599393766357e-05,3.340546629291887e-05,12.0
0.5295000000000001,1.1549789381727622,0.32346072279919175,1.5553969345829932,0.08588176618754007,-0.03530955312257429,-0.033705344439186775,0.0027433585508069807,0.006472949471368914,0.0008399307899678838,-0.0007096450463254443,-0.0002489111067130204,2.953904740022762e-05,3.346560915965979e-05,12.0
0.5325000000000002,1.153954185156485,0.32185361504309196,1.5542474158854298,0.08642464153982331,-0.03483410139818688,-0.033732698859724713,0.0025965752039995515,0.006448044710931787,0.0008616264446340286,-0.0007026131843590807,-0.00025072329473424906,2.8598900855549086e-05,3.350352835224932e-05,12.0
0.5354999999999999,1.1529769771204872,0.3203104153014285,1.5530755912254062,0.08693243415174376,-0.03437123480986185,-0.03374564729564825,0.002454735949180557,0.006420275484709661,0.0008821357205341566,-0.0006952771898486184,-0.00025236134009463783,2.7652666055057227e-05,3.352085917512054e-05,12.0
0.5385,1.1520362027969857,0.31882121932268337,1.5518778313755528,0.0874126815922595,-0.03391726232209203,-0.033746906679531015,0.002316476170903597,0.006390108690917209,0.0009017338669959944,-0.0006876805804601199,-0.0002538645809208004,2.6701548407996787e-05,3.352212510555912e-05,12.0
0.5415000000000001,1.1512283776489929,0.3173754742560303,1.5505111174872281,0.08787258128538192,-0.0334383135767935,-0.03373289978687354,0.002170532741082257,0.006355630336305056,0.00092228129974093,-0.0006794203863392139,-0.00025542662575963823,2.569887109145068e-05,3.3522131868982546e-05,12.0
0.5445000000000002,1.1506143268263997,0.3159636595260831,1.5488829261675523,0.08831789341873009,-0.03291239319841931,-0.03370162752267449,0.002009823698995096,0.006315694193113462,0.0009449028183897327,-0.0006702538716700222,-0.0002571568669455635,2.461653447983679e-05,3.35284485719109e-05,12.0
0.5474999999999999,1.1500931611289107,0.3145769630131651,1.5471196678308685,0.08875341280203226,-0.03236646486653938,-0.033660377409915475,0.0018436193890531158,0.006272791702869216,0.0009680191804553005,-0.0006606277795821723,-0.00025888182929687155,2.350026646067633e-05,3.352694663295953e-05,12.0
0.5505,1.1494658866605334,0.313206378498908,1.5454807672675321,0.08918382311045135,-0.031856962955256585,-0.033622417676461666,0.001690787386122644,0.006231639092969865,0.0009885060845475475,-0.0006513941661176233,-0.00026027106716764245,2.243707533401106e-05,3.349180904212382e-05,12.0
0.5535000000000001,1.1485850846168761,0.3118426288772068,1.5441575706510375,0.08961383227359533,-0.03142501631580802,-0.03359816487509211,0.001564917318551741,0.0061957952207730305,0.001004137848064808,-0.0006431758427781212,-0.00026108966710904947,2.1487865310516314e-05,3.3404538212780415e-05,12.0
0.5565000000000002,1.1474345546472111,0.3104765577070303,1.5431666711265535,0.09004789663750912,-0.03107288516535184,-0.033590216011205355,0.0014667337509446092,0.006165866021444481,0.0010147947638163202,-0.0006360452030225105,-0.000261318783074459,2.0655423838719876e-05,3.3262712397601245e-05,12.0
0.5594999999999999,1.146107357311067,0.3090991956737469,1.5423789140861468,0.09049018712629527,-0.03077047735474966,-0.033594474655661,0.0013863923068819612,0.006139998299583222,0.0010220687316315304,-0.0006296274486864402,-0.000261114254459285,1.9896840945552818e-05,3.307698022310969e-05,12.0
0.5625,1.1447365152228437,0.3077014281011446,1.5416111978660345,0.09094487622524343,-0.030475590815704442,-0.03360426794378869,0.0013101261687674228,0.006115429439877454,0.0010281914713245047,-0.0006233895619563788,-0.00026070008680050276,1.9154035925822603e-05,3.286363282431335e-05,12.0
0.5655000000000001,1.1434330646109048,0.30627368052350507,1.540708707396165,0.091416432718004,-0.03015189245206275,-0.033614129075967426,0.0012260734582072315,0.006089871382023482,0.001035107183485415,-0.0006168922125789844,-0.00026027736709850643,1.8379555662633427e-05,3.2638302264322995e-05,12.0
0.5684999999999998,1.1422554465814991,0.30480617930889364,1.5395861216078135,0.09190951706041049,-0.029777883666331613,-0.033621660856930816,0.0011271638151432132,0.006062187984387758,0.0010440148883881658,-0.0006099110871583441,-0.00025997888121269164,1.754868416057319e-05,3.241270017452964e-05,12.0
0.5714999999999999,1.1412096025924663,0.30329023370334063,1.5382287435144248,0.09242816620741963,-0.029347287493941287,-0.03362737421622483,0.0010112323020772603,0.006032365505903448,0.0010553476472550244,-0.0006024319017973683,-0.0002598655814767408,1.665877867939543e-05,3.21940908376573e-05,12.0
0.5745,1.1402673007646535,0.3017205216586463,1.5366700432823792,0.0929742880826436,-0.028864575359941615,-0.033633223009346784,0.0008795759103079642,0.006001053657021784,0.0010689934535919518,-0.0005945713693078801,-0.00025994576481829857,1.5721400825834343e-05,3.198621641609656e-05,12.0
0.5775000000000001,1.1393885169360474,0.3000976805713196,1.5349640876130177,0.09354595275023023,-0.028339564518938522,-0.03364082432989061,0.0007352306349797626,0.005969015159552763,0.001084555560151893,-0.0005864840895029843,-0.00026019755101224797,1.4753298820394018e-05,3.179040920742189e-05,12.0
0.5804999999999998,1.1385381991172971,0.29843004362211284,1.5331649615630771,0.09413627336488609,-0.027783456472015598,-0.033650181109989845,0.0005817240167402424,0.005936730084265871,0.0011015374405209252,-0.0005782960236066136,-0.00026058440761339905,1.3770060214645987e-05,3.160630935972856e-05,12.0
0.5834999999999999,1.1376940462149299,0.296733499830527,1.5313168362930656,0.09473356672210878,-0.027206837058875045,-0.03365930765141575,0.0004224459024441325,0.0059042505359100505,0.0011194368481685331,-0.0005700776663388011,-0.0002610633919823882,1.278338821719085e-05,3.14323020908392e-05,12.0
0.5865,1.136846675367545,0.29502918433960534,1.5294524962661251,0.09532298315351179,-0.026619049144538904,-0.03366472308046707,0.0002604288100976678,0.005871275036798918,0.0011377860174737082,-0.0005618496573520365,-0.00026159028656395493,1.180108088728306e-05,3.12660162132947e-05,12.0
0.5895000000000001,1.1359956007645042,0.2933396312471611,1.5275961528237503,0.09588916622661064,-0.02602814378477997,-0.03366247543175226,9.828535426982378e-05,0.005837346311210166,0.0011561757726529117,-0.0005536052626157126,-0.00026212476583013236,1.0828261150971323e-05,3.110502037463855e-05,12.0
0.5924999999999998,1.1351446871851263,0.29168463944185347,1.525766538275165,0.09641907937607444,-0.025440808994059986,-0.033649224624473124,-6.186755398835169e-05,0.005802058527285185,0.001174283400905742,-0.0005453335545004542,-0.0002626361801808158,9.868583740981582e-06,3.0947586538870005e-05,12.0
0.5954999999999999,1.1342987614431546,0.29007811063834243,1.5239788579639315,0.09690411701398763,-0.024862242294373584,-0.03362302566515836,-0.00021848258982313344,0.005765203308662668,0.0011918944074905036,-0.0005370351102421414,-0.00026310760058399383,8.924973378321607e-06,3.079318718696507e-05,12.0
0.5985,1.1334484431788479,0.28852653415269125,1.522263282042605,0.09734100164407754,-0.02429991696708583,-0.03358450487850348,-0.0003694140672928367,0.005727123831502052,0.0012087242124370085,-0.0005287784468753773,-0.0002635187504758775,8.004545909738086e-06,3.064126674847349e-05,12.0
0.6015000000000001,1.1325429591088694,0.28702898452919007,1.5207000724298176,0.09773150707315024,-0.023771199600572557,-0.03353846310335839,-0.0005095553664824083,0.005689275488922001,0.0012240520063299524,-0.0005207950788765096,-0.00026380945203814123,7.127254570076833e-06,3.0488411221353417e-05,12.0
0.6044999999999998,1.1314940715812258,0.285578080758384,1.5194130590418833,0.09808131049126632,-0.023302154196643835,-0.033493152483916835,-0.0006312041274401705,0.00565402757999648,0.0012367670879390778,-0.0005134477093026653,-0.000263881377360674,6.3229246961484415e-06,3.032803564498595e-05,12.0
0.6074999999999999,1.130237655522564,0.2841613809681513,1.5184855223372373,0.09839827514634433,-0.022909787240204846,-0.033455501190061944,-0.0007294473564609568,0.005623129318419609,0.0012461642750112023,-0.0005069778467650478,-0.0002636694426694658,5.608775261620249e-06,3.015484886464046e-05,12.0
0.6105,1.1288005269933912,0.28276269213243627,1.5178683901928902,0.0986905743297061,-0.02258273733831586,-0.03342581248767969,-0.0008079093374503651,0.005596043590408696,0.0012527790164139402,-0.0005012380480642903,-0.0002632158610487309,4.9664875415730816e-06,2.9969566120032113e-05,12.0
0.6135000000000002,1.1272996128849637,0.28136279841748973,1.5173786382178214,0.09896519530077416,-0.02228127066087477,-0.033396993251763804,-0.0008785876458209696,0.005569810103490588,0.0012583334529643697,-0.0004956817148700172,-0.0002626613196123572,4.342660344917332e-06,2.9778066874353435e-05,12.0
0.6164999999999998,1.1258731238854227,0.2799394577022552,1.5167896919537331,0.09922716869202002,-0.021956788115024835,-0.03335862414913958,-0.0009558214409012205,0.005540486188711813,0.0012648147739091665,-0.0004896110080857113,-0.0002621563215234932,3.671712599953308e-06,2.9585121631699777e-05,12.0
0.6194999999999999,1.124607905819507,0.2784669184095418,1.5159291026584187,0.09947951184145783,-0.021572666363209494,-0.03330174273071158,-0.0010499316955007631,0.005504763293358036,0.0012735172443956119,-0.00048244724695460493,-0.00026177039271011376,2.900003774101353e-06,2.9387958736205045e-05,12.0
0.6225,1.1235139316949891,0.27691537518550874,1.5147148728404467,0.09972363965372008,-0.02111188857266279,-0.03322084601842252,-0.0011649394818520956,0.005460607991654601,0.0012847078040690246,-0.0004738345861595221,-0.00026146154944884563,1.9946621573786957e-06,2.917415848457861e-05,12.0
0.6255000000000002,1.122544633076458,0.27525077005068344,1.513131054248527,0.09995991289563776,-0.020571762471198022,-0.03311297925951614,-0.0013002501080262362,0.005406917495980236,0.0012978968962285033,-0.00046357919223533777,-0.000261104798703211,9.37782143994122e-07,2.8923987156756736e-05,12.0
0.6284999999999998,1.1216323556965686,0.2734351745582291,1.511183149076227,0.10018806150483239,-0.019954441697620826,-0.032975787013628854,-0.001453607063577481,0.005342847643330048,0.0013123026693206176,-0.00045153661752326136,-0.0002605401112036219,-2.8361452643092086e-07,2.8614372428285762e-05,12.0
0.6315,1.1207141307181832,0.27142773991423647,1.50886634211416,0.10040737973711117,-0.01926024772009982,-0.032806107931874676,-0.0016231543258984418,0.005267352267850014,0.0013271772822150314,-0.00043753785369492383,-0.0002596074619682105,-1.6837260298613033e-06,2.8222081822975518e-05,12.0
0.6345000000000001,1.1197413726237708,0.2691860663148385,1.506154875109535,0.10061670777962047,-0.01848547191192582,-0.03259952081030582,-0.0018081001479840556,0.005179062614633134,0.0013419183139392215,-0.0004213742227959099,-0.0002581611693916171,-3.2786068322882805e-06,2.7725439787792392e-05,12.0
0.6375000000000002,1.1186786826502362,0.26666786647925567,1.5030054122308192,0.10081425078528905,-0.01762306040320035,-0.03235049858094386,-0.0020084904180190785,0.005076380284342538,0.0013560443042212576,-0.0004028184422894308,-0.0002560710720700754,-5.083519028224277e-06,2.7105077060288793e-05,12.0
0.6404999999999998,1.11749866431083,0.2638328765688459,1.499365240023347,0.10099729275559222,-0.016664203599167458,-0.03205273662364695,-0.002224712416530456,0.004957630476080919,0.0013691306628796506,-0.00038165529516589645,-0.00025321988180868987,-7.1094934860160044e-06,2.6344374893742857e-05,12.0
0.6435,1.1161769276820082,0.26064499242571776,1.4951801822917563,0.10116188644105016,-0.015599759806729958,-0.03169944234371448,-0.0024570671286197076,0.004821198305016665,0.0013807591600494668,-0.0003577083041456814,-0.0002495019868936605,-9.36039855522994e-06,2.5429989031227776e-05,12.0
0.6465000000000001,1.1146888919578002,0.25707453977640526,1.4904007844403808,0.1013026489975241,-0.014421263321416945,-0.031283582451568724,-0.0027054944171567455,0.004665639725243522,0.0013904954493202434,-0.0003308601107907989,-0.0002448252251285649,-1.1830827868628383e-05,2.4352558234825305e-05,12.0
0.6495000000000002,1.1130088639696887,0.2531004657676311,1.4849868299773719,0.10141283424941099,-0.013121612867335392,-0.0307981758926021,-0.0029694254633711244,0.004489787174416072,0.0013978914477205243,-0.000301068809882134,-0.00023911527404532496,-1.4504741351824544e-05,2.3107539074248864e-05,12.0
0.6524999999999999,1.1111144748117734,0.248712195228695,1.4789065180845014,0.10148481104406247,-0.011694778697141028,-0.03023651128189695,-0.0032479370921605012,0.004292810104816372,0.001402535150579323,-0.0002683742138005687,-0.000232324360879626,-1.7355288442297962e-05,2.169626088450325e-05,12.0
0.6555,1.10898469766956,0.24391094236143554,1.4721458097242286,0.10151097440744195,-0.010137762022674584,-0.029593089799717347,-0.0035393024400159523,0.004074471221156761,0.0014040211941199843,-0.00023292866128746313,-0.000224432736167541,-2.0343559682448697e-05,2.0126256105946492e-05,12.0
0.6585000000000001,1.1064746735278448,0.23870954728740693,1.4648812137403406,0.10148562374567745,-0.008485528467563334,-0.028873195586492057,-0.0038318871569099975,0.0038377641924458167,0.0014007758896977542,-0.00019533493041476088,-0.0002153475106674751,-2.3402825863956717e-05,1.840205910947505e-05,12.0
0.6615000000000002,1.1033642211278876,0.23313078064794263,1.4574230506412913,0.10140773545634281,-0.006798790189365758,-0.02809116309015541,-0.004108294575559038,0.00358801162750431,0.00139069932500869,-0.0001564568975282964,-0.00020495506841364833,-2.6459463841266616e-05,1.652652346691722e-05,12.0
0.6644999999999999,1.0996411697448658,0.22720936788555607,1.449848797421273,0.10128051244606956,-0.005090739585198117,-0.027251952238427704,-0.0043647283494861085,0.003327686019388963,0.0013737368686763242,-0.00011673649093208817,-0.00019334638695296002,-2.946708476107657e-05,1.4520394246184532e-05,12.0
0.6675,1.0955830699971463,0.22099695697568622,1.4418989309375465,0.10110787368584528,-0.003308679399393519,-0.026345033351035784,-0.004614481647559991,0.0030553715032784236,0.0013522575658850636,-7.616036734406435e-05,-0.0001808640586617734,-3.239145047329958e-05,1.243188940186735e-05,12.0
0.6705000000000001,1.0915263125867973,0.21456315979118376,1.433279463216501,0.10089292266782032,-0.0013960168172570584,-0.02535935520059473,-0.004871131239665359,0.002770243811941758,0.0013288307076574858,-3.487389555743826e-05,-0.00016791621055873204,-3.517708086072627e-05,1.032250464350432e-05,12.0
0.6735000000000002,1.0876512248481516,0.20799116234767492,1.4239407734405742,0.10063967804094096,0.0006533939915666562,-0.02429793383159553,-0.005135328270482976,0.0024756071361837968,0.001304548908080372,6.46009763706379e-06,-0.00015481379689849352,-3.7747941832918584e-05,8.247276579801575e-06,12.0
0.6764999999999999,1.0839742663463876,0.20137173849740264,1.4140807130193287,0.10035511339485878,0.002796784799281919,-0.02317843039791903,-0.005396461095910494,0.0021783414540946376,0.001279267603636371,4.684159732000543e-05,-0.00014176461347684225,-4.003367313291525e-05,6.247517034528809e-06,12.0
0.6795,1.0804511379419022,0.19479846024933697,1.403997330171362,0.10004925718376131,0.004972759837136062,-0.022025439446247977,-0.00564097660180013,0.0018864371999104193,0.0012526310872184856,8.527925170646406e-05,-0.00012894323996060308,-4.1989096440330515e-05,4.3542517563579535e-06,12.0
0.6825000000000001,1.077054996192062,0.18836391584600423,1.393971072332364,0.09973361661223834,0.007124555179346446,-0.020863720125454333,-0.005858104457004478,0.0016071489640817579,0.0012247003805712885,0.00012099514105888303,-0.0001165346317482998,-4.359745878511165e-05,2.5925434015047075e-06,12.0
0.6855000000000002,1.073794957619591,0.18215583865756207,1.3842243253470665,0.09941918748125111,0.00920759039732976,-0.019715214192906894,-0.006041294900030324,0.001346287971849548,0.0011960123285549215,0.0001534720930944648,-0.00010473157212213608,-4.4865608595607807e-05,9.824011058839888e-07,12.0
0.6884999999999999,1.0707027211207651,0.1762528365042791,1.3749238056600928,0.09911488931141843,0.011188570008430095,-0.018598385605149346,-0.006187553591810842,0.001108120891215422,0.0011673827173216934,0.0001824317631184676,-9.37118685715455e-05,-4.5818203828630244e-05,-4.624077258680615e-07,12.0
0.6915,1.0678153250038884,0.17072012299145617,1.366190979151651,0.0988267282415333,0.013043077009308514,-0.01752821514344243,-0.006296463679792739,0.0008954310777300307,0.0011396935200969028,0.00020779692238044852,-8.361758166013455e-05,-4.6492491735391326e-05,-1.7354598288410325e-06,12.0
0.6945000000000001,1.0651642097120722,0.16560585005164102,1.3581085913902384,0.09855772181328898,0.014754025545913662,-0.016516246641931333,-0.006369446249201121,0.000709611735837079,0.00111373754771832,0.0002296500367972335,-7.454376906818761e-05,-4.693327693752872e-05,-2.837759691994265e-06,12.0
0.6974999999999998,1.0627703741795433,0.1609386050928628,1.3507242059261504,0.09830845591204122,0.016310847527524736,-0.015570689132836067,-0.006409230334834985,0.0005507952455810756,0.0010901174482350058,0.0002481883146709067,-6.653616341952047e-05,-4.718809579973637e-05,-3.7768692302491575e-06,12.0
0.7004999999999999,1.060643283615131,0.1567265001803122,1.3440535979622066,0.09807801575540377,0.017708867184976527,-0.014696669387178512,-0.006419438444325485,0.000418025474843981,0.0010691849505987615,0.00026367743898187193,-5.959515595066736e-05,-4.7303038344203536e-05,-4.56547213909194e-06,12.0
0.7035,1.0587819615868586,0.152958065224803,1.3380850793777714,0.09786496694994275,0.01894858581083644,-0.013896648230845837,-0.006404260197479776,0.00030945717821372233,0.0010510126193610967,0.00027640858384882683,-5.3683625581220365e-05,-4.731958375258386e-05,-5.219726408661035e-06,12.0
0.7065000000000001,1.0571774060746115,0.14960492392105593,1.3327843474890768,0.09766806518833039,0.020034841228729713,-0.013170942131406625,-0.0063682223249679005,0.00022255942373520745,0.0010353953733212228,0.00028666310560804096,-4.8736741319234625e-05,-4.7272553066215815e-05,-5.757632008936599e-06,12.0
0.7094999999999998,1.0558155743210487,0.1466260152876081,1.328099134188507,0.09748644348584634,0.020975889976839395,-0.012518261984240045,-0.006316053891843379,0.00015430701941975786,0.0010218802470306249,0.00029468773394382327,-4.467241029339241e-05,-4.718910797521763e-05,-6.19753790497038e-06,12.0
0.7124999999999999,1.0546954436951632,0.14397287836363631,1.3239441957894338,0.09731917609460317,0.02178578490099125,-0.011935252413206551,-0.006253141817840941,0.00010124149423841602,0.001009883217812081,0.00030068239322218423,-4.14078377616684e-05,-4.708581751976856e-05,-6.555481902265274e-06,12.0
0.7155,1.0537787375712473,0.1415948386355878,1.3202707418533532,0.09716458975870565,0.022472018933577316,-0.011420067358116659,-0.006183665046376607,6.00281512104049e-05,0.000998548235347717,0.00030479417578895175,-3.8845868443177124e-05,-4.6979186480755166e-05,-6.848992990737934e-06,12.0
0.7185000000000001,1.0524625155409448,0.13944112660366337,1.3177312317931806,0.09702106455222477,0.022920663669512713,-0.011004946585777926,-0.006093158267183853,3.119784106492775e-05,0.0009846957420916052,0.0003071131928834998,-3.666003393209528e-05,-4.6987691886555904e-05,-7.144428814510436e-06,12.0
0.7214999999999998,1.0506907733192532,0.1374631323164331,1.316298284627321,0.09688715546337896,0.023135506766987165,-0.010689312108636289,-0.0059853210935600035,1.147561080360875e-05,0.0009672807422140765,0.0003077230916262164,-3.4745102336753106e-05,-4.712065963346664e-05,-7.457995305468408e-06,12.0
0.7244999999999999,1.0490658613866561,0.13562302652068844,1.3151262469575833,0.09675683107569426,0.023260364138639484,-0.010431940773560336,-0.005884391136618147,-6.321067292663555e-06,0.0009480127658506785,0.0003066961095743191,-3.327913685619421e-05,-4.7257829869067174e-05,-7.743778958454384e-06,12.0
0.7275,1.0480186446118644,0.13389574354017492,1.3135843869224382,0.09661891311024365,0.02340122125731296,-0.010200550554359868,-0.00580811496287404,-2.7618699670974504e-05,0.0009282056299917027,0.0003041030887471713,-3.240417069186677e-05,-4.731358440035467e-05,-7.967140174800102e-06,12.0
0.7305000000000001,1.0475331865129454,0.13226579204348576,1.311604582265521,0.09646010348337132,0.023568258955412733,-0.00998886243749366,-0.005759117096850319,-5.442116472705247e-05,0.0009076356367514982,0.000300029895681146,-3.2101894154092385e-05,-4.729141659934252e-05,-8.131194070384594e-06,12.0
0.7334999999999998,1.0473942398666847,0.1307249815448056,1.3093755319145985,0.09626735155077229,0.023729563756455872,-0.009802019955004142,-0.0057329822741404935,-8.694886008138343e-05,0.000885508988335564,0.0002945884690295988,-3.228236423506485e-05,-4.723382471396049e-05,-8.255299080307495e-06,12.0
0.7364999999999999,1.047410245175308,0.12927151773272844,1.307066289759423,0.09602884125741482,0.023858590237671083,-0.009643296330333277,-0.005725255934488576,-0.00012500059225147974,0.0008613581231632749,0.00028792089507901025,-3.2870060005607513e-05,-4.717764997266216e-05,-8.355130371006055e-06,12.0
0.7395,1.0474682052652762,0.12790803701013712,1.3047599729805024,0.09573484905220556,0.02394513429321963,-0.00951105926596733,-0.005732908336385163,-0.00016823732327323726,0.0008352210118825569,0.00028019824935807054,-3.381915990200672e-05,-4.714318119241987e-05,-8.438476427684758e-06,12.0
0.7425000000000002,1.0475112483682163,0.12663779832661992,1.3024828457917677,0.09537904102023474,0.023990016497731456,-0.009400538339397782,-0.00575346033389494,-0.0002160410737273575,0.0008074826323387242,0.00027161816653532546,-3.5094631223716945e-05,-4.713798970118742e-05,-8.508173760487297e-06,12.0
0.7454999999999998,1.0475119559348267,0.1254605143788065,1.3002370867421138,0.094959721936434,0.02399920542550328,-0.009305859031911596,-0.005784180756661474,-0.00026741184003020545,0.0007787015770001905,0.0002624026017818178,-3.665237971263597e-05,-4.716101209395956e-05,-8.565113591002598e-06,12.0
0.7484999999999999,1.0474583664399482,0.12436971509204992,1.2980167917258612,0.09448035799875493,0.023980767042536183,-0.00922121110064702,-0.005821840935118988,-0.0003209864522938326,0.0007495038089607686,0.0002527957179026856,-3.842784576253425e-05,-4.720406520282151e-05,-8.609666052524464e-06,12.0
0.7515000000000001,1.0473478744553282,0.12335262203928399,1.2958136369664424,0.09394903815941154,0.023943487757410738,-0.009141367997359743,-0.005862817313261518,-0.0003751316417381226,0.0007205300039417103,0.0002430618170358684,-4.033222991121616e-05,-4.725211276477023e-05,-8.641964792162174e-06,12.0
0.7545000000000002,1.0471835530325164,0.12239234176697952,1.2936190664041838,0.09337695843100804,0.023896008999770017,-0.009061861031673758,-0.005903322778281072,-0.0004280653788155696,0.0006924135002043595,0.00023348288482353635,-4.2254133571219154e-05,-4.7283540635239154e-05,-8.661653965569469e-06,12.0
0.7574999999999998,1.0469708825307307,0.12147135506087113,1.2914255761928657,0.09277632946666212,0.023846070011778513,-0.008978964769130427,-0.005939653023988932,-0.0004779842062346738,0.0006657716691106841,0.00022435427980510087,-4.406501474360541e-05,-4.727100460695465e-05,-8.66750466248671e-06,12.0
0.7605,1.0467151169017253,0.1205749719232755,1.2892271668751671,0.0921582688542375,0.02379989593854931,-0.008889574498262807,-0.005968403842363653,-0.0005231884206801212,0.0006411970246738569,0.0002159761606106163,-4.5627484787056034e-05,-4.718304518119891e-05,-8.657170689348391e-06,12.0
0.7635000000000001,1.0464201209232835,0.11969361264801544,1.2870184615755362,0.09153121663985879,0.023761884761471945,-0.008791044771273559,-0.005986649732391052,-0.0005622013301269279,0.0006192378438318912,0.00020863832860956084,-4.6805882948078234e-05,-4.698652854335031e-05,-8.627249486097953e-06,12.0
0.7665000000000002,1.0460889678010141,0.11882330427676395,1.2847925340900606,0.09090021745348151,0.023734666752146617,-0.008681062686536649,-0.00599208528383801,-0.0005938773252081746,0.0006003634757772468,0.0002025977302700444,-4.7478580323633246e-05,-4.6649867773221966e-05,-8.573703008930132e-06,12.0
0.7694999999999999,1.0457259647216077,0.11796437213391209,1.2825379827737298,0.09026713577141036,0.023719513058096605,-0.008557605639581259,-0.005983134427478667,-0.0006174912508259866,0.0005849170515966445,0.00019805044569851072,-4.755111612845121e-05,-4.614675448057969e-05,-8.49256338789455e-06,12.0
0.7725,1.0453827638866786,0.11711870402982859,1.2801830394273281,0.08963163868632819,0.023725839225191177,-0.00841663329910577,-0.005960292027877848,-0.0006330181098824941,0.0005732108379007235,0.00019508513634652216,-4.699244502183926e-05,-4.54545951177635e-05,-8.37780575778489e-06,12.0
0.7755000000000001,1.044968133074731,0.11628643199769467,1.2778297175077618,0.08899238163854373,0.02373247559520004,-0.008262683433404066,-0.005920532985796119,-0.0006401837467146701,0.000564838415494881,0.00019373731665078115,-4.57387223798735e-05,-4.4580793491148815e-05,-8.235080951810283e-06,12.0
0.7785000000000002,1.042884114343414,0.11546362006327475,1.2774215037579213,0.08834713383773499,0.02341116588580969,-0.008181533126280203,-0.005817925152726204,-0.0006319520217797887,0.0005540587252015259,0.00019454068482778716,-4.295324763515378e-05,-4.373236655325413e-05,-8.176607182793513e-06,12.0
0.7814999999999999,1.0406037164318114,0.11464056416520145,1.2771524841613933,0.08769442725594027,0.023058382204614692,-0.008093541861588898,-0.005695953502626946,-0.0006170337222814249,0.0005451161703540832,0.00019668161908105414,-3.952684684489075e-05,-4.2767079848196616e-05,-8.111037495063253e-06,12.0
0.7845,1.0392105543167207,0.11380670644360846,1.2756809433222152,0.08703043406785584,0.022891438343565607,-0.007942088438754822,-0.0055881446174720914,-0.0006020619258236799,0.0005410933221720107,0.0001993853712852,-3.620791847084547e-05,-4.158675484740576e-05,-7.965187836483624e-06,12.0
0.7875000000000001,1.038523409847451,0.11294525273735373,1.2732183686232,0.08635108420276551,0.022869085991873112,-0.007739544611085895,-0.005491018242956584,-0.0005873597609388928,0.0005406169047011531,0.00020230567922242286,-3.3053824143379426e-05,-4.024691213084895e-05,-7.754742163973819e-06,12.0
0.7905000000000002,1.0381292494715975,0.11203177243973214,1.2702667861879076,0.08565282752078712,0.02290278011083165,-0.007510352941286129,-0.0053939377824369335,-0.0005722240393700981,0.0005413427123028533,0.0002051703132962019,-2.99830181833602e-05,-3.883714747029143e-05,-7.516488406811467e-06,12.0
0.7934999999999999,1.0378165575474703,0.11103518786478304,1.2670826148958343,0.0849327469457961,0.022945424587085313,-0.007267634582396375,-0.005291965391935758,-0.0005569065924036548,0.0005416344316080883,0.0002076592434889139,-2.7012559202890345e-05,-3.7422670500938234e-05,-7.274340784817533e-06,12.0
0.7965,1.037524172353958,0.10992022165936192,1.2637376390610635,0.08418807464585906,0.0229804826686569,-0.007016023802880644,-0.0051840982168450045,-0.0005421226529438282,0.0005404939634922753,0.00020945676574996936,-2.4216735140018446e-05,-3.6043662716882186e-05,-7.040565301815972e-06,12.0
0.7995000000000001,1.0372463557071683,0.10865090834181494,1.2602327233358528,0.08341520196482789,0.023002413349308793,-0.00675655210666146,-0.005070238886842376,-0.0005284650906373593,0.0005372769408317517,0.00021030700389939257,-2.1664232801551238e-05,-3.4722658156535155e-05,-6.821505308969988e-06,12.0
0.8025000000000002,1.0369900044028857,0.10719534289964565,1.2565454456521379,0.08260808389034807,0.023008243680418223,-0.006488546026414144,-0.004949904258490483,-0.0005161861987251339,0.0005315668594575897,0.00021003610373960226,-1.9392823546274626e-05,-3.3468041318789914e-05,-6.6200386433223755e-06,12.0
0.8054999999999999,1.036760049340236,0.10553109934446114,1.2526423045259107,0.08175618854572049,0.022995235796592902,-0.006209986977374212,-0.004821961920361462,-0.0005051890130167872,0.0005231374958005131,0.00020855105553981972,-1.740806416998704e-05,-3.2276126993137076e-05,-6.436188675961133e-06,12.0
0.8085,1.0365531536261305,0.10364985544251368,1.248481704619943,0.0808424926773972,0.022960359565410763,-0.005917514314333776,-0.004684749606378803,-0.0004951041315806533,0.0005119370285708593,0.000205826535840913,-1.569265289888998e-05,-3.113389013249878e-05,-6.267316083214721e-06,12.0
0.8115000000000001,1.0363539755830982,0.1015592989431782,1.2440165371918208,0.0798423347086739,0.022900136169268306,-0.005606508765520004,-0.004536313234578955,-0.0004853958236524455,0.0004980710965671723,0.0002018873802769895,-1.4219302818738506e-05,-3.00225499452687e-05,-6.1084072419292165e-06,12.0
0.8144999999999998,1.0361338377965994,0.09928076597895352,1.2391977975712454,0.07872399010239065,0.02281056765474663,-0.005271417345001061,-0.0043746438559964474,-0.0004754602255249485,0.00048177653538511656,0.0001967911160986654,-1.2962221692137999e-05,-2.8921376174670725e-05,-5.952637762310545e-06,12.0
0.8174999999999999,1.035852755143224,0.09684231226910947,1.233978298239755,0.07745147204358628,0.022687180261699715,-0.0049063807178476885,-0.0041978412186439735,-0.0004646833675496029,0.00046338062013865077,0.000190612115842471,-1.1903557718869664e-05,-2.781092475391701e-05,-5.792291497518434e-06,12.0
0.8205,1.0354652698552003,0.09426865771857595,1.2283149951483348,0.07598930627330319,0.022525260337709244,-0.004506115530688067,-0.004004174995978902,-0.0004524409167490302,0.0004432464619355756,0.00018342742103693468,-1.1033369063271539e-05,-2.6675140073369073e-05,-5.619986141710227e-06,12.0
0.8235000000000001,1.0349292401786956,0.09157101508620144,1.2221691287120307,0.07430813069016702,0.022320293589156597,-0.004066872905227584,-0.0037920694941737335,-0.0004380482197120541,0.0004217159452843771,0.00017530497159043225,-1.0344662919699255e-05,-2.5502242400736433e-05,-5.429961476240386e-06,12.0
0.8264999999999998,1.034215151636546,0.08874049957458974,1.2155048772112522,0.07238936478805673,0.022068493392428064,-0.003587207391811208,-0.0035600848245397406,-0.00042069708148525945,0.0003990709485261371,0.00016629689788566694,-9.827454148290713e-06,-2.4284826879177623e-05,-5.219039776721079e-06,12.0
0.8294999999999999,1.033313150452285,0.08574814872179194,1.2082878466342395,0.07022729425990422,0.021767333447496266,-0.003068290517167351,-0.003306996580214914,-0.00039942937530572067,0.0003755352782161392,0.0001564412811916904,-9.466409247791997e-06,-2.301978810013774e-05,-4.986866713871391e-06,12.0
0.8325,1.0323146049883505,0.08255242292639417,1.200392910412573,0.06782795328461445,0.021430291959645107,-0.0025106077248995945,-0.0030339323778408277,-0.0003732870089088173,0.00035162245194140406,0.0001457568213920215,-9.280519861242127e-06,-2.1701877924649443e-05,-4.730539819367656e-06,12.0
0.8355000000000001,1.030957619214003,0.07911106348766907,1.1921282406347153,0.06520571970100765,0.0210070902079256,-0.0019306589111362453,-0.002734235461285799,-0.0003408386063086723,0.00032656961653294175,0.00013435616973976266,-9.131562309363072e-06,-2.0361324094706374e-05,-4.469823541298141e-06,12.0
0.8384999999999998,1.0268847366953382,0.07538924733405035,1.1862307990657004,0.06238072384884747,0.020084100874868966,-0.0014183382002169117,-0.0023539188459314087,-0.00029978484735426145,0.0002915544488423563,0.00012271971921151315,-7.955143281039544e-06,-1.9172665007633598e-05,-4.339301046817084e-06,12.0
0.8414999999999999,1.0245023769325983,0.07139001375667589,1.17771375501277,0.05937337924623674,0.01942332038019497,-0.0008219700173619093,-0.0019939436123296073,-0.0002537702795863875,0.0002629582617051527,0.00011020516515611167,-7.618465295090816e-06,-1.7833697640103015e-05,-4.103811368644161e-06,12.0
0.8445,1.022918294959664,0.06718101337335262,1.1676679279712017,0.05618376348382321,0.018867187001551565,-0.0001825818654782886,-0.0016387382419246505,-0.00020142710942435836,0.00023875832312275682,9.726964753935057e-05,-7.805998624857871e-06,-1.6452016898821197e-05,-3.814875308525641e-06,12.0
0.8475000000000001,1.0214547660946802,0.06280959166242922,1.1570059216868385,0.05283972727306603,0.01829250891073141,0.00046426227166855653,-0.0012754412120593482,-0.00014221527951869867,0.00021672184963148047,8.426893087557916e-05,-8.185221974134063e-06,-1.5103562220178796e-05,-3.5186616535100612e-06,12.0
0.8504999999999998,1.0199997984912441,0.05834445173918256,1.1460169510680531,0.04937445282278733,0.017676996783620343,0.0011040655335098788,-0.0009050854256306829,-7.674467215196928e-05,0.00019663326923333494,7.148645384635717e-05,-8.659598346618625e-06,-1.3821493832039238e-05,-3.230134325393281e-06,12.0
0.8534999999999999,1.0185655075504638,0.05385851634642164,1.1348558227122643,0.04583108384482969,0.017026031783162435,0.0017268005123491708,-0.0005329288932323638,-6.0812517302729375e-06,0.0001787914236941868,5.918644171743137e-05,-9.194291716414595e-06,-1.2627026828060733e-05,-2.955904784154376e-06,12.0
0.8565,1.0171614038124497,0.04941375857943322,1.1236729272144705,0.04226518334653439,0.016352463141871946,0.0023224978172732683,-0.00016537706466915935,6.852739884270477e-05,0.00016352095946858862,4.7599866207138036e-05,-9.76566598308399e-06,-1.1535180742593981e-05,-2.700267329573253e-06,12.0
0.8595000000000002,1.0157807580972125,0.04505844165851205,1.112622766284372,0.03874029956767685,0.01567246849094102,0.0028815739420482195,0.00019098660870955718,0.00014572911049687016,0.000151058889041657,3.6909441236288224e-05,-1.0353653445198249e-05,-1.055493482403166e-05,-2.4660033584514113e-06,12.0
0.8624999999999998,1.014409502602169,0.04083105149414201,1.1018546431685705,0.03532035572417229,0.015002969250031266,0.0033959571813261874,0.0005301166145606853,0.0002240952504633645,0.00014149914425953054,2.724324495147899e-05,-1.0939055590847545e-05,-9.689491022787314e-06,-2.2546954184797555e-06,12.0
0.8654999999999999,1.0130377021222357,0.03676446789061189,1.091503791175974,0.03206275086257707,0.014359274291870606,0.003859880517475915,0.0008470586326814206,0.00030216852072173283,0.00013476766179353696,1.867353260752526e-05,-1.1502381332307112e-05,-8.937020172504703e-06,-2.0669939322260768e-06,12.0
0.8685,1.0116681122626765,0.03288707589947615,1.0816853970790419,0.029014242061706393,0.013753357751504608,0.004270058014632771,0.001138271759284953,0.00037854938303266645,0.0001306304114547975,1.1218455011795166e-05,-1.2024351144303903e-05,-8.291654380222632e-06,-1.9028065436996557e-06,12.0
0.8715000000000002,1.010320597468726,0.029220799637790115,1.0724907262325745,0.026209732733271058,0.013192993157870892,0.004625371973340775,0.0014017365485967668,0.0004520043726940262,0.00012872539833073626,4.846667291491702e-06,-1.248699598855806e-05,-7.744556881389158e-06,-1.7614716066673973e-06,12.0
0.8744999999999998,1.0090321849431034,0.025777807114537754,1.0639842198725438,0.023672942232046187,0.01268173375522101,0.004926354122932406,0.0016368954394893158,0.0005215655572914257,0.00012860783426291917,-5.145292047723136e-07,-1.2874456038295594e-05,-7.284977282372111e-06,-1.6419515085920692e-06,12.0
0.8775,1.007852077276655,0.0225584941162214,1.0562017292233814,0.021417501062701304,0.012219565398176131,0.005174739743372635,0.0018444504457574762,0.000586586991707721,0.00012980208604419243,-4.967516554392968e-06,-1.3173705081670069e-05,-6.9012329330875925e-06,-1.5429743996007027e-06,12.0
0.8805000000000001,1.0068311304905129,0.01955348036917302,1.049151349029185,0.019447191315833882,0.011803962427806252,0.005373286579857209,0.0020260231821640842,0.000646727730365363,0.00013185559679626164,-8.630339337959372e-06,-1.3376044853259685e-05,-6.5815635780805524e-06,-1.4630090279301085e-06,12.0
0.8835000000000002,1.0060074466189308,0.016750650209057066,1.0428180259629278,0.017755014736900606,0.011431067485084507,0.005525874481393297,0.0021837089223774703,0.0007018557481371899,0.0001343865101133914,-1.1622794474166356e-05,-1.347955807623831e-05,-6.314800913865783e-06,-1.4000549809817187e-06,12.0
0.8864999999999998,1.0053932421675753,0.014144570370111015,1.0371711035390947,0.016322285112614413,0.011096760188395553,0.005637663634540046,0.0023196284514808855,0.0007519150531966382,0.0001371129516405484,-1.4055841620201345e-05,-1.349123705454545e-05,-6.0907976248488744e-06,-1.3514129015395797e-06,12.0
0.8895,1.0049704885431539,0.011742484368823742,1.032171447190868,0.015119883368783449,0.01079750083805979,0.005714948564285141,0.002435619901526216,0.0007968372089487962,0.00013985748639050845,-1.602642482637851e-05,-1.3426809699771858e-05,-5.9006063744453355e-06,-1.3136875637951853e-06,12.0
0.8925000000000001,1.004460162577721,0.008963694241676992,1.0266809040751494,0.013851824590651627,0.010471088115646057,0.005781356772986953,0.002556489404340094,0.0008469806489738083,0.00014404730661044253,-1.8033671826148646e-05,-1.342739522194945e-05,-5.687982419070686e-06,-1.2627459350231736e-06,12.0
0.8955000000000002,1.0041394993452784,0.007912009134228423,1.0244044494902393,0.013215819373299305,0.01028639302280649,0.005804376773319331,0.0026044414479669854,0.000865543412849449,0.0001452022542287871,-1.8856289332866446e-05,-1.3306987854175708e-05,-5.582598039131436e-06,-1.2356339831948671e-06,12.0
0.8984999999999999,1.0006038542877291,0.0063537869280398855,1.0249082192600878,0.012420294671857044,0.00953747483602756,0.0058183726129411705,0.002752463586835039,0.0008777955710880922,0.00012770465060478814,-2.0594829493431197e-05,-1.173994046631032e-05,0.0,0.0,10.0
0.9015,1.0005734260689942,0.005519150771999823,1.0220930594805178,0.011510112149086173,0.009340893181802727,0.0058938453047951075,0.0028034787410099542,0.0008872685621677889,0.00012865012063001966,-1.9912617269823497e-05,-1.1511263165557412e-05,0.0,0.0,10.0
0.9045000000000001,1.0006389543191643,0.004871314512641289,1.0196721834514597,0.010723658457510157,0.009176615232524256,0.00595692279205621,0.00284256958716682,0.0008931732598865199,0.0001293144297768146,-1.9145596227525905e-05,-1.124992935754e-05,0.0,0.0,10.0
0.9075000000000002,1.0007179095073426,0.0043505841989819275,1.0176559659876871,0.010068990847775319,0.009042585386799896,0.00600751461942868,0.0028714287122562276,0.0008960482901008667,0.00012962522594269066,-1.8330230249121427e-05,-1.0954760451603056e-05,0.0,0.0,10.0
0.9104999999999999,1.0007695819095557,0.00390920424921628,1.0160210292369125,0.009552493162960429,0.008941955362752298,0.006045975765257928,0.00289055436962468,0.0008964464914973506,0.0001297465061639333,-1.7481813016367775e-05,-1.0643578726313789e-05,0.0,0.0,10.0
0.9135,1.0007717729587515,0.003520130655581149,1.0147484138454659,0.00917497174108318,0.008875808863675453,0.00607306139880419,0.0029006372660582485,0.0008947901536863232,0.00012977284404675773,-1.661555288981879e-05,-1.0328671767112896e-05,0.0,0.0,10.0
0.9165000000000001,1.0007258002485033,0.0031794792269881685,1.0138183273043757,0.008929352747642342,0.00884300505018098,0.006090274362828254,0.002902643197988877,0.0008913422598361755,0.00012971887767037637,-1.5743404667675398e-05,-1.00149873338165e-05,0.0,0.0,10.0
0.9195000000000002,1.000649840208845,0.0028994047289410303,1.0132084746431236,0.008802245743797316,0.008840603421507021,0.006099614998667031,0.002897740414762261,0.0008862600763751231,0.00012954568981951215,-1.4874401821934121e-05,-9.702258646362269e-06,0.0,0.0,10.0
0.9224999999999999,1.0005680544854456,0.0026974087375213093,1.0128940130469002,0.008777210201465062,0.00886458618442735,0.006103092362206564,0.002887152374485194,0.0008796762168056274,0.00012920096711357805,-1.4016186026322152e-05,-9.388548766401751e-06,0.0,0.0,10.0
0.9255,1.0005015761311897,0.0025874779693908657,1.0128476481187225,0.008837583898681306,0.008910529031313695,0.0061023446987803435,0.0028720275418210517,0.0008717557923005453,0.00012864968416789743,-1.3175827129735727e-05,-9.072855479140546e-06,0.0,0.0,10.0
0.9285000000000001,1.0004639756990517,0.002575366286065857,1.013039125353627,0.008967887116563333,0.008974048353443658,0.006098515120252603,0.002853370018522178,0.000862710888340605,0.00012788597782093127,-1.235937344018116e-05,-8.755906140851742e-06,0.0,0.0,10.0
0.9315000000000002,1.000460675725981,0.0026576319736708385,1.0134344389602168,0.009153987942312555,0.009051010607308585,0.006092324285569277,0.0028320246567497204,0.0008527830901210054,0.00012692958467941636,-1.1570912530918963e-05,-8.43965695384816e-06,0.0,0.0,10.0
0.9344999999999999,1.0004905565466586,0.0028230288818280897,1.0139956243061312,0.009382716062250421,0.009137563373525495,0.00608420341188756,0.002808688728979122,0.0008422149349989153,0.00012581500143346678,-1.0812272463392088e-05,-8.126475065853655e-06,0.0,0.0,10.0
0.9375,1.0005482563120345,0.003055005151429131,1.0146817498642173,0.009641511125407008,0.009230070086531393,0.006074389766118817,0.002783927301913563,0.0008312258021740452,0.00012458008004617802,-1.0083878618977995e-05,-7.81866219050756e-06,0.0,0.0,10.0
0.9405000000000001,1.000626337992967,0.0033344803090693703,1.0154510633163891,0.009918370181063995,0.009325033906806881,0.006062964028758047,0.0027581840235040675,0.0008199980000727939,0.00012325744046065492,-9.386413289082707e-06,-7.518437075165531e-06,0.0,0.0,10.0
0.9434999999999998,1.0007169880297988,0.0036423614884321135,1.016263702901538,0.010202094046455746,0.009419082173843196,0.0060498602618956725,0.002731789537014815,0.000808672054491387,0.00012186955407031904,-8.72245494242405e-06,-7.228150894150587e-06,0.0,0.0,10.0
0.9464999999999999,1.000813153146047,0.003961457510125061,1.0170842426292863,0.0104827018758408,0.009509044243069044,0.006034886788594167,0.0027049727456368543,0.0007973478748966871,0.00012042705412698538,-8.097388871207436e-06,-6.950459096984069e-06,0.0,0.0,10.0
0.9495,1.00090914150313,0.004277643260627519,1.0178835294314794,0.010751855498430512,0.009592105479909145,0.006017775853809741,0.0026778780876590535,0.0007860889898668763,0.0001189293816310388,-7.519342584139754e-06,-6.688304293166449e-06,0.0,0.0,10.0
0.9525000000000001,1.000995153945454,0.004580302823014363,1.0186453113654912,0.011003166468126538,0.00966525339935774,0.0059982230893213745,0.002650684542643779,0.0007749112935659265,0.00011734354196128217,-7.000567483629024e-06,-6.443452655477222e-06,0.0,0.0,10.0
0.9554999999999998,1.0010909754242998,0.004862245994016348,1.0193318260552577,0.011232284619311876,0.009729789480812092,0.005976153242854161,0.002623054881735767,0.0007638926445488105,0.00011574683263642984,-6.543000790867009e-06,-6.223858565458225e-06,0.0,0.0,10.0
0.9584999999999999,1.001117745384995,0.005119165801402528,1.0200132930722274,0.011436832418219349,0.009774791457866416,0.005951034970178456,0.0025963429709985586,0.000752792576205444,0.0001138006675218168,-6.186730659780996e-06,-6.014348064618389e-06,0.0,0.0,10.0
0.9615,1.00119289006954,0.005349111010019186,1.0205661575714562,0.011616039035388017,0.009815358771753003,0.005923616316623143,0.0025685728678910306,0.0007419545675690891,0.00011197403797960473,-5.895345337877094e-06,-5.8437996731859295e-06,0.0,0.0,10.0
0.9645000000000001,1.0012662312760843,0.005551827437340763,1.0210419655532565,0.011770349297611714,0.009845300714160796,0.0058938073486647785,0.0025406592725892934,0.0007312090575190978,0.00011004165693638871,-5.695332186287557e-06,-5.702046109014284e-06,0.0,0.0,10.0
0.9674999999999998,1.001331692307354,0.005728102166109107,1.0214501972006833,0.011901031135552539,0.009864481484128822,0.005861864439784024,0.0025127853896555,0.000720522963502407,0.00010796429216193924,-5.5938458162342214e-06,-5.588280518780541e-06,0.0,0.0,10.0
0.9704999999999999,1.0013896163072207,0.005879334068184371,1.0217954167309198,0.012009779371673461,0.009873771671155862,0.0058281292669217855,0.00248504216021611,0.0007098871031069112,0.00010573344781813346,-5.593234767966761e-06,-5.502489431584634e-06,0.0,0.0,10.0
0.9735,1.001440837277314,0.006007237959679287,1.0220823866946183,0.01209841768057862,0.009874156209312377,0.005792951346277947,0.002457516971124778,0.0006992981826893242,0.00010334784510501663,-5.693270640034023e-06,-5.444183886392042e-06,0.0,0.0,10.0
0.9765000000000001,1.0014862080605869,0.0061136505417875246,1.0223159639454358,0.01216871920536453,0.009866592796273362,0.005756651250455649,0.002430289859487117,0.0006887562228965461,0.00010081164580258852,-5.891470231472917e-06,-5.41238519006442e-06,0.0,0.0,10.0
0.9794999999999998,1.0015265017460762,0.006200429219633256,1.0225008847540482,0.012222324065557497,0.009851963852571548,0.005719501961264158,0.002403426732671946,0.0006782628993019331,9.813373205075425e-05,-6.183395856521797e-06,-5.4057052265134975e-06,0.0,0.0,10.0
0.9824999999999999,1.0015623501468949,0.006269411193672967,1.0226416941259133,0.012260725835349106,0.009831069379021071,0.005681726515481367,0.0023769771056731436,0.0006678207921786785,9.532700649051513e-05,-6.562980059428271e-06,-5.4224337501515086e-06,0.0,0.0,10.0
0.9855,1.0015942061946976,0.006322401327577526,1.0227427522481913,0.012285296723695127,0.009804644089370304,0.00564350786855509,0.002350976759159349,0.0006574340661088732,9.240793120005601e-05,-7.022794932295747e-06,-5.460613236203763e-06,0.0,0.0,10.0
0.9885000000000002,1.001622330863654,0.006361165821831378,1.0228082594875625,0.01229732599045212,0.00977338348531841,0.005605005008247269,0.0023254540635663725,0.0006471105083059213,8.939640102461171e-05,-7.554215090274954e-06,-5.518088154897122e-06,0.0,0.0,10.0
0.9914999999999998,1.001646805243248,0.006387419160160432,1.0228422672964042,0.012298054579109081,0.009737966892780512,0.005566369354074807,0.002300437836036151,0.000636864281973522,8.631583183277596e-05,-8.147485144454813e-06,-5.5925269061765295e-06,0.0,0.0,10.0
0.9944999999999999,1.0016675673943873,0.006402801113575239,1.0228486638572767,0.01228869742917719,0.009699070546061497,0.005527756910423943,0.0022759644001595124,0.000626718428847702,8.319318695969272e-05,-8.791761220581677e-06,-5.681428046888328e-06,0.0,0.0,10.0
0.9975,1.0016844705775818,0.006408847164976838,1.0228311377363617,0.012270451316087854,0.009657368664287033,0.005489333768404526,0.0022520819677434773,0.0006167061821914817,8.005863551831825e-05,-9.47522066327873e-06,-5.782130214271412e-06,0.0,0.0,10.0
1.0005000000000002,1.0016973552109858,0.0064069590557695975,1.0227931301654403,0.012244489802672462,0.009613524035314402,0.00545127471499031,0.002228851365315233,0.000606870506111924,7.694464956762442e-05,-1.0185311353818146e-05,-5.8918432235101475e-06,0.0,0.0,10.0
1.0034999999999998,1.001706122548398,0.006398382501467654,1.0227377890638472,0.012211948497686675,0.0095681714986134,0.005413756423163017,0.0022063432077436686,0.0005972618173471087,7.388454983211239e-05,-1.0909153835115924e-05,-6.007707350458119e-06,0.0,0.0,10.0
1.0065,1.0017107979371844,0.006384197233207067,1.0226679346730654,0.012173904183043725,0.0095218984404312,0.00537694769772645,0.0021846325100484468,0.000587934374925297,7.091072185935664e-05,-1.163404345262589e-05,-6.1268749361120085e-06,0.0,0.0,10.0
1.0095,1.0017115722396666,0.006365321542193301,1.0225860435228102,0.012131351162615149,0.009475225862136926,0.0053409994319402925,0.0021637922402711054,0.0005789421453972259,6.805284470952373e-05,-1.2347956827634872e-05,-6.2465984263144115e-06,0.0,0.0,10.0
1.0125000000000002,1.0017100199176145,0.006342531974753458,1.0224930227999152,0.012085177063813098,0.009428749778400778,0.005306043880287735,0.0021438662904408813,0.0005703382391189904,6.534121002181837e-05,-1.3039615456251111e-05,-6.3646173571407805e-06,0.0,0.0,10.0
1.0154999999999998,1.0017017368148833,0.006316486159630321,1.0223957200788563,0.012036144748788185,0.009382173132941629,0.005272144186727895,0.0021249927760109764,0.0005621522576934532,6.277707505020749e-05,-1.3700840105534812e-05,-6.477315197330339e-06,0.0,0.0,10.0
1.0185,1.0014689234300234,0.006287489230854449,1.0225184309386588,0.011985005409544558,0.009307282346652422,0.0052380184599423564,0.002111023019600468,0.0005538374144557958,5.9522457815217435e-05,-1.4384515226327504e-05,-6.525752504363291e-06,0.0,0.0,10.0
1.0215,1.0014487980500504,0.0062560795032903195,1.0224171691804287,0.011932226940000915,0.009261136381281027,0.005206361477347921,0.00209435729398473,0.0005465865060604096,5.7297521683611224e-05,-1.496042565130878e-05,-6.621572069777966e-06,0.0,0.0,10.0
1.0245000000000002,1.0014472715015421,0.006223087416651607,1.0222916007724776,0.01187796687855265,0.009218398204530265,0.005175990445531443,0.002078390297618067,0.0005398913749484588,5.5345626369378524e-05,-1.547857557816668e-05,-6.7127690937505135e-06,0.0,0.0,10.0
1.0274999999999999,1.0014467734109025,0.00618901186408975,1.0221612060561878,0.011822384422394224,0.009176635567363043,0.005146761414259035,0.0020634327518793245,0.0005337122894968339,5.359868758388249e-05,-1.5939208071356085e-05,-6.793078762192088e-06,0.0,0.0,10.0
1.0305,1.0014473377405757,0.0061542951501190836,1.0220272143359312,0.011765520940623228,0.009135638415636064,0.005118611322522976,0.0020494721840496077,0.000528050137159297,5.205578669691392e-05,-1.633823960482082e-05,-6.861006807908664e-06,0.0,0.0,10.0
1.0335,1.001449718014053,0.0061192899522325315,1.0218898146620297,0.011707325515124628,0.009095227989631357,0.00509145383704091,0.00203646879290463,0.0005229027337186856,5.071779283403118e-05,-1.667190527901303e-05,-6.915409732621357e-06,0.0,0.0,10.0
1.0365000000000002,1.0014545784812454,0.006084224650330789,1.0217489598362128,0.011647683011205933,0.009055164761215205,0.005065174250329652,0.002024369335276897,0.0005182635377327164,4.95848139224045e-05,-1.6936922736874958e-05,-6.955289922503722e-06,0.0,0.0,10.0
1.0394999999999999,1.0014624219085118,0.0060491733893564565,1.0216044185842823,0.011586439906470737,0.009015154242360844,0.0050396291705221375,0.002013107386186273,0.0005141219242699145,4.86563365862413e-05,-1.7130518981617894e-05,-6.979802278438624e-06,0.0,0.0,10.0
1.0425,1.0014735362219578,0.006014037600671334,1.0214558103528644,0.011523424743759057,0.008974856947187736,0.0050146471208414155,0.0020026027460723133,0.000510463156116813,4.7931279179659404e-05,-1.72505016022613e-05,-6.988280316782001e-06,0.0,0.0,10.0
1.0455,1.0014879461610169,0.0059785466007701285,1.0213026424350893,0.011458460124747069,0.008933899631853561,0.004990030540405935,0.0019927606635719904,0.0005072680785308396,4.740792838659379e-05,-1.7295352310627964e-05,-6.980270048776187e-06,0.0,0.0,10.0
1.0485000000000002,1.0015053775682004,0.005942281622960672,1.021144349659033,0.011391364722344366,0.00889188694302331,0.004965559546243884,0.0019834713310604274,0.0005045126594089965,4.708379701446471e-05,-1.7264314661759975e-05,-6.955562693807792e-06,0.0,0.0,10.0
1.0514999999999999,1.0015252446386076,0.0059047221487916295,1.02098033408806,0.011321946110201044,0.008848412663842647,0.004940997442500441,0.0019746100939467335,0.0005021675406557128,4.6955440118655e-05,-1.7157451486385165e-05,-6.914217526982566e-06,0.0,0.0,10.0
1.0545,1.0015466692193107,0.005865307604639362,1.0208100011414427,0.011249987544937457,0.008803069793226235,0.0049160975596286025,0.001966038736597277,0.0005001977854314761,4.7018259364504045e-05,-1.697565514371917e-05,-6.856567598183894e-06,0.0,0.0,10.0
1.0575,1.001568536935276,0.005823503221413799,1.020632788862678,0.01117523348195742,0.008755458791411489,0.004890610683742416,0.0019576080718032053,0.0004985629902198914,4.726631679633644e-05,-1.6720603412059288e-05,-6.783203483675533e-06,0.0,0.0,10.0
1.0605000000000002,1.0015895885283337,0.005778857530371793,1.0204481883141443,0.011097379014269186,0.008705193530363926,0.004864292179112187,0.0019491618778093704,0.0004972178757195599,4.7692173962707e-05,-1.639466386522839e-05,-6.694933396554242e-06,0.0,0.0,10.0
1.0635,1.0016085378124202,0.0057310412215474575,1.020255754523352,0.011016067350988085,0.00865190486531621,0.004836907965466174,0.0019405420093318916,0.0004961133823987203,4.8286774279800064e-05,-1.600075799345759e-05,-6.592721675099876e-06,0.0,0.0,10.0
1.0665,1.001624202674064,0.0056798624476605735,1.0200551074495179,0.010930897098093403,0.008595242403502077,0.004808238790068503,0.001931594260999035,0.0004951981961171245,4.903939816501338e-05,-1.554220110621453e-05,-6.4776118079709545e-06,0.0,0.0,10.0
1.0695000000000001,1.0016356308907568,0.005625260374998876,1.0198459241282334,0.010841438184739333,0.008534875432492777,0.004778082645013137,0.0019221743788850464,0.0004944205369303591,4.993772339336103e-05,-1.5022535111015614e-05,-6.350643270400533e-06,0.0,0.0,10.0
1.0724999999999998,1.0016479094762343,0.00556729710480209,1.0196221224052882,0.010747246492678508,0.008471232992490415,0.004746287704085101,0.0019120524878062108,0.0004937435426860678,5.098951683692221e-05,-1.4443923792567289e-05,-6.214250887121404e-06,0.0,0.0,10.0
1.0755,1.0016378957779846,0.005506076505801652,1.0194067368917745,0.010647912571562912,0.008401062762267127,0.004712561061909141,0.0019015248799932709,0.0004930652750172891,5.209371856510426e-05,-1.3815678917206581e-05,-6.063320751586969e-06,0.0,0.0,10.0
1.0785,1.0013373263224377,0.005441080318066424,1.0194723362813158,0.010543397771272134,0.00828938371094253,0.0046752655120847935,0.0018952748629411022,0.000491718204688329,5.222805668002359e-05,-1.3208991102491844e-05,-5.829412280067286e-06,0.0,0.0,10.0
1.0815000000000001,1.0013173354003957,0.005372640260384407,1.0192387573240997,0.010433315408198878,0.008209803152969933,0.004637341026665236,0.0018831198727543735,0.0004910188861599838,5.3520874532264506e-05,-1.2484030339259856e-05,-5.660107529693719e-06,0.0,0.0,10.0
1.0844999999999998,1.0013097636739967,0.005301738498182467,1.0189790170107609,0.010317021384262466,0.008127337087606054,0.004597277156287673,0.0018697703347258388,0.0004902840407225507,5.494646492111494e-05,-1.1710234169118029e-05,-5.4862671568520586e-06,0.0,0.0,10.0
1.0875,1.0013003796609121,0.0052286261333984955,1.0187083864584308,0.010194291079679294,0.008039856912956682,0.004554891219086767,0.0018554766424252011,0.0004894515907705808,5.6433356819843366e-05,-1.089383028367379e-05,-5.303977674130059e-06,0.0,0.0,10.0
1.0905,1.0012898116233537,0.0051535779217401385,1.018427006872339,0.010064955532826414,0.007947213306951357,0.0045101003148359745,0.0018402377337624987,0.0004884998759457266,5.7968204456254225e-05,-1.0037024881461897e-05,-5.113099195356689e-06,0.0,0.0,10.0
1.0935000000000001,1.0012789759930556,0.005076818584142605,1.018134633990599,0.009928921348738514,0.0078493607422358,0.00446283890588468,0.0018240569345217804,0.0004874132853806391,5.954148472179301e-05,-9.141688507668997e-06,-4.913539122970482e-06,0.0,0.0,10.0
1.0964999999999998,1.001268582966456,0.004998471862441375,1.0178310662977494,0.009786180080291721,0.007746307011523928,0.004413054116331638,0.0018069459379812926,0.00048618080253394155,6.114622767953885e-05,-8.209537754549829e-06,-4.705191886021044e-06,0.0,0.0,10.0
1.0995,1.0012590791954095,0.00491850856321023,1.0175161816953815,0.009636813252816586,0.0076381112691349265,0.004360702904104863,0.0017889223914300692,0.0004847953942650914,6.277796916366374e-05,-7.242228604575386e-06,-4.487969399361616e-06,0.0,0.0,10.0
1.1025,1.0012506509429924,0.004836699835712192,1.0171899686458172,0.009480991446661147,0.007524880863804583,0.004305749684921877,0.0017700079690018192,0.0004832533925129411,6.443448927785238e-05,-6.24144762675422e-06,-4.261820772503286e-06,0.0,0.0,10.0
1.1055000000000001,1.0012432703901295,0.004752587920097268,1.0168525536365338,0.009318966535964056,0.0074067656287454126,0.00424816519292364,0.0017502269785168584,0.0004815538017554191,6.611535922542629e-05,-5.208992512477763e-06,-4.0267415847823366e-06,0.0,0.0,10.0
1.1084999999999998,1.001236763730539,0.004665490083545748,1.0165042149430936,0.009151057810645145,0.0072839495746090084,0.004187926881989758,0.0017296054898818143,0.00047969745950346394,6.782136253431947e-05,-4.146833838113749e-06,-3.782775981873015e-06,0.0,0.0,10.0
1.1115,1.001230884041816,0.00457455244175403,1.016145360241273,0.008977632554289256,0.007156642678516874,0.004125020569177738,0.0017081707454559298,0.0004776860332087798,6.955390309514333e-05,-3.057154523879642e-06,-3.530016898491427e-06,0.0,0.0,10.0
1.1145,1.0012253510871012,0.004478864796002706,1.0157764762948633,0.008799078927168632,0.007025074078570379,0.004059442857084481,0.0016859507666194425,0.0004755208129726955,7.131444618508806e-05,-1.9423772633224104e-06,-3.2686052038212356e-06,0.0,0.0,10.0
1.1175000000000002,1.001219846916145,0.004377630447443195,1.0153980637045117,0.008615766619273026,0.006889489493291244,0.003991204703884652,0.0016629735773864385,0.00047320125689806676,7.310410384074417e-05,-8.051876931100317e-07,-2.998736186992644e-06,0.0,0.0,10.0
1.1204999999999998,1.0012139753694296,0.004270352687744136,1.0150105957403546,0.008427996128040151,0.0067501512742385835,0.0039203367867988595,0.001639265940928738,0.00047072328255571893,7.492339108851689e-05,3.514445017183724e-07,-2.7206795198683375e-06,0.0,0.0,10.0
1.1235,1.0012072411242825,0.004156961166027094,1.014614525261643,0.008235955145383356,0.006607335862536698,0.003846895368244939,0.0016148524983792287,0.0004680777029612466,7.677203179442377e-05,1.5242516518155907e-06,-2.434805222893419e-06,0.0,0.0,10.0
1.1265,1.001199124389946,0.004037800565147901,1.0142103195900443,0.008039714400419692,0.006461323586566773,0.0037709646365190626,0.001589756785942222,0.00046524970110894774,7.864855948525508e-05,2.709666802407235e-06,-2.141590649408404e-06,0.0,0.0,10.0
1.1295000000000002,1.001189238435533,0.0039135049688856,1.0137984778762088,0.007839269766516648,0.006312383054325978,0.0036926540612843253,0.0015640036203797363,0.0004622198482293934,8.054964070200645e-05,3.903847984869613e-06,-1.841601966572355e-06,0.0,0.0,10.0
1.1324999999999998,1.0011854729407312,0.0037849435376503013,1.0133713450461819,0.007634570633393237,0.006161796357972478,0.003612130524847308,0.0015374689114955396,0.00045898005570264036,8.249785679972713e-05,5.104656593541624e-06,-1.5373967404591866e-06,0.0,0.0,10.0
1.1355,1.0011474466077337,0.003653320961777929,1.0129701708937695,0.007425519253391461,0.006004634881433161,0.0035294086170553967,0.0015109206229196467,0.00045543413546616525,8.434414900580569e-05,6.298627500262239e-06,-1.2203734358350952e-06,0.0,0.0,10.0
1.1385,1.0007900108344363,0.0035193204581123977,1.0128833343786616,0.007212402288284301,0.005804730935094233,0.0034435977972287275,0.0014896848634262227,0.00045108451641138466,8.509256103772813e-05,7.415879539253847e-06,-8.256824453114959e-07,0.0,0.0,10.0
1.1415000000000002,1.0007609278031864,0.0033846639486905055,1.0124569776234518,0.006995082190304262,0.0056449718769356096,0.0033573281555672007,0.0014617372677970162,0.00044703250202885044,8.697807740822576e-05,8.600703064162824e-06,-5.047009850387424e-07,0.0,0.0,10.0
1.1444999999999999,1.0007429060386375,0.0032514064217907235,1.0120119127347755,0.006773290532231474,0.005485034008759957,0.0032697394265452633,0.0014329343717087639,0.0004426887867473553,8.88843060958662e-05,9.777182719938868e-06,-1.8527805600146406e-07,0.0,0.0,10.0
1.1475,1.0007233120702377,0.003120277783796195,1.0115620315678873,0.00654746926532754,0.005323336675631146,0.0031810135406296486,0.0014035267970679258,0.00043802175565801893,9.074878101163757e-05,1.0937930756095268e-05,1.3432181462568904e-07,0.0,0.0,10.0
1.1505,1.0007024349159406,0.0029918280521424563,1.011108383653432,0.006318194131933191,0.005159934455182527,0.0030913837170449964,0.0013735241920840927,0.0004330253228794652,9.25537761998457e-05,1.2078270004197698e-05,4.5272792465304694e-07,0.0,0.0,10.0
1.1535000000000002,1.0006807943296798,0.0028660750888542144,1.0106519737347015,0.006086237162894451,0.004994939156809113,0.003001060309799849,0.0013429365806306899,0.0004276990787691419,9.428298610501987e-05,1.3193322951543919e-05,7.684752041541136e-07,0.0,0.0,10.0
1.1564999999999999,1.0006588057017012,0.0027424886973536743,1.0101940582419544,0.005852503053871237,0.004828525238228163,0.002910226678657473,0.001311779016859038,0.0004220477582220062,9.592136688850117e-05,1.4278059837586313e-05,1.0800567119148214e-06,0.0,0.0,10.0
1.1595,1.0006367787629957,0.002620150080482068,1.0097362359282542,0.005617932996029187,0.004660943109915171,0.0028190487924855162,0.0012800715275774603,0.0004160811867237453,9.74551153624007e-05,1.5327458113804176e-05,1.385924158734497e-06,0.0,0.0,10.0
1.1625,1.0006149445781434,0.002497968122964277,1.0092804849448476,0.0053834412427792595,0.004492515262650013,0.002727692775549218,0.0012478377976641332,0.0004098150848804155,9.887129622129654e-05,1.6336721306520397e-05,1.6844681252350764e-06,0.0,0.0,10.0
1.1655000000000002,1.0005934580125346,0.0023749003584718834,1.0088290536873021,0.005149907146516278,0.004323619750167724,0.002636345390973679,0.0012151030621075248,0.0004032726492737565,0.00010015717930913276,1.7301610020972036e-05,1.9739917288131967e-06,0.0,0.0,10.0
1.1684999999999999,1.000572367064632,0.0022501910917075204,1.008384166387086,0.004918201056917785,0.004154666328549032,0.0025452300629421353,0.001181891709625966,0.0003964864398262918,0.00010129931708172373,1.821890780996964e-05,2.2527076712265907e-06,0.0,0.0,10.0
1.1715,1.0005515533801401,0.0021236360827939097,1.0079476150961575,0.004689199540537826,0.003986074050242917,0.0024546108249150853,0.0011482246447347105,0.00038949982184475834,0.00010228268892688901,1.9086925964351957e-05,2.518778190944845e-06,0.0,0.0,10.0
1.1745,1.000530654636647,0.0019958268540160016,1.0075204268674365,0.0044637484384505675,0.0038182601260579245,0.002364782631493543,0.0011141176723451819,0.0003823665119921781,0.00010309057151582924,1.990581655322419e-05,2.770398110723689e-06,0.0,0.0,10.0
1.1775000000000002,1.000509027342929,0.0018682566046991959,1.0071028184593016,0.004242566285540621,0.0036516461939758403,0.0022760537100037655,0.0010795846983180045,0.0003751462998378152,0.00010370587000369553,2.067741817182704e-05,3.005905469201918e-06,0.0,0.0,10.0
1.1804999999999999,1.0004858761744646,0.0017431267626405505,1.0066945298717827,0.004026141048876529,0.0034866778119810016,0.002188724172395273,0.0010446513840503353,0.0003678961825706646,0.00010411407070958532,2.1404472168636096e-05,3.223919148836234e-06,0.0,0.0,10.0
1.1835,1.0004607023114207,0.0016227356614461526,1.0062953846695128,0.0038147240140435613,0.003323843852991162,0.002103054351505581,0.0010093826721032184,0.0003606593428623074,0.00010430682376827541,2.2089312640402063e-05,3.423542395753838e-06,0.0,0.0,10.0
1.1865,1.0004340474206541,0.0015085507397327525,1.0059057473251924,0.0036084885480377046,0.003163684520143081,0.002019214045073018,0.0009739187027388443,0.00035345710189493715,0.00010428432660561052,2.2732459460547183e-05,3.604652358647542e-06,0.0,0.0,10.0
1.1894999999999998,1.000408051448519,0.0014004920768136717,1.005526632990999,0.003407744945350206,0.0030067960847781224,0.00193723061426222,0.0009384990591442187,0.0003462873920973747,0.00010405547402103418,2.333178004993249e-05,3.7681228508206128e-06,0.0,0.0,10.0
1.1925,1.000395192898573,0.0012972954802220893,1.0051503462912366,0.0032128982750758,0.0028550045215974596,0.0018570100206443073,0.0009032684294102368,0.0003391359380082373,0.00010366488428907861,2.388438399140526e-05,3.913698426502216e-06,0.0,0.0,10.0
1.1955,1.0003617020276743,0.0011977850429083065,1.0048152517108475,0.0030241579105939565,0.0027045169720508366,0.0017783311089605638,0.0008692891526187869,0.0003319335576235492,0.00010302320530259667,2.437888797957274e-05,4.050940660739663e-06,0.0,0.0,10.0
1.1985000000000001,1.0000405992066987,0.0011006964890616917,1.0047907210412153,0.002841835820920383,0.0025227714046444243,0.0017006365619381563,0.0008421149549834375,0.000324432950708255,0.000101348877430682,2.4767942864239428e-05,4.237775336555968e-06,0.0,0.0,10.0
1.2014999999999998,1.0000578367835369,0.0010050911182185405,1.0044470347810577,0.0026662588046466023,0.002389914788493344,0.0016247294034971288,0.0008094538163004238,0.00031716032416291215,0.00010060407018783513,2.515148388082375e-05,4.339003191568776e-06,0.0,0.0,10.0
1.2045,1.0000765238267701,0.0009106498328609167,1.0041194488068312,0.002497938206977889,0.002264754128678133,0.0015501550760991275,0.0007779071566466223,0.00030984554607716265,9.979813058737235e-05,2.547489081144403e-05,4.424659331433982e-06,0.0,0.0,10.0
1.2075,1.0000919477328583,0.0008185686233151485,1.003811640165814,0.0023376851766821983,0.0021469498217424727,0.0014771062899035443,0.0007475287534775909,0.00030253778109350413,9.894006525738967e-05,2.5739193881899276e-05,4.494875463204303e-06,0.0,0.0,10.0
1.2105000000000001,1.0001041761763685,0.0007329185813241625,1.0035234654234602,0.0021860838003825234,0.002035941811523227,0.0014059940915775093,0.0007182769704302356,0.0002952992252541735,9.803941866810163e-05,2.594686105925399e-05,4.549575866037747e-06,0.0,0.0,10.0
1.2134999999999998,1.0001138173920185,0.0006587411556976676,1.0032534659969368,0.0020438328261924853,0.0019308338900088577,0.0013372900083930869,0.0006900965839853494,0.0002881988051273657,9.710304033599445e-05,2.610049020020242e-05,4.588983333287691e-06,0.0,0.0,10.0
1.2165,1.000120679409863,0.0005999661856043172,1.0029985708319205,0.0019117814999303848,0.001830744315658192,0.0012713885966959147,0.0006629437271958814,0.0002813063957387332,9.613859163180124e-05,2.6202635955684355e-05,4.613516708260584e-06,0.0,0.0,10.0
1.2195,1.0001235871401437,0.0005581731397725715,1.002754448758764,0.0017905575714659947,0.0017351010059072176,0.0012085414813168078,0.0006368087024227338,0.00027468660913528464,9.51539459312424e-05,2.625594635689705e-05,4.623868503564007e-06,0.0,0.0,10.0
1.2225000000000001,1.000121198705231,0.0005322054764771417,1.0025169550179487,0.001680118654636155,0.0016437753107988767,0.0011488643799234064,0.0006117232295990221,0.00026839447708001604,9.41552321826775e-05,2.6263104376416448e-05,4.621066552018247e-06,0.0,0.0,10.0
1.2254999999999998,1.0001132489327653,0.0005182231837712521,1.0022842528372382,0.0015796188641920782,0.0015570159740817462,0.0010923956220865458,0.000587751179374446,0.00026247190377979147,9.31462457414601e-05,2.6226561092301493e-05,4.6063673398407385e-06,0.0,0.0,10.0
1.2285,1.0001017014780793,0.0005099571325719325,1.0020583720714098,0.0014877657570423594,0.0014752222784480686,0.0010391677632656453,0.000564977642952162,0.00025694300745282,9.21293261301552e-05,2.614841339851427e-05,4.581063203670392e-06,0.0,0.0,10.0
1.2315,1.0000913697472043,0.0004993076024892227,1.0018449102772364,0.001403554611412583,0.0013986776763991876,0.0009892343975604532,0.0005435103430097248,0.00025181119616151916,9.110579814158916e-05,2.6030544818257986e-05,4.546453523369564e-06,0.0,0.0,10.0
1.2345000000000002,1.000089532280946,0.00047768816834558035,1.001650548273542,0.001326989842751414,0.0013274051538100203,0.0009426154376275958,0.0005234882900691295,0.0002470634446120392,9.007466692119204e-05,2.5874715698787835e-05,4.504126635405843e-06,0.0,0.0,10.0
1.2374999999999998,1.0001040023474648,0.00043846340536886195,1.0014796431247108,0.0012592030008472593,0.001261249957447184,0.0008992127684495804,0.0005050703419106939,0.00024267975976635883,8.903156715741261e-05,2.5682383241399664e-05,4.456246962562316e-06,0.0,0.0,10.0
1.2405,1.0001394305040214,0.0003803042641968375,1.0013322469582018,0.0012014820989560166,0.0012001492193913525,0.0008588333270751437,0.0004883751871928284,0.00023863415767885868,8.797280526393997e-05,2.5454654981873223e-05,4.405119244680449e-06,0.0,0.0,10.0
1.2435,1.0001931152267032,0.00031001492536426265,1.0012051462090452,0.0011534887615884451,0.0011443882283492719,0.0008213883012840041,0.00047338560261856225,0.0002348775813138499,8.690582036749117e-05,2.5192949482581993e-05,4.35175096098283e-06,0.0,0.0,10.0
1.2465000000000002,1.000253996275657,0.000241749595801952,1.0010949612253832,0.0011121843859747177,0.0010945702949745626,0.0007870834800519887,0.00045989986648724355,0.00023132094706859044,8.585646504919452e-05,2.489994851603091e-05,4.29466087572023e-06,0.0,0.0,10.0
1.2494999999999998,1.000308390888313,0.00019019833496581657,1.0010003410112944,0.0010732252282011007,0.0010511693977900665,0.0007562727198885609,0.00044762506586024347,0.0002278550261143662,8.48584231857827e-05,2.4579432099342272e-05,4.230984223375238e-06,0.0,0.0,10.0
1.2525,1.0003198465685985,0.00016139761652479454,1.000951536055052,0.0010341464051528745,0.0010101685371805972,0.0007289885177435498,0.00043699130627441405,0.00022439522844533774,8.384145748948104e-05,2.4231394120829948e-05,4.166398643710398e-06,0.0,0.0,10.0
1.2555,1.000236068704021,0.00015079448380167498,1.0010060433278039,0.0009956854216049602,0.0009632301471704683,0.0007047526306953465,0.0004292125192909133,0.00022091369078958798,8.262383039772027e-05,2.385177376827909e-05,4.116655372468549e-06,0.0,0.0,10.0
1.2585000000000002,0.9994893361642362,0.00015723581354919685,1.0017468887529408,0.0009574580269053963,0.0008354049707011133,0.0006830831547377894,0.0004365046778731627,0.00021719712629798235,7.949674495357314e-05,2.3382220598411524e-05,4.218647862394354e-06,0.0,0.0,10.0
1.2614999999999998,0.9996119276552666,0.00019337862424210884,1.0016570814393917,0.0009139834713492533,0.0008138040775708736,0.000665391873206886,0.0004283366021405932,0.00021367275983834942,7.865688933854449e-05,2.2994935981573334e-05,4.146154917008386e-06,0.0,0.0,10.0
1.2645,0.9996884963936399,0.0002672931229955006,1.0016549431971118,0.0008605263283091167,0.0007821109200442151,0.0006519569346380219,0.00042370456856723676,0.0002099459866466089,7.745147677866772e-05,2.259854219934504e-05,4.109332446220545e-06,0.0,0.0,10.0
1.2675,0.999829292404812,0.00036035876674318817,1.001606043083589,0.0008004186809053262,0.0007573144555155007,0.0006425219887296101,0.0004197506307660908,0.00020609819485043184,7.626476543537967e-05,2.221411299309137e-05,4.080196914765072e-06,0.0,0.0,10.0
1.2705000000000002,0.9999656532106709,0.0004350237105115672,1.0015353064518409,0.0007424718010327923,0.000737858210033371,0.0006360949605924547,0.0004165995689726657,0.00020222292440471643,7.507327407898961e-05,2.1844437409618098e-05,4.062738138428231e-06,0.0,0.0,10.0
1.2734999999999999,1.0000662135412974,0.00045877347121627275,1.0014350776356853,0.000694647000945363,0.000726524718597841,0.0006318975946133311,0.0004136679345009378,0.00019839098084957265,7.394337718254638e-05,2.149679950545777e-05,4.053615289167845e-06,0.0,0.0,10.0
1.2765,1.0001187039450017,0.00042168878832605356,1.0013071977404209,0.0006610291634864243,0.0007246539299723101,0.0006295869528483931,0.0004105785308904649,0.0001946097121911385,7.290049094793638e-05,2.1178008120790667e-05,4.051774227569502e-06,0.0,0.0,10.0
1.2795,1.0001303696353152,0.0003387051426141509,1.0011685452531809,0.0006429184747625608,0.0007318034587471025,0.0006289092576024667,0.0004071134764771794,0.00019085778277174966,7.193865001453788e-05,2.0891949827358198e-05,4.056754946595393e-06,0.0,0.0,10.0
1.2825000000000002,1.0001188436752027,0.0002393769365003644,1.0010479252413222,0.0006409928760953601,0.0007462752452649264,0.0006293495244767974,0.00040308528725780594,0.0001871249379429513,7.104279763201831e-05,2.0639448066628315e-05,4.066986002341267e-06,0.0,0.0,10.0
1.2854999999999999,1.0001021877054257,0.00015386375158549137,1.000974387318178,0.0006556824910311631,0.0007657832840197678,0.0006301385253172738,0.0003982833383065997,0.0001834222179299789,7.020053379029632e-05,2.042087530303734e-05,4.080005222885209e-06,0.0,0.0,10.0
1.2885,1.000092797651144,0.00010224016966587831,1.0009638958652909,0.0006857439569300506,0.0007877361798205917,0.0006304654662204686,0.0003925152758111661,0.00017977629746139501,6.94029066795009e-05,2.0238825225394246e-05,4.093754114301629e-06,0.0,0.0,10.0
1.2915,1.0000957975724885,9.042741554092686e-05,1.001012233341877,0.000726788269510017,0.0008091613856132654,0.0006296165886884346,0.00038567384916997924,0.0001762272343461726,6.864339121379567e-05,2.009855446089695e-05,4.107423494031022e-06,0.0,0.0,10.0
1.2945000000000002,1.0001105095255045,0.00011236518927001242,1.0010974343661418,0.0007713056795320329,0.0008267086222673683,0.0006269750800122106,0.0003777690173072362,0.00017282838201031998,6.79195775229252e-05,2.0006241894476032e-05,4.121370239769096e-06,0.0,0.0,10.0
1.2974999999999999,1.0001331234685453,0.0001556452281573866,1.0011893540017474,0.0008104610918660769,0.0008371179775395531,0.0006220164769364635,0.000368922719001678,0.00016963950416320394,6.72359829021316e-05,1.9966504932522336e-05,4.136530164502607e-06,0.0,0.0,10.0
1.3005,1.000159122733653,0.00020732507459309013,1.0012609203479077,0.0008367591467279355,0.000838115857291757,0.0006144222122506427,0.0003593623314059354,0.0001667155734721751,6.66054316981762e-05,1.9980462191170785e-05,4.153828629925581e-06,0.0,0.0,10.0
1.3035,1.0001848072103061,0.00025769661197124074,1.0012960755849682,0.000846256754837055,0.000829294553933138,0.0006042820054082978,0.00034943716232997983,0.00016410353939408026,6.604864111331944e-05,2.004504577609965e-05,4.17381099695891e-06,0.0,0.0,10.0
1.3065000000000002,1.0002078844991782,0.00030141575641886794,1.0012920918551662,0.0008393698953199371,0.0008124523955542356,0.0005922343902203193,0.0003396391572239328,0.00016185271995403121,6.559286576179708e-05,2.0153852835452647e-05,4.1965467666987226e-06,0.0,0.0,10.0
1.3094999999999999,1.0002276029836183,0.00033671777639420733,1.0012566428792384,0.0008200874772481147,0.0007911818688911654,0.0005794083765570569,0.00033057316033707204,0.00016002814398212082,6.527025152127534e-05,2.02992512523614e-05,4.221699367488816e-06,0.0,0.0,10.0
1.3125,1.0002504639214596,0.0003639675116174399,1.0011962020845289,0.0007941065534123735,0.0007706096357801642,0.0005671548128822587,0.00032272060736217523,0.00015870923644791592,6.513070815717503e-05,2.0474977934603896e-05,4.247202525624665e-06,0.0,0.0,10.0
1.3155000000000001,1.000243989809494,0.0003845735461470034,1.001156364976485,0.0007667505871423503,0.0007504734220804382,0.0005566610276902805,0.0003172051249343258,0.00015794751727941152,6.510666420687567e-05,2.0672965084919343e-05,4.279593917409719e-06,0.0,0.0,10.0
1.3184999999999998,0.9999467185414717,0.00039960832609761725,1.0014078528036305,0.0007418585472728389,0.0007005088618405271,0.0005485196254570446,0.0003195170545061439,0.0001576762564126503,6.447719096477863e-05,2.0866050722170028e-05,4.376958510144322e-06,0.0,0.0,10.0
1.3215,0.9999506391539724,0.0004094100321324263,1.0013624211633925,0.0007212919825071509,0.000695365155302242,0.0005429948239111832,0.0003172629473276376,0.00015796884278776837,6.485122871125662e-05,2.1090303140993332e-05,4.401218564899083e-06,0.0,0.0,10.0
1.3245,0.9999509362123009,0.0004134385345447486,1.0013246847004755,0.0007054666974230823,0.0006959378924336253,0.0005394164508103007,0.00031609568097207925,0.00015855986271337972,6.532244225400062e-05,2.1304951843936828e-05,4.4182845436107074e-06,0.0,0.0,10.0
1.3275000000000001,0.9999471439638321,0.0004109673906303588,1.0012929041462106,0.0006941552374345014,0.0006999436066701634,0.0005368561484126324,0.0003153037591217641,0.0001592121646546466,6.579854962182744e-05,2.148824186070547e-05,4.424469495960683e-06,0.0,0.0,10.0
1.3304999999999998,0.9999411385427973,0.00040269212954612287,1.0012626782289424,0.0006866873299082774,0.0007049210397803881,0.0005343570209761333,0.000314194029208095,0.00015968704190449432,6.618603324220263e-05,2.1618836197660372e-05,4.416429564543017e-06,0.0,0.0,10.0
1.3335,0.9999356887940126,0.0003905257228403258,1.0012292723647287,0.0006824128903362118,0.0007087745300347248,0.000531128921359306,0.0003122669159200987,0.00015980671597237307,6.640959193028096e-05,2.1681345561850877e-05,4.3923205513441495e-06,0.0,0.0,10.0
1.3365,0.9999336622914677,0.0003768317016665923,1.0011887525851655,0.0006808337963266043,0.0007101568639559813,0.0005266387431363026,0.0003092860144168468,0.0001594921297607515,6.64258476298874e-05,2.1669882247101887e-05,4.352361911182476e-06,0.0,0.0,10.0
1.3395000000000001,0.9999376052837217,0.00036362423658724253,1.0011387915916898,0.0006814010284708664,0.0007085205416618843,0.0005206282265332859,0.0003052582539340587,0.0001587626903534816,6.622457072765847e-05,2.1588177593933185e-05,4.2987705205128344e-06,0.0,0.0,10.0
1.3424999999999998,0.9999496700317632,0.00035189272221147516,1.0010792180885464,0.0006832580374880392,0.0007039079762895975,0.0005130869152529282,0.0003003532425789045,0.0001577052564842146,6.582092185151251e-05,2.1446830347806688e-05,4.235004667813774e-06,0.0,0.0,10.0
1.3455,0.9999716114702013,0.00034111192564533464,1.0010122089215985,0.0006852259845686836,0.0006966274172370884,0.0005041944237808707,0.0002948067315482936,0.0001564316861174569,6.524513568110604e-05,2.1259487901554642e-05,4.164607676536359e-06,0.0,0.0,10.0
1.3485,1.0000047234421279,0.0003291120916745383,1.0009418192721795,0.0006861225448577482,0.000686974464632805,0.000494234748132057,0.00028884844907873597,0.0001550446808407892,6.453384089415273e-05,2.103961667787601e-05,4.090218547108467e-06,0.0,0.0,10.0
1.3515000000000001,1.0000497510091633,0.0003125000829773604,1.0008726691984033,0.0006852630272330806,0.0006751149476412311,0.00048348509351613193,0.0002826717855301708,0.00015362339171410007,6.372376817067772e-05,2.0798504747469752e-05,4.013248736608028e-06,0.0,0.0,10.0
1.3544999999999998,1.000106710877248,0.0002876977283816501,1.0008081842310184,0.0006828124586717243,0.0006611546415465333,0.0004721089404088671,0.0002764351894072547,0.00015222711659068066,6.28475638733469e-05,2.0544336038975948e-05,3.934258620556478e-06,0.0,0.0,10.0
1.3575,1.000174251789003,0.0002525288899193384,1.0007494325593806,0.0006796065640305808,0.0006453225563527628,0.0004601243625798705,0.00027026770203895933,0.00015090331864137205,6.193289883198527e-05,2.028212160358494e-05,3.8534930904284764e-06,0.0,0.0,10.0
1.3605,1.000248287025602,0.00020803482877902697,1.0006955428778819,0.0006762932366234484,0.0006281379066093728,0.00044750876648613135,0.0002642564775851713,0.00014968470259434425,6.1006418070823794e-05,2.0014502506792093e-05,3.7709090856409024e-06,0.0,0.0,10.0
1.3635000000000002,1.000320788781962,0.0001594826629996933,1.000645536208086,0.0006722746251194542,0.0006104335708682028,0.0004343856044347588,0.00025842618980575333,0.00014857516131999278,6.009988830588104e-05,1.9743164809843596e-05,3.6857132969019762e-06,0.0,0.0,10.0
1.3664999999999998,1.000381057096653,0.0001148255723126945,1.0005999802333312,0.0006655342774497805,0.0005931632393834376,0.0004210972260883299,0.0002527540412832769,0.0001475446448010373,5.925023629279558e-05,1.9469919109082285e-05,3.5963814535969075e-06,0.0,0.0,10.0
1.3695,1.0004206852836148,8.01201826490995e-05,1.0005608184680825,0.0006539927326229438,0.0005770515359776898,0.0004080179664444484,0.0002472448747442749,0.0001465511273856281,5.848795686828815e-05,1.9196553458513988e-05,3.501953430441571e-06,0.0,0.0,10.0
1.3725,1.000416085882965,5.5210961638679516e-05,1.0005523486533379,0.0006373039177893642,0.0005594863964034657,0.00039526244288505953,0.00024247570045971543,0.00014557029365882217,5.776044963222209e-05,1.892231903960002e-05,3.408946823857299e-06,0.0,0.0,10.0
1.3755000000000002,1.0003269171353053,3.521289628419543e-05,1.0006215666885179,0.0006168186672424477,0.000534335906077176,0.00038269679715518303,0.0002396229687339153,0.0001446004769832316,5.692492167539298e-05,1.864398074667118e-05,3.331927249853501e-06,0.0,0.0,10.0
1.3784999999999998,0.9996491991229242,1.9837346274114817e-05,1.001282957308994,0.0005927005445503272,0.00043641627478556894,0.00037031632480811935,0.0002496013253492608,0.00014353244289034585,5.4535910811743123e-05,1.8326555894271177e-05,3.3969200291629744e-06,0.0,0.0,10.0
1.3815,0.999716889341458,2.0874967472839066e-05,1.001214237353294,0.0005610996388518029,0.00042942211142319966,0.0003593903569143036,0.00024556055338217236,0.00014252962411116554,5.413475131139439e-05,1.8069241193802577e-05,3.302828002583249e-06,0.0,0.0,10.0
1.3845,0.9997341332647982,5.136185544593073e-05,1.0012174575331059,0.0005177723399954538,0.00041170274133752805,0.0003507293563834756,0.00024433072217695904,0.00014134660882273163,5.347098263573185e-05,1.7820055808745567e-05,3.243315190634214e-06,0.0,0.0,10.0
1.3875000000000002,0.999809539433568,0.00010888504391068722,1.0011741048272529,0.0004637028415331961,0.0003973954614493146,0.0003447206324415808,0.00024354782004134062,0.0001399789494169344,5.283927254485319e-05,1.7590764850621236e-05,3.194102568824151e-06,0.0,0.0,10.0
1.3904999999999998,0.999894815673778,0.00017521159065044155,1.0011052275881318,0.0004046841274965388,0.00038421699147151274,0.00034104536736651703,0.00024347921329480668,0.00013845770174944545,5.218984982894585e-05,1.7381182894855387e-05,3.1602088741536764e-06,0.0,0.0,10.0
1.3935,0.9999666372705195,0.00022795949913264707,1.0010021641641065,0.0003475326404094487,0.0003740660729418918,0.0003392481871161837,0.00024370638189186272,0.00013682240455054783,5.1562684933756534e-05,1.719344782577387e-05,3.13900285519411e-06,0.0,0.0,10.0
1.3965,1.0000104041349722,0.00025321328374803317,1.000860327899648,0.0002969345510004119,0.00036839485117333973,0.00033907149369956363,0.00024392241201229845,0.00013508129879287171,5.097929067113984e-05,1.7030436928710868e-05,3.129373231796521e-06,0.0,0.0,10.0
1.3995000000000002,1.0000245349222063,0.0002506096744677752,1.0006854018971398,0.00025523980697777734,0.00036770450227339573,0.000340332685710951,0.00024395296580792156,0.00013322588452450177,5.044286399883235e-05,1.689398201017407e-05,3.1311040049957005e-06,0.0,0.0,10.0
1.4024999999999999,1.0000172136679193,0.00023016504598880202,1.000496300934556,0.00022412446343450987,0.00037160231680782537,0.00034262175459101135,0.00024367065054347773,0.00013126190262234224,4.9953413114665964e-05,1.678315362067256e-05,3.143162281495226e-06,0.0,0.0,10.0
1.4055,1.0000008241721117,0.00020522668764132916,1.0003212826993892,0.0002057491951583685,0.00037915568843098187,0.00034521437008823067,0.00024292913665093267,0.0001292172910756677,4.951697523981341e-05,1.6694750270855696e-05,3.1631833565232413e-06,0.0,0.0,10.0
1.4085,0.9999875145507885,0.0001857815225175498,1.0001883183884692,0.00020238471159577921,0.00038920422113082316,0.00034724974391989655,0.00024157359734655967,0.00012712707821979362,4.914259262182035e-05,1.6625446357112412e-05,3.188501999355514e-06,0.0,0.0,10.0
1.4115000000000002,0.9999865525845193,0.00017468999105973358,1.0001146827745142,0.00021504924998509996,0.0004004417773232004,0.0003479563626327936,0.00023949629543888222,0.00012501993194032586,4.883453983134733e-05,1.6573556351266708e-05,3.217503719895656e-06,0.0,0.0,10.0
1.4144999999999999,1.0000029112653905,0.00016782994962052938,1.000100987126696,0.00024222441794080117,0.00041132782169340783,0.00034675102977695,0.00023667401689506998,0.00012291989830048926,4.858899395176308e-05,1.6539269354422276e-05,3.25009949968135e-06,0.0,0.0,10.0
1.4175,1.0000365200106454,0.00015758917576634316,1.0001321149726359,0.0002793840594012119,0.0004200580450566649,0.0003432303572823723,0.00023314963537277592,0.00012085409581573266,4.839813908882722e-05,1.6523851408825696e-05,3.2870545180906e-06,0.0,0.0,10.0
1.4205,1.0000821172684955,0.00013774807708158472,1.0001839554767715,0.000319555440658174,0.0004247850556744559,0.00033717645650423303,0.00022897255327842742,0.0001188518231470395,4.825821209779846e-05,1.6528838701765175e-05,3.3287085646390768e-06,0.0,0.0,10.0
1.4235000000000002,1.0001302431759136,0.00010712090988790778,1.0002323908146473,0.00035480455684188105,0.00042406818987178127,0.0003286326901748511,0.00022415382472991155,0.00011693538957118159,4.817508783417205e-05,1.6555532534794277e-05,3.3739408373522334e-06,0.0,0.0,10.0
1.4264999999999999,1.0001699916526414,6.994966299352406e-05,1.0002605810001315,0.0003783254639488799,0.000417331209717562,0.0003179807061192055,0.00021868891190659383,0.00011511760378231707,4.816259277531616e-05,1.660440023304433e-05,3.420076182834637e-06,0.0,0.0,10.0
1.4295,1.0001940540459622,3.2974691941741066e-05,1.0002611561260268,0.00038651842332389826,0.00040519558502134497,0.00030591567344604527,0.0002126295743325267,0.0001134169108923983,4.823661615367052e-05,1.6674266544717525e-05,3.4636375132350214e-06,0.0,0.0,10.0
1.4325,1.000204181020634,1.10233146519063e-06,1.0002329762154907,0.0003802397055302433,0.00038963929125489434,0.000293290706537728,0.00020613048197564403,0.00011188268289974802,4.841268876236157e-05,1.6761832459747566e-05,3.5011832372874793e-06,0.0,0.0,10.0
1.4355000000000002,1.000179361274746,-2.486144120444874e-05,1.000209939797061,0.0003643055535725985,0.00036957182432988285,0.00028093962923735034,0.00020013188316750195,0.00011059953988984567,4.8616070131787384e-05,1.686040107892268e-05,3.5378031825753274e-06,0.0,0.0,10.0
1.4385,0.9998180299742269,-4.508011215043042e-05,1.0005136789715168,0.00034469180493524584,0.00030816464463544635,0.00026964357686332574,0.00020160360706070735,0.00010962008916342471,4.79872083476952e-05,1.6947782152918234e-05,3.648086704367032e-06,0.0,0.0,10.0
1.4415,0.9998133033259667,-5.400734475247781e-05,1.0004735308475534,0.00032440658895252234,0.0002916595814517636,0.0002605373750885906,0.0001970685326390752,0.00010906313798755564,4.8325719857536226e-05,1.7058469940325184e-05,3.6746121730957884e-06,0.0,0.0,10.0
1.4445000000000001,0.9998299177001346,-4.18982238427329e-05,1.0004413812500996,0.0003029786016963141,0.00027751739697245926,0.00025449232906219914,0.00019401329702814718,0.00010882024517418543,4.865548408988318e-05,1.7171327489455857e-05,3.701656757091567e-06,0.0,0.0,10.0
1.4474999999999998,0.9998711442962681,-4.972475886905331e-06,1.0004190519547298,0.00027976892533574695,0.00026594068249297424,0.0002517133395017234,0.00019241482330665155,0.00010877822469489196,4.8939316163391115e-05,1.7280351535366294e-05,3.7293788714852795e-06,0.0,0.0,10.0
1.4505,0.9999295488809583,4.8981648081252676e-05,1.0004048998939596,0.00025601959857358926,0.00025694902137948783,0.0002514568848410574,0.00019185091785920834,0.00010879958921205951,4.914737022947239e-05,1.7372951279570414e-05,3.75457491539662e-06,0.0,0.0,10.0
1.4535,0.999990508311829,0.00010428138409799813,1.0003943730092697,0.00023416589764008365,0.00025047658174720343,0.000252409180332558,0.00019163957069796207,0.00010872536318969826,4.925068164403255e-05,1.7431444225708342e-05,3.7717856804903467e-06,0.0,0.0,10.0
1.4565000000000001,1.0000400475151672,0.00014538898430615442,1.0003811034178485,0.00021599954386316273,0.00024623327731870576,0.0002532712185988168,0.00019108029799003978,0.00010837907355049673,4.9211807633639376e-05,1.743728933157272e-05,3.7757582245979396e-06,0.0,0.0,10.0
1.4594999999999998,1.0000704428616694,0.00016313987441108753,1.0003590621134708,0.00020165605589489639,0.0002436056798384067,0.0002531321474367221,0.00018964337951877462,0.00010759215610419131,4.8986933088642886e-05,1.7375394634430944e-05,3.763169329555417e-06,0.0,0.0,10.0
1.4625,1.0000810748198534,0.00015645122765542915,1.0003250469565808,0.00019000914701919789,0.00024173556757911175,0.00025150669447222444,0.0001870357202996751,0.00010624249641944161,4.8539019701074245e-05,1.7236679606921746e-05,3.732852106503099e-06,0.0,0.0,10.0
1.4655,1.0000761052513292,0.0001305741162863469,1.0002801472201006,0.00017971500193125891,0.00023971826075756174,0.00024818406756262073,0.00018316803185597873,0.00010428075406178286,4.785069795143509e-05,1.701856867948639e-05,3.6851313392276663e-06,0.0,0.0,10.0
1.4685000000000001,1.0000614984411964,9.403772647420406e-05,1.0002293614937885,0.00016998696756516426,0.00023680152291057893,0.00024307639083166732,0.0001780819362838962,0.00010172890883161881,4.692798834463124e-05,1.6723965501429876e-05,3.621097587500518e-06,0.0,0.0,10.0
1.4714999999999998,1.000042832636755,5.575400730064938e-05,1.000179652703721,0.0001607432402465958,0.00023249943643411457,0.00023614951828163878,0.00017188188806718522,9.865604378635087e-05,4.5794539405938246e-05,1.6359448378271503e-05,3.542174654213524e-06,0.0,0.0,10.0
1.4745,1.0000242125357293,2.2903319373156577e-05,1.000137486828912,0.00015229213479444264,0.00022659138467772823,0.0002274182998187303,0.00016469164975745925,9.51481805666654e-05,4.4481772040772603e-05,1.5933325353793685e-05,3.4499206082668124e-06,0.0,0.0,10.0
1.4775,1.000008081043957,-2.4444169664966516e-07,1.0001069209353057,0.0001449019387580509,0.00021902688026725407,0.00021695544588574078,0.00015663662936401482,9.128680502689305e-05,4.302042125010325e-05,1.545401360700621e-05,3.345917605297779e-06,0.0,0.0,10.0
1.4805000000000001,0.9999956081285828,-1.2625722121779428e-05,1.000088800060381,0.00013852382833531976,0.00020979425055807826,0.00020488200738484565,0.00014784384370901017,8.71411431821006e-05,4.143598338910619e-05,1.4929002746334333e-05,3.23169779576461e-06,0.0,0.0,10.0
1.4834999999999998,0.99998729010902,-1.5937053703581756e-05,1.0000810451864837,0.00013275486178504224,0.00019882376532468323,0.00019134144478166095,0.0001384481470641496,8.277060631727381e-05,3.97478606785544e-05,1.4364455989756608e-05,3.108710265442064e-06,0.0,0.0,10.0
1.4865,0.9999833651264461,-1.3609056573968562e-05,1.0000796715327431,0.00012696061684836253,0.00018597673219798564,0.00017648220848330838,0.0001285947614279983,7.823029334816061e-05,3.797100354343383e-05,1.3765352987483828e-05,2.978299966647844e-06,0.0,0.0,10.0
1.4895,0.999983787697863,-9.42502204620274e-06,1.0000800940512988,0.00012041391107975153,0.00017112706767388454,0.00016047172633781227,0.00011843362357437151,7.357407021797073e-05,3.6118936591671104e-05,1.3135994292925912e-05,2.8416392117174162e-06,0.0,0.0,10.0
1.4925000000000002,0.9999879063007263,-6.21690907145288e-06,1.0000783260228756,0.00011239101337151845,0.0001542881846882081,0.00014353658806609353,0.00010810988935557057,6.885441785558537e-05,3.420692033703374e-05,1.248062843316283e-05,2.699629492409076e-06,0.0,0.0,10.0
1.4954999999999998,0.9999943835264488,-5.242619993222754e-06,1.000071766794305,0.0001023052605628167,0.0001357069561030516,0.00012599225346814755,9.776138378909207e-05,6.41223180227543e-05,3.225361108520286e-05,1.1803937259110033e-05,2.552913443519142e-06,0.0,0.0,10.0
1.4985,1.0000017162649308,-6.52753863462059e-06,1.000059438580607,8.994089843266492e-05,0.0001158702442242095,0.00010822984396855826,8.7528522077189e-05,5.94299892951049e-05,3.0280337961582447e-05,1.1111223911484888e-05,2.4020939759575776e-06,0.0,0.0,10.0
