-1.4985,7.0,4.236602746353586e-216,1.0,0.0,0.0,0.0,0.0,0.0,0.0,0.0,0.0,0.0,0.0,2.0
-1.4955,7.0,4.799464513674225e-215,1.0,0.0,0.0,0.0,0.0,0.0,0.0,0.0,0.0,0.0,0.0,2.0
-1.4925,7.0,5.862520150154627e-214,1.0,0.0,0.0,0.0,0.0,0.0,0.0,0.0,0.0,0.0,0.0,2.0
-1.4895,7.0,7.151076140014189e-213,1.0,0.0,0.0,0.0,0.0,0.0,0.0,0.0,0.0,0.0,0.0,2.0
-1.4865,7.0,8.706229728921882e-212,1.0,0.0,0.0,0.0,0.0,0.0,0.0,0.0,0.0,0.0,0.0,2.0
-1.4835,7.0,1.057950583157974e-210,1.0,0.0,0.0,0.0,0.0,0.0,0.0,0.0,0.0,0.0,0.0,2.0
-1.4805,7.0,1.2831674921797246e-209,1.0,0.0,0.0,0.0,0.0,0.0,0.0,0.0,0.0,0.0,0.0,2.0
-1.4775,7.0,1.5534237548221185e-208,1.0,0.0,0.0,0.0,0.0,0.0,0.0,0.0,0.0,0.0,0.0,2.0
-1.4745,7.0,1.8771146494895706e-207,1.0,0.0,0.0,0.0,0.0,0.0,0.0,0.0,0.0,0.0,0.0,2.0
-1.4715,7.0,2.2640773020697512e-206,1.0,0.0,0.0,0.0,0.0,0.0,0.0,0.0,0.0,0.0,0.0,2.0
-1.4685,7.0,2.7258145708689975e-205,1.0,0.0,0.0,0.0,0.0,0.0,0.0,0.0,0.0,0.0,0.0,2.0
-1.4655,7.0,3.275749305494425e-204,1.0,0.0,0.0,0.0,0.0,0.0,0.0,0.0,0.0,0.0,0.0,2.0
-1.4625,7.0,3.929512345929042e-203,1.0,0.0,0.0,0.0,0.0,0.0,0.0,0.0,0.0,0.0,0.0,2.0
-1.4595,7.0,4.7052678900477835e-202,1.0,0.0,0.0,0.0,0.0,0.0,0.0,0.0,0.0,0.0,0.0,2.0
-1.4565,7.0,5.6240801278894734e-201,1.0,0.0,0.0,0.0,0.0,0.0,0.0,0.0,0.0,0.0,0.0,2.0
-1.4535,7.0,6.710325317750765e-200,1.0,0.0,0.0,0.0,0.0,0.0,0.0,0.0,0.0,0.0,0.0,2.0
-1.4505,7.0,7.992153760142339e-199,1.0,0.0,0.0,0.0,0.0,0.0,0.0,0.0,0.0,0.0,0.0,2.0
-1.4475,7.0,9.50200640667311e-198,1.0,0.0,0.0,0.0,0.0,0.0,0.0,0.0,0.0,0.0,0.0,2.0
-1.4445,7.0,1.127719111532326e-196,1.0,0.0,0.0,0.0,0.0,0.0,0.0,0.0,0.0,0.0,0.0,2.0
-1.4415,7.0,1.3360523821195458e-195,1.0,0.0,0.0,0.0,0.0,0.0,0.0,0.0,0.0,0.0,0.0,2.0
-1.4385,7.0,1.5801040118059783e-194,1.0,0.0,0.0,0.0,0.0,0.0,0.0,0.0,0.0,0.0,0.0,2.0
-1.4355,7.0,1.865478292062894e-193,1.0,0.0,0.0,0.0,0.0,0.0,0.0,0.0,0.0,0.0,0.0,2.0
-1.4325,7.0,2.1985671973770853e-192,1.0,0.0,0.0,0.0,0.0,0.0,0.0,0.0,0.0,0.0,0.0,2.0
-1.4295,7.0,2.5866460958757193e-191,1.0,0.0,0.0,0.0,0.0,0.0,0.0,0.0,0.0,0.0,0.0,2.0
-1.4265,7.0,3.0379787776520493e-190,1.0,0.0,0.0,0.0,0.0,0.0,0.0,0.0,0.0,0.0,0.0,2.0
-1.4235,7.0,3.5619323214779528e-189,1.0,0.0,0.0,0.0,0.0,0.0,0.0,0.0,0.0,0.0,0.0,2.0
-1.4205,7.0,4.1691022574570954e-188,1.0,0.0,0.0,0.0,0.0,0.0,0.0,0.0,0.0,0.0,0.0,2.0
-1.4175,7.0,4.871448388278301e-187,1.0,0.0,0.0,0.0,0.0,0.0,0.0,0.0,0.0,0.0,0.0,2.0
-1.4145,7.0,5.682441499029721e-186,1.0,0.0,0.0,0.0,0.0,0.0,0.0,0.0,0.0,0.0,0.0,2.0
-1.4115,7.0,6.617221009321693e-185,1.0,0.0,0.0,0.0,0.0,0.0,0.0,0.0,0.0,0.0,0.0,2.0
-1.4085,7.0,7.692763396914983e-184,1.0,0.0,0.0,0.0,0.0,0.0,0.0,0.0,0.0,0.0,0.0,2.0
-1.4055,7.0,8.928060945869024e-183,1.0,0.0,0.0,0.0,0.0,0.0,0.0,0.0,0.0,0.0,0.0,2.0
-1.4025,7.0,1.034431004337249e-181,1.0,0.0,0.0,0.0,0.0,0.0,0.0,0.0,0.0,0.0,0.0,2.0
-1.3995,7.0,1.1965107869854796e-180,1.0,0.0,0.0,0.0,0.0,0.0,0.0,0.0,0.0,0.0,0.0,2.0
-1.3965,7.0,1.381665590237829e-179,1.0,0.0,0.0,0.0,0.0,0.0,0.0,0.0,0.0,0.0,0.0,2.0
-1.3935,7.0,1.5927968191692564e-178,1.0,0.0,0.0,0.0,0.0,0.0,0.0,0.0,0.0,0.0,0.0,2.0
-1.3905,7.0,1.8331081893505835e-177,1.0,0.0,0.0,0.0,0.0,0.0,0.0,0.0,0.0,0.0,0.0,2.0
-1.3875,7.0,2.1061267054313125e-176,1.0,0.0,0.0,0.0,0.0,0.0,0.0,0.0,0.0,0.0,0.0,2.0
-1.3845,7.0,2.4157232196250783e-175,1.0,0.0,0.0,0.0,0.0,0.0,0.0,0.0,0.0,0.0,0.0,2.0
-1.3815,7.0,2.7661321843105004e-174,1.0,0.0,0.0,0.0,0.0,0.0,0.0,0.0,0.0,0.0,0.0,2.0
-1.3785,7.0,3.1619701813560405e-173,1.0,0.0,0.0,0.0,0.0,0.0,0.0,0.0,0.0,0.0,0.0,2.0
-1.3755,7.0,3.6082527913106434e-172,1.0,0.0,0.0,0.0,0.0,0.0,0.0,0.0,0.0,0.0,0.0,2.0
-1.3725,7.0,4.110409361841633e-171,1.0,0.0,0.0,0.0,0.0,0.0,0.0,0.0,0.0,0.0,0.0,2.0
-1.3695,7.0,4.674295250173267e-170,1.0,0.0,0.0,0.0,0.0,0.0,0.0,0.0,0.0,0.0,0.0,2.0
-1.3665,7.0,5.306201151831567e-169,1.0,0.0,0.0,0.0,0.0,0.0,0.0,0.0,0.0,0.0,0.0,2.0
-1.3635,7.0,6.0128591901490045e-168,1.0,0.0,0.0,0.0,0.0,0.0,0.0,0.0,0.0,0.0,0.0,2.0
-1.3605,7.0,6.801445529245548e-167,1.0,0.0,0.0,0.0,0.0,0.0,0.0,0.0,0.0,0.0,0.0,2.0
-1.3575,7.0,7.679579387942213e-166,1.0,0.0,0.0,0.0,0.0,0.0,0.0,0.0,0.0,0.0,0.0,2.0
-1.3545,7.0,8.655318472238848e-165,1.0,0.0,0.0,0.0,0.0,0.0,0.0,0.0,0.0,0.0,0.0,2.0
-1.3515,7.0,9.737151006939762e-164,1.0,0.0,0.0,0.0,0.0,0.0,0.0,0.0,0.0,0.0,0.0,2.0
-1.3485,7.0,1.0933984728284761e-162,1.0,0.0,0.0,0.0,0.0,0.0,0.0,0.0,0.0,0.0,0.0,2.0
-1.3455,7.0,1.225513339266956e-161,1.0,0.0,0.0,0.0,0.0,0.0,0.0,0.0,0.0,0.0,0.0,2.0
-1.3425,7.0,1.3710301553377169e-160,1.0,0.0,0.0,0.0,0.0,0.0,0.0,0.0,0.0,0.0,0.0,2.0
-1.3395,7.0,1.530956854740306e-159,1.0,0.0,0.0,0.0,0.0,0.0,0.0,0.0,0.0,0.0,0.0,2.0
-1.3365,7.0,1.7063372805823654e-158,1.0,0.0,0.0,0.0,0.0,0.0,0.0,0.0,0.0,0.0,0.0,2.0
-1.3335,7.0,1.898249774000979e-157,1.0,0.0,0.0,0.0,0.0,0.0,0.0,0.0,0.0,0.0,0.0,2.0
-1.3305,7.0,2.1078060547356255e-156,1.0,0.0,0.0,0.0,0.0,0.0,0.0,0.0,0.0,0.0,0.0,2.0
-1.3275000000000001,7.0,2.3361505308371425e-155,1.0,0.0,0.0,0.0,0.0,0.0,0.0,0.0,0.0,0.0,0.0,2.0
-1.3245,7.0,2.5844601696158102e-154,1.0,0.0,0.0,0.0,0.0,0.0,0.0,0.0,0.0,0.0,0.0,2.0
-1.3215,7.0,2.853945047450929e-153,1.0,0.0,0.0,0.0,0.0,0.0,0.0,0.0,0.0,0.0,0.0,2.0
-1.3185,7.0,3.1458496708863586e-152,1.0,0.0,0.0,0.0,0.0,0.0,0.0,0.0,0.0,0.0,0.0,2.0
-1.3155000000000001,7.0,3.461455124512161e-151,1.0,0.0,0.0,0.0,0.0,0.0,0.0,0.0,0.0,0.0,0.0,2.0
-1.3125,7.0,3.8020820519229367e-150,1.0,0.0,0.0,0.0,0.0,0.0,0.0,0.0,0.0,0.0,0.0,2.0
-1.3094999999999999,7.0,4.169094414596449e-149,1.0,0.0,0.0,0.0,0.0,0.0,0.0,0.0,0.0,0.0,0.0,2.0
-1.3065,7.0,4.563903900665236e-148,1.0,0.0,0.0,0.0,0.0,0.0,0.0,0.0,0.0,0.0,0.0,2.0
-1.3035,7.0,4.987974772990956e-147,1.0,0.0,0.0,0.0,0.0,0.0,0.0,0.0,0.0,0.0,0.0,2.0
-1.3005,7.0,5.4428288564730465e-146,1.0,0.0,0.0,0.0,0.0,0.0,0.0,0.0,0.0,0.0,0.0,2.0
-1.2974999999999999,7.0,5.930050272032606e-145,1.0,0.0,0.0,0.0,0.0,0.0,0.0,0.0,0.0,0.0,0.0,2.0
-1.2945,7.0,6.45128943424925e-144,1.0,0.0,0.0,0.0,0.0,0.0,0.0,0.0,0.0,0.0,0.0,2.0
-1.2915,7.0,7.008265747286614e-143,1.0,0.0,0.0,0.0,0.0,0.0,0.0,0.0,0.0,0.0,0.0,2.0
-1.2885,7.0,7.602768366468844e-142,1.0,0.0,0.0,0.0,0.0,0.0,0.0,0.0,0.0,0.0,0.0,2.0
-1.2855,7.0,8.236654348136359e-141,1.0,0.0,0.0,0.0,0.0,0.0,0.0,0.0,0.0,0.0,0.0,2.0
-1.2825,7.0,8.91184349574127e-140,1.0,0.0,0.0,0.0,0.0,0.0,0.0,0.0,0.0,0.0,0.0,2.0
-1.2795,7.0,9.630309232535063e-139,1.0,0.0,0.0,0.0,0.0,0.0,0.0,0.0,0.0,0.0,0.0,2.0
-1.2765,7.0,1.03940648964328e-137,1.0,0.0,0.0,0.0,0.0,0.0,0.0,0.0,0.0,0.0,0.0,2.0
-1.2735,7.0,1.1205144964552547e-136,1.0,0.0,0.0,0.0,0.0,0.0,0.0,0.0,0.0,0.0,0.0,2.0
-1.2705,7.0,1.2065580874740076e-135,1.0,0.0,0.0,0.0,0.0,0.0,0.0,0.0,0.0,0.0,0.0,2.0
-1.2675,7.0,1.2977371317100996e-134,1.0,0.0,0.0,0.0,0.0,0.0,0.0,0.0,0.0,0.0,0.0,2.0
-1.2645,7.0,1.3942447114583605e-133,1.0,0.0,0.0,0.0,0.0,0.0,0.0,0.0,0.0,0.0,0.0,2.0
-1.2615,7.0,1.496263108868552e-132,1.0,0.0,0.0,0.0,0.0,0.0,0.0,0.0,0.0,0.0,0.0,2.0
-1.2585,7.0,1.6039593601596823e-131,1.0,0.0,0.0,0.0,0.0,0.0,0.0,0.0,0.0,0.0,0.0,2.0
-1.2555,7.0,1.71748047637977e-130,1.0,0.0,0.0,0.0,0.0,0.0,0.0,0.0,0.0,0.0,0.0,2.0
-1.2525,7.0,1.8369484578472916e-129,1.0,0.0,0.0,0.0,0.0,0.0,0.0,0.0,0.0,0.0,0.0,2.0
-1.2495,7.0,1.9624552542287857e-128,1.0,0.0,0.0,0.0,0.0,0.0,0.0,0.0,0.0,0.0,0.0,2.0
-1.2465,7.0,2.0940578417551e-127,1.0,0.0,0.0,0.0,0.0,0.0,0.0,0.0,0.0,0.0,0.0,2.0
-1.2435,7.0,2.2317736016525382e-126,1.0,0.0,0.0,0.0,0.0,0.0,0.0,0.0,0.0,0.0,0.0,2.0
-1.2405,7.0,2.375576188022352e-125,1.0,0.0,0.0,0.0,0.0,0.0,0.0,0.0,0.0,0.0,0.0,2.0
-1.2375,7.0,2.5253920680523603e-124,1.0,0.0,0.0,0.0,0.0,0.0,0.0,0.0,0.0,0.0,0.0,2.0
-1.2345,7.0,2.6810979019159675e-123,1.0,0.0,0.0,0.0,0.0,0.0,0.0,0.0,0.0,0.0,0.0,2.0
-1.2315,7.0,2.8425189037990307e-122,1.0,0.0,0.0,0.0,0.0,0.0,0.0,0.0,0.0,0.0,0.0,2.0
-1.2285,7.0,3.0094282894875828e-121,1.0,0.0,0.0,0.0,0.0,0.0,0.0,0.0,0.0,0.0,0.0,2.0
-1.2255,7.0,3.18154787068739e-120,1.0,0.0,0.0,0.0,0.0,0.0,0.0,0.0,0.0,0.0,0.0,2.0
-1.2225,7.0,3.358549803173167e-119,1.0,0.0,0.0,0.0,0.0,0.0,0.0,0.0,0.0,0.0,0.0,2.0
-1.2195,7.0,3.540059437116671e-118,1.0,0.0,0.0,0.0,0.0,0.0,0.0,0.0,0.0,0.0,0.0,2.0
-1.2165,7.0,3.7256591564464124e-117,1.0,0.0,0.0,0.0,0.0,0.0,0.0,0.0,0.0,0.0,0.0,2.0
-1.2135,7.0,3.9148930336515746e-116,1.0,0.0,0.0,0.0,0.0,0.0,0.0,0.0,0.0,0.0,0.0,2.0
-1.2105000000000001,7.0,4.107272071756164e-115,1.0,0.0,0.0,0.0,0.0,0.0,0.0,0.0,0.0,0.0,0.0,2.0
-1.2075,7.0,4.302279761729834e-114,1.0,0.0,0.0,0.0,0.0,0.0,0.0,0.0,0.0,0.0,0.0,2.0
-1.2045,7.0,4.499377657299717e-113,1.0,0.0,0.0,0.0,0.0,0.0,0.0,0.0,0.0,0.0,0.0,2.0
-1.2015,7.0,4.69801066580121e-112,1.0,0.0,0.0,0.0,0.0,0.0,0.0,0.0,0.0,0.0,0.0,2.0
-1.1985000000000001,7.0,4.897611778234126e-111,1.0,0.0,0.0,0.0,0.0,0.0,0.0,0.0,0.0,0.0,0.0,2.0
-1.1955,7.0,5.0976060169900947e-110,1.0,0.0,0.0,0.0,0.0,0.0,0.0,0.0,0.0,0.0,0.0,2.0
-1.1925,7.0,5.297413465654473e-109,1.0,0.0,0.0,0.0,0.0,0.0,0.0,0.0,0.0,0.0,0.0,2.0
-1.1895,7.0,5.49645135774049e-108,1.0,0.0,0.0,0.0,0.0,0.0,0.0,0.0,0.0,0.0,0.0,2.0
-1.1865,7.0,5.694135331538692e-107,1.0,0.0,0.0,0.0,0.0,0.0,0.0,0.0,0.0,0.0,0.0,2.0
-1.1835,7.0,5.889880093401665e-106,1.0,0.0,0.0,0.0,0.0,0.0,0.0,0.0,0.0,0.0,0.0,2.0
-1.1804999999999999,7.0,6.083099855196128e-105,1.0,0.0,0.0,0.0,0.0,0.0,0.0,0.0,0.0,0.0,0.0,2.0
-1.1775,7.0,6.273209005123572e-104,1.0,0.0,0.0,0.0,0.0,0.0,0.0,0.0,0.0,0.0,0.0,2.0
-1.1745,7.0,6.459623517225951e-103,1.0,0.0,0.0,0.0,0.0,0.0,0.0,0.0,0.0,0.0,0.0,2.0
-1.1715,7.0,6.641763589872096e-102,1.0,0.0,0.0,0.0,0.0,0.0,0.0,0.0,0.0,0.0,0.0,2.0
-1.1684999999999999,7.0,6.81905791983233e-101,1.0,0.0,0.0,0.0,0.0,0.0,0.0,0.0,0.0,0.0,0.0,2.0
-1.1655,7.0,6.990949866758981e-100,1.0,0.0,0.0,0.0,0.0,0.0,0.0,0.0,0.0,0.0,0.0,2.0
-1.1625,7.0,7.156905552245153e-99,1.0,0.0,0.0,0.0,0.0,0.0,0.0,0.0,0.0,0.0,0.0,2.0
-1.1595,7.0,7.316423685151994e-98,1.0,0.0,0.0,0.0,0.0,0.0,0.0,0.0,0.0,0.0,0.0,2.0
-1.1564999999999999,7.0,7.469046633113551e-97,1.0,0.0,0.0,0.0,0.0,0.0,0.0,0.0,0.0,0.0,0.0,2.0
-1.1535,7.0,7.614371994049857e-96,1.0,0.0,0.0,0.0,0.0,0.0,0.0,0.0,0.0,0.0,0.0,2.0
-1.1505,7.0,7.752063685597128e-95,1.0,0.0,0.0,0.0,0.0,0.0,0.0,0.0,0.0,0.0,0.0,2.0
-1.1475,7.0,7.88186138644269e-94,1.0,0.0,0.0,0.0,0.0,0.0,0.0,0.0,0.0,0.0,0.0,2.0
-1.1445,7.0,8.003587050418072e-93,1.0,0.0,0.0,0.0,0.0,0.0,0.0,0.0,0.0,0.0,0.0,2.0
-1.1415,7.0,8.117147188856583e-92,1.0,0.0,0.0,0.0,0.0,0.0,0.0,0.0,0.0,0.0,0.0,2.0
-1.1385,7.0,8.222529696723871e-91,1.0,0.0,0.0,0.0,0.0,0.0,0.0,0.0,0.0,0.0,0.0,2.0
-1.1355,7.0,8.319794203577427e-90,1.0,0.0,0.0,0.0,0.0,0.0,0.0,0.0,0.0,0.0,0.0,2.0
-1.1325,7.0,8.409055284360593e-89,1.0,0.0,0.0,0.0,0.0,0.0,0.0,0.0,0.0,0.0,0.0,2.0
-1.1295,7.0,8.490458389267285e-88,1.0,0.0,0.0,0.0,0.0,0.0,0.0,0.0,0.0,0.0,0.0,2.0
-1.1265,7.0,8.56414905920446e-87,1.0,0.0,0.0,0.0,0.0,0.0,0.0,0.0,0.0,0.0,0.0,2.0
-1.1235,7.0,8.630236875387855e-86,1.0,0.0,0.0,0.0,0.0,0.0,0.0,0.0,0.0,0.0,0.0,2.0
-1.1205,7.0,8.688756605215323e-85,1.0,0.0,0.0,0.0,0.0,0.0,0.0,0.0,0.0,0.0,0.0,2.0
-1.1175,7.0,8.739630062364984e-84,1.0,0.0,0.0,0.0,0.0,0.0,0.0,0.0,0.0,0.0,0.0,2.0
-1.1145,7.0,8.782633156579082e-83,1.0,0.0,0.0,0.0,0.0,0.0,0.0,0.0,0.0,0.0,0.0,2.0
-1.1115,7.0,8.817373282473312e-82,1.0,0.0,0.0,0.0,0.0,0.0,0.0,0.0,0.0,0.0,0.0,2.0
-1.1085,7.0,8.843282376678847e-81,1.0,0.0,0.0,0.0,0.0,0.0,0.0,0.0,0.0,0.0,0.0,2.0
-1.1055,7.0,8.859630457132468e-80,1.0,0.0,0.0,0.0,0.0,0.0,0.0,0.0,0.0,0.0,0.0,2.0
-1.1025,7.0,8.865563098625403e-79,1.0,0.0,0.0,0.0,0.0,0.0,0.0,0.0,0.0,0.0,0.0,2.0
-1.0995,7.0,8.860164046657339e-78,1.0,0.0,0.0,0.0,0.0,0.0,0.0,0.0,0.0,0.0,0.0,2.0
-1.0965,7.0,8.842541121977762e-77,1.0,0.0,0.0,0.0,0.0,0.0,0.0,0.0,0.0,0.0,0.0,2.0
-1.0935000000000001,7.0,8.811929984863472e-76,1.0,0.0,0.0,0.0,0.0,0.0,0.0,0.0,0.0,0.0,0.0,2.0
-1.0905,7.0,8.767806644520722e-75,1.0,0.0,0.0,0.0,0.0,0.0,0.0,0.0,0.0,0.0,0.0,2.0
-1.0875,7.0,8.709996384564676e-74,1.0,0.0,0.0,0.0,0.0,0.0,0.0,0.0,0.0,0.0,0.0,2.0
-1.0845,7.0,8.638764666686928e-73,1.0,0.0,0.0,0.0,0.0,0.0,0.0,0.0,0.0,0.0,0.0,2.0
-1.0815000000000001,7.0,8.554875172813032e-72,1.0,0.0,0.0,0.0,0.0,0.0,0.0,0.0,0.0,0.0,0.0,2.0
-1.0785,7.0,8.459601895438858e-71,1.0,0.0,0.0,0.0,0.0,0.0,0.0,0.0,0.0,0.0,0.0,2.0
-1.0755,7.0,8.354686250198733e-70,1.0,0.0,0.0,0.0,0.0,0.0,0.0,0.0,0.0,0.0,0.0,2.0
-1.0725,7.0,8.242236349834808e-69,1.0,0.0,0.0,0.0,0.0,0.0,0.0,0.0,0.0,0.0,0.0,2.0
-1.0695000000000001,7.0,8.124573208717242e-68,1.0,0.0,0.0,0.0,0.0,0.0,0.0,0.0,0.0,0.0,0.0,2.0
-1.0665,7.0,8.004036718897907e-67,1.0,0.0,0.0,0.0,0.0,0.0,0.0,0.0,0.0,0.0,0.0,2.0
-1.0635,7.0,7.882771467023058e-66,1.0,0.0,0.0,0.0,0.0,0.0,0.0,0.0,0.0,0.0,0.0,2.0
-1.0605,7.0,7.762517506290007e-65,1.0,0.0,0.0,0.0,0.0,0.0,0.0,0.0,0.0,0.0,0.0,2.0
-1.0575,7.0,7.644432924452602e-64,1.0,0.0,0.0,0.0,0.0,0.0,0.0,0.0,0.0,0.0,0.0,2.0
-1.0545,7.0,7.528972789674268e-63,1.0,0.0,0.0,0.0,0.0,0.0,0.0,0.0,0.0,0.0,0.0,2.0
-1.0514999999999999,7.0,7.415842808882215e-62,1.0,0.0,0.0,0.0,0.0,0.0,0.0,0.0,0.0,0.0,0.0,2.0
-1.0485,7.0,7.304036541680615e-61,1.0,0.0,0.0,0.0,0.0,0.0,0.0,0.0,0.0,0.0,0.0,2.0
-1.0455,7.0,7.19195368821256e-60,1.0,0.0,0.0,0.0,0.0,0.0,0.0,0.0,0.0,0.0,0.0,2.0
-1.0425,7.0,7.077585656039021e-59,1.0,0.0,0.0,0.0,0.0,0.0,0.0,0.0,0.0,0.0,0.0,2.0
-1.0394999999999999,7.0,6.958745235542118e-58,1.0,0.0,0.0,0.0,0.0,0.0,0.0,0.0,0.0,0.0,0.0,2.0
-1.0365,7.0,6.833311392779494e-57,1.0,0.0,0.0,0.0,0.0,0.0,0.0,0.0,0.0,0.0,0.0,2.0
-1.0335,7.0,6.699458892458548e-56,1.0,0.0,0.0,0.0,0.0,0.0,0.0,0.0,0.0,0.0,0.0,2.0
-1.0305,7.0,6.555845811202492e-55,1.0,0.0,0.0,0.0,0.0,0.0,0.0,0.0,0.0,0.0,0.0,2.0
-1.0275,7.0,6.401739248105143e-54,1.0,0.0,0.0,0.0,0.0,0.0,0.0,0.0,0.0,0.0,0.0,2.0
-1.0245,7.0,6.237069254672532e-53,1.0,0.0,0.0,0.0,0.0,0.0,0.0,0.0,0.0,0.0,0.0,2.0
-1.0215,7.0,6.062411394156847e-52,1.0,0.0,0.0,0.0,0.0,0.0,0.0,0.0,0.0,0.0,0.0,2.0
-1.0185,7.0,5.878907625765847e-51,1.0,0.0,0.0,0.0,0.0,0.0,0.0,0.0,0.0,0.0,0.0,2.0
-1.0155,7.0,5.688141989741631e-50,1.0,0.0,0.0,0.0,0.0,0.0,0.0,0.0,0.0,0.0,0.0,2.0
-1.0125,7.0,5.4919910548893936e-49,1.0,0.0,0.0,0.0,0.0,0.0,0.0,0.0,0.0,0.0,0.0,2.0
-1.0095,7.0,5.292469185428517e-48,1.0,0.0,0.0,0.0,0.0,0.0,0.0,0.0,0.0,0.0,0.0,2.0
-1.0065,7.0,5.091585911252887e-47,1.0,0.0,0.0,0.0,0.0,0.0,0.0,0.0,0.0,0.0,0.0,2.0
-1.0035,7.0,4.891227987243547e-46,1.0,0.0,0.0,0.0,0.0,0.0,0.0,0.0,0.0,0.0,0.0,2.0
-1.0005,7.0,4.6930732111608826e-45,1.0,0.0,0.0,0.0,0.0,0.0,0.0,0.0,0.0,0.0,0.0,2.0
-0.9975,7.0,4.498537765089921e-44,1.0,0.0,0.0,0.0,0.0,0.0,0.0,0.0,0.0,0.0,0.0,2.0
-0.9945,7.0,4.3087545224940515e-43,1.0,0.0,0.0,0.0,0.0,0.0,0.0,0.0,0.0,0.0,0.0,2.0
-0.9915,7.0,4.124576844152621e-42,1.0,0.0,0.0,0.0,0.0,0.0,0.0,0.0,0.0,0.0,0.0,2.0
-0.9885,7.0,3.9466009502799593e-41,1.0,0.0,0.0,0.0,0.0,0.0,0.0,0.0,0.0,0.0,0.0,2.0
-0.9855,7.0,3.775199811467129e-40,1.0,0.0,0.0,0.0,0.0,0.0,0.0,0.0,0.0,0.0,0.0,2.0
-0.9825,7.0,3.6105622958890303e-39,1.0,0.0,0.0,0.0,0.0,0.0,0.0,0.0,0.0,0.0,0.0,2.0
-0.9795,7.0,3.4527326439769614e-38,1.0,0.0,0.0,0.0,0.0,0.0,0.0,0.0,0.0,0.0,0.0,2.0
-0.9765,7.0,3.301646853620004e-37,1.0,0.0,0.0,0.0,0.0,0.0,0.0,0.0,0.0,0.0,0.0,2.0
-0.9735,7.0,3.157163979736705e-36,1.0,0.0,0.0,0.0,0.0,0.0,0.0,0.0,0.0,0.0,0.0,2.0
-0.9705,7.0,3.0190915209840826e-35,1.0,0.0,0.0,0.0,0.0,0.0,0.0,0.0,0.0,0.0,0.0,2.0
-0.9675,7.0,2.88720492160406e-34,1.0,0.0,0.0,0.0,0.0,0.0,0.0,0.0,0.0,0.0,0.0,2.0
-0.9645,7.0,2.7612617617837988e-33,1.0,0.0,0.0,0.0,0.0,0.0,0.0,0.0,0.0,0.0,0.0,2.0
-0.9615,7.0,2.6410114951254476e-32,1.0,0.0,0.0,0.0,0.0,0.0,0.0,0.0,0.0,0.0,0.0,2.0
-0.9585,7.0,2.526201734762597e-31,1.0,0.0,0.0,0.0,0.0,0.0,0.0,0.0,0.0,0.0,0.0,2.0
-0.9555,7.0,2.416582056092624e-30,1.0,0.0,0.0,0.0,0.0,0.0,0.0,0.0,0.0,0.0,0.0,2.0
-0.9525,7.0,2.3119060291789447e-29,1.0,0.0,0.0,0.0,0.0,0.0,0.0,0.0,0.0,0.0,0.0,2.0
-0.9495,7.0,2.2119329084858085e-28,1.0,0.0,0.0,0.0,0.0,0.0,0.0,0.0,0.0,0.0,0.0,2.0
-0.9465,7.0,2.1164294882375845e-27,1.0,0.0,0.0,0.0,0.0,0.0,0.0,0.0,0.0,0.0,0.0,2.0
-0.9435,7.0,2.0251660528698496e-26,1.0,0.0,0.0,0.0,0.0,0.0,0.0,0.0,0.0,0.0,0.0,2.0
-0.9405,7.0,1.93792383415282e-25,1.0,0.0,0.0,0.0,0.0,0.0,0.0,0.0,0.0,0.0,0.0,2.0
-0.9375,7.0,1.8545189020146994e-24,1.0,0.0,0.0,0.0,0.0,0.0,0.0,0.0,0.0,0.0,0.0,2.0
-0.9345,7.0,1.7746866448366422e-23,1.0,0.0,0.0,0.0,0.0,0.0,0.0,0.0,0.0,0.0,0.0,2.0
-0.9315,7.0,1.6982003562018013e-22,1.0,0.0,0.0,0.0,0.0,0.0,0.0,0.0,0.0,0.0,0.0,2.0
-0.9285,7.0,1.625732719568363e-21,1.0,0.0,0.0,0.0,0.0,0.0,0.0,0.0,0.0,0.0,0.0,2.0
-0.9255,7.0,1.5551423961764986e-20,1.0,0.0,0.0,0.0,0.0,0.0,0.0,0.0,0.0,0.0,0.0,2.0
-0.9225,7.0,1.4856435951526092e-19,1.0,0.0,0.0,0.0,0.0,0.0,0.0,0.0,0.0,0.0,0.0,2.0
-0.9195,7.0,1.4339672672523018e-18,1.0,0.0,0.0,0.0,0.0,0.0,0.0,0.0,0.0,0.0,0.0,2.0
-0.9165,7.0,1.3729351947724896e-17,1.0,0.0,0.0,0.0,0.0,0.0,0.0,0.0,0.0,0.0,0.0,2.0
-0.9135,7.0,1.174106421811509e-16,1.0,0.0,0.0,0.0,0.0,0.0,0.0,0.0,0.0,0.0,0.0,2.0
-0.9105,7.0,4.696784581180957e-16,0.9999999999999994,0.0,0.0,0.0,0.0,0.0,0.0,0.0,0.0,0.0,0.0,2.0
-0.9075,6.999999999999996,1.199591451593027e-15,0.9999999999999986,0.0,0.0,0.0,0.0,0.0,0.0,0.0,0.0,0.0,0.0,2.0
-0.9045,6.99999999999999,2.560104202336286e-15,0.999999999999997,0.0,0.0,0.0,0.0,0.0,0.0,0.0,0.0,0.0,0.0,2.0
-0.9015,6.99999999999998,5.194774358184963e-15,0.999999999999994,0.0,0.0,0.0,0.0,0.0,0.0,0.0,0.0,0.0,0.0,2.0
-0.8985,6.999999999999958,1.0338363410371219e-14,0.999999999999988,0.0,0.0,0.0,0.0,0.0,0.0,0.0,0.0,0.0,0.0,2.0
-0.8955,6.999999999999918,2.0264149314172067e-14,0.9999999999999766,0.0,0.0,0.0,0.0,0.0,0.0,0.0,0.0,0.0,0.0,2.0
-0.8925,6.999999999999841,3.9338900264077046e-14,0.9999999999999546,0.0,0.0,0.0,0.0,0.0,0.0,0.0,0.0,0.0,0.0,2.0
-0.8895,6.999999999999696,7.582140557588219e-14,0.9999999999999123,0.0,0.0,0.0,0.0,0.0,0.0,0.0,0.0,0.0,0.0,2.0
-0.8865,6.9999999999994165,1.4513366951489948e-13,0.9999999999998325,0.0,0.0,0.0,0.0,0.0,0.0,0.0,0.0,0.0,0.0,2.0
-0.8835,6.999999999998884,2.7622437586553724e-13,0.9999999999996814,0.0,0.0,0.0,0.0,0.0,0.0,0.0,0.0,0.0,0.0,2.0
-0.8805,6.999999999997887,5.231389415349254e-13,0.9999999999993963,0.0,0.0,0.0,0.0,0.0,0.0,0.0,0.0,0.0,0.0,2.0
-0.8775,6.999999999996019,9.860371808291863e-13,0.9999999999988612,0.0,0.0,0.0,0.0,0.0,0.0,0.0,0.0,0.0,0.0,2.0
-0.8745,6.999999999992526,1.8495731317225683e-12,0.9999999999978644,0.0,0.0,0.0,0.0,0.0,0.0,0.0,0.0,0.0,0.0,2.0
-0.8715,6.999999999986049,3.4526845780769027e-12,0.9999999999960129,0.0,0.0,0.0,0.0,0.0,0.0,0.0,0.0,0.0,0.0,2.0
-0.8685,6.999999999974078,6.4142977268946626e-12,0.9999999999925935,0.0,0.0,0.0,0.0,0.0,0.0,0.0,0.0,0.0,0.0,2.0
-0.8655,6.999999999952072,1.1858674493710413e-11,0.9999999999863072,0.0,0.0,0.0,0.0,0.0,0.0,0.0,0.0,0.0,0.0,2.0
-0.8625,6.999999999911824,2.1817943246305978e-11,0.9999999999748068,0.0,0.0,0.0,0.0,0.0,0.0,0.0,0.0,0.0,0.0,2.0
-0.8595,6.9999999998385585,3.994656869953352e-11,0.9999999999538738,0.0,0.0,0.0,0.0,0.0,0.0,0.0,0.0,0.0,0.0,2.0
-0.8565,6.999999999705848,7.278297742233189e-11,0.9999999999159579,0.0,0.0,0.0,0.0,0.0,0.0,0.0,0.0,0.0,0.0,2.0
-0.8535,6.999999999466664,1.3196664170602417e-10,0.9999999998476179,0.0,0.0,0.0,0.0,0.0,0.0,0.0,0.0,0.0,0.0,2.0
-0.8505,6.999999999037672,2.381140234565562e-10,0.9999999997250497,0.0,0.0,0.0,0.0,0.0,0.0,0.0,0.0,0.0,0.0,2.0
-0.8475,6.999999998272035,4.2756073598674684e-10,0.9999999995062953,0.0,0.0,0.0,0.0,0.0,0.0,0.0,0.0,0.0,0.0,2.0
-0.8445,6.999999996912199,7.640323136296675e-10,0.9999999991177716,0.0,0.0,0.0,0.0,0.0,0.0,0.0,0.0,0.0,0.0,2.0
-0.8415,6.999999994508675,1.3587505006012735e-09,0.99999999843105,0.0,0.0,0.0,0.0,0.0,0.0,0.0,0.0,0.0,0.0,2.0
-0.8385,6.999999990280681,2.4049075229226854e-09,0.9999999972230522,0.0,0.0,0.0,0.0,0.0,0.0,0.0,0.0,0.0,0.0,2.0
-0.8355,6.999999982878408,4.236496380763689e-09,0.9999999951081151,0.0,0.0,0.0,0.0,0.0,0.0,0.0,0.0,0.0,0.0,2.0
-0.8325,6.999999969979197,7.428222124908017e-09,0.9999999914226281,0.0,0.0,0.0,0.0,0.0,0.0,0.0,0.0,0.0,0.0,2.0
-0.8295,6.999999947605306,1.2964325760777895e-08,0.9999999850300857,0.0,0.0,0.0,0.0,0.0,0.0,0.0,0.0,0.0,0.0,2.0
-0.8265,6.999999908977151,2.2522313445697205e-08,0.9999999739934734,0.0,0.0,0.0,0.0,0.0,0.0,0.0,0.0,0.0,0.0,2.0
-0.8235,6.999999842597518,3.894701374695178e-08,0.999999955027863,0.0,0.0,0.0,0.0,0.0,0.0,0.0,0.0,0.0,0.0,2.0
-0.8205,6.999999729070739,6.703760717827807e-08,0.9999999225916403,0.0,0.0,0.0,0.0,0.0,0.0,0.0,0.0,0.0,0.0,2.0
-0.8175,6.999999535860237,1.1484480717995449e-07,0.9999998673886448,0.0,0.0,0.0,0.0,0.0,0.0,0.0,0.0,0.0,0.0,2.0
-0.8145,6.999999208727126,1.9578925977408898e-07,0.9999997739220516,0.0,0.0,0.0,0.0,0.0,0.0,0.0,0.0,0.0,0.0,2.0
-0.8115,6.999998657902671,3.3208296267709267e-07,0.99999961654367,0.0,0.0,0.0,0.0,0.0,0.0,0.0,0.0,0.0,0.0,2.0
-0.8085,6.999997735803287,5.602433869141984e-07,0.999999353086787,0.0,0.0,0.0,0.0,0.0,0.0,0.0,0.0,0.0,0.0,2.0
-0.8055,6.9999961997661595,9.40313998542758e-07,0.9999989142192783,0.0,0.0,0.0,0.0,0.0,0.0,0.0,0.0,0.0,0.0,2.0
-0.8025,6.999993645255494,1.572391438398453e-06,0.9999981843597614,0.0,0.0,0.0,0.0,0.0,0.0,0.0,0.0,0.0,0.0,2.0
-0.7995,6.999989391999013,2.6247994114446007e-06,0.9999969691454966,0.0,0.0,0.0,0.0,0.0,0.0,0.0,0.0,0.0,0.0,2.0
-0.7965,6.999982360400938,4.364668514248438e-06,0.9999949601226166,0.0,0.0,0.0,0.0,0.0,0.0,0.0,0.0,0.0,0.0,2.0
-0.7935,6.999971120822868,7.145742299748029e-06,0.9999917488280132,0.0,0.0,0.0,0.0,0.0,0.0,0.0,0.0,0.0,0.0,2.0
-0.7905,6.9999542811405595,1.13124766997317e-05,0.9999869375304258,0.0,0.0,0.0,0.0,0.0,0.0,0.0,0.0,0.0,0.0,2.0
-0.7875,6.999944642367251,1.647456973543837e-05,0.9999772731910028,0.0,0.0,0.0,0.0,0.0,0.0,0.0,0.0,0.0,0.0,2.0
-0.7845,6.9999367801454895,1.8946492400367324e-05,0.9999712871195658,0.0,0.0,0.0,0.0,0.0,0.0,0.0,0.0,0.0,0.0,2.0
-0.7815,6.999898429487343,2.5143832495298486e-05,0.9999613720322007,3.0689326613414954e-05,-1.0550929512428857e-05,8.503914049560568e-07,-8.562916865114814e-08,0.0,0.0,0.0,0.0,0.0,0.0,6.0
-0.7785,6.99987276589721,3.13941324055197e-05,0.99995471236529,3.975468488855974e-05,-1.2092654083584367e-05,1.1303797885061013e-06,-2.976634322434427e-07,0.0,0.0,0.0,0.0,0.0,0.0,6.0
-0.7755,6.999851609370041,3.725154538451524e-05,0.9999480300875656,4.825534614760461e-05,-1.4093294804505425e-05,1.5304953795455028e-06,-3.7073052562055337e-07,0.0,0.0,0.0,0.0,0.0,0.0,6.0
-0.7725,6.999874423132163,4.265217226578785e-05,0.9999367084444885,5.3917865916379926e-05,-1.407958174707137e-05,2.0761934084251325e-06,-6.016534106276443e-07,0.0,0.0,0.0,0.0,0.0,0.0,6.0
-0.7695,6.999861602056972,4.644610457515041e-05,0.999930861007492,6.0289656447891344e-05,-1.7834568927519617e-05,2.6465078609006875e-06,-6.526215810726662e-07,0.0,0.0,0.0,0.0,0.0,0.0,6.0
-0.7665,6.9998179820046555,5.5295548138221666e-05,0.9999192435783212,6.614927593506571e-05,-2.087200911932691e-05,3.0689676131287358e-06,-7.684302887200963e-07,0.0,0.0,0.0,0.0,0.0,0.0,6.0
-0.7635,6.999782793065378,6.158244973908124e-05,0.9999068455659849,7.498402656109031e-05,-2.3689755674349985e-05,3.575888341236402e-06,-7.080907771900621e-07,0.0,0.0,0.0,0.0,0.0,0.0,6.0
-0.7605,6.999744266213815,6.887930454317837e-05,0.999892696109624,8.589558118907288e-05,-2.6205432428573835e-05,4.192038611858165e-06,-6.61811965758917e-07,0.0,0.0,0.0,0.0,0.0,0.0,6.0
-0.7575,6.999730451599014,7.831836310637608e-05,0.9998736546542111,9.775620314517515e-05,-2.6052942456615906e-05,4.861246301888271e-06,-1.1224300596987839e-06,0.0,0.0,0.0,0.0,0.0,0.0,6.0
-0.7545,6.999687642480854,9.006115123720615e-05,0.99985711500795,0.00011087967031669011,-2.915151878499873e-05,5.585948908689467e-06,-1.130225180654614e-06,0.0,0.0,0.0,0.0,0.0,0.0,6.0
-0.7515,6.999638118226959,0.00010359085443853009,0.9998394146899426,0.00012636913759953475,-3.306864875084959e-05,6.285953477049962e-06,-1.0747031555866184e-06,0.0,0.0,0.0,0.0,0.0,0.0,6.0
-0.7485,6.9995867277268555,0.00011872591346756721,0.9998188481731706,0.00014422428826238828,-3.6961925863426177e-05,6.9718760586608605e-06,-1.0916555867649966e-06,0.0,0.0,0.0,0.0,0.0,0.0,6.0
-0.7455,6.999528056838256,0.00013547603112946198,0.9997951919060246,0.00016430024354124095,-4.107009945907375e-05,7.672037880270115e-06,-1.1439859215264084e-06,0.0,0.0,0.0,0.0,0.0,0.0,6.0
-0.7425,6.999480200330248,0.00015409779589961145,0.9997653536814098,0.00018612266234684042,-4.3342204241849425e-05,8.449843713838933e-06,-1.5638247338389423e-06,0.0,0.0,0.0,0.0,0.0,0.0,6.0
-0.7395,6.999402733455382,0.00017487491103936907,0.9997343933458068,0.00020969202793729848,-4.812786651570552e-05,9.328089146910712e-06,-1.6442812408363567e-06,0.0,0.0,0.0,0.0,0.0,0.0,6.0
-0.7365,6.999312984583877,0.00019804303143030697,0.9996996291832599,0.00023561819132159915,-5.368169392247996e-05,1.0272431226412998e-05,-1.6723275244572919e-06,0.0,0.0,0.0,0.0,0.0,0.0,6.0
-0.7335,6.999215912046739,0.00022407602765293777,0.9996600753308319,0.00026405491583787424,-5.956652541008264e-05,1.1283379879913442e-05,-1.7274063815317844e-06,0.0,0.0,0.0,0.0,0.0,0.0,6.0
-0.7305,6.99910855334287,0.0002534414937431212,0.9996157465860257,0.0002953140894660678,-6.60782449613566e-05,1.2347144926985073e-05,-1.773693158384961e-06,0.0,0.0,0.0,0.0,0.0,0.0,6.0
-0.7275,6.99900322828303,0.0002866496723622267,0.9995644340845428,0.00032955493076170807,-7.173442040460657e-05,1.3470518137220195e-05,-2.0634129256824907e-06,0.0,0.0,0.0,0.0,0.0,0.0,6.0
-0.7245,6.998869805955556,0.0003240462083224894,0.9995095264909717,0.00036734868712779627,-7.950272500720432e-05,1.4633673514755588e-05,-2.1195313718774e-06,0.0,0.0,0.0,0.0,0.0,0.0,6.0
-0.7215,6.998719008653516,0.00036584152324151294,0.9994487021994769,0.00040958230444694814,-8.79710508500895e-05,1.5797402445867882e-05,-2.168025371050924e-06,0.0,0.0,0.0,0.0,0.0,0.0,6.0
-0.7185,6.998552392856582,0.00041242399661240337,0.9993807811315615,0.00045654324071929986,-9.675463004577016e-05,1.6975576579398723e-05,-2.2620593634412288e-06,0.0,0.0,0.0,0.0,0.0,0.0,6.0
-0.7155,6.998366715579168,0.00046426432810684225,0.9993051895987609,0.0005083440336702219,-0.00010603267644829289,1.8190914205352754e-05,-2.3626565773010704e-06,0.0,0.0,0.0,0.0,0.0,0.0,6.0
-0.7125,6.998170421039581,0.0005219782693414627,0.9992197483364316,0.0005648174004320481,-0.00011475700500693132,1.948131548734418e-05,-2.633790797510621e-06,0.0,0.0,0.0,0.0,0.0,0.0,6.0
-0.7095,6.997940032680892,0.0005861443119828311,0.9991265923477496,0.0006261464172613646,-0.00012528177314787014,2.084360956334747e-05,-2.691191574186636e-06,0.0,0.0,0.0,0.0,0.0,0.0,6.0
-0.7065,6.997683016276938,0.0006572845394983359,0.9990236000482984,0.0006929287609821974,-0.00013662010933963538,2.2233152886771127e-05,-2.696184024532199e-06,0.0,0.0,0.0,0.0,0.0,0.0,6.0
-0.7035,6.99739943744574,0.0007360618758769776,0.9989095873233412,0.000765521849301536,-0.00014853439042913398,2.362438520980938e-05,-2.6896581182866886e-06,0.0,0.0,0.0,0.0,0.0,0.0,6.0
-0.7005,6.997085692147521,0.00082318695155765,0.9987838017789147,0.0008443014294401962,-0.00016113709983542674,2.4993001958275043e-05,-2.656607627341968e-06,0.0,0.0,0.0,0.0,0.0,0.0,6.0
-0.6975,6.996746762842408,0.0009194646134839692,0.9986442630451905,0.0009294739512737217,-0.00017359752290139032,2.6340653031334983e-05,-2.7378965228981276e-06,0.0,0.0,0.0,0.0,0.0,0.0,6.0
-0.6945,6.996363527626857,0.0010256658571915012,0.9984921975567272,0.0010214803265213364,-0.00018766961802410084,2.7671951286132667e-05,-2.6626753295436547e-06,0.0,0.0,0.0,0.0,0.0,0.0,6.0
-0.6915,6.995940268106418,0.0011425365395585224,0.9983255363413613,0.0011210696780043618,-0.00020266072201091036,2.9008377171232422e-05,-2.5724648399276167e-06,0.0,0.0,0.0,0.0,0.0,0.0,6.0
-0.6885,6.995475325049199,0.001271003724063608,0.9981427710376637,0.001228959342159647,-0.0002185579145837058,3.040739380870896e-05,-2.506368108664553e-06,0.0,0.0,0.0,0.0,0.0,0.0,6.0
-0.6855,6.994963740760437,0.001412233765292787,0.9979423424027368,0.0013462031194835227,-0.00023557880839136986,3.1840226890969805e-05,-2.4249019438888825e-06,0.0,0.0,0.0,0.0,0.0,0.0,6.0
-0.6825,6.994405404013911,0.0015678349692659526,0.9977213096724117,0.0014738189774326977,-0.00025291496044656643,3.3070332911030774e-05,-2.3373087687174467e-06,0.0,0.0,0.0,0.0,0.0,0.0,6.0
-0.6795,6.993779659874747,0.001739766110549774,0.9974791725143202,0.0016115869152919734,-0.0002709493155145018,3.373528986583249e-05,-1.9593619175849843e-06,0.0,0.0,0.0,0.0,0.0,0.0,6.0
-0.6765,6.993081212321196,0.0019298713115512315,0.9972145362080842,0.001755260271125303,-0.00028729239772177644,3.391642031748786e-05,-1.5845578745782888e-06,0.0,0.0,0.0,0.0,0.0,0.0,6.0
-0.6735,6.992303453429252,0.002138700833237095,0.996929564733714,0.0018964545472061128,-0.0003001457291040011,3.453935591930581e-05,-1.7574129735279794e-06,0.0,0.0,0.0,0.0,0.0,0.0,6.0
-0.6705,6.991457701355019,0.0023631500685104014,0.9966285336132573,0.0020328699009442616,-0.0003111136709704457,3.6276060984864155e-05,-2.5499739132290304e-06,0.0,0.0,0.0,0.0,0.0,0.0,6.0
-0.6675,6.990685037488867,0.002598618869715845,0.9962941162316774,0.002146322168421872,-0.0003254484840237071,4.069038824997291e-05,-2.637328889315045e-06,0.0,0.0,0.0,0.0,0.0,0.0,6.0
-0.6645,6.990263326798992,0.0027050764541668706,0.9961144827048329,0.002317335569968955,-0.00037530369144871215,4.085971697804878e-05,-1.7334094712266677e-07,0.0,0.0,0.0,0.0,0.0,0.0,6.0
-0.6615,6.988784977668371,0.0030862807923061203,0.9956311438583858,0.002531779674664346,-0.00036994462483046995,4.054610579981569e-05,-2.498901924754915e-06,-1.8088292684451463e-07,3.11616760946644e-07,0.0,0.0,0.0,0.0,8.0
-0.6585,6.987747435968772,0.003370985978430669,0.9952473109938357,0.0027026255698268213,-0.00039531757116846323,4.6779353607392486e-05,-2.7336435339761286e-06,-6.977867155792204e-07,4.26589211582986e-07,0.0,0.0,0.0,0.0,8.0
-0.6555,6.986664025010406,0.0036696531029422313,0.9948333671471817,0.0029093511037807203,-0.00042873866088194245,5.1059044789532516e-05,-1.886229136343255e-06,-1.1525880237163883e-06,4.47561543759985e-07,0.0,0.0,0.0,0.0,8.0
-0.6525,6.985581295448711,0.003993149560699923,0.9943694264105971,0.0031485372468726893,-0.0004593540033486624,5.201147435979885e-05,-7.340879309540638e-07,-1.3815755143331467e-06,4.0425684618363435e-07,0.0,0.0,0.0,0.0,8.0
-0.6495,6.984180126838588,0.0043513126350581376,0.9938809039093657,0.0033970534056663266,-0.000496832513489554,5.261386128157226e-05,1.3612936558426281e-06,-1.5860185910813716e-06,2.6339374909363115e-07,0.0,0.0,0.0,0.0,8.0
-0.6465,6.982695098783534,0.004744070089399472,0.9933460812237129,0.003645319720291882,-0.0005227137916501533,5.5206526767058995e-05,8.796093618897404e-07,-1.9656522032210845e-06,4.968756541139638e-07,0.0,0.0,0.0,0.0,8.0
-0.6435,6.9812031265389,0.005156143824255393,0.9927721259955539,0.003935739682517386,-0.0005575811542878126,5.3207711773169505e-05,2.8046837872903745e-06,-2.0389389033325827e-06,3.9713899729841774e-07,0.0,0.0,0.0,0.0,8.0
-0.6405,6.97958375293032,0.005606803817831658,0.9921482433940092,0.004243275031691409,-0.0005883875134109464,4.888747938281493e-05,5.12656912176471e-06,-1.913994293444168e-06,1.8903538626782557e-07,0.0,0.0,0.0,0.0,8.0
-0.6375,6.977895812803512,0.006102441585535808,0.9914624019895015,0.004542031072544653,-0.0005998685645547617,4.63103305188054e-05,4.676162613663601e-06,-1.8808970788102015e-06,3.020403738734535e-07,0.0,0.0,0.0,0.0,8.0
-0.6345,6.975784658014253,0.00663868006029444,0.9907656328050122,0.004828739130057994,-0.0006276891169658844,4.684133784424768e-05,6.289091674301057e-06,-2.078268951579638e-06,2.051711496690494e-07,0.0,0.0,0.0,0.0,8.0
-0.6315,6.973580425243247,0.007202372406982482,0.9900249470013263,0.005131110151546907,-0.0006527071065787495,4.7057501914346545e-05,7.1391870490765295e-06,-2.2801550391893193e-06,2.3796354425113858e-07,0.0,0.0,0.0,0.0,8.0
-0.6285,6.971364932898423,0.007792757444097186,0.9892318320073469,0.005459227380384681,-0.0006756535060490249,4.5010337179939586e-05,7.94566750987192e-06,-2.339647658749407e-06,2.773601680604073e-07,0.0,0.0,0.0,0.0,8.0
-0.6255,6.9690119455684085,0.00842290710082986,0.9883914871569401,0.005793829591804729,-0.0006986748340889534,4.2997457675400266e-05,8.872249118930126e-06,-2.411585679766607e-06,3.0930932481257744e-07,0.0,0.0,0.0,0.0,8.0
-0.6225,6.966541114625567,0.009094095454338712,0.9874992718066982,0.006134545332579565,-0.0007183931126728774,4.116461491975565e-05,9.445180307241431e-06,-2.505843679625242e-06,3.8765443891372145e-07,0.0,0.0,0.0,0.0,8.0
-0.6195,6.963849228603233,0.009806333168037216,0.9865663820311596,0.006483701892036091,-0.0007435355562316529,3.93142387730024e-05,1.1135919744814293e-05,-2.6112504259376205e-06,3.299457923979411e-07,0.0,0.0,0.0,0.0,8.0
-0.6165,6.961023638878361,0.010559799390766978,0.9855788964119132,0.006843004742888262,-0.0007639409065828914,3.730068843890455e-05,1.2382500986072447e-05,-2.713394921984024e-06,3.2392362786365134e-07,0.0,0.0,0.0,0.0,8.0
-0.6135,6.958034213975089,0.011355633145778787,0.9845392275052179,0.007211215460670041,-0.000782298789130015,3.517286639479319e-05,1.3604720371922572e-05,-2.814564858740051e-06,3.1836796367656977e-07,0.0,0.0,0.0,0.0,8.0
-0.6105,6.954872722559919,0.012194765198369765,0.9834471204724279,0.007587723427901781,-0.0007994298832793871,3.293256795698552e-05,1.4845927954274844e-05,-2.9158174660302612e-06,3.090960233040293e-07,0.0,0.0,0.0,0.0,8.0
-0.6075,6.951577791176713,0.01307883845459271,0.9822955572344193,0.007971169707454366,-0.0008115588971541975,3.08931730567572e-05,1.534932642845e-05,-3.0453800290256536e-06,3.9281080668794935e-07,0.0,0.0,0.0,0.0,8.0
-0.6045,6.94800445781033,0.014009652422476093,0.9810998419753107,0.008365108149486848,-0.000833180810273846,2.87455071374154e-05,1.736910819072253e-05,-3.22189072682407e-06,3.102251137482613e-07,0.0,0.0,0.0,0.0,8.0
-0.6015,6.94424356824856,0.01499088188786217,0.9798404883227827,0.008772251879592415,-0.0008510059106685093,2.518527557206938e-05,1.9298411477403363e-05,-3.36624172721854e-06,2.44931242616025e-07,0.0,0.0,0.0,0.0,8.0
-0.5985,6.9402811152726445,0.01602678417947515,0.9785177426990296,0.009173025765699755,-0.0008566759457151779,2.0118540508711142e-05,2.0379279233317677e-05,-3.344357967807285e-06,2.175056289695934e-07,0.0,0.0,0.0,0.0,8.0
-0.5955,6.9361133167204745,0.017106623500178858,0.9771598815764985,0.00953230953916676,-0.0008545989589471759,1.9951090872018914e-05,1.9414072931772876e-05,-3.5228997000509655e-06,4.1668805372831947e-07,0.0,0.0,0.0,0.0,8.0
-0.5925,6.9321035729112115,0.018198521220034503,0.9757705676165738,0.009885755748016256,-0.0008734430690304641,2.8438233199464003e-05,1.9470666905481202e-05,-4.457586623056367e-06,6.443519762680921e-07,0.0,0.0,0.0,0.0,8.0
-0.5895,6.927862911328704,0.019284036312164802,0.9743232124202139,0.010451516406531424,-0.0009354022838286162,1.0963269504533648e-05,2.8242334358791937e-05,-3.7958231828712875e-06,-1.6737481039659327e-07,0.0,0.0,0.0,0.0,8.0
-0.5865,6.922825508014481,0.020583446248298012,0.9727173117455031,0.01085959912949834,-0.0009086229822422011,6.80069537670446e-06,2.517393669554555e-05,-3.834341007300667e-06,3.1765220883080825e-07,0.0,0.0,0.0,0.0,8.0
-0.5835,6.917896009147161,0.021876193167995762,0.9710970702288715,0.01128598283132506,-0.0009061626442574011,1.6272468403949428e-07,2.7200934757495844e-05,-3.703137446664902e-06,1.584936950805678e-07,0.0,0.0,0.0,0.0,8.0
-0.5805,6.912700272726721,0.023215713136355665,0.9694412878559556,0.011651343893079216,-0.0008921058584441267,-6.69670507342662e-07,2.644066475795094e-05,-3.762111472253102e-06,3.417726160086891e-07,0.0,0.0,0.0,0.0,8.0
-0.5775,6.907758711267286,0.024562892464996166,0.9677566868176902,0.01199045088033598,-0.0008982001842217701,1.0378848917992845e-05,2.5760598810100613e-05,-4.817531832808492e-06,7.059938271535299e-07,0.0,0.0,0.0,0.0,8.0
-0.5745,6.902524254856497,0.02588567383355006,0.9660321786845399,0.012576188894522005,-0.0009622628317547933,-8.83642342996181e-06,3.59184459841787e-05,-4.0434440018881555e-06,-2.1789503695303177e-07,0.0,0.0,0.0,0.0,8.0
-0.5715,6.896322673645256,0.02745718549427718,0.9641434497730549,0.012952674300210701,-0.0009248928385826843,-8.23076416127975e-06,3.1563852517061654e-05,-4.338330532001593e-06,4.6477233906598356e-07,0.0,0.0,0.0,0.0,8.0
-0.5685,6.890451623236631,0.02899027392447499,0.9622502057338536,0.013386445667397327,-0.0009301416819211326,-1.001668100396581e-05,3.4183952618144735e-05,-4.5899687349263885e-06,3.57285926811381e-07,0.0,0.0,0.0,0.0,8.0
-0.5655,6.884364921053656,0.030571571619758976,0.9602855908787299,0.013840513633778504,-0.0009334519606342235,-1.6367858922005285e-05,3.764099238576652e-05,-4.4744352170908215e-06,8.31182317938845e-08,0.0,0.0,0.0,0.0,8.0
-0.5625,6.878224272915451,0.032216119007335585,0.9582291175972365,0.014285650228551598,-0.0009148251397399455,-2.4185355613183472e-05,3.824877582022809e-05,-4.2402385852990325e-06,5.5490723558899984e-08,0.0,0.0,0.0,0.0,8.0
-0.5595,6.871432832168286,0.03392955615658206,0.9561561630347911,0.014691008775134176,-0.0009150119752517142,-2.7278165995211966e-05,4.06055385910998e-05,-4.3836189647833585e-06,-1.3854536218076204e-07,0.0,0.0,0.0,0.0,8.0
-0.5565,6.8644255833457,0.03569556119875818,0.9540272486153033,0.01507665674150054,-0.0009058951416152619,-2.562453062185824e-05,4.009365617648394e-05,-4.887535430863842e-06,1.3151745049522524e-07,0.0,0.0,0.0,0.0,8.0
-0.5535,6.857399638307624,0.03749505700509771,0.951837152846312,0.01549554435861342,-0.0009023675416658606,-2.7086460785863947e-05,4.099719334450659e-05,-5.177550470054032e-06,2.6912907989149246e-07,0.0,0.0,0.0,0.0,8.0
-0.5505,6.850217575364354,0.039346216322285035,0.9495802058996957,0.01593985151423249,-0.0009028076853319875,-3.301248149744114e-05,4.3937006155008086e-05,-5.106872708876831e-06,1.1919402874461298e-07,0.0,0.0,0.0,0.0,8.0
-0.5475,6.843003702032703,0.04126195651733404,0.9472297350252397,0.016386633669278165,-0.0008854528474067081,-4.136642146713582e-05,4.5760363138441655e-05,-4.776305499581223e-06,1.3643633130309656e-08,0.0,0.0,0.0,0.0,8.0
-0.5445,6.835147008405715,0.043251721455449366,0.9448491860204407,0.016797620913594047,-0.0008792470125841728,-4.65546691129496e-05,4.9116402445060955e-05,-4.628068541990996e-06,-2.634944706328156e-07,0.0,0.0,0.0,0.0,8.0
-0.5415,6.826996699810689,0.04530126717034131,0.9424097515094432,0.01718238755703442,-0.000860891125342744,-4.8351474699203555e-05,4.984168511325933e-05,-4.699676028680376e-06,-1.814776892896372e-07,0.0,0.0,0.0,0.0,8.0
-0.5385,6.81881196729813,0.04738815265891557,0.9399091175569222,0.01758484959841002,-0.0008437373092747743,-5.28631858642558e-05,5.134563158994875e-05,-4.570686414043797e-06,-2.0225459640606145e-07,0.0,0.0,0.0,0.0,8.0
-0.5355,6.810414498267702,0.049533948171135295,0.9373521195640984,0.017972350456580813,-0.0008254928056436256,-5.635715511455775e-05,5.280153331853253e-05,-4.4805540892322375e-06,-2.1175776478188714e-07,0.0,0.0,0.0,0.0,8.0
-0.5325,6.8018816178357815,0.05173650975308207,0.9347292034258207,0.018346254853709495,-0.0007979959136783804,-5.883255327079129e-05,5.29713257708435e-05,-4.432336273823883e-06,-7.155672679484904e-08,0.0,0.0,0.0,0.0,8.0
-0.5295,6.79298032614319,0.053992284447952156,0.9320710482169392,0.018711532089012092,-0.0007824915532197068,-6.103562180367859e-05,5.513833204763861e-05,-4.400730757136381e-06,-1.6663724285253902e-07,0.0,0.0,0.0,0.0,8.0
-0.5265,6.783863297593551,0.056298917700114345,0.9293586822443335,0.01907266360046768,-0.0007654068143051679,-6.336829313888585e-05,5.729226581647967e-05,-4.346980704904109e-06,-2.657837741574384e-07,0.0,0.0,0.0,0.0,8.0
-0.5235,6.77456958834525,0.05865734559719043,0.9265878066464734,0.019426729413445164,-0.0007433303619698265,-6.563704569397041e-05,5.887270776768407e-05,-4.27222055631288e-06,-3.011416853938132e-07,0.0,0.0,0.0,0.0,8.0
-0.5205,6.7650654938528305,0.061068077092114766,0.9237639659929965,0.01977165319770763,-0.0007195872174431705,-6.784221643633242e-05,6.0326621773378706e-05,-4.176493652562927e-06,-3.2356866983025743e-07,0.0,0.0,0.0,0.0,8.0
-0.5175,6.75539098879422,0.06353123104693277,0.9208833598636113,0.020105818557651842,-0.000690900837797293,-6.99109146241102e-05,6.114527153295629e-05,-4.06534258188294e-06,-2.794397734156757e-07,0.0,0.0,0.0,0.0,8.0
-0.5145,6.745435494016547,0.06604631770302011,0.9179614878931095,0.020429236133464417,-0.0006673219352142894,-7.207506578935955e-05,6.283501658601958e-05,-3.936798224070083e-06,-3.4549515031465384e-07,0.0,0.0,0.0,0.0,8.0
-0.5115,6.73526507293219,0.06861218713528079,0.9149910821377877,0.020743451840195548,-0.0006430425465176791,-7.450883057745024e-05,6.457177222727812e-05,-3.7737234574886654e-06,-4.3155808906507673e-07,0.0,0.0,0.0,0.0,8.0
-0.5085,6.724904932984216,0.07122853789906604,0.9119700965080055,0.021047278070152754,-0.0006157566420607541,-7.713811142935734e-05,6.605255120573913e-05,-3.5705674817361706e-06,-5.043719082320895e-07,0.0,0.0,0.0,0.0,8.0
-0.5055,6.714343302359759,0.07389490435573064,0.9089015254424545,0.021339294343903532,-0.0005864343518647009,-7.991372458979393e-05,6.744535273136076e-05,-3.3223019584486916e-06,-5.828955875514749e-07,0.0,0.0,0.0,0.0,8.0
-0.5025,6.703601429142821,0.07661060180003913,0.9057845600560255,0.02161776633969966,-0.0005532356766870149,-8.270025041109132e-05,6.847684669684172e-05,-3.0303494159915946e-06,-6.36327341989054e-07,0.0,0.0,0.0,0.0,8.0
-0.49950000000000006,6.692625049165568,0.0793743037863092,0.9026286107893248,0.02188167246927792,-0.0005210847568648523,-8.549205467535188e-05,6.983445806239532e-05,-2.6993104789370605e-06,-7.411581594916547e-07,0.0,0.0,0.0,0.0,8.0
-0.49649999999999994,6.681443948587783,0.08218396200253526,0.8994330012980475,0.02213084316558442,-0.000487975830406691,-8.820552721578185e-05,7.116721232599972e-05,-2.336170499744518e-06,-8.562653933838165e-07,0.0,0.0,0.0,0.0,8.0
-0.49350000000000005,6.670081620358809,0.08503774892232292,0.8961983770045878,0.022363744658532546,-0.0004527572839448815,-9.054677443083413e-05,7.222046407839181e-05,-1.962918535805454e-06,-9.493342756459481e-07,0.0,0.0,0.0,0.0,8.0
-0.49049999999999994,6.658541435085639,0.08793375710448287,0.8929283690392253,0.022578773253543124,-0.0004163045730821505,-9.218291849437902e-05,7.301387959467187e-05,-1.606693835211867e-06,-1.0167912587949425e-06,0.0,0.0,0.0,0.0,8.0
-0.48750000000000004,6.646840495525433,0.09087005896186363,0.8896249144951619,0.022774791191391395,-0.0003784823124288499,-9.278221291070989e-05,7.341350739562965e-05,-1.2941099550919107e-06,-1.03731653459539e-06,0.0,0.0,0.0,0.0,8.0
-0.48449999999999993,6.634957925729869,0.09384470335945987,0.8862943378275588,0.022951877203700666,-0.0003422871284283861,-9.219232669144146e-05,7.374692655346237e-05,-1.04386861578704e-06,-1.0411215039742326e-06,0.0,0.0,0.0,0.0,8.0
-0.48150000000000004,6.622905682522259,0.0968558220027913,0.8829380026155826,0.02311153146446531,-0.00030777546335371904,-9.040007424917762e-05,7.395029686252287e-05,-8.624751695327556e-07,-1.017166979974458e-06,0.0,0.0,0.0,0.0,8.0
-0.4784999999999999,6.610698151089299,0.09990223300352478,0.8795559272159975,0.02325529787309599,-0.00027447090915961675,-8.744560141756588e-05,7.392020040526358e-05,-7.50414064590834e-07,-9.525436285354504e-07,0.0,0.0,0.0,0.0,8.0
-0.47550000000000003,6.598337210284737,0.10298330604836238,0.8761488332142076,0.023384854710600977,-0.0002426565912948856,-8.345854143646351e-05,7.369834028159497e-05,-7.011278154243319e-07,-8.525944508103329e-07,0.0,0.0,0.0,0.0,8.0
-0.4724999999999999,6.5858282689304835,0.10609866542841313,0.872716478666554,0.023502219013175507,-0.0002122355230372534,-7.865178357865518e-05,7.330487325857753e-05,-7.008076467166405e-07,-7.222557186298474e-07,0.0,0.0,0.0,0.0,8.0
-0.46950000000000003,6.573160909536771,0.10924776242106826,0.8692604823762244,0.023610235103878635,-0.00018454651301362976,-7.338844082099548e-05,7.299226868890306e-05,-7.270085177972457e-07,-5.931315634215637e-07,0.0,0.0,0.0,0.0,8.0
-0.4664999999999999,6.56034062395117,0.11242955994400683,0.8657805919542332,0.023712964285799526,-0.00016001797163852174,-6.817614468792796e-05,7.291743597053943e-05,-7.471363203369309e-07,-4.878027745532811e-07,0.0,0.0,0.0,0.0,8.0
-0.4635,6.547382107609435,0.11564282709493968,0.8622753798314726,0.02381497837429392,-0.00013861386247224303,-6.360165578920404e-05,7.320229690311538e-05,-7.227134114474961e-07,-4.2624019548395985e-07,0.0,0.0,0.0,0.0,8.0
-0.4604999999999999,6.534297159392718,0.11888661211516835,0.858743306628003,0.023920545136877025,-0.00012035526995801976,-6.025538683323341e-05,7.399424177972261e-05,-6.145081241961308e-07,-4.317532333799579e-07,0.0,0.0,0.0,0.0,8.0
-0.4575,6.521095082594155,0.12216087260293862,0.855182138065596,0.024032424168010116,-0.0001046357330071956,-5.8585174569430264e-05,7.5344844609899e-05,-3.908567620569224e-07,-5.169495976468769e-07,0.0,0.0,0.0,0.0,8.0
-0.4544999999999999,6.507770590245926,0.12546681265901388,0.8515903130381121,0.024150925555821084,-9.074900424447246e-05,-5.878981787995765e-05,7.725548369422979e-05,-3.499624005990486e-08,-6.87498723597335e-07,0.0,0.0,0.0,0.0,8.0
-0.4515,6.49431561247971,0.12880649790090992,0.8479660966915524,0.024274030946640438,-7.724517718215776e-05,-6.0805661393127235e-05,7.957984638355953e-05,4.546352574078947e-07,-9.314665537260801e-07,0.0,0.0,0.0,0.0,8.0
-0.4484999999999999,6.480724729611456,0.13218197572576978,0.8443080261898451,0.024398361161385163,-6.23742788630923e-05,-6.441127583912486e-05,8.210021503111016e-05,1.070356829666937e-06,-1.2281072442176718e-06,0.0,0.0,0.0,0.0,8.0
-0.4455,6.466997837844221,0.13559389028922866,0.8406152211887808,0.024521898901193686,-4.4197180086015826e-05,-6.963092567559725e-05,8.45053326380262e-05,1.8208634200914049e-06,-1.5435436954539217e-06,0.0,0.0,0.0,0.0,8.0
-0.4424999999999999,6.455600768478617,0.139147038789355,0.8365554254941006,0.024060862868998063,-3.954214005727943e-05,-3.020648421647797e-05,9.099082081369882e-05,5.730363262639229e-07,-2.356688395112288e-06,0.0,0.0,0.0,0.0,8.0
-0.4395,6.450642013093371,0.14040269627846108,0.8346923979457338,0.024902820757821,-0.00033768390493216146,-7.563894440909094e-05,0.00011231916736497787,1.896300283779928e-06,-4.029242623829828e-06,0.0,0.0,0.0,0.0,8.0
-0.4365000000000001,6.424801797974623,0.14601653375048024,0.8293931748862442,0.02489766487922031,3.0441073573847036e-05,-7.226832120127896e-05,8.751105882100542e-05,7.769332697878454e-07,-1.9991895160702266e-06,5.183591025128137e-07,-3.026554692647089e-07,0.0,0.0,10.0
-0.4335,6.410163783876257,0.14958842235122888,0.8256227154988226,0.024941870871738974,3.446563541777148e-05,-7.181031950023687e-05,9.174304343017846e-05,7.749287945797578e-07,-2.4338840027165804e-06,6.265624234002014e-07,-2.791812833775557e-07,0.0,0.0,10.0
-0.4305000000000001,6.39559618649733,0.15318858952387399,0.8218078925562551,0.02497805051024947,5.7049172613891756e-05,-7.146893841972875e-05,9.326334747823823e-05,7.939273607039148e-07,-2.5760486357128594e-06,7.369257685706804e-07,-2.83953611839051e-07,0.0,0.0,10.0
-0.4275,6.38383090716631,0.15693975888152276,0.8175915918766531,0.024376416003493977,8.697236858144745e-05,-1.9763452407830664e-05,9.448218460728243e-05,-1.957157233057728e-06,-2.5992656943692506e-06,9.496678580107343e-07,-3.082087260423591e-07,0.0,0.0,10.0
-0.4245000000000001,6.378822743611183,0.15822343570582767,0.8157012044582423,0.025173395470302243,-0.0002048263851014524,-6.438571979464855e-05,0.00011378969945845645,-4.359680891158692e-07,-3.7993122352271457e-06,9.369797232704822e-07,-2.684949329818624e-07,0.0,0.0,10.0
-0.4215,6.3521851640746645,0.16409805712723777,0.81017712146489,0.025105899839014845,0.00022141167313355825,-6.976400967672771e-05,8.081905189804836e-05,1.2644110516739336e-06,-1.0564058087819089e-06,0.0,0.0,0.0,0.0,8.0
-0.4185000000000001,6.336932341381583,0.1678091990549074,0.8063456749463921,0.025047222518029932,0.00022435816614593907,-6.583922163842844e-05,8.368697116702561e-05,1.5901636930553508e-06,-1.2964711064820969e-06,0.0,0.0,0.0,0.0,8.0
-0.4155,6.321838645088358,0.17153455318111482,0.8024822543184353,0.02498550289313116,0.00024331480617666764,-6.182692722074958e-05,8.415004961584076e-05,1.9009619992169806e-06,-1.2975238202223225e-06,0.0,0.0,0.0,0.0,8.0
-0.4125000000000001,6.3068536989608175,0.17527699501942592,0.7985942534545789,0.024912975352001803,0.0002736755404437323,-5.7119374103786625e-05,8.284235649136727e-05,2.1699539866502055e-06,-1.1269968243458233e-06,0.0,0.0,0.0,0.0,8.0
-0.4095,6.291827477957645,0.17903852390797573,0.794699972245377,0.024825767253784655,0.0003054162697797466,-5.162881923737776e-05,8.106867657597204e-05,2.3874812538351996e-06,-9.168005490894475e-07,0.0,0.0,0.0,0.0,8.0
-0.4065000000000001,6.276564198273012,0.1828171182732147,0.7908236878403262,0.024728790552668686,0.000325346687694552,-4.6144431876721665e-05,8.055572220717443e-05,2.583799508507605e-06,-8.399343186980067e-07,0.0,0.0,0.0,0.0,8.0
-0.40349999999999997,6.261132203544674,0.18660825913884596,0.7869587260756715,0.024631612123989934,0.0003370655772815618,-4.153070603545523e-05,8.093647448420805e-05,2.810740487940814e-06,-8.631639460766328e-07,0.0,0.0,0.0,0.0,8.0
-0.4005000000000001,6.245650551281269,0.19040925851648347,0.7830919466837998,0.024539538160161092,0.00034730094184933847,-3.8184559906811405e-05,8.146443351023338e-05,3.1000170125840773e-06,-9.168940673318257e-07,0.0,0.0,0.0,0.0,8.0
-0.39749999999999996,6.23022104799927,0.19422006958632382,0.7792115319486319,0.024452378921106487,0.00036194227392662696,-3.602505486989556e-05,8.148882461934483e-05,3.4584725697882488e-06,-9.411772620276141e-07,0.0,0.0,0.0,0.0,8.0
-0.3945000000000001,6.214812575060313,0.19804265325985693,0.775320245775291,0.024366369116333383,0.00037945494994589163,-3.47955877805267e-05,8.124194000800986e-05,3.874556446384033e-06,-9.607027964397932e-07,0.0,0.0,0.0,0.0,8.0
-0.39149999999999996,6.199281353493558,0.20187807668257213,0.7714336053877727,0.024279896301262895,0.0003920494892578463,-3.454871582566482e-05,8.16988506963384e-05,4.343376380259106e-06,-1.0702705787107436e-06,0.0,0.0,0.0,0.0,8.0
-0.38850000000000007,6.183602209704117,0.20572564786002073,0.7675533969650999,0.024194405497994842,0.0003995630168585354,-3.543685766592256e-05,8.288005738829715e-05,4.872397415320481e-06,-1.2716654334761233e-06,0.0,0.0,0.0,0.0,8.0
-0.38549999999999995,6.1678479683455345,0.2095839873367146,0.7636703986295562,0.02411180409899973,0.0004078756735669583,-3.7649231332604404e-05,8.401618156435408e-05,5.4802284182846785e-06,-1.4893998785221463e-06,0.0,0.0,0.0,0.0,8.0
-0.38250000000000006,6.154784743733015,0.21357381560760588,0.7594312387618242,0.023450628026948386,0.00038909676810443137,-1.6159445826356125e-06,8.922101602566379e-05,4.522094101622919e-06,-2.128253891478393e-06,0.0,0.0,0.0,0.0,8.0
-0.37949999999999995,6.1499108971706535,0.21484385496927214,0.7575977427227681,0.02413079387913119,0.00010919584103133686,-4.1575386136302865e-05,0.00010672007109928951,5.555863357091185e-06,-3.433760205550774e-06,0.0,0.0,0.0,0.0,8.0
-0.37650000000000006,6.120341582423254,0.2212109714285561,0.7519945998639319,0.02388754433022113,0.00046695937282358393,-3.0438270736951184e-05,8.108999992515835e-05,4.395008418472702e-06,-1.478706780888336e-06,4.006512110297953e-07,-2.3950210904536366e-07,0.0,0.0,10.0
-0.37349999999999994,6.103926029417339,0.22513492444552882,0.748154318668512,0.0237432016360737,0.00045178682898583655,-2.6770728420040275e-05,8.426994914990756e-05,4.2259494157701154e-06,-1.8138263547316978e-06,4.944074747103541e-07,-2.2377066722464688e-07,0.0,0.0,10.0
-0.37050000000000005,6.087702407465716,0.22906124629820146,0.7442913826563461,0.02360730391419881,0.0004514915166689364,-2.418909503383831e-05,8.549177509027309e-05,4.1103384663999535e-06,-1.9575532217622646e-06,5.894311426800153e-07,-2.25940359423759e-07,0.0,0.0,10.0
-0.36749999999999994,6.0745836534225806,0.23312800636351483,0.7400408723970026,0.022878990254861384,0.00044341250525906567,1.9041053298483858e-05,8.738321130796131e-05,2.045611848317531e-06,-2.084554209965481e-06,7.483435553092065e-07,-2.377539098099074e-07,0.0,0.0,10.0
-0.36450000000000005,6.069860094535268,0.2343808610313245,0.7382389047593619,0.02351334994736123,0.00017511129857667582,-1.8945888470264996e-05,0.00010290957057293707,3.171080662807037e-06,-3.0341759563610555e-06,7.404308871688757e-07,-2.1121075481834993e-07,0.0,0.0,10.0
-0.36149999999999993,6.04067887625227,0.24082535046964654,0.7325279512446734,0.023306709805142246,0.0005734573760852531,-2.2569695080511913e-05,7.241196990095901e-05,4.640683543926375e-06,-7.632814794584909e-07,0.0,0.0,0.0,0.0,8.0
-0.35850000000000004,6.024285909013518,0.24478551963109874,0.7286958894713669,0.023130741779578808,0.000562475358779792,-2.1715039653305336e-05,7.485682111520174e-05,5.086793998675374e-06,-1.052759563424701e-06,0.0,0.0,0.0,0.0,8.0
-0.3554999999999999,6.008029191985783,0.24874091387189542,0.724857859587215,0.022965944894877074,0.0005603650619388399,-2.2583138205150073e-05,7.630511664977469e-05,5.611036713877257e-06,-1.267991710242027e-06,0.0,0.0,0.0,0.0,8.0
-0.35250000000000004,5.994788331383066,0.25282254311735547,0.7206599956775628,0.022242679965966537,0.0005363546621723272,1.0736973367117878e-05,8.062419702902991e-05,4.8025252160992945e-06,-1.7620311107110376e-06,0.0,0.0,0.0,0.0,8.0
-0.3494999999999999,5.9902027928352055,0.2540466921204016,0.7189122023324477,0.022822718032107024,0.0002749731872062885,-2.4910907992017257e-05,9.603826164063726e-05,5.6622464120987615e-06,-2.8592461575568154e-06,0.0,0.0,0.0,0.0,8.0
-0.34650000000000003,5.959806614420192,0.26059612960700823,0.7133488156950553,0.022479982862676193,0.0006149755819443364,-1.1531889158840166e-05,7.170508823035261e-05,4.512069843313615e-06,-1.0443792515302601e-06,3.309351458049369e-07,-2.0157739508467707e-07,0.0,0.0,10.0
-0.3434999999999999,5.943131953167362,0.2645619346057276,0.7096244010266868,0.02224055678693639,0.0005944828280932283,-6.6027902322165176e-06,7.441726556410283e-05,4.273166053342135e-06,-1.3080132021849433e-06,4.059860504429424e-07,-1.8835062244828644e-07,0.0,0.0,10.0
-0.3405,5.926682193741705,0.26850218453268354,0.7059162416457445,0.02200340858247668,0.0005831540690490154,-1.5558059953775535e-06,7.546595093838519e-05,3.998380648456325e-06,-1.4044647350376906e-06,4.79865680477746e-07,-1.8830165912320687e-07,0.0,0.0,10.0
-0.3374999999999999,5.913294237826576,0.27254519977174446,0.7018922456189252,0.02121266884977085,0.0005437319945416258,4.092389094601163e-05,7.796124359757101e-05,1.8897532122625931e-06,-1.5037359570247401e-06,6.069334379947422e-07,-1.933346395523787e-07,0.0,0.0,10.0
-0.3345,5.909023269946088,0.27370295358225327,0.7002411215865284,0.021734571018230196,0.0002903290698563925,1.1319281636763195e-05,9.088480348838166e-05,2.473564872217951e-06,-2.1826157896833786e-06,6.023451928650653e-07,-1.7256915776699651e-07,0.0,0.0,10.0
-0.3314999999999999,5.880069508796247,0.28007417402616397,0.6948015395300406,0.0214495086404221,0.0006182730054645043,2.385839575297156e-05,6.224187200471212e-05,2.441979644751026e-06,2.0532875298711377e-07,0.0,0.0,0.0,0.0,8.0
-0.3285,5.8644908929024995,0.28387319687340606,0.6911925928380818,0.021320096967393867,0.0005527633130581355,2.9952896313066127e-05,6.614144929184586e-05,2.018971453295298e-06,9.026353406461704e-08,0.0,0.0,0.0,0.0,8.0
-0.3254999999999999,5.849411954123441,0.2876514983530422,0.6874875379490564,0.021358255946735377,0.00048821748673653773,1.6275956202124983e-05,7.422555669578204e-05,2.7201657096378643e-06,-5.719952088028814e-07,0.0,0.0,0.0,0.0,8.0
-0.3225,5.835212384483297,0.29151996663369595,0.6835724684855394,0.021421016907686555,0.000493534241626177,-5.983906152719268e-06,7.839309928363366e-05,4.14802364994512e-06,-1.10383483478307e-06,0.0,0.0,0.0,0.0,8.0
-0.3194999999999999,5.819186777863349,0.29565183919564303,0.6796674116761078,0.021149877358409876,0.0005551821540078204,2.2568001004813367e-06,7.181472898912002e-05,4.10242247276636e-06,-6.080541680463641e-07,0.0,0.0,0.0,0.0,8.0
-0.3165,5.80011772597942,0.2999044338111802,0.6760626944725882,0.020589878794637365,0.0005678850432775184,4.438417433109932e-05,6.20672007320972e-05,2.047489066559274e-06,4.768680691040736e-07,0.0,0.0,0.0,0.0,8.0
-0.3134999999999999,5.783804152968045,0.3037164766214274,0.6725147948900846,0.020503053004061904,0.00048434109455401317,4.887690428673937e-05,6.686163870104326e-05,1.6135892569697768e-06,2.7694946649404083e-07,0.0,0.0,0.0,0.0,8.0
-0.3105,5.7681365735030985,0.3075182032371021,0.6688245316832048,0.020610371911467154,0.00040903263723476375,3.2105849202846015e-05,7.522223498783922e-05,2.3188994153032527e-06,-3.822783243678452e-07,0.0,0.0,0.0,0.0,8.0
-0.3075000000000001,5.7534799264911385,0.3114307933116686,0.6648799583619314,0.020792555868140893,0.0003988662350692104,5.864124313419998e-07,8.195526105063075e-05,4.02570358844156e-06,-1.1488084907480377e-06,0.0,0.0,0.0,0.0,8.0
-0.3045,5.737170828011008,0.31565352268550395,0.6608698195667031,0.02067696771042868,0.0004616688867311912,-8.775984139977873e-06,7.912071526284287e-05,4.790708080541395e-06,-1.1331004650283613e-06,0.0,0.0,0.0,0.0,8.0
-0.3015000000000001,5.717796657528548,0.32009672991325583,0.6570752483211286,0.020189948045889392,0.0005313944192289163,1.7182117765090115e-05,6.852287281538391e-05,3.7063174699023384e-06,-2.718345734863009e-07,0.0,0.0,0.0,0.0,8.0
-0.2985,5.7008896059250995,0.32412533033528307,0.6533823641358036,0.020045957003554726,0.0005254720052697743,1.4847395338202884e-05,6.901196555606072e-05,3.850393407433621e-06,-3.890791059578763e-07,0.0,0.0,0.0,0.0,8.0
-0.2955000000000001,5.684074817238532,0.3281537912380672,0.649682918993153,0.01990050705703924,0.0005298043209377502,1.2069589896410459e-05,6.82628538966716e-05,4.025669797062222e-06,-4.0224366555161765e-07,0.0,0.0,0.0,0.0,8.0
-0.2925,5.667469379133546,0.3321854080129627,0.6459876955456697,0.019747139822948758,0.0005370538309155776,9.281160162572285e-06,6.717792556977121e-05,4.207820227266692e-06,-3.8903594837773716e-07,0.0,0.0,0.0,0.0,8.0
-0.2895000000000001,5.651104153429623,0.3362187064591486,0.6422992182956176,0.019585036795127315,0.0005467601303148491,6.824975257338903e-06,6.591988936723683e-05,4.3726905484813626e-06,-3.683529422627134e-07,0.0,0.0,0.0,0.0,8.0
-0.2865,5.634804251650214,0.34025632379713866,0.6386275416581201,0.019406860496682943,0.0005579021255154614,5.5624663497181614e-06,6.453897077023727e-05,4.476842071667888e-06,-3.4183626061628003e-07,0.0,0.0,0.0,0.0,8.0
-0.2835000000000001,5.618370911491899,0.3443005795227006,0.6349856572660436,0.019204672483921395,0.0005682974090047059,6.184502393283416e-06,6.310336354130704e-05,4.495036940236701e-06,-3.056563436634729e-07,0.0,0.0,0.0,0.0,8.0
-0.28049999999999997,5.601769285814897,0.34834442247581465,0.6313803774225563,0.018981390759935934,0.0005761044641035087,8.335129473345103e-06,6.173213856701795e-05,4.453702683659835e-06,-2.62488341985292e-07,0.0,0.0,0.0,0.0,8.0
-0.2775000000000001,5.585156244637852,0.35237282183972135,0.6278070319792118,0.01875064052066695,0.0005816963111515196,1.0783900984953779e-05,6.048149886117141e-05,4.414561533003624e-06,-2.1846845403184203e-07,0.0,0.0,0.0,0.0,8.0
-0.27449999999999997,5.568703676023454,0.3563751800636035,0.624256683834975,0.01852372407287879,0.0005868328941702418,1.2555872583360755e-05,5.9298443913128425e-05,4.419236930093304e-06,-1.7610758952672571e-07,0.0,0.0,0.0,0.0,8.0
-0.2715000000000001,5.552416754086559,0.36035190425109626,0.6207291168547192,0.01830190909293937,0.0005913039590322403,1.3538779125922104e-05,5.8223414954724297e-05,4.4616538980278736e-06,-1.4344478710264691e-07,0.0,0.0,0.0,0.0,8.0
-0.26849999999999996,5.5361992082452405,0.3643096336056902,0.6172291234614262,0.01808065583705436,0.0005941390645616072,1.420473336715019e-05,5.727284649415339e-05,4.5052706860052885e-06,-1.2100561149555386e-07,0.0,0.0,0.0,0.0,8.0
-0.26550000000000007,5.519988849263028,0.3682524910297363,0.6137588915717842,0.017858746240315113,0.0005948017248827645,1.4832768900310871e-05,5.645282050411453e-05,4.5208873677751036e-06,-1.0456165128389017e-07,0.0,0.0,0.0,0.0,8.0
-0.26249999999999996,5.503790830607832,0.37218205693155254,0.6103141662673127,0.017639303099607463,0.0005942924081265811,1.5098459693509192e-05,5.577473060900162e-05,4.514416342756742e-06,-9.354538946249327e-08,0.0,0.0,0.0,0.0,8.0
-0.25950000000000006,5.487613703863231,0.37610315051171683,0.6068874539396071,0.01742164928691983,0.0005963618860122436,1.4128753278459297e-05,5.519069491443606e-05,4.549362636262306e-06,-9.891115825329686e-08,0.0,0.0,0.0,0.0,8.0
-0.25649999999999995,5.4714476063269295,0.38001953320535475,0.6034803071442568,0.01719166709458665,0.0006066602391072177,1.1506035264306318e-05,5.442008477173856e-05,4.708223933360478e-06,-1.2836156237254248e-07,0.0,0.0,0.0,0.0,8.0
-0.25350000000000006,5.455253555777927,0.38392314581233494,0.6001276727537457,0.016906368349120536,0.0006270563522084622,1.1483307073276663e-05,5.234682312112163e-05,4.819302667727356e-06,-8.250747812892085e-08,0.0,0.0,0.0,0.0,8.0
-0.25049999999999994,5.439026076449587,0.38778113526329344,0.5968992052130719,0.016521419606523605,0.000645422141176573,2.357531445725035e-05,4.7548202441744926e-05,4.322409048049014e-06,2.561972785858896e-07,0.0,0.0,0.0,0.0,8.0
-0.24750000000000005,5.423776551221847,0.39147795053320544,0.5937892488753793,0.01619388265901241,0.0006187426228266036,3.835347335124327e-05,4.5648942689484545e-05,3.501543036722734e-06,4.7232974988104104e-07,0.0,0.0,0.0,0.0,8.0
-0.24449999999999994,5.411329493189844,0.394809653172425,0.5905416645915438,0.016375393853425364,0.0005434246571083801,7.875284997653256e-06,5.603711194435915e-05,4.69389595294042e-06,-4.2260338453227337e-07,0.0,0.0,0.0,0.0,8.0
-0.24150000000000005,5.392925520461776,0.3989790608166616,0.5871738997484621,0.01594355844089031,0.0006184611337503455,1.6453735223885604e-05,4.779285350104678e-05,4.483174314084133e-06,8.830639393188637e-08,0.0,0.0,0.0,0.0,8.0
-0.23849999999999993,5.377229916202017,0.4027232639172611,0.584020475840747,0.015665037586402197,0.0006322673514156749,1.497576826913283e-05,4.60742659490156e-05,4.629868224223668e-06,9.448712792224496e-08,0.0,0.0,0.0,0.0,8.0
-0.23550000000000004,5.361671438962587,0.40642931187964015,0.5809888365234858,0.015283283407489509,0.0006475131285151721,2.5238896978602835e-05,4.211799746345242e-05,4.199673513501905e-06,3.1932800222207446e-07,0.0,0.0,0.0,0.0,8.0
-0.23249999999999993,5.3469909459690586,0.40998263918843364,0.5780872326800666,0.014922661229239135,0.0006263503134676636,4.091640390953629e-05,3.999942529946711e-05,3.3408471438716417e-06,5.007804881268359e-07,0.0,0.0,0.0,0.0,8.0
-0.22950000000000004,5.335358220688835,0.41312868935879854,0.5750640334250884,0.015057827575715443,0.0005561086436141438,1.443765133702163e-05,4.9152706831842046e-05,4.271692434375385e-06,-2.934540217374395e-07,0.0,0.0,0.0,0.0,8.0
-0.22649999999999992,5.317642396908733,0.4171153503017062,0.5719309184036275,0.014603915760502007,0.0006238583824413086,2.5416083254546627e-05,4.092125926918666e-05,3.8146170022783417e-06,2.178153283855174e-07,0.0,0.0,0.0,0.0,8.0
-0.22350000000000003,5.302888466814365,0.42063779344574603,0.5690009031293068,0.014368850548892184,0.0006162554313779748,2.3637499000393348e-05,4.020948834890893e-05,3.719787944614707e-06,1.9357143490156188e-07,0.0,0.0,0.0,0.0,8.0
-0.22049999999999992,5.288116372010486,0.4242259887037039,0.5660019828707089,0.014206930767857846,0.0006037984500314695,1.8949368286734965e-05,4.060527995217881e-05,3.676097406714503e-06,9.060911278047877e-08,0.0,0.0,0.0,0.0,8.0
-0.21750000000000003,5.269181956087971,0.4287706270379554,0.5624503512398594,0.013626795198566292,0.0006590822769654788,2.694724024889174e-05,3.668530686633212e-05,3.3010452651524757e-06,2.755365720972925e-07,0.0,0.0,0.0,0.0,8.0
-0.2144999999999999,5.265743394530569,0.4296933184852462,0.5613909956109595,0.013728051583926827,0.0005380504359004058,1.6647766130967354e-05,4.1388390649832074e-05,3.2072926442942865e-06,1.4951675746258613e-07,0.0,0.0,0.0,0.0,8.0
-0.21150000000000002,5.245716573034688,0.43442631205843724,0.5577102420438369,0.01335584852290799,0.0006223503653237068,2.2390213788427117e-05,3.565273878861731e-05,0.0,0.0,0.0,0.0,0.0,0.0,6.0
-0.2084999999999999,5.231894651982039,0.43776346016459633,0.5549730433452111,0.013061797803795513,0.0006055977751035905,2.1837795697924644e-05,3.605594940364881e-05,0.0,0.0,0.0,0.0,0.0,0.0,6.0
-0.20550000000000002,5.21788153735721,0.4411331846147518,0.5522024681876495,0.012877669509816838,0.0005940214314815262,1.7868421609173882e-05,3.68330369185419e-05,0.0,0.0,0.0,0.0,0.0,0.0,6.0
-0.2024999999999999,5.199991401787268,0.4453938311916126,0.548919826155203,0.012332774355973394,0.0006496336339878889,2.3881625796334058e-05,3.2363195933484804e-05,0.0,0.0,0.0,0.0,0.0,0.0,6.0
-0.1995,5.196849946694161,0.4462350579203551,0.5479637078486218,0.012408246980044632,0.0005424006386446634,1.546719124712667e-05,3.562096271266241e-05,0.0,0.0,0.0,0.0,0.0,0.0,6.0
-0.1964999999999999,5.178015971939399,0.45065235354157307,0.5446061104483567,0.01204320488211197,0.0006176745799194506,1.6594549557531678e-05,3.0641928786829754e-05,1.6867845162935097e-06,1.5264250477253238e-07,0.0,0.0,0.0,0.0,8.0
-0.1935,5.165114603577347,0.4537506617086272,0.5421267328142699,0.01173456786500772,0.000604778625899881,1.6619838771560652e-05,3.1910410172913956e-05,2.2574734662415523e-06,3.271372829926743e-07,0.0,0.0,0.0,0.0,8.0
-0.1904999999999999,5.152324478168805,0.45679338294734806,0.5397168327871456,0.011457838485835047,0.0006026698444483472,1.6833751653153713e-05,3.2101212180368405e-05,2.3341522536601287e-06,4.1663915659612925e-07,0.0,0.0,0.0,0.0,8.0
-0.1875,5.139717459655955,0.45978368715832857,0.537364692278536,0.011183299740381953,0.0006012942934408194,1.6418344249159395e-05,3.167970731616055e-05,2.1245096551593317e-06,4.613588369950875e-07,0.0,0.0,0.0,0.0,8.0
-0.1845000000000001,5.127322650581128,0.46271747171990774,0.5350679845051249,0.010908167491424372,0.0005994064792481524,1.571842155026478e-05,3.118696936315281e-05,1.847573003167074e-06,5.042522836008161e-07,0.0,0.0,0.0,0.0,8.0
-0.1815,5.11516466098355,0.46559153981299145,0.5328267374420167,0.010634353475784154,0.0005971664816144896,1.4867135883937705e-05,3.0776932056266475e-05,1.5471293914450675e-06,5.518182134347147e-07,0.0,0.0,0.0,0.0,8.0
-0.1785000000000001,5.103250274855794,0.46840542911529764,0.5306410853890648,0.010361647744101093,0.0005946396193849919,1.3909600970217082e-05,3.0445420372311675e-05,1.2194004838639195e-06,6.05230459731543e-07,0.0,0.0,0.0,0.0,8.0
-0.1755,5.091576510782152,0.471159758387855,0.5285117892287197,0.010088957696637046,0.0005918232643749445,1.2963076013796694e-05,3.0179972436027576e-05,8.587561522585449e-07,6.660667920653047e-07,0.0,0.0,0.0,0.0,8.0
-0.1725000000000001,5.080145626723081,0.4738539082082693,0.5264400847140067,0.009816114585694442,0.0005884849420745709,1.208722561880527e-05,2.9985493480104008e-05,4.6413936433101047e-07,7.338554964834668e-07,0.0,0.0,0.0,0.0,8.0
-0.16949999999999998,5.068957247886889,0.4764870614666011,0.5244273907425366,0.009542914888657711,0.0005844733905212162,1.1345500896564981e-05,2.984733302192695e-05,3.841824435821194e-08,8.081669844017987e-07,0.0,0.0,0.0,0.0,8.0
-0.1665000000000001,5.058009012756563,0.47905810285637707,0.5224754715602029,0.00926863429768259,0.0005798422542526909,1.0810768595680893e-05,2.972526766860523e-05,-4.1094914647430545e-07,8.886076791953622e-07,0.0,0.0,0.0,0.0,8.0
-0.16349999999999998,5.047297109174105,0.48156547759542595,0.5205870030067429,0.008991292652035266,0.0005749393850761899,1.0572854202890502e-05,2.955711549896712e-05,-8.742076046522252e-07,9.751053590570117e-07,0.0,0.0,0.0,0.0,8.0
-0.1605000000000001,5.036816245922417,0.4840069024157592,0.5187664611961678,0.008707079762271166,0.0005703366126593239,1.077469086180782e-05,2.9270719824598422e-05,-1.3478461639471655e-06,1.0696317181596597e-06,0.0,0.0,0.0,0.0,8.0
-0.15749999999999997,5.026558189181169,0.4863791980139929,0.5170207226380252,0.008410672800164082,0.0005664061566831597,1.1717877302400934e-05,2.8800372439428228e-05,-1.8508477245191887e-06,1.1799562304122846e-06,0.0,0.0,0.0,0.0,8.0
-0.15450000000000008,5.0165046487833695,0.48867959446699155,0.5153576671748422,0.008097357021942109,0.0005626275386660375,1.3956958133876826e-05,2.8110396719142875e-05,-2.4392506995604725e-06,1.32276372277006e-06,0.0,0.0,0.0,0.0,8.0
-0.15149999999999997,5.0066092853455615,0.4909107895862792,0.5137797292522029,0.007767929651309215,0.0005574131118214747,1.797803318627823e-05,2.72598141578603e-05,-3.189980121543378e-06,1.5170967939832885e-06,0.0,0.0,0.0,0.0,8.0
-0.14850000000000008,4.996802558282018,0.4930856692030248,0.5122717053478555,0.007438652928915788,0.0005489266967823492,2.283821545081267e-05,2.661678701885269e-05,-4.1199864055245625e-06,1.7543633218891662e-06,0.0,0.0,0.0,0.0,8.0
-0.14549999999999996,4.987191064342568,0.4952026237827367,0.5107943248629248,0.0071632991342682915,0.0005335276056297863,2.3680615706204036e-05,2.7442548733476636e-05,-5.055211407184686e-06,1.9373645334679496e-06,0.0,0.0,0.0,0.0,8.0
-0.14250000000000007,4.979105445901834,0.4971839978883657,0.5092459460739259,0.007043999602694915,0.0005158067226489596,1.1679086796957813e-05,3.103437291276518e-05,-5.622181704461502e-06,1.9352556510106676e-06,0.0,0.0,0.0,0.0,8.0
-0.13949999999999996,4.972776734784207,0.4990333732926061,0.5076037414127713,0.0070472869524887795,0.0005061516338919349,-1.0524468958038787e-05,3.6163105960312016e-05,-5.89152512089898e-06,1.8267367305254074e-06,0.0,0.0,0.0,0.0,8.0
-0.13650000000000007,4.9634603249266736,0.5012411986121093,0.5060437442237902,0.006692516414638571,0.0005503649750794297,-5.79818158042251e-06,3.2961538044902616e-05,-7.269362223558858e-06,2.3847025245302656e-06,0.0,0.0,0.0,0.0,8.0
-0.13349999999999995,4.955295240854036,0.5031176425892395,0.5046992460425794,0.006412312886146595,0.0005504873938408418,-2.316053106591931e-06,3.241654809237551e-05,-8.730283370956374e-06,2.836608511326371e-06,0.0,0.0,0.0,0.0,8.0
-0.13050000000000006,4.946316022244159,0.5049730354877158,0.5035310061492554,0.006017324334950481,0.0005470876053053799,1.2402422662250011e-05,2.971597484158592e-05,-1.0713186396175581e-05,3.52221427833207e-06,0.0,0.0,0.0,0.0,8.0
-0.12749999999999995,4.9373097883087445,0.5069870728261855,0.5023411192026923,0.005296803313427837,0.000587366942153642,4.2928487476670425e-05,1.7089228388362105e-05,-1.3088618127098249e-05,5.134207719570208e-06,0.0,0.0,0.0,0.0,8.0
-0.12450000000000006,4.936512334395575,0.5072605214496614,0.5019525162781344,0.005323290564825361,0.0005359675138222602,3.284475708346799e-05,1.720798568768994e-05,-1.3191521184186498e-05,5.707026056843983e-06,0.0,0.0,0.0,0.0,8.0
-0.12149999999999994,4.926210263396238,0.5095008503869196,0.5002370903326877,0.00540866546625291,0.000596333318174192,-2.3057314679160736e-05,1.7898330786817947e-05,-8.25078381610431e-06,5.692004343254396e-06,-7.149101397818599e-07,1.753241245162874e-07,0.0,0.0,10.0
-0.11850000000000005,4.918233236008776,0.5110337428540221,0.49939444544286926,0.005095889893089632,0.0005408885535010488,-2.0500315091266725e-05,2.2849114331770733e-05,-9.293060488162021e-06,5.822420599465802e-06,-8.285724003126152e-07,1.9632408194006295e-07,0.0,0.0,10.0
-0.11549999999999994,4.911315215083063,0.5124977168515547,0.49853747060112713,0.004793683977641216,0.0005048140435390157,-1.7588753907417277e-05,2.6900229421278084e-05,-1.047962839004321e-05,6.064253329781596e-06,-9.500483787385622e-07,2.1575779071446205e-07,0.0,0.0,10.0
-0.11250000000000004,4.905032593744817,0.5138887960505731,0.4976852116528822,0.004504865274776503,0.0004845400599098275,-1.4952470407732735e-05,3.0335312248979765e-05,-1.179390080044747e-05,6.4038480530791545e-06,-1.081742623259036e-06,2.3449478093231114e-07,0.0,0.0,10.0
-0.10949999999999993,4.899002539965842,0.5152072243008313,0.4968603179893667,0.004235233549452266,0.0004741943193957203,-1.35259395350568e-05,3.3550002169740525e-05,-1.3202994443159929e-05,6.817169346722688e-06,-1.2265289388146803e-06,2.5380282771098087e-07,0.0,0.0,10.0
-0.10650000000000004,4.893072222129998,0.5164641307495612,0.49607180394465156,0.003986090342054631,0.000469995904019906,-1.379529198843075e-05,3.671857840601032e-05,-1.4693269029638119e-05,7.288919663131397e-06,-1.3870432802015925e-06,2.7456783781642117e-07,0.0,0.0,10.0
-0.10349999999999993,4.887213873094921,0.5176753816787373,0.49531937071535215,0.0037555004878624494,0.0004695236813122019,-1.578156683106181e-05,3.9850843352399986e-05,-1.6272905340786866e-05,7.810574303898025e-06,-1.5654500130129945e-06,2.9746779001091074e-07,0.0,0.0,10.0
-0.10050000000000003,4.8814216356041005,0.5188546018286365,0.49459840861761456,0.003541421825177431,0.00047084013728543946,-1.9243185983098732e-05,4.2878347575139885e-05,-1.7958961147675565e-05,8.37922692679146e-06,-1.7634135518402851e-06,3.2310472384925335e-07,0.0,0.0,10.0
-0.09749999999999992,4.875679149188262,0.5200109450037448,0.4939026754190802,0.0033429248823857193,0.0004722356816325068,-2.3810802065086484e-05,4.572465994194914e-05,-1.9763297089646436e-05,8.997969895890373e-06,-1.9821105111613714e-06,3.520541550521023e-07,0.0,0.0,10.0
-0.09450000000000003,4.869966338358949,0.521149612594981,0.49322628781937217,0.003159887373254596,0.00047240017347032506,-2.907143658828004e-05,4.835580644877026e-05,-2.168233987352454e-05,9.675046225984508e-06,-2.2224027313124526e-06,3.84920140911828e-07,0.0,0.0,10.0
-0.09149999999999991,4.864275961501778,0.522272037623598,0.49256572008666366,0.002991925760005189,0.00047081004525424263,-3.465879041012118e-05,5.078990575754918e-05,-2.3692919182325272e-05,1.0421142490973096e-05,-2.4852793100910944e-06,4.223911724731291e-07,0.0,0.0,10.0
-0.08850000000000002,4.858629258694074,0.523374596331918,0.4919219924693291,0.0028367149857186254,0.00046803044402958955,-4.032186351936839e-05,5.306006397963538e-05,-2.575545811920851e-05,1.1246125611734395e-05,-2.77243292153116e-06,4.652462275316398e-07,0.0,0.0,10.0
-0.08549999999999991,4.853085238334514,0.5244466364521617,0.4913032449028494,0.0026877360444155425,0.00046565040163499893,-4.585301877332823e-05,5.514664412426845e-05,-2.7826266297816874e-05,1.2157934609674866e-05,-3.0865452931919833e-06,5.14230496578909e-07,0.0,0.0,10.0
-0.08250000000000002,4.847731951148896,0.5254699867506589,0.4907276599941335,0.0025315644841948527,0.0004657190661335977,-5.073702587945271e-05,5.6902448275310025e-05,-2.9882615841940767e-05,1.3166444365926943e-05,-3.4307845084284318e-06,5.697057183141924e-07,0.0,0.0,10.0
-0.0794999999999999,4.842645302734732,0.5264223787295199,0.4902259484835518,0.002345304078225802,0.00046972137694274523,-5.352583270828583e-05,5.799688147307207e-05,-3.196119433103076e-05,1.4292463119499843e-05,-3.8073882724719413e-06,6.310771764492578e-07,0.0,0.0,10.0
-0.07650000000000001,4.837825076606514,0.5272843822231505,0.489841039091244,0.002097199604095556,0.00047724502089197695,-5.134563877410735e-05,5.793555831086766e-05,-3.419167465140305e-05,1.557524459074879e-05,-4.216077210018928e-06,6.963470008614564e-07,0.0,0.0,10.0
-0.0734999999999999,4.8331810597703475,0.5280426841589069,0.489620062802934,0.001758088439818748,0.00048458912157611593,-4.052061991398457e-05,5.6273287846907214e-05,-3.677352403586294e-05,1.706280579095078e-05,-4.654103578932572e-06,7.626769774516127e-07,0.0,0.0,10.0
-0.07050000000000001,4.828690990206457,0.5286784379524464,0.48959213139411556,0.0013319694302051574,0.00048399620177352843,-1.9411736410404784e-05,5.312131163724611e-05,-3.983170856702487e-05,1.8768893441562416e-05,-5.119996985766009e-06,8.289425148761735e-07,0.0,0.0,10.0
-0.0674999999999999,4.824755582932592,0.5291417673472674,0.48973043561427304,0.0008988595562235959,0.0004652872070152785,6.858713704300287e-06,4.977327783782085e-05,-4.315706831177763e-05,2.060543083287464e-05,-5.62113107891769e-06,8.999684500422995e-07,0.0,0.0,10.0
-0.0645,4.822502195033383,0.529341698366998,0.4899129088165587,0.0006341816807481333,0.0004223760721375823,2.300154991800479e-05,4.8817177070860806e-05,-4.598959236822005e-05,2.2344843466921465e-05,-6.181248194865364e-06,9.896358915152072e-07,0.0,0.0,10.0
-0.06150000000000011,4.82359647572089,0.5291933835848762,0.48991277503925695,0.0007566374519135451,0.0003651472548802504,6.386199565925629e-06,5.2988311333019554e-05,-4.7106404910459355e-05,2.368805212574384e-05,-6.841069440413313e-06,1.1185961549777704e-06,0.0,0.0,10.0
-0.058499999999999996,4.829087022953176,0.5287615453995536,0.48945428027325216,0.0013669852951003953,0.00033447759803731364,-5.955069110038121e-05,6.230703618386265e-05,-4.54679355216435e-05,2.4499005025770714e-05,-7.644709009896306e-06,1.3028014914257658e-06,0.0,0.0,10.0
-0.055500000000000105,4.836553237690621,0.5285566351169136,0.4883747313492095,0.0021400736966443006,0.0004162041885968759,-0.00015784186080129337,6.935128337038465e-05,-4.162859256322192e-05,2.524105845362726e-05,-8.606089048167386e-06,1.5306002349596456e-06,0.0,0.0,10.0
-0.05249999999999999,4.836923826978351,0.5297189849369215,0.4869112800768178,0.0020976494566946786,0.0007150046518331252,-0.00021611756770404094,5.7837601946446656e-05,-3.891029858630329e-05,2.7200421160471953e-05,-9.676981380958544e-06,1.7480690187894073e-06,0.0,0.0,10.0
-0.0495000000000001,4.821293986965526,0.5329116178417651,0.48576858014937363,0.00045139515692377524,0.0012187218353230647,-0.00017081743639556782,1.952489588438189e-05,-4.0249560220629896e-05,3.117396294691496e-05,-1.0803907966631064e-05,1.915359748092528e-06,0.0,0.0,10.0
-0.046499999999999986,4.800403230171296,0.5362017895509311,0.48536876328924383,-0.0015860279894472993,0.0016821629522917835,-0.00010935165586742114,-1.9401271206456906e-05,-4.1249135566284e-05,3.5177627505013336e-05,-1.2055126128033208e-05,2.1108995793093456e-06,0.0,0.0,10.0
-0.043500000000000094,4.794187932050975,0.5370770757609535,0.48526493241298035,-0.00206585570349193,0.0019090669495663757,-0.00018080430772657535,-2.7062236457535314e-05,-3.460832891562144e-05,3.655683977598684e-05,-1.3551665131714811e-05,2.449431868503736e-06,0.0,0.0,10.0
-0.04049999999999998,4.808883979970696,0.5352365844142989,0.48466750438585837,-0.000432557330739944,0.0019713290955721123,-0.0004404841277872448,-2.0986661357370805e-07,-1.7406302666355187e-05,3.477962095322998e-05,-1.53777157662928e-05,2.96969687383567e-06,0.0,0.0,10.0
-0.03750000000000009,4.843910112134316,0.527514341701199,0.48598382010995594,0.005850069271450226,0.00037199053913257945,-0.0010509317616993182,0.0002363939133276069,1.5148707007620702e-05,1.5631833974088715e-05,-1.7348759438456438e-05,4.40475234083846e-06,0.0,0.0,10.0
-0.034499999999999975,4.84178633080291,0.5275019258323254,0.4860451062682952,0.005883621863382456,0.0002278201004140378,-0.0010653770922354514,0.0002704638641189388,9.957983072922603e-06,1.361422172511352e-05,-1.7642137491425453e-05,5.007707930630669e-06,0.0,0.0,10.0
-0.031500000000000083,4.733931248969702,0.5384393634738129,0.49141707901890763,-0.004012490339554405,-0.00021705070498040746,3.688301173706156e-05,0.00024707831426540647,-9.170743319379192e-05,2.4150627093531946e-05,-1.2186280018082492e-05,4.5850517602144e-06,-5.454181779431737e-07,1.2454611665260827e-07,12.0
-0.02849999999999997,4.737186138662611,0.5378200045393601,0.4912576064122477,-0.003156498590169402,-3.8837686540381797e-05,-6.954821134402437e-05,0.00024123542241159704,-9.150901330652947e-05,2.7367867305671862e-05,-1.3133460995811819e-05,4.781352070797862e-06,-6.139517442701582e-07,1.3120597322050838e-07,12.0
-0.025500000000000078,4.742433931355303,0.5375184781817641,0.4907999036835817,-0.0025879647986255033,0.00020611491813546972,-0.0001561247683998136,0.00023281476583852004,-9.284930967004996e-05,3.091445901109054e-05,-1.4117254203266556e-05,4.998149251630914e-06,-6.910087760140732e-07,1.3999718495317852e-07,12.0
-0.022499999999999964,4.748153743958597,0.5375226705256481,0.4902249938061864,-0.002313421945050844,0.0004805358465818812,-0.00022401267779350684,0.0002246055485330432,-9.561881199947113e-05,3.461698338164439e-05,-1.5142458263687727e-05,5.244607315805181e-06,-7.761811152553918e-07,1.502813414808087e-07,12.0
-0.019500000000000073,4.7524400529714965,0.537763925140762,0.48973968467087736,-0.0022893954255327202,0.0007403531376999541,-0.0002769454383782407,0.00021968890461698383,-9.962476904591519e-05,3.8290115901190264e-05,-1.6207139862071288e-05,5.526201378971578e-06,-8.684073790884209e-07,1.613592847948014e-07,12.0
-0.01649999999999996,4.753985470480632,0.5381384157295728,0.4894721392663757,-0.002433798607033867,0.0009604133447747858,-0.0003213165629101119,0.00021967141549419128,-0.00010451883047519572,4.183213773913099e-05,-1.7315049789616335e-05,5.843964783430124e-06,-9.664028202584256e-07,1.7274767691537442e-07,12.0
-0.013500000000000068,4.7524127772404885,0.538548278016736,0.48944825700654393,-0.0026643734965107572,0.0011395293206149081,-0.0003633059841667116,0.00022441090030175982,-0.00010996767418029812,4.52483064239345e-05,-1.8473058088032886e-05,6.195310054173651e-06,-1.0693525968254017e-06,1.8433750902450992e-07,12.0
-0.010499999999999954,4.748077565684285,0.5389320998361514,0.4896263452238679,-0.0029262022414193877,0.0012909139460404071,-0.0004070546531158813,0.0002328303263194628,-0.00011575825010819553,4.860490308736977e-05,-1.9688347903896984e-05,6.576906018412572e-06,-1.177156847453005e-06,1.9630161414823872e-07,12.0
-0.007500000000000062,4.741675951536444,0.5392743038501568,0.48994690919741635,-0.003198613182166865,0.0014298636418878918,-0.00045436951131974917,0.00024384923773179785,-0.00012181423446394939,5.197403717552142e-05,-2.0966822044236618e-05,6.98691889873848e-06,-1.2903038893716554e-06,2.0891815506339298e-07,12.0
-0.0044999999999999485,4.733922566946145,0.5395957815405918,0.4903659608409212,-0.0034858901304493277,0.0015666878127828304,-0.0005054909854964395,0.0002568516216390449,-0.00012815350387147982,5.54054520465194e-05,-2.2312977530433833e-05,7.425544761227047e-06,-1.4095970820315683e-06,2.2244314597303397e-07,12.0
-0.0015000000000000568,4.725374827492919,0.539934955613876,0.4908650810183023,-0.003802238919089554,0.0017057686547502738,-0.0005601398578997039,0.00027168435305233363,-0.00013483144015817022,5.892577407227348e-05,-2.373053270770214e-05,7.894321000066618e-06,-1.535907798541492e-06,2.3706411192858238e-07,12.0
0.0015000000000000568,4.716373441948151,0.5403290249229478,0.4914459683218788,-0.0041598767178503806,0.0018479083502235213,-0.0006182429977582721,0.000288444971382863,-0.00014190262858266138,6.25495546250536e-05,-2.5222940106507523e-05,8.395172051429944e-06,-1.670029083548662e-06,2.5290645565901795e-07,12.0
0.0044999999999999485,4.707052458973369,0.5408017789102966,0.49211958457644484,-0.004564011351726471,0.001993055283844101,-0.0006801424335174898,0.00030728475956790207,-0.00014941020478642948,6.62890510170621e-05,-2.679343209089996e-05,8.929810604175433e-06,-1.8126337542216982e-06,2.700573612911327e-07,12.0
0.007500000000000062,4.697385110067287,0.5413598385018094,0.4928968122512892,-0.005013805737723816,0.0021419243941960702,-0.000746431299411303,0.00032831621833608613,-0.00015739374420992044,7.015830535431467e-05,-2.844477492462296e-05,9.499603060723005e-06,-1.9643038271853312e-06,2.885880064015354e-07,12.0
0.010499999999999954,4.687242423678955,0.5419956315492473,0.4937835916636447,-0.005506164786465209,0.0022963283491956895,-0.000817681030945369,0.0003516097543587964,-0.00016590101527162252,7.41729850684192e-05,-3.0179053812642165e-05,1.0105701831853397e-05,-2.125587391280546e-06,3.0856854494078025e-07,12.0
0.013500000000000068,4.6764479988918435,0.5426937964880416,0.4947805656620908,-0.00603932996150255,0.002458698159005305,-0.0008942547002175319,0.00037722812313665014,-0.0001749937497087598,7.834888013839915e-05,-3.199764923593167e-05,1.0749207382891045e-05,-2.297046868641147e-06,3.300757791473491e-07,12.0
0.01649999999999996,4.664818746650054,0.5434378492334581,0.4958856429442046,-0.006614688512238869,0.002631385456684781,-0.0009762633721937244,0.0004052571143627263,-0.0001847455692090902,8.270084970213805e-05,-3.390135546861137e-05,1.1431230439891132e-05,-2.479280114004613e-06,3.531944237311851e-07,12.0
0.019500000000000073,4.652188304248527,0.5442150695059034,0.49709747235338086,-0.0072366828268789355,0.0028161575076523747,-0.0010636207339666686,0.0004358153656449302,-0.00019523553890046875,8.724257714365692e-05,-3.589050526929693e-05,1.2152844166201102e-05,-2.6729132227521417e-06,3.780132240802224e-07,12.0
0.022499999999999964,4.638415320273561,0.545018872792511,0.4984182535990508,-0.007911562820847809,0.003014037281686002,-0.0011561222295005857,0.0004690452995815696,-0.0002065418051956953,9.198675357770916e-05,-3.796500639035523e-05,1.2914978408763986e-05,-2.8785745207613553e-06,4.04617902284036e-07,12.0
0.025500000000000078,4.6233816607607565,0.5458489350595211,0.4998551204102451,-0.00864588506156024,0.003225436618555233,-0.0012534987377547083,0.0005050951681671119,-0.0002187378720413519,9.694525364436433e-05,-4.0124281202804454e-05,1.3718310943133866e-05,-3.0968615190991374e-06,4.3308333398887034e-07,12.0
0.02849999999999997,4.606985969406401,0.5467098540954924,0.5014200882891118,-0.009445387922704072,0.003450432187539048,-0.0013554336244240106,0.000544101329178742,-0.00023189157392460323,0.00010212908782447047,-4.236715012421193e-05,1.456318249363493e-05,-3.3283091169947923e-06,4.6346694481803836e-07,12.0
0.031500000000000083,4.589136845161061,0.5476092133572207,0.5031290152112768,-0.010314475730814239,0.003689033547676111,-0.0014615585018964892,0.0005861749765045848,-0.0002460652251483018,0.00010754808131004418,-4.469168606645584e-05,1.5449530880494608e-05,-3.57336165457209e-06,4.958041889721914e-07,12.0
0.034499999999999975,4.5697481539749285,0.5485557191328789,0.5050001451821856,-0.01125623509616737,0.003941350041065004,-0.0015714492246010063,0.0006313927803700384,-0.0002613151099198387,0.00011321024078896179,-4.709501547163292e-05,1.6376819502156314e-05,-3.832346353850348e-06,5.301057082500891e-07,12.0
0.03750000000000009,4.5487373627961345,0.5495577834626473,0.5070526941930662,-0.012272757987385427,0.004207633675034436,-0.0016846354794752925,0.0006797885905009259,-0.00027768905661971105,0.00011912070606711485,-4.957299774596392e-05,1.7343929919700826e-05,-4.1054427562416045e-06,5.663549198215867e-07,12.0
0.04049999999999998,4.526026626809661,0.5506226547018758,0.5093057361384468,-0.013365538290852557,0.004488227757826192,-0.0018006252557316452,0.0007313439163815357,-0.0002952217993423052,0.00012528017916311728,-5.2119716069665315e-05,1.834899606573668e-05,-4.392642550239451e-06,6.0450460641074e-07,12.0
0.043500000000000094,4.501545750767037,0.5517560208182477,0.5117774602857973,-0.014535780851310047,0.004783474660399758,-0.0019189373254007137,0.0007859773568368459,-0.00031392881376371136,0.00013168286699030032,-5.472677014096704e-05,1.9389175911723187e-05,-4.693696686680385e-06,6.444715373489837e-07,12.0
0.046499999999999986,4.475235985588235,0.5529619356510354,0.5144847525363105,-0.015784554576038324,0.005093634348691484,-0.002039133210355353,0.0008435359503872922,-0.00033380012252123245,0.00013831425159627943,-5.738245966039526e-05,2.0460381768539962e-05,-5.008051371300235e-06,6.861290043349354e-07,12.0
0.0495000000000001,4.447053748932755,0.5542429192119331,0.5174430033407832,-0.017112795492992657,0.005418848310635914,-0.0021608432191965203,0.0009037931109041115,-0.0003547960416083762,0.00014514930564570014,-6.00710512788508e-05,2.155701717747972e-05,-5.334780271219197e-06,7.292981291210215e-07,12.0
0.05249999999999999,4.416973618988112,0.5556001233112474,0.5206660448144886,-0.01852120684496215,0.005759161068299733,-0.0022837854926075277,0.0009664575340257522,-0.00037684682305745137,0.00015215194862986623,-6.277238998531063e-05,2.2671788825785298e-05,-5.672525440686778e-06,7.737396319537689e-07,12.0
0.055500000000000105,4.3849902355984645,0.5570335028134135,0.5241661433116902,-0.020010113613160813,0.0061145906265770355,-0.002407779658395353,0.0010311951480934409,-0.0003998575389186454,0.00015927646890569528,-6.546211555300326e-05,2.379566819679343e-05,-6.019462347455691e-06,8.19148236252053e-07,12.0
0.058499999999999996,4.351118992281279,0.5585419721624887,0.5279540031638607,-0.02157931881435083,0.006485224143258419,-0.0025327565583919565,0.0010976625561353302,-0.00042371841062175097,0.00016647128646420003,-6.811266380091558e-05,2.4918064931497442e-05,-6.373303763111415e-06,8.651519020591311e-07,12.0
0.06150000000000011,4.315395591923346,0.5601235495427473,0.5320387630544366,-0.023227990430849374,0.006871307954531659,-0.0026587632798653806,0.0011655466817155529,-0.0004483193824118571,0.00017368487957016777,-7.069508535896176e-05,2.6027242810249564e-05,-6.731352930860786e-06,9.113176010681715e-07,12.0
0.0645,4.2778746618719135,0.561775498377076,0.5364279856220197,-0.0249545902749939,0.007273302338025021,-0.0027859600480873575,0.0012346027148479879,-0.000473566452150939,0.00018087309906331727,-7.318153570635608e-05,2.7110965822300177e-05,-7.090609082804817e-06,9.571644390984294e-07,12.0
0.0674999999999999,4.238627683497528,0.5634944731562169,0.5411276533602125,-0.026756844626426357,0.007691879827192718,-0.002914603917966901,0.001304681722039633,-0.0004993964496072369,0.00018800660867056434,-7.55481192841873e-05,2.8157314517839712e-05,-7.4479193345037164e-06,1.002183731667068e-06,12.0
0.07050000000000001,4.197740499107801,0.5652766694687189,0.546142190238741,-0.02863175181699821,0.008127858777689529,-0.003045014420543563,0.0013757405446698787,-0.0005257867706657167,0.00019507692926734276,-7.777763976805725e-05,2.9155569882123948e-05,-7.800161576089517e-06,1.045864300490614e-06,12.0
0.0734999999999999,4.155310644630659,0.5671179692258402,0.5514745283797539,-0.030575620601845876,0.008582077775743687,-0.0031775186057071652,0.0014478294941510654,-0.000552757055514412,0.00020209957953825359,-7.986174175090501e-05,3.0097030569859737e-05,-8.144434513496695e-06,1.0877199543347736e-06,12.0
0.07650000000000001,4.111444763906487,0.5690140605362541,0.5571262309261731,-0.032584129133527304,0.009055228358718468,-0.003312377416701529,0.001521057380396591,-0.0005803608954867941,0.00020911311401929965,-8.180194985424757e-05,3.0975617777809724e-05,-8.478225191424026e-06,1.1273150845212167e-06,12.0
0.0794999999999999,4.066256386813987,0.5709605014529183,0.5630976655271296,-0.03465238694962852,0.009547671990903698,-0.0034497015944831037,0.0015955380644409052,-0.0006086673339492304,0.00021617347630729144,-8.360924453754781e-05,3.178813983770991e-05,-8.7995235898839e-06,1.1642839269126843e-06,12.0
0.08250000000000002,4.019864216986495,0.5729527152475996,0.5693882077256494,-0.036774992186179314,0.010059273261614649,-0.003589370198682062,0.0016713270006297031,-0.0006377341585748702,0.00022334400025394646,-8.53020610776661e-05,3.253413973048654e-05,-9.106860730393901e-06,1.1983398441730727e-06,12.0
0.08549999999999991,3.972390491404754,0.5749859908999064,0.5759964660514539,-0.03894613763706815,0.010589285800612587,-0.0037309622725964975,0.0017483584449130805,-0.0006675775438208954,0.0002306824811120882,-8.690290039317734e-05,3.321532057793844e-05,-9.399261230752839e-06,1.2292732291668342e-06,12.0
0.08850000000000002,3.923958347194122,0.5770556507623491,0.5829205654936949,-0.041159885915816895,0.01113632205209897,-0.003873703030572045,0.0018263934778774721,-0.0006981444543658543,0.0002382275816774678,-8.843398844595079e-05,3.383461011944446e-05,-9.676117199021674e-06,1.256939153732149e-06,12.0
0.09149999999999991,3.8746882321714606,0.5791573704715827,0.5901585099459332,-0.04341058833435254,0.011698402255390362,-0.004016431699732478,0.0019049885353671833,-0.0007292930786694724,0.00024598669865419907,-8.991255907420723e-05,3.4394975097927515e-05,-9.936996110661347e-06,1.2812355814836858e-06,12.0
0.09450000000000003,3.8246966725058864,0.5812871380295578,0.5977084527390815,-0.04569300139322738,0.012273022486012064,-0.00415763449193741,0.001983496241876071,-0.0007607817901741072,0.0002539262063809679,-9.134644748168986e-05,3.48981572701958e-05,-1.0181390968361633e-05,1.3020694870905575e-06,12.0
0.09749999999999992,3.7741004530804463,0.5834404168142331,0.6055685632178716,-0.04800168753551266,0.012857204188372414,-0.0042955905546652575,0.0020611066330745264,-0.0007922655476097584,0.00026196483092628026,-9.273082941205594e-05,3.534357353223657e-05,-1.0408438085379494e-05,1.3193114696246017e-06,12.0
0.10050000000000003,3.7230202457984536,0.5856115305150849,0.613736603472669,-0.050330494568889314,0.013447640942444944,-0.004428563197984114,0.0021369168556195197,-0.0008233082700709643,0.00026997387261513907,-9.404691297163144e-05,3.5727609666777246e-05,-1.0616687404740639e-05,1.3327577229727453e-06,12.0
0.10349999999999993,3.6715727251827963,0.587795020318523,0.6222099963102742,-0.0526736418272739,0.014041090704173217,-0.004554866736086015,0.002210003371408153,-0.0008534268717678331,0.0002777896273801777,-9.526302612145462e-05,3.604342759574228e-05,-1.0804038157471827e-05,1.3421273374326341e-06,12.0
0.10650000000000004,3.619855757680186,0.5899880561779381,0.6309867511509717,-0.055027852156544495,0.014634828685214693,-0.004672809848281728,0.0022794967771021246,-0.0008821621274306271,0.0002852365793308611,-9.633823088639701e-05,3.628141473576754e-05,-1.096786339065263e-05,1.3470912402277184e-06,12.0
0.10949999999999993,3.567947352920023,0.5921902994182743,0.6400662667841277,-0.05739257506118187,0.015226711477611043,-0.004780774645349611,0.0023446891357473422,-0.0009091413984889606,0.00029215088376333137,-9.72285387418619e-05,3.643054596006466e-05,-1.1105246598221341e-05,1.3472947020370952e-06,12.0
0.11250000000000004,3.515927996790919,0.5943996488180595,0.6494486003423303,-0.05976667819287954,0.015814710845996605,-0.004877618119329638,0.0024051769991575967,-0.0009341008202207537,0.0002983946325823909,-9.789540281704063e-05,3.64808241688917e-05,-1.1213283343040505e-05,1.342355482147286e-06,12.0
0.11549999999999994,3.463907780601419,0.5966074292708425,0.6591321206704496,-0.06214416037749785,0.016396408192684567,-0.0049631728240365,0.0024609717720709186,-0.0009568734364914924,0.0003038625892699525,-9.831492627617595e-05,3.642636524342504e-05,-1.1289506384316686e-05,1.3318798706237823e-06,12.0
0.11850000000000005,3.412015264314992,0.5988010250508876,0.6691122581129846,-0.06451553330273181,0.016969366407276826,-0.005038098394373352,0.0025124380662026875,-0.0009774027513020378,0.0003084969342064512,-9.84840606469176e-05,3.6267642340572087e-05,-1.1332552790073125e-05,1.3155936221547742e-06,12.0
0.12149999999999994,3.3603420276615625,0.6009748093884912,0.6793840322197651,-0.06687625674291507,0.017532241872706637,-0.00510274943913698,0.0025600221016705846,-0.0009958036379732827,0.00031231124308002856,-9.841961649886706e-05,3.601134810411061e-05,-1.1342888916946286e-05,1.2935764345036577e-06,12.0
0.12450000000000006,3.3089101253424826,0.603136200330992,0.6899459713826271,-0.06923194036091031,0.0180848750141875,-0.005156076261164679,0.0026039727478461244,-0.0010123711944509798,0.0003153894473916792,-9.815010358131551e-05,3.566828403057091e-05,-1.1322997188149262e-05,1.2663782151503406e-06,12.0
0.12749999999999995,3.2577004303335655,0.605299121403913,0.7008015193371498,-0.07159351916829582,0.018626569539327,-0.005195530079461884,0.0026442439320901504,-0.001027464373794673,0.0003178385252916869,-9.77043493561123e-05,3.52508568242225e-05,-1.127673760537478e-05,1.2348693340728029e-06,12.0
0.13050000000000006,3.2067622764002013,0.6074606911224406,0.7119527801001952,-0.07395802776273656,0.019152538323241125,-0.0052189619486435,0.002680760982499494,-0.0010412096711325937,0.00031968480021674745,-9.710490521104898e-05,3.4772998505133914e-05,-1.1207873204383525e-05,1.199727417017563e-06,12.0
0.13349999999999995,3.1562975568447977,0.6095844935679117,0.7233894515259256,-0.07629344462655639,0.019652447229128844,-0.005226901394574693,0.0027137328527419087,-0.0010532505249701185,0.0003207958019659977,-9.63691393666813e-05,3.425165325066588e-05,-1.1118828066214166e-05,1.1609942069597499e-06,12.0
0.13650000000000007,3.1065104135552164,0.6116346478430545,0.7350921106057864,-0.07856526538417044,0.020116578425318974,-0.005220413736730132,0.0027431956774382495,-0.0010630522827776861,0.0003209817532017162,-9.55034476873062e-05,3.370161738815601e-05,-1.1011293532652698e-05,1.118589282670794e-06,12.0
0.13949999999999996,3.057486861822397,0.6136028520875145,0.7470416141502264,-0.08075976372746459,0.020540407172895257,-0.005198806189138983,0.002768678517499502,-0.0010702603342244608,0.00032010517833579985,-9.44964133127853e-05,3.3129761400045234e-05,-1.0886797321350369e-05,1.072784402837908e-06,12.0
0.14250000000000007,3.0091133156549876,0.6155282025939115,0.759231105926527,-0.08290287735046716,0.02092785544477742,-0.005157197666169456,0.0027888830279004196,-0.0010750810653109913,0.000318196937703014,-9.331081848775446e-05,3.2528801885442424e-05,-1.0747519818018237e-05,1.0247589780342794e-06,12.0
0.14549999999999996,2.9609291399029702,0.6175272381224606,0.7716931234779539,-0.08508833321377789,0.021293360966180504,-0.005081741179845279,0.0028011097165985175,-0.0010788064064486292,0.0003155865854518462,-9.185868170794938e-05,3.186624903863037e-05,-1.059745539424938e-05,9.77410343699661e-07,12.0
0.14850000000000008,2.913038377605661,0.6195696640598356,0.7844387169925324,-0.08729326288594065,0.021625562728578178,-0.004972115108960077,0.002806033679713256,-0.0010812513648312172,0.0003120538160372787,-9.008523300660849e-05,3.113620052361266e-05,-1.0434260734409913e-05,9.298810757584898e-07,12.0
0.15149999999999997,2.8663346857400414,0.6214401882354169,0.7973913197806656,-0.08933701847329827,0.021889675364094346,-0.004850992872565868,0.0028085825771354328,-0.0010799121516290552,0.00030670123159004135,-8.804960617771251e-05,3.038697248082989e-05,-1.0248654219476155e-05,8.76436469100881e-07,12.0
0.15450000000000008,2.8206389807107,0.6232022996321729,0.8105294827090119,-0.09126216235106448,0.022099735271516353,-0.0047149352552541554,0.002807641471124476,-0.001075408077846627,0.0002997266494572406,-8.572049450530565e-05,2.9601792097303543e-05,-1.0040714638247117e-05,8.182445999159795e-07,12.0
0.15749999999999997,2.776348919307012,0.6247142595098862,0.8238262282284444,-0.0929461461388781,0.02222190633619843,-0.004579916985101725,0.002807977116344418,-0.0010655703895173074,0.0002901925295506394,-8.313196758629594e-05,2.882536842525559e-05,-9.797518786853723e-06,7.480226189018528e-07,12.0
0.1605000000000001,2.7332395069087325,0.6261058861577561,0.8372187218649336,-0.09449502306863418,0.02230113275311907,-0.004436443198970816,0.002804377060875744,-0.001052052010536762,0.00027896700046247416,-8.023328548997576e-05,2.7993920092741835e-05,-9.520077709582293e-06,6.70537941713095e-07,12.0
0.16349999999999998,2.6884707144599935,0.6282339382750394,0.85093714521678,-0.09664242180363226,0.022499467209298043,-0.004180357822223162,0.0027713743162028166,-0.0010474103070079524,0.0002704421191910166,-7.641105034620832e-05,2.673947195280344e-05,-9.241034958245317e-06,6.174979811657636e-07,12.0
0.1665000000000001,2.6465063427084172,0.6298378996567914,0.8646386171360442,-0.09837935642579786,0.022596314625755832,-0.00394794766147331,0.002740676238226968,-0.0010354186281937082,0.0002590621085369452,-7.232057292984059e-05,2.545468540569399e-05,-8.902621378377154e-06,5.46844631508031e-07,12.0
0.16949999999999998,2.605815397936797,0.6313039062613889,0.8784575341889944,-0.10001304648744265,0.022642255390345492,-0.0036971186058111895,0.0027059906753071766,-0.0010215908058812827,0.00024635800455529176,-6.775962799355208e-05,2.40375885297424e-05,-8.519682465165737e-06,4.6899646030118263e-07,12.0
0.1725000000000001,2.566483639686738,0.632370355534712,0.8925251178413787,-0.10130047533427648,0.022522249552944986,-0.003456947978224472,0.0026848215150966017,-0.0010014366299889298,0.00022959949618173335,-6.29724234464591e-05,2.2733159240178922e-05,-8.075361239070781e-06,3.6138245243083883e-07,12.0
0.1755,2.529050247838189,0.6331027079112134,0.9065241168992637,-0.10226372049239979,0.022329573558466993,-0.0032452029002205973,0.002669524260261146,-0.0009759753477664267,0.00021084577707040897,-5.8319317279375185e-05,2.1532327807587617e-05,-7.588964084748645e-06,2.359592970646378e-07,12.0
0.1785000000000001,2.489310888365674,0.634939255580505,0.9207885177008627,-0.10410367002673977,0.022361854585082462,-0.0028818812743435494,0.0026113294281266738,-0.000968758856418682,0.00019909331673293004,-5.2738572583548475e-05,1.972013810824702e-05,-7.1486500892734014e-06,1.6694063601718367e-07,12.0
0.1815,2.452069288308582,0.636204680608662,0.9350190361588216,-0.10545610369330222,0.02225396572134851,-0.002561536865847842,0.0025664362701298903,-0.0009543845517087781,0.00018464799398341882,-4.7623014263628894e-05,1.8187881520929214e-05,-6.682426162389578e-06,7.495055933847464e-08,12.0
0.1845000000000001,2.4153492187662997,0.6374188195332248,0.9494953962312312,-0.10674515552924085,0.022057777475490956,-0.0022106290112060985,0.0025245737005648227,-0.0009414654655239849,0.00016960242507283718,-4.254509805440205e-05,1.6785892829102906e-05,-6.2301594624068475e-06,-1.9582417124176592e-08,12.0
0.1875,2.3792501445948364,0.6382019317753802,0.9644626635715561,-0.10763854790885784,0.021597058002926668,-0.001865098315526288,0.0025121201388037264,-0.0009228867572908736,0.00014924042333562456,-3.784698546056321e-05,1.595895664535429e-05,-5.776129663704796e-06,-1.5471203709135588e-07,12.0
0.1904999999999999,2.346062142452033,0.6383822774224811,0.9790573358052747,-0.10796957656905103,0.021056994105542844,-0.0016013389440305865,0.0025114243635683746,-0.0008950681970165218,0.00012725214082482365,-3.4280606846071505e-05,1.5574011284123345e-05,-5.328906448944151e-06,-3.066880777478907e-07,12.0
0.1935,2.3111133487914888,0.6398271289581828,0.9936468193836095,-0.10931286829410225,0.020861951184438485,-0.0011675409912163817,0.002447098946925599,-0.0008917968479996775,0.00011705213421636184,-2.976632810732343e-05,1.4289484692702427e-05,-5.007829100429644e-06,-3.480075609597836e-07,12.0
0.1964999999999999,2.278650340382392,0.6407244081605507,1.008101471668838,-0.11019208831775633,0.020531149698998805,-0.0007887232841805055,0.002401429156464481,-0.0008807246475185633,0.00010389497019487084,-2.6127814017496423e-05,1.3508126186730354e-05,-4.698526973936054e-06,-4.126636506380592e-07,12.0
0.1995,2.246874645271914,0.6415621568844163,1.0227683953097801,-0.11101799013759955,0.020091276178672166,-0.00038224218805254915,0.0023675088897547347,-0.0008713915438479797,8.903004214273355e-05,-2.2596294934636757e-05,1.3040950986678598e-05,-4.430039524409153e-06,-4.848867735348838e-07,12.0
0.2024999999999999,2.209673885413559,0.642071302679238,1.0405861458555694,-0.11162825483180966,0.019171925503188206,0.00011392674747109331,0.0023731533653467687,-0.0008535127776491586,6.30075938278713e-05,-1.8861104985772318e-05,1.3411430002911676e-05,-4.12638771207238e-06,-6.374868151135201e-07,12.0
0.20550000000000002,2.1937814125255404,0.6419167252378312,1.0494570936986858,-0.11145837826256115,0.01896524723560565,0.00023438500566914174,0.002369256759663351,-0.0008401716828357005,5.24588621982891e-05,-1.804549297979803e-05,1.3681111734335358e-05,-3.944749576034014e-06,-7.05203500446028e-07,12.0
0.2084999999999999,2.1581637775025024,0.6427042739212053,1.0666799544340684,-0.11227184297671848,0.01826828571192312,0.0007733791614780513,0.002333511196628053,-0.0008334653354457656,3.4957189349196794e-05,-1.4382084224187565e-05,1.360993318236156e-05,0.0,0.0,10.0
0.21150000000000002,2.1304849286608336,0.6429594441479183,1.0809155606317649,-0.11258041391290405,0.017718039963648832,0.0011614227873711779,0.0023086720496081226,-0.0008247441035488816,2.0409221890336536e-05,-1.2067185248837081e-05,1.3742287919331985e-05,0.0,0.0,10.0
0.2144999999999999,2.1031989785041505,0.6431354353006548,1.0952969860286852,-0.11281358168983663,0.017082864240774126,0.0015677623916017197,0.0022952742033490727,-0.0008182705648137404,4.3293201685536645e-06,-9.850199845200061e-06,1.4144450534563284e-05,0.0,0.0,10.0
0.21750000000000003,2.0708284929096283,0.6433434722975316,1.1125474104701423,-0.11309438146880359,0.01613172424738618,0.0021052129742973394,0.002298109678824369,-0.000814361912179248,-1.788881900420122e-05,-7.001893389910092e-06,1.505746672345815e-05,0.0,0.0,10.0
0.22049999999999992,2.0564734750392955,0.6432224223940207,1.1212934340276122,-0.11288063827404456,0.015914130625082224,0.002281623947625328,0.0022814397834082806,-0.000810171875852296,-2.4246699360088797e-05,-7.76162982468769e-06,1.601183505616268e-05,0.0,0.0,10.0
0.22350000000000003,2.0259290750053207,0.6433337775522021,1.1383476518326454,-0.11296258777018431,0.014913311305411063,0.002815009017601275,0.0022947269609828553,-0.0008105902961648905,-4.9910427242848686e-05,-2.195047630442723e-06,1.8950163947185925e-05,-1.7821327768129159e-06,-7.822127769819142e-07,12.0
0.22649999999999992,2.0019872296378014,0.6433350904650091,1.1524095856926424,-0.11285133857307715,0.014195152192242039,0.0032252750207202663,0.002284600312792454,-0.0008092890570570691,-6.546799672087644e-05,-1.2313394233698524e-06,1.735508052368792e-05,-3.0726356371276674e-06,-1.2052308106461092e-06,12.0
0.22950000000000004,1.9788400842881542,0.6432832626255904,1.1663538339708122,-0.11266229035592132,0.013463298899291693,0.0036318570969234645,0.002273755805055433,-0.0008087346096320047,-8.272556731508165e-05,1.41775524617847e-06,1.8131703478070873e-05,-2.979943517868705e-06,-1.2801949823148856e-06,12.0
0.23249999999999993,1.9557020422822646,0.6430407332108297,1.180668064801808,-0.11229466634020831,0.012554264617033833,0.00404013479650501,0.0022874914804362537,-0.0008059784726372132,-0.00010531758445601511,4.338906897155114e-06,1.9410429297231958e-05,-2.8530995194622842e-06,-1.419211018708108e-06,12.0
0.23550000000000004,1.9356061613396514,0.6423122836431997,1.1937899586100649,-0.11149618853854643,0.011795421576090488,0.004308506316959928,0.0022785045563267292,-0.0007900665244787369,-0.00012372312609702462,6.162827292368533e-06,2.0278124463903998e-05,-2.647768668515666e-06,-1.5296470489930442e-06,12.0
0.23849999999999993,1.9145858268993703,0.6423579352392255,1.2070092406075554,-0.11134429513561737,0.011185362048341835,0.004718232225146156,0.0022304446239573643,-0.0007967969333886833,-0.00013416990629663424,1.0163025328283581e-05,2.010370690257989e-05,-2.5455528617256127e-06,-1.5369007502513873e-06,12.0
0.24150000000000005,1.894461137330083,0.6420255803019619,1.2202420343551736,-0.11087333515890119,0.010406080352056292,0.005071799108279661,0.0022188236816601628,-0.0007958485982341307,-0.0001505769328650009,1.3571385330172637e-05,2.0750656193306936e-05,-2.4046601564945244e-06,-1.6332328416798724e-06,12.0
0.24449999999999994,1.8748113718275556,0.6416068677078336,1.2333502205099127,-0.11032966394314421,0.00960716056372939,0.005410650043830048,0.0022101908562412514,-0.0007941641141855056,-0.00016607751151819772,1.678636955526039e-05,2.141113996326719e-05,-2.269696977612438e-06,-1.727520135314109e-06,12.0
0.24750000000000005,1.855167401201198,0.6409652236644108,1.2466983512891139,-0.10958721223107067,0.008657037832920397,0.005727770909481346,0.0022319140753306542,-0.0007881818075315652,-0.00018533936085610568,1.936313081310423e-05,2.2687363072347274e-05,-2.1237642568754774e-06,-1.8775949540014725e-06,12.0
0.25049999999999994,1.8380771773742877,0.6398931105106463,1.2588738459316626,-0.10846209266084292,0.007869297530085471,0.005907605318761684,0.002233714875430518,-0.0007677445717538688,-0.00019867788483108744,2.003410012230311e-05,2.3508363851908193e-05,-1.919316193749164e-06,-1.96780552585482e-06,12.0
0.25350000000000006,1.8204275674301658,0.6393853545642019,1.2711851616891,-0.10780314246110059,0.007157381683673267,0.006204242542048998,0.002220246677475709,-0.0007660300767113819,-0.0002064723635216565,2.197539382613128e-05,2.3723404346499225e-05,-1.8369760783982209e-06,-1.970377831907685e-06,12.0
0.25649999999999995,1.8032634431506105,0.638719820510284,1.283625018818213,-0.10699505238683515,0.0063075363997957806,0.00648659457085174,0.0022473770234020716,-0.000763069401184198,-0.00022002527190131545,2.3268241057143774e-05,2.4884291595426147e-05,-1.7620849366571021e-06,-2.0558265888711985e-06,12.0
0.25950000000000006,1.786621050645032,0.6380002648014705,1.295920200433566,-0.1061300668315148,0.005455283901667872,0.006760283260482668,0.002282911784127002,-0.0007621772570039872,-0.0002336496221361339,2.4191346099723685e-05,2.6231316187022474e-05,-1.7079130542757979e-06,-2.143508967752526e-06,12.0
0.26249999999999996,1.7704983438397328,0.6372028805993954,1.3079901481361116,-0.10519688498109434,0.004632044107062701,0.007017256467489952,0.0023167983730038146,-0.0007632891031105715,-0.0002459717805143961,2.4789550622774897e-05,2.7556042284155864e-05,-1.6659926689188826e-06,-2.2146196224895446e-06,12.0
0.26550000000000007,1.754802128299313,0.6363456554418063,1.3198838717383239,-0.10420679785876767,0.0038265032639936544,0.007260070415276486,0.002348027223015961,-0.0007671340962787511,-0.00025719103757760453,2.526878329882394e-05,2.8857545764685928e-05,-1.6362873087640413e-06,-2.274428750218211e-06,12.0
0.26849999999999996,1.739598473703555,0.6354374122553514,1.3315991846242736,-0.1031485974459063,0.0030270580904851055,0.007481815398385837,0.002377352576071239,-0.0007726933177192615,-0.0002675600847687378,2.5732356881854706e-05,3.0160328754334532e-05,-1.6183754212271062e-06,-2.3310600663332225e-06,12.0
0.2715000000000001,1.7249834422993742,0.6344890099310933,1.3430905872558914,-0.10201546460990861,0.0022325032141496575,0.007673139279110627,0.002405300696659612,-0.0007778984473290866,-0.00027698914603541537,2.621055368448284e-05,3.14481613761476e-05,-1.617866597216598e-06,-2.3848360233206053e-06,12.0
0.27449999999999997,1.710900170177365,0.633548893874481,1.354346240889256,-0.10085478589904151,0.001452538524544161,0.007840492118878415,0.002430567960298641,-0.0007817795877940454,-0.0002849896127460531,2.680094571478318e-05,3.263611769275329e-05,-1.650487865230261e-06,-2.425587245884793e-06,12.0
0.2775000000000001,1.6963334385110194,0.6325028877506358,1.3661021737115637,-0.09959082957084066,0.0004822192150033152,0.008003699644720877,0.0024965618093285916,-0.0007814568505872126,-0.00029963698054825646,2.7314102417111067e-05,3.472762765660243e-05,-1.6957842482045688e-06,-2.5697550727362872e-06,12.0
0.28049999999999997,1.6847709362057572,0.631152361190524,1.3760558247639416,-0.09807499676392616,-0.00014964766838437802,0.0080227891344994,0.002500197776074453,-0.0007613207522220036,-0.0003026513666059638,2.627517227847235e-05,3.530025508707916e-05,-1.665986825117564e-06,-2.55954384770938e-06,12.0
0.2835000000000001,1.6719242668347174,0.6304787774189189,1.3866303610213246,-0.09714734202597788,-0.0008228163014489673,0.008232340879277072,0.002507694747652756,-0.0007668028926587195,-0.00030518305354776095,2.836808277613367e-05,3.5374951675361214e-05,-1.8229247252679696e-06,-2.5051355843302775e-06,12.0
0.2865,1.6595142496837298,0.6294700886771579,1.3971303282165095,-0.09591749244987802,-0.0015965179688430112,0.008376249346941894,0.0025471572659969167,-0.0007596910749003983,-0.0003140435230009539,2.938832676059089e-05,3.5962541013436543e-05,-1.8858208177042313e-06,-2.540223250609778e-06,12.0
0.2895000000000001,1.6474261997571942,0.6283769140977221,1.4073820142901348,-0.09461438763173657,-0.0023298793210672687,0.008495161438999253,0.0025791772894407546,-0.0007491777007263627,-0.00032150982769571794,2.988748559984974e-05,3.5907518850378596e-05,-1.8899850045254011e-06,-2.5255559734557485e-06,12.0
0.2925,1.634884738503374,0.6271523617889473,1.418072390889496,-0.09318854637577034,-0.003221509906447947,0.008600883525304984,0.0026496957143004197,-0.0007361233752535077,-0.00033690040755944377,2.9558417916715496e-05,3.661035058560961e-05,-1.805333356939417e-06,-2.618547766470942e-06,12.0
0.2955000000000001,1.6249522032426191,0.6256623200554825,1.4270544351621368,-0.09152645357453483,-0.0037764683632323043,0.008565773489415772,0.002653211703728859,-0.0007077459082221181,-0.0003413950120645249,2.7164561254705634e-05,3.574323620283962e-05,-1.5583508486176604e-06,-2.543700373175002e-06,12.0
0.2985,1.6140264786564102,0.6246427463240858,1.4367285984201477,-0.09027954949479841,-0.004456846480174468,0.008673237942099248,0.002685399365772978,-0.0007045959679844,-0.00035114804253309913,2.7060061671155428e-05,3.5450128303415006e-05,-1.3995791437662725e-06,-2.516536977153649e-06,12.0
0.3015000000000001,1.6032844337963748,0.6234547471989648,1.4464264137071798,-0.08890348428833587,-0.005217389008642271,0.008751479415663259,0.0027440263984231804,-0.000700376794650242,-0.00036585557714702456,2.6708672312659367e-05,3.6010144547380354e-05,-1.153224104068893e-06,-2.5636378555206353e-06,12.0
0.3045,1.5929120063317046,0.6221530067839469,1.45582467566156,-0.08744247053218705,-0.005926033938503301,0.008794500435697532,0.0027942694683917926,-0.0006954896003103155,-0.0003779959308477061,2.639513289661474e-05,3.653074377588122e-05,-8.502004297216696e-07,-2.57329830473302e-06,12.0
0.3075000000000001,1.5827691165246098,0.6207958916107985,1.4651016416482936,-0.08591366745246408,-0.006628541799666273,0.008809536634845077,0.0028472306238633126,-0.0006912289669125695,-0.00038921593493763295,2.6403534210381332e-05,3.740644441537428e-05,-5.457340767495563e-07,-2.6012162050666276e-06,12.0
0.3105,1.5729884492336652,0.6194884104689449,1.4741387384639502,-0.084381915416061,-0.00728151591429642,0.00880162256067021,0.0028897624799063717,-0.000688155478455536,-0.00039609347400149233,2.6833610693951418e-05,3.814240298943601e-05,-3.0329490568961136e-07,-2.6030693570166495e-06,12.0
0.3134999999999999,1.563591401869944,0.6182819616726055,1.482877028338533,-0.08290424345242575,-0.007870734426382841,0.008782088077979719,0.0029183947189455176,-0.0006860518146436553,-0.00039700321461325105,2.7509636427651553e-05,3.834422071390001e-05,-1.6529451205159373e-07,-2.54614330210635e-06,12.0
0.3165,1.5546396502552362,0.6170297358401282,1.4913677376315289,-0.08138365640621739,-0.008458775011888058,0.008734541510143471,0.0029558532154111646,-0.0006795266402956645,-0.00039659425169062587,2.7483558490809996e-05,3.849467918568145e-05,-1.0408554131793867e-07,-2.504870894383931e-06,12.0
0.3194999999999999,1.5460089160113626,0.6157290945412244,1.4996905772925693,-0.07983425999485912,-0.009059223132059398,0.008676678632626698,0.0030066240295908197,-0.0006710613663748211,-0.0003968393377093881,2.657322303152544e-05,3.860139742295404e-05,-1.226684193089816e-07,-2.487197536671661e-06,12.0
0.3225,1.5373935614776428,0.6143158413605214,1.5081557851917646,-0.07820398113471791,-0.009766049633814526,0.00860913125501234,0.0030925393150902014,-0.0006616933229206842,-0.0004041366027933269,2.4491955400963407e-05,3.94366325118826e-05,-1.8264094927449336e-07,-2.5886749809410106e-06,12.0
0.3254999999999999,1.5293417124421507,0.6128481869395455,1.516105612406527,-0.07654313126887352,-0.010368508140797504,0.008515879237660567,0.0031496610296794206,-0.0006516463297950251,-0.0004071771273448448,2.14520484509483e-05,3.930663072146185e-05,-2.449567688770108e-07,-2.5857169594186764e-06,12.0
0.3285,1.5214906470822331,0.611517608570786,1.523685905235312,-0.0750208722974121,-0.010856455057982682,0.008447305087309951,0.003168117620483667,-0.0006484110726332475,-0.0004034263539923229,1.8908906869497807e-05,3.7970235932516644e-05,-3.153312798193985e-07,-2.4180300596750953e-06,12.0
0.3314999999999999,1.5138295583352677,0.6101111555460745,1.5311822350986972,-0.07345604034266359,-0.011385218297743738,0.00836447375181844,0.0031976800411598217,-0.0006422793728500508,-0.0004027264456349735,1.6429697842615303e-05,3.723268839451483e-05,-2.810616790918512e-07,-2.3012823621573123e-06,12.0
0.3345,1.506274920498588,0.6086820660052173,1.5386568647418488,-0.07188882852951661,-0.011958401709237057,0.008283809000455802,0.0032406546878589676,-0.0006348595054568298,-0.00040488733328539363,1.4474239680251431e-05,3.708374550526691e-05,-1.625429942058248e-07,-2.23711299148645e-06,12.0
0.3374999999999999,1.4987102022299892,0.6071775684508081,1.546259041734223,-0.07026516262982925,-0.012622314570495634,0.008194867951612868,0.0033113303951561235,-0.0006243849629797679,-0.0004128107470401451,1.26346821250507e-05,3.786989869076514e-05,2.6021771424554902e-08,-2.2845949463647114e-06,12.0
0.3405,1.4916981147956185,0.6056139898757368,1.553347684337271,-0.06858907042628039,-0.013178170084783962,0.008073991671503146,0.003354249721258379,-0.0006087855298094186,-0.0004153931967688503,1.0508723037755106e-05,3.782481170812655e-05,2.5574167185726724e-07,-2.2272531755183565e-06,12.0
0.3434999999999999,1.484877411367899,0.6041471600517816,1.560133547172674,-0.06698802058366002,-0.013642853888177762,0.007962961895909209,0.0033723123566640435,-0.0005951898828895272,-0.00041275293306981196,8.770840902674972e-06,3.6908602362487106e-05,4.595236145696488e-07,-2.0522584588101287e-06,12.0
0.34650000000000003,1.478149752548379,0.6026856083392432,1.566863641309924,-0.06538039395772122,-0.014125893989955998,0.007844089405246446,0.0034017579050605175,-0.0005796096110904468,-0.0004129311460111062,6.911334096381827e-06,3.64357759538526e-05,6.76418534017839e-07,-1.9323775439249167e-06,12.0
0.3494999999999999,1.4715023175192714,0.6012752014739421,1.5735244464842573,-0.0638070252151282,-0.014615608187644439,0.007728772659143093,0.003438774539941526,-0.000563763201653819,-0.00041531102361233704,5.193482395890976e-06,3.6275843793401796e-05,8.976146595879188e-07,-1.8551952330282424e-06,12.0
0.35250000000000004,1.4645882759844702,0.5998043992146469,1.5805042000163956,-0.062179214765312324,-0.015231505352910889,0.007604743368789787,0.003515642652871547,-0.0005449193543612521,-0.0004262390552689616,3.3208583505384908e-06,3.734029515001615e-05,1.1648429668700888e-06,-1.942052298192774e-06,12.0
0.3554999999999999,1.4588045675145624,0.5982388148213421,1.5863913210493885,-0.06047364610640267,-0.015592833875658851,0.007423400905102649,0.0035246078578865915,-0.000517466507997036,-0.00042441155273481443,9.317865946639529e-07,3.636431164194467e-05,1.486630876457671e-06,-1.7814735873359157e-06,12.0
0.35850000000000004,1.4527872707347076,0.596948950268254,1.592371114583341,-0.05900456038969754,-0.015954314063934327,0.007314892919892985,0.0035341446489977964,-0.0005033012904315739,-0.00042246075283335614,3.5592040240917986e-07,3.5200961254444466e-05,1.70960792474682e-06,-1.5968917072909827e-06,12.0
0.36149999999999993,1.4468573064985464,0.5956096848294495,1.5983817982063495,-0.05748291151844593,-0.016376649803327765,0.0071881852239924484,0.003569970943636495,-0.00048652711243670524,-0.00042668007082299355,-4.581126419521121e-07,3.5088545828391396e-05,1.961555390630064e-06,-1.5550427866183778e-06,12.0
0.36450000000000005,1.4410529809145842,0.5942599212135187,1.6042131615377246,-0.05593954267244256,-0.016761145898271743,0.007046082504971606,0.0035981705319669127,-0.0004683172161937414,-0.00042924816931719684,-1.5180816898492717e-06,3.4814263979867366e-05,2.2178199774836487e-06,-1.4834085495012498e-06,12.0
0.36749999999999994,1.4348694139547398,0.5927639018413562,1.6104094933527087,-0.054258234311642714,-0.01726865566584174,0.0068689194552861215,0.003663603419779232,-0.00044455143397004366,-0.0004387635044197784,-3.4880654317637617e-06,3.573298644664094e-05,2.5240725931887165e-06,-1.5506059668295126e-06,12.0
0.37050000000000005,1.4301062595331142,0.5911387700555427,1.6152233642683322,-0.0524630466111843,-0.017456393654613177,0.006620096307792051,0.003640932882198471,-0.00041175402268591956,-0.00043089014091011486,-6.366133763217699e-06,3.41522042091979e-05,2.8465725846852756e-06,-1.2878242664705553e-06,12.0
0.37349999999999994,1.425056271275122,0.5898113702611669,1.620315483753741,-0.05092324141501074,-0.017719042534410246,0.006456977797421561,0.003640421911089612,-0.0003961879198808897,-0.00042665732279144314,-7.183785132533861e-06,3.318131994641329e-05,3.001661632762711e-06,-1.089455700221591e-06,12.0
0.37650000000000006,1.4200036627982322,0.5884334602891228,1.6255630864630561,-0.049341562995745915,-0.01808502674511803,0.0062793026911147,0.003675094920780954,-0.0003788959119453673,-0.00042958981939061365,-8.154927338089758e-06,3.347559455505635e-05,3.1577056525554093e-06,-1.0595059687487481e-06,12.0
0.37949999999999995,1.4150500647851256,0.5869804018701316,1.6306716259690712,-0.047721141567363526,-0.018439606094057707,0.006078053107118584,0.003706204534785109,-0.0003576595535539503,-0.0004309636496180746,-9.46694113508305e-06,3.3523919838536405e-05,3.3348062633597906e-06,-9.989823214346423e-07,12.0
0.38250000000000006,1.4089873045739882,0.5850871813519599,1.636746961104464,-0.04575865633793607,-0.01895488905099692,0.005802334114399582,0.003770355448981571,-0.00032390707052549437,-0.00043639208777972524,-1.208362693498306e-05,3.403497502228836e-05,3.6196583838777944e-06,-9.929429659038089e-07,12.0
0.38549999999999995,1.4064447383862795,0.5840483649494324,1.6394545070252988,-0.044571641955615963,-0.01899091599078613,0.0056334931860955425,0.003747892662022477,-0.0003052171942819545,-0.00042937342151735453,-1.3019894030292191e-05,3.311480359623125e-05,3.738081102574956e-06,-8.606422431993728e-07,12.0
0.38850000000000007,1.4011425302354197,0.582195313441895,1.644691881428254,-0.04270151664045058,-0.019345113684407344,0.005364474350547867,0.003779090314964015,-0.0002740483418379653,-0.00042735483678988404,-1.4996992117792153e-05,3.257421371969062e-05,0.0,0.0,10.0
0.39149999999999996,1.3966932135282422,0.5806473628701554,1.6491779429503772,-0.041097475348682716,-0.01965185940653332,0.005143642247744378,0.003819574225459776,-0.00025009317330069216,-0.0004283328483895814,-1.647926753371336e-05,3.266287106338054e-05,0.0,0.0,10.0
0.3945000000000001,1.3923226922326388,0.5790949093598565,1.6535334285283725,-0.039486579463516254,-0.019938470642252622,0.004918359680457529,0.0038580665168848507,-0.00022555474090939204,-0.00042860787896598134,-1.8278479473411096e-05,3.2620101125759204e-05,0.0,0.0,10.0
0.39749999999999996,1.3867212557298143,0.5771144505004051,1.658989814619184,-0.037502806262858776,-0.020421543364040933,0.004617228512214142,0.003943757516933337,-0.0001892340661761642,-0.00043737990191412124,-2.1398131156455258e-05,3.3548373735665806e-05,0.0,0.0,10.0
0.4005000000000001,1.3846611414206942,0.5761087705267962,1.6611134486526433,-0.03637031628752654,-0.020384136028763596,0.004460700234837566,0.00391590602429325,-0.00017553662443384118,-0.0004297441022529441,-2.0447237183809562e-05,2.9877726733074047e-05,0.0,0.0,10.0
0.40349999999999997,1.3801230849647144,0.5743627401685645,1.6655626086166853,-0.034621264966455303,-0.020657012910002517,0.004213226883108549,0.003945538276815891,-0.000150909550091695,-0.0004303465739487686,-2.5772057972836767e-05,2.9519519390498526e-05,3.472996855880045e-06,-7.770134019340422e-07,12.0
0.4065000000000001,1.3761529819356835,0.5728377199920681,1.6694387187165007,-0.033071293535592884,-0.02090249829899992,0.003998531782530114,0.0039769701786999114,-0.00013567264216814807,-0.00043262127378200055,-2.5397763532435307e-05,3.081549732459756e-05,4.3189535846056275e-06,-5.528483256583537e-07,12.0
0.4095,1.372232590060998,0.571293361426493,1.6732057669022296,-0.03150845384154333,-0.02113442168596145,0.0037772681529978022,0.0040013424102243655,-0.0001195486470666918,-0.0004343633125251217,-2.6928237075648603e-05,3.031112219633737e-05,4.299982894148373e-06,-5.450115733047606e-07,12.0
0.4125000000000001,1.367807564359957,0.5696398841078969,1.6774165546398168,-0.029852048061030517,-0.021482596597686983,0.003530566600866252,0.0040572421203045606,-9.781473553114736e-05,-0.0004426758192731543,-2.9068297425309035e-05,3.092216200885041e-05,4.339953837143464e-06,-6.877786032397927e-07,12.0
0.4155,1.3647470855495967,0.5680856137909054,1.6801899536990148,-0.02827769994665869,-0.021489729245664266,0.003282935724765611,0.004017946515890491,-7.60442358933156e-05,-0.0004330402890181555,-3.076018461055313e-05,2.8981329072576425e-05,4.334123667016907e-06,-5.020013866272933e-07,12.0
0.4185000000000001,1.3613188805366374,0.5665850383108689,1.6834320820184567,-0.026765051971971817,-0.021652773559961806,0.0030574839098296857,0.004030414275244683,-5.7336109839606934e-05,-0.0004328957836896388,-3.192927853635936e-05,2.8591356486907344e-05,4.303619662948844e-06,-5.060559859527382e-07,12.0
0.4215,1.3577594943054527,0.5650275538513122,1.6867344705329301,-0.025214421698249667,-0.02185355810788208,0.002817549180933819,0.004054783138278138,-3.527052201354705e-05,-0.00043372019427971803,-3.340786869927523e-05,2.8350537297977653e-05,4.291258782755892e-06,-5.097138891783909e-07,12.0
0.4245000000000001,1.3542699119252037,0.5634450362022219,1.6899078562705576,-0.023655328032045092,-0.022042085644868575,0.00257406309223385,0.004077761898555949,-1.1900269923334062e-05,-0.0004340269948955453,-3.515308024429117e-05,2.8055699989983642e-05,4.273106600461331e-06,-4.955937582945072e-07,12.0
0.4275,1.350351316870318,0.5617381482594264,1.6934498134083071,-0.021992641794237048,-0.022333381239576407,0.002304942824498702,0.004132151411963652,1.653306248979006e-05,-0.0004415544134235955,-3.7794797671578195e-05,2.876470261092444e-05,4.3290885802129e-06,-6.080179979030705e-07,12.0
0.4305000000000001,1.3476425466097406,0.5601985717769719,1.6957327570300267,-0.020470631332317208,-0.022344765897994036,0.0020663468517686653,0.004105494941486563,3.7620912679064346e-05,-0.00043561184694775523,-3.9183835442798486e-05,2.7323806713444068e-05,4.369321824622101e-06,-4.3663081187968394e-07,12.0
0.4335,1.3445178104199442,0.5586417232306904,1.6985180902114891,-0.0189753798399587,-0.022515569726161366,0.00183719590693829,0.004126646021180179,5.690650007278861e-05,-0.00043849052846140857,-3.968557175307162e-05,2.7384018537572252e-05,4.5167573860933455e-06,-4.234779653581697e-07,12.0
0.4365000000000001,1.3413316891944134,0.5570053657163271,1.7012169983506826,-0.017428495005578068,-0.022670545920816135,0.0015865818219865408,0.004146429935074832,8.061991564181388e-05,-0.0004385974477430282,-4.0089168657348526e-05,2.7509523496073314e-05,4.72942292044629e-06,-3.797510279634431e-07,12.0
0.4395,1.3382136617178222,0.5553469209468425,1.7037922042038955,-0.01587462965561796,-0.022804012425790207,0.0013387793288621298,0.0041634947406456796,0.00010340906481553454,-0.0004369765775368038,-4.051548356501174e-05,2.758411574733152e-05,4.8315275933159745e-06,-3.521085585026935e-07,12.0
0.4424999999999999,1.3346560369603122,0.5535652679891565,1.7067431428629314,-0.014229940351140077,-0.02302568818478645,0.0010682819888328593,0.004205036277341647,0.00013014149903888236,-0.0004410137376672349,-4.229061372284418e-05,2.8289099114637006e-05,4.856891176917741e-06,-4.75181196825074e-07,12.0
0.4455,1.3321815409668984,0.5519601289382285,1.7084999958597056,-0.012738752884063727,-0.0229655254510068,0.0008322416387888426,0.004163279231348771,0.00014960865109800596,-0.0004304335283290561,-4.357325858583068e-05,2.662793309025918e-05,4.724125854009921e-06,-3.28972418945869e-07,12.0
0.4484999999999999,1.3294312428665653,0.5502579160587676,1.710650304735952,-0.011192881980732216,-0.02304783868987252,0.0005705007566454895,0.004168894536031279,0.00017475779029360928,-0.00042958898158662904,-4.557532820216617e-05,2.65321004363709e-05,4.629322839061046e-06,-3.898689541629878e-07,12.0
0.4515,1.326546827555679,0.5485139171086904,1.7127887990057038,-0.009641318820524271,-0.023129042642531857,0.0003038794120579466,0.004173239777247516,0.00020224248211195669,-0.0004272529754962047,-4.7577650838408593e-05,2.6064934419758078e-05,4.547860345061698e-06,-3.856026629563999e-07,12.0
0.4544999999999999,1.3237078043131574,0.5467550960326305,1.7147989650151676,-0.008092126583450446,-0.023186763624317108,4.0889006009335385e-05,0.0041751192271365315,0.00023063171960335284,-0.00042499632991043764,-4.964567365849301e-05,2.5453577098369595e-05,4.522728235764933e-06,-3.6399379470618054e-07,12.0
0.4575,1.3206039227610198,0.5449196180094192,1.7170085136145876,-0.006479747541409984,-0.02329461484297078,-0.00023985446497489058,0.004193426982283128,0.0002608159078928015,-0.0004275039008781063,-5.2308190142452084e-05,2.538181209929332e-05,4.63418400863759e-06,-3.932443337909712e-07,12.0
0.4604999999999999,1.3181275107591186,0.5431420879063578,1.7184595611964342,-0.004930176677538954,-0.02323152739887578,-0.0005068660447828417,0.004157056432049649,0.000284137775937548,-0.00041991901044330707,-5.39954421828391e-05,2.398053502369533e-05,4.8049954940442885e-06,-1.7772239304301234e-07,12.0
0.4635,1.31556706012213,0.5413362571998102,1.7200801879632839,-0.0033877438184076202,-0.023264318733535957,-0.0007767941553780722,0.0041534009263335964,0.0003079024427337541,-0.0004178593074087632,-5.4970763623138725e-05,2.4187314078491897e-05,5.067870012331615e-06,-1.1048366304238846e-07,12.0
0.4664999999999999,1.3129168433204397,0.5394852313607046,1.7216647359522688,-0.001836424080386657,-0.023301028742057153,-0.0010479537258470746,0.004151446665591475,0.0003342887316833557,-0.00041431004131201114,-5.590007466890717e-05,2.434483429490344e-05,5.283036741995933e-06,-4.6213694132605874e-08,12.0
0.46950000000000003,1.310286169344514,0.5375673185680093,1.7231229637567969,-0.00026286271384736863,-0.023318677995696303,-0.001319933957167751,0.004143611537534915,0.00036102715024091225,-0.00041063688977606845,-5.754602692703594e-05,2.4036116015430415e-05,5.322068570035798e-06,-1.793122550345085e-08,12.0
0.4724999999999999,1.3074124779121832,0.5355637229062703,1.724729040915687,0.0013618506444587279,-0.02337161443475856,-0.0016051820704159336,0.004145365079235386,0.00038967860799537526,-0.0004102157035830134,-5.9954445019857874e-05,2.3914811002878977e-05,5.274825930360662e-06,-7.567623852197766e-08,12.0
0.47550000000000003,1.3050495750789974,0.5336673314009387,1.7256667169518147,0.0028989124819800882,-0.023261563770110957,-0.0018608195186215017,0.0040974468588384,0.0004122507824082285,-0.00040017419568388375,-6.139901351714668e-05,2.2328415222126234e-05,5.1251055300775465e-06,6.5401106336863e-08,12.0
0.4784999999999999,1.3026218902914957,0.5317109755934416,1.7267913045188839,0.004490346610875042,-0.023243637084759496,-0.002139590847183132,0.0040825421460047445,0.0004397493764859102,-0.0003976632959894424,-6.339492782191044e-05,2.2041722560334666e-05,4.9962481468930155e-06,2.5166190183466476e-08,12.0
0.48150000000000004,1.3000702815777299,0.5297366920129009,1.7279174705752545,0.006079602445062569,-0.023227751078137796,-0.0024230525850376847,0.004062888014056033,0.0004693922399192102,-0.00039346702938604556,-6.558223246898755e-05,2.1277909679350615e-05,4.871762082463531e-06,5.4793015313240726e-08,12.0
0.48449999999999993,1.2975276308643529,0.5277241115832781,1.7288989275020812,0.007662095609605203,-0.023195354945813786,-0.0027067093048570856,0.004039064299690279,0.000501168468128453,-0.00038881202867419647,-6.793260978117739e-05,2.028305846524075e-05,4.7764317175024975e-06,1.0294588943551083e-07,12.0
0.48750000000000004,1.2947668463369062,0.5256299825010315,1.7299642046883354,0.009273560309046271,-0.023196714355858038,-0.0029971453825001063,0.004032064606451901,0.0005356780322971296,-0.00038810565944817236,-7.067209334132904e-05,1.977917334051711e-05,4.747986303339274e-06,8.285698834039813e-08,12.0
0.49049999999999994,1.2924938203765293,0.5236260584312312,1.7303798445473149,0.010791621220569005,-0.02305192754345845,-0.0032485793500917834,0.0039880024647292065,0.0005612156408151298,-0.00038093765497004166,-7.258235695253825e-05,1.8218366392130605e-05,4.685256550332443e-06,2.2926068829479363e-07,12.0
0.49350000000000005,1.2902348554973708,0.5215691806225294,1.7308768726807102,0.012344609771929657,-0.022965948254046027,-0.003513694314065782,0.003969119636235846,0.0005863836680566253,-0.00038074734203043335,-7.485649520005139e-05,1.7962145875074517e-05,4.7157203210709745e-06,2.361635214602016e-07,12.0
0.49649999999999994,1.287881721346797,0.5195013471289752,1.7313347407965292,0.01388481020758491,-0.022865187719173903,-0.0037778539455413855,0.003939594254291045,0.000608863778397289,-0.00037845602879437346,-7.656160705031373e-05,1.761749264927097e-05,4.822679097772047e-06,3.1366536254356586e-07,12.0
0.49950000000000006,1.285525494182202,0.5173860956349892,1.7317031972914192,0.015418100213731365,-0.022753646118918298,-0.004038780283501901,0.003904764935677212,0.000630587159701563,-0.0003748965042160216,-7.721052002978409e-05,1.7580738398551787e-05,4.976167662728152e-06,3.7821273409879725e-07,12.0
0.5025,1.2829655382242267,0.5151985850260339,1.7321931572727116,0.016964279018308548,-0.02267452716646389,-0.004305204384303638,0.0038810971804949254,0.0006544694948514516,-0.0003732194863333218,-7.736186477451855e-05,1.8110227770207122e-05,5.106307197577212e-06,3.405976421820582e-07,12.0
0.5055000000000001,1.2808172809211027,0.5131338349904607,1.7321318006526023,0.01838752546211421,-0.022470459889463428,-0.004532515201259978,0.0038206559757194827,0.0006706564796790672,-0.0003646096448610689,-7.661311197945522e-05,1.731969017203137e-05,5.018850969411219e-06,4.044365932053798e-07,12.0
0.5085000000000002,1.2787039979897745,0.5109804490694368,1.7321704253515344,0.019876958271046262,-0.022336160885511012,-0.004794350314230172,0.003788635429382424,0.0006934567792841216,-0.000362961626317771,-7.722499906184382e-05,1.7389766111858342e-05,4.8743376306235225e-06,2.691354348226868e-07,12.0
0.5114999999999998,1.276496614714631,0.508797452694638,1.7322030607918821,0.021367979412012347,-0.02219558564329993,-0.005063329543605279,0.003753024579074277,0.0007187205662029473,-0.0003588266215200764,-7.83308889061904e-05,1.6798244353867328e-05,4.706245833487334e-06,2.1245501563684562e-07,12.0
0.5145,1.2742867539470422,0.5065568912680865,1.73212864580671,0.022859322952195223,-0.02204356767931975,-0.005331396472273706,0.003719716954567751,0.0007460991327802251,-0.0003539071708761332,-7.964336840617088e-05,1.6128643946018384e-05,4.572779475701646e-06,1.7945723218188236e-07,12.0
0.5175000000000001,1.2719858693922756,0.5042773179387869,1.7320377898671828,0.02432538859894054,-0.02190122454483511,-0.005584390107381953,0.0036975332936759883,0.0007727445959127417,-0.00035060677799926456,-8.091095752432527e-05,1.579278055360259e-05,4.494053139765435e-06,1.310488182398438e-07,12.0
0.5205000000000002,1.2698384720242684,0.5019702691710919,1.7316365680910528,0.02576309936549546,-0.021688319847533676,-0.005816166646025506,0.0036583975697779083,0.000795276543176652,-0.00034436497631556236,-8.189637304347345e-05,1.505388950524943e-05,4.473675359439037e-06,1.8079489509468615e-07,12.0
0.5234999999999999,1.2677281996340954,0.4995980789473715,1.731186218339523,0.027213160896918043,-0.021495248599179718,-0.006050386840834644,0.0036285239994527036,0.0008159773334486752,-0.0003420997643101933,-8.286483739309367e-05,1.5207808870396175e-05,4.554011122724019e-06,1.5152786332066707e-07,12.0
0.5265,1.2655722531090379,0.4972264859071836,1.7306957287877938,0.028629336063300367,-0.02131070440470912,-0.006277943520396401,0.0035970774705931445,0.0008337175466263747,-0.0003398005425431516,-8.309066352069957e-05,1.5717817921742063e-05,4.71211978001346e-06,1.3527173355606125e-07,12.0
0.5295000000000001,1.263401236779049,0.4948228608229082,1.730111033980564,0.030042793729143622,-0.021115491584666465,-0.006505662990009757,0.0035615105540459484,0.0008530120019082819,-0.00033515440137145847,-8.253737131714168e-05,1.6313549528502724e-05,4.93516727678442e-06,1.5503797273219195e-07,12.0
0.5325000000000002,1.2610595023514106,0.4923753951931708,1.7295895019531273,0.031464700602220716,-0.02093494531543653,-0.006732844960501167,0.003533569030496523,0.0008748572384143267,-0.00033055350511209427,-8.168260249513071e-05,1.7002815816771723e-05,5.131207228446631e-06,1.4574892709801303e-07,12.0
0.5354999999999999,1.2589300902128784,0.48986697693818615,1.728682641288866,0.032903941573178684,-0.020660747414607928,-0.006953972200164813,0.00348077944725205,0.0008955024134055402,-0.0003217197576612864,-8.112087892493634e-05,1.6578609047025672e-05,5.17585270989334e-06,1.9678237887881393e-07,12.0
0.5385,1.2569236499734882,0.4872720604117575,1.7276417249092177,0.03438205245046747,-0.020388521522343436,-0.007183730370836186,0.0034362405875077552,0.0009157641033861612,-0.00031726597445050933,-8.144655186031942e-05,1.6459013941982652e-05,5.0971829268317425e-06,1.0306066286539142e-07,12.0
0.5415000000000001,1.2548303523878772,0.4847312338092802,1.7265908028195118,0.035799448519465815,-0.020129672695632806,-0.0073943771604066755,0.003395693949368442,0.000930549054259266,-0.000314046900310518,-8.16627109656723e-05,1.628107158403777e-05,4.923631779112944e-06,-1.542726849485676e-08,12.0
0.5445000000000002,1.2527026214085257,0.48217366443986204,1.7254810612638762,0.03721233825173752,-0.019873594267144593,-0.007608115670686854,0.00335568620069479,0.0009450337185158659,-0.00031079237715197263,-8.210944883635947e-05,1.6056851215132797e-05,4.7320198402128405e-06,-1.2318507939903428e-07,12.0
0.5474999999999999,1.2500873403221116,0.47929416369004624,1.7245393291709012,0.03876439450780967,-0.01962195427293121,-0.00787016205872529,0.0033155591908675696,0.0009681519061744115,-0.0003078156374133355,-8.376706455750606e-05,1.5916138945539337e-05,4.59229626011561e-06,-2.346347507180283e-07,12.0
0.5505,1.2482664179563656,0.47703606595884096,1.722986680328088,0.0398977227249816,-0.01930703061236466,-0.00800358497342679,0.0032516986713177496,0.0009704508912662033,-0.0002994211739694106,-8.315886842052336e-05,1.4801126340852386e-05,4.265072559029063e-06,-1.9438374207599124e-07,12.0
0.5535000000000001,1.246278731246534,0.4742330511914436,1.7214733497305894,0.04142541700955031,-0.019035987975373692,-0.008254589131434825,0.0032116026880026536,0.0009937470189395612,-0.00029721332415857493,-8.50103165394318e-05,1.4823203258071551e-05,4.108133058976843e-06,-3.131816989834654e-07,12.0
0.5565000000000002,1.2440624673475629,0.4714229035338621,1.7198200659518634,0.04283785205184327,-0.018709360680245993,-0.008457646615629902,0.003156991510674564,0.0010100409642046604,-0.0002929502330261864,-8.562534559591742e-05,1.4288846146615527e-05,3.971822691003016e-06,-3.9993344613838476e-07,12.0
0.5594999999999999,1.2418471328526879,0.4685982426344616,1.7181084897992187,0.04422420365588191,-0.01838025585560565,-0.008652996483999864,0.0031080750159055625,0.0010256361031370747,-0.00028970818185052396,-8.621641563874178e-05,1.3860821879956542e-05,3.8838970820957744e-06,-5.220519176056191e-07,12.0
0.5625,1.239054227976958,0.46531985735981385,1.7165458332515917,0.04580500997246703,-0.018014169760254405,-0.008900266704298089,0.0030486729389858237,0.0010488877833462846,-0.0002839420830377704,-8.831437522450264e-05,1.3471372594372985e-05,3.791138264879952e-06,-6.101820548546e-07,12.0
0.5655000000000001,1.237217673846535,0.46296225905984895,1.714397406259492,0.04679591883950216,-0.017618548753149478,-0.008963904714425713,0.002967441381762774,0.0010417770284258856,-0.00027289060165339385,-8.679397480831359e-05,1.206107277964705e-05,3.409569622152876e-06,-5.462123775832424e-07,12.0
0.5684999999999998,1.2351692861582144,0.45995103537983656,1.712491681239072,0.04832384766865391,-0.017316012704863777,-0.009211734043272263,0.002925582846906622,0.0010688193223973171,-0.00027267706853466425,-8.91071369309304e-05,1.2212903268716882e-05,3.3641286283474925e-06,-7.791571668276445e-07,12.0
0.5714999999999999,1.2327587977791303,0.4568081703352494,1.710446987481122,0.04975501168667706,-0.016927396092569564,-0.009414183633028225,0.0028562189911939075,0.0010831929552933407,-0.0002666700358190551,-9.045585348478603e-05,1.1212978291755033e-05,3.262148277687693e-06,-8.359451635625837e-07,12.0
0.5745,1.230389040072699,0.4535717433750175,1.708227190050384,0.051171631238259845,-0.01652256264004573,-0.009610219922081718,0.0027847758379452247,0.0010938236972835144,-0.000260500005724375,-9.159897089778043e-05,1.0950170662146828e-05,3.2941767357972953e-06,-8.517279666443424e-07,12.0
0.5775000000000001,1.227672879351146,0.4500446034847879,1.7060474118820972,0.05269962601839792,-0.016096598194656173,-0.009834763772058532,0.002706772892123151,0.0011117096389429194,-0.0002503688696122102,-9.222457179995922e-05,1.1141337173034815e-05,3.5065839917453654e-06,-7.92867958837623e-07,12.0
0.5804999999999998,1.225455017687422,0.44702369275935805,1.7033493604436074,0.05385504749071161,-0.015610311251751066,-0.009928345331693143,0.002613226289920256,0.0011106082127098368,-0.0002348928300032659,-9.029346257071555e-05,1.0331964538561686e-05,3.402747981447656e-06,-6.510377113849873e-07,12.0
0.5834999999999999,1.223244411158509,0.44364762523910245,1.7008500662948909,0.05530766305926886,-0.015216010146686937,-0.010126207826127788,0.002562175003990081,0.0011309980701509036,-0.00023103206650143142,-9.219724453208121e-05,1.0728485222037171e-05,3.2935736214703528e-06,-8.242199150227884e-07,12.0
0.5865,1.2207592354867167,0.440163106329923,1.6982613449279478,0.056733727839794024,-0.014751740837057119,-0.010298389429484989,0.002486639086434478,0.0011468714907715602,-0.00022225472072430225,-9.394058787564434e-05,9.85415326488532e-06,3.120671371313827e-06,-8.38311934507969e-07,12.0
0.5895000000000001,1.2182227875696712,0.43656296753576807,1.6954698276608695,0.05815783990002694,-0.014245934928430232,-0.010457007738385074,0.0024001578278334606,0.0011590463799953348,-0.00021396609778110448,-9.575911442181535e-05,8.758789213166429e-06,2.9570744889399247e-06,-8.279605275448218e-07,12.0
0.5924999999999998,1.2154993215743801,0.4328637178692404,1.6926313643532798,0.05958605747499327,-0.01373329948371931,-0.010618180132252438,0.0023065114555426386,0.0011691331041053167,-0.00020636777581649926,-9.723480401628187e-05,7.770404984191932e-06,2.890676690683575e-06,-7.880129421428377e-07,12.0
0.5954999999999999,1.2129500131630193,0.4291845640972555,1.6893872068376004,0.06092732964213459,-0.013157508045668804,-0.010746139433115101,0.0021930797838754456,0.0011732960366270932,-0.0001950622609371697,-9.69166001369662e-05,6.70702734180549e-06,2.905955483754518e-06,-6.658518019621732e-07,12.0
0.5985,1.2105267040004117,0.4253730028255256,1.686054410795415,0.06230747749266044,-0.012615250026481516,-0.010889737288601542,0.002099470861738196,0.0011840647963610761,-0.00018728062732477937,-9.630054489615928e-05,6.742738627645609e-06,3.03268692072834e-06,-6.687394256561476e-07,12.0
0.6015000000000001,1.2079560030739642,0.4215781878237992,1.6826975646154154,0.06361867541124473,-0.012059327365792509,-0.011012224558055029,0.0020004449576908113,0.001193507854610674,-0.0001763934683165972,-9.525194208889717e-05,6.064806459036355e-06,3.0884778693984475e-06,-5.984958275922823e-07,12.0
0.6044999999999998,1.2053219283711165,0.41770561130780026,1.679214045836863,0.06491931187477955,-0.011472407640334725,-0.011124895873494956,0.0018971062230002064,0.0012017207590870205,-0.0001644971303475092,-9.423696574465666e-05,4.99472015808452e-06,3.063983461188861e-06,-5.176268367116719e-07,12.0
0.6074999999999999,1.2025211913947178,0.41371512003572847,1.6756708757427174,0.06622058234284602,-0.010868431598998923,-0.011231381158713392,0.001795371362799527,0.0012083231733574157,-0.00015323885606663366,-9.336582591132494e-05,3.8496008525078095e-06,2.981836431810953e-06,-4.5496675544286327e-07,12.0
0.6105,1.1998236894566507,0.4096058730311069,1.6718041973578277,0.0675212266343674,-0.010206563982139871,-0.01132471591769453,0.0016860462777011003,0.0012114884251901148,-0.00014168945994741,-9.277567947235572e-05,2.462598478324952e-06,2.8357146092797256e-06,-3.9207788856958626e-07,12.0
0.6135000000000002,1.19729078175247,0.4053758460395009,1.6676945716776899,0.06883779607258592,-0.00953014486397927,-0.011415953567936548,0.001583476223817644,0.0012131491482625027,-0.00013316115471499445,-9.277097570906039e-05,1.4684369056256642e-06,2.67471527857421e-06,-4.047330598512828e-07,12.0
0.6164999999999998,1.1946940883962232,0.40117158086119503,1.6634892286219234,0.07007648069290533,-0.008846692557605507,-0.01148175758294685,0.0014784206535112202,0.0012089009563462899,-0.00012392210131671863,-9.264338648576027e-05,2.399221253946049e-07,2.4909008117622397e-06,-3.768236183176614e-07,12.0
0.6194999999999999,1.1920432768875633,0.3969071028364314,1.659183830485258,0.07130032102780898,-0.008154602414980287,-0.011537859805420363,0.0013710628148875209,0.001202143089077405,-0.0001136531601094415,-9.243655580081594e-05,-1.0205980256198811e-06,2.3327274574397445e-06,-3.18149342198872e-07,12.0
0.6225,1.1890724880196202,0.3924586231058171,1.6548503955442508,0.07256491780585506,-0.007434247882570612,-0.011593964488684813,0.0012555032553532516,0.001195604538071871,-0.00010022085735256301,-9.191426020159084e-05,-2.437830807930726e-06,2.2207830811070606e-06,-1.915479203537635e-07,12.0
0.6255000000000002,1.1862304897532936,0.3880798629323532,1.6501675261749793,0.07368642037774763,-0.006676861461066579,-0.011584583496262412,0.0011381440781704402,0.0011802792213284007,-8.556187946041086e-05,-8.968822418649459e-05,-3.483699357558066e-06,2.074061893112444e-06,-7.047449151762506e-08,12.0
0.6284999999999998,1.1836650332462972,0.38356498403347894,1.6453014208069316,0.07485070868958696,-0.005940220949401507,-0.011584543176145727,0.0010420949515419417,0.0011719996414069507,-7.543427463086557e-05,-8.774980677736714e-05,-3.2826467496180602e-06,2.0164139671674337e-06,-9.233352686343516e-08,12.0
0.6315,1.1809195967933086,0.37904969322778675,1.640434179636105,0.07595296965036615,-0.005189294473068862,-0.011570613697032025,0.0009397859491129338,0.0011650023087200734,-6.267962367455563e-05,-8.557538975503518e-05,-3.468661101055176e-06,1.9538442725546972e-06,-4.21637042081796e-08,12.0
0.6345000000000001,1.178107145557444,0.3743852378487474,1.635419487560432,0.07705715663207179,-0.004401929048846402,-0.01155284983124921,0.0008315409506961526,0.0011592805402949498,-4.9173485477659956e-05,-8.33938064376546e-05,-3.7897585734955893e-06,1.8609424490395863e-06,1.87628754661178e-08,12.0
0.6375000000000002,1.1748862086871652,0.36930168206497693,1.630165912734782,0.07824260452088884,-0.0035197671705657634,-0.011536234598888528,0.0007028189405272836,0.001153381065270521,-3.215939030810274e-05,-8.112280429406168e-05,-4.780926672613691e-06,1.7137347687250015e-06,1.5316276323906048e-07,12.0
0.6404999999999998,1.17199126565527,0.3647580361494018,1.6246400037810746,0.07900371273695858,-0.0027178811701198506,-0.011399094570836002,0.0005999483787035055,0.001127535826542966,-1.9780231250932893e-05,-7.678482853237243e-05,-5.320288951504889e-06,1.3712318212981192e-06,2.1733947485524243e-07,12.0
0.6435,1.1693566492464806,0.3599433625131579,1.619067192837936,0.07998078541087321,-0.0019604160686268997,-0.01134240765380157,0.0005189197481058026,0.0011179721379494295,-1.2658630248365767e-05,-7.479006861261141e-05,-5.199260211427666e-06,1.1446235046674863e-06,1.6434993331365716e-07,12.0
0.6465000000000001,1.1663763258399653,0.3549472252728787,1.613410799876069,0.08095319246874105,-0.0011444321644486488,-0.011273634848712626,0.0004214731018603434,0.0011060516293639766,-2.5229059324575765e-06,-7.277414423819352e-05,-5.87015779031934e-06,8.768829848774296e-07,1.911455755725386e-07,12.0
0.6495000000000002,1.1633361532458446,0.3497376234256513,1.6073859162308455,0.08190154969163894,-0.00027706384331458155,-0.011175362408926408,0.00032332433092104474,0.001089643112829317,6.186177318135345e-06,-7.054492781604321e-05,-6.514381495221002e-06,5.808769339989042e-07,1.9045657046626082e-07,12.0
0.6524999999999999,1.1594447226196185,0.3432535197152443,1.6003450185980999,0.08304815998529268,0.00087955388723997,-0.01105082350194518,0.00018001328570907182,0.001068951778626569,2.0785040916659145e-05,-6.809696265586665e-05,-7.988089828103466e-06,2.696881997256914e-07,2.6981230482998503e-07,12.0
0.6555,1.1571325734540094,0.3395185913577044,1.594940139124098,0.0831723587284246,0.0014486274310274378,-0.010803067957699218,0.00013187509378339478,0.0010300735087316667,2.3699689365649388e-05,-6.401254094797458e-05,-8.36226955950592e-06,-1.146871915738614e-07,2.584097416829063e-07,12.0
0.6585000000000001,1.154253497269869,0.33394274982523925,1.5881914848757743,0.08420151208341042,0.0023555634511523153,-0.010685286046267213,4.7055335972738985e-05,0.0010101939727543278,2.9924343957864483e-05,-6.192623937434369e-05,-8.833628400012725e-06,-3.229188059250204e-07,2.584881120759274e-07,12.0
0.6615000000000002,1.1510715666402938,0.3282275711262842,1.581096853130468,0.08495473710021983,0.003336369703334902,-0.010468238529312703,-5.30616662276305e-05,0.0009770715667991277,3.971688115437735e-05,-5.8872769060995085e-05,-9.521027713108617e-06,-5.510990860434981e-07,2.9555122107617304e-07,12.0
0.6644999999999999,1.1479905916860733,0.322529043204803,1.5737664177377129,0.08561182811785767,0.004317442460239899,-0.010210618599587681,-0.00014514511309374106,0.000942069026361154,4.8326066123430236e-05,-5.555409091805335e-05,-1.0098256033848347e-05,-7.491436741714192e-07,3.062888648487162e-07,12.0
0.6675,1.144208677528121,0.31569486730388535,1.5654126064934892,0.08638563746820267,0.005564531154832588,-0.009907918775648039,-0.00027124647309416193,0.0009047175428082228,6.205152837304198e-05,-5.230122074103393e-05,-1.0872920192923162e-05,-1.0578389936209873e-06,3.7890811897485514e-07,12.0
0.6705000000000001,1.1417824111271353,0.31160747385406024,1.5593611198884036,0.08632609328303739,0.006155263103197096,-0.009581340240495485,-0.0002988246512449987,0.0008639083568262485,6.176184607204006e-05,-4.816927766316604e-05,-1.0467391710346596e-05,-1.3015806357282507e-06,3.5331151403421544e-07,12.0
0.6735000000000002,1.1386771126059712,0.30557442757122066,1.5514901519119018,0.08698747474677804,0.007188099155563203,-0.009276173393474764,-0.0003748953463971165,0.0008249952750157348,6.832044740589007e-05,-4.3482226671564177e-05,-1.077854374498889e-05,-1.461497824417739e-06,3.980347509637242e-07,12.0
0.6764999999999999,1.1354196499415952,0.2995405856528301,1.5433139251268184,0.08731008736827074,0.00820830270682046,-0.008884956777249473,-0.0004388654243848017,0.000781396758262331,7.352763543401659e-05,-3.922898552936933e-05,-1.08002149982999e-05,-1.7499728523922988e-06,3.452390042807491e-07,12.0
0.6795,1.1322452217909116,0.2936231151763115,1.5351627541081052,0.08755075698585825,0.009172395191692764,-0.008485530178759196,-0.00048508344269978246,0.000741046859421721,7.679489367492411e-05,-3.559083488441614e-05,-1.0798620220550883e-05,-2.0337816671984403e-06,2.727940789535673e-07,12.0
0.6825000000000001,1.128733850606837,0.2871188118356728,1.5265295380973505,0.08783717586124917,0.010254290714051019,-0.008060702395185634,-0.0005403997003561026,0.0007020363507433098,8.23800916800571e-05,-3.158025995825218e-05,-1.0758037184225858e-05,-2.1901587681573022e-06,2.4096554661732726e-07,12.0
0.6855000000000002,1.1258029835262333,0.2819249436015349,1.518772917326818,0.08766036113718259,0.011013560107937019,-0.007608640692718143,-0.0005502197888084099,0.0006585021323371882,8.230376181255697e-05,-2.730607288408595e-05,-1.0269215477318488e-05,-2.3427749211365695e-06,1.6761671360092035e-07,12.0
0.6884999999999999,1.1226405767012442,0.27590403206132796,1.5103810336700922,0.08787639292323848,0.011967139379629552,-0.007195342630916521,-0.0005805485466021937,0.000623044174629754,8.49300405560413e-05,-2.363308611377216e-05,-9.888735528643921e-06,-2.369909956057074e-06,1.2751020253286043e-07,12.0
0.6915,1.1193095661807695,0.26965650885048403,1.5014042276691941,0.08787423799397495,0.012967154675685402,-0.006696783303428525,-0.000604421393199856,0.0005788591448767265,8.753811460514655e-05,-1.936348838985072e-05,-9.247980464400124e-06,-2.4090650944109268e-06,1.0361648840710587e-07,12.0
0.6945000000000001,1.1161295452200082,0.26348114882747214,1.4922178691488373,0.08774003397659412,0.013917788916784461,-0.006183600709761164,-0.0006165883277012912,0.0005365886569825883,8.93624633173885e-05,-1.5642120212923936e-05,-8.423296699384934e-06,-2.448668521126932e-06,8.87995768401073e-08,12.0
0.6974999999999998,1.112730216407914,0.2567778152530012,1.4824552715723451,0.08759196708709951,0.014968499136485567,-0.005642701863721042,-0.0006352978392879131,0.0004976303497875662,9.209728498154128e-05,-1.2031809854611002e-05,-7.84107183374073e-06,-2.4646231793344675e-06,8.700057554776115e-08,12.0
0.7004999999999999,1.1098317281070502,0.2514137636010391,1.4739060891790945,0.08704114325860603,0.015624791191764409,-0.005134884919831082,-0.000601371424016177,0.0004609264383253721,8.737647401690598e-05,-8.456705959590904e-06,-6.694270449016619e-06,-2.474619184905853e-06,1.2724379838429892e-08,12.0
0.7035,1.1067125289607007,0.24527165043001728,1.4647312409686104,0.08681210831732537,0.016451792045772864,-0.004648245441972729,-0.0005834647602540597,0.00042809932300886063,8.631087642252188e-05,-4.884944922050197e-06,-5.925576240729872e-06,-2.4705901013972645e-06,-1.1717131011251758e-08,12.0
0.7065000000000001,1.1033986010564147,0.238868961783611,1.4550427535395527,0.08636975780445458,0.017296247827811122,-0.004102679804329005,-0.0005570549968872228,0.0003945387327448356,8.628858532272034e-05,-7.401852377586131e-07,-4.971060399861924e-06,-2.5419189415289362e-06,-9.802646884588316e-08,12.0
0.7094999999999998,1.1001815604348182,0.23253810979448966,1.4452588540773543,0.08580110420144184,0.01806789981316795,-0.0035563816303252564,-0.0005124712478680427,0.00036852184645561536,8.649614480471673e-05,2.5204303115459957e-06,-4.5305862890997695e-06,-2.8122960273588763e-06,-2.359218200527163e-07,12.0
0.7124999999999999,1.0970421542645745,0.22625554882337978,1.435410317826711,0.08516688257846196,0.01881107151561943,-0.003003787565468511,-0.00045695337089129745,0.000344929544513486,8.470739223613956e-05,4.129193513681226e-06,-4.690989375811123e-06,-3.204527225690113e-06,-3.8895556391635546e-07,12.0
0.7155,1.0938650876845286,0.21997676778802377,1.425545271206396,0.08446252420624703,0.019512423934970807,-0.00244599490976207,-0.00038928713286953746,0.0003224692787360463,8.106348870053449e-05,5.4205865853576175e-06,-4.578313377972649e-06,-3.4617863721768683e-06,-5.182600307739471e-07,12.0
0.7185000000000001,1.0907509589433448,0.21369734395404225,1.4155388434591223,0.08368868550545856,0.0201897699075562,-0.0018805789538053788,-0.0003124055947645389,0.00030313111697172484,7.788221812038522e-05,6.957109686480476e-06,-4.201752728297394e-06,-3.584306344569415e-06,-6.135088821988788e-07,12.0
0.7214999999999998,1.0877296655520303,0.20742801502526154,1.4053873052077899,0.08284999882793057,0.020843496140359893,-0.0013109701488540602,-0.00022879871631274434,0.00028599345843142944,7.441895752173816e-05,7.989613312832286e-06,-3.987039894688159e-06,-3.7154149002093686e-06,-7.020428450041909e-07,12.0
0.7244999999999999,1.0847199480494023,0.20118661613496924,1.3952333847544303,0.0819481949589565,0.021447986314435053,-0.0007458304837815784,-0.00013615224009131316,0.00027114707266853586,7.002219130535448e-05,8.54631431941668e-06,-3.815987730813743e-06,-3.845421063483246e-06,-7.926133003177684e-07,12.0
0.7275,1.0817191902454562,0.19499770288630094,1.3851217017165605,0.08098141732712408,0.02199765392887759,-0.00018819867694981602,-3.559177211735296e-05,0.00025867763547841584,6.500682451590197e-05,8.762574430215264e-06,-3.660232242314677e-06,-3.958524238043348e-06,-8.792702659779157e-07,12.0
0.7305000000000001,1.0786986335378512,0.18888239005217117,1.3751294202183373,0.07994865632724849,0.02248187169025598,0.00035815953415460915,7.29941979966238e-05,0.0002487489096996416,5.946870534782672e-05,8.792959955311156e-06,-3.4502982849343853e-06,-4.039258895048603e-06,-9.608295254334556e-07,12.0
0.7334999999999998,1.0758709386292515,0.18285079372019447,1.365027946472331,0.07885292140943423,0.022944804316883685,0.0009008619732571376,0.0001813258970142328,0.00024175478503631745,5.5487750650684914e-05,8.799243555349015e-06,-3.383696767524783e-06,-4.07426076127839e-06,-1.0073903548667648e-06,12.0
0.7364999999999999,1.0732312580135417,0.17690795263066192,1.3548520111016487,0.07769794159438971,0.023381456730529816,0.0014365795926392139,0.00028976552616760394,0.00023809527737508928,5.311321758004131e-05,8.886657820334897e-06,-3.3955332245213176e-06,-4.055246255831538e-06,-1.0216432985793812e-06,12.0
0.7395,1.07064198121851,0.1710540850767726,1.3447917538249117,0.07648969727830635,0.023758646272655552,0.0019552249944244635,0.0004033702154323442,0.0002380263191973679,5.119697533561702e-05,9.114075207938645e-06,-3.273253804479951e-06,-3.975683229711929e-06,-1.02400134022781e-06,12.0
0.7425000000000002,1.0681337790100573,0.16529338081002695,1.3348127315319749,0.07523093643192906,0.024083626676879,0.0024557906245293686,0.000520428359277906,0.00024171520773850775,5.015945196297901e-05,9.560736261356529e-06,-3.0167249783598764e-06,-3.8303790165283375e-06,-1.011318487144737e-06,12.0
0.7454999999999998,1.0655278377022248,0.1596352524199813,1.3251268802787743,0.07391986952777381,0.02432175179360869,0.0029292490424886177,0.0006450537725144034,0.00024863527082197295,4.8850610607438535e-05,1.0274867879658861e-05,-2.451969066056441e-06,-3.6199948936385193e-06,-1.0015053043841852e-06,12.0
0.7484999999999999,1.0632639732388136,0.15409440495474833,1.3151966929543344,0.0725496985454142,0.024566298345645908,0.0033952542195375495,0.0007622609911822889,0.0002590054899980513,5.090258372447042e-05,1.1386025614504786e-05,-2.011241885583657e-06,-3.3475661427734492e-06,-9.467809484613288e-07,12.0
0.7515000000000001,1.0611112057317396,0.148680329145583,1.3053211381442498,0.07111651081753963,0.024764672493548186,0.003842800575178817,0.0008791819317457665,0.00027178953581821595,5.430174941219007e-05,1.2889601752389821e-05,-1.4586400814097898e-06,-3.024548482625266e-06,-8.764259945124868e-07,12.0
0.7545000000000002,1.0588713333436814,0.1433729558015447,1.295766209552515,0.0696376240413728,0.02487182545405212,0.0042592209088488245,0.0010025124274822994,0.00028653710639019864,5.7097834329597115e-05,1.4681478829470801e-05,-5.900124973430885e-07,-2.6602832403263384e-06,-8.175813836313483e-07,12.0
0.7574999999999998,1.056603599233287,0.13815495447403778,1.2864528726545676,0.06813343580914419,0.02490502684860327,0.004644335262538001,0.0011294895417890045,0.00030362872286503315,5.9800514275745467e-05,1.668483719280077e-05,4.982269244096023e-07,-2.2613672821844717e-06,-7.64076744949589e-07,12.0
0.7605,1.0543107280380397,0.1330306589073727,1.2773392362511655,0.06661344005424367,0.02487757527905562,0.004999642572650077,0.0012574111071096841,0.0003231370685003892,6.292274474525664e-05,1.8871886695706127e-05,1.7150178290391936e-06,-1.8359543338401344e-06,-7.098105588306066e-07,12.0
0.7635000000000001,1.052277746798309,0.12802585112801665,1.2680480945399655,0.06507183410717896,0.024856813381108532,0.0053412517312791934,0.0013764673386002667,0.0003455944745875886,6.901825552380065e-05,2.1350586009450828e-05,2.768969322233289e-06,-1.3906745465491421e-06,-6.251258118531543e-07,12.0
0.7665000000000002,1.0501800824587368,0.12314936711078332,1.2589617083790126,0.06350749505629659,0.02478465178218753,0.005660235739804875,0.001494829909743964,0.0003697892567263418,7.583416106515098e-05,2.4112883961472368e-05,3.908346763425922e-06,-9.380091524277909e-07,-5.405449211351568e-07,12.0
0.7694999999999999,1.0479479329668047,0.11837486115813685,1.2501998612438778,0.06193824916227814,0.024646218874018327,0.005952598641284188,0.001615752049499925,0.0003958476476613429,8.256863423421305e-05,2.711455392293249e-05,5.223387759134769e-06,-4.834340333364882e-07,-4.6867476820618334e-07,12.0
0.7725,1.0457307598755765,0.11368581920997956,1.241622253524027,0.06037889467562444,0.02446878155268158,0.006221221654686052,0.0017360550862311416,0.00042465571706254993,9.011599426668186e-05,3.0330358659087245e-05,6.615131014922905e-06,-2.7891437027959186e-08,-4.004003091287028e-07,12.0
0.7755000000000001,1.0436208300218535,0.10910162822592835,1.2331368033124055,0.05882496519760283,0.024269694672754926,0.006469006742574533,0.001852735763402643,0.00045629426958988735,9.907955344473243e-05,3.3744691065075106e-05,8.001859455394025e-06,4.246287969388606e-07,-3.287595715234797e-07,12.0
0.7785000000000002,1.0419689396980911,0.10466826114975127,1.2243216161239703,0.05725198227203419,0.024116530141226042,0.006710765698820228,0.0019554257297442947,0.0004910562325299102,0.00011191732787005518,3.7454512811168276e-05,9.117687779529622e-06,8.723119405683136e-07,-2.250224676015804e-07,12.0
0.7814999999999999,1.0401056512269569,0.1003898400810123,1.2159286781290135,0.05564957140728472,0.02389516492048118,0.00692584418304729,0.002056861071395635,0.0005254726270412075,0.00012418197867486224,4.1225795434212244e-05,1.0322671888674001e-05,1.2923401358974442e-06,-1.370005881544076e-07,12.0
0.7845,1.0380124232857069,0.0962099142436895,1.20798309857787,0.05403672683256538,0.023605141977951074,0.007110623101760937,0.0021566877249406475,0.0005591467771929525,0.00013537223978121241,4.490000317868993e-05,1.1593104528943658e-05,1.6776462492789409e-06,-6.776078674118785e-08,12.0
0.7875000000000001,1.035835392743528,0.09208679688859635,1.200332081673353,0.05242990493609967,0.023270316133603388,0.0072670784620819,0.002251562694636893,0.0005921757150965185,0.0001458917160409072,4.839078562400389e-05,1.282318197086469e-05,2.025554858398923e-06,-1.0209779308643754e-08,12.0
0.7905000000000002,1.0338835320616644,0.08802588494236967,1.192640631691122,0.05083099248490699,0.022938590840772557,0.00740405509127266,0.002335254078659313,0.0006249725525279373,0.00015704917364624434,5.173621887141144e-05,1.3849238992339882e-05,2.3383421118504627e-06,5.172594586512883e-08,12.0
0.7934999999999999,1.032341858563421,0.08407998303810219,1.184697646650214,0.049225912512816127,0.02264096094156438,0.007529355515675109,0.002403038894128965,0.0006572261095352793,0.00016969277797321757,5.5011593025793476e-05,1.4562208541942816e-05,2.6166817321655624e-06,1.289886317924918e-07,12.0
0.7965,1.030492021730344,0.08027994214241416,1.1773333103533006,0.04761528807543911,0.02225818388211333,0.007623569266384756,0.0024692589861972534,0.0006854670111129713,0.00017924213608167124,5.7924028079008556e-05,1.5288162458344097e-05,2.8384425561856933e-06,1.759037797074343e-07,12.0
0.7995000000000001,1.0284812566266754,0.0766106534824106,1.1704580131439535,0.04602210326743109,0.02180956580466849,0.007686908851370109,0.002533818496791747,0.0007106606492291853,0.00018622959730180616,6.04279964080682e-05,1.5994797491889854e-05,3.0131055907357846e-06,1.9898442767045947e-07,12.0
0.8025000000000002,1.0266068904228054,0.07307259259253826,1.1638105892347352,0.044458581571697964,0.02133753928657015,0.007725067369389012,0.0025942387132699327,0.0007342902289905813,0.00019220673784277776,6.260284749064162e-05,1.6615014867948814e-05,3.1571973448805993e-06,2.1367747311002885e-07,12.0
0.8054999999999999,1.0252656280017618,0.069680716808945,1.156961671276158,0.04292514521175066,0.020906758858311784,0.007749300851462941,0.0026449219864283,0.0007581606649648275,0.00019964745072545192,6.467177597142842e-05,1.704690943459968e-05,3.292559436363924e-06,2.432142388651936e-07,12.0
0.8085,1.024959590506957,0.0664622605739114,1.149291826447315,0.04141126788767933,0.020608470099644574,0.007776597651289177,0.0026755061021383935,0.0007844076547458757,0.0002121149890119199,6.700313325206835e-05,1.7122899488687808e-05,3.446239082143032e-06,3.212200849677746e-07,12.0
0.8115000000000001,1.0240776640832134,0.06340613568440726,1.142513073610893,0.03992508040429669,0.020199725515462733,0.007774671294738076,0.0027149648958738125,0.0008066445863159051,0.000220984017530195,6.900669770345557e-05,1.745479313367992e-05,3.569649982750969e-06,3.631349881795596e-07,12.0
0.8144999999999998,1.0228617806024172,0.06047216250509162,1.1363630042092823,0.038491839231520025,0.019723918904521666,0.007750516836708124,0.002758274701180774,0.000826563985603837,0.00022787738008857775,7.076219311891437e-05,1.7947624479225312e-05,3.678255608599498e-06,3.863029603387924e-07,12.0
0.8174999999999999,1.0215882338808064,0.05765423021315471,1.1306050333144748,0.03711749106525269,0.019223499151095905,0.007712016867481201,0.0027991208068189697,0.0008450394202855956,0.00023428395415148927,7.235508759798427e-05,1.8488399045758114e-05,3.781772701404049e-06,4.0744257221410914e-07,12.0
0.8205,1.0204808362923852,0.054967053416369795,1.1250926830928771,0.035793482903698146,0.018727494937032695,0.007665100896083758,0.0028327592146835273,0.0008621277980286185,0.00024097902950017246,7.384530169604949e-05,1.9002213818771342e-05,3.882946476706925e-06,4.3597018419051744e-07,12.0
0.8235000000000001,1.0200182905640485,0.0524565847986377,1.1193274189357794,0.03449469232610777,0.018310269280518154,0.007621786738684434,0.002848885248784377,0.0008787539884529027,0.00025026688935805044,7.547665261579025e-05,1.933040631820487e-05,3.9945996769253995e-06,4.949320215843691e-07,12.0
0.8264999999999998,1.0190500886675686,0.05014712952082688,1.1144371183242519,0.033206356950697145,0.017814496862927524,0.007564453053224159,0.002865914202427125,0.0008899526016908204,0.00025610891964998595,7.679565227235901e-05,1.9791974260317865e-05,4.069874974010291e-06,5.279764393706249e-07,12.0
0.8294999999999999,1.0178214248807669,0.047979728269954704,1.1100034532035066,0.03194852700364842,0.017293388659924417,0.007498569018675454,0.0028794366147948127,0.000897613753062191,0.00026000220947849034,7.801982758726353e-05,2.032687020309834e-05,4.125031042012131e-06,5.471241864744722e-07,12.0
0.8325,1.0165375190296926,0.04586944205706257,1.1057220370970862,0.030744892104749743,0.0167833104584693,0.007428246867235277,0.0028871965996580397,0.0009033481612550108,0.00026306763346805304,7.935804310372207e-05,2.0908670068327674e-05,4.174892845417865e-06,5.605651635326372e-07,12.0
0.8355000000000001,1.0158212531464683,0.04371953943228401,1.1009745737228873,0.029621775088884434,0.01636579054981094,0.00736064277183884,0.00288120277081517,0.0009104090552437747,0.00026826854935252517,8.114187923256265e-05,2.141463189697145e-05,4.250450743015719e-06,5.94078809427748e-07,12.0
0.8384999999999998,1.016191511280363,0.04151860518211933,1.095247574965943,0.02858043972625334,0.01611666059225861,0.007300497332171481,0.002851151562760731,0.0009214655662763497,0.00027869934709475716,8.362137621497687e-05,2.166700408023667e-05,4.378322137331429e-06,6.766622179636768e-07,12.0
0.8414999999999999,1.0151910000446491,0.03935858686631097,1.0911704172054115,0.027597431341965614,0.015684786001273023,0.007209162842695391,0.002837928484356119,0.000927486178502175,0.00028261020393257784,8.554155795628663e-05,2.2158400748002027e-05,4.449356081488199e-06,7.003631548054024e-07,12.0
0.8445,1.0138595094367424,0.03728417972640261,1.0877395153252085,0.026661125257423257,0.015197531380576125,0.007098015399204523,0.0028277604986655194,0.0009329840926059437,0.0002847179651732795,8.722647213151217e-05,2.264598391524345e-05,4.503573017783076e-06,7.073490978121771e-07,12.0
0.8475000000000001,1.01280785790853,0.03533377766744656,1.0842985314956977,0.025727972270094508,0.014729896499072175,0.006980702333644431,0.0028134091151193275,0.0009396081182506867,0.0002876289138254767,8.88866114800832e-05,2.2998560167071642e-05,4.5633162922496674e-06,7.222542786039989e-07,12.0
0.8504999999999998,1.0119509137151845,0.0334750928429514,1.0808143059562725,0.02476988148170858,0.014278206157389773,0.006864113993825147,0.002797999190393274,0.00094639272744642,0.00029080791774214944,9.044348241815035e-05,2.3240037231552068e-05,4.6262838718267504e-06,7.422014071154085e-07,12.0
0.8534999999999999,1.0122697212753053,0.031694615065912105,1.0761462000445927,0.02377403305166012,0.013996746205149286,0.0067680577829815815,0.002763344127625236,0.0009555823118632196,0.0002988516451726514,9.236949406230133e-05,2.3171681858621973e-05,4.741261566693194e-06,8.126875890863505e-07,12.0
0.8565,1.0116310813672682,0.03002123038599426,1.0725319060086957,0.022755225141263182,0.013596929828058135,0.006666932454160323,0.0027447428069920458,0.0009582634668395223,0.00030127390025538653,9.355935387648438e-05,2.323368571809697e-05,4.806210892657107e-06,8.395402220245535e-07,12.0
0.8595000000000002,1.0107589254521356,0.028495330485870562,1.0692824437556643,0.02174833950410122,0.013178964246980056,0.0065630815302410855,0.002726701048875472,0.0009562349058429718,0.000301312309467926,9.43373452256202e-05,2.330023246212966e-05,4.856641501121439e-06,8.538326322761245e-07,12.0
0.8624999999999998,1.0098136019598265,0.027158598286556063,1.0662839979233247,0.020772352800563505,0.012756225121251243,0.006449684594145949,0.002703347466759572,0.0009498343325907039,0.0002998920614155523,9.483956970868462e-05,2.336815376794037e-05,4.903755556262179e-06,8.635605371712891e-07,12.0
0.8654999999999999,1.0090676122203175,0.02599889394913418,1.063263741676956,0.019838122339905343,0.01235502239961307,0.006322106136406003,0.002668843330652575,0.0009408152777093462,0.0002988090990370773,9.53216895274291e-05,2.3429678162705454e-05,4.966475065262688e-06,8.826066590201817e-07,12.0
0.8685,1.0087505507936148,0.024954367975428087,1.0599775646135947,0.018953786106704628,0.01199902417779469,0.0061803549413669764,0.0026209273082555937,0.0009314083358812883,0.000299773267093118,9.602549768694629e-05,2.3492393490833434e-05,5.0583434017196906e-06,9.224429324177765e-07,12.0
0.8715000000000002,1.0080551213977123,0.023922151577963676,1.0572773180830597,0.018137694492419924,0.011576273198688834,0.006019764374048848,0.0025781037930154137,0.0009207686658516428,0.00029965017359414827,9.663353201858103e-05,2.374086036515222e-05,5.134059153867074e-06,9.492247358595574e-07,12.0
0.8744999999999998,1.007357028822156,0.022803213529559954,1.0548082138892083,0.01740816800943145,0.011139239285246176,0.005851224985330897,0.002538001890945302,0.0009112722143541929,0.0003001981242137411,9.730220653100414e-05,2.4117598563437428e-05,5.198382122297313e-06,9.75475868632083e-07,12.0
0.8775,1.0067166521305944,0.021559006198615362,1.0525306623631496,0.016760794573185214,0.010700647929417738,0.0056846342059920785,0.00250077198125344,0.0009030996443827152,0.00030133451692608386,9.79605273616569e-05,2.4565563946312994e-05,5.236000604090697e-06,9.99702823965239e-07,12.0
0.8805000000000001,1.0062814415740677,0.020229823770888413,1.0502742135290948,0.016163741594057923,0.010289701684653672,0.005529691792220834,0.0024612762229122326,0.0008957992808009385,0.00030314594520405814,9.855984993307286e-05,2.4965848291113324e-05,5.239717906221765e-06,1.0247700499327957e-06,12.0
0.8835000000000002,1.0074484880437213,0.018960817032272325,1.0465333148682339,0.015550519515103493,0.010107397017307165,0.005404967665026044,0.002389534702569852,0.0008916610146447126,0.0003110362698365969,9.968358962516114e-05,2.4989990798115055e-05,5.274140042384951e-06,1.1052496637398503e-06,12.0
0.8864999999999998,1.0069042654572669,0.01788662595272032,1.0446057111065519,0.014879893297903584,0.009734477605623968,0.0052839650298942805,0.0023407176119930708,0.0008810067963482737,0.0003108718763209443,9.981779408586256e-05,2.5070278201381747e-05,5.18062752744067e-06,1.1098995347435748e-06,12.0
0.8895,1.006106522687277,0.01703388629447175,1.0429117152025165,0.014172563985229637,0.009376225131401014,0.00516881275393108,0.0022896557014602656,0.0008687463878907809,0.0003087830395286978,9.964198676722174e-05,2.4986113944254217e-05,5.055969156062404e-06,1.0967316862352286e-06,12.0
0.8925000000000001,1.0052080944077297,0.01633464793820581,1.041303043782537,0.01347879525797813,0.009042126865987796,0.005050640693224277,0.0022394232984227157,0.0008558198785241932,0.00030506209235341933,9.926445553640256e-05,2.481187006022055e-05,4.924957838012096e-06,1.066906336571804e-06,12.0
0.8955000000000002,1.0047311788197453,0.015655614303113574,1.0393596506549048,0.012865354371466825,0.008775272516364167,0.004923658101326418,0.002186974834521133,0.0008436682639684336,0.00030160891937739917,9.889453372864549e-05,2.4570417406175105e-05,4.818066960705723e-06,1.0366523581732766e-06,12.0
0.8984999999999999,1.00602184712057,0.014875302686760947,1.0358084160480412,0.012379520322712261,0.008738001898665925,0.004793126054490966,0.0021086905842909445,0.0008348190517338796,0.0003042778341287105,9.908607414814524e-05,2.410818413068054e-05,4.792077224844261e-06,1.0596580206089036e-06,12.0
0.9015,1.005488924022041,0.013891940019867452,1.0343835071399075,0.012065410724529626,0.008463655036221924,0.004635343201545177,0.002064159907700827,0.0008202506966248036,0.00029988438271645097,9.832333545377431e-05,2.394805456535769e-05,4.650251020781253e-06,1.00617901888738e-06,12.0
0.9045000000000001,1.0048654148354446,0.012950591817711882,1.0333823646251001,0.011839215754043972,0.008183117610869421,0.004474838040537806,0.0020126069157074358,0.0008027056914648859,0.00029621478018260504,9.744894199544445e-05,2.375641732011907e-05,4.449329138448295e-06,9.483675349390919e-07,12.0
0.9075000000000002,1.0041474398641888,0.012334066709470862,1.0329171834863256,0.011578564433072603,0.007871207065457598,0.004320124973032013,0.0019536147642851324,0.0007820507643711139,0.000292601241357438,9.660667037752594e-05,2.353572824809834e-05,4.16252631851687e-06,8.754628022486709e-07,12.0
0.9104999999999999,1.0038777388407747,0.012105362652505171,1.0322229430352878,0.011236148304565312,0.007608374618127777,0.004166133536105236,0.0018786091436976792,0.000763305607491929,0.00029148749786301947,9.608805427292066e-05,2.3132659161349633e-05,3.830682054447545e-06,8.083145345181272e-07,12.0
0.9135,1.0041245751746921,0.011828472658703796,1.0310073232135175,0.010975217367054275,0.007417124518416517,0.0039782966895494125,0.001793534381035724,0.0007548585786109044,0.00029390900869241286,9.552032561577145e-05,2.2407070339250697e-05,3.5122245717395787e-06,7.621694375844736e-07,12.0
0.9165000000000001,1.0038792964396017,0.011521668084309383,1.0305102337406056,0.010732560819455415,0.0070886232688328315,0.003775127288599158,0.0017420910125283313,0.0007520946588170022,0.000292541845503049,9.425343177323906e-05,2.166997791928189e-05,3.1563622322562768e-06,6.76001414294021e-07,12.0
0.9195000000000002,1.0038203452525656,0.011302996508792941,1.029768145846005,0.010377952259897844,0.006752444206706258,0.0036071706311991353,0.001708854379219803,0.0007494830638627123,0.0002899968731306132,9.284509509146021e-05,2.0789130390827544e-05,2.789643972324161e-06,5.837602903030349e-07,12.0
0.9224999999999999,1.0036953664102075,0.010934217759972137,1.0285085778937593,0.009792436258056994,0.006360547704112551,0.0034690827565320814,0.0016849436585760235,0.0007415309740021858,0.00028621762447857824,9.169896130814116e-05,1.9772412167307872e-05,2.3461829021353217e-06,4.7145263919340356e-07,12.0
0.9255,1.0036022172937364,0.01072681415059098,1.0277891923661036,0.009465774857704319,0.0061532791967388745,0.0033894170364902497,0.0016607436840866234,0.0007310905544795849,0.00028260034408501323,9.025126335535156e-05,1.861750384861101e-05,1.993446385190746e-06,4.018116691627634e-07,12.0
0.9285000000000001,1.0033227078403704,0.010329375844380019,1.0266312482418418,0.009056011544847907,0.005920966587153089,0.0032827330803353654,0.001620293196456732,0.0007240678445531975,0.00028279309400470326,8.725766997822491e-05,1.655675989710566e-05,0.0,0.0,10.0
0.9315000000000002,1.0031521003711144,0.009881135442167283,1.0254992326096304,0.008658380714527559,0.005664228055623295,0.0031755249050879155,0.0015965816253443387,0.0007181343211948444,0.0002773099256963943,8.379266742876944e-05,1.5665588519552166e-05,0.0,0.0,10.0
0.9344999999999999,1.0030900363806188,0.009462487864175539,1.0242527244899726,0.008250135437623578,0.005440958355228771,0.0030840918992400363,0.001568380786973606,0.0007078684685665961,0.00027164114507812343,8.109128326412698e-05,1.5054538481508642e-05,0.0,0.0,10.0
0.9375,1.003073987786715,0.009055857047978674,1.0230206189287923,0.007871140020308738,0.005242223016378257,0.002995684872290383,0.001535305860884532,0.0006958315875356991,0.0002664446583025039,7.893903563538182e-05,1.4599136583945499e-05,0.0,0.0,10.0
0.9405000000000001,1.002956246182873,0.008664705452011902,1.0219674728621695,0.007520727982567865,0.005043078323390107,0.002908412402119915,0.0015023901299044068,0.0006832261163881023,0.0002612906402924706,7.708446594606874e-05,1.4246610718066956e-05,0.0,0.0,10.0
0.9434999999999998,1.002769003105436,0.008279213924322643,1.0210352119714512,0.007190514654740568,0.004844503596381764,0.0028236377861347623,0.0014708048446818876,0.0006706851175960466,0.0002561865465360267,7.539525754509378e-05,1.3951364270320882e-05,0.0,0.0,10.0
0.9464999999999999,1.0026730712830214,0.007890848121866644,1.020033969939804,0.006872044463039806,0.004664481915428252,0.002742189991804869,0.0014379745058841918,0.0006584779530060139,0.0002515493982771678,7.383284612824724e-05,1.3666520908518273e-05,0.0,0.0,10.0
0.9495,1.002581784155045,0.007495768721486125,1.019032525914216,0.006558430241523445,0.004489462146952771,0.002663193880703261,0.0014055263318395197,0.0006464139554296504,0.0002469916132336614,7.232062695025723e-05,1.3394376395158764e-05,0.0,0.0,10.0
0.9525000000000001,1.002504619125118,0.007092752391449842,1.0180115290814296,0.006245142216124646,0.004318298868145462,0.002585932156406054,0.0013732951273698149,0.0006345391475203198,0.0002425384409398257,7.08500299459266e-05,1.3130799162896594e-05,0.0,0.0,10.0
0.9554999999999998,1.0023787942289546,0.006682945892520528,1.0170318675814605,0.005929739736929141,0.004141101694641817,0.0025093956134013573,0.0013424969668952358,0.0006228453774482093,0.00023800927038801842,6.940812353990043e-05,1.2886781282411531e-05,0.0,0.0,10.0
0.9584999999999999,1.0021090111143458,0.00626787655765625,1.0161937422682965,0.0056126273627016224,0.00394438364524178,0.0024323058260751524,0.0013148560099310166,0.0006112490829610043,0.0002331151350384916,6.797767558398871e-05,1.2680033509313307e-05,0.0,0.0,10.0
0.9615,1.0020158095938394,0.005853787227008937,1.0151851252520465,0.005294690291725581,0.003767643797566627,0.002354741630227178,0.0012839476261991636,0.0006000680854688198,0.0002289307945395681,6.666431048522203e-05,1.2462311461573885e-05,0.0,0.0,10.0
0.9645000000000001,1.0019369969237215,0.00545013038383631,1.0141825164984424,0.004977555802619588,0.003590753850817549,0.0022758418833940925,0.001252553357379298,0.0005889651306363699,0.00022489666908227622,6.542084119077449e-05,1.2259165833080987e-05,0.0,0.0,10.0
0.9674999999999998,1.0018831005174276,0.005064704321538352,1.0131908564537975,0.00466524011326315,0.0034164073335187515,0.002195609063578473,0.0012202415306002056,0.0005778243578805368,0.0002210174621227545,6.424763582625155e-05,1.206813404700429e-05,0.0,0.0,10.0
0.9704999999999999,1.0017771265414523,0.004704340056871306,1.0123020420741748,0.004362828179679672,0.0032374292268299017,0.002114405018479237,0.0011884222225909073,0.00056647107267702,0.00021701030353761847,6.311459193792719e-05,1.1898778122870693e-05,0.0,0.0,10.0
0.9735,1.0012461647347215,0.004369217168593529,1.0119017351146669,0.004078246680924584,0.003010500948726775,0.002032234847403469,0.0011644866508865345,0.0005545380492598292,0.00021165146509971933,6.190794138247694e-05,1.1807884292418615e-05,0.0,0.0,10.0
0.9765000000000001,1.0012300967457015,0.004064959927507709,1.01105782497108,0.003815390652162188,0.002856138561608918,0.001952505692646335,0.0011304961883758578,0.0005429954650868435,0.0002079382685644517,6.087099074177594e-05,1.1638544890154999e-05,0.0,0.0,10.0
0.9794999999999998,1.0012381369455035,0.0038009041285323557,1.010266144503262,0.0035742795013979584,0.0027163111208441935,0.0018761902105560331,0.0010963460594530022,0.0005313731187350012,0.000204270703395493,5.985053121786601e-05,1.1463173735142031e-05,0.0,0.0,10.0
0.9824999999999999,1.0012929336287801,0.0035776836240016614,1.0095056533048448,0.003356891271510223,0.002596223080355856,0.0018048299242180083,0.0010621376591899634,0.0005198277329685296,0.00020071700523860355,5.884058926012123e-05,1.1274181408903377e-05,0.0,0.0,10.0
0.9855,1.0012201369077485,0.003391860153799365,1.0089489840515034,0.003164845829573455,0.0024757117450246915,0.001739278528583802,0.0010318344892486996,0.0005083882521107451,0.00019674821593639036,5.779225157915928e-05,1.1098595634760951e-05,0.0,0.0,10.0
0.9885000000000002,1.0010692347865173,0.00323638098862503,1.0085429889922675,0.0029994024456348007,0.002361324826979304,0.0016802631184695827,0.0010050010419565337,0.0004973088530105875,0.00019255679703067147,5.6722604280655445e-05,1.0929330834080574e-05,0.0,0.0,10.0
0.9914999999999998,1.0010377914505892,0.0031059811390249754,1.0080853145662363,0.0028592102969993397,0.0022769074845446105,0.001628434471029745,0.0009781694173327583,0.00048691684251444953,0.00018879609686174318,5.5688868667793336e-05,1.0735533306508675e-05,0.0,0.0,10.0
0.9944999999999999,1.0010158948883956,0.002995964774541231,1.0076797668253388,0.0027414412616934103,0.002207387814879115,0.0015836212638494337,0.0009537158785579032,0.0004772294530467282,0.00018516475264636475,5.467539414454387e-05,1.0538600705545608e-05,0.0,0.0,10.0
0.9975,1.001020032311437,0.002900617518089797,1.007303548809384,0.0026431473388744335,0.0021528081017121187,0.0015453922123538277,0.0009313645645036231,0.00046831427212766085,0.00018174810612327038,5.36976491410172e-05,1.0338995714783164e-05,0.0,0.0,10.0
1.0005000000000002,1.0009734920111963,0.002814217226159806,1.0070265865871932,0.0025612956174752054,0.0021014198355687416,0.0015128544421934775,0.0009124792537843244,0.00046009846389587276,0.00017833314111355089,5.274603678472889e-05,1.0152437927497112e-05,0.0,0.0,10.0
1.0034999999999998,1.000766967794403,0.0027297265584679477,1.0069512808746321,0.002493865955203736,0.0020374071195699626,0.0014847197058750834,0.0008989179209986976,0.0004524316828763798,0.00017459141359818395,5.179862958729666e-05,9.999705392288799e-06,0.0,0.0,10.0
1.0065,1.0007747808158536,0.002644438912467852,1.0066978620086218,0.0024373791346939517,0.0020048104146825753,0.0014603416147818313,0.0008829352284654233,0.00044543785115231044,0.00017163802132607423,5.093377080237519e-05,9.815624844027953e-06,0.0,0.0,10.0
1.0095,1.0007948888297622,0.002558835263940657,1.0064615369538787,0.002387662980009653,0.0019767276262556543,0.0014384357059312384,0.0008680280417807185,0.00043876090019903164,0.0001688180845237821,5.0093606750646006e-05,9.633924045021856e-06,0.0,0.0,10.0
1.0125000000000002,1.0008427974286567,0.002471905145421821,1.006221086843265,0.0023422374183033577,0.001953452850789135,0.001417855816410669,0.0008534434068177369,0.00043220920036701516,0.00016612813544135817,4.92649832030621e-05,9.450298147568602e-06,0.0,0.0,10.0
1.0154999999999998,1.0008288738067197,0.0023824616497055916,1.00606063707146,0.002299601993624865,0.0019226698283681056,0.0013973876604375386,0.0008405467667208776,0.0004255357695793056,0.00016324778923246518,4.84110822356628e-05,9.279282576217856e-06,0.0,0.0,10.0
1.0185,1.0003529649311254,0.002283818515568391,1.0063745482430948,0.002261732926386352,0.001834121128721985,0.0013752925646238192,0.0008369153307125473,0.00041835733734698016,0.00015893776880462177,4.7434119009695755e-05,9.19311267435647e-06,0.0,0.0,10.0
1.0215,1.0004465152418487,0.0021775846014964167,1.0061307742986503,0.002227103252991029,0.0018144968612083005,0.001352143823585666,0.0008220460106707922,0.00041127128406134107,0.00015625843417632092,4.653637077100312e-05,9.004881961333471e-06,0.0,0.0,10.0
1.0245000000000002,1.0005561468497257,0.002072228845157493,1.0058773878428446,0.0021912839249754686,0.0017953639561325801,0.0013274406262455574,0.0008066307956749691,0.00040380249679158317,0.0001535348198561136,4.559635046511482e-05,8.813358263566356e-06,0.0,0.0,10.0
1.0274999999999999,1.000715810791981,0.0019708042146186133,1.0055771761899137,0.002152959925394217,0.0017811291599273114,0.0013012645669509203,0.0007898613613465876,0.0003959738959847524,0.0001508770117321862,4.462209927027445e-05,8.611814019096677e-06,0.0,0.0,10.0
1.0305,1.0007312459493,0.0018757003499450537,1.0054197582606723,0.0021115189392658384,0.0017484434910426225,0.0012736649770590416,0.0007754138377231664,0.00038771538070849783,0.00014773868191072655,4.358412469584395e-05,8.435472634402005e-06,0.0,0.0,10.0
1.0335,1.0006581704366437,0.001788187483024545,1.005345588799569,0.002067147187532318,0.0017049310927087576,0.001245076961378657,0.0007620520590800836,0.00037916171682247327,0.0001443291736328124,4.250731035910514e-05,8.27345584636209e-06,0.0,0.0,10.0
1.0365000000000002,1.0006972764081545,0.001712166455946487,1.0051515286008839,0.002018784000404456,0.0016759380272986112,0.0012163515052977458,0.0007457115108754047,0.0003705298899292954,0.0001412811804207378,4.1443786106777705e-05,8.087130158351744e-06,0.0,0.0,10.0
1.0394999999999999,1.000727039773191,0.0016506545105148239,1.004957102099587,0.001965651329958191,0.0016467367196182595,0.001187989566332202,0.0007287571518830149,0.00036183623648574823,0.00013826444861163978,4.0384049019397704e-05,7.899078497525188e-06,0.0,0.0,10.0
1.0425,1.0007663610713278,0.0016028201747012518,1.0047442563946278,0.0019086068341124674,0.001619390132250739,0.0011603439235197948,0.0007109153005653013,0.00035318746374141536,0.00013534680192954236,3.9342013561835916e-05,7.707039990231293e-06,0.0,0.0,10.0
1.0455,1.000735716427313,0.0015650163591105334,1.004594501202649,0.0018496751867594172,0.0015834911588416404,0.0011333785499068032,0.0006939602390504955,0.0003446236902688889,0.00013229336305687665,3.831079994314697e-05,7.528817726975988e-06,0.0,0.0,10.0
1.0485000000000002,1.0004983248600268,0.0015302404521752493,1.0046465670035265,0.0017924712804551581,0.0015215580726515411,0.0011066360370377824,0.000680857484011816,0.00033615171788329055,0.00012869737130659367,3.7271908673361716e-05,7.39428065575629e-06,0.0,0.0,10.0
1.0514999999999999,1.0005131622021675,0.00149643285572393,1.0044452279245633,0.0017382539871275996,0.0014896538062802442,0.0010803051281927465,0.0006627900268047458,0.0003280543033807218,0.00012587709646329302,3.6302465060626476e-05,7.216470025607646e-06,0.0,0.0,10.0
1.0545,1.0005325665927651,0.001465926498524609,1.0042370064479615,0.0016861845208955898,0.0014573954532044896,0.001054094562765655,0.0006448025073510384,0.000320186685936086,0.00012309971880009713,3.536050962123843e-05,7.0440793080987445e-06,0.0,0.0,10.0
1.0575,1.0005788069467703,0.0014394786765657055,1.0039992171891812,0.0016360636116294737,0.0014279330361312806,0.0010278219772867096,0.0006265480269706439,0.0003125584599906257,0.00012042120020612934,3.444914743923999e-05,6.872575705413574e-06,0.0,0.0,10.0
1.0605000000000002,1.0005447412051758,0.0014169091948680245,1.0038385818583129,0.0015877153936913729,0.0013886000435397448,0.0010012323070278213,0.0006101829963876878,0.00030511536978164395,0.00011752872359873032,3.3552013991625776e-05,6.7224487213138505e-06,0.0,0.0,10.0
1.0635,0.9999568140379463,0.0013897552079697357,1.0042282857546512,0.0015443873451830208,0.0012815291562996687,0.0009734731326084291,0.0006051213461783799,0.0002976730334261632,0.00011306879427204359,3.26006647932689e-05,6.6886866491513844e-06,0.0,0.0,10.0
1.0665,1.0000464269800657,0.001357589141502217,1.0039472053466214,0.0015047141797434847,0.001257931268304526,0.0009456951901035592,0.0005869958504988185,0.00029080481320055234,0.00011055886715874689,3.177608865759502e-05,6.5229442925183604e-06,0.0,0.0,10.0
1.0695000000000001,1.0001452729297684,0.0013260208836618239,1.0036659403485173,0.001463930253553421,0.0012353710995414383,0.0009181762470923865,0.0005690378968252995,0.0002841032732785636,0.0001080864378542312,3.0978585717133446e-05,6.357443742086834e-06,0.0,0.0,10.0
1.0724999999999998,1.0003052071095018,0.0012920535185232615,1.0033393119511642,0.0014214824715850299,0.0012196349908743587,0.000891266344858442,0.000550277480643837,0.00027754912177228066,0.00010580676113150148,3.0214190120470462e-05,6.180923071729023e-06,0.0,0.0,10.0
1.0755,1.000302386823429,0.001250081120277191,1.0031955814771993,0.0013784784941483356,0.0011825716162193324,0.0008648785385053569,0.0005352719594651035,0.00027101506106490996,0.00010309775242031208,2.9450459963794104e-05,6.039521882197268e-06,0.0,0.0,10.0
1.0785,1.000217244557615,0.0011926342513267163,1.0031586860959913,0.001337673020251042,0.0011333683437632467,0.000838793850919269,0.0005226292484657718,0.00026453725676263244,0.00010019256153284475,2.869555530111402e-05,5.9190162617437026e-06,0.0,0.0,10.0
1.0815000000000001,1.0002860936416482,0.0011177861887424277,1.0029942566839531,0.0013001078884921698,0.0011006484516379584,0.0008129458042265202,0.0005078575007425814,0.00025820920304453346,9.7751297096914e-05,2.7975784305581207e-05,5.773056108557437e-06,0.0,0.0,10.0
1.0844999999999998,1.0003690816373272,0.0010289770655274974,1.0028367764493462,0.0012653636108457568,0.0010677054587720646,0.0007871241264230862,0.0004937862444174225,0.0002519748354751908,9.538218661458589e-05,2.7269138876360884e-05,5.631782820983224e-06,0.0,0.0,10.0
1.0875,1.0004830348293607,0.0009342855296369955,1.002659481433642,0.0012318182959788913,0.0010380712117779459,0.0007614295752415163,0.00047988675643781035,0.00024584988560598196,9.315241933127308e-05,2.6576685892353796e-05,5.4902542259249134e-06,0.0,0.0,10.0
1.0905,1.0005210182895838,0.0008460438085944291,1.0025549749021163,0.0011963250838502775,0.0010008665157017185,0.0007362617368364826,0.00046782808887261954,0.00023979504261856764,9.08057013216718e-05,2.588816555202909e-05,5.366100206182882e-06,0.0,0.0,10.0
1.0935000000000001,1.0003309277865553,0.0007740489635141283,1.002661560675362,0.0011567311237868378,0.0009395549749992112,0.0007120649745269845,0.0004600892321534076,0.00023377129706333286,8.796781095120812e-05,2.519142257904026e-05,5.2853834439988335e-06,0.0,0.0,10.0
1.0964999999999998,1.0003854976407538,0.0007267195973682445,1.0025026773322052,0.0011105511793442521,0.000912914798851524,0.0006897621229421792,0.0004468768427201614,0.00022794863676804433,8.597037218677016e-05,2.4545872610898774e-05,5.143238057473811e-06,0.0,0.0,10.0
1.0995,1.000419651139253,0.0007060091721428073,1.002342845099288,0.0010572127138787164,0.0008876263251975289,0.0006695215288482712,0.00043342032062115686,0.0002222539878698438,8.40550906656099e-05,2.392287086634443e-05,4.995020432755978e-06,0.0,0.0,10.0
1.1025,1.0004679122643052,0.0007030803005484242,1.0021556927070967,0.0010004722121752796,0.0008656859286176197,0.0006508949174596194,0.0004193650013143659,0.00021677153193471014,8.225417729644753e-05,2.332438076209178e-05,4.837663820982233e-06,0.0,0.0,10.0
1.1055000000000001,1.0004279007994747,0.0007057344566826464,1.0020521102432047,0.0009451701748320095,0.000832272127768738,0.000632989460491399,0.00040722128432261627,0.00021154971326338247,8.02155917714932e-05,2.2735288899132432e-05,4.699236834887985e-06,0.0,0.0,10.0
1.1084999999999998,0.9997948005356184,0.0006971996412652478,1.0025388352251974,0.0008979472069864762,0.0007246078233267629,0.0006143826564224735,0.0004073899127952249,0.00020652860241862568,7.651999231447391e-05,2.2099855448948843e-05,4.693400291278201e-06,0.0,0.0,10.0
1.1115,0.9998990322167889,0.0006768488601344664,1.0022949224496305,0.0008568250366704809,0.0007061145125054861,0.0005956015660542961,0.0003933307561597885,0.00020207889585291232,7.48203930967967e-05,2.1551264185051372e-05,4.531604850538708e-06,0.0,0.0,10.0
1.1145,1.0000063954591745,0.000654643532160202,1.0020501608657708,0.0008136670381211121,0.0006880486093238918,0.0005771889698620587,0.00037956607477399203,0.00019784701185910118,7.31278747100887e-05,2.101439111105111e-05,4.3695328664232885e-06,0.0,0.0,10.0
1.1175000000000002,1.0001754243887098,0.00062872147378388,1.0017512547086795,0.0007654771465018446,0.0006777967748758392,0.0005594328360040665,0.000364946890660617,0.00019378688537664707,7.161193819768458e-05,2.049356572854093e-05,4.193733017070396e-06,0.0,0.0,10.0
1.1204999999999998,1.0001664905858274,0.0005900447310843935,1.0016422298551257,0.0007135211499325311,0.0006453619983808084,0.0005418965529849202,0.00035444647509250783,0.00018984733180107786,6.96098278989931e-05,1.9961978670929854e-05,4.058749459368741e-06,0.0,0.0,10.0
1.1235,1.0000583397833636,0.0005313424250932639,1.0016458423317731,0.0006614328246744033,0.0005996745457173963,0.0005238551812338629,0.0003466871337611117,0.0001861257733571862,6.732133313465502e-05,1.9421399042122576e-05,3.950305989027499e-06,0.0,0.0,10.0
1.1265,1.0001205205018875,0.00046453835928430935,1.0014858095937018,0.0006081313644658135,0.0005739444623932586,0.0005052379507051449,0.0003362808840785886,0.00018272122612751084,6.547796196275192e-05,1.8891946677055123e-05,3.8092544354839236e-06,0.0,0.0,10.0
1.1295000000000002,1.0001814651575542,0.0004141657327651761,1.00131431703636,0.0005490111120814547,0.0005488239590652091,0.00048637721530373786,0.00032638781349404283,0.0001795729557645723,6.365138267611247e-05,1.8356437149777272e-05,3.6698766219276294e-06,0.0,0.0,10.0
1.1324999999999998,1.0002535766358556,0.0003944367808937306,1.0010973234310738,0.000482071475871495,0.0005281283707133198,0.0004674300788020478,0.0003163551204550164,0.0001766927193871819,6.193366599795061e-05,1.781548502191769e-05,3.52398933403705e-06,0.0,0.0,10.0
1.1355,1.000225024669602,0.0003941045685736803,1.0009330987008984,0.0004112449208965619,0.0004989698840335574,0.0004478695368290633,0.0003083467779540829,0.00017411568350824883,6.00466596381335e-05,1.7257154452681026e-05,3.3955571432373537e-06,0.0,0.0,10.0
1.1385,0.9999475256394595,0.0003806200080377305,1.0009803784488964,0.0003451234335065405,0.0004397458212759868,0.00042670226397692473,0.0003062399008582413,0.00017185231994413093,5.750791072699459e-05,1.6661778037935472e-05,3.3300655059703696e-06,0.0,0.0,10.0
1.1415000000000002,1.000016825133565,0.00032650391390870003,1.0006793099651938,0.00028852251949758155,0.0004167089019054307,0.0004036701004580574,0.00029981987270767224,0.0001698357086373875,5.579097215465009e-05,1.606295938701127e-05,3.214945902860755e-06,0.0,0.0,10.0
1.1444999999999999,1.0001373737846544,0.0002216073994371873,1.000345257887642,0.00024154116956556752,0.0003897995681549166,0.00037978547781891757,0.0002960978427085742,0.00016749830009057774,5.41689808288125e-05,1.541017616912677e-05,3.1261770002435726e-06,0.0,0.0,10.0
1.1475,1.000288552040025,6.0158952530678007e-05,0.9999639946418654,0.00019975924665454866,0.00036202448508321233,0.0003584322151436187,0.0002936391192039277,0.00016437996207602289,5.303793476011164e-05,1.4673795728303876e-05,3.036263260364748e-06,0.0,0.0,10.0
1.1505,1.0003035916957697,-9.310956791105264e-05,0.9997327301818582,0.0001486573290542004,0.00031909053876561286,0.0003452710747072846,0.0002928356723629172,0.0001602045605434528,5.219282194175821e-05,1.3838930706272874e-05,2.954632448620351e-06,0.0,0.0,10.0
1.1535000000000002,0.9996550572753564,-0.00020162527961913967,1.0002745983400638,9.09841723892388e-05,0.0001874935708670482,0.00033706701840826664,0.0003060047354522915,0.0001567359273408647,4.981818412636041e-05,1.2739181090674578e-05,2.9738897497574956e-06,0.0,0.0,10.0
1.1564999999999999,0.9997661437152235,-0.0001597808402016852,1.0000377333026862,-1.6422593165572304e-05,0.00016487974982101348,0.00034323141408629677,0.0003036328788410752,0.00015407275386829,4.9302448198103146e-05,1.1446541847109748e-05,2.695016355230519e-06,0.0,0.0,10.0
1.1595,0.9998563194527299,-0.00012650787413702734,0.9998148762536309,-0.0001122869314117775,0.0001583896109187384,0.0003571361607132503,0.0003021722516700519,0.00015159909382547688,4.762935407939087e-05,9.912169780657258e-06,2.308779663936674e-06,0.0,0.0,10.0
1.1625,0.999936190339784,-0.0001517866364058833,0.9995579091123626,-0.0001572691857931212,0.00018745983471509794,0.0003709311788991917,0.00029860665025765494,0.00014916503504565904,4.455003316026318e-05,7.881444056392993e-06,1.7316720600835496e-06,0.0,0.0,10.0
1.1655000000000002,0.9999333739853689,-0.00017353420646295463,0.9995188439897262,-0.00015462269851896954,0.0001986323819593936,0.0003734086436742782,0.00029628797573646255,0.00014620296453141313,4.095453636015076e-05,6.48597013521201e-06,1.4153377201406389e-06,0.0,0.0,10.0
1.1684999999999999,0.9999549785367804,-0.0001927879919934463,0.9994891288244082,-0.00014232113107660776,0.0002212581976034698,0.000390631024375224,0.0002993679790034539,0.00013801905534085255,3.4703092590477375e-05,0.0,0.0,0.0,0.0,8.0
1.1715,0.9999504237759809,-0.00019914272189389603,0.9995261307002734,-8.871464361308225e-05,0.0002736220781307495,0.00040631878950371915,0.0002905976641977196,0.00012888380213831965,3.17807070817497e-05,0.0,0.0,0.0,0.0,8.0
1.1745,0.9999369195652761,-0.00017570348307690984,0.999682810695545,-5.473068245279174e-06,0.00032112622784833333,0.00041395610368707026,0.00028115459722990413,0.00012142257891906525,2.954058767066691e-05,0.0,0.0,0.0,0.0,8.0
1.1775000000000002,0.9999284898724176,-0.0001226451133594005,0.9999000228051833,8.513057123795343e-05,0.0003627028361509514,0.0004180940507937468,0.000272033090703883,0.00011488933444982981,2.7610984896481592e-05,0.0,0.0,0.0,0.0,8.0
1.1804999999999999,0.9999483051422505,-5.3609403343127406e-05,1.0001163481962914,0.00017488946981464933,0.0004012456080067747,0.0004193042197619976,0.00026223498326283435,0.0001087381964807923,2.5880590472818592e-05,0.0,0.0,0.0,0.0,8.0
1.1835,1.0000003915782896,2.0343192574773055e-05,1.000298014920616,0.00025692444559280507,0.00043609254563208786,0.00041722545881588564,0.0002512636788347594,0.00010274974973460391,2.4310448977037334e-05,0.0,0.0,0.0,0.0,8.0
1.1865,1.0000132445833934,9.024626019011947e-05,1.0004941085880437,0.0003264911575962138,0.00045788821114966046,0.00041188566584071727,0.00024056529004570394,9.691304033228115e-05,2.2720021728572344e-05,0.0,0.0,0.0,0.0,8.0
1.1894999999999998,1.000022843440671,0.00015045742199255792,1.00065736218578,0.0003817583544138673,0.00047141606345421584,0.00040375438167036457,0.00022965343744783224,9.130898570157818e-05,2.1225878155297432e-05,0.0,0.0,0.0,0.0,8.0
1.1925,1.0000239817997094,0.0001990713221169465,1.000790182443646,0.0004229733748058199,0.00047716858128468557,0.0003935251262475256,0.00021892072109918145,8.600789506459551e-05,1.9831165858414856e-05,0.0,0.0,0.0,0.0,8.0
1.1955,1.0000345464642664,0.00023654337119415446,1.0008776978039753,0.0004516897848555966,0.0004788045984643864,0.00038193936734425677,0.0002082777834352598,8.106439733761443e-05,1.8592127934107763e-05,0.0,0.0,0.0,0.0,8.0
1.1985000000000001,1.0001055864769481,0.00026511059365123737,1.000874818105874,0.0004696396182718923,0.00048400684713783285,0.00036969710623085825,0.0001969081751370032,7.650899239314006e-05,1.7642890805610145e-05,0.0,0.0,0.0,0.0,8.0
1.2014999999999998,1.0000945804161852,0.00028595608022252304,1.000929189606232,0.0004791306539735447,0.00047651992915125795,0.00035720539138672417,0.00018778967526679124,7.231659013082907e-05,1.6600698538405942e-05,0.0,0.0,0.0,0.0,8.0
1.2045,1.0000816228358729,0.0002991541161818908,1.0009671228681831,0.0004825707785246085,0.00046686288908363415,0.0003446924626001926,0.00017936077454180013,6.848454545300879e-05,1.5660747000845047e-05,0.0,0.0,0.0,0.0,8.0
1.2075,1.0000610076763892,0.0003053463885278942,1.0009990457267108,0.00048155552232951373,0.00045473353285520714,0.00033228394621328194,0.00017170763151834443,6.497650808883389e-05,1.4789442630431035e-05,0.0,0.0,0.0,0.0,8.0
1.2105000000000001,1.0000616775099385,0.0003054695255637648,1.0009997339047452,0.0004771400861449928,0.00044387993940929086,0.0003200655870352433,0.000164170078782344,6.175437304474132e-05,1.4045181619219757e-05,0.0,0.0,0.0,0.0,8.0
1.2134999999999998,1.0000972517842368,0.0003012549683409191,1.000957891915816,0.0004697761530098186,0.00043615155213151934,0.00030813696738443756,0.00015636762959471545,5.877504182448088e-05,1.3450623223514467e-05,0.0,0.0,0.0,0.0,8.0
1.2165,1.00008690609438,0.00029391705943072996,1.0009549317156115,0.0004600691315761544,0.00042190985022623717,0.0002965273003430368,0.00014981771346091118,5.5989523402182525e-05,1.2787343575540905e-05,0.0,0.0,0.0,0.0,8.0
1.2195,1.0000757106593483,0.00028424571583311135,1.000946798525683,0.0004487383489890499,0.0004069259869563276,0.00028525012198781126,0.00014354451291168267,5.33762879524945e-05,1.2167989985786793e-05,0.0,0.0,0.0,0.0,8.0
1.2225000000000001,1.000058675453004,0.0002731914603529941,1.0009389937758228,0.0004362758473540469,0.00039085358537678386,0.0002742917727808606,0.0001376192468845082,5.09110325437197e-05,1.1574722547121194e-05,0.0,0.0,0.0,0.0,8.0
1.2254999999999998,1.0000563509600153,0.0002615308684231509,1.0009117268569856,0.0004230630012445851,0.0003764557540030074,0.00026361249820699653,0.0001316323059197857,4.8578194883653914e-05,1.1055429410996817e-05,0.0,0.0,0.0,0.0,8.0
1.2285,1.0001212903282444,0.00025080018968072737,1.000813429455817,0.0004089038323079357,0.0003704211856280075,0.00025322304989848575,0.00012453343034166792,4.6366192749999375e-05,1.0741447684271454e-05,0.0,0.0,0.0,0.0,8.0
1.2315,1.0001008543171714,0.00024150599217601156,1.0007960108931098,0.00039392689862960986,0.00035440835877152525,0.00024306048536486743,0.00011937058570950903,4.42459246692969e-05,1.0235139063442518e-05,0.0,0.0,0.0,0.0,8.0
1.2345000000000002,1.0000786519639657,0.00023335402636936428,1.000777048073286,0.0003784783178716606,0.00033887503845520233,0.00023312161632372253,0.00011442279014314529,4.222301036019701e-05,9.753400906034376e-06,0.0,0.0,0.0,0.0,8.0
1.2374999999999998,1.0000472310374877,0.00022638435202058333,1.0007649471571372,0.0003625634771792995,0.00032297636557880577,0.00022347371520721582,0.00010979737010860753,4.0290338135045085e-05,9.276137071832035e-06,0.0,0.0,0.0,0.0,8.0
1.2405,1.0000376843265288,0.0002198808701827484,1.0007306646946665,0.0003464363116402297,0.00031028383301448975,0.00021419068852756535,0.00010486277334280166,3.844788616192574e-05,8.878069009280102e-06,0.0,0.0,0.0,0.0,8.0
1.2435,1.000066417802793,0.00021288369031051502,1.000660212631844,0.00033048930655885453,0.00030233695956301905,0.00020532351625993404,9.933093771096771e-05,3.6695259304146555e-05,8.590260877398222e-06,0.0,0.0,0.0,0.0,8.0
1.2465000000000002,1.0000486377113982,0.00020378724388122176,1.0006394442165794,0.0003156201714046001,0.00028833619145499133,0.00019681255352153203,9.496751170220593e-05,3.502717878521803e-05,8.182238162164888e-06,0.0,0.0,0.0,0.0,8.0
1.2494999999999998,1.0000339435493677,0.00019177031871182274,1.0006192172396202,0.00030258786574691003,0.00027421768137941176,0.00018859317012909378,9.079844799080494e-05,3.3451322000366646e-05,7.776598568770556e-06,0.0,0.0,0.0,0.0,8.0
1.2525,1.00001600809315,0.00017810716598216312,1.000604175012353,0.000291251107267905,0.00025953294134276945,0.00018066771184513172,8.690602437214398e-05,3.196186717407128e-05,7.362070111165838e-06,0.0,0.0,0.0,0.0,8.0
1.2555,1.0000148963740019,0.00016515234260140325,1.0005725377698358,0.00028080943254593996,0.0002472741517559124,0.00017311029950324642,8.280298903448728e-05,3.054857925830018e-05,7.0012902556529964e-06,0.0,0.0,0.0,0.0,8.0
1.2585000000000002,1.0000907857786985,0.0001554786035660209,1.0004643617964415,0.0002699292114577342,0.00024517244334691576,0.0001660646818551267,7.721981381792603e-05,2.9197649301305337e-05,6.857106537146776e-06,0.0,0.0,0.0,0.0,8.0
1.2614999999999998,1.0000693410085435,0.00014804290367835085,1.0004546332813744,0.000258482172624188,0.00023197991968173533,0.00015948599867233058,7.367795767321154e-05,2.7884328101086562e-05,6.48301893425487e-06,0.0,0.0,0.0,0.0,8.0
1.2645,1.0000486251717604,0.00013894151079523422,1.0004493717508502,0.00024740211756564957,0.00021945546171379935,0.00015320223883453016,7.028134828291129e-05,2.661128753955689e-05,6.1253769801411485e-06,0.0,0.0,0.0,0.0,8.0
1.2675,1.0000217717137174,0.00012626077746414908,1.0004578611100237,0.00023698004655677384,0.0002066309980283454,0.00014706214588992899,6.726602613764519e-05,2.536138837444793e-05,5.761353056822404e-06,0.0,0.0,0.0,0.0,8.0
1.2705000000000002,1.0000227231000387,0.00011205527038691464,1.000445721315468,0.00022659792516044797,0.00019792132435437,0.00014102033636826438,6.399398459041713e-05,2.4108670155420666e-05,5.480395767873008e-06,0.0,0.0,0.0,0.0,8.0
1.2734999999999999,1.0000585897105554,0.0001014581382396597,1.000400107317611,0.00021528276609263824,0.00019502107971124802,0.00013514150954536613,6.02338164642557e-05,2.2826071022265452e-05,5.316674307160167e-06,0.0,0.0,0.0,0.0,8.0
1.2765,1.0000399917530745,9.776849584696068e-05,1.0004012092331502,0.00020359598526555918,0.0001878354822216441,0.00012945133351976754,5.7608938215278635e-05,2.1507628112592777e-05,5.059428922638946e-06,0.0,0.0,0.0,0.0,8.0
1.2795,1.000014768874423,0.00010036040694484572,1.0003981930358523,0.00019360226139430658,0.00018187409751326783,0.00012397423866659756,5.50820988931117e-05,2.0187987866676937e-05,4.822448154587525e-06,0.0,0.0,0.0,0.0,8.0
1.2825000000000002,0.9999851865521343,0.00010711243396682327,1.0003975597261576,0.0001868112587980145,0.00017539597633274667,0.00011885757615971239,5.279842417708789e-05,1.8905739154793548e-05,4.56024342628956e-06,0.0,0.0,0.0,0.0,8.0
1.2854999999999999,0.999980761884607,0.00011266927714160977,1.0003819736388906,0.00018422995563338067,0.0001704575435835682,0.0001141743412927468,5.0293290528312475e-05,1.7697019997776286e-05,4.307516634033159e-06,0.0,0.0,0.0,0.0,8.0
1.2885,1.000063791948884,0.00011023741166457153,1.0002928411194665,0.00018598375689021904,0.00017512003851861702,0.0001099167987278007,4.618300857940062e-05,1.6571893461221153e-05,4.2252909191119886e-06,0.0,0.0,0.0,0.0,8.0
1.2915,1.0000507811920891,9.736598211310152e-05,1.0003087789528502,0.00019129682416638169,0.00016844657107922877,0.00010608650525649936,4.3936082308176375e-05,1.5486772839482295e-05,3.86799129811666e-06,0.0,0.0,0.0,0.0,8.0
1.2945000000000002,1.0000352384284865,8.623481092385223e-05,1.000333540791302,0.00019608974700687822,0.00016329174364534296,0.00010306295843191129,4.138257291279155e-05,1.4369331376007874e-05,3.4998986644739966e-06,0.0,0.0,0.0,0.0,8.0
1.2974999999999999,1.000014394984004,9.263421743159707e-05,1.0003761900736032,0.00019590168161111817,0.00015860025115737117,0.000100842947106585,3.873911613971019e-05,1.3066133681895543e-05,3.0454481051962126e-06,0.0,0.0,0.0,0.0,8.0
1.3005,1.0000125715339832,0.00010632304866702227,1.0003920761263683,0.0001937042424874884,0.00015854472766789192,9.73809255034489e-05,3.5311533784614153e-05,1.1621036025441727e-05,2.6477586134995944e-06,0.0,0.0,0.0,0.0,8.0
1.3035,1.0000366119917563,0.00010999234706311075,1.0003616503223611,0.00019807678831490103,0.00016419461501787343,9.109896148485189e-05,3.069483408443846e-05,1.0072398345605489e-05,2.438777641206219e-06,0.0,0.0,0.0,0.0,8.0
1.3065000000000002,1.0000284235930723,0.00010673420438643349,1.0003851308330869,0.00020556271953786615,0.0001574511660575528,8.258370302633575e-05,2.7467485967534456e-05,8.392980927048476e-06,2.064004060509297e-06,0.0,0.0,0.0,0.0,8.0
1.3094999999999999,1.0000306625155904,0.00011173268668376113,1.0003945051667693,0.00020339462506560745,0.00014593583741421914,7.38356108527155e-05,2.426335838131658e-05,6.677143280619551e-06,1.668263669339448e-06,0.0,0.0,0.0,0.0,8.0
1.3125,1.0000337369710937,0.00011489892847247288,1.0003798038607714,0.0001875572566381421,0.0001284686305473837,6.531940735043098e-05,2.088119990754963e-05,4.8389009985228234e-06,1.1595808038591733e-06,0.0,0.0,0.0,0.0,8.0
1.3155000000000001,1.0000337213611432,0.00011247856271283331,1.000360504427489,0.000176225755503245,0.00011886567106177654,6.017674240453075e-05,1.7949060464308362e-05,3.735960483023442e-06,9.022259008902107e-07,0.0,0.0,0.0,0.0,8.0
1.3184999999999998,1.0000233570770838,0.00010512476599217996,1.000330915768172,0.00015909602956343464,0.00010523500781822292,5.233928465440083e-05,1.4182368799776092e-05,0.0,0.0,0.0,0.0,0.0,0.0,6.0
1.3215,1.0000227398990371,9.357527612554507e-05,1.0002913392402493,0.00013996568935785268,9.093641216661292e-05,4.500965603012048e-05,1.2076330842200022e-05,0.0,0.0,0.0,0.0,0.0,0.0,6.0
1.3245,1.0000237054022776,8.081655516712323e-05,1.000252328865131,0.00012138640667608955,7.85266391540205e-05,3.896719091329505e-05,1.0454861217716845e-05,0.0,0.0,0.0,0.0,0.0,0.0,6.0
1.3275000000000001,1.0000259221770265,6.785920350097863e-05,1.0002149045577187,0.00010448452123578472,6.790494623777614e-05,3.3648697803487106e-05,9.037411035568947e-06,0.0,0.0,0.0,0.0,0.0,0.0,6.0
1.3304999999999998,1.000022674112983,5.6221371127857236e-05,1.00018355373366,8.910561611104485e-05,5.794242419962118e-05,2.882568758680949e-05,7.819428307004319e-06,0.0,0.0,0.0,0.0,0.0,0.0,6.0
1.3335,1.0000094081111013,4.802633407753353e-05,1.0001635002968163,7.494549945112032e-05,4.765477293742789e-05,2.4516981414691136e-05,6.900339196128103e-06,0.0,0.0,0.0,0.0,0.0,0.0,6.0
1.3365,1.0000091708130046,4.2890566718540576e-05,1.0001330202592704,6.20494995819962e-05,3.961200804388917e-05,2.0726822076732603e-05,5.8327496898282324e-06,0.0,0.0,0.0,0.0,0.0,0.0,6.0
1.3395000000000001,1.0000092680916375,3.769384366263936e-05,1.0001048672516528,5.099719005202422e-05,3.2283110210779856e-05,1.7375892532454044e-05,4.872153700278612e-06,0.0,0.0,0.0,0.0,0.0,0.0,6.0
1.3424999999999998,1.0000094666255122,2.720972192842911e-05,1.0000735617120462,4.081196937503644e-05,2.470705963446919e-05,1.3693276419496927e-05,3.779727357290078e-06,0.0,0.0,0.0,0.0,0.0,0.0,6.0
1.3455,1.0000087500946166,2.19451719577141e-05,1.0000598444266977,3.558967824334826e-05,2.0007465266687563e-05,1.1693162242772177e-05,3.2454704254516154e-06,0.0,0.0,0.0,0.0,0.0,0.0,6.0
1.3485,1.000004628974112,1.6103957718348937e-05,1.0000536689244903,2.687153201476937e-05,1.152208317177295e-05,0.0,0.0,0.0,0.0,0.0,0.0,0.0,0.0,4.0
1.3515000000000001,1.0000046522770178,1.2179941256203167e-05,1.0000368855151174,1.8467689395145833e-05,7.933505416162669e-06,0.0,0.0,0.0,0.0,0.0,0.0,0.0,0.0,4.0
1.3544999999999998,1.0000029169275468,7.65553965136519e-06,1.0000240211682296,1.277603091521166e-05,5.5409202045509075e-06,0.0,0.0,0.0,0.0,0.0,0.0,0.0,0.0,4.0
1.3575,1.0000005843449773,4.798325938338718e-06,1.0000147537843767,8.196597970460334e-06,3.498850108557623e-06,0.0,0.0,0.0,0.0,0.0,0.0,0.0,0.0,4.0
1.3605,1.0000001137846137,3.653864011570875e-06,1.0000100776750258,6.525592524387668e-06,2.8819584330570036e-06,0.0,0.0,0.0,0.0,0.0,0.0,0.0,0.0,4.0
1.3635000000000002,1.0000011536837217,1.9982446958162355e-06,1.0000023073795778,0.0,0.0,0.0,0.0,0.0,0.0,0.0,0.0,0.0,0.0,2.0
1.3664999999999998,1.0000004138131737,7.167454574471119e-07,1.0000008276266639,0.0,0.0,0.0,0.0,0.0,0.0,0.0,0.0,0.0,0.0,2.0
1.3695,1.0000001222344914,2.1171635089103968e-07,1.0000002444690133,0.0,0.0,0.0,0.0,0.0,0.0,0.0,0.0,0.0,0.0,2.0
1.3725,1.0000000294010374,5.0924090461485906e-08,1.000000058802076,0.0,0.0,0.0,0.0,0.0,0.0,0.0,0.0,0.0,0.0,2.0
1.3755000000000002,1.0000000058297374,1.0097401648553401e-08,1.0000000116594752,0.0,0.0,0.0,0.0,0.0,0.0,0.0,0.0,0.0,0.0,2.0
1.3784999999999998,1.000000000990404,1.7154307238551921e-09,1.0000000019808089,0.0,0.0,0.0,0.0,0.0,0.0,0.0,0.0,0.0,0.0,2.0
1.3815,1.000000000154597,2.677698843222105e-10,1.000000000309194,0.0,0.0,0.0,0.0,0.0,0.0,0.0,0.0,0.0,0.0,2.0
1.3845,1.0000000000240665,4.168506904864667e-11,1.0000000000481342,0.0,0.0,0.0,0.0,0.0,0.0,0.0,0.0,0.0,0.0,2.0
1.3875000000000002,1.000000000003891,6.739647888243159e-12,1.000000000007782,0.0,0.0,0.0,0.0,0.0,0.0,0.0,0.0,0.0,0.0,2.0
1.3904999999999998,1.0000000000006417,1.1122882335286672e-12,1.0000000000012845,0.0,0.0,0.0,0.0,0.0,0.0,0.0,0.0,0.0,0.0,2.0
1.3935,1.0000000000001052,1.8234720372927207e-13,1.0000000000002105,0.0,0.0,0.0,0.0,0.0,0.0,0.0,0.0,0.0,0.0,2.0
1.3965,1.000000000000017,2.945154456152739e-14,1.000000000000034,0.0,0.0,0.0,0.0,0.0,0.0,0.0,0.0,0.0,0.0,2.0
1.3995000000000002,1.0000000000000027,4.678352724331574e-15,1.0000000000000053,0.0,0.0,0.0,0.0,0.0,0.0,0.0,0.0,0.0,0.0,2.0
1.4024999999999999,1.0000000000000002,7.024344110172778e-16,1.0000000000000009,0.0,0.0,0.0,0.0,0.0,0.0,0.0,0.0,0.0,0.0,2.0
1.4055,1.0,7.360143182540916e-17,1.0,0.0,0.0,0.0,0.0,0.0,0.0,0.0,0.0,0.0,0.0,2.0
1.4085,1.0,3.1962349356687844e-18,1.0,0.0,0.0,0.0,0.0,0.0,0.0,0.0,0.0,0.0,0.0,2.0
1.4115000000000002,1.0,1.0676890568983379e-19,1.0,0.0,0.0,0.0,0.0,0.0,0.0,0.0,0.0,0.0,0.0,2.0
1.4144999999999999,1.0,4.076309950918425e-21,1.0,0.0,0.0,0.0,0.0,0.0,0.0,0.0,0.0,0.0,0.0,2.0
1.4175,1.0,1.6071261966851564e-22,1.0,0.0,0.0,0.0,0.0,0.0,0.0,0.0,0.0,0.0,0.0,2.0
1.4205,1.0,6.60247645689767e-24,1.0,0.0,0.0,0.0,0.0,0.0,0.0,0.0,0.0,0.0,0.0,2.0
1.4235000000000002,1.0,2.646520129814164e-25,1.0,0.0,0.0,0.0,0.0,0.0,0.0,0.0,0.0,0.0,0.0,2.0
1.4264999999999999,1.0,1.0090295355705057e-26,1.0,0.0,0.0,0.0,0.0,0.0,0.0,0.0,0.0,0.0,0.0,2.0
1.4295,1.0,3.6460645079032472e-28,1.0,0.0,0.0,0.0,0.0,0.0,0.0,0.0,0.0,0.0,0.0,2.0
1.4325,1.0,1.278555199180394e-29,1.0,0.0,0.0,0.0,0.0,0.0,0.0,0.0,0.0,0.0,0.0,2.0
1.4355000000000002,1.0,4.471037892043439e-31,1.0,0.0,0.0,0.0,0.0,0.0,0.0,0.0,0.0,0.0,0.0,2.0
1.4385,1.0,1.5863376094953825e-32,1.0,0.0,0.0,0.0,0.0,0.0,0.0,0.0,0.0,0.0,0.0,2.0
1.4415,1.0,5.744903511932686e-34,1.0,0.0,0.0,0.0,0.0,0.0,0.0,0.0,0.0,0.0,0.0,2.0
1.4445000000000001,1.0,2.121413913831412e-35,1.0,0.0,0.0,0.0,0.0,0.0,0.0,0.0,0.0,0.0,0.0,2.0
1.4474999999999998,1.0,7.931160926434893e-37,1.0,0.0,0.0,0.0,0.0,0.0,0.0,0.0,0.0,0.0,0.0,2.0
1.4505,1.0,2.971261273677893e-38,1.0,0.0,0.0,0.0,0.0,0.0,0.0,0.0,0.0,0.0,0.0,2.0
1.4535,1.0,1.1046124863373879e-39,1.0,0.0,0.0,0.0,0.0,0.0,0.0,0.0,0.0,0.0,0.0,2.0
1.4565000000000001,1.0,4.048241375324604e-41,1.0,0.0,0.0,0.0,0.0,0.0,0.0,0.0,0.0,0.0,0.0,2.0
1.4594999999999998,1.0,1.4593037067064976e-42,1.0,0.0,0.0,0.0,0.0,0.0,0.0,0.0,0.0,0.0,0.0,2.0
1.4625,1.0,5.185367526526212e-44,1.0,0.0,0.0,0.0,0.0,0.0,0.0,0.0,0.0,0.0,0.0,2.0
1.4655,1.0,1.8261122391177315e-45,1.0,0.0,0.0,0.0,0.0,0.0,0.0,0.0,0.0,0.0,0.0,2.0
1.4685000000000001,1.0,6.418036213992994e-47,1.0,0.0,0.0,0.0,0.0,0.0,0.0,0.0,0.0,0.0,0.0,2.0
1.4714999999999998,1.0,2.2657132176003395e-48,1.0,0.0,0.0,0.0,0.0,0.0,0.0,0.0,0.0,0.0,0.0,2.0
1.4745,1.0,8.069013277065656e-50,1.0,0.0,0.0,0.0,0.0,0.0,0.0,0.0,0.0,0.0,0.0,2.0
1.4775,1.0,2.9030501453659255e-51,1.0,0.0,0.0,0.0,0.0,0.0,0.0,0.0,0.0,0.0,0.0,2.0
1.4805000000000001,1.0,1.0535453287655038e-52,1.0,0.0,0.0,0.0,0.0,0.0,0.0,0.0,0.0,0.0,0.0,2.0
1.4834999999999998,1.0,3.842531712098377e-54,1.0,0.0,0.0,0.0,0.0,0.0,0.0,0.0,0.0,0.0,0.0,2.0
1.4865,1.0,1.4017562592277496e-55,1.0,0.0,0.0,0.0,0.0,0.0,0.0,0.0,0.0,0.0,0.0,2.0
1.4895,1.0,5.090298451801119e-57,1.0,0.0,0.0,0.0,0.0,0.0,0.0,0.0,0.0,0.0,0.0,2.0
1.4925000000000002,1.0,1.832834655753049e-58,1.0,0.0,0.0,0.0,0.0,0.0,0.0,0.0,0.0,0.0,0.0,2.0
1.4954999999999998,1.0,6.526917516156133e-60,1.0,0.0,0.0,0.0,0.0,0.0,0.0,0.0,0.0,0.0,0.0,2.0
1.4985,1.0,2.375824824546405e-61,1.0,0.0,0.0,0.0,0.0,0.0,0.0,0.0,0.0,0.0,0.0,2.0
