-1.4985,7.0,6.786396699426227e-218,1.0,0.0,0.0,0.0,0.0,0.0,0.0,0.0,0.0,0.0,0.0,2.0
-1.4955,7.0,7.68462219340659e-217,1.0,0.0,0.0,0.0,0.0,0.0,0.0,0.0,0.0,0.0,0.0,2.0
-1.4925,7.0,9.381109039972202e-216,1.0,0.0,0.0,0.0,0.0,0.0,0.0,0.0,0.0,0.0,0.0,2.0
-1.4895,7.0,1.1433965353134347e-214,1.0,0.0,0.0,0.0,0.0,0.0,0.0,0.0,0.0,0.0,0.0,2.0
-1.4865,7.0,1.3906533152799375e-213,1.0,0.0,0.0,0.0,0.0,0.0,0.0,0.0,0.0,0.0,0.0,2.0
-1.4835,7.0,1.6877883007736748e-212,1.0,0.0,0.0,0.0,0.0,0.0,0.0,0.0,0.0,0.0,0.0,2.0
-1.4805,7.0,2.044061471488446e-211,1.0,0.0,0.0,0.0,0.0,0.0,0.0,0.0,0.0,0.0,0.0,2.0
-1.4775,7.0,2.4702857038457403e-210,1.0,0.0,0.0,0.0,0.0,0.0,0.0,0.0,0.0,0.0,0.0,2.0
-1.4745,7.0,2.979056160957521e-209,1.0,0.0,0.0,0.0,0.0,0.0,0.0,0.0,0.0,0.0,0.0,2.0
-1.4715,7.0,3.5850087971971016e-208,1.0,0.0,0.0,0.0,0.0,0.0,0.0,0.0,0.0,0.0,0.0,2.0
-1.4685,7.0,4.3051111786441116e-207,1.0,0.0,0.0,0.0,0.0,0.0,0.0,0.0,0.0,0.0,0.0,2.0
-1.4655,7.0,5.158989248212012e-206,1.0,0.0,0.0,0.0,0.0,0.0,0.0,0.0,0.0,0.0,0.0,2.0
-1.4625,7.0,6.169294145903306e-205,1.0,0.0,0.0,0.0,0.0,0.0,0.0,0.0,0.0,0.0,0.0,2.0
-1.4595,7.0,7.362113771508416e-204,1.0,0.0,0.0,0.0,0.0,0.0,0.0,0.0,0.0,0.0,0.0,2.0
-1.4565,7.0,8.767434466025767e-203,1.0,0.0,0.0,0.0,0.0,0.0,0.0,0.0,0.0,0.0,0.0,2.0
-1.4535,7.0,1.041965900565054e-201,1.0,0.0,0.0,0.0,0.0,0.0,0.0,0.0,0.0,0.0,0.0,2.0
-1.4505,7.0,1.2358188063523815e-200,1.0,0.0,0.0,0.0,0.0,0.0,0.0,0.0,0.0,0.0,0.0,2.0
-1.4475,7.0,1.462807341179444e-199,1.0,0.0,0.0,0.0,0.0,0.0,0.0,0.0,0.0,0.0,0.0,2.0
-1.4445,7.0,1.728075241728422e-198,1.0,0.0,0.0,0.0,0.0,0.0,0.0,0.0,0.0,0.0,0.0,2.0
-1.4415,7.0,2.0374874828296758e-197,1.0,0.0,0.0,0.0,0.0,0.0,0.0,0.0,0.0,0.0,0.0,2.0
-1.4385,7.0,2.397723444805906e-196,1.0,0.0,0.0,0.0,0.0,0.0,0.0,0.0,0.0,0.0,0.0,2.0
-1.4355,7.0,2.8163820019124146e-195,1.0,0.0,0.0,0.0,0.0,0.0,0.0,0.0,0.0,0.0,0.0,2.0
-1.4325,7.0,3.3021001463691167e-194,1.0,0.0,0.0,0.0,0.0,0.0,0.0,0.0,0.0,0.0,0.0,2.0
-1.4295,7.0,3.864686947840378e-193,1.0,0.0,0.0,0.0,0.0,0.0,0.0,0.0,0.0,0.0,0.0,2.0
-1.4265,7.0,4.515274828689096e-192,1.0,0.0,0.0,0.0,0.0,0.0,0.0,0.0,0.0,0.0,0.0,2.0
-1.4235,7.0,5.266490300112777e-191,1.0,0.0,0.0,0.0,0.0,0.0,0.0,0.0,0.0,0.0,0.0,2.0
-1.4205,7.0,6.132646439712147e-190,1.0,0.0,0.0,0.0,0.0,0.0,0.0,0.0,0.0,0.0,0.0,2.0
-1.4175,7.0,7.129959480510615e-189,1.0,0.0,0.0,0.0,0.0,0.0,0.0,0.0,0.0,0.0,0.0,2.0
-1.4145,7.0,8.276791905331807e-188,1.0,0.0,0.0,0.0,0.0,0.0,0.0,0.0,0.0,0.0,0.0,2.0
-1.4115,7.0,9.59392437641011e-187,1.0,0.0,0.0,0.0,0.0,0.0,0.0,0.0,0.0,0.0,0.0,2.0
-1.4085,7.0,1.110485865357782e-185,1.0,0.0,0.0,0.0,0.0,0.0,0.0,0.0,0.0,0.0,0.0,2.0
-1.4055,7.0,1.2836153339365969e-184,1.0,0.0,0.0,0.0,0.0,0.0,0.0,0.0,0.0,0.0,0.0,2.0
-1.4025,7.0,1.4817793809732878e-183,1.0,0.0,0.0,0.0,0.0,0.0,0.0,0.0,0.0,0.0,0.0,2.0
-1.3995,7.0,1.708359702025935e-182,1.0,0.0,0.0,0.0,0.0,0.0,0.0,0.0,0.0,0.0,0.0,2.0
-1.3965,7.0,1.9671650998523792e-181,1.0,0.0,0.0,0.0,0.0,0.0,0.0,0.0,0.0,0.0,0.0,2.0
-1.3935,7.0,2.2624787729211916e-180,1.0,0.0,0.0,0.0,0.0,0.0,0.0,0.0,0.0,0.0,0.0,2.0
-1.3905,7.0,2.5991086803713934e-179,1.0,0.0,0.0,0.0,0.0,0.0,0.0,0.0,0.0,0.0,0.0,2.0
-1.3875,7.0,2.982440564729572e-178,1.0,0.0,0.0,0.0,0.0,0.0,0.0,0.0,0.0,0.0,0.0,2.0
-1.3845,7.0,3.418493037683439e-177,1.0,0.0,0.0,0.0,0.0,0.0,0.0,0.0,0.0,0.0,0.0,2.0
-1.3815,7.0,3.913973942172741e-176,1.0,0.0,0.0,0.0,0.0,0.0,0.0,0.0,0.0,0.0,0.0,2.0
-1.3785,7.0,4.476337002225205e-175,1.0,0.0,0.0,0.0,0.0,0.0,0.0,0.0,0.0,0.0,0.0,2.0
-1.3755,7.0,5.113837568839096e-174,1.0,0.0,0.0,0.0,0.0,0.0,0.0,0.0,0.0,0.0,0.0,2.0
-1.3725,7.0,5.835586076572138e-173,1.0,0.0,0.0,0.0,0.0,0.0,0.0,0.0,0.0,0.0,0.0,2.0
-1.3695,7.0,6.651597654208516e-172,1.0,0.0,0.0,0.0,0.0,0.0,0.0,0.0,0.0,0.0,0.0,2.0
-1.3665,7.0,7.572836198490644e-171,1.0,0.0,0.0,0.0,0.0,0.0,0.0,0.0,0.0,0.0,0.0,2.0
-1.3635,7.0,8.611251137978199e-170,1.0,0.0,0.0,0.0,0.0,0.0,0.0,0.0,0.0,0.0,0.0,2.0
-1.3605,7.0,9.77980510025716e-169,1.0,0.0,0.0,0.0,0.0,0.0,0.0,0.0,0.0,0.0,0.0,2.0
-1.3575,7.0,1.109249076445255e-167,1.0,0.0,0.0,0.0,0.0,0.0,0.0,0.0,0.0,0.0,0.0,2.0
-1.3545,7.0,1.256433534423057e-166,1.0,0.0,0.0,0.0,0.0,0.0,0.0,0.0,0.0,0.0,0.0,2.0
-1.3515,7.0,1.4211391412018738e-165,1.0,0.0,0.0,0.0,0.0,0.0,0.0,0.0,0.0,0.0,0.0,2.0
-1.3485,7.0,1.6050713145124089e-164,1.0,0.0,0.0,0.0,0.0,0.0,0.0,0.0,0.0,0.0,0.0,2.0
-1.3455,7.0,1.8100317543689836e-163,1.0,0.0,0.0,0.0,0.0,0.0,0.0,0.0,0.0,0.0,0.0,2.0
-1.3425,7.0,2.0379130725501844e-162,1.0,0.0,0.0,0.0,0.0,0.0,0.0,0.0,0.0,0.0,0.0,2.0
-1.3395,7.0,2.29069200209022e-161,1.0,0.0,0.0,0.0,0.0,0.0,0.0,0.0,0.0,0.0,0.0,2.0
-1.3365,7.0,2.5704213240620365e-160,1.0,0.0,0.0,0.0,0.0,0.0,0.0,0.0,0.0,0.0,0.0,2.0
-1.3335,7.0,2.8792207129811233e-159,1.0,0.0,0.0,0.0,0.0,0.0,0.0,0.0,0.0,0.0,0.0,2.0
-1.3305,7.0,3.2192667605736955e-158,1.0,0.0,0.0,0.0,0.0,0.0,0.0,0.0,0.0,0.0,0.0,2.0
-1.3275000000000001,7.0,3.5927824852840676e-157,1.0,0.0,0.0,0.0,0.0,0.0,0.0,0.0,0.0,0.0,0.0,2.0
-1.3245,7.0,4.002026666525582e-156,1.0,0.0,0.0,0.0,0.0,0.0,0.0,0.0,0.0,0.0,0.0,2.0
-1.3215,7.0,4.449283353461245e-155,1.0,0.0,0.0,0.0,0.0,0.0,0.0,0.0,0.0,0.0,0.0,2.0
-1.3185,7.0,4.9368518840561864e-154,1.0,0.0,0.0,0.0,0.0,0.0,0.0,0.0,0.0,0.0,0.0,2.0
-1.3155000000000001,7.0,5.467037708681919e-153,1.0,0.0,0.0,0.0,0.0,0.0,0.0,0.0,0.0,0.0,0.0,2.0
-1.3125,7.0,6.042144242958188e-152,1.0,0.0,0.0,0.0,0.0,0.0,0.0,0.0,0.0,0.0,0.0,2.0
-1.3094999999999999,7.0,6.664465878370409e-151,1.0,0.0,0.0,0.0,0.0,0.0,0.0,0.0,0.0,0.0,0.0,2.0
-1.3065,7.0,7.336282160647884e-150,1.0,0.0,0.0,0.0,0.0,0.0,0.0,0.0,0.0,0.0,0.0,2.0
-1.3035,7.0,8.059853011732706e-149,1.0,0.0,0.0,0.0,0.0,0.0,0.0,0.0,0.0,0.0,0.0,2.0
-1.3005,7.0,8.837414730711162e-148,1.0,0.0,0.0,0.0,0.0,0.0,0.0,0.0,0.0,0.0,0.0,2.0
-1.2974999999999999,7.0,9.671176373680534e-147,1.0,0.0,0.0,0.0,0.0,0.0,0.0,0.0,0.0,0.0,0.0,2.0
-1.2945,7.0,1.056331599488697e-145,1.0,0.0,0.0,0.0,0.0,0.0,0.0,0.0,0.0,0.0,0.0,2.0
-1.2915,7.0,1.151597614464239e-144,1.0,0.0,0.0,0.0,0.0,0.0,0.0,0.0,0.0,0.0,0.0,2.0
-1.2885,7.0,1.2531257975687444e-143,1.0,0.0,0.0,0.0,0.0,0.0,0.0,0.0,0.0,0.0,0.0,2.0
-1.2855,7.0,1.3611213318769754e-142,1.0,0.0,0.0,0.0,0.0,0.0,0.0,0.0,0.0,0.0,0.0,2.0
-1.2825,7.0,1.4757834156622607e-141,1.0,0.0,0.0,0.0,0.0,0.0,0.0,0.0,0.0,0.0,0.0,2.0
-1.2795,7.0,1.5973039054820278e-140,1.0,0.0,0.0,0.0,0.0,0.0,0.0,0.0,0.0,0.0,0.0,2.0
-1.2765,7.0,1.7258656293982017e-139,1.0,0.0,0.0,0.0,0.0,0.0,0.0,0.0,0.0,0.0,0.0,2.0
-1.2735,7.0,1.8616403680150674e-138,1.0,0.0,0.0,0.0,0.0,0.0,0.0,0.0,0.0,0.0,0.0,2.0
-1.2705,7.0,2.0047865272531065e-137,1.0,0.0,0.0,0.0,0.0,0.0,0.0,0.0,0.0,0.0,0.0,2.0
-1.2675,7.0,2.1554465538665793e-136,1.0,0.0,0.0,0.0,0.0,0.0,0.0,0.0,0.0,0.0,0.0,2.0
-1.2645,7.0,2.3137441701592525e-135,1.0,0.0,0.0,0.0,0.0,0.0,0.0,0.0,0.0,0.0,0.0,2.0
-1.2615,7.0,2.479781525542247e-134,1.0,0.0,0.0,0.0,0.0,0.0,0.0,0.0,0.0,0.0,0.0,2.0
-1.2585,7.0,2.6536363770583953e-133,1.0,0.0,0.0,0.0,0.0,0.0,0.0,0.0,0.0,0.0,0.0,2.0
-1.2555,7.0,2.835359416782073e-132,1.0,0.0,0.0,0.0,0.0,0.0,0.0,0.0,0.0,0.0,0.0,2.0
-1.2525,7.0,3.0249718598597134e-131,1.0,0.0,0.0,0.0,0.0,0.0,0.0,0.0,0.0,0.0,0.0,2.0
-1.2495,7.0,3.2224633926382585e-130,1.0,0.0,0.0,0.0,0.0,0.0,0.0,0.0,0.0,0.0,0.0,2.0
-1.2465,7.0,3.4277905567114965e-129,1.0,0.0,0.0,0.0,0.0,0.0,0.0,0.0,0.0,0.0,0.0,2.0
-1.2435,7.0,3.6408756137927046e-128,1.0,0.0,0.0,0.0,0.0,0.0,0.0,0.0,0.0,0.0,0.0,2.0
-1.2405,7.0,3.8616059010563855e-127,1.0,0.0,0.0,0.0,0.0,0.0,0.0,0.0,0.0,0.0,0.0,2.0
-1.2375,7.0,4.0898336505938454e-126,1.0,0.0,0.0,0.0,0.0,0.0,0.0,0.0,0.0,0.0,0.0,2.0
-1.2345,7.0,4.325376213715341e-125,1.0,0.0,0.0,0.0,0.0,0.0,0.0,0.0,0.0,0.0,0.0,2.0
-1.2315,7.0,4.568016604503168e-124,1.0,0.0,0.0,0.0,0.0,0.0,0.0,0.0,0.0,0.0,0.0,2.0
-1.2285,7.0,4.8175042599192035e-123,1.0,0.0,0.0,0.0,0.0,0.0,0.0,0.0,0.0,0.0,0.0,2.0
-1.2255,7.0,5.07355590723815e-122,1.0,0.0,0.0,0.0,0.0,0.0,0.0,0.0,0.0,0.0,0.0,2.0
-1.2225,7.0,5.335856433382368e-121,1.0,0.0,0.0,0.0,0.0,0.0,0.0,0.0,0.0,0.0,0.0,2.0
-1.2195,7.0,5.6040596630584316e-120,1.0,0.0,0.0,0.0,0.0,0.0,0.0,0.0,0.0,0.0,0.0,2.0
-1.2165,7.0,5.87778897032583e-119,1.0,0.0,0.0,0.0,0.0,0.0,0.0,0.0,0.0,0.0,0.0,2.0
-1.2135,7.0,6.156637667541607e-118,1.0,0.0,0.0,0.0,0.0,0.0,0.0,0.0,0.0,0.0,0.0,2.0
-1.2105000000000001,7.0,6.440169132801144e-117,1.0,0.0,0.0,0.0,0.0,0.0,0.0,0.0,0.0,0.0,0.0,2.0
-1.2075,7.0,6.727916649325152e-116,1.0,0.0,0.0,0.0,0.0,0.0,0.0,0.0,0.0,0.0,0.0,2.0
-1.2045,7.0,7.019382936840187e-115,1.0,0.0,0.0,0.0,0.0,0.0,0.0,0.0,0.0,0.0,0.0,2.0
-1.2015,7.0,7.314039357313181e-114,1.0,0.0,0.0,0.0,0.0,0.0,0.0,0.0,0.0,0.0,0.0,2.0
-1.1985000000000001,7.0,7.611324779226467e-113,1.0,0.0,0.0,0.0,0.0,0.0,0.0,0.0,0.0,0.0,0.0,2.0
-1.1955,7.0,7.9106440914595135e-112,1.0,0.0,0.0,0.0,0.0,0.0,0.0,0.0,0.0,0.0,0.0,2.0
-1.1925,7.0,8.211366375833494e-111,1.0,0.0,0.0,0.0,0.0,0.0,0.0,0.0,0.0,0.0,0.0,2.0
-1.1895,7.0,8.512822781351089e-110,1.0,0.0,0.0,0.0,0.0,0.0,0.0,0.0,0.0,0.0,0.0,2.0
-1.1865,7.0,8.814304194978111e-109,1.0,0.0,0.0,0.0,0.0,0.0,0.0,0.0,0.0,0.0,0.0,2.0
-1.1835,7.0,9.11505887075521e-108,1.0,0.0,0.0,0.0,0.0,0.0,0.0,0.0,0.0,0.0,0.0,2.0
-1.1804999999999999,7.0,9.41429025310506e-107,1.0,0.0,0.0,0.0,0.0,0.0,0.0,0.0,0.0,0.0,0.0,2.0
-1.1775,7.0,9.711155298679862e-106,1.0,0.0,0.0,0.0,0.0,0.0,0.0,0.0,0.0,0.0,0.0,2.0
-1.1745,7.0,1.0004763648534606e-104,1.0,0.0,0.0,0.0,0.0,0.0,0.0,0.0,0.0,0.0,0.0,2.0
-1.1715,7.0,1.0294178014073655e-103,1.0,0.0,0.0,0.0,0.0,0.0,0.0,0.0,0.0,0.0,0.0,2.0
-1.1684999999999999,7.0,1.0578416106300624e-102,1.0,0.0,0.0,0.0,0.0,0.0,0.0,0.0,0.0,0.0,0.0,2.0
-1.1655,7.0,1.0856454357643106e-101,1.0,0.0,0.0,0.0,0.0,0.0,0.0,0.0,0.0,0.0,0.0,2.0
-1.1625,7.0,1.112723357001864e-100,1.0,0.0,0.0,0.0,0.0,0.0,0.0,0.0,0.0,0.0,0.0,2.0
-1.1595,7.0,1.138966649468976e-99,1.0,0.0,0.0,0.0,0.0,0.0,0.0,0.0,0.0,0.0,0.0,2.0
-1.1564999999999999,7.0,1.1642647240048675e-98,1.0,0.0,0.0,0.0,0.0,0.0,0.0,0.0,0.0,0.0,0.0,2.0
-1.1535,7.0,1.1885062345274352e-97,1.0,0.0,0.0,0.0,0.0,0.0,0.0,0.0,0.0,0.0,0.0,2.0
-1.1505,7.0,1.2115803374696958e-96,1.0,0.0,0.0,0.0,0.0,0.0,0.0,0.0,0.0,0.0,0.0,2.0
-1.1475,7.0,1.2333780984316943e-95,1.0,0.0,0.0,0.0,0.0,0.0,0.0,0.0,0.0,0.0,0.0,2.0
-1.1445,7.0,1.2537940565197611e-94,1.0,0.0,0.0,0.0,0.0,0.0,0.0,0.0,0.0,0.0,0.0,2.0
-1.1415,7.0,1.2727279724647649e-93,1.0,0.0,0.0,0.0,0.0,0.0,0.0,0.0,0.0,0.0,0.0,2.0
-1.1385,7.0,1.2900867946047476e-92,1.0,0.0,0.0,0.0,0.0,0.0,0.0,0.0,0.0,0.0,0.0,2.0
-1.1355,7.0,1.3057868681870787e-91,1.0,0.0,0.0,0.0,0.0,0.0,0.0,0.0,0.0,0.0,0.0,2.0
-1.1325,7.0,1.3197563804138813e-90,1.0,0.0,0.0,0.0,0.0,0.0,0.0,0.0,0.0,0.0,0.0,2.0
-1.1295,7.0,1.3319379724153123e-89,1.0,0.0,0.0,0.0,0.0,0.0,0.0,0.0,0.0,0.0,0.0,2.0
-1.1265,7.0,1.3422913626219096e-88,1.0,0.0,0.0,0.0,0.0,0.0,0.0,0.0,0.0,0.0,0.0,2.0
-1.1235,7.0,1.3507957247145429e-87,1.0,0.0,0.0,0.0,0.0,0.0,0.0,0.0,0.0,0.0,0.0,2.0
-1.1205,7.0,1.357451466462638e-86,1.0,0.0,0.0,0.0,0.0,0.0,0.0,0.0,0.0,0.0,0.0,2.0
-1.1175,7.0,1.3622809882373702e-85,1.0,0.0,0.0,0.0,0.0,0.0,0.0,0.0,0.0,0.0,0.0,2.0
-1.1145,7.0,1.3653279882937085e-84,1.0,0.0,0.0,0.0,0.0,0.0,0.0,0.0,0.0,0.0,0.0,2.0
-1.1115,7.0,1.3666549481722097e-83,1.0,0.0,0.0,0.0,0.0,0.0,0.0,0.0,0.0,0.0,0.0,2.0
-1.1085,7.0,1.366338587124112e-82,1.0,0.0,0.0,0.0,0.0,0.0,0.0,0.0,0.0,0.0,0.0,2.0
-1.1055,7.0,1.3644633145145167e-81,1.0,0.0,0.0,0.0,0.0,0.0,0.0,0.0,0.0,0.0,0.0,2.0
-1.1025,7.0,1.361113009993476e-80,1.0,0.0,0.0,0.0,0.0,0.0,0.0,0.0,0.0,0.0,0.0,2.0
-1.0995,7.0,1.356361781244499e-79,1.0,0.0,0.0,0.0,0.0,0.0,0.0,0.0,0.0,0.0,0.0,2.0
-1.0965,7.0,1.3502646341610922e-78,1.0,0.0,0.0,0.0,0.0,0.0,0.0,0.0,0.0,0.0,0.0,2.0
-1.0935000000000001,7.0,1.3428491827342661e-77,1.0,0.0,0.0,0.0,0.0,0.0,0.0,0.0,0.0,0.0,0.0,2.0
-1.0905,7.0,1.3341095760059174e-76,1.0,0.0,0.0,0.0,0.0,0.0,0.0,0.0,0.0,0.0,0.0,2.0
-1.0875,7.0,1.3240036965732925e-75,1.0,0.0,0.0,0.0,0.0,0.0,0.0,0.0,0.0,0.0,0.0,2.0
-1.0845,7.0,1.3124543865524271e-74,1.0,0.0,0.0,0.0,0.0,0.0,0.0,0.0,0.0,0.0,0.0,2.0
-1.0815000000000001,7.0,1.2993550114098793e-73,1.0,0.0,0.0,0.0,0.0,0.0,0.0,0.0,0.0,0.0,0.0,2.0
-1.0785,7.0,1.2845791374949033e-72,1.0,0.0,0.0,0.0,0.0,0.0,0.0,0.0,0.0,0.0,0.0,2.0
-1.0755,7.0,1.2679935536424616e-71,1.0,0.0,0.0,0.0,0.0,0.0,0.0,0.0,0.0,0.0,0.0,2.0
-1.0725,7.0,1.2494733959765942e-70,1.0,0.0,0.0,0.0,0.0,0.0,0.0,0.0,0.0,0.0,0.0,2.0
-1.0695000000000001,7.0,1.2289178145165303e-69,1.0,0.0,0.0,0.0,0.0,0.0,0.0,0.0,0.0,0.0,0.0,2.0
-1.0665,7.0,1.2062645038883632e-68,1.0,0.0,0.0,0.0,0.0,0.0,0.0,0.0,0.0,0.0,0.0,2.0
-1.0635,7.0,1.1815015287708145e-67,1.0,0.0,0.0,0.0,0.0,0.0,0.0,0.0,0.0,0.0,0.0,2.0
-1.0605,7.0,1.1546751911926246e-66,1.0,0.0,0.0,0.0,0.0,0.0,0.0,0.0,0.0,0.0,0.0,2.0
-1.0575,7.0,1.1258931615228621e-65,1.0,0.0,0.0,0.0,0.0,0.0,0.0,0.0,0.0,0.0,0.0,2.0
-1.0545,7.0,1.0953226542474392e-64,1.0,0.0,0.0,0.0,0.0,0.0,0.0,0.0,0.0,0.0,0.0,2.0
-1.0514999999999999,7.0,1.0631839897167404e-63,1.0,0.0,0.0,0.0,0.0,0.0,0.0,0.0,0.0,0.0,0.0,2.0
-1.0485,7.0,1.0297403652320182e-62,1.0,0.0,0.0,0.0,0.0,0.0,0.0,0.0,0.0,0.0,0.0,2.0
-1.0455,7.0,9.952850023033811e-62,1.0,0.0,0.0,0.0,0.0,0.0,0.0,0.0,0.0,0.0,0.0,2.0
-1.0425,7.0,9.601270074460035e-61,1.0,0.0,0.0,0.0,0.0,0.0,0.0,0.0,0.0,0.0,0.0,2.0
-1.0394999999999999,7.0,9.245772768749956e-60,1.0,0.0,0.0,0.0,0.0,0.0,0.0,0.0,0.0,0.0,0.0,2.0
-1.0365,7.0,8.889356132808907e-59,1.0,0.0,0.0,0.0,0.0,0.0,0.0,0.0,0.0,0.0,0.0,2.0
-1.0335,7.0,8.53479947764302e-58,1.0,0.0,0.0,0.0,0.0,0.0,0.0,0.0,0.0,0.0,0.0,2.0
-1.0305,7.0,8.18458224482925e-57,1.0,0.0,0.0,0.0,0.0,0.0,0.0,0.0,0.0,0.0,0.0,2.0
-1.0275,7.0,7.840831624098005e-56,1.0,0.0,0.0,0.0,0.0,0.0,0.0,0.0,0.0,0.0,0.0,2.0
-1.0245,7.0,7.505298025197734e-55,1.0,0.0,0.0,0.0,0.0,0.0,0.0,0.0,0.0,0.0,0.0,2.0
-1.0215,7.0,7.179355108150345e-54,1.0,0.0,0.0,0.0,0.0,0.0,0.0,0.0,0.0,0.0,0.0,2.0
-1.0185,7.0,6.864019532406138e-53,1.0,0.0,0.0,0.0,0.0,0.0,0.0,0.0,0.0,0.0,0.0,2.0
-1.0155,7.0,6.5599848832934475e-52,1.0,0.0,0.0,0.0,0.0,0.0,0.0,0.0,0.0,0.0,0.0,2.0
-1.0125,7.0,6.267664264298533e-51,1.0,0.0,0.0,0.0,0.0,0.0,0.0,0.0,0.0,0.0,0.0,2.0
-1.0095,7.0,5.987236625757684e-50,1.0,0.0,0.0,0.0,0.0,0.0,0.0,0.0,0.0,0.0,0.0,2.0
-1.0065,7.0,5.718692828020579e-49,1.0,0.0,0.0,0.0,0.0,0.0,0.0,0.0,0.0,0.0,0.0,2.0
-1.0035,7.0,5.461878514755783e-48,1.0,0.0,0.0,0.0,0.0,0.0,0.0,0.0,0.0,0.0,0.0,2.0
-1.0005,7.0,5.216531940470024e-47,1.0,0.0,0.0,0.0,0.0,0.0,0.0,0.0,0.0,0.0,0.0,2.0
-0.9975,7.0,4.982315843318795e-46,1.0,0.0,0.0,0.0,0.0,0.0,0.0,0.0,0.0,0.0,0.0,2.0
-0.9945,7.0,4.758843214694806e-45,1.0,0.0,0.0,0.0,0.0,0.0,0.0,0.0,0.0,0.0,0.0,2.0
-0.9915,7.0,4.54569736515567e-44,1.0,0.0,0.0,0.0,0.0,0.0,0.0,0.0,0.0,0.0,0.0,2.0
-0.9885,7.0,4.342447025354489e-43,1.0,0.0,0.0,0.0,0.0,0.0,0.0,0.0,0.0,0.0,0.0,2.0
-0.9855,7.0,4.1486573735813944e-42,1.0,0.0,0.0,0.0,0.0,0.0,0.0,0.0,0.0,0.0,0.0,2.0
-0.9825,7.0,3.963897883462594e-41,1.0,0.0,0.0,0.0,0.0,0.0,0.0,0.0,0.0,0.0,0.0,2.0
-0.9795,7.0,3.787747779096407e-40,1.0,0.0,0.0,0.0,0.0,0.0,0.0,0.0,0.0,0.0,0.0,2.0
-0.9765,7.0,3.61979971718964e-39,1.0,0.0,0.0,0.0,0.0,0.0,0.0,0.0,0.0,0.0,0.0,2.0
-0.9735,7.0,3.4596621330476764e-38,1.0,0.0,0.0,0.0,0.0,0.0,0.0,0.0,0.0,0.0,0.0,2.0
-0.9705,7.0,3.306960530229264e-37,1.0,0.0,0.0,0.0,0.0,0.0,0.0,0.0,0.0,0.0,0.0,2.0
-0.9675,7.0,3.1613378908411884e-36,1.0,0.0,0.0,0.0,0.0,0.0,0.0,0.0,0.0,0.0,0.0,2.0
-0.9645,7.0,3.022454346692087e-35,1.0,0.0,0.0,0.0,0.0,0.0,0.0,0.0,0.0,0.0,0.0,2.0
-0.9615,7.0,2.889986274787742e-34,1.0,0.0,0.0,0.0,0.0,0.0,0.0,0.0,0.0,0.0,0.0,2.0
-0.9585,7.0,2.7636250321081963e-33,1.0,0.0,0.0,0.0,0.0,0.0,0.0,0.0,0.0,0.0,0.0,2.0
-0.9555,7.0,2.6430755779998285e-32,1.0,0.0,0.0,0.0,0.0,0.0,0.0,0.0,0.0,0.0,0.0,2.0
-0.9525,7.0,2.528055242754624e-31,1.0,0.0,0.0,0.0,0.0,0.0,0.0,0.0,0.0,0.0,0.0,2.0
-0.9495,7.0,2.4182927499778765e-30,1.0,0.0,0.0,0.0,0.0,0.0,0.0,0.0,0.0,0.0,0.0,2.0
-0.9465,7.0,2.3135272356391253e-29,1.0,0.0,0.0,0.0,0.0,0.0,0.0,0.0,0.0,0.0,0.0,2.0
-0.9435,7.0,2.2135077807893696e-28,1.0,0.0,0.0,0.0,0.0,0.0,0.0,0.0,0.0,0.0,0.0,2.0
-0.9405,7.0,2.117993506614217e-27,1.0,0.0,0.0,0.0,0.0,0.0,0.0,0.0,0.0,0.0,0.0,2.0
-0.9375,7.0,2.0267483830550048e-26,1.0,0.0,0.0,0.0,0.0,0.0,0.0,0.0,0.0,0.0,0.0,2.0
-0.9345,7.0,1.9395484028689442e-25,1.0,0.0,0.0,0.0,0.0,0.0,0.0,0.0,0.0,0.0,0.0,2.0
-0.9315,7.0,1.8562047789911026e-24,1.0,0.0,0.0,0.0,0.0,0.0,0.0,0.0,0.0,0.0,0.0,2.0
-0.9285,7.0,1.7764444912676052e-23,1.0,0.0,0.0,0.0,0.0,0.0,0.0,0.0,0.0,0.0,0.0,2.0
-0.9255,7.0,1.7000215669734262e-22,1.0,0.0,0.0,0.0,0.0,0.0,0.0,0.0,0.0,0.0,0.0,2.0
-0.9225,7.0,1.6275742484597171e-21,1.0,0.0,0.0,0.0,0.0,0.0,0.0,0.0,0.0,0.0,0.0,2.0
-0.9195,7.0,1.5569177327965884e-20,1.0,0.0,0.0,0.0,0.0,0.0,0.0,0.0,0.0,0.0,0.0,2.0
-0.9165,7.0,1.4872377045482511e-19,1.0,0.0,0.0,0.0,0.0,0.0,0.0,0.0,0.0,0.0,0.0,2.0
-0.9135,7.0,1.4352758921838634e-18,1.0,0.0,0.0,0.0,0.0,0.0,0.0,0.0,0.0,0.0,0.0,2.0
-0.9105,7.0,1.373892633399381e-17,1.0,0.0,0.0,0.0,0.0,0.0,0.0,0.0,0.0,0.0,0.0,2.0
-0.9075,7.0,1.1747061265962677e-16,1.0,0.0,0.0,0.0,0.0,0.0,0.0,0.0,0.0,0.0,0.0,2.0
-0.9045,7.0,4.69993995085471e-16,0.9999999999999994,0.0,0.0,0.0,0.0,0.0,0.0,0.0,0.0,0.0,0.0,2.0
-0.9015,6.999999999999996,1.2010838721028423e-15,0.9999999999999986,0.0,0.0,0.0,0.0,0.0,0.0,0.0,0.0,0.0,0.0,2.0
-0.8985,6.99999999999999,2.565846999043777e-15,0.999999999999997,0.0,0.0,0.0,0.0,0.0,0.0,0.0,0.0,0.0,0.0,2.0
-0.8955,6.99999999999998,5.203873769317003e-15,0.999999999999994,0.0,0.0,0.0,0.0,0.0,0.0,0.0,0.0,0.0,0.0,2.0
-0.8925,6.999999999999958,1.034807448306619e-14,0.9999999999999882,0.0,0.0,0.0,0.0,0.0,0.0,0.0,0.0,0.0,0.0,2.0
-0.8895,6.999999999999918,2.0160149309185693e-14,0.9999999999999769,0.0,0.0,0.0,0.0,0.0,0.0,0.0,0.0,0.0,0.0,2.0
-0.8865,6.999999999999845,3.878389554394926e-14,0.9999999999999551,0.0,0.0,0.0,0.0,0.0,0.0,0.0,0.0,0.0,0.0,2.0
-0.8835,6.999999999999701,7.412658526000239e-14,0.9999999999999145,0.0,0.0,0.0,0.0,0.0,0.0,0.0,0.0,0.0,0.0,2.0
-0.8805,6.999999999999431,1.40750699073694e-13,0.9999999999998377,0.0,0.0,0.0,0.0,0.0,0.0,0.0,0.0,0.0,0.0,2.0
-0.8775,6.999999999998928,2.6577374897221863e-13,0.999999999999693,0.0,0.0,0.0,0.0,0.0,0.0,0.0,0.0,0.0,0.0,2.0
-0.8745,6.999999999997982,4.992196141020233e-13,0.9999999999994238,0.0,0.0,0.0,0.0,0.0,0.0,0.0,0.0,0.0,0.0,2.0
-0.8715,6.9999999999962315,9.329787356896631e-13,0.9999999999989225,0.0,0.0,0.0,0.0,0.0,0.0,0.0,0.0,0.0,0.0,2.0
-0.8685,6.9999999999929905,1.735011733563952e-12,0.9999999999979966,0.0,0.0,0.0,0.0,0.0,0.0,0.0,0.0,0.0,0.0,2.0
-0.8655,6.999999999987028,3.2104220964535326e-12,0.9999999999962927,0.0,0.0,0.0,0.0,0.0,0.0,0.0,0.0,0.0,0.0,2.0
-0.8625,6.999999999976111,5.9109942453677095e-12,0.9999999999931748,0.0,0.0,0.0,0.0,0.0,0.0,0.0,0.0,0.0,0.0,2.0
-0.8595,6.99999999995623,1.0829852103869667e-11,0.9999999999874952,0.0,0.0,0.0,0.0,0.0,0.0,0.0,0.0,0.0,0.0,2.0
-0.8565,6.999999999920199,1.9744752411868256e-11,0.9999999999772012,0.0,0.0,0.0,0.0,0.0,0.0,0.0,0.0,0.0,0.0,2.0
-0.8535,6.999999999855229,3.582185974356905e-11,0.9999999999586363,0.0,0.0,0.0,0.0,0.0,0.0,0.0,0.0,0.0,0.0,2.0
-0.8505,6.9999999997386295,6.467245264125708e-11,0.9999999999253227,0.0,0.0,0.0,0.0,0.0,0.0,0.0,0.0,0.0,0.0,2.0
-0.8475,6.999999999530417,1.1619151315963924e-10,0.9999999998658334,0.0,0.0,0.0,0.0,0.0,0.0,0.0,0.0,0.0,0.0,2.0
-0.8445,6.999999999160417,2.0774228858920259e-10,0.99999999976012,0.0,0.0,0.0,0.0,0.0,0.0,0.0,0.0,0.0,0.0,2.0
-0.8415,6.9999999985061,3.6964416362460303e-10,0.9999999995731718,0.0,0.0,0.0,0.0,0.0,0.0,0.0,0.0,0.0,0.0,2.0
-0.8385,6.999999997354533,6.545835786425386e-10,0.999999999244152,0.0,0.0,0.0,0.0,0.0,0.0,0.0,0.0,0.0,0.0,2.0
-0.8355,6.999999995337487,1.1536731775930743e-09,0.9999999986678529,0.0,0.0,0.0,0.0,0.0,0.0,0.0,0.0,0.0,0.0,2.0
-0.8325,6.999999991821249,2.0237166535363207e-09,0.999999997663213,0.0,0.0,0.0,0.0,0.0,0.0,0.0,0.0,0.0,0.0,2.0
-0.8295,6.999999985720505,3.5332588079947874e-09,0.999999995920144,0.0,0.0,0.0,0.0,0.0,0.0,0.0,0.0,0.0,0.0,2.0
-0.8265,6.999999975185715,6.139943325416969e-09,0.999999992910204,0.0,0.0,0.0,0.0,0.0,0.0,0.0,0.0,0.0,0.0,2.0
-0.8235,6.999999957080889,1.0619726023175123e-08,0.9999999877373966,0.0,0.0,0.0,0.0,0.0,0.0,0.0,0.0,0.0,0.0,2.0
-0.8205,6.999999926116572,1.8281407607688966e-08,0.999999978890449,0.0,0.0,0.0,0.0,0.0,0.0,0.0,0.0,0.0,0.0,2.0
-0.8175,6.999999873419468,3.132055887868595e-08,0.9999999638341345,0.0,0.0,0.0,0.0,0.0,0.0,0.0,0.0,0.0,0.0,2.0
-0.8145,6.999999784188429,5.339951549197942e-08,0.999999938339552,0.0,0.0,0.0,0.0,0.0,0.0,0.0,0.0,0.0,0.0,2.0
-0.8115,6.999999633879852,9.059124153150774e-08,0.9999998953942487,0.0,0.0,0.0,0.0,0.0,0.0,0.0,0.0,0.0,0.0,2.0
-0.8085,6.99999938204566,1.5290404420073146e-07,0.9999998234416276,0.0,0.0,0.0,0.0,0.0,0.0,0.0,0.0,0.0,0.0,2.0
-0.8055,6.999998962460917,2.567243417179989e-07,0.9999997035602919,0.0,0.0,0.0,0.0,0.0,0.0,0.0,0.0,0.0,0.0,2.0
-0.8025,6.9999982674521615,4.286944082449132e-07,0.9999995049864109,0.0,0.0,0.0,0.0,0.0,0.0,0.0,0.0,0.0,0.0,2.0
-0.7995,6.9999971231851585,7.118270590402863e-07,0.9999991780531161,0.0,0.0,0.0,0.0,0.0,0.0,0.0,0.0,0.0,0.0,2.0
-0.7965,6.999995250461543,1.1752059660862502e-06,0.9999986429895947,0.0,0.0,0.0,0.0,0.0,0.0,0.0,0.0,0.0,0.0,2.0
-0.7935,6.999992201095142,1.9297284339092056e-06,0.999997771743035,0.0,0.0,0.0,0.0,0.0,0.0,0.0,0.0,0.0,0.0,2.0
-0.7905,6.9999872551326,3.153536680103795e-06,0.9999963586134853,0.0,0.0,0.0,0.0,0.0,0.0,0.0,0.0,0.0,0.0,2.0
-0.7875,6.999979277472723,5.1274953090374984e-06,0.999994079288925,0.0,0.0,0.0,0.0,0.0,0.0,0.0,0.0,0.0,0.0,2.0
-0.7845,6.999966603620395,8.263459802792053e-06,0.999990458205728,0.0,0.0,0.0,0.0,0.0,0.0,0.0,0.0,0.0,0.0,2.0
-0.7815,6.999947141951198,1.3078972416329009e-05,0.9999848977711562,0.0,0.0,0.0,0.0,0.0,0.0,0.0,0.0,0.0,0.0,2.0
-0.7785,6.99991886656544,2.007531226255122e-05,0.9999768191835889,0.0,0.0,0.0,0.0,0.0,0.0,0.0,0.0,0.0,0.0,2.0
-0.7755,6.999880617058944,2.9539557708986716e-05,0.9999658910166129,0.0,0.0,0.0,0.0,0.0,0.0,0.0,0.0,0.0,0.0,2.0
-0.7725,6.999874164065495,3.9812233075859364e-05,0.9999438246252239,0.0,0.0,0.0,0.0,0.0,0.0,0.0,0.0,0.0,0.0,2.0
-0.7695,6.999860296284146,4.4078935508110106e-05,0.9999325398509978,0.0,0.0,0.0,0.0,0.0,0.0,0.0,0.0,0.0,0.0,2.0
-0.7665,6.999786820035858,5.3550244066965884e-05,0.9999157282911579,5.843434485217129e-05,-2.1736691458676747e-05,3.2143500412952143e-06,3.456831415791842e-08,0.0,0.0,0.0,0.0,0.0,0.0,6.0
-0.7635,6.999742742684907,6.320043180490778e-05,0.9999056675977385,7.372411250505683e-05,-2.3119394528537217e-05,3.301304688078886e-06,-3.542331880687629e-07,0.0,0.0,0.0,0.0,0.0,0.0,6.0
-0.7605,6.999710876131044,7.233345775968957e-05,0.9998954161752395,8.827579422620301e-05,-2.6340025253158023e-05,3.598135554044657e-06,-4.911909465878495e-07,0.0,0.0,0.0,0.0,0.0,0.0,6.0
-0.7575,6.999745238482259,8.225102708414018e-05,0.9998758543427243,0.00010133267720315886,-2.537088230306058e-05,4.314604025264562e-06,-1.2706179752829378e-06,0.0,0.0,0.0,0.0,0.0,0.0,6.0
-0.7545,6.999707237907255,9.435058191039063e-05,0.9998604155924499,0.00011411981560268411,-3.0038210032458788e-05,5.140990474253789e-06,-1.1082539392842403e-06,0.0,0.0,0.0,0.0,0.0,0.0,6.0
-0.7515,6.999639103610776,0.0001088524605076315,0.9998424413016489,0.00012691852220784747,-3.4675231076674636e-05,5.927623292290677e-06,-1.0120266035745162e-06,0.0,0.0,0.0,0.0,0.0,0.0,6.0
-0.7485,6.999577728719266,0.00012203022054046913,0.9998206255319987,0.00014365918553373014,-3.94674316460477e-05,6.438287737743482e-06,-9.722827062742745e-07,0.0,0.0,0.0,0.0,0.0,0.0,6.0
-0.7455,6.999507285892961,0.0001363343900198141,0.9997947915783619,0.0001621767835811485,-4.414062321313257e-05,7.008535753009865e-06,-9.989284984719419e-07,0.0,0.0,0.0,0.0,0.0,0.0,6.0
-0.7425,6.999473180582287,0.00015335928341165351,0.9997599490212655,0.00018153756819886373,-4.4363846504384494e-05,7.842888042865325e-06,-1.7679895676999902e-06,0.0,0.0,0.0,0.0,0.0,0.0,6.0
-0.7395,6.999391748663766,0.00017390809774620717,0.999728479658846,0.00020268828112897123,-4.964547718769939e-05,8.877799931169325e-06,-1.7555843711349532e-06,0.0,0.0,0.0,0.0,0.0,0.0,6.0
-0.7365,6.999298637498222,0.00019778410301882622,0.9996953197999873,0.00022778427113700098,-5.620887372283891e-05,9.903284255997321e-06,-1.6061024081901314e-06,0.0,0.0,0.0,0.0,0.0,0.0,6.0
-0.7335,6.999204040105111,0.0002249182345855108,0.9996578217478874,0.0002570999969217152,-6.251445950161618e-05,1.0894294198219915e-05,-1.5825451316686508e-06,0.0,0.0,0.0,0.0,0.0,0.0,6.0
-0.7305,6.999098749474706,0.00025522024148459725,0.9996157084012599,0.0002904548752965707,-6.90466930069167e-05,1.1879473204160744e-05,-1.6073810025352068e-06,0.0,0.0,0.0,0.0,0.0,0.0,6.0
-0.7275,6.999011074328342,0.00028893379183591775,0.9995638290659151,0.0003269207262740829,-7.247635467884933e-05,1.2952938058764842e-05,-2.2221372165692516e-06,0.0,0.0,0.0,0.0,0.0,0.0,6.0
-0.7245,6.998875244250839,0.00032631407795274996,0.9995101268530687,0.00036635662741272044,-7.972678468124266e-05,1.4140013125793433e-05,-2.3039601345432457e-06,0.0,0.0,0.0,0.0,0.0,0.0,6.0
-0.7215,6.998717564917416,0.0003675590700092861,0.9994502915536263,0.00040961058295499637,-8.804719877615867e-05,1.538458860804639e-05,-2.300397706649373e-06,0.0,0.0,0.0,0.0,0.0,0.0,6.0
-0.7185,6.998547121867243,0.00041332262815616433,0.9993824925895387,0.00045667416930986676,-9.659862146806845e-05,1.6704344965376747e-05,-2.3504344707756733e-06,0.0,0.0,0.0,0.0,0.0,0.0,6.0
-0.7155,6.998359087173198,0.0004643313757544505,0.9993067957080989,0.0005076746514062388,-0.0001059412410362793,1.809984960943401e-05,-2.3732173722646926e-06,0.0,0.0,0.0,0.0,0.0,0.0,6.0
-0.7125,6.998174762738581,0.000521432076254982,0.9992196071759968,0.0005625155948037559,-0.00011365866104580021,1.9591147664711136e-05,-2.7782472410063312e-06,0.0,0.0,0.0,0.0,0.0,0.0,6.0
-0.7095,6.997944435946332,0.0005852072128421068,0.9991268038351855,0.0006219399016241135,-0.00012476539165107465,2.112962342841148e-05,-2.7670691617254447e-06,0.0,0.0,0.0,0.0,0.0,0.0,6.0
-0.7065,6.997685758308626,0.0006559794191650314,0.9990248963848423,0.000687420447497839,-0.00013700100604778574,2.261886169251097e-05,-2.7132496537294336e-06,0.0,0.0,0.0,0.0,0.0,0.0,6.0
-0.7035,6.997402887216486,0.0007343210024142585,0.9989120494675855,0.000759530497931221,-0.00014956059884019022,2.4055506801204308e-05,-2.741644057057028e-06,0.0,0.0,0.0,0.0,0.0,0.0,6.0
-0.7005,6.997090332525418,0.000820893377611474,0.9987876279430822,0.0008385328039648526,-0.000162716939185565,2.5470731306161124e-05,-2.794550604890547e-06,0.0,0.0,0.0,0.0,0.0,0.0,6.0
-0.6975,6.996762254065473,0.0009165510826163681,0.9986482709794701,0.0009241553728277831,-0.00017468453612766744,2.6941622110439005e-05,-3.148035171562715e-06,0.0,0.0,0.0,0.0,0.0,0.0,6.0
-0.6945,6.996380768654116,0.0010220639732151711,0.9984976503236438,0.0010165712477151981,-0.0001892537937861498,2.8492684034992095e-05,-3.1766021882244863e-06,0.0,0.0,0.0,0.0,0.0,0.0,6.0
-0.6915,6.995957923741757,0.001138088336022379,0.9983326010709391,0.0011165408002175728,-0.0002048708120679025,3.008407673427477e-05,-3.126870953445794e-06,0.0,0.0,0.0,0.0,0.0,0.0,6.0
-0.6885,6.995495439780987,0.001265499040368463,0.9981512975228317,0.0012243646079693107,-0.00022104542068863712,3.169963163714766e-05,-3.075346893375443e-06,0.0,0.0,0.0,0.0,0.0,0.0,6.0
-0.6855,6.994987868818249,0.0014052414801989054,0.9979528269799846,0.0013403480381524613,-0.00023798948939461208,3.330790102489523e-05,-2.9847842841284055e-06,0.0,0.0,0.0,0.0,0.0,0.0,6.0
-0.6825,6.994443462254438,0.0015583980817906833,0.9977343535144795,0.001464573796233583,-0.00025438780526204174,3.488717539046337e-05,-3.0627978096294125e-06,0.0,0.0,0.0,0.0,0.0,0.0,6.0
-0.6795,6.993833422538819,0.0017259999402957221,0.99749799551787,0.0015974839898018798,-0.0002728265436024822,3.637411921710481e-05,-2.8773745449075595e-06,0.0,0.0,0.0,0.0,0.0,0.0,6.0
-0.6765,6.993164453851196,0.001909016751942775,0.9972409530811577,0.001739879737438003,-0.00029207772929252683,3.7674750232018774e-05,-2.607407603889769e-06,0.0,0.0,0.0,0.0,0.0,0.0,6.0
-0.6735,6.992435578976503,0.002108588625783762,0.9969613718540178,0.0018921240905759179,-0.00031171300170753296,3.8736402665652276e-05,-2.296360343780706e-06,0.0,0.0,0.0,0.0,0.0,0.0,6.0
-0.6705,6.99164110925625,0.0023259012505920823,0.9966579765692071,0.0020544372588132405,-0.000331782559349806,3.952883864277291e-05,-1.910921600036238e-06,0.0,0.0,0.0,0.0,0.0,0.0,6.0
-0.6675,6.990785488063801,0.0025622043279189175,0.9963281240222317,0.0022266850554863195,-0.00035123660660027717,4.007265511578023e-05,-1.6056002900878256e-06,0.0,0.0,0.0,0.0,0.0,0.0,6.0
-0.6645,6.989845348165433,0.002818627568066699,0.9959730366011822,0.002408787287393501,-0.00037197614294081385,4.040579386422286e-05,-1.07361943997319e-06,0.0,0.0,0.0,0.0,0.0,0.0,6.0
-0.6615,6.988824330605264,0.0030961456169778636,0.9955904361135257,0.0026006934754562666,-0.00039304269617989294,4.059586930648597e-05,-4.932536447835621e-07,0.0,0.0,0.0,0.0,0.0,0.0,6.0
-0.6585,6.987720419997801,0.003395758035608486,0.995178999658998,0.0028018182355498663,-0.0004140985723663581,4.077986903410836e-05,3.790122790375584e-08,0.0,0.0,0.0,0.0,0.0,0.0,6.0
-0.6555,6.9865283371690055,0.0037184511862207565,0.9947379633603871,0.0030114287097851673,-0.00043517185225129963,4.112323546582059e-05,4.667576896633292e-07,0.0,0.0,0.0,0.0,0.0,0.0,6.0
-0.6525,6.985250028599779,0.004065369710286291,0.9942653677641659,0.00322909251023899,-0.0004556603376159306,4.183466986210038e-05,6.070401815396259e-07,0.0,0.0,0.0,0.0,0.0,0.0,6.0
-0.6495,6.983864480464303,0.004438264245210506,0.9937607957863751,0.0034569484966706717,-0.00047779141992570844,4.308178787555255e-05,6.777016655781023e-07,0.0,0.0,0.0,0.0,0.0,0.0,6.0
-0.6465,6.982361397969925,0.00484139969060634,0.9932169785101452,0.0037024118168009724,-0.0005018584527055027,4.433036529764905e-05,8.313750654498951e-07,0.0,0.0,0.0,0.0,0.0,0.0,6.0
-0.6435,6.980698018823381,0.005284776241508135,0.9926225338074457,0.003969297186109588,-0.0005241715423887633,4.373509239284078e-05,1.4329295340966133e-06,0.0,0.0,0.0,0.0,0.0,0.0,6.0
-0.6405,6.978802000685249,0.005779326503805492,0.991977994058419,0.004224136276721119,-0.0005316262591786318,4.235342857200745e-05,8.34023994539913e-07,0.0,0.0,0.0,0.0,0.0,0.0,6.0
-0.6375,6.976927768543124,0.006305866078125005,0.9912909022949226,0.004363884936837266,-0.0005321575198172267,5.12886315015181e-05,-1.301344043206979e-06,0.0,0.0,0.0,0.0,0.0,0.0,6.0
-0.6345,6.976123640515744,0.006509724557476648,0.9909482493583409,0.004670884409664828,-0.0006242181895118416,4.9251740375123764e-05,4.5289464755430465e-06,0.0,0.0,0.0,0.0,0.0,0.0,6.0
-0.6315,6.973295833989737,0.007251918372284531,0.9900160844734123,0.005033124729821982,-0.000607644886150817,4.6011673980343016e-05,2.911434658405837e-06,-1.1077970667034172e-06,5.240029698256268e-07,0.0,0.0,0.0,0.0,8.0
-0.6285,6.9712086754979365,0.007815836630165652,0.9892680106165814,0.005302681101563557,-0.0006347112749696638,4.928356672612108e-05,4.0975669888049715e-06,-1.7809898749381196e-06,5.531461563570676e-07,0.0,0.0,0.0,0.0,8.0
-0.6255,6.969097548867725,0.008385951866848885,0.9885001760031498,0.005599887073438181,-0.0006772147834398077,5.4827632844704275e-05,5.028074903982206e-06,-2.55027419137658e-06,7.578508125890815e-07,0.0,0.0,0.0,0.0,8.0
-0.6225,6.96729070248023,0.008980998261135784,0.9876410582513414,0.005971128986082895,-0.0007288941050870542,5.8550002300379275e-05,7.786519889530587e-06,-3.293676577860221e-06,8.134816089550491e-07,0.0,0.0,0.0,0.0,8.0
-0.6195,6.96457690097662,0.009654054597322012,0.9867042719043116,0.0064658547238949475,-0.0007921175954172006,3.9517872569470666e-05,1.630208171227334e-05,-2.217834305659179e-06,3.848205997291308e-08,0.0,0.0,0.0,0.0,8.0
-0.6165,6.9610222291004,0.010507745508353789,0.9856675196613148,0.006773472356427894,-0.0007721535516886763,3.8223016855469375e-05,1.1950925459511956e-05,-1.9919653643434806e-06,7.496446239944994e-07,0.0,0.0,0.0,0.0,8.0
-0.6135,6.958119801646218,0.011292479375478112,0.9846359957765917,0.007164827128222699,-0.0007933833401163721,3.4060587044600914e-05,1.437481831878022e-05,-1.8069761725000618e-06,6.331990091214593e-07,0.0,0.0,0.0,0.0,8.0
-0.6105,6.9550341048559945,0.01212391870467164,0.983548272444158,0.00755506202145153,-0.0008108868451815593,3.188617577503112e-05,1.649665559228703e-05,-1.89428026718794e-06,4.991759398496197e-07,0.0,0.0,0.0,0.0,8.0
-0.6075,6.951849251262882,0.013005407166887577,0.9823904006078664,0.007937997522350412,-0.000815487655906186,3.1563963005339726e-05,1.593699079189369e-05,-2.230154775919616e-06,6.781418628299213e-07,0.0,0.0,0.0,0.0,8.0
-0.6045,6.948242553476548,0.013936657396614989,0.981203030324121,0.008329461919510707,-0.0008433955056980968,3.117240222420287e-05,1.8587423094482494e-05,-2.6786855401451797e-06,4.878405978122272e-07,0.0,0.0,0.0,0.0,8.0
-0.6015,6.944511829806572,0.014917948954497258,0.9799377001317561,0.008751157480279187,-0.000863109520089245,2.6963097403966683e-05,2.0746450463728718e-05,-2.9572257809820963e-06,3.6789798341345753e-07,0.0,0.0,0.0,0.0,8.0
-0.5985,6.9405619887639975,0.015957231221844965,0.9786013295355115,0.009173178064171283,-0.0008664866970081968,1.826444436968039e-05,2.2443397321734956e-05,-2.822959675211091e-06,2.0553841415235843e-07,0.0,0.0,0.0,0.0,8.0
-0.5955,6.93636285870081,0.017043091497842132,0.977240115101056,0.009515473748745727,-0.0008518663184943303,1.7007030530889166e-05,2.040517280453291e-05,-2.911262310946922e-06,4.365923500324935e-07,0.0,0.0,0.0,0.0,8.0
-0.5925,6.932593016794033,0.018122143940941082,0.9758627122156277,0.009804356515958136,-0.000858871285920229,3.494249444147847e-05,1.7160825746149624e-05,-4.512917245709414e-06,1.0876505779583296e-06,0.0,0.0,0.0,0.0,8.0
-0.5895,6.928515789899449,0.019148692532114757,0.9744529715199518,0.010449529034201452,-0.0009564774667447495,1.146570433762673e-05,3.005702030750114e-05,-3.6764867721785306e-06,-9.637853998415707e-08,0.0,0.0,0.0,0.0,8.0
-0.5865,6.923060475097346,0.02050839796159367,0.9728205160905069,0.010850977301431966,-0.0009200363596902207,7.35304948722874e-06,2.6139256518324104e-05,-3.7991880911303585e-06,4.904721144034951e-07,0.0,0.0,0.0,0.0,8.0
-0.5835,6.918101626709315,0.021811205331739632,0.9711864736730071,0.011295678850016182,-0.0009143703089435912,-2.4179757137603775e-06,2.8968134867574314e-05,-3.4745339523465863e-06,2.1367152649629633e-07,0.0,0.0,0.0,0.0,8.0
-0.5805,6.912844972206208,0.023159430574317987,0.9695259033131549,0.011637862591175633,-0.0008852920452453559,-4.75126527647506e-06,2.7100549127248902e-05,-3.2133681114061117e-06,4.5068673882011683e-07,0.0,0.0,0.0,0.0,8.0
-0.5775,6.9081127970897445,0.02448592604477602,0.967867834573947,0.01190704451581739,-0.0008882723207416686,1.5867500480309088e-05,2.447921714245493e-05,-4.764959144877439e-06,1.0749401402045944e-06,0.0,0.0,0.0,0.0,8.0
-0.5745,6.903163169638721,0.02572711059272367,0.9661857500612724,0.012596257668800648,-0.0009905369488435055,-1.2316684056211605e-05,3.899913544204575e-05,-3.502499779264626e-06,-2.6402542228083846e-07,0.0,0.0,0.0,0.0,8.0
-0.5715,6.8966218275243225,0.027365419050277066,0.9642562971884847,0.012948083762985957,-0.0009271251091383355,-1.0499608397911192e-05,3.15783668191505e-05,-3.8091749300480566e-06,7.160901465353299e-07,0.0,0.0,0.0,0.0,8.0
-0.5685,6.890798145451015,0.028896820555038956,0.9623634542672644,0.01338338943888339,-0.0009321280139763074,-1.1173690934062181e-05,3.48070487322091e-05,-4.148832719035976e-06,5.129065169117516e-07,0.0,0.0,0.0,0.0,8.0
-0.5655,6.884745636746231,0.03047390801937918,0.9603960571442066,0.013842049236742652,-0.0009353447007365478,-1.7796438270771255e-05,3.872426020231221e-05,-4.058039800454404e-06,1.4491718900037833e-07,0.0,0.0,0.0,0.0,8.0
-0.5625,6.878685886086242,0.03211874412563993,0.9583280047480347,0.014285461556230462,-0.0009099613302333658,-2.6248427974387778e-05,3.850214464950617e-05,-3.863183900829841e-06,1.4515185092611312e-07,0.0,0.0,0.0,0.0,8.0
-0.5595,6.871869674836276,0.03383704167831901,0.9562552710765044,0.014679246021175344,-0.0009083258131612727,-2.919012214788214e-05,4.0615897733001635e-05,-4.07656701947216e-06,-8.375259941597197e-08,0.0,0.0,0.0,0.0,8.0
-0.5565,6.86475909434116,0.035606058578031216,0.9541398364209138,0.01505141231872415,-0.0009031498659858506,-2.6738194080828374e-05,4.056469245717652e-05,-4.651754540401514e-06,1.0822461992781416e-07,0.0,0.0,0.0,0.0,8.0
-0.5535,6.857726536551591,0.037401808335046666,0.9519580894123433,0.015463800112097739,-0.000899216804001903,-2.7553724678519238e-05,4.119598748223809e-05,-4.9890783334693565e-06,2.818482753167499e-07,0.0,0.0,0.0,0.0,8.0
-0.5505,6.850561534007755,0.03924734522677363,0.9497089107571747,0.01590327711523013,-0.000899212594106441,-3.267878727444684e-05,4.384030943361059e-05,-4.985108154683323e-06,1.7984304831967317e-07,0.0,0.0,0.0,0.0,8.0
-0.5475,6.843409358382744,0.041156412012371385,0.9473620222058461,0.016349375617831802,-0.0008805645495030013,-4.0877284071598704e-05,4.5488513715714e-05,-4.677508740428e-06,9.400283618439543e-08,0.0,0.0,0.0,0.0,8.0
-0.5445,6.835580314534116,0.04313968388922018,0.9449879940784972,0.01676139803946975,-0.0008756637959395315,-4.6435461768800455e-05,4.916611040878667e-05,-4.514747904143535e-06,-2.2939811043850605e-07,0.0,0.0,0.0,0.0,8.0
-0.5415,6.8274314669794265,0.04518406729957373,0.9425573417646592,0.01714378751280328,-0.00085876683276391,-4.820194262102621e-05,5.005084094974781e-05,-4.603273251655204e-06,-1.6541448092194178e-07,0.0,0.0,0.0,0.0,8.0
-0.5385,6.819278808997519,0.04726369760488094,0.9400645515792811,0.017546558404190782,-0.0008426054065740556,-5.297808940095704e-05,5.162525447596418e-05,-4.476985542912962e-06,-1.926488417311038e-07,0.0,0.0,0.0,0.0,8.0
-0.5355,6.8109046397511115,0.049403851112311215,0.9375147555088519,0.017931756315225818,-0.0008240332090829452,-5.6424846480456415e-05,5.2930597601225046e-05,-4.411415134852657e-06,-1.8411655837132666e-07,0.0,0.0,0.0,0.0,8.0
-0.5325,6.802438027509076,0.051602018770660694,0.9348921337022333,0.018300982599620645,-0.0007907919492642782,-5.8606411020006124e-05,5.221936475810017e-05,-4.3949794479572725e-06,5.144156231988881e-08,0.0,0.0,0.0,0.0,8.0
-0.5295,6.793543131911797,0.05385228489556963,0.9322433686796193,0.018663855419703317,-0.000776567222267881,-6.109164229762573e-05,5.477980209964385e-05,-4.349644009808421e-06,-1.0650523351623364e-07,0.0,0.0,0.0,0.0,8.0
-0.5265,6.784425466454667,0.056150453618976026,0.9295434924901556,0.019028871069296904,-0.0007636877260919606,-6.47436539882352e-05,5.797437039835553e-05,-4.2017516616740545e-06,-3.5107563802845813e-07,0.0,0.0,0.0,0.0,8.0
-0.5235,6.775177298772501,0.05849956031589334,0.9267790662529325,0.019387532471967575,-0.0007409020703042918,-6.852483180973712e-05,5.988035771770536e-05,-4.006595329728925e-06,-4.485111478691744e-07,0.0,0.0,0.0,0.0,8.0
-0.5205,6.765710066412224,0.06090257106763363,0.9239612178981328,0.019730421029865105,-0.0007139654948825276,-7.144202759205729e-05,6.112081636964505e-05,-3.840448414872767e-06,-4.6258644334488246e-07,0.0,0.0,0.0,0.0,8.0
-0.5175,6.756143575140228,0.06335988273703232,0.9210778766912604,0.02005263636887783,-0.0006737069609634031,-7.285580365041699e-05,6.025960294064324e-05,-3.7472561818791443e-06,-2.3393879134821733e-07,0.0,0.0,0.0,0.0,8.0
-0.5145,6.746189105406423,0.06586847941192008,0.9181711982019984,0.020358630110574732,-0.0006495924749223829,-7.370297614186263e-05,6.175413065820706e-05,-3.700054047191444e-06,-2.7856533685860697e-07,0.0,0.0,0.0,0.0,8.0
-0.5115,6.735984575247423,0.06842374150238614,0.9152264016600424,0.020658700284098407,-0.0006312480241177212,-7.502369466747993e-05,6.414771355210939e-05,-3.6261925495773958e-06,-4.3429916664038153e-07,0.0,0.0,0.0,0.0,8.0
-0.5085,6.72566463929581,0.07102561104333878,0.9122261130484265,0.020952013617810853,-0.0006056980823017606,-7.65460080299154e-05,6.551140401541875e-05,-3.524040022680306e-06,-4.789420178292502e-07,0.0,0.0,0.0,0.0,8.0
-0.5055,6.715166726042631,0.07367477660594253,0.9091786915289599,0.02123498240856912,-0.000577686782222542,-7.792442081092794e-05,6.653142303219038e-05,-3.4101626788483237e-06,-4.858566878327775e-07,0.0,0.0,0.0,0.0,8.0
-0.5025,6.704539896303463,0.07637111857864312,0.906079665790047,0.02150541031627626,-0.0005435972745097716,-7.886527796962218e-05,6.669759777652255e-05,-3.293650659602151e-06,-3.97099341069435e-07,0.0,0.0,0.0,0.0,8.0
-0.49950000000000006,6.693643457714952,0.07911406637214832,0.9029488224752121,0.021762977071160667,-0.0005161695352078714,-7.95080293415754e-05,6.78784538356439e-05,-3.176835189703399e-06,-4.223054935096203e-07,0.0,0.0,0.0,0.0,8.0
-0.49649999999999994,6.6825213180863505,0.08190178633967714,0.8997822236548548,0.022010774125159192,-0.0004919600932841088,-8.013334672377981e-05,6.956728108176493e-05,-3.042365904982156e-06,-5.050618311682472e-07,0.0,0.0,0.0,0.0,8.0
-0.49350000000000005,6.671241008832384,0.08473343489409015,0.8965725974535309,0.022248986495528877,-0.0004652903726779566,-8.068690508683506e-05,7.09215214862651e-05,-2.8902108621743877e-06,-5.516854368920628e-07,0.0,0.0,0.0,0.0,8.0
-0.49049999999999994,6.65979346489185,0.08760853880769102,0.8933224510125561,0.02247647295866298,-0.00043707769388625587,-8.107752947842399e-05,7.20566496242815e-05,-2.7276343379289235e-06,-5.752958564715428e-07,0.0,0.0,0.0,0.0,8.0
-0.48750000000000004,6.648187596919418,0.09052645286354367,0.8900321269437121,0.02269233920601619,-0.00040680275322989415,-8.121541468578137e-05,7.288440298638552e-05,-2.560482174846339e-06,-5.665782156982942e-07,0.0,0.0,0.0,0.0,8.0
-0.48449999999999993,6.6363875141135455,0.09348626788012968,0.8867077101846925,0.022896399182067356,-0.0003777407787913122,-8.113623041408736e-05,7.386520251009005e-05,-2.391118919457547e-06,-5.767559690255505e-07,0.0,0.0,0.0,0.0,8.0
-0.48150000000000004,6.624400827593478,0.09648673176166962,0.8833498863196406,0.023089441894773056,-0.0003496278999634754,-8.091899217408027e-05,7.49560171886229e-05,-2.216359018974986e-06,-6.015954956195916e-07,0.0,0.0,0.0,0.0,8.0
-0.4784999999999999,6.6122476542427355,0.09952691614089383,0.8799577994724115,0.02327157962097645,-0.0003212111532699243,-8.055696272080278e-05,7.59710537249113e-05,-2.036810933198132e-06,-6.211691083393455e-07,0.0,0.0,0.0,0.0,8.0
-0.47550000000000003,6.599934044109292,0.10260612487460764,0.8765324441459856,0.023442450120359417,-0.0002924399051537058,-8.001860910336253e-05,7.68928312679346e-05,-1.8552921469801784e-06,-6.338310038919869e-07,0.0,0.0,0.0,0.0,8.0
-0.4724999999999999,6.587470479191,0.10572371828819771,0.8730743067431561,0.023601595383692765,-0.0002628986586755241,-7.926110654931454e-05,7.764885416271293e-05,-1.6746940939662824e-06,-6.317865394939004e-07,0.0,0.0,0.0,0.0,8.0
-0.46950000000000003,6.574842311986615,0.10887890252774013,0.8695870124554959,0.023748963171389942,-0.00023414890697802634,-7.83156790451689e-05,7.844409554084624e-05,-1.4956189428857625e-06,-6.371619135812998e-07,0.0,0.0,0.0,0.0,8.0
-0.4664999999999999,6.562050859479045,0.11207059418651287,0.8660721510506383,0.023885195207731864,-0.00020643499439808544,-7.72575506359951e-05,7.930120515395867e-05,-1.3150290306400903e-06,-6.523292564505251e-07,0.0,0.0,0.0,0.0,8.0
-0.4635,6.549108058367098,0.11529777039071336,0.8625299016221908,0.02401075386433264,-0.00017911515650062432,-7.612046768587504e-05,8.012157900766676e-05,-1.1313813008814255e-06,-6.66689045142955e-07,0.0,0.0,0.0,0.0,8.0
-0.4604999999999999,6.536020630722404,0.11855953444473463,0.8589610553033679,0.024125763185043305,-0.0001519555162192471,-7.490406400147441e-05,8.086640054395551e-05,-9.453667196385059e-07,-6.761698571376765e-07,0.0,0.0,0.0,0.0,8.0
-0.4575,6.522795389426013,0.12185505034455937,0.8553663897039685,0.0242301827493838,-0.0001247249722683173,-7.358688964828828e-05,8.149940254070938e-05,-7.587363912300414e-07,-6.77021605211189e-07,0.0,0.0,0.0,0.0,8.0
-0.4544999999999999,6.509428915481604,0.12518345066442357,0.8517479492603196,0.024324059927657453,-9.798538917915535e-05,-7.216696906931343e-05,8.209518329072612e-05,-5.728325755746634e-07,-6.772295552219017e-07,0.0,0.0,0.0,0.0,8.0
-0.4515,6.495922120932171,0.12854375654026268,0.8481072363738444,0.024407725515461644,-7.197010161633038e-05,-7.066273190889465e-05,8.268477733954698e-05,-3.873796518735833e-07,-6.800527188362735e-07,0.0,0.0,0.0,0.0,8.0
-0.4484999999999999,6.482281440404434,0.13193500372147512,0.8444450380176746,0.024481496766158656,-4.648549008992342e-05,-6.908216584876247e-05,8.324131306992731e-05,-2.0204071737858252e-07,-6.825347995868873e-07,0.0,0.0,0.0,0.0,8.0
-0.4455,6.4685125484842105,0.13535629463170798,0.8407622104990662,0.02454555488987259,-2.1398006913021232e-05,-6.74209717633922e-05,8.374603419377022e-05,-1.7035295741995695e-08,-6.825111055109613e-07,0.0,0.0,0.0,0.0,8.0
-0.4424999999999999,6.454621399126558,0.13880678484251963,0.8370595648598426,0.02459998134098308,3.4399556515436845e-06,-6.566616080532327e-05,8.417757652478436e-05,1.6700393007158761e-07,-6.77531670728222e-07,0.0,0.0,0.0,0.0,8.0
-0.4395,6.440608717877458,0.14228563650888462,0.8333385418546199,0.024644879963587038,2.778751285949556e-05,-6.381571084045408e-05,8.456594372583066e-05,3.494929751614303e-07,-6.705300948040213e-07,0.0,0.0,0.0,0.0,8.0
-0.4365000000000001,6.426475328550989,0.14579195440445372,0.8296005548140662,0.024680526872859092,5.141014710539353e-05,-6.188553099938633e-05,8.493968768608135e-05,5.305419745702958e-07,-6.643613781583247e-07,0.0,0.0,0.0,0.0,8.0
-0.4335,6.4122254910336824,0.14932483330995608,0.8258465609082604,0.024707259782363076,7.433119283651267e-05,-5.989299476915694e-05,8.529232855739785e-05,7.103034596433738e-07,-6.583589887378612e-07,0.0,0.0,0.0,0.0,8.0
-0.4305000000000001,6.397864393822183,0.15288341090745558,0.8220773625184321,0.024725353847086136,9.664781834676435e-05,-5.784793130750313e-05,8.560722043989089e-05,8.883780373906268e-07,-6.509116301402398e-07,0.0,0.0,0.0,0.0,8.0
-0.4275,6.3833970378260885,0.15646687380238228,0.8182937506804268,0.024735009599755584,0.00011844676669742633,-5.575299976481737e-05,8.586908233845446e-05,1.0638655235443418e-06,-6.406174506810934e-07,0.0,0.0,0.0,0.0,8.0
-0.4245000000000001,6.36882620154288,0.16007443544481886,0.8144967555872766,0.024736412775675166,0.00013966183367875932,-5.3611884550187354e-05,8.608307334677098e-05,1.2357520784089277e-06,-6.281773249940658e-07,0.0,0.0,0.0,0.0,8.0
-0.4215,6.354153851308482,0.16370530400783073,0.8106874756323748,0.02472981420559562,0.00016017537174069102,-5.14345797410293e-05,8.626182045515967e-05,1.4033749052607512e-06,-6.150260153613953e-07,0.0,0.0,0.0,0.0,8.0
-0.4185000000000001,6.339382949713395,0.1673586905077056,0.8068668503240503,0.02471551620296346,0.00017994877378553636,-4.923314995076066e-05,8.640852174764379e-05,1.566391638028868e-06,-6.015990448736339e-07,0.0,0.0,0.0,0.0,8.0
-0.4155,6.3245171708358505,0.1710338327451135,0.8030356890333946,0.024693819731318296,0.00019900363672651267,-4.701708630028159e-05,8.651947977191178e-05,1.7245515319020416e-06,-5.875910281434777e-07,0.0,0.0,0.0,0.0,8.0
-0.4125000000000001,6.309560390269574,0.1747300063625783,0.7991947325146146,0.02466499841067788,0.00021738543002479497,-4.479195406066011e-05,8.6588809268651e-05,1.8775971665128006e-06,-5.724378467313825e-07,0.0,0.0,0.0,0.0,8.0
-0.4095,6.294515637482221,0.17844652004800052,0.7953447793154528,0.024629309100142344,0.00023509271607609092,-4.2562233368842266e-05,8.66174686494525e-05,2.025321071867471e-06,-5.562249195277451e-07,0.0,0.0,0.0,0.0,8.0
-0.4065000000000001,6.279385183597087,0.18218269914448953,0.791486675826677,0.024587027215627104,0.0002520834918412119,-4.033485879203025e-05,8.661239889725764e-05,2.16772774200967e-06,-5.396054023227241e-07,0.0,0.0,0.0,0.0,8.0
-0.40349999999999997,6.264171426817774,0.1859378820659798,0.7876212081193497,0.024538453332118442,0.00026833560846705086,-3.811885382456778e-05,8.657872681265532e-05,2.305051578300782e-06,-5.23035407958787e-07,0.0,0.0,0.0,0.0,8.0
-0.4005000000000001,6.248877170549891,0.18971143032106016,0.7837490671508376,0.02448388886090453,0.000283865615192362,-3.5922942139693144e-05,8.651726563908568e-05,2.4376336997261153e-06,-5.065402251532923e-07,0.0,0.0,0.0,0.0,8.0
-0.39749999999999996,6.233505452575348,0.19350273759617787,0.7798708713254907,0.024423612258995316,0.0002987164324761275,-3.3753933156603286e-05,8.642597295169275e-05,2.5658104619911075e-06,-4.898702473856289e-07,0.0,0.0,0.0,0.0,8.0
-0.3945000000000001,6.218059005817497,0.19731123006865378,0.7759872348562173,0.024357873678532656,0.0003129214790110952,-3.161727174407071e-05,8.630435094140015e-05,2.6898848293516836e-06,-4.729385496404611e-07,0.0,0.0,0.0,0.0,8.0
-0.39149999999999996,6.202540040267127,0.20113635704517302,0.7720987986636205,0.02428690915346133,0.00032649002815297813,-2.9518838260798683e-05,8.615519826039774e-05,2.810181148859844e-06,-4.5599420570351963e-07,0.0,0.0,0.0,0.0,8.0
-0.38850000000000007,6.186950562464815,0.2049775826706278,0.7682061964272826,0.024210951234797128,0.0003394274857752144,-2.7465566622231596e-05,8.598201027939664e-05,2.927078681758368e-06,-4.3937214664181513e-07,0.0,0.0,0.0,0.0,8.0
-0.38549999999999995,6.171292690220114,0.2088343848009537,0.7643100207114188,0.024130223148553558,0.0003517550879607973,-2.546451163086609e-05,8.578645563545224e-05,3.040972158133475e-06,-4.232524156348123e-07,0.0,0.0,0.0,0.0,8.0
-0.38250000000000006,6.155568718747118,0.21270625697200093,0.7604108199515638,0.024044925207685103,0.0003635129393178303,-2.3521577434909198e-05,8.556792211788512e-05,3.1522049380516224e-06,-4.076188144759592e-07,0.0,0.0,0.0,0.0,8.0
-0.37949999999999995,6.139780917916585,0.21659270774799633,0.7565091288279364,0.023955226315335566,0.0003747458480474333,-2.1641070252069114e-05,8.532517630675743e-05,3.2610298836938677e-06,-3.924163315394076e-07,0.0,0.0,0.0,0.0,8.0
-0.37650000000000006,6.123931335176044,0.220493254628937,0.7526054990726041,0.023861266820045603,0.000385489425625033,-1.982622189799799e-05,8.50579984132901e-05,3.3676217344898807e-06,-3.7770133587122815e-07,0.0,0.0,0.0,0.0,8.0
-0.37349999999999994,6.108021842958375,0.22440741592569557,0.7487005014911892,0.023763165961888502,0.00039577127571251906,-1.8079731376128342e-05,8.476698936330292e-05,3.4721089666859636e-06,-3.636156668941838e-07,0.0,0.0,0.0,0.0,8.0
-0.37050000000000005,6.0920543197121235,0.2283347052330971,0.7447947116777922,0.02366102456077873,0.00040562033244129447,-1.640365833304523e-05,8.44523957653565e-05,3.574584808495283e-06,-3.50268296439576e-07,0.0,0.0,0.0,0.0,8.0
-0.36749999999999994,6.076030777915743,0.23227462898051854,0.7408887017395777,0.023554921957001117,0.0004150727454127938,-1.4798877677641403e-05,8.411335726071561e-05,3.6750945467179033e-06,-3.376584610886338e-07,0.0,0.0,0.0,0.0,8.0
-0.36450000000000005,6.059953342269711,0.2362266845391494,0.7369830495613992,0.023444912490817354,0.0004241686787601708,-1.3264705166083463e-05,8.374824697799261e-05,3.7736206475929987e-06,-3.2570228384711377e-07,0.0,0.0,0.0,0.0,8.0
-0.36149999999999993,6.043824146218944,0.24019035630585064,0.7330783574146235,0.023331026855944206,0.00043294435698146993,-1.1799057717146963e-05,8.335558652483726e-05,3.87008590910975e-06,-3.1431335847760537e-07,0.0,0.0,0.0,0.0,8.0
-0.35850000000000004,6.027645291898996,0.24416510992174845,0.7291752623939409,0.02321327812642849,0.0004414280667962475,-1.0398921752223598e-05,8.29345038965483e-05,3.964372407803333e-06,-3.034416996639485e-07,0.0,0.0,0.0,0.0,8.0
-0.3554999999999999,6.0114189125530455,0.24815038694658992,0.7252744336128948,0.023091667941562265,0.00044964240301483,-9.060685697312003e-06,8.248446735240449e-05,4.0563382586541365e-06,-2.93047538873842e-07,0.0,0.0,0.0,0.0,8.0
-0.35250000000000004,5.995147267241536,0.2521456016013584,0.7213765643168494,0.022966189671265336,0.00045760856682768643,-7.780176073631354e-06,8.200479136988989e-05,4.1458215277928085e-06,-2.8305634075137006e-07,0.0,0.0,0.0,0.0,8.0
-0.3494999999999999,5.97883278319021,0.25615013925606894,0.7174823690084237,0.022836829208168326,0.0004653478291676141,-6.552584506503192e-06,8.149448503767629e-05,4.232635908049332e-06,-2.733468098400526e-07,0.0,0.0,0.0,0.0,8.0
-0.34650000000000003,5.962478028977196,0.260163355240735,0.7135925877451638,0.022703566176975536,0.00047287928483331004,-5.37255209299393e-06,8.095254086753199e-05,4.316569997480653e-06,-2.6377974953320484e-07,0.0,0.0,0.0,0.0,8.0
-0.3434999999999999,5.94608567212973,0.26418457315547017,0.7097079914160139,0.02256637717275378,0.0004802170027656105,-4.234471827402159e-06,8.037830101828726e-05,4.3973962944903295e-06,-2.542341572966433e-07,0.0,0.0,0.0,0.0,8.0
-0.3405,5.929658472611374,0.2682130831626212,0.7058293819300563,0.02242524009802785,0.0004873694721637967,-3.1328537547922658e-06,7.977156433693312e-05,4.474885874825514e-06,-2.4462014492634786e-07,0.0,0.0,0.0,0.0,8.0
-0.3374999999999999,5.913199310882381,0.27224814120841784,0.7019575874471131,0.022280137731440428,0.0004943412184237895,-2.06259120512595e-06,7.913244744394416e-05,4.548821242330978e-06,-2.3486996556676686e-07,0.0,0.0,0.0,0.0,8.0
-0.3345,5.896711216443178,0.2762889695396639,0.698093456720614,0.022131059743534447,0.0005011346375534977,-1.019102545675238e-06,7.846122251585793e-05,4.619003402356674e-06,-2.2492655190274993e-07,0.0,0.0,0.0,0.0,8.0
-0.3314999999999999,5.880197373692658,0.28033475818442183,0.6942378553911999,0.021978003747513148,0.0005077507362402667,1.5804827117704014e-09,7.775828209602016e-05,4.6852524581387296e-06,-2.1474149679691486e-07,0.0,0.0,0.0,0.0,8.0
-0.3285,5.863661107760152,0.2843846669263431,0.690391663969246,0.021820976388565946,0.0005141888825967615,1.0027180275230204e-06,7.702422090637166e-05,4.747399598313768e-06,-2.0427924680755165e-07,0.0,0.0,0.0,0.0,8.0
-0.3254999999999999,5.847105864705647,0.2884378276141373,0.6865557756966386,0.02165999517359478,0.0005204462335908911,1.9867707036797544e-06,7.625995647079787e-05,4.805264277377765e-06,-1.935177755759717e-07,0.0,0.0,0.0,0.0,8.0
-0.3225,5.83053519560784,0.29249334700111757,0.6827310928205876,0.02149509152055775,0.0005265170924627807,2.9553919987076906e-06,7.546683785730814e-05,4.858608773649221e-06,-1.8243905058296988e-07,0.0,0.0,0.0,0.0,8.0
-0.3194999999999999,5.813952744755594,0.296550310476514,0.678918520685609,0.02132631563935082,0.0005323918115095744,3.9096360415005715e-06,7.464672924147922e-05,4.907068048613543e-06,-1.7100885212078445e-07,0.0,0.0,0.0,0.0,8.0
-0.3165,5.797362237453227,0.30060778701715424,0.6751189595883684,0.02115374379758362,0.0005380546981286479,4.8505081814532875e-06,7.38020482234289e-05,4.950069942571504e-06,-1.591515413550725e-07,0.0,0.0,0.0,0.0,8.0
-0.3134999999999999,5.7807674635510615,0.30466483549770473,0.6713332947865026,0.020977487224751658,0.0005434811480399957,5.779818665081318e-06,7.293570136350432e-05,4.9867914934164546e-06,-1.4673257749030698e-07,0.0,0.0,0.0,0.0,8.0
-0.3105,5.764172254775773,0.308720512277343,0.6675623859594636,0.020797698650828752,0.0005486361222129261,6.700821324060681e-06,7.205084667100935e-05,5.016237864064519e-06,-1.3357206461749842e-07,0.0,0.0,0.0,0.0,8.0
-0.3075000000000001,5.747580452729736,0.31277388024421643,0.6638070583462189,0.020614568332605387,0.0005534786733625516,7.617324508325397e-06,7.115048205411537e-05,5.0375623601419124e-06,-1.195237182089444e-07,0.0,0.0,0.0,0.0,8.0
-0.3045,5.7309958570798685,0.31682402118298575,0.6600680966963894,0.020428300481791322,0.000557978674011288,8.529289188532995e-06,7.023702725221342e-05,5.050725130085153e-06,-1.0465320494552955e-07,0.0,0.0,0.0,0.0,8.0
-0.3015000000000001,5.714422133364178,0.3208700561954229,0.6563462386531461,0.02023906858666288,0.0005621487868167673,9.423492130268369e-06,6.931225454389032e-05,5.057444881478335e-06,-8.951443399273889e-08,0.0,0.0,0.0,0.0,8.0
-0.2985,5.697862669153652,0.32491117722919194,0.652642162148366,0.020046963242883287,0.000566083872248766,1.0261231059066354e-05,6.837788368334792e-05,5.0620702009032705e-06,-7.542444113417674e-08,0.0,0.0,0.0,0.0,8.0
-0.2955000000000001,5.681320445862361,0.32894667194625843,0.6489564811507973,0.019851952764902894,0.0005699825022366071,1.0972273134299652e-05,6.743650002759929e-05,5.071515819781522e-06,-6.447118514861498e-08,0.0,0.0,0.0,0.0,8.0
-0.2925,5.664798178495514,0.3329758719707854,0.6452898245709884,0.019653851509888496,0.000574110506098323,1.1473039371156438e-05,6.6491040897553e-05,5.093040905302325e-06,-5.882725380570402e-08,0.0,0.0,0.0,0.0,8.0
-0.2895000000000001,5.648299143492784,0.3369979036649699,0.6416431381237848,0.019452242276860453,0.0005786737465973534,1.1727915918632162e-05,6.553993046014152e-05,5.129035000307606e-06,-5.901516545947169e-08,0.0,0.0,0.0,0.0,8.0
-0.2865,5.631828794537523,0.34101119939059643,0.6380182670557234,0.019246308210287305,0.000583620798208708,1.1848479151771939e-05,6.456667785643898e-05,5.170014255616683e-06,-6.143708175016348e-08,0.0,0.0,0.0,0.0,8.0
-0.2835000000000001,5.615395835511977,0.3450130984544572,0.6344184700138078,0.01903468581099758,0.0005885044178171468,1.216721908571929e-05,6.352941140349154e-05,5.190839476702532e-06,-5.684077109345406e-08,0.0,0.0,0.0,0.0,8.0
-0.28049999999999997,5.59900938058708,0.34900039102141917,0.6308479587969148,0.01881565540469844,0.0005926321481317109,1.3165774897717528e-05,6.23636111103679e-05,5.158050850284599e-06,-3.250373632429397e-08,0.0,0.0,0.0,0.0,8.0
-0.2775000000000001,5.582670055581791,0.3529714183816955,0.6273097490970364,0.018587964193766317,0.0005956312208962099,1.5173866279220878e-05,6.10120433269863e-05,5.052313633170478e-06,2.0117717425731492e-08,0.0,0.0,0.0,0.0,8.0
-0.27449999999999997,5.566364307171068,0.35692797758798234,0.6238029326348765,0.018352536982628453,0.0005979930064208625,1.792271161956775e-05,5.949527835560048e-05,4.896977567010545e-06,9.381974657475088e-08,0.0,0.0,0.0,0.0,8.0
-0.2715000000000001,5.550089862310071,0.36087177561198464,0.6203226183366157,0.01811589972610497,0.0006004413059138941,2.0192348265057637e-05,5.804455484409381e-05,4.772051664954449e-06,1.5412334557662516e-07,0.0,0.0,0.0,0.0,8.0
-0.26849999999999996,5.533922135823285,0.3647936207567898,0.6168641731830865,0.017894090062952506,0.0006018426961855091,1.9927527107866636e-05,5.721929820853241e-05,4.791245709265014e-06,1.384154283671592e-07,0.0,0.0,0.0,0.0,8.0
-0.26550000000000007,5.5180084309932775,0.3686736445022241,0.6134275390178475,0.01770293703734352,0.0005995585712402524,1.5831604981786786e-05,5.749975891614801e-05,5.008194606032141e-06,5.038058130778785e-09,0.0,0.0,0.0,0.0,8.0
-0.26249999999999996,5.5023230890548325,0.37252046426178087,0.6100158522231777,0.01751608090249286,0.0005976231802370615,1.1296700606200972e-05,5.780705129613198e-05,5.239576399037463e-06,-1.337031409426056e-07,0.0,0.0,0.0,0.0,8.0
-0.25950000000000006,5.486501883448383,0.37639512512958584,0.6066349068685398,0.01725015542974542,0.000610242188258079,1.4937231380282875e-05,5.5144184921708045e-05,5.070369363830992e-06,6.064604076801543e-09,0.0,0.0,0.0,0.0,8.0
-0.25649999999999995,5.47015701330862,0.38029340023749986,0.6033373383562455,0.0169038042070947,0.0006208150071220355,2.7038330713670697e-05,5.0841047307538044e-05,4.46856145951626e-06,3.3148583613548313e-07,0.0,0.0,0.0,0.0,8.0
-0.25350000000000006,5.454288861232039,0.38409208574410797,0.6000945025266775,0.016628891590795947,0.0006123374267262777,3.351237017536633e-05,4.9000299602252924e-05,4.098678300573056e-06,4.557039931702859e-07,0.0,0.0,0.0,0.0,8.0
-0.25049999999999994,5.438836274808485,0.3878243089274265,0.5968576750560834,0.016438419465628178,0.0005961466821678023,3.097490955938415e-05,4.9590693680825385e-05,4.170452411362863e-06,3.365062398474686e-07,0.0,0.0,0.0,0.0,8.0
-0.24750000000000005,5.424132749745309,0.3914780352693589,0.5935964905936044,0.016347777695029625,0.0005770037865155475,1.747112143033439e-05,5.279688524520554e-05,4.780189044053765e-06,-5.717228872051835e-08,0.0,0.0,0.0,0.0,8.0
-0.24449999999999994,5.4093448693057,0.39519824406445414,0.5903134618507877,0.016170062595452176,0.0005884277455034851,1.0557146270820547e-05,5.244096665349707e-05,5.116567162165135e-06,-1.6914110516312047e-07,0.0,0.0,0.0,0.0,8.0
-0.24150000000000005,5.392707105210363,0.39909211846260073,0.5871490732336406,0.01574463600717535,0.0006189361169140837,2.561190854440178e-05,4.631478099824895e-05,4.424356128386796e-06,2.66308195817046e-07,0.0,0.0,0.0,0.0,8.0
-0.23849999999999993,5.377302618268873,0.4027548202079032,0.5840816582122116,0.015460945592051422,0.0006105467191219712,3.1104608427647754e-05,4.466753894666812e-05,4.062040092621224e-06,3.7392304537308253e-07,0.0,0.0,0.0,0.0,8.0
-0.23550000000000004,5.362202682570964,0.40636244849644115,0.5810318112372811,0.015227457275845672,0.000598646936452133,3.2200940784414994e-05,4.40340504221534e-05,3.8788176531268114e-06,3.9398761995309607e-07,0.0,0.0,0.0,0.0,8.0
-0.23249999999999993,5.347854795975807,0.40988611719810003,0.5779678084910371,0.015095752280020342,0.0005797246855302273,2.320235452426084e-05,4.6104205284036424e-05,4.148665070096853e-06,1.5981717782435728e-07,0.0,0.0,0.0,0.0,8.0
-0.22950000000000004,5.33386190397513,0.4134285082130428,0.5748647271535093,0.014951239367528119,0.0005816401512448005,1.3891585984965862e-05,4.687843880694058e-05,4.450534024145389e-06,1.89975010086368e-09,0.0,0.0,0.0,0.0,8.0
-0.22649999999999992,5.317941898861676,0.4171749949068533,0.5718490115977016,0.014572365080364053,0.0006096558857895976,2.3371239904981592e-05,4.227397816837112e-05,3.915159242526955e-06,3.138523382675798e-07,0.0,0.0,0.0,0.0,8.0
-0.22350000000000003,5.303351721169911,0.4206802787419597,0.5689239304846386,0.014342406928178102,0.0006012214321403672,2.2008638013750576e-05,4.232973010039686e-05,3.7620984296629126e-06,2.750567324472886e-07,0.0,0.0,0.0,0.0,8.0
-0.22049999999999992,5.2889618631557545,0.42414239158402856,0.5660325638413423,0.014121739236205261,0.0005939635839730417,2.0166633941758883e-05,4.234275332134943e-05,3.586696100757311e-06,2.4859859800069424e-07,0.0,0.0,0.0,0.0,8.0
-0.21750000000000003,5.274600597067075,0.4276001595459841,0.5631682290652597,0.013881579026461286,0.0005930566525839675,1.964941952964484e-05,4.166407894169429e-05,3.32391641524747e-06,2.834206762528953e-07,0.0,0.0,0.0,0.0,8.0
-0.2144999999999999,5.260162895042151,0.4310715078319532,0.5603324227922226,0.013609234693285767,0.0006000459694991892,2.0880528112235848e-05,4.0124290878865595e-05,2.9650506085527065e-06,3.8937324354694305e-07,0.0,0.0,0.0,0.0,8.0
-0.21150000000000002,5.245839512194868,0.43451169018087615,0.5575390588424659,0.013341153896328267,0.0006053028312346607,2.0678607448556643e-05,3.904494139938758e-05,2.6375205133844563e-06,4.6115407575023766e-07,0.0,0.0,0.0,0.0,8.0
-0.2084999999999999,5.231955757200133,0.43786800019151617,0.5547902043915544,0.013116578999642569,0.0006021471054029843,1.6136331926652494e-05,3.944479153758846e-05,2.4510114794984058e-06,4.198598766144359e-07,0.0,0.0,0.0,0.0,8.0
-0.20550000000000002,5.2183835111612975,0.4411569476374198,0.5520850725842218,0.012910748536253477,0.0005954142917701973,9.634152403612928e-06,4.050742428607275e-05,2.3007260242767636e-06,3.3747559359668874e-07,0.0,0.0,0.0,0.0,8.0
-0.2024999999999999,5.20495048414729,0.4444083675436764,0.5494238879039975,0.012684380764237207,0.0005926227832323494,4.7386593828766176e-06,4.0989632275486596e-05,2.0422458258660317e-06,3.207279715487994e-07,0.0,0.0,0.0,0.0,8.0
-0.1995,5.191263399696904,0.44768017170680574,0.5468143519329601,0.012376294869603526,0.0006037067164173898,6.491960163285736e-06,3.922100419395122e-05,1.4817486975652514e-06,5.082491105830551e-07,0.0,0.0,0.0,0.0,8.0
-0.1964999999999999,5.177333948644528,0.4509369322276385,0.5442927998019664,0.012009022188590408,0.0006161609512021432,1.3254880539509063e-05,3.647998377835962e-05,6.883414758875609e-07,8.093465561118866e-07,0.0,0.0,0.0,0.0,8.0
-0.1935,5.163910389000194,0.454072406276265,0.5418612002946457,0.01167654201313559,0.0006144485206143896,1.7972830499905863e-05,3.520140373676032e-05,-5.501699207287412e-08,1.0322624881616909e-06,0.0,0.0,0.0,0.0,8.0
-0.1904999999999999,5.150613150893684,0.4571430429916453,0.5395095272262447,0.011342236406106055,0.0006081126630204347,2.3477305544484098e-05,3.4161059623969546e-05,-8.65075944801191e-07,1.2689253534397355e-06,0.0,0.0,0.0,0.0,8.0
-0.1875,5.138769382072053,0.4602330734331575,0.5370973127586078,0.010744487275591517,0.0005480928102970115,3.816677677794212e-05,3.685188854307895e-05,-1.920658636110876e-06,1.3272814411015676e-06,0.0,0.0,0.0,0.0,8.0
-0.1845000000000001,5.136743901724274,0.4608474012594239,0.5362606473015741,0.010897182819804839,0.00042279923172476277,2.542478788773403e-05,4.262017321886112e-05,-1.9159793465536197e-06,1.2013456292795027e-06,0.0,0.0,0.0,0.0,8.0
-0.1815,5.1141171257156754,0.4658285453923121,0.5326406220328636,0.010569180483713978,0.0006341995761464873,2.480996799800462e-05,2.7226078019461947e-05,0.0,0.0,0.0,0.0,0.0,0.0,6.0
-0.1785000000000001,5.10186925122193,0.4686755349069812,0.5304772298152032,0.010233424098267887,0.0006465753034375462,2.6368331814177946e-05,2.4383499211637513e-05,0.0,0.0,0.0,0.0,0.0,0.0,6.0
-0.1755,5.090052608921965,0.4714154816017357,0.5283951432969812,0.009924647100640824,0.0006481905311231536,2.6189459193741038e-05,2.273105280075915e-05,0.0,0.0,0.0,0.0,0.0,0.0,6.0
-0.1725000000000001,5.0801664040873735,0.4741011405737247,0.5262480110219945,0.009440910790439655,0.0005952423223939819,2.847381530986364e-05,2.5655667264117018e-05,0.0,0.0,0.0,0.0,0.0,0.0,6.0
-0.16949999999999998,5.078523331467827,0.47462135884283574,0.5255225883261352,0.009564407131368951,0.00048535403951027365,1.580024234820998e-05,3.0792134459356856e-05,0.0,0.0,0.0,0.0,0.0,0.0,6.0
-0.1665000000000001,5.058243400617444,0.47898539395884004,0.5224397248283186,0.009300911244068535,0.0006163397217290641,1.0945028721982948e-05,2.392039518132822e-05,-3.4074048852846453e-07,5.571205973918165e-07,0.0,0.0,0.0,0.0,8.0
-0.16349999999999998,5.047348447833826,0.4814934577340597,0.5205757289310371,0.009013504267832732,0.0006051550922154316,9.449159637280077e-06,2.453519353331655e-05,-6.253282303374773e-07,5.897071014222023e-07,0.0,0.0,0.0,0.0,8.0
-0.1605000000000001,5.036845948942623,0.48393423801598856,0.5187633321845444,0.00872988070195738,0.0005969693596981917,7.805839733225959e-06,2.497395926074541e-05,-9.533342815474308e-07,6.468503163550329e-07,0.0,0.0,0.0,0.0,8.0
-0.15749999999999997,5.026697635092095,0.4863085360108786,0.5170054055381292,0.008449174130492999,0.0005903226465880054,6.220901070104152e-06,2.5335931032698396e-05,-1.3371517135229424e-06,7.246067065755074e-07,0.0,0.0,0.0,0.0,8.0
-0.15450000000000008,5.0168566685896865,0.48861754416348957,0.5153036383968752,0.0081719020133272,0.0005838298624502459,4.781708607185717e-06,2.5728387089402197e-05,-1.7857544800278426e-06,8.186610355033986e-07,0.0,0.0,0.0,0.0,8.0
-0.15149999999999997,5.007277686875237,0.49086357080485565,0.5136572356672843,0.007899273853737595,0.0005767725628103052,3.435893148304079e-06,2.6230616680589414e-05,-2.3023420983977146e-06,9.259998914345032e-07,0.0,0.0,0.0,0.0,8.0
-0.14850000000000008,4.99791534643072,0.49305067243728123,0.5120632055407145,0.0076321276662779,0.0005693080543489979,2.0016013449912626e-06,2.6885262388821578e-05,-2.8839397020983137e-06,1.045018285419965e-06,0.0,0.0,0.0,0.0,8.0
-0.14549999999999996,4.988721025149225,0.49518429796617713,0.5105183885083755,0.007369460818962328,0.0005623043512143505,2.777807952917103e-07,2.7696007078457345e-05,-3.5258594066069075e-06,1.1759711579119774e-06,0.0,0.0,0.0,0.0,8.0
-0.14250000000000007,4.979646887241667,0.4972691239465797,0.5090228226546637,0.0071071544456025055,0.0005568135235121627,-1.7466278906272928e-06,2.862299570379615e-05,-4.231521812379387e-06,1.3227377664022458e-06,0.0,0.0,0.0,0.0,8.0
-0.13949999999999996,4.970665725953567,0.499304362752652,0.5075831936568679,0.006838673783054581,0.000553135416735572,-3.736849280530414e-06,2.9604691025809402e-05,-5.021437939715408e-06,1.493420857671565e-06,0.0,0.0,0.0,0.0,8.0
-0.13650000000000007,4.961818122723289,0.5012762701808288,0.5062136027462952,0.0065606068021109385,0.0005495197998110897,-5.22805012406099e-06,3.066815489707108e-05,-5.927580917750124e-06,1.6938294540763995e-06,0.0,0.0,0.0,0.0,8.0
-0.13349999999999995,4.9532820096684445,0.5031508463984883,0.5049302296282475,0.006283220619308779,0.0005411672136231047,-6.377322854129821e-06,3.212695129102238e-05,-6.9647201063525236e-06,1.912116516844013e-06,0.0,0.0,0.0,0.0,8.0
-0.13050000000000006,4.945364983571956,0.5048819103863027,0.5037395899200274,0.006033531993462555,0.0005218424548927115,-8.424525514873648e-06,3.457401018709833e-05,-8.108708883972831e-06,2.1155308246513128e-06,0.0,0.0,0.0,0.0,8.0
-0.12749999999999995,4.938264873807199,0.5064596140211125,0.5026241232558494,0.005824977076210941,0.0004923533276814929,-1.1866756062594018e-05,3.8014965309248855e-05,-9.357532750378845e-06,2.3086865734074655e-06,0.0,0.0,0.0,0.0,8.0
-0.12450000000000006,4.9316317745598,0.5079663649984856,0.5015530099419209,0.00560980104706642,0.0004667195148210257,-1.319710599643044e-05,4.0915593495883085e-05,-1.0850818688148838e-05,2.6042665647137134e-06,0.0,0.0,0.0,0.0,8.0
-0.12149999999999994,4.924863251346426,0.5094939787353105,0.5005226676810919,0.005327593235315977,0.0004548516631129573,-8.084866435762637e-06,4.1928391826500054e-05,-1.2760812122264799e-05,3.1064802953126704e-06,0.0,0.0,0.0,0.0,8.0
-0.11850000000000005,4.917917221721185,0.5110340590722275,0.4995512244340274,0.004984404802457386,0.0004507929773082103,3.342855653287502e-06,4.151356693749593e-05,-1.5103196460390536e-05,3.7938224605982443e-06,0.0,0.0,0.0,0.0,8.0
-0.11549999999999994,4.909662748308725,0.5126987087004533,0.49868217702604145,0.004493012257067448,0.00045967676085025656,2.786455996598036e-05,3.819959166544857e-05,-1.8158160628921346e-05,4.7939261841899176e-06,0.0,0.0,0.0,0.0,8.0
-0.11250000000000004,4.902872254389063,0.514543751013285,0.49757486528305933,0.003745506624273563,0.0005771951743563195,6.365548172833971e-05,2.0177749402830322e-05,-2.1486491873513915e-05,7.0791579913453376e-06,0.0,0.0,0.0,0.0,8.0
-0.10949999999999993,4.902458826045845,0.5147665494507337,0.4972517415489542,0.003761382337779784,0.0005490718532859701,5.314945799831497e-05,1.98168204718024e-05,-2.1899245362352077e-05,7.937258427328132e-06,0.0,0.0,0.0,0.0,8.0
-0.10650000000000004,4.8988269852247885,0.5161390389211107,0.49562866635699443,0.004250286625762589,0.0006222657155674112,-4.394494967205384e-05,2.556935859135404e-05,-1.469712740203627e-05,7.699996144036523e-06,-1.0021965365383691e-06,2.520392209941956e-07,0.0,0.0,10.0
-0.10349999999999993,4.892010738549513,0.5173961151702865,0.49495379047578164,0.003964254457245961,0.0005823118600226673,-4.087639276238614e-05,3.059497980097165e-05,-1.6458255376595305e-05,8.095485547261497e-06,-1.1690001375652921e-06,2.733608356824645e-07,0.0,0.0,10.0
-0.10050000000000003,4.885159087039715,0.5185850191619277,0.4943271468489374,0.0037271353592633143,0.0005380437239507765,-4.03942540238475e-05,3.6088888053223525e-05,-1.8269953989852563e-05,8.531738100736613e-06,-1.3503175163747511e-06,2.9829187452327364e-07,0.0,0.0,10.0
-0.09749999999999992,4.87854015682031,0.5197224467804089,0.4937124987409734,0.0035322834354415368,0.0004974473650833204,-4.229743763901106e-05,4.1547575479966076e-05,-2.014028905573451e-05,9.041235821867698e-06,-1.5483415034953637e-06,3.259314480164277e-07,0.0,0.0,10.0
-0.09450000000000003,4.872322484570944,0.5208293169158864,0.4930879027622408,0.003364792505428704,0.0004659876356221998,-4.594652685461062e-05,4.662888322173516e-05,-2.209301344712357e-05,9.646526841311364e-06,-1.7649411701407427e-06,3.5586306611192727e-07,0.0,0.0,10.0
-0.09149999999999991,4.866511086408258,0.521922649507039,0.49245246342345844,0.0032078394746884215,0.0004450808185579519,-5.0685680586826005e-05,5.1265451502914366e-05,-2.4143716716208462e-05,1.03517705454621e-05,-2.0022435456291443e-06,3.8856722232918403e-07,0.0,0.0,10.0
-0.08850000000000002,4.860999141563501,0.5230099480265404,0.4918205334672292,0.0030467960980257456,0.000433758031845216,-5.601339977890511e-05,5.5518784494776485e-05,-2.6291514149123883e-05,1.1151660212189235e-05,-2.262766432122882e-06,4.2497088441259685e-07,0.0,0.0,10.0
-0.08549999999999991,4.8556549663233435,0.5240872880900098,0.4912130105759469,0.0028703106920751863,0.00043066977833259754,-6.151677476535304e-05,5.94113249130831e-05,-2.8523963748020253e-05,1.2042340405468171e-05,-2.549256391940251e-06,4.6591045362983313e-07,0.0,0.0,10.0
-0.08250000000000002,4.850384739487308,0.5251403433418839,0.49065217023877244,0.0026697329713814247,0.00043470092677321405,-6.668850961147193e-05,6.287311128560785e-05,-3.08303525160246e-05,1.3026044818440399e-05,-2.8642910974358565e-06,5.118755984389788e-07,0.0,0.0,10.0
-0.0794999999999999,4.84516155281992,0.5261467452601682,0.490160126785941,0.002438907396890781,0.0004443478062602273,-7.078594314024968e-05,6.579015698481998e-05,-3.3215528996028696e-05,1.4110155299587892e-05,-3.209822229007206e-06,5.629915211851282e-07,0.0,0.0,10.0
-0.07650000000000001,4.840030749409578,0.5270789119084339,0.4897581808188143,0.0021753403208209046,0.0004568096125619161,-7.283420219736561e-05,6.80848824145824e-05,-3.5707742599678644e-05,1.530433067951837e-05,-3.58686874854925e-06,6.190923454340474e-07,0.0,0.0,10.0
-0.0734999999999999,4.8350965156193055,0.5279079288680689,0.4894646624677959,0.0018821801190499015,0.00046764988961927223,-7.178990933873182e-05,6.977264229395262e-05,-3.835670081377101e-05,1.661805030755317e-05,-3.995559868438271e-06,6.798305632926354e-07,0.0,0.0,10.0
-0.07050000000000001,4.830484690151121,0.5286101770394921,0.4892905281722287,0.001569150779800633,0.0004715141079346766,-6.679744990846884e-05,7.096304470782654e-05,-4.122156753418753e-05,1.805950604150369e-05,-4.435667969212499e-06,7.448411348097041e-07,0.0,0.0,10.0
-0.0674999999999999,4.826274637974171,0.5291778755325831,0.4892339800198961,0.0012502645673971632,0.00046394202268748515,-5.7406804021051884e-05,7.179278910212469e-05,-4.4352684249618396e-05,1.9636455378031246e-05,-4.907632364437262e-06,8.139632019267123e-07,0.0,0.0,10.0
-0.0645,4.822411112135663,0.529631123997228,0.4892770515270825,0.0009379100021327746,0.00044368086454434194,-4.365409371789037e-05,7.231056436413449e-05,-4.777209396136853e-05,2.135852870653262e-05,-5.413894227982745e-06,8.875041003625906e-07,0.0,0.0,10.0
-0.06150000000000011,4.8186533713565245,0.5300224401861341,0.48938692606483414,0.0006375630708984693,0.0004141620240921455,-2.6144751497388738e-05,7.240493362245562e-05,-5.1450253294848777e-05,2.323626611042301e-05,-5.960301093412444e-06,9.666426275275765e-07,0.0,0.0,10.0
-0.058499999999999996,4.814667467152207,0.5304202303471236,0.48952119584262455,0.0003523915952135893,0.00038262701043490594,-6.6418327142148325e-06,7.192770103090447e-05,-5.526146345678428e-05,2.526719851851132e-05,-6.557497417345176e-06,1.0542632866106735e-06,0.0,0.0,10.0
-0.055500000000000105,4.810334844784083,0.5308659461293043,0.4896308541742443,0.00010429219574090276,0.00035680875086760016,1.0404783334574197e-05,7.107949106448682e-05,-5.890288675574278e-05,2.740398332602825e-05,-7.222305438793214e-06,1.1563723106638818e-06,0.0,0.0,10.0
-0.05249999999999999,4.80615736296536,0.5313271156766975,0.4896540030545867,-4.00338875824265e-05,0.0003420625384287474,1.6124830473537002e-05,7.079194391333625e-05,-6.18141379384644e-05,2.9523726333958553e-05,-7.978554692850531e-06,1.283305920163985e-06,0.0,0.0,10.0
-0.0495000000000001,4.803356244162062,0.531699958918589,0.4895037191378214,2.4887162801632236e-05,0.0003440198492589658,-2.0195206250048383e-06,7.244023369668711e-05,-6.322442835358196e-05,3.1450763249319146e-05,-8.855638497411634e-06,1.448544684917291e-06,0.0,0.0,10.0
-0.046499999999999986,4.803140164192989,0.531917160827247,0.4890728386878486,0.0003593255957680131,0.0003797206134354221,-5.336929105078279e-05,7.621247023420739e-05,-6.250050705606601e-05,3.309190834294821e-05,-9.882186048546745e-06,1.6625388162872307e-06,0.0,0.0,10.0
-0.043500000000000094,4.80494698596855,0.5321567167267421,0.48829097436725205,0.0008087235053017612,0.0004917393039253786,-0.00013016525817381253,7.834724311014661e-05,-5.9843451588069933e-05,3.4678135023405694e-05,-1.1073464946459502e-05,1.921571880586459e-06,0.0,0.0,10.0
-0.04049999999999998,4.804680925903246,0.5329881776331145,0.48724298581639797,0.0008668396609631601,0.0007456460189646619,-0.00019585820708885565,6.968533175380468e-05,-5.687298636629864e-05,3.691688096785713e-05,-1.2419343746429788e-05,2.1999454533700902e-06,0.0,0.0,10.0
-0.03750000000000009,4.796207758713405,0.5350637837284526,0.48625185407075305,-0.00010673513352550589,0.0011833933121451396,-0.00020138629406206524,4.059966275664302e-05,-5.5777836087022225e-05,4.060392993990851e-05,-1.3894462551247216e-05,2.4646625755511056e-06,0.0,0.0,10.0
-0.034499999999999975,4.7790405536611855,0.5381440407828751,0.48570248828014334,-0.0020989707807237325,0.0017433600419750925,-0.00014640199353697567,-6.046575492837169e-06,-5.616158156911503e-05,4.5474314239184904e-05,-1.5495120781271713e-05,2.71992842236705e-06,0.0,0.0,10.0
-0.031500000000000083,4.7653603269313685,0.5404873215382641,0.4855681154586564,-0.003848083507329527,0.0022552515374114636,-0.0001284610585265802,-4.74652135460987e-05,-5.2600811685137266e-05,4.938967966871058e-05,-1.7233686641171492e-05,3.0327670840065205e-06,0.0,0.0,10.0
-0.02849999999999997,4.772180185150923,0.5401478147327499,0.4851910116861058,-0.0036960836573272887,0.002597839489637213,-0.0002873322674053839,-5.557307950915707e-05,-3.8166916879566425e-05,4.9587477050336643e-05,-1.903946554153277e-05,3.4732252282092524e-06,0.0,0.0,10.0
-0.025500000000000078,4.82089365545703,0.5350650140390273,0.483362720780111,0.0003267869205866233,0.0026793936136235313,-0.0007888322634739204,6.319191352445502e-06,-8.189396772617964e-06,4.3480799608975126e-05,-2.0711679890863016e-05,4.075382363614848e-06,0.0,0.0,10.0
-0.022499999999999964,4.899312779192671,0.5230278377769646,0.48318352003704945,0.010018279814732151,0.0009602160958671394,-0.0016911977569472336,0.0002895083695755231,3.224591599547822e-05,2.271047215375548e-05,-2.1939351720609476e-05,5.100244469990048e-06,0.0,0.0,10.0
-0.019500000000000073,4.88367734908109,0.5240071430833528,0.4840540160630905,0.009148234042551284,0.00016898528476643848,-0.0015669802366782696,0.0004077978413503649,2.304921491588861e-06,2.0043735583749955e-05,-2.1549950077906264e-05,5.366221146333881e-06,0.0,0.0,10.0
-0.01649999999999996,4.707287212241252,0.5427837622618258,0.4911539227341559,-0.00667999615410796,0.00026809574855386065,-7.531846665563235e-05,0.0003027859724005166,-0.00010540717663727592,3.77506836326296e-05,-1.984284669389596e-05,5.058489709749721e-06,0.0,0.0,10.0
-0.013500000000000068,4.698601218254343,0.5423915825104331,0.49263410237922095,-0.006595138912082378,0.00014678682711029067,-4.827177177320277e-05,0.0003344045917090091,-0.00012560896722886024,3.862956523761543e-05,-2.0698352402200155e-05,5.830788943679716e-06,0.0,0.0,10.0
-0.010499999999999954,4.696587315412208,0.5418376606851772,0.4929859578444794,-0.00611645739242108,0.0004943351621276827,-0.000116178909512372,0.00029768088080464285,-0.0001322800041215344,4.5591542353743714e-05,-2.275175967090448e-05,6.6505443038856005e-06,0.0,0.0,10.0
-0.007500000000000062,4.701571271008067,0.5401957837541943,0.49291291541757004,-0.003972089401473411,0.0007058774689575982,-0.000472821457712726,0.00032070150574447766,-0.00010596629922833438,4.200036300263467e-05,-2.6262294713576365e-05,8.529301484974864e-06,0.0,0.0,10.0
-0.0044999999999999485,4.7024948456252815,0.5398582567338717,0.4930297862684616,-0.003478379918697814,0.0007321605053635054,-0.0005836290335590101,0.0003505683767288879,-0.00010305137169224603,3.9656445944159164e-05,-2.7215123310675127e-05,1.0006021139589901e-05,0.0,0.0,10.0
-0.0015000000000000568,4.690587836190071,0.5416204397199726,0.49383154673273877,-0.0059678796468886275,0.0010315493544531603,-0.00021992861903329659,0.00033516516435505106,-0.00017765854384813027,4.9637836041977285e-05,-1.9925997894421476e-05,9.92051794167586e-06,-1.176704400737942e-06,2.6145905368125353e-07,12.0
0.0015000000000000568,4.698749834718869,0.5407754935730928,0.4929475250103581,-0.0045876182014927555,0.0016202845795125292,-0.000536690360711873,0.0002940960526927274,-0.0001592546648800171,6.119917308854965e-05,-2.2393325611827066e-05,9.838992928769338e-06,-1.3654853107524011e-06,2.884730645620049e-07,12.0
0.0044999999999999485,4.697015377648808,0.5410207106376029,0.49319062655165047,-0.0045869246623168256,0.0017963485593643254,-0.0006780950487698307,0.0003153364504425385,-0.00015281875051111887,6.709379740566783e-05,-2.496634506186143e-05,9.946718099415564e-06,-1.5831678032997263e-06,3.013447120577662e-07,12.0
0.007500000000000062,4.693236971122224,0.5415949393901278,0.4935558781594885,-0.005033981689156113,0.00199865916309608,-0.0007450400760002149,0.00034258265749011923,-0.00015672865113709319,7.063432289407403e-05,-2.7547160779362604e-05,1.0188862069099238e-05,-1.8111789049566664e-06,3.1332276959228974e-07,12.0
0.010499999999999954,4.687328993996747,0.5422744433479727,0.4941086833908869,-0.005579828580991517,0.0022170713484763504,-0.0008054718061299158,0.0003652160957340028,-0.00016576253694561567,7.372449916654988e-05,-2.9924398552109416e-05,1.05866665019802e-05,-2.0267621582143366e-06,3.2872777303853754e-07,12.0
0.013500000000000068,4.679177262960127,0.54300590259962,0.4948829131033734,-0.006174763403950548,0.0024205150674263915,-0.0008744930710022034,0.00038767258506906246,-0.00017597451087757133,7.729584661461431e-05,-3.203220706388051e-05,1.1132738072016271e-05,-2.227542056421092e-06,3.480838095009539e-07,12.0
0.01649999999999996,4.668900567882899,0.5437516810495057,0.4958526922462093,-0.0068019873967316334,0.0026150329182479675,-0.0009504477463146588,0.00041320189015393947,-0.00018612557573127164,8.141924337560531e-05,-3.3991250436669626e-05,1.1778358751059231e-05,-2.423814205390629e-06,3.7029164901938283e-07,12.0
0.019500000000000073,4.656665752598964,0.5444882795899396,0.49698795712623633,-0.0074494724891061535,0.002812851030055907,-0.0010325129346556595,0.000441965008405965,-0.0001964687241214153,8.587081727869249e-05,-3.594123743670433e-05,1.2480702289653246e-05,-2.624971564382768e-06,3.944174912761648e-07,12.0
0.022499999999999964,4.642641960825031,0.5452101126798348,0.49826610826404094,-0.00811961227060153,0.003021651929470828,-0.0011209247607274237,0.00047351609038930953,-0.0002074171115074359,9.05306738383227e-05,-3.794959800120165e-05,1.3222584759867674e-05,-2.8354645626132758e-06,4.2019270580055077e-07,12.0
0.025500000000000078,4.626979820002419,0.5459267168794558,0.4996752918648442,-0.008825723158828977,0.0032453949409791596,-0.0012154378931716336,0.0005078590615748024,-0.00021923269168105334,9.539585445586876e-05,-4.0035825407524047e-05,1.4002248601497343e-05,-3.0570854544818693e-06,4.476995136417002e-07,12.0
0.02849999999999997,4.609796861823156,0.5466579355137484,0.5012156735640727,-0.009585408918123522,0.003485425555606502,-0.001315494618830471,0.0005453162690672374,-0.0002321242560788232,0.00010050160189066233,-4.2208260864773745e-05,1.4822499439185754e-05,-3.291063137071352e-06,4.770925831369229e-07,12.0
0.031500000000000083,4.591166674810067,0.5474285282203669,0.502898446400618,-0.010415186750302527,0.0037412697645262676,-0.0014206621788389986,0.0005863080354859256,-0.0002462908351550459,0.00010589288333708208,-4.447658951706892e-05,1.5687008132328135e-05,-3.5386296866091444e-06,5.085175914236866e-07,12.0
0.034499999999999975,4.571113276845648,0.5482632573693307,0.5047431464368023,-0.011327000753749282,0.004011481413056277,-0.0015307879543372451,0.000631223145294854,-0.00026190664971740115,0.00011162014857750972,-4.685259539499943e-05,1.6599456709483015e-05,-3.801000179435952e-06,5.42099375133345e-07,12.0
0.03750000000000009,4.54961261918639,0.5491831950777329,0.5067739921993738,-0.012326849956458963,0.004294364294985786,-0.001645920007195393,0.0006803174479912505,-0.0002790970949791435,0.00011773256100610147,-4.934791522941704e-05,1.7562937689098496e-05,-4.079256530257895e-06,5.779338660725951e-07,12.0
0.04049999999999998,4.526601129844248,0.5502035452793819,0.5090160424381882,-0.01341522665629183,0.004588448361544171,-0.0017660805040006825,0.0007336270878711297,-0.00029791302858322863,0.00012426500691592956,-5.197011225065433e-05,1.8579138773297174e-05,-4.3741882403852095e-06,6.160734741015342e-07,12.0
0.043500000000000094,4.501989247227888,0.5513328940905773,0.5114919498760854,-0.014588693105808855,0.004892706835307301,-0.001890997111366616,0.0007909024820327112,-0.0003183038049269704,0.00013122133660663018,-5.4717503355783844e-05,1.9647264655781147e-05,-4.686079329047096e-06,6.565048662441737e-07,12.0
0.046499999999999986,4.475677147487548,0.552573560776821,0.5142198805728202,-0.01584187007004335,0.005206572324102224,-0.00201990205866191,0.0008515753875190282,-0.00034009437038051514,0.00013855802693347934,-5.7573716789846966e-05,2.076278232231763e-05,-5.0144514789352535e-06,6.991196488081403e-07,12.0
0.0495000000000001,4.44757018816065,0.5539226235934923,0.5172128294572863,-0.017169269789192504,0.005529852985380731,-0.002151481136840924,0.0009147761689845268,-0.00036297615972040616,0.00014617344013264684,-6.050339344081375e-05,2.191623703175246e-05,-5.357802047056667e-06,7.436813045658866e-07,12.0
0.05249999999999999,4.417592236920185,0.5553732205368163,0.520479210208371,-0.018566655363224285,0.005862653459824439,-0.002284006247000352,0.000979416276276258,-0.0003865229307323764,0.00015390769115831407,-6.34505983993593e-05,2.3092505287621523e-05,-5.713401450332997e-06,7.897951633395162e-07,12.0
0.055500000000000105,4.385695542179144,0.5569158384101077,0.5240243354828585,-0.0200318394898793,0.00620537123081645,-0.002415629394384929,0.0010443396027287489,-0.0004102395013078774,0.00016155663357729781,-6.634126922858141e-05,2.4270875323694142e-05,-6.077227096795312e-06,8.368909473121444e-07,12.0
0.058499999999999996,4.351866372183346,0.5585394276873249,0.5278522675094921,-0.02156495979486765,0.006558781725771669,-0.0025447704200878126,0.001108528194679455,-0.0004336435880865971,0.00016890070952985426,-6.909039682720732e-05,2.5426257927845592e-05,-6.444104157434996e-06,8.842282709848912e-07,12.0
0.06150000000000011,4.316126602368078,0.5602322617614877,0.5319674894097861,-0.02316826867652674,0.006924169461029055,-0.0026705081992998434,0.0011713281959409947,-0.0004563702093083818,0.00017574576906548834,-7.161370746408023e-05,2.653164465785427e-05,-6.808096290523328e-06,9.309337384941942e-07,12.0
0.0645,4.278532107958721,0.5619825577439195,0.5363759209742615,-0.02484546410111955,0.0073034329553336086,-0.002792882936133543,0.0012326460835356391,-0.00047827749899378736,0.00018196912744905847,-7.384249366763912e-05,2.7561664999498656e-05,-7.16314478086039e-06,9.76074072292134e-07,12.0
0.0674999999999999,4.239168362810974,0.5637790508277268,0.5410850125297328,-0.02660068792199229,0.007699093301966611,-0.0029130228564452965,0.001293057085527613,-0.0004995257195296939,0.0001875608580530862,-7.573901067642563e-05,2.849675752580387e-05,-7.503893633574922e-06,1.0187627395324239e-06,12.0
0.07050000000000001,4.1981427763680665,0.5656118215422976,0.5461029802480047,-0.02843746583532304,0.00811414887847774,-0.003033020874010944,0.0013537718470781703,-0.0005206001866515808,0.00019264834630102973,-7.730870180872417e-05,2.9327094150296604e-05,-7.82656084119488e-06,1.0582865057914104e-06,12.0
0.0734999999999999,4.155574174462118,0.5674734371762616,0.55143754680703,-0.03035781970558955,0.008551721447941996,-0.0031555267899571414,0.001416430347593001,-0.0005422552092251168,0.00019749248924363146,-7.860494624607086e-05,3.0055104722315332e-05,-8.129635630139328e-06,1.09422352867548e-06,12.0
0.07650000000000001,4.111583051095217,0.5693598894022148,0.5570946236726247,-0.0323614679473925,0.009014454908437098,-0.0032831077834848507,0.001482737458508777,-0.000565371830986081,0.00020244831542491165,-7.972286434376691e-05,3.069548054957152e-05,-8.414143642194845e-06,1.1265127275470478e-06,12.0
0.0794999999999999,4.066287190953339,0.5712706178425974,0.5630772640220312,-0.03444493702674633,0.009503729770810624,-0.00341752756915534,0.0015540129462583983,-0.0005907497388880815,0.00020789299625953206,-8.078157239190251e-05,3.1272110194556836e-05,-8.683297693643367e-06,1.1554394670100802e-06,12.0
0.08250000000000002,4.019802122364553,0.5732076544242534,0.5693852040044026,-0.03660096066236871,0.010018948892472271,-0.0035591369189151272,0.001630778252823457,-0.0006188887975503445,0.00021413875388455364,-8.189865603318908e-05,3.1812474724116625e-05,-8.941566658879262e-06,1.181532732925183e-06,12.0
0.08549999999999991,3.972241660197096,0.5751745546110334,0.5760153194035973,-0.038818917057997844,0.010557259926159065,-0.003706568531507038,0.0017125227406668136,-0.0006498371921180731,0.0002213591570428806,-8.316463306419139e-05,3.234118084096187e-05,-9.193452259075421e-06,1.2054071816845771e-06,12.0
0.08850000000000002,3.923719737794123,0.577174950970238,0.5829628752855242,-0.04108611584283268,0.011113925697067097,-0.0038569411227345513,0.001797766630208666,-0.0006831653761834207,0.00022955480585594315,-8.46263305348379e-05,3.2874906219937054e-05,-9.442393094342959e-06,1.2276004538480735e-06,12.0
0.09149999999999991,3.8743635062543285,0.5792094420912552,0.5902225203496335,-0.04338839025031893,0.01168325699012359,-0.0040067218188338865,0.0018844469852275256,-0.0007180692513646044,0.00023856725532304382,-8.628493350957319e-05,3.3420570560174365e-05,-9.690134410357504e-06,1.2484472304630323e-06,12.0
0.09450000000000003,3.8243188354538105,0.5812742251777459,0.5977889143791757,-0.045711852759557844,0.012260169466060058,-0.004152809446228812,0.0019704604010938992,-0.0007535743037443108,0.000248135988353349,-8.810727291795091e-05,3.397677920025644e-05,-9.936765128771677e-06,1.2680511504277506e-06,12.0
0.09749999999999992,3.773686914182589,0.583370955511384,0.6056606205029643,-0.048052838921430974,0.012842467573745698,-0.004292581278377317,0.0020540273276450035,-0.0007888215194938918,0.0002579875221238716,-9.0040745347414e-05,3.4536183346445064e-05,-1.0181412377764324e-05,1.2864238464155806e-06,12.0
0.10050000000000003,3.722482044032375,0.5855119445940481,0.613845260063564,-0.050422927368987396,0.013431108347261638,-0.0044235484112594755,0.0021338803953538177,-0.0008232480050332072,0.0002678918626390075,-9.202260862144515e-05,3.5086917267436705e-05,-1.0422657789102595e-05,1.3035467028896172e-06,12.0
0.10349999999999993,3.670860142558912,0.5876812540744994,0.6223481897836308,-0.05281550877530112,0.014024897274606067,-0.004546137634637693,0.0022097156965596903,-0.0008563090356342644,0.00027758767865407574,-9.398782444979337e-05,3.5615637769379385e-05,-1.065742950537491e-05,1.3189150886996912e-06,12.0
0.10650000000000004,3.619189322897616,0.5898276408996544,0.6311577368659631,-0.05519436557690141,0.014619600202143451,-0.0046643991374523686,0.00228200342510949,-0.0008872977759216448,0.00028675495642514455,-9.587502431359557e-05,3.6109544221612975e-05,-1.0880900914871763e-05,1.3315321249750551e-06,12.0
0.10949999999999993,3.567487175564683,0.5919629978742678,0.6402718979485678,-0.057570467543602295,0.015217289142600616,-0.0047772161282385655,0.0023503552643667778,-0.0009160073293552096,0.0002952218184049106,-9.761091949755901e-05,3.654845659019573e-05,-1.1089190426178808e-05,1.341103891734438e-06,12.0
0.11250000000000004,3.515715542271239,0.5941063748258982,0.6496948448568415,-0.05995982325530911,0.015817667807147166,-0.004881277459299918,0.002414057041083741,-0.0009423257387739703,0.00030283169498941984,-9.910765565037714e-05,3.6905766477647024e-05,-1.1277221935675459e-05,1.3472152276512814e-06,12.0
0.11549999999999994,3.4637991632394822,0.5962796137515606,0.6594375470755691,-0.062379069386037066,0.016417175205970108,-0.00497152791295318,0.002472255874492911,-0.000966246489348927,0.0003094451707660925,-0.00010026719972868736,3.7149853031305545e-05,-1.1438814297832606e-05,1.3492924302413066e-06,12.0
0.11850000000000005,3.4119250611861474,0.5984554523868295,0.6694920893368919,-0.06479859892943268,0.017004821735195217,-0.005047519298162404,0.0025250977925616058,-0.000987449055590188,0.0003148320668951059,-0.00010100970476016331,3.7255320054602776e-05,-1.156607444846407e-05,1.3460296955250248e-06,12.0
0.12149999999999994,3.3601591645603333,0.6006403100622193,0.6798363864989739,-0.06720334319932827,0.01757670694747228,-0.005109061144294835,0.0025727923742666667,-0.0010059679289215772,0.0003189225480677645,-0.00010128971472392039,3.7204008326534955e-05,-1.1653678116922508e-05,1.3369394795115173e-06,12.0
0.12450000000000006,3.3079702029120197,0.6029623859386102,0.6904781183685592,-0.06966977646244575,0.018146236203111333,-0.0051474791355649585,0.002614167893225894,-0.0010229843572077326,0.0003220371354167364,-0.00010107517653325705,3.697473579758637e-05,-1.1701806936267037e-05,1.3236228113589948e-06,12.0
0.12749999999999995,3.2556879213618113,0.6052580408120856,0.7014564240221007,-0.07204048504489809,0.01866110342497362,-0.005177340323712391,0.002655021505821372,-0.0010366147197537496,0.00032326839547049466,-0.00010037208535179895,3.659404274976283e-05,-1.1696256691418919e-05,1.2995374797234844e-06,12.0
0.13050000000000006,3.2080458130036686,0.606734367150444,0.7122723022461448,-0.0736488397066626,0.019074419983303982,-0.005287847912284563,0.0027056529671331754,-0.001039070705086696,0.0003209506525001922,-9.958410682650325e-05,3.6204714725217054e-05,-1.1617960436691866e-05,1.2547411761322804e-06,12.0
0.13349999999999995,3.153981879721887,0.6098651137966216,0.723616908962151,-0.07657184898762345,0.019755685568934464,-0.005239223057443354,0.0027183666432163147,-0.0010557763548441096,0.0003232890979462139,-9.802015422810384e-05,3.538154890815042e-05,-1.1551956300403405e-05,1.2387849687794668e-06,12.0
0.13650000000000007,3.10411734295524,0.6121642670659936,0.7351136886338396,-0.07892915087904784,0.02030071901608264,-0.00522597140914553,0.0027345245563726995,-0.0010622483425804918,0.0003216855326565787,-9.58915176083816e-05,3.43960715976834e-05,-1.1385051409458335e-05,1.1963651735933365e-06,12.0
0.13949999999999996,3.0550223302889004,0.6143128854482759,0.7470042520659634,-0.08124086180583788,0.020756654985052837,-0.00516897589744271,0.0027414595200147855,-0.001065302580065781,0.0003180852239139821,-9.295013350704373e-05,3.310998326853333e-05,-1.1124790264877877e-05,1.1370287084127482e-06,12.0
0.14250000000000007,3.000566275638897,0.6161773497521602,0.7605260451819132,-0.08311461305093232,0.02077678436045435,-0.005052894228985144,0.00275932254239865,-0.0010593979953746181,0.00030884916121898113,-8.899491767176976e-05,3.155441172530094e-05,-1.0710045369122005e-05,1.0302528311232268e-06,12.0
0.14549999999999996,2.9698498124212906,0.6162287468771749,0.7703822811765464,-0.08361224292650908,0.021192066875937634,-0.005228757747414462,0.0027848518549403833,-0.001042452617269306,0.0003015406349019614,-8.725455004856608e-05,3.057716773171084e-05,-1.0343165456766817e-05,9.418502507246171e-07,12.0
0.14850000000000008,2.9124539834937417,0.619962908956881,0.7841965133014925,-0.0874669169841598,0.021740037862759878,-0.004926769500173632,0.0027549916505572496,-0.0010576407743552064,0.00030008342236057623,-8.315496310176823e-05,2.865565992608846e-05,-9.993540009219821e-06,9.008384125921265e-07,12.0
0.15149999999999997,2.8640002461899776,0.6216557288074296,0.7976243713593616,-0.0894377495952718,0.021933253872399007,-0.004809061210607106,0.002753779475063664,-0.0010499857375828722,0.0002930578751718675,-8.04557663949923e-05,2.7193782083984284e-05,-9.579270880652357e-06,8.497651098827478e-07,12.0
0.15450000000000008,2.817993721051695,0.6233784448870126,0.8110163461131435,-0.09136998394423547,0.022127787979356845,-0.004658490876804313,0.002741697417976915,-0.001043037681175931,0.0002861723356153016,-7.796381268719523e-05,2.588341306513673e-05,-9.137891205504042e-06,8.239382546078842e-07,12.0
0.15749999999999997,2.7655428696779123,0.625135552042072,0.8263241328703471,-0.09306409177663354,0.02188095740248537,-0.004435761360190126,0.0027456382813904516,-0.0010242817111494537,0.00027192666427349496,-7.460403565318039e-05,2.4584526069252746e-05,-8.50423663291056e-06,7.543180052729726e-07,12.0
0.1605000000000001,2.7409770926257027,0.6244702309314957,0.8363774591008342,-0.09266175069035061,0.02211383967608706,-0.004737719408934706,0.0028036804833347405,-0.0009799447441865964,0.0002538836028314176,-7.487798122025318e-05,2.475802866598545e-05,-7.853702356660052e-06,6.537595762421245e-07,12.0
0.16349999999999998,2.692162984552259,0.6283036616245773,0.8505064157335284,-0.0966611196100037,0.02256795234073637,-0.004214826413497424,0.0027677769847803133,-0.001023700309435256,0.00024983027578403974,-6.805705362986014e-05,2.328853711155625e-05,-7.401524507586742e-06,6.826114907061046e-07,12.0
0.1665000000000001,2.6491238411349824,0.6300763802875957,0.864287447877159,-0.09857965269535371,0.02270583369580489,-0.003972524626491022,0.0027329962877174884,-0.0010264865401203318,0.00024257718410443434,-6.237611536984255e-05,2.269134037704185e-05,-6.901350024142307e-06,6.157190080104729e-07,12.0
0.16949999999999998,2.606701601659021,0.6317204987807289,0.8783852236202947,-0.10043929408706868,0.022790850077485107,-0.00373958537949208,0.0027008621181772415,-0.0010148194374857073,0.00023885426740723236,-5.6981427369626533e-05,2.1508082314293837e-05,-6.57300967688861e-06,5.209371502400916e-07,12.0
0.1725000000000001,2.5566046371049964,0.6329025922663477,0.8952204741995752,-0.1016274146135272,0.02216964411171211,-0.0033980604860445853,0.0027211120291303122,-0.000982944508565085,0.00022064907412796097,-5.3227228927774954e-05,1.983555357451073e-05,-6.302791010323159e-06,3.3886840961577587e-07,12.0
0.1755,2.5359502067244595,0.6321730711841015,0.9046908370440753,-0.1012708475196923,0.022331045637916103,-0.0034989891444486723,0.0027385089946165304,-0.0009556429381240408,0.00020955202244964764,-5.518082030274322e-05,1.8669968895701263e-05,-6.193198511670606e-06,2.2503238754851863e-07,12.0
0.1785000000000001,2.4894640176191505,0.6348645696816665,0.9205094653901663,-0.10427316099082824,0.022411142378036708,-0.002950659312490293,0.0026819697033675376,-0.0009713750579591635,0.00019881942102699504,-5.2193388085249836e-05,1.6756037647619143e-05,-5.9453538696280395e-06,1.890951667957279e-07,12.0
0.1815,2.4508634055285565,0.6361188133462787,0.935303525404409,-0.1056312877270276,0.022236314859559587,-0.0025821319087006305,0.00265535308805244,-0.000968504148486292,0.00018324320126780703,-4.944401361427387e-05,1.608428628513282e-05,-5.538776219673258e-06,1.5517123082176023e-07,12.0
0.1845000000000001,2.4137835513847015,0.637314669713934,0.9500657695123186,-0.10698017872650373,0.022063871417623407,-0.002188721121384062,0.002616517341539474,-0.0009689947157642068,0.00016935865792731524,-4.6293160281744134e-05,1.5904598276322027e-05,-5.143594878244529e-06,1.5512741517630033e-07,12.0
0.1875,2.3685170028354645,0.6383220217597239,0.9680614057409141,-0.10772413695535066,0.02108940597421748,-0.0016679750397985869,0.0026078080608386562,-0.0009597959805478186,0.0001456142803259108,-4.1879561612106975e-05,1.6175640604014476e-05,-4.646098778738593e-06,1.0678850930061743e-07,12.0
0.1904999999999999,2.3520087794668965,0.6376839598498133,0.9773785926115889,-0.10714111587961314,0.021232616908854304,-0.001750983498014265,0.0025701376807693156,-0.0009309652867410634,0.00013688060272899896,-4.268286217991046e-05,1.7256645681358432e-05,-4.09031151883498e-06,7.230318914084741e-08,12.0
0.1935,2.3122241232376015,0.6399904760472189,0.9934393194304526,-0.10968127589868254,0.021025911421415817,-0.0011007565018963008,0.002487128369693046,-0.000954126884964373,0.00012935044214137245,-3.524047555004035e-05,1.7300718814008977e-05,-3.7301490069979837e-06,1.06403129953037e-07,12.0
0.1964999999999999,2.27838499194163,0.6407909230346419,1.0084188495249886,-0.11043269617975751,0.02053983001101814,-0.0007055062086478249,0.0024355428445562185,-0.0009390453122764459,0.00012100786063717173,-2.9920384708057367e-05,1.7453749095247953e-05,-3.697024092415377e-06,4.3095520454516884e-08,12.0
0.1995,2.2460368948029585,0.6416818600037199,1.0230897018762124,-0.11123239120131667,0.020108202538112994,-0.00029491055187381564,0.002388476854339494,-0.0009226548140506664,0.00011033774669196794,-2.7462880078477287e-05,1.6112713723199266e-05,-3.961321987277851e-06,-3.60548357806463e-08,12.0
0.2024999999999999,2.207731334420682,0.6419642603509091,1.040733978089534,-0.11142624207719923,0.01886927826003849,0.00017832671334617526,0.0024236979889208756,-0.0008959400503059593,7.666027880753664e-05,-2.54600495276365e-05,1.602726792435276e-05,-3.926361756382268e-06,-2.0055251704861395e-07,12.0
0.20550000000000002,2.1886292107090672,0.6404637803151756,1.052193017689266,-0.11010964979814036,0.01864439992081096,4.706578838118471e-05,0.0023761891394468385,-0.0008268850280982112,5.961188561637476e-05,-2.7452562181557773e-05,1.607604658943353e-05,-3.520089856136706e-06,-2.2540522424819825e-07,12.0
0.2084999999999999,2.160853112560644,0.6423769688162726,1.0656379151549833,-0.11180428597419266,0.018647808837149702,0.0005599064171521296,0.002275212821167338,-0.0008375537874873452,5.2584677560380764e-05,-2.252761140505243e-05,1.477777298007729e-05,-3.343400951813705e-06,-1.1566198042832806e-07,12.0
0.21150000000000002,2.133089350362851,0.643330413361127,1.0799727561695405,-0.11267152075742345,0.018028059202773727,0.001064270248805483,0.002269860243359941,-0.00084284557154576,3.0984146496306195e-05,-1.6662177388244336e-05,1.4941441300464778e-05,-3.100606414078658e-06,-1.5282266430528806e-07,12.0
0.2144999999999999,2.105025441431577,0.6440374423642015,1.0946010672914699,-0.11332416775009096,0.01731941230825537,0.0015790968691971842,0.0022673053051298934,-0.0008469010339105314,1.0732363686534391e-05,-1.0398785383533739e-05,1.5110179334545384e-05,-2.8563038259759648e-06,-2.036316675013166e-07,12.0
0.21750000000000003,2.0730984622405484,0.6438825963638439,1.1115629047854345,-0.11325285565594531,0.015912010985311458,0.002114381365711448,0.0023537103497665215,-0.0008327016452454052,-2.5129623838443793e-05,-5.033167281994556e-06,1.671385384779514e-05,-2.5518870062535756e-06,-4.1968094411244446e-07,12.0
0.22049999999999992,2.0536888788347976,0.6421794577214496,1.1236877679164248,-0.11181503776573874,0.015364362968840174,0.0021539178843946096,0.002338798760584765,-0.0007768358851437411,-4.090539966980812e-05,-5.700563214844897e-06,1.6739588604567305e-05,-2.1066472027187682e-06,-4.824555506790204e-07,12.0
0.22350000000000003,2.029369380493273,0.6432399074329186,1.1367382430986461,-0.11266670604417124,0.01522602046433046,0.0026963321814618005,0.002233641499355519,-0.0007952107443133017,-4.0892930029816405e-05,-1.5759885992454529e-06,1.4692222431974208e-05,-1.950870674390017e-06,-3.2344528920492825e-07,12.0
0.22649999999999992,2.005354260397377,0.6433901647564,1.1507210142794115,-0.1127174901555931,0.014487416275684221,0.0031701303745836637,0.0022319179263576207,-0.0008021295052772511,-6.13207987197793e-05,1.492173233356963e-06,1.5131090481647368e-05,-1.6711248915501659e-06,-3.6977957092756386e-07,12.0
0.22950000000000004,1.9809976203429782,0.6434490605872146,1.1651261709236571,-0.11270215567907493,0.013620753949678844,0.0036585210318881814,0.0022352805680336905,-0.0008102096942369465,-8.304624904729757e-05,5.006157019140339e-06,1.619201415091415e-05,-1.3376462833267025e-06,-4.2919409761394794e-07,12.0
0.23249999999999993,1.9556875295930125,0.6432034025694419,1.1805366125001837,-0.11239556496961801,0.012418452831791972,0.004142176320995518,0.0022826781716198674,-0.0008110921316103899,-0.00011241635523673527,8.56350942320939e-06,1.8561159291962627e-05,-9.680604053719393e-07,-5.969822472412907e-07,12.0
0.23550000000000004,1.9371666733652337,0.6419405274037036,1.1931219637345447,-0.11115145941860063,0.011667016366749923,0.004280392543391705,0.0022655922986122698,-0.0007771448911829614,-0.00012849011878664422,8.690391940153602e-06,1.997690227947962e-05,-4.930030498208796e-07,-6.737395144945121e-07,12.0
0.23849999999999993,1.9161049016055842,0.642412139608485,1.2061017163546424,-0.11132162182073299,0.011231244928760825,0.004724501854134251,0.0021769951720386647,-0.0007886999246948088,-0.00012942581699566441,1.2837340747161394e-05,1.946787474299327e-05,-3.190252321789381e-07,-5.669609128963246e-07,12.0
0.24150000000000005,1.8958603635054176,0.6421922827687528,1.2194721893579088,-0.1108847305551238,0.010404732753167844,0.005081224317069197,0.0021825045388750696,-0.0007853365767292132,-0.00014664713071417616,1.5578396247700134e-05,2.092041828401614e-05,-1.3622360609563972e-07,-6.851198397770761e-07,12.0
0.24449999999999994,1.8757268204902395,0.6418625800269886,1.2328118887000736,-0.1103646936015287,0.009551156776039071,0.005433680581419407,0.0021982202200320987,-0.0007841283804806638,-0.0001641898142139248,1.8070784175807102e-05,2.228716004221053e-05,-1.899230900565881e-08,-8.071600466562207e-07,12.0
0.24750000000000005,1.8545874175685426,0.6411668656823889,1.2469245964505047,-0.10955358904634069,0.008425860136764739,0.005775007399634489,0.0022640735759737103,-0.0007799597143390613,-0.00018966515207604424,1.980131566102903e-05,2.455111362396009e-05,8.639554921704471e-08,-1.0256242702740053e-06,12.0
0.25049999999999994,1.8388468612784399,0.6397389106363783,1.2584312420863244,-0.1081423718445729,0.007763313371625438,0.005854251783906918,0.002259560679154026,-0.0007520907294760978,-0.0002011077621187606,1.853382913335949e-05,2.5442460563344754e-05,2.979935641540072e-07,-1.0998224968294173e-06,12.0
0.25350000000000006,1.8208727544118708,0.6395402513983532,1.2707546236554867,-0.10778643256021737,0.007161922964189506,0.006214210448024561,0.0022296852145060656,-0.0007668282201102565,-0.00020584152095316156,2.123005831524813e-05,2.5451836501899023e-05,2.6388749516594517e-07,-1.0707449531890983e-06,12.0
0.25649999999999995,1.803437653556922,0.6389204444842876,1.2833266780403576,-0.10705533281723087,0.006319477582258577,0.006514589753368662,0.0022573751738097936,-0.0007729703407798907,-0.0002200046356448829,2.330627053792863e-05,2.6813045939487805e-05,2.7254233958826083e-07,-1.1878985526472654e-06,12.0
0.25950000000000006,1.7865089321818064,0.6382225036796747,1.295706026624499,-0.10625704097417621,0.00549768503890616,0.006791359917554303,0.002283996593706645,-0.0007776631332955382,-0.00023230744285571652,2.536786498025565e-05,2.7982225872792767e-05,2.8461643322778997e-07,-1.2886906934277077e-06,12.0
0.26249999999999996,1.7691191712894543,0.6373618185143969,1.308542393085188,-0.10531832630425644,0.00451852369128618,0.00705861065841668,0.0023445865465818116,-0.0007790929664372325,-0.0002496196549349556,2.7095117054410185e-05,2.9786428210592137e-05,3.2152756955147347e-07,-1.4668396651125659e-06,12.0
0.26550000000000007,1.755592151497226,0.636039497331735,1.3193068652134892,-0.10397343106593394,0.003919555446254747,0.007129004686827292,0.002344724989345956,-0.0007590969972127074,-0.00025542552730728355,2.6444393445821163e-05,3.0289679338246377e-05,4.822299411850483e-07,-1.5171636964499063e-06,12.0
0.26849999999999996,1.7404895122837036,0.6354334195362634,1.3309143278475863,-0.10323333970589418,0.0032274696742811276,0.007396553375998165,0.002358881178871998,-0.000767989902600371,-0.00026248526873054717,2.853564846206139e-05,3.077753476002816e-05,4.6956441114148827e-07,-1.5652100490529777e-06,12.0
0.2715000000000001,1.7257883793393656,0.6345522861183533,1.3426059705596916,-0.10224527327957623,0.0024005832590916158,0.007627932062859069,0.0024048575037887146,-0.0007716398277661225,-0.0002751152808858616,3.004950806178895e-05,3.198459402803914e-05,4.910530769198907e-07,-1.6968498780485552e-06,12.0
0.27449999999999997,1.7115647482553205,0.6335954214186098,1.354037202139779,-0.10115074014046177,0.0015978078377702814,0.007839185280049654,0.002439953124041653,-0.0007741148829105352,-0.0002851639165187406,3.149109921484893e-05,3.282593147809706e-05,5.247814480719381e-07,-1.79718604298753e-06,12.0
0.2775000000000001,1.6957261231668133,0.6325423036301483,1.3664944813929343,-0.0997846943917476,0.0005134263242073739,0.008052290530828607,0.002517714251612168,-0.0007766237057745898,-0.0003011942377249469,3.317299097543313e-05,3.432555830993882e-05,5.491910465036943e-07,-1.9822270894532005e-06,12.0
0.28049999999999997,1.686206293884648,0.6313892915749765,1.3752109746870735,-0.0983011466677316,0.00010613418450341683,0.008048470958862929,0.0024970932421136635,-0.0007606671773288524,-0.00030088577805478274,3.312301230129429e-05,3.420262574820855e-05,6.121624481043675e-07,-2.019756967653131e-06,12.0
0.2835000000000001,1.672313630771265,0.6306916592893391,1.3865693347261239,-0.0974057370944219,-0.0007563057572410734,0.00830519611713222,0.002536884704151501,-0.0007728722216440936,-0.00030817967272008727,3.550797981712147e-05,3.453486697630019e-05,4.873859300128449e-07,-2.093465323933687e-06,12.0
0.2865,1.659718285446324,0.6295329094809453,1.3971955275628793,-0.09598394171118561,-0.0015826609287124772,0.008401820989318094,0.0025755848634267213,-0.0007614334969499403,-0.00031490822337193816,3.4950771661034885e-05,3.459134422670019e-05,5.146452226370644e-07,-2.1218692126419003e-06,12.0
0.2895000000000001,1.647774399240556,0.6284158129307,1.4074881324128592,-0.09458069438495169,-0.002363924605422679,0.008503149112084355,0.0026127413958259415,-0.0007540657077032041,-0.00032159246482215293,3.379995217877712e-05,3.4680425740062385e-05,5.276259710966548e-07,-2.1002976007380306e-06,12.0
0.2925,1.6344513373561722,0.6271903877796831,1.4186939359929738,-0.09301834511077345,-0.003396983151722564,0.008620318135261497,0.0026978841797609724,-0.0007491890665734766,-0.0003371082174934862,3.2051827848334e-05,3.589297144384724e-05,5.349768275301565e-07,-2.139560428737236e-06,12.0
0.2955000000000001,1.626339991029614,0.6259604130752832,1.4264503438612977,-0.09149844431490213,-0.003747288424375234,0.008570782481498064,0.002668446308013051,-0.0007286186730559426,-0.0003370999273500187,2.8686815209851165e-05,3.525007683686612e-05,6.430158561418691e-07,-1.991428600410352e-06,12.0
0.2985,1.6145888855484967,0.6249368294491725,1.4366662546656253,-0.09035598504390994,-0.0045939090599301,0.008710534307049298,0.0027353635527243543,-0.0007327023525248623,-0.0003544848547946355,2.770102466677586e-05,3.662186795625921e-05,6.904715572360821e-07,-2.104415067577328e-06,12.0
0.3015000000000001,1.6036987848998994,0.6236105392235425,1.4462613265429034,-0.08890017746422485,-0.005334887260269674,0.008758627238413193,0.002771827441712415,-0.000731876077843803,-0.00036469435774015666,2.7318225551500876e-05,3.7229410614358425e-05,6.962802084115629e-07,-2.1748385900112697e-06,12.0
0.3045,1.593395438306391,0.6222776331755125,1.4555915703925109,-0.08740784109710426,-0.00602351990017133,0.00877900925400182,0.0027976707327491347,-0.0007271447783351532,-0.000370188334043067,2.7817843139697282e-05,3.747146477018959e-05,5.407362222465764e-07,-2.277499458480087e-06,12.0
0.3075000000000001,1.5832040879830858,0.6208888971430553,1.465053835766522,-0.08587271042907786,-0.006807807178089995,0.00879111542775531,0.002860757453955778,-0.0007153835632199768,-0.00038017359088750476,2.7274878976446597e-05,3.788621625320203e-05,2.8664177317015177e-07,-2.4875565419098742e-06,12.0
0.3105,1.5736699234694806,0.6194987962768314,1.4740110771606725,-0.08432830753546727,-0.007476917260207076,0.008782756768254622,0.0029037913814643755,-0.0007018891156695574,-0.0003875491484380769,2.5169486995699703e-05,3.7224869887682714e-05,9.81720848537035e-08,-2.5832205018554332e-06,12.0
0.3134999999999999,1.5643901330015322,0.618317081123486,1.4826160813899512,-0.08293565774762418,-0.008014050343677059,0.00880035976644196,0.0029127355818485815,-0.0006960443233110777,-0.0003884865939270526,2.4065958478068836e-05,3.586324612545415e-05,1.0928828213329344e-07,-2.48171509972292e-06,12.0
0.3165,1.5554754852015227,0.6170549033655655,1.4910713926343568,-0.08144731110442469,-0.008575061973027683,0.008785574810546141,0.002937994897376384,-0.0006845410977906184,-0.00039147937910949214,2.335229605083168e-05,3.549594361342968e-05,3.435034235876276e-07,-2.409662404979595e-06,12.0
0.3194999999999999,1.5467465786978187,0.6157937417397573,1.4994289031302552,-0.07994412518850623,-0.009149960003580067,0.00876220587909798,0.0029743172583777226,-0.0006728854811634016,-0.0003963184512514701,2.2648783593876486e-05,3.5464611874929126e-05,5.824982736918265e-07,-2.3768001851888494e-06,12.0
0.3225,1.5379786153338337,0.6144579296636762,1.507911451768078,-0.0783792789604248,-0.009809336473813325,0.008724507674282818,0.0030397906155750546,-0.0006601596622105301,-0.00040639498066678104,2.1747958519161843e-05,3.629285306172001e-05,8.299075231874265e-07,-2.4439857011439362e-06,12.0
0.3254999999999999,1.5297274622269394,0.6130451089162885,1.5159181123494212,-0.07676674154152008,-0.010367873117942853,0.008650698563490255,0.003082797729585264,-0.0006444984990327393,-0.00041122835915684855,2.047564949351334e-05,3.641413888249357e-05,1.0812337879524915e-06,-2.4139215670522605e-06,12.0
0.3285,1.5216587129472197,0.6117125053888761,1.5236284627256322,-0.07525086607050367,-0.010831658261256098,0.008586449725350415,0.0031008714959502143,-0.0006336413112273067,-0.0004097145176392823,1.964279360445366e-05,3.56038600029448e-05,1.275184287047251e-06,-2.2494458292066173e-06,12.0
0.3314999999999999,1.5138067626771676,0.6102987999866974,1.5312535782801007,-0.07369043030044099,-0.01132548559873174,0.00849850929861058,0.0031335500840244815,-0.0006213732834367331,-0.0004103780469446864,1.8480018089023463e-05,3.523246427956864e-05,1.4658905490635168e-06,-2.1261802821489223e-06,12.0
0.3345,1.5061823028542285,0.6088539560678393,1.5387733217733837,-0.07211437939378462,-0.01184264661519798,0.008394018530947794,0.0031791618070887363,-0.0006089443034934087,-0.0004129650333247406,1.7153889010971904e-05,3.52379703807255e-05,1.6480635113427106e-06,-2.039637337776946e-06,12.0
0.3374999999999999,1.4986722524863991,0.607401292640191,1.5462578674401142,-0.070527248589158,-0.012399118410733014,0.008277471698442538,0.003240969877080022,-0.0005966780025935704,-0.0004182056616410976,1.5733142985939678e-05,3.5687257219804435e-05,1.831026287841862e-06,-2.0041165622865103e-06,12.0
0.3405,1.4913036371866348,0.6059732069725462,1.5535966038696605,-0.06894824496989796,-0.012951433781383814,0.008153759848167597,0.003303806637889475,-0.0005851078110908612,-0.000423092912553655,1.4325558843689241e-05,3.607936063739093e-05,2.018686660201049e-06,-1.9622893533092357e-06,12.0
0.3434999999999999,1.484217150054546,0.604560257525616,1.5606262252772631,-0.06737195982181277,-0.01345641510069275,0.008022089229273877,0.003352597522755308,-0.0005736929837689838,-0.00042478507455917893,1.2880054947844894e-05,3.598601629940667e-05,2.218562823297218e-06,-1.8647214099514373e-06,12.0
0.34650000000000003,1.4774972187975202,0.6030964593070115,1.5673364166997656,-0.0657489133466984,-0.013935947279917718,0.007875274830406244,0.0033924716565580785,-0.0005606336708326328,-0.00042466788604588374,1.1174512506007905e-05,3.566238756565011e-05,2.4443592699381214e-06,-1.7465144950332665e-06,12.0
0.3494999999999999,1.4710299841086911,0.6016177665632128,1.5738310254235097,-0.06410703937839975,-0.014414304333497776,0.007728528150305646,0.0034293163147899146,-0.0005481407749227416,-0.0004240439246334843,9.501266026394794e-06,3.52919767613476e-05,2.6714856790932443e-06,-1.6281763352461683e-06,12.0
0.35250000000000004,1.4613972491173797,0.5992633680543467,1.582975924249737,-0.06146277018414325,-0.015402024710828993,0.00740627579852284,0.0035670193304776342,-0.0005057529733027123,-0.0004406636773491365,4.438905450463832e-06,3.7302356686543064e-05,3.1676784497118916e-06,-1.7951060006920189e-06,12.0
0.3554999999999999,1.459856402009913,0.598598348565678,1.5851370717127167,-0.060445193410380654,-0.015267357675793321,0.007284777132910199,0.0035071096521618753,-0.0004973447422930685,-0.0004307417085718453,3.903710706578505e-06,3.6292826879997095e-05,3.2422010321418047e-06,-1.6905113755670075e-06,12.0
0.35850000000000004,1.453407633103404,0.597232117395986,1.5917969226352267,-0.059098107270815,-0.015756390633936784,0.007233506945833253,0.0035348663205763656,-0.0004978455603999751,-0.00042958827459565937,4.4282537556105e-06,3.557403440593687e-05,0.0,0.0,10.0
0.36149999999999993,1.447263763826027,0.5957982084648302,1.597851087058349,-0.057469430890057564,-0.016185251561661687,0.0070779561532252405,0.003559025814760074,-0.000482465056728663,-0.00042935084728514585,4.29946986711417e-06,3.47283982387484e-05,0.0,0.0,10.0
0.36450000000000005,1.4413349825129487,0.5944329708387207,1.6037732720114906,-0.05588309799103796,-0.016605031589236218,0.0069301699442479705,0.0035885696756157107,-0.00047062028095412893,-0.0004300683038253806,5.243116660445097e-06,3.364720424971662e-05,0.0,0.0,10.0
0.36749999999999994,1.4327509634465379,0.5922182445738524,1.612021247368407,-0.05340065148267017,-0.017441435285460875,0.006620638362786174,0.0037059670647699564,-0.0004380928612557265,-0.0004422385628341336,4.7672066034186894e-06,3.3586485554419276e-05,0.0,0.0,10.0
0.37050000000000005,1.4313834188260348,0.5915648602334768,1.613943494954528,-0.052418694312347476,-0.01728419083390918,0.006509112133565575,0.003643281338119239,-0.00043277786467689613,-0.0004274416763588742,5.2351953558305044e-06,2.9931788071072523e-05,0.0,0.0,10.0
0.37349999999999994,1.4259847540725186,0.5899650994759311,1.6196961819251599,-0.05087784952605022,-0.01768152402832521,0.006354130230101001,0.003670961324168406,-0.0004100409484519472,-0.00042328829160763937,-1.6600198830662655e-06,2.9403962670670792e-05,2.4881164821768484e-06,-8.050860349564966e-07,12.0
0.37650000000000006,1.4206730227754745,0.5883440569759212,1.6250918558806164,-0.049198799025486094,-0.01807384191259664,0.00616654332202561,0.0037108409753107406,-0.00039121137310057374,-0.00042276069626367757,-4.278526182834027e-06,2.9562107699233178e-05,2.9644542061697673e-06,-8.167753323075308e-07,12.0
0.37949999999999995,1.4154974379593803,0.5867935146940082,1.6303749961809162,-0.04757249269712803,-0.018449514878006806,0.0059882250380748426,0.0037494894154827436,-0.0003727853898251469,-0.00042297933267212745,-6.453576746845036e-06,3.005125427231942e-05,3.2576155361004306e-06,-8.375958770050624e-07,12.0
0.38250000000000006,1.409000743262141,0.5849548939987982,1.6367490277105228,-0.04563256195150734,-0.01907736592370721,0.005727375901926127,0.0038561415714840706,-0.0003375026877855584,-0.0004361382419442089,-1.0203061659444388e-05,3.229095733579239e-05,3.5657344636815204e-06,-1.0633678259006513e-06,12.0
0.38549999999999995,1.4060562839603648,0.5835171896982309,1.6399322693797411,-0.04401572322655982,-0.019015297923561627,0.005482016368172482,0.003792468836219344,-0.00030786256620073907,-0.00042072807427586653,-1.2349848374548145e-05,3.034697213419306e-05,3.650802310727966e-06,-8.131404057619084e-07,12.0
0.38850000000000007,1.4016565358447308,0.5822389295087411,1.644653783940837,-0.04266559056383471,-0.01936468135714905,0.005352786406788475,0.0038359652090339293,-0.00029622441089120825,-0.00042421372922294293,-1.219408510449246e-05,3.0353681254199858e-05,3.631215266053185e-06,-8.397902112056367e-07,12.0
0.39149999999999996,1.3970011191341623,0.5807599611223547,1.6494465535920013,-0.04112652220638479,-0.01977198122819991,0.005158378739114213,0.0038938196778680345,-0.00027269986888000386,-0.00043025758959232263,-1.3325328071356762e-05,3.0250133616112356e-05,3.736750551834045e-06,-8.971355394609355e-07,12.0
0.3945000000000001,1.3925265665460025,0.579212655911079,1.6539050985203956,-0.03953632922163672,-0.020106164167676722,0.004945549545347926,0.003932820933166141,-0.0002483280523941124,-0.00043176322869240843,-1.5051727580977294e-05,2.9493950659679104e-05,3.786970638050614e-06,-8.649158410076711e-07,12.0
0.39749999999999996,1.3868415568708712,0.5772556488166579,1.6592350413231132,-0.03760578663565457,-0.020626753506920253,0.004658162380262664,0.004017286303798318,-0.00021008139849243096,-0.0004412784139171758,-1.901105661786785e-05,2.9985825800934516e-05,3.899079436723432e-06,-9.78488107764695e-07,12.0
0.4005000000000001,1.3842490317995506,0.5757582538807915,1.6617134552394308,-0.03607324992107661,-0.020496404953992166,0.004433022489291508,0.00393406627252771,-0.00018360432232602752,-0.00042383176001889027,-2.1356443154544924e-05,2.6850636338895895e-05,3.787279274418614e-06,-6.978087924484323e-07,12.0
0.40349999999999997,1.38059079244402,0.5743268228980895,1.6654925041534183,-0.03468175995322072,-0.020732096560102463,0.004261322065844367,0.003962580485616346,-0.00016757726718927255,-0.0004271464136052786,-2.319861486922775e-05,2.6603456639776745e-05,3.5599961121882705e-06,-7.867342328603685e-07,12.0
0.4065000000000001,1.3765491905508813,0.5727865214784806,1.6694357924358283,-0.03316914738724197,-0.02102129267224348,0.004058007915457082,0.004003784788165638,-0.00015126498590604817,-0.00043156136268210306,-2.581511708226526e-05,2.62985043317935e-05,3.291239361856793e-06,-8.329642896456767e-07,12.0
0.4095,1.3725569923777134,0.5712663792450158,1.6732716576097697,-0.03162994985965043,-0.021278002792275624,0.0038524935087786267,0.004028520685271244,-0.00013796418000121304,-0.0004347220424592567,-2.839635871004777e-05,2.6032543439899473e-05,3.102296258587729e-06,-8.371805488127013e-07,12.0
0.4125000000000001,1.3677792189371196,0.5695986527285808,1.6778112033898465,-0.029930551128585878,-0.02169853413175161,0.0035989777479114096,0.0040936499006318456,-0.00011445942740577814,-0.00044622283592266363,-3.1383591357197484e-05,2.770408166712162e-05,3.2545915146386904e-06,-9.96279922038296e-07,12.0
0.4155,1.364938647790422,0.5680650925065512,1.6803202235791113,-0.02832741770642922,-0.02164308643684173,0.0033349743433871994,0.004029536502321527,-8.602985414593212e-05,-0.0004315164714090399,-3.2914898164561886e-05,2.629956868250394e-05,3.5250846034184115e-06,-6.969673195177649e-07,12.0
0.4185000000000001,1.3616015962145254,0.5665845218846539,1.683500252368098,-0.026795417887507,-0.021821464810279363,0.0031065156934436257,0.004049118078564835,-5.983415843218616e-05,-0.00043107788760586097,-3.3666044570154946e-05,2.7000830351354558e-05,3.6986273758557946e-06,-7.1552332429969e-07,12.0
0.4215,1.3579796475738988,0.5650321113823005,1.6867990507760746,-0.025246773655457664,-0.022033829235956693,0.0028830340157625475,0.0040787759235255475,-3.4062996713734056e-05,-0.0004309295743833981,-3.516192528396618e-05,2.680315589051812e-05,3.70475900706062e-06,-7.058856154297524e-07,12.0
0.4245000000000001,1.3544433679130405,0.5633909133451953,1.6899593575374943,-0.023665902574715063,-0.022219645078061817,0.0026569269505333734,0.004103433366718263,-9.424681356211313e-06,-0.0004310941443612991,-3.7353694250063606e-05,2.6185063387242454e-05,3.637290217791759e-06,-7.070623841556364e-07,12.0
0.4275,1.3494196229517694,0.5610836102858385,1.694300137945596,-0.02147335052218925,-0.022544322713981515,0.002287838519902033,0.0041579370495760555,3.285933524546885e-05,-0.00043980990005085025,-4.231318469018823e-05,2.6616158824059824e-05,3.7499534008298696e-06,-8.683302248633999e-07,12.0
0.4305000000000001,1.3484830913945653,0.5604375920203041,1.695155222148289,-0.020651718149357366,-0.022379523395479564,0.002206204183018767,0.004104402983165758,3.095935978909196e-05,-0.0004352056562844261,-4.29777041983869e-05,2.536154672362814e-05,3.56566300448832e-06,-8.422678961134591e-07,12.0
0.4335,1.3449338264008783,0.5586191621175365,1.6984362604297227,-0.01896622429633636,-0.02264725088993187,0.0019367174156668492,0.004136849500800916,5.01398861077468e-05,-0.00044382288727106827,-4.495714518384079e-05,2.597211754024288e-05,0.0,0.0,10.0
0.4365000000000001,1.3416200488536023,0.5568506669515807,1.7011186786653671,-0.017300654408779932,-0.02274838175159205,0.001642856205679183,0.004119548748453036,7.383125066527543e-05,-0.00044020034420975474,-4.568000880174517e-05,2.5451571251019352e-05,0.0,0.0,10.0
0.4395,1.3385186274492606,0.555176451357001,1.7036049200523784,-0.015727664608327745,-0.02283529116822638,0.0013723793472007711,0.004110907947376325,9.801356381285546e-05,-0.000435335135246852,-4.5201210158105026e-05,2.523136316260883e-05,0.0,0.0,10.0
0.4424999999999999,1.33414339908649,0.5529333175540656,1.7070561309681394,-0.01369015877559306,-0.023048343492398662,0.000998839898559195,0.00414648564201417,0.00014028915104911672,-0.0004364959742712945,-4.5782080363075166e-05,2.566998829934158e-05,0.0,0.0,10.0
0.4455,1.3332371751042922,0.5522738802253246,1.7076782683150828,-0.012931329683695307,-0.022885555902418146,0.0009193766529627178,0.004107717201627643,0.00014453273727415636,-0.00042709188459831294,-4.335426260037637e-05,2.3999289991601314e-05,0.0,0.0,10.0
0.4484999999999999,1.3299437345924758,0.5503493505395435,1.7102681374870459,-0.011197682852974268,-0.023034674782108522,0.0006170334657997863,0.004141082074512849,0.00018047935636596987,-0.00042887935582984054,-4.530388619923536e-05,2.3621121920392666e-05,1.2422960718550175e-06,-3.7507457332812865e-07,12.0
0.4515,1.3268909492826542,0.5485425996369531,1.7124339745207176,-0.009546937941760406,-0.023065926319251695,0.0003338063610613614,0.004149060523687086,0.00020715231026346238,-0.00042757119940674797,-4.584478339414136e-05,2.280906809315978e-05,1.8241800000237346e-06,-4.7266091969391565e-07,12.0
0.4544999999999999,1.3240052569730483,0.5467722349387697,1.7144796074659983,-0.007960930232238029,-0.023112896057856862,7.102185726640706e-05,0.004159754143448901,0.00022468898421950737,-0.00042620257064616605,-4.6785857883936565e-05,2.2367941783960938e-05,2.2157254912862315e-06,-5.835755668126814e-07,12.0
0.4575,1.3203070759711433,0.5447023954181145,1.7171596610406714,-0.0061940919689276045,-0.02328950956331115,-0.0002483055970667992,0.0041888751774256695,0.00025267728535606504,-0.00042885706120229523,-5.0267982274198176e-05,2.298801281676904e-05,2.5810062753435955e-06,-7.748091741075957e-07,12.0
0.4604999999999999,1.3184480005235684,0.5432284092014905,1.718013860130967,-0.0048938877657062315,-0.023081566508756545,-0.00045099985512155104,0.004101093132813044,0.0002631946083092809,-0.00041299970584314564,-5.1421485852000675e-05,2.1144430333321152e-05,2.637808555215489e-06,-6.300573538597428e-07,12.0
0.4635,1.3159451801601916,0.5414621984026871,1.7198068555853891,-0.003379948426746177,-0.023192465547917093,-0.0007494768284696569,0.004114796730197938,0.0002958659514906133,-0.0004167789521139563,-5.462494425967634e-05,2.202387663269469e-05,2.795846072085486e-06,-8.186388162892126e-07,12.0
0.4664999999999999,1.3131307015708569,0.5395967686110439,1.7215512761733318,-0.0018554342650024677,-0.023271035014610475,-0.0010477297404258036,0.0041168221814652725,0.00032964197772523875,-0.00041495022333858854,-5.757376984055253e-05,2.1399969515599106e-05,2.877934945216937e-06,-7.714688326287831e-07,12.0
0.46950000000000003,1.3104016171148258,0.5377298253454478,1.7230369662155172,-0.0003630434979452056,-0.023293309473911738,-0.0013203854296930505,0.004111788174059376,0.00035910494795526817,-0.0004131253630605635,-6.0440053152443944e-05,2.069136988023494e-05,2.9917988170837615e-06,-6.893504501977073e-07,12.0
0.4724999999999999,1.3075403179025764,0.5358504346358365,1.7246026696836743,0.0011368301482405354,-0.023344199233554797,-0.0015845042225912556,0.004119544362154693,0.00038533538038286973,-0.0004154764296861517,-6.294871290101808e-05,2.09245577587531e-05,3.3124157033989086e-06,-6.269772777678192e-07,12.0
0.47550000000000003,1.3050147704702753,0.5338803949472214,1.7256726105044071,0.002700110212280161,-0.02327743292566169,-0.0018646773177515626,0.004087845754641702,0.00041325827352279806,-0.0004091413543214699,-6.434984509002524e-05,2.058591822366454e-05,3.885957689961657e-06,-3.471509358510438e-07,12.0
0.4784999999999999,1.3025941016431097,0.5318505452409028,1.7265894105378734,0.004292460274595275,-0.023201554109656745,-0.0021480885911495094,0.004056690919605106,0.0004434728574228012,-0.00040093144200394564,-6.425592476894141e-05,2.079097266192305e-05,4.532668717144889e-06,-9.51001521886264e-08,12.0
0.48150000000000004,1.3000914081386818,0.5298687050298981,1.7275496863707738,0.005831038601894234,-0.023147477640636245,-0.0024036089388439264,0.0040377853297167915,0.000470980068957135,-0.000393314776257671,-6.309188214499154e-05,2.1092355389916637e-05,4.970431120893316e-06,5.6945799931410873e-08,12.0
0.48449999999999993,1.2976242388505381,0.5278496843712169,1.728491796112538,0.0073900201965954974,-0.023094231735715988,-0.0026616335927659644,0.004024273766369723,0.0004996562874413375,-0.00038773081427811176,-6.297011200948464e-05,2.1059219972536774e-05,5.11952049920105e-06,9.414900407194394e-08,12.0
0.48750000000000004,1.2944310877982066,0.5253976013780631,1.7298628491785935,0.0092562561101233,-0.023084067746291112,-0.0030156267296147917,0.004018694504719771,0.0005442831628290687,-0.00038611880686752144,-6.612927802638584e-05,2.085679910036011e-05,5.1698156093461496e-06,2.4141593161426793e-08,12.0
0.49049999999999994,1.29284504936536,0.5238877309381429,1.7298226472040477,0.010461730410013637,-0.02284964410978866,-0.003161731065204613,0.0039480663781306805,0.0005502413495727373,-0.0003742191745013116,-6.500053827965095e-05,1.862168482215761e-05,4.781730081714422e-06,1.7192690565185456e-07,12.0
0.49350000000000005,1.29060031111467,0.5219275699438024,1.7306892677603023,0.012020236169905794,-0.022905530238535334,-0.0034343965211265756,0.003964607407006058,0.0005786245634031448,-0.0003788503383709789,-6.63619981335099e-05,1.860228550597883e-05,4.604030815736282e-06,1.498904902784961e-08,12.0
0.49649999999999994,1.2881141647139829,0.519768994981577,1.7312666165287898,0.013643795916873945,-0.022827141369767927,-0.003732956520019661,0.003937875028160771,0.000609733444490098,-0.0003744369998488099,-6.764441159515788e-05,1.711865819810494e-05,4.395744435118445e-06,-1.8249577004506196e-09,12.0
0.49950000000000006,1.285733507783926,0.5175537304496789,1.7316291619500885,0.015231588601254552,-0.02271595423496794,-0.004011364152249364,0.003909554646627294,0.0006340132222957095,-0.00036911916479158435,-6.848164772031542e-05,1.5790005994824703e-05,3.957489428054858e-06,-7.258279359876003e-08,12.0
0.5025,1.2827368267360424,0.5149722174291964,1.7322710578915939,0.01699210849305767,-0.022615343498931368,-0.0043312307654108425,0.003881818391708088,0.0006669844502306888,-0.00036394089533134036,-7.128198774063261e-05,1.4861175218025202e-05,3.4698748706889327e-06,-1.861454141468422e-07,12.0
0.5055000000000001,1.2811826526302506,0.5133736330566101,1.7317031980935977,0.018081348980277773,-0.022326790724409566,-0.004442814354838205,0.003801185288276186,0.00066809914738545,-0.00035046284185037056,-7.037392617106416e-05,1.2644416409528464e-05,2.7390805373627666e-06,-1.3733548409910448e-07,12.0
0.5085000000000002,1.279081823618052,0.5112809380592799,1.7319866138666773,0.019612705622491036,-0.02231128426188834,-0.004721373437636516,0.0038131856742061507,0.0007016938309985745,-0.0003559672912791388,-7.358704949649784e-05,1.2840949503375624e-05,2.4044163094212557e-06,-4.3392259526921126e-07,12.0
0.5114999999999998,1.2766920045757761,0.5089848911525128,1.7320998971617454,0.021171705477640166,-0.02218018390823641,-0.004998378498125554,0.0037860430204470596,0.0007308397943237768,-0.0003542032073907893,-7.719974542773416e-05,1.1239103234638059e-05,2.155070003115821e-06,-4.5828784475938174e-07,12.0
0.5145,1.274368271796975,0.5066441916872249,1.7319942807338835,0.0226854285860243,-0.022000198350434697,-0.005250928296553791,0.003746884614775587,0.0007497505947657726,-0.0003544466741058368,-8.066599300559049e-05,9.943620598941724e-06,2.094973500761959e-06,-4.245399052921969e-07,12.0
0.5175000000000001,1.2719637441584015,0.504315410746599,1.7319769105372511,0.024155137249850255,-0.02185669908860765,-0.005495941573862869,0.0037144254081579796,0.0007620707974894676,-0.0003586630303089086,-8.32992496769117e-05,9.898744450370883e-06,2.3560349455808444e-06,-3.819694557082861e-07,12.0
0.5205000000000002,1.2697513247888854,0.5019389509230968,1.7316845088053385,0.02563988688254074,-0.021661122825031253,-0.00575350593097975,0.0036596526109467227,0.000774527220684401,-0.00035779672485339786,-8.460713017501417e-05,1.0116929268427112e-05,2.865949634656425e-06,-2.1959889458274196e-07,12.0
0.5234999999999999,1.267633839093813,0.4995131535133468,1.7312420883033084,0.027140647853424214,-0.021459921394760086,-0.006020792131384251,0.0036057815901544945,0.0007911798321304845,-0.0003543505577988577,-8.45908472018806e-05,1.1062147126986262e-05,3.452280932353099e-06,-8.436820079298216e-08,12.0
0.5265,1.265450501463133,0.497148766321331,1.7307735905603856,0.028571213216227354,-0.02127010944122284,-0.006260919851780121,0.0035637298318444534,0.0008087113960867081,-0.00034863358184405074,-8.293869532242496e-05,1.251086063816038e-05,3.955991175760596e-06,5.688204430316223e-09,12.0
0.5295000000000001,1.2632489434916634,0.49481269730262484,1.7302391837345883,0.029961897254656488,-0.021077313862287103,-0.006479430845685985,0.0035303605409750228,0.0008272765933510558,-0.00034170643066230746,-8.086737511397891e-05,1.3960242384379303e-05,4.287387840050414e-06,4.798772373523699e-08,12.0
0.5325000000000002,1.2605591804111134,0.49199533184976896,1.7297206968216046,0.03163907136148901,-0.02088113694072394,-0.006757075533840009,0.0035050683131400656,0.0008557346222930524,-0.0003360008536683566,-7.9998864698004e-05,1.5443872629461513e-05,4.504962314227695e-06,1.463840139016945e-08,12.0
0.5354999999999999,1.2591959268694877,0.49038249635017983,1.7289826608233965,0.032566407315537775,-0.02069157703405429,-0.006874075608996974,0.0034728396181404795,0.000866920750885872,-0.00032790850671277956,-7.845992832054877e-05,1.5904787959231607e-05,4.6378777532401256e-06,5.8706489348896216e-08,12.0
0.5385,1.2567641105392777,0.4873496204721711,1.727966373684063,0.034354093271546,-0.02040438423955149,-0.007177006967245604,0.003425018904039057,0.0009017882832141723,-0.0003195234430738261,-7.89752002963759e-05,1.6332918202981383e-05,0.0,0.0,10.0
0.5415000000000001,1.2545977170052935,0.4848065472914116,1.7269515369875603,0.035787675123881355,-0.02014816495559726,-0.007393966119193921,0.003382259133786274,0.0009240527106726459,-0.0003132412466335048,-7.879919359072433e-05,1.640515858437773e-05,0.0,0.0,10.0
0.5445000000000002,1.2524145401362248,0.48225602479302654,1.725842394383295,0.03718630400458765,-0.019892223265453538,-0.007599516781371843,0.0033411294233886444,0.0009433954280515019,-0.00030915568427901965,-7.855677263952906e-05,1.6454604710917125e-05,0.0,0.0,10.0
0.5474999999999999,1.2498137118249202,0.47917632527939946,1.7245840563659232,0.03887411754075819,-0.019614697995612364,-0.007870567132955895,0.0033018011947611023,0.0009702862263713264,-0.00030763475629505776,-7.907124660678488e-05,1.6671452296501596e-05,0.0,0.0,10.0
0.5505,1.2484242955322356,0.47742810734714325,1.7234572235099712,0.039769431652598164,-0.019406893562631502,-0.007978666315332473,0.0032668695420162964,0.0009761461014001774,-0.0003048054664163655,-7.665253746014567e-05,1.4204537319901454e-05,0.0,0.0,10.0
0.5535000000000001,1.2459546764825065,0.4741714776712558,1.7218069566490983,0.04154001307339635,-0.01906199238178548,-0.008279223950473421,0.003211471275099642,0.0010081616317685134,-0.000300619482538199,-8.153640305815231e-05,1.3847392423108595e-05,3.2082953567478017e-06,-6.544308527346133e-07,12.0
0.5565000000000002,1.2437781397414047,0.47137587605553005,1.7201866721586225,0.04299647500875582,-0.018741186906121927,-0.008502833172139108,0.003158155519570107,0.0010244387798210388,-0.00029497127306723564,-8.034098320542867e-05,1.4790807245881433e-05,4.064587323245896e-06,-4.471531227842817e-07,12.0
0.5594999999999999,1.2415309643956276,0.4685450511927257,1.7185109450694673,0.04442149651004683,-0.018420221005762273,-0.008714610988581157,0.0031081340824530975,0.0010385053627270798,-0.00028975047328610304,-8.087366887250252e-05,1.4012842380575798e-05,3.869023190479131e-06,-5.332290265554093e-07,12.0
0.5625,1.238615343322905,0.4651490112843342,1.716961631468584,0.04604505557009661,-0.018055372456589208,-0.008978581596242426,0.003049691295395234,0.0010616946895880032,-0.0002837602547831633,-8.27993399832673e-05,1.334510120100267e-05,3.735118187399812e-06,-6.41492995744185e-07,12.0
0.5655000000000001,1.2368985824456833,0.4629253238291669,1.7149386727045566,0.046960289460803266,-0.01771282809893075,-0.009036117333705357,0.002986592562091506,0.0010528775578398074,-0.0002745641332201699,-8.157991818409742e-05,1.1941458146235784e-05,3.3796315310022962e-06,-6.291374300641466e-07,12.0
0.5684999999999998,1.2347628641165218,0.4597599500955918,1.7129391145809736,0.04856740594636014,-0.01737767228592368,-0.009283859602678924,0.0029347246118422623,0.0010760358711108839,-0.0002692866449860643,-8.403887539924861e-05,1.1262073533301288e-05,3.296962855950353e-06,-7.26604494360457e-07,12.0
0.5714999999999999,1.2323680371228023,0.45657371226183474,1.710674508222241,0.04998503006497437,-0.016950714923541436,-0.00945555745108036,0.0028558565602396814,0.001087206468874262,-0.0002603099407426703,-8.517094504334339e-05,9.97980493024457e-06,3.1513671424908734e-06,-7.594948735457751e-07,12.0
0.5745,1.2300303071458483,0.45345271629728384,1.7083311005368187,0.05132119782687071,-0.01654241735871516,-0.009609180385976388,0.0027851533513069595,0.0010959812826139145,-0.0002543349487633609,-8.58320818676532e-05,8.72401309112716e-06,3.105118628984823e-06,-8.470926221706509e-07,12.0
0.5775000000000001,1.2270577584794293,0.4497423938707952,1.70607850223521,0.05288805195547145,-0.016066078127336177,-0.009835051136526588,0.0026941781014821965,0.0011151797726238516,-0.000244628573264131,-8.840525587527734e-05,7.302703447511048e-06,3.082426358718526e-06,-8.801874737347299e-07,12.0
0.5804999999999998,1.2252505223827788,0.4473039694211422,1.7035692192463894,0.05373038844276977,-0.015662527892947205,-0.009872811762358555,0.002604551161285485,0.0011064771602725778,-0.00023331322580708537,-8.85375668929224e-05,5.598241614597405e-06,2.6469947473545052e-06,-8.057007721396818e-07,12.0
0.5834999999999999,1.2229984792766517,0.44378804447340464,1.7010428917947529,0.05536684642842847,-0.01524331464610939,-0.010151179168657296,0.0025338443975316616,0.0011395301612857863,-0.00023123410541703746,-9.355910467220564e-05,5.220670725760955e-06,2.52611264481183e-06,-9.772918054712065e-07,12.0
0.5865,1.2204679902560767,0.4401724365824546,1.698255925613174,0.056801713239760764,-0.014735999997033244,-0.010341610356758827,0.00244293671035934,0.0011500312565118898,-0.0002262961895086564,-9.56510370554111e-05,4.270130992222915e-06,2.338206065397481e-06,-1.0297193657789276e-06,12.0
0.5895000000000001,1.218033538603349,0.43655363536023095,1.695350790947138,0.05818597716039404,-0.014238743848963953,-0.010521279119211923,0.0023582926088080267,0.0011579713134210572,-0.00022165447424762517,-9.655037960474529e-05,4.070970122224623e-06,2.3287545067618024e-06,-1.0604359152722065e-06,12.0
0.5924999999999998,1.2151576869890222,0.432656504581393,1.6925132693735472,0.05969345364225124,-0.01370578405898965,-0.010734636885975462,0.002261439882051432,0.0011733192073125583,-0.00021052467335295563,-9.705921199069673e-05,3.289582451178083e-06,2.487517697647099e-06,-9.389274583014892e-07,12.0
0.5954999999999999,1.2127160486477302,0.4291772788347776,1.6891604269508202,0.06086354241007855,-0.013124929143989147,-0.01082227738822455,0.002156276994764913,0.0011691929561897998,-0.0001946455012163408,-9.441298391749261e-05,2.0098233172552424e-06,2.5104646307795487e-06,-7.500189535477505e-07,12.0
0.5985,1.2105973087540698,0.4254576205330341,1.6857977169738136,0.062225493742281535,-0.01261273840023091,-0.010971988226695407,0.0020905514591803257,0.0011822514076004677,-0.00018633484505325805,-9.360678647508586e-05,2.546768544899238e-06,2.712629555163533e-06,-8.287173320429584e-07,12.0
0.6015000000000001,1.2081537834203153,0.4216961065646532,1.6824621079185231,0.06354804543539332,-0.012056754004554696,-0.011098443176876555,0.0020090937511882943,0.0011941760306654584,-0.00017254314477773713,-9.286451918852271e-05,2.330258744670885e-06,2.8389227117886575e-06,-7.920188469222356e-07,12.0
0.6044999999999998,1.2056417870469855,0.41773770968056373,1.6789080436162727,0.06491642185509887,-0.011442527281048052,-0.011216718934394672,0.0019190666199370094,0.0012070536064664951,-0.00015745590034532082,-9.215455445574655e-05,2.0582258076022224e-06,2.8889112849880777e-06,-7.403022294008536e-07,12.0
0.6074999999999999,1.202280195698178,0.41286323159463617,1.6749845828673438,0.06655531055583304,-0.01061591838204233,-0.011365249306407723,0.001781323166961644,0.0012247771768018674,-0.00013573450629102932,-9.196748808179649e-05,7.074122526940163e-07,2.8475696817917108e-06,-5.813673715195828e-07,12.0
0.6105,1.200162083843521,0.4097645361910885,1.6711711348951037,0.06726087888006652,-0.010048813051416186,-0.011275955440151903,0.0017001912452666126,0.0012050858473596163,-0.0001231112120162734,-8.810746314737308e-05,-1.4609337849617624e-07,2.459031760752776e-06,-5.067273970834701e-07,12.0
0.6135000000000002,1.197914915303484,0.405675192228428,1.667196404122044,0.06874053947728113,-0.009452301403707114,-0.011395430626091536,0.001629375446015618,0.0012193291409570877,-0.00011660542237021073,-8.886509719299085e-05,-4.223594542469631e-07,2.384802671731674e-06,-5.892441776819069e-07,12.0
0.6164999999999998,1.195094173122506,0.40142931512828856,1.6630602130515584,0.07004638520746952,-0.008753712043108198,-0.011444667475633554,0.0015228749630498007,0.001220994683103121,-0.00010428402302891059,-8.899877108921704e-05,-1.9457864918861903e-06,2.291032057877257e-06,-5.544553208236575e-07,12.0
0.6194999999999999,1.1922621415895462,0.3970970594492589,1.6587045199131458,0.071320741064246,-0.008027028005498751,-0.011476942261678705,0.0014103360302507454,0.0012178557756883223,-9.222492285399119e-05,-8.862753180785698e-05,-3.703595882758774e-06,2.128953269680479e-06,-5.337947217836933e-07,12.0
0.6225,1.188812759924396,0.3919209781673027,1.6540780895196425,0.0728145538387476,-0.007156642989501557,-0.011541642124547117,0.0012707774007156322,0.001216740168029388,-7.744573631526678e-05,-8.889010460468013e-05,-5.546734909728256e-06,1.8631759641027346e-06,-4.98781253763118e-07,12.0
0.6255000000000002,1.186556024034645,0.38850126451107764,1.649835911819526,0.07344065226885488,-0.006578184625163956,-0.011422471725059027,0.001182309827033607,0.0011889690619918676,-6.861438903666198e-05,-8.674028795963723e-05,-6.74399883795123e-06,1.3868996603908528e-06,-4.5778668117376e-07,12.0
0.6284999999999998,1.183750148692138,0.38379463192328594,1.6453328146417459,0.07489857181255105,-0.005870984605786283,-0.011512994614037724,0.0010854875753193666,0.0011952940290663675,-6.268210554047116e-05,-8.843594708806527e-05,-7.326973716900623e-06,1.2361457937811608e-06,-5.26725315969517e-07,12.0
0.6315,1.1806435928612178,0.3789125261190768,1.6403556118723481,0.07609169341350604,-0.005049468499905446,-0.011496832859733129,0.0009632552890275491,0.001179628849925753,-5.3433574304001966e-05,-8.774269950012365e-05,-8.49934777895949e-06,1.0105828211021525e-06,-5.082854119206705e-07,12.0
0.6345000000000001,1.1776562913292719,0.3741116403421741,1.635220742284053,0.07714203937774641,-0.004257774424110744,-0.011452836927366055,0.0008479399856067522,0.0011583902947177413,-4.609943595655279e-05,-8.63124198460405e-05,-9.19867068234391e-06,8.264157582956743e-07,-5.143148302911424e-07,12.0
0.6375000000000002,1.1747075189798903,0.3693008269434338,1.630020891380379,0.07814640023854096,-0.0034839718601532826,-0.011405919321847294,0.0007377776382751339,0.0011372699594575763,-3.957423242289983e-05,-8.470199041172559e-05,-9.651948987552013e-06,6.738839848036502e-07,-5.363862173873907e-07,12.0
0.6404999999999998,1.1717821439646858,0.3643744714183538,1.6246559507354073,0.07915494683387805,-0.00269702033716846,-0.011360296827395446,0.0006286158102018427,0.0011179497334306723,-3.3037693924555996e-05,-8.323342825317143e-05,-1.0069491262139248e-05,5.370068835439519e-07,-5.611211181288426e-07,12.0
0.6435,1.1688549380434439,0.3593515775719564,1.619072405228229,0.08014958495901818,-0.0018846517151947784,-0.011306062252691975,0.0005177089032644388,0.0010991744697956378,-2.5548218571221354e-05,-8.173793775926269e-05,-1.0604116794344746e-05,4.025461709840098e-07,-5.639879457181283e-07,12.0
0.6465000000000001,1.1658896807225219,0.3543096675398073,1.6132483603664405,0.08107627961628794,-0.0010465215327347148,-0.011225277856535355,0.00040410193732337297,0.0010775717976932444,-1.6785584697743208e-05,-7.986629672827343e-05,-1.1337754322155903e-05,2.3452302116878406e-07,-5.354236205549993e-07,12.0
0.6495000000000002,1.162916558109464,0.3492541321764884,1.607137716172549,0.08192962873091518,-0.00017939251601841903,-0.011112977072084378,0.0002886058310141584,0.0010523683359722276,-7.018060632243032e-06,-7.75113918184881e-05,-1.2181236315776637e-05,2.9850548754474264e-08,-4.861541003511413e-07,12.0
0.6524999999999999,1.1599239231841616,0.3441089999477639,1.6007302313353373,0.08275445590143389,0.0007261959685716713,-0.01098006941261662,0.0001690222181278191,0.0010255373424916771,4.139509557926018e-06,-7.496824954253001e-05,-1.3222763447568693e-05,-1.970605648666262e-07,-4.069105668261595e-07,12.0
0.6555,1.156838091288169,0.3387780941351759,1.594195578379407,0.08360080018520097,0.0016281299001092496,-0.010845485950366841,5.9293612456095296e-05,0.0010003301589065247,1.3633224929430833e-05,-7.261378140622043e-05,-1.3959522224501344e-05,-4.1757899800531685e-07,-3.643694209426538e-07,12.0
0.6585000000000001,1.1538575017311792,0.33330120597303253,1.5873580882111311,0.08442214307911414,0.0025512292620080996,-0.01068687388444568,-4.5254963952920236e-05,0.0009736235784652836,2.247666975457951e-05,-7.007457062107808e-05,-1.4519187761900147e-05,-6.457213383879321e-07,-3.3847010582082373e-07,12.0
0.6615000000000002,1.1509045585378859,0.32782006187998564,1.5803059886172626,0.08511110868479822,0.003476706766790674,-0.010478158707138824,-0.00014369205447713098,0.0009414599688825681,3.135579870451022e-05,-6.683522262403395e-05,-1.5031986279686723e-05,-9.002084458498912e-07,-3.019689526499233e-07,12.0
0.6644999999999999,1.1479746277900302,0.32229495927632407,1.5731103302418825,0.08569648430010875,0.00439252011732568,-0.010232842131912744,-0.00023191570080209695,0.0009070792489191836,3.9664836967596824e-05,-6.323941628347805e-05,-1.5364256186881785e-05,-1.1440516798568561e-06,-2.6889798109363554e-07,12.0
0.6675,1.1449992491296896,0.3166742184094659,1.5658247138352956,0.08621815129847855,0.005303205793762288,-0.00996542884080557,-0.00031097881030653097,0.0008735832257269352,4.7722480337649465e-05,-5.958780756250192e-05,-1.554325931547939e-05,-1.3480070402294324e-06,-2.3567614893205672e-07,12.0
0.6705000000000001,1.1418898735156051,0.310908579648436,1.5585373793589354,0.0867075506084168,0.006196053404857945,-0.00968677884592014,-0.00037480256880827005,0.0008429235277121099,5.386953065780881e-05,-5.600158736486836e-05,-1.5273855186687972e-05,-1.4953428070282035e-06,-2.462647368649363e-07,12.0
0.6735000000000002,1.1388231253052237,0.30503723038176866,1.5509802817447302,0.08713417410123046,0.007123575683829324,-0.009374955330001858,-0.00043356732536342906,0.0008120895176180838,5.984307712892338e-05,-5.210482616102867e-05,-1.482296101639883e-05,-1.600552051732964e-06,-2.724495106275096e-07,12.0
0.6764999999999999,1.135768440522394,0.2991734046867025,1.5431252969584432,0.08742918560291249,0.008084312094294575,-0.009009561551433343,-0.00048825297689059316,0.0007775356281781472,6.63144723893845e-05,-4.752550716799622e-05,-1.435566578083252e-05,-1.6821584296099247e-06,-2.908518457179099e-07,12.0
0.6795,1.1326906469761457,0.2933421379075627,1.5350141537717137,0.0875993248798822,0.009056566517064286,-0.00859506087860317,-0.0005341088109461266,0.0007395775069102777,7.285695317041634e-05,-4.240083836251898e-05,-1.3865287745841569e-05,-1.7370857363598018e-06,-2.9553659799648185e-07,12.0
0.6825000000000001,1.128979428757356,0.28710359907770155,1.5267156002683895,0.08782844890133534,0.010101762729234007,-0.008165868829415826,-0.0005851147566368486,0.0007026401827799496,8.196262934613807e-05,-3.7252518212701187e-05,-1.3747971518900398e-05,-1.754272934799329e-06,-2.3209065604982177e-07,12.0
0.6855000000000002,1.125372720291848,0.2810541320127307,1.518121307646473,0.08778776012004037,0.011074373914588872,-0.007656468573126806,-0.0005992170369213087,0.0006576744480946259,8.450916007739683e-05,-3.138331212102522e-05,-1.260450521755203e-05,-1.7890429374170042e-06,-2.7680060005749336e-07,12.0
0.6884999999999999,1.1224940010470514,0.27518065404497605,1.5093311953932405,0.08768507514489829,0.0119517828522465,-0.00716309592025279,-0.0005818251467258729,0.0006222800855445118,8.215319505893242e-05,-2.7013179426518694e-05,-1.0848809152451927e-05,-1.707054741896032e-06,-3.752119700622752e-07,12.0
0.6915,1.1196616729554116,0.26952212551339505,1.5006565630374813,0.08753579562482608,0.01281247552566914,-0.006692339422569208,-0.0005769236561091468,0.0005918315293666766,8.402907386665513e-05,-2.3457685743965524e-05,-1.0010157053830221e-05,-1.5844723247899745e-06,-3.3866402996063816e-07,12.0
0.6945000000000001,1.1167138534709975,0.2637145832693886,1.4919370312027802,0.08744505428421222,0.013708813493596695,-0.006235728133035902,-0.0005796893872582396,0.0005627014855843161,8.644373020319295e-05,-2.0343223690418366e-05,-9.326072747386425e-06,-1.458105742081307e-06,-2.836484028067495e-07,12.0
0.6974999999999998,1.1121962707571893,0.25536386408579603,1.4804346990965327,0.08735616429640229,0.015107847983438859,-0.005574694900941911,-0.000609397488714629,0.0005153313789239979,9.119079137394797e-05,-1.6000716816985454e-05,-8.778860042285373e-06,-1.3794114930596493e-06,-2.1039220211139255e-07,12.0
0.7004999999999999,1.1104908453242677,0.25237082782611925,1.4749965824900044,0.0866816489778504,0.015355347722132928,-0.005227599543410773,-0.0005707417362877828,0.00048770788017647563,8.651070232259926e-05,-1.3851273572543615e-05,-7.648279851706135e-06,-1.2277602791733266e-06,-1.936551572941416e-07,12.0
0.7035,1.1073510015837404,0.24608421317928034,1.4655177236696553,0.08669505639327298,0.016222020183008654,-0.004763044063304008,-0.0005399736751605127,0.00045801024914858557,7.975801176553553e-05,-1.0936705393598537e-05,-5.581665116489277e-06,0.0,0.0,10.0
0.7065000000000001,1.1039469613190132,0.23950446895035626,1.455786605888652,0.08639024155715755,0.017151624046350122,-0.004203993600783638,-0.0005195929864464755,0.00041831478751679953,7.622240645738274e-05,-7.074550644290807e-06,-4.2157311119438e-06,0.0,0.0,10.0
0.7094999999999998,1.100642423625388,0.23287992774615007,1.4457800666275495,0.08589346160059326,0.018015974772933197,-0.0036172406236416104,-0.00047629072619819797,0.00038177230146275147,7.041606085027271e-05,-3.5145243362793703e-06,-2.7188671751522766e-06,0.0,0.0,10.0
0.7124999999999999,1.0962285214928027,0.22495994159699473,1.4347766481617028,0.08536524873354182,0.01903772193541897,-0.0029546055577424897,-0.0004269967119502184,0.00034520242178359765,6.613594103088126e-05,4.0741166355799854e-07,-1.62700518054693e-06,0.0,0.0,10.0
0.7155,1.093124077255287,0.2194350126582809,1.4253309691373803,0.08421085570160647,0.01946882083526592,-0.002344067542592015,-0.00032098707393939644,0.0003071814948329744,5.6191463896459296e-05,4.432885406245949e-06,-2.3200764363332386e-07,0.0,0.0,10.0
0.7185000000000001,1.0907951169463053,0.2139266085658975,1.415884414445331,0.08351732538660911,0.01998882359832846,-0.0018390256911493515,-0.00024310371966376269,0.0002820881084657848,5.273130826617998e-05,7.539367831111154e-06,4.960264049887178e-07,0.0,0.0,10.0
0.7214999999999998,1.0880793525678778,0.20793880199049847,1.4060388290058228,0.08278170920914134,0.02063913309629695,-0.0012909775102611285,-0.00017749277793920924,0.0002589431698779006,5.2481199185208286e-05,1.047770185553478e-05,1.1370755098414085e-06,0.0,0.0,10.0
0.7244999999999999,1.085142142270282,0.2017106891616258,1.3959878025028276,0.08195324083607826,0.021264522913978803,-0.0007280797143960419,-9.84407667083203e-05,0.00023967094683119498,5.1963254592642545e-05,1.312428063870893e-05,1.8645532434325177e-06,0.0,0.0,10.0
0.7275,1.0810067654587179,0.19348476087346914,1.3834629497707192,0.08093093065782798,0.022164841234683534,1.5535726721746286e-06,-5.45922903613071e-06,0.00021915211862171978,5.40595188591477e-05,1.6184169372222586e-05,2.500522044787379e-06,0.0,0.0,10.0
0.7305000000000001,1.0792597918634328,0.1901936196021781,1.3773960968452275,0.0798982310235623,0.02222960833438446,0.0003312883037661444,6.61585732840589e-05,0.00020826234798394853,5.163708894688516e-05,1.7448788145658983e-05,3.27086812209697e-06,0.0,0.0,10.0
0.7334999999999998,1.0762775690443294,0.18358900911854273,1.366506350860322,0.07893514187974139,0.022798326273505008,0.0008889323239322257,0.00016749666421550803,0.00020216816277485029,5.2564458140594926e-05,1.9581977602439895e-05,4.111632492919757e-06,-6.538458037114303e-08,2.1341100835268528e-08,12.0
0.7364999999999999,1.0734490137221493,0.17741797371583706,1.3562175646748644,0.07781974001946171,0.023295481691529847,0.00142091018502817,0.00026026606050349516,0.0001980403121322409,5.511263601217894e-05,2.1725807127606507e-05,4.759408477719566e-06,-7.983174518921145e-08,3.009367196291358e-08,12.0
0.7395,1.0706739777218277,0.17138009946612695,1.3459354640862076,0.07658886468155561,0.02370685215850096,0.0019458740863591728,0.0003678647704338858,0.00019902514728115255,5.7068917328761884e-05,2.386964070340173e-05,5.595322632462762e-06,-1.0952147742099584e-07,2.9924206199370827e-08,12.0
0.7425000000000002,1.0671705598320398,0.16399111603388608,1.3338249394406065,0.0750801670869913,0.024222622660685915,0.0025779619437598343,0.0005008314180908046,0.00020684166852466464,6.109686847617207e-05,2.6847436790579694e-05,6.507753062298843e-06,-8.817472338397757e-08,2.800287772226353e-08,12.0
0.7454999999999998,1.065191998609745,0.1601416783291946,1.3263095057463112,0.07357957735837994,0.024105993961918325,0.002920896401120035,0.0006074761987362329,0.00021438657770629353,6.136916505546879e-05,2.9004459822573788e-05,7.2896639945252175e-06,-7.392921576529109e-08,7.142879482980474e-09,12.0
0.7484999999999999,1.0631616679985856,0.15467423889519738,1.316155025112002,0.07239282937420545,0.024398638145705684,0.0033659261975861527,0.0007144996850930254,0.00023316263936857065,6.839364271986448e-05,3.170046961463569e-05,7.798258563246828e-06,-1.062537472461875e-08,4.4852099033885386e-08,12.0
0.7515000000000001,1.0608085011357604,0.14889256824359468,1.3055907833906815,0.07088148455520582,0.0246344496735106,0.003853546237623402,0.0008364452392551603,0.0002557152134897562,7.6312366802209e-05,3.4736904589748384e-05,8.442204910153981e-06,4.883724886225213e-08,8.033508199881829e-08,12.0
0.7545000000000002,1.0583813309994576,0.14332195083060315,1.2955212224161303,0.06932242953900125,0.02474677352846578,0.004306542374902907,0.000975078522082667,0.00028381170861803586,8.258607467848147e-05,3.753936915906897e-05,9.22012578696466e-06,1.1666949931337831e-07,1.1025806945361703e-07,12.0
0.7574999999999998,1.055609971089714,0.13717382201312883,1.284830799491168,0.06768250507072392,0.024864894383899903,0.00476664110068174,0.00113107607838043,0.00032130619199600394,9.04293323682837e-05,4.0336825769128005e-05,9.901042323150671e-06,2.1618405014006507e-07,1.4577883744900665e-07,12.0
0.7605,1.0536058544270241,0.1331105520995043,1.2772840876653164,0.06622106031993752,0.024720386603406114,0.005051045492049015,0.0012521459685435642,0.0003494608755937984,9.510676799315307e-05,4.2383898845329415e-05,1.0357127761637252e-05,2.8338926467467903e-07,1.66706022972489e-07,12.0
0.7635000000000001,1.0515061861611568,0.1276778391000291,1.2671543187526895,0.06473830387400781,0.024852768462762565,0.005447223128147086,0.0013926285001727256,0.0003886944832175784,0.00010548592316144326,4.4711473318547726e-05,1.0588067957382737e-05,4.231003363148312e-07,2.1406202779993164e-07,12.0
0.7665000000000002,1.0494202292903418,0.12274248120534363,1.257532038338373,0.06308030562150573,0.024848158317055623,0.005810369291650634,0.0015343757103656332,0.0004242937331937233,0.0001140844689977016,4.6697967420105406e-05,1.0869464430372304e-05,6.113224140635221e-07,2.7032294420455717e-07,12.0
0.7694999999999999,1.0472376666803491,0.11811700856796799,1.24870805907275,0.06152697662057522,0.024776572421847658,0.006125589507152141,0.0016733689853480661,0.0004564773853465679,0.00012102503668116177,4.883296147322737e-05,1.1435845387725614e-05,7.79483235861362e-07,2.975451066966377e-07,12.0
0.7725,1.0450557016930706,0.11347653039914748,1.2401015819770025,0.060054344350905564,0.024689261456870778,0.006411758264023804,0.0018071166289595356,0.00048708733889757345,0.00012719222638539173,5.0291309293165674e-05,1.1723956821227358e-05,8.1263935657077e-07,2.9176819570172173e-07,12.0
0.7755000000000001,1.042873447490245,0.10884103716928159,1.2317892435633946,0.05861878697669172,0.024555289606590876,0.006672684321494216,0.0019380253037322573,0.0005139275280019382,0.00013145554716564558,5.1425254155480614e-05,1.2098731260843376e-05,8.152176314339175e-07,2.646328726790253e-07,12.0
0.7785000000000002,1.041579486619833,0.10431074918824643,1.2228676383761592,0.057171819513096404,0.02449812879338597,0.006930673619965926,0.002044298219473214,0.0005394653879013319,0.0001394519029234704,5.246229936482499e-05,1.199785641061662e-05,8.14494422016004e-07,2.8555719082688626e-07,12.0
0.7814999999999999,1.0400602672336408,0.0999840584078486,1.2145951122655079,0.055681570312981814,0.024323520339301324,0.00714463936658975,0.002141040181735369,0.0005588609425046178,0.00014524800476920814,5.315947815719961e-05,1.1897439208512084e-05,7.788528204762378e-07,2.900960505281095e-07,12.0
0.7845,1.0382043819235456,0.09581265774552913,1.2070349060368548,0.05417253098436811,0.02402409976606233,0.007307936352254982,0.0022283633993375822,0.0005726223345872061,0.0001485694482914178,5.35833882941725e-05,1.188525673082521e-05,7.16819078029253e-07,2.700617811278011e-07,12.0
0.7875000000000001,1.036103852643198,0.09172107687584033,1.199884031653852,0.05265156027899371,0.02364852581145357,0.007433743637851777,0.0023032610786779,0.000582963107261591,0.0001511217413480561,5.397739220352105e-05,1.1918934611540112e-05,6.517634855692603e-07,2.3882675219959114e-07,12.0
0.7905000000000002,1.034149105885629,0.08774937530475829,1.1926548679608628,0.051077535676433396,0.023248301046659706,0.00754416587828954,0.0023654965882768516,0.0005932887851234405,0.00015490456271628408,5.463404529824001e-05,1.1961645382938892e-05,6.126293309517056e-07,2.1276397216946227e-07,12.0
0.7934999999999999,1.0327940553437385,0.0839841874600678,1.184869369801257,0.049429448563597336,0.02288445813901958,0.00765038628590718,0.0024105986248469263,0.0006083292889688514,0.00016280023068442442,5.5756063220363365e-05,1.1856025512001602e-05,6.261710735166321e-07,2.1987898100693407e-07,12.0
0.7965,1.031160122903441,0.08049204051230122,1.1775130418323758,0.047721231808721794,0.022430807193329336,0.0077252166542431675,0.002454033078703308,0.0006260455300075369,0.00017039775412323324,5.716640013527366e-05,1.1969608631524045e-05,6.644926236940744e-07,2.141805482243926e-07,12.0
0.7995000000000001,1.0293872483267505,0.0771807297044064,1.1704842500593382,0.04602421634074734,0.02193434296374556,0.007769068472215676,0.002496147917278603,0.0006473171443779891,0.00017822194704692645,5.896799751451257e-05,1.2315502022619894e-05,7.221319814527762e-07,1.9725563633624458e-07,12.0
0.8025000000000002,1.0278698009122496,0.07385828694772247,1.1633343088113426,0.0444066672024462,0.021490376058965907,0.007796315098348609,0.00253328072773342,0.0006730498531446579,0.00018827567706439658,6.127879658510032e-05,1.2769245538277274e-05,8.019197932685773e-07,1.8951122869902957e-07,12.0
0.8054999999999999,1.0263667041753377,0.07048572740215181,1.1564829604112765,0.042862438334269705,0.021035519664348554,0.007807186770020392,0.002577594334920721,0.0006996881266549308,0.00019764797932553092,6.379540603413407e-05,1.3493083533726544e-05,8.781463017341768e-07,1.6933672324191928e-07,12.0
0.8085,1.0263711291884428,0.06713149285881721,1.1483878821423454,0.041372051853891124,0.02079616929229897,0.007834999717538033,0.002597367216613926,0.0007323033195348876,0.00021523003647330873,6.680506568167467e-05,1.3739792773213858e-05,9.886236083214884e-07,2.327736411031159e-07,12.0
0.8115000000000001,1.0252648715734074,0.06386423805119261,1.141926806871096,0.03994443041460294,0.020369494538534004,0.007816009178825462,0.0026330991173895203,0.0007596874670069283,0.0002270049475416637,6.906912890753386e-05,1.4302810635271279e-05,1.0277543023705875e-06,2.516489009477119e-07,12.0
0.8144999999999998,1.0237086520554557,0.060683274601415864,1.1363522601099805,0.03861706147362071,0.019860173747769116,0.007761765658858807,0.0026719725877446146,0.0007854932994930271,0.0002361120887296891,7.069165921456528e-05,1.4947670781226182e-05,1.018489512317075e-06,2.5447797028058414e-07,12.0
0.8174999999999999,1.0219715985840054,0.057567341372338,1.1310729350792825,0.03736120953298909,0.019340478146873917,0.007694717825019275,0.0027067066692666843,0.0008111078013318554,0.0002444669147604296,7.196636163790252e-05,1.5538800240550338e-05,9.87375757156395e-07,2.6032423119664747e-07,12.0
0.8205,1.0206556617857874,0.05475401750165985,1.1256793210504312,0.03608196637630878,0.01883327943131323,0.007632643059713832,0.00273432548846543,0.0008358308517714193,0.00025238197630122425,7.316992195252701e-05,1.603050524706572e-05,9.606286156833092e-07,2.7432697893204577e-07,12.0
0.8235000000000001,1.0202481590298642,0.05216156041319989,1.1197296731443582,0.03480651374619726,0.018424483027719138,0.007581166703107942,0.0027437732162919107,0.0008603916742713575,0.0002620589857775226,7.472707962843345e-05,1.6280354969225387e-05,9.723739358382115e-07,3.121162313089062e-07,12.0
0.8264999999999998,1.0188905513754736,0.04986782331332131,1.114924987541137,0.03346742134539038,0.017909320797507924,0.007523742730531467,0.002755142446064993,0.0008749453259568226,0.00026628297865776774,7.626416356197272e-05,1.660380014497218e-05,9.567116274280257e-07,3.0245387719938456e-07,12.0
0.8294999999999999,1.017345637351609,0.047711519661553174,1.1103854362001573,0.032112559744643596,0.01738970147210574,0.007463430272049719,0.002764577132950156,0.0008852339189390519,0.00026870656147046665,7.805788035417353e-05,1.6927893642418968e-05,9.530204623162734e-07,2.6467082177684347e-07,12.0
0.8325,1.015886336789941,0.04549786753107119,1.1057514831020931,0.03080271443261004,0.01690626429771557,0.007400655886564794,0.002774424664999303,0.0008940909467723318,0.0002708220248920378,8.015618100250152e-05,1.7264210937600035e-05,9.662682435155966e-07,2.0580357968293767e-07,12.0
0.8355000000000001,1.0148759519887676,0.04318848101989982,1.100876604295778,0.02959563230820863,0.01648271163443945,0.007333398518646442,0.0027831620696742304,0.0009016297087753141,0.0002735468570640473,8.246870357485061e-05,1.7591987857552888e-05,9.857767380483438e-07,1.377001849388194e-07,12.0
0.8384999999999998,1.015588351993003,0.040848639633080934,1.094530967952684,0.028529480974641693,0.016311734931530375,0.007273417090825949,0.0027567581563398193,0.0009113025018802863,0.0002849004290463,8.545607135399852e-05,1.7446770556377466e-05,1.0518373174884504e-06,1.4235277855560278e-07,12.0
0.8414999999999999,1.0146314524816353,0.038560366940771605,1.0902841024135577,0.027611393706368833,0.015919702196875895,0.007161036369661403,0.00273933807071092,0.0009127946152919946,0.00029060724975404646,8.728161582914444e-05,1.74098092154848e-05,1.0351360034028996e-06,1.0690114360674852e-07,12.0
0.8445,1.0134023672647905,0.03646981729134712,1.0867885166530293,0.026746802946799667,0.01544834358198802,0.007020945944072039,0.0027141103648016507,0.0009146419959392821,0.00029608373228883156,8.836834597284703e-05,1.7296378960310386e-05,1.0313491046625858e-06,9.067002120716588e-08,12.0
0.8475000000000001,1.0121280833359154,0.0346701637912667,1.0836285147233224,0.025780027308151383,0.014925419585397124,0.0068832477443741165,0.002687401633940565,0.0009183143887050474,0.00030094661895908815,8.911203544146064e-05,1.725394885173161e-05,1.086090444120832e-06,9.845389187612226e-08,12.0
0.8504999999999998,1.0113785531660302,0.03312931206359096,1.0800941041659184,0.024732798586072545,0.014451046194334977,0.0067536601189114925,0.0026582452767839227,0.0009265538207120781,0.00030661475715076995,8.999614747966484e-05,1.7337518804760068e-05,1.248300034939382e-06,1.433715508349296e-07,12.0
0.8534999999999999,1.0116356880664767,0.031449628220019905,1.0757571793259533,0.023848953135612055,0.014128298318088756,0.006608908747684311,0.0026185625204163307,0.0009432870955278003,0.0003158796598855248,9.116179703757784e-05,1.7374601358209824e-05,1.5463583153479222e-06,2.479648830604257e-07,12.0
0.8565,1.0108588160931964,0.029868745190005666,1.0729685779323614,0.023049820330238547,0.013655455552717447,0.006448026492191283,0.0026031638086505896,0.0009550401043447187,0.000318186956193499,9.144108970507324e-05,1.7596112818739508e-05,1.8352975033497096e-06,3.2206866273615976e-07,12.0
0.8595000000000002,1.0101716651729575,0.02862633757575383,1.0704171573202141,0.022241929915822474,0.013205672751296475,0.0063056257821280165,0.0025886759523798437,0.0009605640490425847,0.00031758070511619604,9.128069400674519e-05,1.780803876233275e-05,2.141867361826726e-06,3.977043599085756e-07,12.0
0.8624999999999998,1.0095870943636587,0.02766632419389684,1.0680423711102738,0.021462953228689137,0.012788725602437295,0.006169998822116016,0.0025649496664549576,0.0009561107407236558,0.00031407294271585366,9.09914604589624e-05,1.811164101398333e-05,2.4550474379374404e-06,4.683843811695839e-07,12.0
0.8654999999999999,1.0092664172911963,0.026858547558760666,1.065736172054305,0.02075861577490867,0.012393145219148789,0.006013360703229608,0.0025221482697467355,0.0009425276572286707,0.00030981680177680167,9.118248683368187e-05,1.8643771848701206e-05,2.7831379242977812e-06,5.371948856198018e-07,12.0
0.8685,1.009488410707764,0.026012437753095304,1.0631143752652215,0.02012526540696779,0.012026919883575602,0.00582620496885297,0.0024579787915234258,0.0009266573322711454,0.00030914739257067303,9.2494841222129e-05,1.9432857550583976e-05,3.140523992715645e-06,6.20886307030841e-07,12.0
0.8715000000000002,1.0092040176178798,0.025048866291403207,1.0610548589729507,0.01949787759827741,0.011553792567959336,0.005618278731176334,0.0023989493885108876,0.0009121016534841235,0.0003100621111879901,9.454659331632561e-05,2.0548624295066686e-05,3.450272163486992e-06,6.83541962501105e-07,12.0
0.8744999999999998,1.0088083873261686,0.024064698986796317,1.0589955654066698,0.018791041553213438,0.011058207209498027,0.005425376451378013,0.0023439127234295316,0.0009030726788407717,0.0003144256406445665,9.711769527593372e-05,2.1669005429637133e-05,3.680344820900966e-06,7.372655970248121e-07,12.0
0.8775,1.008271661592314,0.023155184429009962,1.0568046227362209,0.01794863725114918,0.01057196945395558,0.0052663863777638,0.002296494744871648,0.0008989262608004548,0.0003200878414315747,9.964989866730016e-05,2.260347660192352e-05,3.7947975639036866e-06,7.69045553561426e-07,12.0
0.8805000000000001,1.0077009803413757,0.022326329810323682,1.0543546654910765,0.017025024199523568,0.010126936975375027,0.005128452662707021,0.002254738749293565,0.0008992469862675084,0.00032547191718158977,0.00010165743571076535,2.31847275738356e-05,3.8007423440316225e-06,7.767536272017068e-07,12.0
0.8835000000000002,1.0076643328888537,0.021311211764673085,1.0511579258064103,0.016226669359724,0.009821555968902117,0.004979302948279441,0.0022038944878461967,0.0009068215517638568,0.00033282842674538124,0.00010305235340149538,2.319982644713315e-05,3.7623943921975274e-06,7.917527733422014e-07,12.0
0.8864999999999998,1.0070404090807104,0.020099945511785688,1.04885609425856,0.01560048960018053,0.009427065317389597,0.004806381068733094,0.0021792039261304516,0.0009153121331894307,0.00033450076591626113,0.00010321252768380111,2.3031069930624697e-05,3.618650107270773e-06,7.458632730280354e-07,12.0
0.8895,1.006646931204151,0.01903984532678374,1.046554664962723,0.01496497584237545,0.009054229379213203,0.0046594410103281275,0.002163423093317674,0.0009201987923689707,0.00033447725789993797,0.00010298098154199629,2.252530788026629e-05,3.4010415618190906e-06,6.836075691614616e-07,12.0
0.8925000000000001,1.0062536916541287,0.017861395134701218,1.0437672636389028,0.014112152590902287,0.008655647387377513,0.004560088345543664,0.0021596312321509087,0.00091941194536611,0.00033349170328652217,0.00010299172196405212,2.1824202846736356e-05,3.0840649330569113e-06,5.996043905755023e-07,12.0
0.8955000000000002,1.005935570003046,0.017218776955220935,1.042091176909081,0.013505152936521906,0.00835563706982552,0.004481827136658505,0.002144308599659527,0.0009107913743214561,0.0003314534909863821,0.00010175389747703872,2.048739184505131e-05,2.732366375013514e-06,5.119036951696346e-07,12.0
0.8984999999999999,1.0057940017215434,0.016390048947892515,1.0397304063747803,0.012951740330885473,0.008183577862141064,0.004403023056924576,0.0021065966702604015,0.000909599221255911,0.00033558438504532455,9.896149486109232e-05,1.8561636958934338e-05,2.3519749498217462e-06,4.6102672580918113e-07,12.0
0.9015,1.0053618129164656,0.015429763588269611,1.0377354264327046,0.012374825913970953,0.007891681222982831,0.004307590925506915,0.002097707840695426,0.0009086462148236995,0.0003301492759883183,9.450325956711903e-05,1.7322660109025612e-05,1.8565334033627519e-06,3.681027713860404e-07,12.0
0.9045000000000001,1.0050795516509472,0.014544099094844026,1.0356501141308845,0.011773106877122429,0.007627949991358811,0.0042273301974960565,0.0020807572671591315,0.0008994820596561384,0.00032318018077581793,9.078603039117004e-05,1.649722583067853e-05,1.4169484238978527e-06,2.8619077712208816e-07,12.0
0.9075000000000002,1.0048266921713758,0.013583213601376867,1.0333854218744316,0.011138212754038682,0.007352379851065947,0.004132420730060551,0.0020511196018501688,0.0008849768382526346,0.0003158040654811264,8.776562557440746e-05,1.594560091686137e-05,9.59739947705117e-07,1.9539375501571463e-07,12.0
0.9104999999999999,1.0046384742716659,0.01303255768509556,1.032087748930365,0.010729308473438764,0.007146950864675642,0.004048596957641637,0.0020188385661793233,0.0008702767068468216,0.00030968395019557467,8.542991077479284e-05,1.5256066183605724e-05,6.155197925065691e-07,1.2503509115558766e-07,12.0
0.9135,1.0040886628700982,0.012166770612146074,1.030430737273736,0.010156822717556024,0.0068283311046521845,0.003934290253211637,0.0019837813874404855,0.0008532519280688166,0.0003022744973639414,8.296410715404958e-05,1.4665809279221225e-05,0.0,0.0,10.0
0.9165000000000001,1.0039105147668261,0.011457742952155535,1.0288041537668275,0.009671708640052065,0.006577775898395378,0.003827345713683342,0.0019434835492341458,0.0008378198284293818,0.0002968329741165329,8.115401034337017e-05,1.4392728592638096e-05,0.0,0.0,10.0
0.9195000000000002,1.00378631040171,0.010787400430528117,1.0272277661443958,0.009207961320826899,0.006335857838631213,0.003720653550558163,0.001902119075735992,0.000822939688315698,0.00029188507898939746,7.955221381318299e-05,1.4157613940680737e-05,0.0,0.0,10.0
0.9224999999999999,1.003717934728266,0.010155946869716428,1.0256950687908037,0.008766024070182099,0.0061040059936265465,0.003614726067629222,0.0018596004598110914,0.0008084088578795362,0.00028727453278846137,7.80922581317818e-05,1.394566230740969e-05,0.0,0.0,10.0
0.9255,1.0035593471422077,0.009563226163887871,1.02435003598092,0.008346751363635945,0.005864561581109769,0.003509085847043066,0.0018185169807306326,0.0007938080284254386,0.0002823689485392516,7.667827726058335e-05,1.3768828303440515e-05,0.0,0.0,10.0
0.9285000000000001,1.0026986899182548,0.009000278541164766,1.0238064124742143,0.007955036169081593,0.005540701001785655,0.0034010319805181186,0.0017904081095236858,0.0007780857589746648,0.0002749052478806204,7.50564538045876e-05,1.3711110711271068e-05,0.0,0.0,10.0
0.9315000000000002,1.002665435859856,0.00847049789716321,1.0225116097157787,0.007589195674341583,0.005328726249783647,0.003297088711999596,0.0017464111408045321,0.0007637849450774475,0.0002704715761273969,7.381182082050266e-05,1.3546108370928178e-05,0.0,0.0,10.0
0.9344999999999999,1.0027016311616397,0.007987721722705237,1.0212235551273943,0.007241899337304932,0.005133454976246472,0.0031952615740332576,0.0017006301401806634,0.0007494420733971061,0.00026628160819284753,7.263092592788149e-05,1.3373840118847403e-05,0.0,0.0,10.0
0.9375,1.0028126039890937,0.007554826471381674,1.0199302965221422,0.006910890742992844,0.004956810597740488,0.003096050808487917,0.001653062240045244,0.0007350304929101137,0.0002623518904673623,7.150371376235632e-05,1.3188450773729568e-05,0.0,0.0,10.0
0.9405000000000001,1.0027017025381193,0.007170449907400162,1.018924369627464,0.00659565367750847,0.004762399041496678,0.0029987889697848822,0.0016095152271312753,0.0007201142533048332,0.0002576424915892638,7.031256767041408e-05,1.3029818733738348e-05,0.0,0.0,10.0
0.9434999999999998,1.0024449054669016,0.006828313166498338,1.0181243285204957,0.006297643204911666,0.004560592909887378,0.0029038432270095285,0.0015688694583659134,0.0007048963222869672,0.00025243999655608415,6.90792659729944e-05,1.2885910974382713e-05,0.0,0.0,10.0
0.9464999999999999,1.0023695860708954,0.006524966617202201,1.0171976520170198,0.00601642126779752,0.004392849826861137,0.00281242792582175,0.0015252314465230982,0.0006899055016387347,0.00024788059934702846,6.790915538857571e-05,1.2707624028969778e-05,0.0,0.0,10.0
0.9495,1.0023045888356978,0.006257041413185869,1.0163150544983588,0.005751082238968793,0.00423719504890794,0.0027241676694056646,0.0014822155127582966,0.000674950694932375,0.00024335080744697913,6.673285938871705e-05,1.2521460003638167e-05,0.0,0.0,10.0
0.9525000000000001,1.0022742970334968,0.0060183911790202705,1.0154517332552446,0.005501790646570361,0.004095970242152147,0.002639146449351963,0.0014397258247943261,0.0006601560268572078,0.0002389222186251947,6.555426777970174e-05,1.2326044781385274e-05,0.0,0.0,10.0
0.9554999999999998,1.0021548795758384,0.005801868312122846,1.0147319764254725,0.005268982124544706,0.003952767498307637,0.002557039722596173,0.0014004320497047174,0.0006454629547925499,0.00023417489383490344,6.433443105057449e-05,1.2142696633675055e-05,0.0,0.0,10.0
0.9584999999999999,1.0016890816903035,0.005596172795113385,1.0144140500577328,0.005054965592338384,0.0037744316689548797,0.002477051991161989,0.0013695142807404071,0.0006306909929694902,0.00022826586617026045,6.300178566200436e-05,1.201435048315212e-05,0.0,0.0,10.0
0.9615,1.0016585539123204,0.005397164307117601,1.0137139744638912,0.004858356668718489,0.0036578835224003094,0.002401420370365058,0.0013320713151914315,0.0006168738628040168,0.00022382888573262188,6.18113053748636e-05,1.181914636672597e-05,0.0,0.0,10.0
0.9645000000000001,1.0016591814843838,0.005206018409691225,1.0130375339221007,0.0046751035938067415,0.0035513596270518094,0.0023296944841773343,0.0012958322077655064,0.0006035123994575578,0.00021951976243004084,6.064393530726131e-05,1.1618930180257504e-05,0.0,0.0,10.0
0.9674999999999998,1.0017164607500706,0.005019416290166368,1.0123598052104235,0.004503593834101404,0.0034568382238458328,0.002262158503768701,0.0012602819800392089,0.0005906650915763954,0.00021543488663362229,5.9516989175296256e-05,1.1409439487759948e-05,0.0,0.0,10.0
0.9704999999999999,1.0016487387024156,0.004832997706189398,1.0118622798563464,0.004343247989140528,0.00335051693172572,0.002198422518280267,0.0012288589631362305,0.0005781584518601894,0.000210993133756458,5.838610360638393e-05,1.1220336277933221e-05,0.0,0.0,10.0
0.9735,1.0007463702254502,0.00463221480616889,1.0122538961856227,0.00419929749642999,0.003142894157531723,0.002136198504729496,0.001215286162046374,0.000565344086023856,0.0002039113303484028,5.706112392781176e-05,1.1171958128377361e-05,0.0,0.0,10.0
0.9765000000000001,1.000866414530285,0.00441773458266223,1.011670543286906,0.004070258910790127,0.003064684235818914,0.002079122172290744,0.0011835783301857646,0.0005541940973871365,0.00020020755210271653,5.606541148951094e-05,1.095950904863704e-05,0.0,0.0,10.0
0.9794999999999998,1.0010373546287215,0.004202342091732432,1.0110796379429257,0.00394936112420295,0.002994000573981546,0.0020253970460985798,0.0011523759857464471,0.0005435546309338013,0.000196699457882559,5.511793206588218e-05,1.074306017149359e-05,0.0,0.0,10.0
0.9824999999999999,1.0013105889519902,0.003987902735607943,1.0104232696552808,0.0038358026311664617,0.002936798764824494,0.0019745187305643865,0.0011206197672686438,0.0005334477036281204,0.00019353124506379146,5.422701553874852e-05,1.051597173306817e-05,0.0,0.0,10.0
0.9855,1.00133426956241,0.003775040266668162,1.010044584855855,0.0037298187628687107,0.0028495329985008234,0.001925100422062306,0.001094987510551774,0.0005235037197940348,0.0001895836188254369,5.329590039243607e-05,1.033865045060706e-05,0.0,0.0,10.0
0.9885000000000002,1.0012142709972476,0.003564488995384946,1.009826758284091,0.0036318220960208413,0.002746366919131406,0.001876670013989228,0.0010731702160635163,0.0005137996196835082,0.00018522261514500088,5.235154752007201e-05,1.0192284402395114e-05,0.0,0.0,10.0
0.9914999999999998,1.0013070871774457,0.003366057759827664,1.0094011238898093,0.00353772436387174,0.002673286199874661,0.001829831627467048,0.0010478050685914528,0.0005045576837650668,0.0001816145648935318,5.148196837297575e-05,1.0010583279249696e-05,0.0,0.0,10.0
0.9944999999999999,1.0013911418019388,0.003192358878003429,1.0089775698841743,0.0034416683705605464,0.002604828820809512,0.0017844724023898164,0.0010226923805250708,0.0004954305459247388,0.00017811626134211402,5.06274589461574e-05,9.825261327479437e-06,0.0,0.0,10.0
0.9975,1.0014876645854194,0.003050844483943567,1.0085276170113928,0.0033395280020692107,0.0025452865532668194,0.0017407520890334565,0.000997044673047021,0.0004863247903851293,0.00017484571161138082,4.978860901560058e-05,9.628009834531725e-06,0.0,0.0,10.0
1.0005000000000002,1.0014460083313723,0.002941320053444603,1.008201449473274,0.00322981420253333,0.0024765283948866112,0.0016982338372022187,0.0009737058297121141,0.0004770385503684464,0.00017136425668298557,4.89214926741833e-05,9.44492781467309e-06,0.0,0.0,10.0
1.0034999999999998,1.0010025972836163,0.0028511149948256733,1.0082697673092407,0.003116134213769813,0.0023649890153025098,0.001655703510590964,0.0009581057249483514,0.00046735694199688554,0.00016686041256572606,4.795487649140091e-05,9.328553650226108e-06,0.0,0.0,10.0
1.0065,1.001016845559365,0.0027700655835390903,1.0078874977215575,0.003000390318696073,0.00231496417954022,0.001613925125500044,0.0009339750302926611,0.0004579580823986478,0.00016394392068902927,4.7073568292027573e-05,9.132328736433582e-06,0.0,0.0,10.0
1.0095,1.0010418381006283,0.0026929951279426557,1.0075126031485826,0.0028826007317902065,0.002268734650301152,0.0015720327784791896,0.0009105150878938354,0.0004484162121978459,0.00016119450801296427,4.615948525515501e-05,8.942886636862837e-06,0.0,0.0,10.0
1.0125000000000002,1.0011242108077336,0.0026137752432278793,1.007105013456597,0.0027649274436453986,0.002230153364616346,0.0015299109332391244,0.0008871095081217945,0.00043876705944316226,0.00015872300780769765,4.521506783082e-05,8.756390164193565e-06,0.0,0.0,10.0
1.0154999999999998,1.0010640075469825,0.0025305751353038213,1.006862049562398,0.002649720156215076,0.0021733998781300855,0.001487389555528557,0.0008676389873007327,0.00042890957616884023,0.0001559032232704246,4.4197822303491816e-05,8.610391008316522e-06,0.0,0.0,10.0
1.0185,1.0000462908753334,0.0024333375119036595,1.007587546394175,0.00254553653055252,0.001997156248584583,0.0014430236238088228,0.0008678618000188571,0.00041845994259870546,0.00015025672162379664,4.294986350388228e-05,8.656555626299146e-06,0.0,0.0,10.0
1.0215,1.000205905294648,0.0023298596859533663,1.0071384633756142,0.0024533060432273815,0.001964698879005862,0.0014000607096720972,0.0008454873313899482,0.00040909942257240476,0.0001481795068259417,4.192798363195546e-05,8.494813018910211e-06,0.0,0.0,10.0
1.0245000000000002,1.0003844313771317,0.0022396399573074953,1.0066574025282937,0.0023679360869273175,0.0019324866128368873,0.0013581966434306105,0.0008227978921906875,0.0004000596664541018,0.00014610551538730474,4.0900621562602845e-05,8.336001495230586e-06,0.0,0.0,10.0
1.0274999999999999,1.000660466925946,0.002167406835400401,1.006056750452351,0.002289767384693522,0.0019103379357702068,0.0013177008320698212,0.0007979397539752735,0.0003915021494865304,0.00014422892452989886,3.989356941877565e-05,8.161732636666451e-06,0.0,0.0,10.0
1.0305,1.0006327001923796,0.0021128035171713183,1.0057336359083153,0.002218199620456757,0.0018497133340585326,0.0012780483283015762,0.0007785968699253742,0.00038318117728915776,0.00014135938044508234,3.883727882631027e-05,8.04297134628025e-06,0.0,0.0,10.0
1.0335,1.0004163476107635,0.002067084633189805,1.0055814567762489,0.0021521577916883555,0.00176597384208582,0.0012389919736471432,0.0007625515936097801,0.00037510221716234343,0.0001378782673795838,3.7759507161633086e-05,7.953720820982418e-06,0.0,0.0,10.0
1.0365000000000002,1.000465944441353,0.0020194530720523407,1.0051701425102024,0.0020872590705886267,0.0017150256990911418,0.001200815404062857,0.0007412612161545269,0.0003673724369956258,0.00013514244136411137,3.674286398605414e-05,7.804951958299056e-06,0.0,0.0,10.0
1.0394999999999999,1.0005333279064923,0.0019527208500222963,1.0047815522774883,0.0020205149967273844,0.0016638728990690072,0.0011629608397143493,0.0007204095997858292,0.0003596884949172187,0.00013237651107879706,3.573655566186988e-05,7.647240075567073e-06,0.0,0.0,10.0
1.0425,1.0006802960716243,0.0018469083985505333,1.0043873672503225,0.0019531240495549592,0.0016161598382886488,0.001125027745507785,0.000699703174563109,0.000352042298950331,0.00012968180026980857,3.474821532347086e-05,7.4760131222195645e-06,0.0,0.0,10.0
1.0455,1.0007443943977863,0.0016945130209493212,1.0041601728915177,0.0018874740851349142,0.001549358083622275,0.0010867294249298344,0.000682753425198152,0.0003443879878410559,0.00012654316100043316,3.37514720972737e-05,7.326949111966888e-06,0.0,0.0,10.0
1.0485000000000002,1.000398404787414,0.0015066881880043319,1.004400285413736,0.0018257274923197111,0.0014251118781168257,0.0010480365790815048,0.0006754494067529123,0.0003366632820679441,0.00012208807898950646,3.2701836246257575e-05,7.2592088031299405e-06,0.0,0.0,10.0
1.0514999999999999,1.0006034622823805,0.0013250859992866154,1.0040981008293883,0.0017607682291496756,0.001367794248061944,0.001011299890297931,0.0006573679605736873,0.00032938392162757746,0.00011927471108506961,3.177256681256178e-05,7.067896256252271e-06,0.0,0.0,10.0
1.0545,1.0007686952606247,0.0011995243520499025,1.0037880732490405,0.001679959562311555,0.0013119974825382633,0.0009779701880636231,0.0006386854703654612,0.00032218469902701774,0.00011657322298362749,3.087793390964871e-05,6.852483586203679e-06,0.0,0.0,10.0
1.0575,1.0009253380252137,0.001147995857312881,1.0034129139293513,0.0015773813049280126,0.0012656415440434872,0.000948804443762328,0.0006181401526808614,0.0003151040103527014,0.00011416441790670445,3.003010751630075e-05,6.600701228395526e-06,0.0,0.0,10.0
1.0605000000000002,1.0008488311316524,0.0011467997781709736,1.0032045259891313,0.0014561652147530495,0.0012003794252303187,0.0009228611415693019,0.0006006526430831049,0.0003081673332814829,0.0001113674650054191,2.9193245544065623e-05,6.365502442974035e-06,0.0,0.0,10.0
1.0635,0.9996904178520868,0.0011303227486604492,1.0040402887950035,0.0013331800938600664,0.0010070935816177244,0.0008968727790993116,0.0006045109609677946,0.00030130191367191544,0.00010562348779548981,2.8233316236707758e-05,6.3403260739989205e-06,0.0,0.0,10.0
1.0665,0.999843494088745,0.0010597816553197907,1.0035788830627326,0.0012154288337764265,0.0009726572337962608,0.0008708221178080589,0.0005837737101407296,0.00029573742722866566,0.00010355746525706436,2.749180852933043e-05,6.060810549023982e-06,0.0,0.0,10.0
1.0695000000000001,1.000033124113477,0.0009516973319521815,1.0031036148074337,0.0010949957985184838,0.0009373883302013578,0.000844058209262872,0.0005645639261168352,0.0002908957227302726,0.00010143594490262214,2.6763334482485306e-05,5.794747640808795e-06,0.0,0.0,10.0
1.0724999999999998,1.0003363892211905,0.0008404973628569567,1.0025086058294213,0.0009664463606035203,0.0009155782428926025,0.0008162955222320809,0.0005444282506555776,0.0002868759716746394,9.963961800101924e-05,2.6045947006888176e-05,5.511178334393641e-06,0.0,0.0,10.0
1.0755,1.0002763101752212,0.000757611138771108,1.0022230174080078,0.0008280657252195115,0.0008556629744938817,0.0007863581236010947,0.0005316905963347679,0.0002835848788534842,9.706134988191073e-05,2.525612064356075e-05,5.288037990992658e-06,0.0,0.0,10.0
1.0785,1.0000467850337653,0.0007169105599117104,1.0020547573540177,0.000680910098430375,0.0007775868241291648,0.0007534562881964413,0.0005239928432073058,0.00028100129841757067,9.418386547426006e-05,2.4394794088534265e-05,5.098600005077089e-06,0.0,0.0,10.0
1.0815000000000001,1.0001120258691127,0.0006887831085742556,1.0015769059821178,0.0005331835283464067,0.0007260591671444817,0.0007173432585371435,0.000515619461763983,0.0002788926830866553,9.207241942709558e-05,2.3486907707260764e-05,4.88363484283061e-06,0.0,0.0,10.0
1.0844999999999998,1.0002497343990835,0.0005970336722665558,1.0010233804523532,0.0004027123163117466,0.0006668860046404418,0.0006797841129108164,0.0005127383688331245,0.0002766064318486094,9.014223226774072e-05,2.246844843142478e-05,4.704063616462201e-06,0.0,0.0,10.0
1.0875,1.0004256311077022,0.0003538311954768417,1.000375349590271,0.0003025906546140041,0.0006077927633902782,0.0006467038190907842,0.0005125506892958352,0.0002738661411476856,8.883633806950737e-05,2.1324071540596883e-05,4.518112419004983e-06,0.0,0.0,10.0
1.0905,1.0004402718034864,5.0672865385216915e-05,0.999909635750393,0.00020614764977124224,0.0005327855065061926,0.0006285564235864702,0.0005159417661778411,0.000270356586280357,8.752458472519155e-05,2.0045471809941182e-05,4.33757237804357e-06,0.0,0.0,10.0
1.0935000000000001,0.9996423070861491,-0.00014173550849245147,1.0004268086905286,8.167863969989378e-05,0.0003570357803139091,0.0006301669493917954,0.000537787714278424,0.00026634919910204955,8.345056134053145e-05,1.8545851710854465e-05,4.311166084723596e-06,0.0,0.0,10.0
1.0964999999999998,0.9997941108411422,-0.00012604431580802872,0.999973008186326,-9.194694234566567e-05,0.0003435602652229297,0.0006559679980201585,0.0005367150312442955,0.00026233733032785304,8.187123553685105e-05,1.7083424886298652e-05,3.941842458176335e-06,0.0,0.0,10.0
1.0995,0.9998692847213544,-0.00015091763916365276,0.999601059662814,-0.00020444553494900652,0.0003697498781876748,0.0006889183087292873,0.0005353039210761022,0.0002586915041930126,7.908528724619952e-05,1.5391566260779463e-05,3.4690678370073587e-06,0.0,0.0,10.0
1.1025,0.9999171102857404,-0.00026043039687351585,0.9993131424017905,-0.0001692103157466679,0.0004672115002623414,0.0007173079389242508,0.0005288470113914427,0.0002544909840300929,7.439919960891619e-05,1.2915666301583507e-05,2.7680680086083257e-06,0.0,0.0,10.0
1.1055000000000001,0.9999121515920757,-0.00028462878731291,0.9993315686227454,-0.0001161667437025998,0.000508653175763012,0.0007245073695747754,0.0005245271872384952,0.00024983166407411915,6.907071247398708e-05,1.1036840223158931e-05,2.357945798220752e-06,0.0,0.0,10.0
1.1084999999999998,0.9999022889177779,-0.0002725039457624546,0.9995440832055306,-2.331269554511885e-05,0.0005482444770717099,0.0007478361171087097,0.0005295338648297872,0.00023587090907535384,5.8469147098689036e-05,0.0,0.0,0.0,0.0,8.0
1.1115,0.9999367270793185,-0.0001985098090075884,0.9997555980706349,0.0001008663490656827,0.00063722237680608,0.0007669676485433095,0.0005099266593429722,0.00021884527915491743,5.3162073389283234e-05,0.0,0.0,0.0,0.0,8.0
1.1145,0.9999455333354931,-9.491130660693792e-05,1.000119260799974,0.0002553218205013403,0.0007060467357712314,0.000766709644973543,0.00048729717410563326,0.00020415984838552457,4.8935751926335254e-05,0.0,0.0,0.0,0.0,8.0
1.1175000000000002,0.9999519681906239,3.1138594724086234e-05,1.0005158935254024,0.0003971497801860166,0.0007538227819618844,0.0007577814436290786,0.00046561719898125724,0.00019152832528414128,4.5408628656399354e-05,0.0,0.0,0.0,0.0,8.0
1.1204999999999998,0.9999920200764428,0.00015474373441102697,1.0008481310878425,0.000518456635311094,0.0007921811153405698,0.0007456838195948666,0.0004451066142810978,0.00018051897503386358,4.247420055009951e-05,0.0,0.0,0.0,0.0,8.0
1.1235,1.0000748221772426,0.00026596574820660535,1.0010880875817645,0.0006200305126824059,0.0008270042097985637,0.0007323064313272537,0.00042533439957428417,0.00017069944351854387,4.002408014436228e-05,0.0,0.0,0.0,0.0,8.0
1.1265,1.0000902134447431,0.00036123313620900336,1.0013408333712275,0.0007030271354624246,0.0008465035776988581,0.0007178956407787624,0.0004080882070249831,0.00016174836993565692,3.76780089432319e-05,0.0,0.0,0.0,0.0,8.0
1.1295000000000002,1.0000986028835874,0.00043927525504463606,1.0015471226017192,0.0007686353036329395,0.0008586820053092498,0.0007024355757119759,0.00039189209341440227,0.00015353206297355235,3.555620736551859e-05,0.0,0.0,0.0,0.0,8.0
1.1324999999999998,1.0000938268836663,0.0005008819639025142,1.001716841465933,0.0008181566987090756,0.0008632393260438608,0.0006859334437814341,0.00037666495441951876,0.00014593748355363857,3.3606221065907174e-05,0.0,0.0,0.0,0.0,8.0
1.1355,1.0001053140034835,0.00054761555958231,1.0018262623590346,0.0008531753723749033,0.0008641911249002111,0.0006684480980150768,0.0003616573456287877,0.00013887963860312745,3.187467326998318e-05,0.0,0.0,0.0,0.0,8.0
1.1385,1.0002198945643967,0.0005823423252929922,1.0017955132327054,0.0008748933704937058,0.0008725932792907107,0.0006502100989575114,0.0003450430293318384,0.00013230441452695754,3.056644820926889e-05,0.0,0.0,0.0,0.0,8.0
1.1415000000000002,1.000200138317938,0.0006058459360383364,1.0018669591028904,0.0008856038581480915,0.0008599213933606379,0.000631273539920624,0.000331524734426513,0.00012608871590065937,2.9015507347967755e-05,0.0,0.0,0.0,0.0,8.0
1.1444999999999999,1.0001783243249927,0.0006176374809300568,1.0019154858721324,0.0008881696018135153,0.0008429774254191336,0.0006118377370358871,0.0003185137441351031,0.00012025184297033348,2.756449620632449e-05,0.0,0.0,0.0,0.0,8.0
1.1475,1.000144473002216,0.0006190068273665482,1.0019561998077604,0.0008844552973574763,0.000821280989153212,0.0005921455590323854,0.0003062619694821445,0.00011476711049149025,2.617659062330905e-05,0.0,0.0,0.0,0.0,8.0
1.1505,1.0001452472631853,0.0006121690556217362,1.0019465569913983,0.0008756938913436603,0.0008013669737337798,0.0005724610097950893,0.00029386807490790564,0.00010962172967395436,2.4971643079490828e-05,0.0,0.0,0.0,0.0,8.0
1.1535000000000002,1.0002019787872136,0.000600464626619649,1.0018678706796573,0.0008623312029386256,0.0007866689068769944,0.0005530218737631503,0.0002808946252844469,0.00010478818686752772,2.4001940770016847e-05,0.0,0.0,0.0,0.0,8.0
1.1564999999999999,1.0001830471514435,0.0005857875071382494,1.0018525226964359,0.0008452342326023172,0.0007617940753451089,0.0005338454261727707,0.00026992515383219044,0.00010020508277837845,2.2909239944282217e-05,0.0,0.0,0.0,0.0,8.0
1.1595,1.0001620228388688,0.0005688418492626179,1.0018288809125278,0.0008255212706898566,0.0007362471137283048,0.0005149395832329749,0.000259442876034799,9.587306250678524e-05,2.188146090420016e-05,0.0,0.0,0.0,0.0,8.0
1.1625,1.0001312877248774,0.0005505483904272197,1.0018059602643432,0.0008038802397767644,0.0007094000758989473,0.0004963096875447066,0.00024954450154491403,9.177031555495094e-05,2.0887067250246738e-05,0.0,0.0,0.0,0.0,8.0
1.1655000000000002,1.0001243918690188,0.0005318156757628941,1.0017518918649346,0.0007807394220115007,0.0006855387053435911,0.00047802451726710807,0.00023949881507038745,8.78856394987528e-05,2.0005691310568993e-05,0.0,0.0,0.0,0.0,8.0
1.1684999999999999,1.0002308108005709,0.000514972787977459,1.001579157686499,0.0007556319644234919,0.0006757490640826225,0.00046031067566072026,0.00022744851492336325,8.421246346215094e-05,1.946881293563177e-05,0.0,0.0,0.0,0.0,8.0
1.1715,1.0001934969261128,0.0005002468344946004,1.0015442106751475,0.0007289746651507319,0.0006487227032168027,0.0004431710265011515,0.00021846879259431715,8.067681992918051e-05,1.8594335437537307e-05,0.0,0.0,0.0,0.0,8.0
1.1745,1.0001539704613231,0.00048599048439133054,1.0015081141570492,0.0007019450653338622,0.00062178526195357,0.0004266485439548685,0.00020971520003194022,7.730448200042983e-05,1.7755714873353417e-05,0.0,0.0,0.0,0.0,8.0
1.1775000000000002,1.00010131396766,0.0004712009058818002,1.001483808542527,0.0006752296332469743,0.0005934639319078358,0.0004107393548221117,0.0002014456955412055,7.408455606824118e-05,1.6917188895827644e-05,0.0,0.0,0.0,0.0,8.0
1.1804999999999999,1.0000879698980365,0.00045462122454252547,1.0014216848589699,0.0006495025220318782,0.0005699271114688187,0.0003953959380999917,0.00019269928031268553,7.102201493799684e-05,1.6204727479675176e-05,0.0,0.0,0.0,0.0,8.0
1.1835,1.0001393894657893,0.00043606123761483776,1.001298557832596,0.0006248673632015371,0.0005541244156089086,0.00038057158936332763,0.00018305738848806507,6.811196925445529e-05,1.5672969243299723e-05,0.0,0.0,0.0,0.0,8.0
1.1865,1.0001132698782953,0.000415104180390246,1.0012566563768026,0.000601561365356955,0.0005287907376207717,0.00036611632460255365,0.0001754146553076263,6.53188280439698e-05,1.4944843905668971e-05,0.0,0.0,0.0,0.0,8.0
1.1894999999999998,1.000089304613162,0.00039197779737764135,1.0012167030825883,0.0005794685909767508,0.0005041325125139544,0.00035197816571786274,0.00016815673905947555,6.263995777172767e-05,1.4237815218926127e-05,0.0,0.0,0.0,0.0,8.0
1.1925,1.0000571925839092,0.0003681906662921323,1.001188449918648,0.0005576575787101784,0.0004795150988067066,0.0003381749036641039,0.00016143431020793815,6.004172844184469e-05,1.3540759561679183e-05,0.0,0.0,0.0,0.0,8.0
1.1955,1.0000521370956965,0.0003446708645517797,1.0011374570172231,0.0005352390753722021,0.00045966369306460605,0.0003247416146283228,0.00015451319390268685,5.7495347877074794e-05,1.2958651168924873e-05,0.0,0.0,0.0,0.0,8.0
1.1985000000000001,1.0001708252230246,0.00032247770523546567,1.00096958350875,0.0005112417717954703,0.00045634743604287803,0.00031177538539823945,0.00014548761660362149,5.498439048982138e-05,1.2744097187353985e-05,0.0,0.0,0.0,0.0,8.0
1.2014999999999998,1.0001382277315594,0.0003000351165642876,1.000959181990056,0.00048649876772606884,0.00043557168439104014,0.00029913937844370305,0.00013992647332771243,5.2465936486998036e-05,1.2171531196902699e-05,0.0,0.0,0.0,0.0,8.0
1.2045,1.0001071308197944,0.000275761285075075,1.0009528653321547,0.00046289290624574106,0.00041567453732862375,0.00028679029305346435,0.00013474108214459794,4.999004397863387e-05,1.1629351678319485e-05,0.0,0.0,0.0,0.0,8.0
1.2075,1.0000620020869837,0.0002527386538917442,1.0009598910302742,0.00044116836818521217,0.00039487476754598367,0.00027487479688177117,0.00013007718423391763,4.758519463591334e-05,1.1076690544384548e-05,0.0,0.0,0.0,0.0,8.0
1.2105000000000001,1.0000534688508786,0.00023681236090421307,1.0009223376250544,0.00042112049044044263,0.0003797879888233445,0.0002636836555315843,0.00012468167973144362,4.528615938535998e-05,1.0650194973328477e-05,0.0,0.0,0.0,0.0,8.0
1.2134999999999998,1.00010332492602,0.00023292769952588726,1.000814672600044,0.00040182585815069175,0.00037335151033761273,0.0002534922168449926,0.0001179552908963905,4.31118265047874e-05,1.0405590124984755e-05,0.0,0.0,0.0,0.0,8.0
1.2165,1.0000630082009965,0.00023799546670063367,1.000788041399241,0.00038374365617339614,0.000357156142791177,0.00024419825562667493,0.00011291193377345704,4.105839414041077e-05,9.944043146475728e-06,0.0,0.0,0.0,0.0,8.0
1.2195,1.000023426318153,0.00024175106122488853,1.0007630840038544,0.0003684847454565348,0.0003414964901550227,0.0002354256531224041,0.00010796003648087018,3.914038278405195e-05,9.47432614226043e-06,0.0,0.0,0.0,0.0,8.0
1.2225000000000001,0.9999831654389121,0.0002357281668314638,1.0007546947498875,0.0003566372520221933,0.00032517815270075663,0.00022679982682446105,0.0001034865858490604,3.7328008047147454e-05,8.962059603923437e-06,0.0,0.0,0.0,0.0,8.0
1.2254999999999998,0.9999849651661542,0.00021859835331358533,1.0007283041829371,0.00034742768728962564,0.00031310403776381473,0.00021814033117113557,9.887832734960159e-05,3.557031796573088e-05,8.506739395036184e-06,0.0,0.0,0.0,0.0,8.0
1.2285,1.0001370389798567,0.00019719340459532786,1.0005715160133222,0.000338928642214142,0.0003196648453720743,0.00020959967299699305,9.184876284345903e-05,3.381571487996049e-05,8.416386066786225e-06,0.0,0.0,0.0,0.0,8.0
1.2315,1.0001111143448274,0.00017908624516129858,1.0005926237061176,0.0003309376805942755,0.00030713486949929665,0.00020135941869408181,8.853130878445658e-05,3.2000919455358034e-05,7.904786790639079e-06,0.0,0.0,0.0,0.0,8.0
1.2345000000000002,1.0000734663636595,0.0001701141333586218,1.0006114429257063,0.0003245003680823093,0.0002971703090747741,0.00019379887947158225,8.519779859017453e-05,3.014564549569402e-05,7.4271182891778474e-06,0.0,0.0,0.0,0.0,8.0
1.2374999999999998,1.0000169630485858,0.00017487321171458467,1.0006412520971657,0.00031964503553576836,0.0002869093567145125,0.00018743423174958813,8.222303764565916e-05,2.8251589771789007e-05,6.895626132095549e-06,0.0,0.0,0.0,0.0,8.0
1.2405,1.0000132465851026,0.00018483959932482478,1.0006269844312627,0.00031886493522593654,0.0002829950676695547,0.00018220545363507388,7.842314507631807e-05,2.6347989908641105e-05,6.423692600941812e-06,0.0,0.0,0.0,0.0,8.0
1.2435,1.0000760692538875,0.0001797505729508611,1.0005616203014018,0.0003276370471781859,0.0002879052238891293,0.0001771573994553781,7.316542289923669e-05,2.4483160205804395e-05,6.0726747917839485e-06,0.0,0.0,0.0,0.0,8.0
1.2465000000000002,1.0000583476078508,0.0001637952253703707,1.0005984044446825,0.0003438987184804369,0.0002835099549585978,0.0001718978223273754,6.913272260364718e-05,2.2615561074249794e-05,5.495969843178718e-06,0.0,0.0,0.0,0.0,8.0
1.2494999999999998,1.0000440650721516,0.0001619127815468151,1.0006563694041595,0.0003576464703746882,0.0002786848074036759,0.0001669373183097226,6.450877573399021e-05,2.0652963306508615e-05,4.929108343865338e-06,0.0,0.0,0.0,0.0,8.0
1.2525,1.0000321353486186,0.00019899065403375187,1.0007414226190896,0.00035784184384671393,0.0002691753501063684,0.00016166791136168788,5.8574730529593725e-05,1.7983273138017182e-05,4.198309452092361e-06,0.0,0.0,0.0,0.0,8.0
1.2555,1.0000320582757873,0.00021343324374772433,1.0007632228838799,0.00035330538633038044,0.000262963365360254,0.0001572507695595305,5.3694802474430254e-05,1.622058848165366e-05,3.7822650472372536e-06,0.0,0.0,0.0,0.0,8.0
1.2585000000000002,1.0000752352937687,0.00022692031216203865,1.0007007886549295,0.0003515877983629168,0.0002720551256135481,0.00014551439410557534,4.1782580613028224e-05,0.0,0.0,0.0,0.0,0.0,0.0,6.0
1.2614999999999998,1.0000624216356848,0.00021738712616206106,1.0007168173591259,0.00035338306133889113,0.00025500565786743126,0.00012954349109668868,3.606387405961862e-05,0.0,0.0,0.0,0.0,0.0,0.0,6.0
1.2645,1.0000624675573127,0.00021441071382893254,1.0007003997363273,0.00033912603348501856,0.00023345743830733282,0.00011506528080049922,3.134421035922455e-05,0.0,0.0,0.0,0.0,0.0,0.0,6.0
1.2675,1.0000669484441886,0.00020803035873131966,1.000652909511081,0.00031463272057922413,0.00021061406044909928,0.00010218995504488467,2.7356324934194386e-05,0.0,0.0,0.0,0.0,0.0,0.0,6.0
1.2705000000000002,1.0000620135399048,0.00019542075878559994,1.0005951254203616,0.00028539106514313727,0.0001873440599502889,9.076391352386511e-05,2.4087749363483248e-05,0.0,0.0,0.0,0.0,0.0,0.0,6.0
1.2734999999999999,1.0000393218637342,0.00017759001119342342,1.0005481801105607,0.0002552558803951611,0.00016356481919998196,8.053369307832511e-05,2.1601229256522002e-05,0.0,0.0,0.0,0.0,0.0,0.0,6.0
1.2765,1.0000394913801414,0.00015676537524830528,1.000482158367236,0.00022613845704197056,0.00014428514351249206,7.127253710505712e-05,1.9055872319901652e-05,0.0,0.0,0.0,0.0,0.0,0.0,6.0
1.2795,1.0000414441638554,0.00013538907823495367,1.0004217723166127,0.00019869952043759625,0.0001267929916340611,6.281264902561919e-05,1.6829456416195112e-05,0.0,0.0,0.0,0.0,0.0,0.0,6.0
1.2825000000000002,1.000045603597942,0.00011503476646323783,1.0003634179367802,0.0001733992703995283,0.00011134212213784471,5.5043572047414966e-05,1.4763266532574061e-05,0.0,0.0,0.0,0.0,0.0,0.0,6.0
1.2854999999999999,1.0000401479862704,9.75929438452088e-05,1.0003148681216605,0.00015032647927834528,9.653782971661238e-05,4.793956509430237e-05,1.296961149336772e-05,0.0,0.0,0.0,0.0,0.0,0.0,6.0
1.2885,1.0000150705537734,8.54177272707038e-05,1.0002870716011538,0.00012902563972338747,8.054243914024873e-05,4.153317676336575e-05,1.1672630853560355e-05,0.0,0.0,0.0,0.0,0.0,0.0,6.0
1.2915,1.0000153803512872,7.765611903333877e-05,1.0002380931359625,0.00010939496157539005,6.829791835004016e-05,3.5794662808462266e-05,1.0017857780758977e-05,0.0,0.0,0.0,0.0,0.0,0.0,6.0
1.2945000000000002,1.000017054814226,6.938252401280015e-05,1.0001926825705363,9.223587844125736e-05,5.67723317017517e-05,3.058360057769669e-05,8.510423478415471e-06,0.0,0.0,0.0,0.0,0.0,0.0,6.0
1.2974999999999999,1.000019573543267,5.1293763129093044e-05,1.0001404249208816,7.58031967077428e-05,4.4372204344813255e-05,2.461197750930483e-05,6.742282583536753e-06,0.0,0.0,0.0,0.0,0.0,0.0,6.0
1.3005,1.000018643166348,4.219641403640672e-05,1.0001175668626432,6.717086936199625e-05,3.6503802755288335e-05,2.130393120373263e-05,5.8621346391552155e-06,0.0,0.0,0.0,0.0,0.0,0.0,6.0
1.3035,1.0000073925876671,3.218280120764054e-05,1.0001129484950848,5.18434629349901e-05,2.0875214127193484e-05,0.0,0.0,0.0,0.0,0.0,0.0,0.0,0.0,4.0
1.3065000000000002,1.0000088164249388,2.669809670886733e-05,1.0000811211751042,3.604340124831241e-05,1.4294271785234643e-05,0.0,0.0,0.0,0.0,0.0,0.0,0.0,0.0,4.0
1.3094999999999999,1.0000063623163353,1.8769444184147233e-05,1.000054365101929,2.471649006947429e-05,9.752812488942351e-06,0.0,0.0,0.0,0.0,0.0,0.0,0.0,0.0,4.0
1.3125,1.0000021954620497,1.1807842199385697e-05,1.0000322136344122,1.5475813280690175e-05,6.010686531114896e-06,0.0,0.0,0.0,0.0,0.0,0.0,0.0,0.0,4.0
1.3155000000000001,1.0000009522689965,8.996161325319202e-06,1.0000222409291004,1.205456019996517e-05,4.774500966851575e-06,0.0,0.0,0.0,0.0,0.0,0.0,0.0,0.0,4.0
1.3184999999999998,1.0000028583173144,4.950782581638443e-06,1.0000057167009768,0.0,0.0,0.0,0.0,0.0,0.0,0.0,0.0,0.0,0.0,2.0
1.3215,1.000001146828469,1.98636528678755e-06,1.000002293659152,0.0,0.0,0.0,0.0,0.0,0.0,0.0,0.0,0.0,0.0,2.0
1.3245,1.0000004025292182,6.972010704744739e-07,1.0000008050587317,0.0,0.0,0.0,0.0,0.0,0.0,0.0,0.0,0.0,0.0,2.0
1.3275000000000001,1.0000001204693296,2.0865900030015914e-07,1.0000002409386874,0.0,0.0,0.0,0.0,0.0,0.0,0.0,0.0,0.0,0.0,2.0
1.3304999999999998,1.0000000304548893,5.274941697320445e-08,1.0000000609097828,0.0,0.0,0.0,0.0,0.0,0.0,0.0,0.0,0.0,0.0,2.0
1.3335,1.000000006541312,1.1329884691744821e-08,1.000000013082624,0.0,0.0,0.0,0.0,0.0,0.0,0.0,0.0,0.0,0.0,2.0
1.3365,1.0000000012199444,2.11300552143785e-09,1.0000000024398887,0.0,0.0,0.0,0.0,0.0,0.0,0.0,0.0,0.0,0.0,2.0
1.3395000000000001,1.0000000002056857,3.562578383884765e-10,1.0000000004113714,0.0,0.0,0.0,0.0,0.0,0.0,0.0,0.0,0.0,0.0,2.0
1.3424999999999998,1.0000000000331302,5.738298806371024e-11,1.0000000000662603,0.0,0.0,0.0,0.0,0.0,0.0,0.0,0.0,0.0,0.0,2.0
1.3455,1.0000000000053524,9.271002121682796e-12,1.0000000000107054,0.0,0.0,0.0,0.0,0.0,0.0,0.0,0.0,0.0,0.0,2.0
1.3485,1.0000000000008822,1.5278410261731993e-12,1.000000000001764,0.0,0.0,0.0,0.0,0.0,0.0,0.0,0.0,0.0,0.0,2.0
1.3515000000000001,1.0000000000001465,2.5395939223662573e-13,1.000000000000293,0.0,0.0,0.0,0.0,0.0,0.0,0.0,0.0,0.0,0.0,2.0
1.3544999999999998,1.0000000000000244,4.202716828440303e-14,1.0000000000000486,0.0,0.0,0.0,0.0,0.0,0.0,0.0,0.0,0.0,0.0,2.0
1.3575,1.0000000000000038,6.9252769266872245e-15,1.0000000000000082,0.0,0.0,0.0,0.0,0.0,0.0,0.0,0.0,0.0,0.0,2.0
1.3605,1.0000000000000004,1.0929779710858874e-15,1.0000000000000013,0.0,0.0,0.0,0.0,0.0,0.0,0.0,0.0,0.0,0.0,2.0
1.3635000000000002,1.0,1.3984574925743002e-16,1.0,0.0,0.0,0.0,0.0,0.0,0.0,0.0,0.0,0.0,0.0,2.0
1.3664999999999998,1.0,7.432789254886807e-18,1.0,0.0,0.0,0.0,0.0,0.0,0.0,0.0,0.0,0.0,0.0,2.0
1.3695,1.0,2.9545201601152643e-19,1.0,0.0,0.0,0.0,0.0,0.0,0.0,0.0,0.0,0.0,0.0,2.0
1.3725,1.0,1.0188629780587317e-20,1.0,0.0,0.0,0.0,0.0,0.0,0.0,0.0,0.0,0.0,0.0,2.0
1.3755000000000002,1.0,3.843785473442425e-22,1.0,0.0,0.0,0.0,0.0,0.0,0.0,0.0,0.0,0.0,0.0,2.0
1.3784999999999998,1.0,1.4595916503098668e-23,1.0,0.0,0.0,0.0,0.0,0.0,0.0,0.0,0.0,0.0,0.0,2.0
1.3815,1.0,5.85142642401127e-25,1.0,0.0,0.0,0.0,0.0,0.0,0.0,0.0,0.0,0.0,0.0,2.0
1.3845,1.0,2.3780895407575344e-26,1.0,0.0,0.0,0.0,0.0,0.0,0.0,0.0,0.0,0.0,0.0,2.0
1.3875000000000002,1.0,9.555648259299273e-28,1.0,0.0,0.0,0.0,0.0,0.0,0.0,0.0,0.0,0.0,0.0,2.0
1.3904999999999998,1.0,3.742946797529827e-29,1.0,0.0,0.0,0.0,0.0,0.0,0.0,0.0,0.0,0.0,0.0,2.0
1.3935,1.0,1.4397023576168532e-30,1.0,0.0,0.0,0.0,0.0,0.0,0.0,0.0,0.0,0.0,0.0,2.0
1.3965,1.0,5.525617096263211e-32,1.0,0.0,0.0,0.0,0.0,0.0,0.0,0.0,0.0,0.0,0.0,2.0
1.3995000000000002,1.0,2.1401845389580153e-33,1.0,0.0,0.0,0.0,0.0,0.0,0.0,0.0,0.0,0.0,0.0,2.0
1.4024999999999999,1.0,8.354101710758699e-35,1.0,0.0,0.0,0.0,0.0,0.0,0.0,0.0,0.0,0.0,0.0,2.0
1.4055,1.0,3.256653866756611e-36,1.0,0.0,0.0,0.0,0.0,0.0,0.0,0.0,0.0,0.0,0.0,2.0
1.4085,1.0,1.257538090029011e-37,1.0,0.0,0.0,0.0,0.0,0.0,0.0,0.0,0.0,0.0,0.0,2.0
1.4115000000000002,1.0,4.7976872290889715e-39,1.0,0.0,0.0,0.0,0.0,0.0,0.0,0.0,0.0,0.0,0.0,2.0
1.4144999999999999,1.0,1.8137026762790345e-40,1.0,0.0,0.0,0.0,0.0,0.0,0.0,0.0,0.0,0.0,0.0,2.0
1.4175,1.0,6.831604194131349e-42,1.0,0.0,0.0,0.0,0.0,0.0,0.0,0.0,0.0,0.0,0.0,2.0
1.4205,1.0,2.5751758514689043e-43,1.0,0.0,0.0,0.0,0.0,0.0,0.0,0.0,0.0,0.0,0.0,2.0
1.4235000000000002,1.0,9.722083158895793e-45,1.0,0.0,0.0,0.0,0.0,0.0,0.0,0.0,0.0,0.0,0.0,2.0
1.4264999999999999,1.0,3.6662430283584995e-46,1.0,0.0,0.0,0.0,0.0,0.0,0.0,0.0,0.0,0.0,0.0,2.0
1.4295,1.0,1.375483486671293e-47,1.0,0.0,0.0,0.0,0.0,0.0,0.0,0.0,0.0,0.0,0.0,2.0
1.4325,1.0,5.1188258485882955e-49,1.0,0.0,0.0,0.0,0.0,0.0,0.0,0.0,0.0,0.0,0.0,2.0
1.4355000000000002,1.0,1.8884893133603588e-50,1.0,0.0,0.0,0.0,0.0,0.0,0.0,0.0,0.0,0.0,0.0,2.0
1.4385,1.0,6.92051594638295e-52,1.0,0.0,0.0,0.0,0.0,0.0,0.0,0.0,0.0,0.0,0.0,2.0
1.4415,1.0,2.528419064900526e-53,1.0,0.0,0.0,0.0,0.0,0.0,0.0,0.0,0.0,0.0,0.0,2.0
1.4445000000000001,1.0,9.247692119976527e-55,1.0,0.0,0.0,0.0,0.0,0.0,0.0,0.0,0.0,0.0,0.0,2.0
1.4474999999999998,1.0,3.3967787740808755e-56,1.0,0.0,0.0,0.0,0.0,0.0,0.0,0.0,0.0,0.0,0.0,2.0
1.4505,1.0,1.2546982639854049e-57,1.0,0.0,0.0,0.0,0.0,0.0,0.0,0.0,0.0,0.0,0.0,2.0
1.4535,1.0,4.658309314576053e-59,1.0,0.0,0.0,0.0,0.0,0.0,0.0,0.0,0.0,0.0,0.0,2.0
1.4565000000000001,1.0,1.7353493834544664e-60,1.0,0.0,0.0,0.0,0.0,0.0,0.0,0.0,0.0,0.0,0.0,2.0
1.4594999999999998,1.0,6.473507075413464e-62,1.0,0.0,0.0,0.0,0.0,0.0,0.0,0.0,0.0,0.0,0.0,2.0
1.4625,1.0,2.4143641828532633e-63,1.0,0.0,0.0,0.0,0.0,0.0,0.0,0.0,0.0,0.0,0.0,2.0
1.4655,1.0,8.995589828124699e-65,1.0,0.0,0.0,0.0,0.0,0.0,0.0,0.0,0.0,0.0,0.0,2.0
1.4685000000000001,1.0,3.347986834639005e-66,1.0,0.0,0.0,0.0,0.0,0.0,0.0,0.0,0.0,0.0,0.0,2.0
1.4714999999999998,1.0,1.2450887889617584e-67,1.0,0.0,0.0,0.0,0.0,0.0,0.0,0.0,0.0,0.0,0.0,2.0
1.4745,1.0,4.6282294598527257e-69,1.0,0.0,0.0,0.0,0.0,0.0,0.0,0.0,0.0,0.0,0.0,2.0
1.4775,1.0,1.719617197409056e-70,1.0,0.0,0.0,0.0,0.0,0.0,0.0,0.0,0.0,0.0,0.0,2.0
1.4805000000000001,1.0,6.383797795114343e-72,1.0,0.0,0.0,0.0,0.0,0.0,0.0,0.0,0.0,0.0,0.0,2.0
1.4834999999999998,1.0,2.3662167944675055e-73,1.0,0.0,0.0,0.0,0.0,0.0,0.0,0.0,0.0,0.0,0.0,2.0
1.4865,1.0,8.750395156093975e-75,1.0,0.0,0.0,0.0,0.0,0.0,0.0,0.0,0.0,0.0,0.0,2.0
1.4895,1.0,3.2266180693248057e-76,1.0,0.0,0.0,0.0,0.0,0.0,0.0,0.0,0.0,0.0,0.0,2.0
1.4925000000000002,1.0,1.1860708783944311e-77,1.0,0.0,0.0,0.0,0.0,0.0,0.0,0.0,0.0,0.0,0.0,2.0
1.4954999999999998,1.0,4.346997570895049e-79,1.0,0.0,0.0,0.0,0.0,0.0,0.0,0.0,0.0,0.0,0.0,2.0
1.4985,1.0,1.646784222131429e-80,1.0,0.0,0.0,0.0,0.0,0.0,0.0,0.0,0.0,0.0,0.0,2.0
