-1.4985,7.0,6.535516573734674e-51,1.0,0.0,0.0,0.0,0.0,0.0,0.0,0.0,0.0,0.0,0.0,2.0
-1.4955,7.0,1.257824891194818e-49,1.0,0.0,0.0,0.0,0.0,0.0,0.0,0.0,0.0,0.0,0.0,2.0
-1.4925,7.0,2.4918454161750822e-48,1.0,0.0,0.0,0.0,0.0,0.0,0.0,0.0,0.0,0.0,0.0,2.0
-1.4895,7.0,4.852930124963687e-47,1.0,0.0,0.0,0.0,0.0,0.0,0.0,0.0,0.0,0.0,0.0,2.0
-1.4865,7.0,9.300716612172653e-46,1.0,0.0,0.0,0.0,0.0,0.0,0.0,0.0,0.0,0.0,0.0,2.0
-1.4835,7.0,1.7559956390549595e-44,1.0,0.0,0.0,0.0,0.0,0.0,0.0,0.0,0.0,0.0,0.0,2.0
-1.4805,7.0,3.2688661519504443e-43,1.0,0.0,0.0,0.0,0.0,0.0,0.0,0.0,0.0,0.0,0.0,2.0
-1.4775,7.0,6.002800377842098e-42,1.0,0.0,0.0,0.0,0.0,0.0,0.0,0.0,0.0,0.0,0.0,2.0
-1.4745,7.0,1.0874872078838159e-40,1.0,0.0,0.0,0.0,0.0,0.0,0.0,0.0,0.0,0.0,0.0,2.0
-1.4715,7.0,1.94305609498972e-39,1.0,0.0,0.0,0.0,0.0,0.0,0.0,0.0,0.0,0.0,0.0,2.0
-1.4685,7.0,3.42260596985843e-38,1.0,0.0,0.0,0.0,0.0,0.0,0.0,0.0,0.0,0.0,0.0,2.0
-1.4655,7.0,5.941636808853951e-37,1.0,0.0,0.0,0.0,0.0,0.0,0.0,0.0,0.0,0.0,0.0,2.0
-1.4625,7.0,1.0164505192353506e-35,1.0,0.0,0.0,0.0,0.0,0.0,0.0,0.0,0.0,0.0,0.0,2.0
-1.4595,7.0,1.7134201662531617e-34,1.0,0.0,0.0,0.0,0.0,0.0,0.0,0.0,0.0,0.0,0.0,2.0
-1.4565,7.0,2.8450536411174642e-33,1.0,0.0,0.0,0.0,0.0,0.0,0.0,0.0,0.0,0.0,0.0,2.0
-1.4535,7.0,4.6504867659081944e-32,1.0,0.0,0.0,0.0,0.0,0.0,0.0,0.0,0.0,0.0,0.0,2.0
-1.4505,7.0,7.482059394939065e-31,1.0,0.0,0.0,0.0,0.0,0.0,0.0,0.0,0.0,0.0,0.0,2.0
-1.4475,7.0,1.1868164324589302e-29,1.0,0.0,0.0,0.0,0.0,0.0,0.0,0.0,0.0,0.0,0.0,2.0
-1.4445,7.0,1.8641396911421047e-28,1.0,0.0,0.0,0.0,0.0,0.0,0.0,0.0,0.0,0.0,0.0,2.0
-1.4415,7.0,2.9157021772252573e-27,1.0,0.0,0.0,0.0,0.0,0.0,0.0,0.0,0.0,0.0,0.0,2.0
-1.4385,7.0,4.5543483034088786e-26,1.0,0.0,0.0,0.0,0.0,0.0,0.0,0.0,0.0,0.0,0.0,2.0
-1.4355,7.0,7.08457403908732e-25,1.0,0.0,0.0,0.0,0.0,0.0,0.0,0.0,0.0,0.0,0.0,2.0
-1.4325,7.0,1.087766007789653e-23,1.0,0.0,0.0,0.0,0.0,0.0,0.0,0.0,0.0,0.0,0.0,2.0
-1.4295,7.0,1.6331407567688637e-22,1.0,0.0,0.0,0.0,0.0,0.0,0.0,0.0,0.0,0.0,0.0,2.0
-1.4265,7.0,2.3921408935035984e-21,1.0,0.0,0.0,0.0,0.0,0.0,0.0,0.0,0.0,0.0,0.0,2.0
-1.4235,7.0,3.377032302184378e-20,1.0,0.0,0.0,0.0,0.0,0.0,0.0,0.0,0.0,0.0,0.0,2.0
-1.4205,7.0,2.6172921248431116e-18,1.0,0.0,0.0,0.0,0.0,0.0,0.0,0.0,0.0,0.0,0.0,2.0
-1.4175,6.999999999999999,2.592657036383472e-16,0.9999999999999998,0.0,0.0,0.0,0.0,0.0,0.0,0.0,0.0,0.0,0.0,2.0
-1.4145,6.999999999999967,7.979514528523874e-15,0.9999999999999908,0.0,0.0,0.0,0.0,0.0,0.0,0.0,0.0,0.0,0.0,2.0
-1.4115,6.999999999999361,1.580103274208414e-13,0.9999999999998176,0.0,0.0,0.0,0.0,0.0,0.0,0.0,0.0,0.0,0.0,2.0
-1.4085,6.999999999991247,2.166196422377792e-12,0.9999999999974987,0.0,0.0,0.0,0.0,0.0,0.0,0.0,0.0,0.0,0.0,2.0
-1.4055,6.999999999912489,2.165367572465067e-11,0.9999999999749966,0.0,0.0,0.0,0.0,0.0,0.0,0.0,0.0,0.0,0.0,2.0
-1.4025,6.999999999341398,1.6296185622061187e-10,0.9999999998118279,0.0,0.0,0.0,0.0,0.0,0.0,0.0,0.0,0.0,0.0,2.0
-1.3995,6.9999999961952195,9.41439046870794e-10,0.9999999989129197,0.0,0.0,0.0,0.0,0.0,0.0,0.0,0.0,0.0,0.0,2.0
-1.3965,6.999999982929958,4.223740388089586e-09,0.9999999951228445,0.0,0.0,0.0,0.0,0.0,0.0,0.0,0.0,0.0,0.0,2.0
-1.3935,6.999999940091114,1.4823605009808464e-08,0.9999999828831754,0.0,0.0,0.0,0.0,0.0,0.0,0.0,0.0,0.0,0.0,2.0
-1.3905,6.999999834464405,4.095943582948873e-08,0.9999999527041189,0.0,0.0,0.0,0.0,0.0,0.0,0.0,0.0,0.0,0.0,2.0
-1.3875,7.0000002219911135,6.93579127983033e-08,0.9999997764782951,0.0,0.0,0.0,0.0,0.0,0.0,0.0,0.0,0.0,0.0,2.0
-1.3845,7.000000330631462,7.245316999074079e-08,0.9999996499796991,0.0,0.0,0.0,0.0,0.0,0.0,0.0,0.0,0.0,0.0,2.0
-1.3815,7.0000000384092305,-2.421308591470942e-08,0.9999996863738282,1.1560693492307967e-06,-6.587327907881024e-07,0.0,0.0,0.0,0.0,0.0,0.0,0.0,0.0,4.0
-1.3785,6.999999975673134,-2.4333768171535494e-08,0.9999997288748358,1.495946081497822e-06,-8.792350292681657e-07,0.0,0.0,0.0,0.0,0.0,0.0,0.0,0.0,4.0
-1.3755,6.999999969418841,-1.6363967750296887e-08,0.9999997662978258,1.7872931327194508e-06,-1.1235708449344614e-06,0.0,0.0,0.0,0.0,0.0,0.0,0.0,0.0,4.0
-1.3725,6.999999981500327,-8.11113977620161e-09,0.999999792039429,2.033320721562567e-06,-1.3871424375848787e-06,0.0,0.0,0.0,0.0,0.0,0.0,0.0,0.0,4.0
-1.3695,6.9999999916947395,-2.9419567575933495e-09,0.9999998056837355,2.2449859102592438e-06,-1.6639507495738598e-06,0.0,0.0,0.0,0.0,0.0,0.0,0.0,0.0,4.0
-1.3665,6.999999996034407,-4.94156164442372e-10,0.9999998110777877,2.436241162246617e-06,-1.948327253399316e-06,0.0,0.0,0.0,0.0,0.0,0.0,0.0,0.0,4.0
-1.3635,6.999999996286408,6.502651185719308e-10,0.9999998122776024,2.6183726019776897e-06,-2.236196127646481e-06,0.0,0.0,0.0,0.0,0.0,0.0,0.0,0.0,4.0
-1.3605,6.999999994026136,1.5591755132187883e-09,0.9999998116003495,2.797805200341124e-06,-2.525404475836927e-06,0.0,0.0,0.0,0.0,0.0,0.0,0.0,0.0,4.0
-1.3575,6.999999989424877,2.8331936272180064e-09,0.9999998097911099,2.977343435438366e-06,-2.8151469257071834e-06,0.0,0.0,0.0,0.0,0.0,0.0,0.0,0.0,4.0
-1.3545,6.999999981601224,4.886248444043982e-09,0.999999806752636,3.1581405647022607e-06,-3.105243537093005e-06,0.0,0.0,0.0,0.0,0.0,0.0,0.0,0.0,4.0
-1.3515,6.999999968945991,8.15871961115722e-09,0.9999998020097387,3.34087333487207e-06,-3.395711072306277e-06,0.0,0.0,0.0,0.0,0.0,0.0,0.0,0.0,4.0
-1.3485,6.9999999492041125,1.3210272320893563e-08,0.9999997948797961,3.5261466444367363e-06,-3.6865929247050225e-06,0.0,0.0,0.0,0.0,0.0,0.0,0.0,0.0,4.0
-1.3455,6.999999919475871,2.0746184090309755e-08,0.999999784524852,3.714539505255423e-06,-3.977899435716344e-06,0.0,0.0,0.0,0.0,0.0,0.0,0.0,0.0,4.0
-1.3425,6.999999876269796,3.1607710681080725e-08,0.9999997699924651,3.906531726042699e-06,-4.269578432663216e-06,0.0,0.0,0.0,0.0,0.0,0.0,0.0,0.0,4.0
-1.3395,6.99999981567287,4.673125926633058e-08,0.999999750280913,4.102395051461549e-06,-4.5614963666682014e-06,0.0,0.0,0.0,0.0,0.0,0.0,0.0,0.0,4.0
-1.3365,6.999999733662749,6.707507151823625e-08,0.999999724433327,4.302082674970238e-06,-4.853432859919746e-06,0.0,0.0,0.0,0.0,0.0,0.0,0.0,0.0,4.0
-1.3335,6.999999626550889,9.35168595598638e-08,0.9999996916518764,4.505145761454992e-06,-5.145095059798857e-06,0.0,0.0,0.0,0.0,0.0,0.0,0.0,0.0,4.0
-1.3305,6.999999491504209,1.2673431330890662e-07,0.9999996514143221,4.710705174925048e-06,-5.436154927671936e-06,0.0,0.0,0.0,0.0,0.0,0.0,0.0,0.0,4.0
-1.3275000000000001,6.999999327054012,1.6708871698991914e-07,0.9999996035697356,4.917499075590772e-06,-5.726306064399056e-06,0.0,0.0,0.0,0.0,0.0,0.0,0.0,0.0,4.0
-1.3245,6.999999133477621,2.1453682853241298e-07,0.9999995483900401,5.1240113904995966e-06,-6.015329309165067e-06,0.0,0.0,0.0,0.0,0.0,0.0,0.0,0.0,4.0
-1.3215,6.999998912943795,2.6859503046068495e-07,0.9999994865603746,5.328666135426468e-06,-6.303151011767286e-06,0.0,0.0,0.0,0.0,0.0,0.0,0.0,0.0,4.0
-1.3185,6.999998669352585,3.283715718391549e-07,0.9999994191030622,5.5300546708246635e-06,-6.589877339611877e-06,0.0,0.0,0.0,0.0,0.0,0.0,0.0,0.0,4.0
-1.3155000000000001,6.999998407865785,3.9266904528963763e-07,0.9999993472438182,5.727154096279e-06,-6.875793626437747e-06,0.0,0.0,0.0,0.0,0.0,0.0,0.0,0.0,4.0
-1.3125,6.999998134196043,4.601441176231262e-07,0.9999992722399116,5.919499642484662e-06,-7.16132852571088e-06,0.0,0.0,0.0,0.0,0.0,0.0,0.0,0.0,4.0
-1.3094999999999999,6.9999978537744685,5.295002728713668e-07,0.99999919519382,6.107292229080178e-06,-7.44699531263668e-06,0.0,0.0,0.0,0.0,0.0,0.0,0.0,0.0,4.0
-1.3065,6.999997570926824,5.996865885688005e-07,0.9999991168700642,6.291449529975861e-06,-7.733332526748789e-06,0.0,0.0,0.0,0.0,0.0,0.0,0.0,0.0,4.0
-1.3035,6.999997288146638,6.700836740728922e-07,0.9999990375178729,6.473637582794579e-06,-8.020869733473834e-06,0.0,0.0,0.0,0.0,0.0,0.0,0.0,0.0,4.0
-1.3005,6.99999700546072,7.406787097703177e-07,0.9999989566740107,6.656360005747732e-06,-8.310146232323217e-06,0.0,0.0,0.0,0.0,0.0,0.0,0.0,0.0,4.0
-1.2974999999999999,6.999996719706687,8.122830266522789e-07,0.9999988728272886,6.84336318935049e-06,-8.60186014410171e-06,0.0,0.0,0.0,0.0,0.0,0.0,0.0,0.0,4.0
-1.2945,6.999996423122996,8.870023664780781e-07,0.9999987824672832,7.041437161428435e-06,-8.897502610855472e-06,0.0,0.0,0.0,0.0,0.0,0.0,0.0,0.0,4.0
-1.2915,6.999996099841751,9.69517564368718e-07,0.9999986771553322,7.26682778389056e-06,-9.201585668248191e-06,0.0,0.0,0.0,0.0,0.0,0.0,0.0,0.0,4.0
-1.2885,6.99999571905873,1.069836642661354e-06,0.999998536713851,7.561165125658359e-06,-9.527246442977227e-06,0.0,0.0,0.0,0.0,0.0,0.0,0.0,0.0,4.0
-1.2855,6.99999523118874,1.2060380163352444e-06,0.9999983204283465,8.015013578173185e-06,-9.905067555447418e-06,0.0,0.0,0.0,0.0,0.0,0.0,0.0,0.0,4.0
-1.2825,6.999994598590452,1.398531350020773e-06,0.9999979700265184,8.777214524600536e-06,-1.0389536247874993e-05,0.0,0.0,0.0,0.0,0.0,0.0,0.0,0.0,4.0
-1.2795,6.999993927583427,1.639482872652049e-06,0.999997446896384,1.002406313424379e-05,-1.1059141457993917e-05,0.0,0.0,0.0,0.0,0.0,0.0,0.0,0.0,4.0
-1.2765,6.999993735372003,1.8324760305214488e-06,0.9999968008929474,1.1917162632045532e-05,-1.202420154464547e-05,0.0,0.0,0.0,0.0,0.0,0.0,0.0,0.0,4.0
-1.2735,6.999995133216101,1.7547611437145795e-06,0.9999962025091669,1.4618296520757187e-05,-1.3448624927370603e-05,0.0,0.0,0.0,0.0,0.0,0.0,0.0,0.0,4.0
-1.2705,6.999999330006768,1.1643829327423923e-06,0.9999958383091094,1.8291292810227394e-05,-1.5504063396504944e-05,0.0,0.0,0.0,0.0,0.0,0.0,0.0,0.0,4.0
-1.2675,7.000016422302728,1.0340510868368548e-06,0.999995258352162,2.01840831944899e-05,-1.9161372707293662e-05,0.0,0.0,0.0,0.0,0.0,0.0,0.0,0.0,4.0
-1.2645,7.0000147848197045,1.3247771296016335e-06,0.9999958172730848,1.9480809658581614e-05,-2.354770717971625e-05,0.0,0.0,0.0,0.0,0.0,0.0,0.0,0.0,4.0
-1.2615,7.000010164566564,3.132183809247555e-06,0.9999943699393443,9.879868467629608e-06,-2.285577691744664e-05,6.932421312595588e-06,-4.1032648555764765e-06,1.1697097606439113e-06,-1.8268963047195772e-07,0.0,0.0,0.0,0.0,8.0
-1.2585,7.000005646429682,2.468748799690824e-06,0.9999927955423437,1.229431167999004e-05,-2.3470806615149223e-05,8.2096165136585e-06,-4.381109227101551e-06,1.2455627492524006e-06,-2.1949218492660827e-07,0.0,0.0,0.0,0.0,8.0
-1.2555,7.000001405941102,1.962289886347246e-06,0.9999913874944092,1.5532880062188997e-05,-2.4146894992201548e-05,9.587970028163391e-06,-4.704067343368935e-06,1.3281880237883642e-06,-2.574469931743078e-07,0.0,0.0,0.0,0.0,8.0
-1.2525,6.9999984499750285,1.8272579746192777e-06,0.9999903533430782,1.9637626158263543e-05,-2.501354067533675e-05,1.1043097945317629e-05,-5.06200368277489e-06,1.4262819933881577e-06,-2.940808972946285e-07,0.0,0.0,0.0,0.0,8.0
-1.2495,6.999996564865576,2.005117866018723e-06,0.9999895793030692,2.4357329179129038e-05,-2.6220586907007314e-05,1.2542678422153163e-05,-5.4495983898240736e-06,1.5488040426735944e-06,-3.261132580769608e-07,0.0,0.0,0.0,0.0,8.0
-1.2465,6.999995208502432,2.3430051558074066e-06,0.9999888117156113,2.9278956727176293e-05,-2.7899289576045754e-05,1.4072259906109962e-05,-5.8683233695622805e-06,1.6953008704997307e-06,-3.533083117853207e-07,0.0,0.0,0.0,0.0,8.0
-1.2435,6.99999400856116,2.7321539432195083e-06,0.9999878875025642,3.417349297543783e-05,-3.0096431234329825e-05,1.56303641237071e-05,-6.3305038368448245e-06,1.8564708027855872e-06,-3.7801416132086957e-07,0.0,0.0,0.0,0.0,8.0
-1.2405,6.999992829232718,3.1319409388541316e-06,0.99998677933425,3.905572970180972e-05,-3.277339604820545e-05,1.7230843756362765e-05,-6.848601324719523e-06,2.0222885356105144e-06,-4.0276967801816467e-07,0.0,0.0,0.0,0.0,8.0
-1.2375,6.999991664908094,3.536747191277564e-06,0.99998552754531,4.4041287623594444e-05,-3.585573209971915e-05,1.890261578543747e-05,-7.425102738098308e-06,2.188223529461869e-06,-4.2868626948604945e-07,0.0,0.0,0.0,0.0,8.0
-1.2345,6.999990549096208,3.947241667653458e-06,0.9999841811769894,4.922676423092612e-05,-3.927836547546099e-05,2.067851559903041e-05,-8.054708612213288e-06,2.3548932081581364e-06,-4.5556624074417743e-07,0.0,0.0,0.0,0.0,8.0
-1.2315,6.999989517892234,4.360364840433259e-06,0.9999827786782086,5.46551234205818e-05,-4.300246317954257e-05,2.2583661012009635e-05,-8.731935758968803e-06,2.524600538035224e-06,-4.828086680306889e-07,0.0,0.0,0.0,0.0,8.0
-1.2285,6.999988602308433,4.768944745066963e-06,0.9999813485746687,6.032650618608276e-05,-4.701045652604915e-05,2.4632293593106644e-05,-9.454815347640866e-06,2.6991333796241123e-06,-5.099903018564551e-07,0.0,0.0,0.0,0.0,8.0
-1.2255,6.99998782818133,5.163349281261823e-06,0.9999799133073807,6.621600204263664e-05,-5.129405239735724e-05,2.6830460811552205e-05,-1.0223822341007813e-05,2.8794496283084377e-06,-5.369297574848336e-07,0.0,0.0,0.0,0.0,8.0
-1.2225,6.999987217048908,5.532981917579026e-06,0.9999784915156077,7.228531907548541e-05,-5.584454042520131e-05,2.9178386551994743e-05,-1.1039398764910319e-05,3.0659062522897225e-06,-5.635441190605585e-07,0.0,0.0,0.0,0.0,8.0
-1.2195,6.999986787009457,5.867559775898563e-06,0.9999770989565457,7.848925691036607e-05,-6.064709868407199e-05,3.1670475399903566e-05,-1.1900042594972633e-05,3.258249055016177e-06,-5.897154536460514e-07,0.0,0.0,0.0,0.0,8.0
-1.2165,6.999986553059781,6.158347630680281e-06,0.9999757485339646,8.478071736348231e-05,-6.567794821611149e-05,3.42943771195536e-05,-1.2801225335580432e-05,3.4554375740689766e-06,-6.152172979458646e-07,0.0,0.0,0.0,0.0,8.0
-1.2135,6.99998652603286,6.3994576385814984e-06,0.9999744492985323,9.111660514279881e-05,-7.090418424768267e-05,3.7031028229863026e-05,-1.3735180700496366e-05,3.6556194940834077e-06,-6.397085384197992e-07,0.0,0.0,0.0,0.0,8.0
-1.2105000000000001,6.999986709032435,6.589353543924953e-06,0.9999732041257933,9.746545935431154e-05,-7.628713268949449e-05,3.98568080842605e-05,-1.469178710613959e-05,3.856450999532112e-06,-6.628020628196585e-07,0.0,0.0,0.0,0.0,8.0
-1.2075,6.999987090181411,6.732739303366692e-06,0.9999720061189037,0.00010381653890408311,-8.17894843486636e-05,4.274793533217384e-05,-1.5660546529563785e-05,4.055734162411031e-06,-6.841893947180525e-07,0.0,0.0,0.0,0.0,8.0
-1.2045,6.999987630682572,6.842951930029822e-06,0.9999708343586071,0.00011018869854005938,-8.73846969415289e-05,4.568610185540749e-05,-1.663310324984408e-05,4.252098224258694e-06,-7.037560850183082e-07,0.0,0.0,0.0,0.0,8.0
-1.2015,6.999988248000201,6.944757971254706e-06,0.9999696502127072,0.0001166357772195389,-9.306536851114745e-05,4.8663420093563e-05,-1.7605275873219822e-05,4.445313128530976e-06,-7.215952028284131e-07,0.0,0.0,0.0,0.0,8.0
-1.1985000000000001,6.999988795790515,7.077066141998815e-06,0.9999683958353834,0.00012324432067935845,-9.884668425634338e-05,5.168468229187755e-05,-1.8577646338724063e-05,4.635939128930054e-06,-7.378574032112612e-07,0.0,0.0,0.0,0.0,8.0
-1.1955,6.9999890450650435,7.29458286998016e-06,0.9999669965211175,0.00013012047219219198,-0.0001047624486997754,5.476607071158255e-05,-1.9554523271722952e-05,4.82440645546933e-06,-7.524723239999336e-07,0.0,0.0,0.0,0.0,8.0
-1.1925,6.999988674275862,7.667022188042696e-06,0.9999653680417082,0.00013736629130492017,-0.00011085444298867107,5.793136780427793e-05,-2.054217162263483e-05,5.0100657662201754e-06,-7.648846423462563e-07,0.0,0.0,0.0,0.0,8.0
-1.1895,6.999987278053612,8.27438399360039e-06,0.999963429002581,0.00014505049113222007,-0.00011715928439375575,6.12080700849153e-05,-2.1547695383128117e-05,5.1908672790521486e-06,-7.73973936126873e-07,0.0,0.0,0.0,0.0,8.0
-1.1865,6.999984403270789,9.197283001693405e-06,0.9999611169224892,0.0001531819336364759,-0.00012369819527334813,6.462523632857673e-05,-2.257917947036979e-05,5.363868503985493e-06,-7.782114203895808e-07,0.0,0.0,0.0,0.0,8.0
-1.1835,6.999979615477495,1.0502520283587472e-05,0.9999584054891881,0.00016169393746834975,-0.00013047286679729314,6.821245395316825e-05,-2.3646029553130522e-05,5.525997414354778e-06,-7.759162400132511e-07,0.0,0.0,0.0,0.0,8.0
-1.1804999999999999,6.999972588706509,1.2226069904519716e-05,0.9999553190531139,0.0001704447285676987,-0.00013746689367509745,7.19972166029536e-05,-2.4757510499586482e-05,5.674155594872026e-06,-7.653942204719783e-07,0.0,0.0,0.0,0.0,8.0
-1.1775,6.99996319966759,1.4358082367920751e-05,0.999951938354548,0.00017923866672763368,-0.00014465133165677307,7.599904208478115e-05,-2.5918715195721712e-05,5.804379565786192e-06,-7.448994106086654e-07,0.0,0.0,0.0,0.0,8.0
-1.1745,6.999951597626821,1.6836380117865467e-05,0.9999483896689217,0.00018787529626147347,-0.00015199632716291555,8.022278349132197e-05,-2.712590531438749e-05,5.910911895253235e-06,-7.126197744059359e-07,0.0,0.0,0.0,0.0,8.0
-1.1715,6.999938217411953,1.9554512064663857e-05,0.9999448122351006,0.00019622876219630293,-0.0001594929086181486,8.465687300336305e-05,-2.8364669792085634e-05,5.986381448769693e-06,-6.669221976268499e-07,0.0,0.0,0.0,0.0,8.0
-1.1684999999999999,6.999923707801287,2.2385956048196302e-05,0.9999413114535081,0.00020433335432339266,-0.00016718156770057985,8.928092152685233e-05,-2.9613005597273478e-05,6.0232290974995345e-06,-6.067496931490929e-07,0.0,0.0,0.0,0.0,8.0
-1.1655,6.999908767979983,2.5217149895075965e-05,0.9999379260885104,0.00021240780619482538,-0.0001751691498137139,9.408248991865714e-05,-3.0848861004496846e-05,6.015086087954153e-06,-5.316514562348295e-07,0.0,0.0,0.0,0.0,8.0
-1.1625,6.9998939268813585,2.797308053596555e-05,0.9999346479252701,0.0002207405491727344,-0.00018361060447713126,9.907923142759979e-05,-3.206032080990061e-05,5.956656635543264e-06,-4.4095985596294856e-07,0.0,0.0,0.0,0.0,8.0
-1.1595,6.9998793218781135,3.062475906155836e-05,0.999931502581802,0.00022943350080096623,-0.00019265042422251727,0.00010434020336258966,-3.325616030858724e-05,5.842048355642851e-06,-3.322511498856543e-07,0.0,0.0,0.0,0.0,8.0
-1.1564999999999999,6.999864403199815,3.32078842163605e-05,0.9999286286558555,0.00023811391531556713,-0.00020233868912855252,0.00010999805287516406,-3.447465132857822e-05,5.662941358459854e-06,-1.9979893881170584e-07,0.0,0.0,0.0,0.0,8.0
-1.1535,6.999847226135636,3.5932991820997945e-05,0.999926249931921,0.00024572214740925784,-0.00021252793439119024,0.0001162494805901175,-3.5791859460943166e-05,5.407742421322624e-06,-3.332822515879631e-08,0.0,0.0,0.0,0.0,8.0
-1.1505,6.99982336205518,3.938695708472665e-05,0.9999245229967506,0.00025044036810836854,-0.00022277720351012286,0.00012334607398539264,-3.7328274519410593e-05,5.0618306902690995e-06,1.8273325603605774e-07,0.0,0.0,0.0,0.0,8.0
-1.1475,7.000061807879165,4.054843413879121e-05,0.9998813722865642,0.0002631770469249236,-0.0001927956169179123,0.0001285348743438268,-4.654192714941312e-05,4.944946791517549e-06,1.4679833717318944e-06,0.0,0.0,0.0,0.0,8.0
-1.1445,7.000063241967669,4.0979457412682e-05,0.9998769088411443,0.0002762278083632725,-0.00019728019482601687,0.000130947817754744,-4.881552876667627e-05,5.334332519935991e-06,1.986236558002329e-06,0.0,0.0,0.0,0.0,8.0
-1.1415,7.000021058437959,3.763761673663195e-05,0.9998787071874106,0.0003166033231650872,-0.0002180478683607854,0.0001282830947893241,-4.8165456521545465e-05,7.609385269146515e-06,1.629845704081525e-06,-5.91865956408461e-07,2.308364098152215e-07,0.0,0.0,10.0
-1.1385,7.0000086505361665,3.879258995810359e-05,0.9998755973900845,0.0003307715473967663,-0.00022998108111406033,0.0001328587337772881,-4.8870449117068044e-05,7.838000317198226e-06,1.613664821910972e-06,-6.988910804775772e-07,2.5439047379886865e-07,0.0,0.0,10.0
-1.1355,6.999990883715238,3.89833932902383e-05,0.9998723526235903,0.00034798199853409414,-0.0002413127322491401,0.00013709001181845263,-4.9798052882145054e-05,8.073986698206959e-06,1.6318077063219483e-06,-8.05773956735992e-07,2.7540857690604465e-07,0.0,0.0,10.0
-1.1325,6.999972791410733,3.878425566876245e-05,0.9998687791060267,0.0003668974330309712,-0.00025223164070859556,0.00014117222724602078,-5.089230427332066e-05,8.298494429329312e-06,1.6746619405511426e-06,-9.111579010892285e-07,2.9498064094161445e-07,0.0,0.0,10.0
-1.1295,6.999956317846037,3.850476614647441e-05,0.9998648054190544,0.00038656723945489584,-0.0002629706358448789,0.00014525144599045919,-5.209214958962973e-05,8.496777637969068e-06,1.7319940312056426e-06,-1.013779234302694e-06,3.142927657112709e-07,0.0,0.0,10.0
-1.1265,6.9999420507779515,3.830058783160433e-05,0.9998604109755399,0.0004064245715480992,-0.0002737110493013293,0.0001494120832561463,-5.3351834496873436e-05,8.660811811087271e-06,1.796449450571683e-06,-1.112634306303561e-06,3.3425094458293607e-07,0.0,0.0,10.0
-1.1235,6.999930269642035,3.8324061789158237e-05,0.9998556793353354,0.0004261874992459707,-0.00028460828727016593,0.00015368531391510764,-5.463733454726642e-05,8.790268291428567e-06,1.8638748526860856e-06,-1.2070861619922112e-06,3.554203240865861e-07,0.0,0.0,10.0
-1.1205,6.99992107289175,3.873939557768081e-05,0.9998507896733125,0.00044583833846765223,-0.00029577872390531727,0.0001580595011089379,-5.592508900463983e-05,8.892286219854267e-06,1.933222857444641e-06,-1.296931468709033e-06,3.7801418170974755e-07,0.0,0.0,10.0
-1.1175,6.999914282364574,3.967005328975956e-05,0.99984592230324,0.00046554136576657765,-0.0003072660146598865,0.0001625028221260933,-5.7202372763015034e-05,8.978367519908647e-06,2.00567326160101e-06,-1.3823573128049043e-06,4.019648822857262e-07,0.0,0.0,10.0
-1.1145,6.999909452624803,4.1162769044109444e-05,0.9998411642008631,0.0004854869575194411,-0.00031904115089282183,0.00016698601032039858,-5.846633614010685e-05,9.059813747917343e-06,2.0829937244919905e-06,-1.4638653932395223e-06,4.2705585587826624e-07,0.0,0.0,10.0
-1.1115,6.999905955108137,4.3191718732553644e-05,0.9998364779872111,0.0005057558053129821,-0.00033104065436447314,0.0001714909911848786,-5.972248565197487e-05,9.14434438272808e-06,2.1660007995493666e-06,-1.542233331730295e-06,4.5303214286209554e-07,0.0,0.0,10.0
-1.1085,6.999903065324803,4.56876130131107e-05,0.9998317321870517,0.0005262667610528064,-0.00034321075399995133,0.0001760069868619013,-6.098331457927944e-05,9.235378577648826e-06,2.253916746416997e-06,-1.6184629031228086e-06,4.796480325895961e-07,0.0,0.0,10.0
-1.1055,6.999900032339558,4.857084316116132e-05,0.9998267575473342,0.000546803286080543,-0.00035552976053119227,0.0001805249877559479,-6.226640097375137e-05,9.333615842369325e-06,2.344767881311358e-06,-1.693625778650468e-06,5.066748490549203e-07,0.0,0.0,10.0
-1.1025,6.999896132772238,5.177651832524558e-05,0.9998213984811326,0.0005670786061522661,-0.0003680032625591449,0.0001850381882005811,-6.359148716778286e-05,9.439269651284863e-06,2.4363524658941232e-06,-1.768622814219365e-06,5.33906247869018e-07,0.0,0.0,10.0
-1.0995,6.999890712383517,5.526762888696681e-05,0.999815545582287,0.0005868027491000562,-0.0003806429944290245,0.00018954817940585646,-6.497715316386383e-05,9.553283529293681e-06,2.527116546122546e-06,-1.8439976980992218e-06,5.611683428173533e-07,0.0,0.0,10.0
-1.0965,6.999883214399309,5.903676674566949e-05,0.9998091484117249,0.0006057321568625925,-0.00039344412833648777,0.00019407231131386685,-6.643805634945203e-05,9.676991948244348e-06,2.6165284200077237e-06,-1.919927281148269e-06,5.883184149482685e-07,0.0,0.0,10.0
-1.0935000000000001,6.999873192470471,6.309873370293387e-05,0.999802213982001,0.0006236967550620592,-0.00040637201903524593,0.00019864811048052309,-6.79832813169676e-05,9.81104997487746e-06,2.7049364087090886e-06,-1.9963509306456133e-06,6.152234981207279e-07,0.0,0.0,10.0
-1.0905,6.999860311538212,6.747778576544784e-05,0.999794797126388,0.0006406066058513252,-0.00041936326397966236,0.00020333310555786273,-6.961600210267744e-05,9.954970701440355e-06,2.793123606564572e-06,-2.073071536030333e-06,6.417300272947283e-07,0.0,0.0,10.0
-1.0875,6.9998443458103825,7.219399877121258e-05,0.9997869870285424,0.000656444281417002,-0.00043234019535493093,0.00020820013048325305,-7.133444282721635e-05,1.0107901051703148e-05,2.88179996981681e-06,-2.1497101593998208e-06,6.676458072781121e-07,0.0,0.0,10.0
-1.0845,6.999825182856385,7.725239088256788e-05,0.9997788921480826,0.0006712523353237016,-0.0004452336313904667,0.00021332849483505768,-7.313339156856917e-05,1.0269913762133568e-05,2.9712778330609044e-06,-2.225592980283838e-06,6.927556769251777e-07,0.0,0.0,10.0
-1.0815000000000001,6.999802840828603,8.263603077457234e-05,0.9997706247857777,0.0006851259166339975,-0.0004580059556858974,0.00021879121991251688,-7.500452033787266e-05,1.0442211362114162e-05,3.0616287112094718e-06,-2.2998087986473275e-06,7.168876230276193e-07,0.0,0.0,10.0
-1.0785,6.999777505667848,8.830189392393464e-05,0.9997622866582621,0.0006982157047938237,-0.0004706659996009307,0.00022463943780844737,-7.69340984087703e-05,1.0625199473897445e-05,3.153477740897186e-06,-2.3716133315634925e-06,7.400275590981337e-07,0.0,0.0,10.0
-1.0755,6.999749586631602,9.417791878923671e-05,0.9997539575306617,0.0007107370501678155,-0.00048327061303868205,0.00023088845622685962,-7.889970591070198e-05,1.0815533453851324e-05,3.2489954490499314e-06,-2.4410422178377403e-06,7.624377669087377e-07,0.0,0.0,10.0
-1.0725,6.999719759847108,0.00010016256025934314,0.9997456891760192,0.0007229740795927502,-0.0004959157713205209,0.00023751461905235205,-8.087169360426612e-05,1.1005634239404833e-05,3.3518703015592423e-06,-2.5092374125935408e-06,7.8468776772825e-07,0.0,0.0,10.0
-1.0695000000000001,6.999688937458217,0.00010613181735772942,0.9997375057017642,0.0007352688184215324,-0.0005087269770108271,0.0002444714432724392,-8.282512467061982e-05,1.1189079892338797e-05,3.465065717000558e-06,-2.5779747665635754e-06,8.075178563769184e-07,0.0,0.0,10.0
-1.0665,6.999658115720137,0.00011195799963638353,0.9997294083958777,0.000747993371752068,-0.000521853656622231,0.0002517202092313458,-8.475927963974896e-05,1.1370780591989475e-05,3.586787541458984e-06,-2.6484392904540795e-06,8.315651512950681e-07,0.0,0.0,10.0
-1.0635,6.9996281516774,0.00011753612876149262,0.9997213801264924,0.0007615105146977231,-0.0005354537608724083,0.00025924920568625473,-8.670896600558958e-05,1.1574387140454161e-05,3.7074647151029256e-06,-2.7200961352316873e-06,8.571250103933707e-07,0.0,0.0,10.0
-1.0605,6.9995996347421885,0.00012280274475651523,0.9997133834559504,0.0007761339122137308,-0.0005496455564731148,0.0002670509451918699,-8.872964014428392e-05,1.1837947146172903e-05,3.8110956854331186e-06,-2.7907114386737283e-06,8.84140856298632e-07,0.0,0.0,10.0
-1.0575,6.999573037206723,0.00012773069885439097,0.9997053460735091,0.0007921102889906419,-0.0005644299878523046,0.00027505904207659354,-9.085768468229532e-05,1.2196895131408703e-05,3.8814724676188814e-06,-2.8577140079793876e-06,9.124293795991514e-07,0.0,0.0,10.0
-1.0545,6.999549208310556,0.00013230100312176829,0.999697120218543,0.0008096528635185174,-0.0005796301266540939,0.000283098182418992,-9.3076611286062e-05,1.266519115397647e-05,3.90986592123387e-06,-2.919858768884636e-06,9.418921735290573e-07,0.0,0.0,10.0
-1.0514999999999999,6.99953001737538,0.00013647825486399543,0.999688409461335,0.0008290229113934132,-0.0005949017481927774,0.00029091497684934433,-9.532692079754817e-05,1.322838537681651e-05,3.899774764197122e-06,-2.9778649466027813e-06,9.7242448136139e-07,0.0,0.0,10.0
-1.0485,6.999518475529288,0.0001402208011611163,0.9996787312043571,0.0008505770916449701,-0.0006098416579719516,0.0002982992786690149,-9.755994312000042e-05,1.385228946467597e-05,3.866520087137415e-06,-3.033694502820139e-06,1.003563897412747e-06,0.0,0.0,10.0
-1.0455,6.999517436942022,0.00014352593722940994,0.9996675693386766,0.0008746592544183657,-0.0006241878307201265,0.0003052178785984373,-9.978404392987567e-05,1.4498407362988942e-05,3.83168059270886e-06,-3.089304261476289e-06,1.0343398554136327e-06,0.0,0.0,10.0
-1.0425,6.999527313771901,0.00014647757297061434,0.9996547090725209,0.0009013270938061712,-0.0006379982980558678,0.00031185488298191255,-0.00010205753403177482,1.513528737932663e-05,3.8148301388192055e-06,-3.145894989311859e-06,1.0636354669071579e-06,0.0,0.0,10.0
-1.0394999999999999,6.999545765932877,0.0001492783306789473,0.9996403193509582,0.0009300992296607806,-0.0006515157546485397,0.00031852365751164227,-0.00010446188202021603,1.5742707933533002e-05,3.8293784452694824e-06,-3.2039772276644175e-06,1.090555967596688e-06,0.0,0.0,10.0
-1.0365,6.99957009023653,0.00015226772809177994,0.9996246087064236,0.0009599678171437727,-0.0006647820373086569,0.00032551961719439506,-0.00010709009229464201,1.6311521048281155e-05,3.884051189767372e-06,-3.263856233447954e-06,1.1144654103566834e-06,0.0,0.0,10.0
-1.0335,6.9995969866029535,0.00015583371332655177,0.9996078805769729,0.0009898381280667396,-0.0006778319322136976,0.0003330077466097744,-0.00010997083067683131,1.684190940767068e-05,3.9768907955801e-06,-3.326017010741394e-06,1.1357589047941874e-06,0.0,0.0,10.0
-1.0305,6.999627805498058,0.00016007746143504548,0.9995900639206238,0.0010193506759548765,-0.0006905794161829471,0.0003409702379463935,-0.00011309155795680281,1.7342512103736286e-05,4.1006268572412795e-06,-3.3912615198640726e-06,1.1553894843721288e-06,0.0,0.0,10.0
-1.0275,7.000015325032859,0.0001655475545106498,0.9995222522629337,0.0010462923307098598,-0.0006614201165101634,0.00034973381005664196,-0.00012327215552377602,1.7791014831723584e-05,5.092952866160251e-06,-3.457679940527876e-06,1.0899220013416353e-06,0.0,0.0,10.0
-1.0245,7.000184395178258,0.0001712612585943608,0.9994856906055642,0.0010723009735520968,-0.0006603862454457286,0.0003590271637691153,-0.00012886416023184582,1.8187554636873173e-05,5.509608229972664e-06,-3.526738603760792e-06,1.0840697985856882e-06,0.0,0.0,10.0
-1.0215,6.999787548254319,0.00017578522761056115,0.9995275999898698,0.001102053651918896,-0.000726996074777606,0.0003681723132421732,-0.0001234178717847688,1.8575198393074258e-05,4.560895889865821e-06,-3.601527082015341e-06,1.2167719188173264e-06,0.0,0.0,10.0
-1.0185,6.999768096633236,0.00018003556902600583,0.9995138578087289,0.0011347613660200274,-0.0007448385132727188,0.00037729502543841937,-0.00012635457992511473,1.8971428202416096e-05,4.659590693645969e-06,-3.6803024557431963e-06,1.2466815632922977e-06,0.0,0.0,10.0
-1.0155,6.999746186217329,0.00018465885735539767,0.9995004274466904,0.0011694513862539736,-0.0007632263536362968,0.000386307826668055,-0.00012941572065294354,1.9377846257605107e-05,4.778845803065369e-06,-3.7640351070119862e-06,1.2770308667721916e-06,0.0,0.0,10.0
-1.0125,6.9997244519439334,0.00018994731309028494,0.9994871159715869,0.0012051332005892838,-0.0007824364778504661,0.00039522247534376785,-0.00013257382857680098,1.979901256136809e-05,4.9199612848249e-06,-3.852636943863558e-06,1.3077869927782806e-06,0.0,0.0,10.0
-1.0095,6.999700064565195,0.00019546520164811544,0.9994735071321738,0.0012414916286738172,-0.0008025163967912963,0.0004040125916853554,-0.00013581534017684512,2.024817692353869e-05,5.087376357012515e-06,-3.946461470161006e-06,1.338492454713518e-06,0.0,0.0,10.0
-1.0065,6.9996703071714315,0.0002007642802437849,0.9994591930736948,0.0012785001009508476,-0.0008232627980660562,0.00041273947035733746,-0.00013911622457342333,2.0737039591321566e-05,5.284840396104468e-06,-4.0457988748069685e-06,1.3686668032984528e-06,0.0,0.0,10.0
-1.0035,6.999634521527797,0.00020574999171957966,0.9994440844002384,0.0013164363036950023,-0.0008443044375221366,0.00042156248765048087,-0.00014243293134897413,2.1271356534216725e-05,5.512874137813895e-06,-4.150784793312537e-06,1.3980360088650391e-06,0.0,0.0,10.0
-1.0005,6.999593755833505,0.00021062917848460304,0.9994283468157271,0.0013556802365254964,-0.0008652576936927705,0.00043067255939930764,-0.000145721068708289,2.184610174636748e-05,5.767568992502924e-06,-4.2615290939794e-06,1.4265556380390343e-06,0.0,0.0,10.0
-0.9975,6.999549861967058,0.00021572382837485257,0.9994121549116214,0.0013962682654271895,-0.000885962772432245,0.0004401932130169627,-0.00014896296383158555,2.244038180474345e-05,6.0396200140662885e-06,-4.3784008003897984e-06,1.4543492605735668e-06,0.0,0.0,10.0
-0.9945,6.9995048212708895,0.00022133441639894915,0.9993955476461092,0.001437709014387996,-0.000906601364559027,0.00045011618893329373,-0.00015218335106076305,2.3018169290264816e-05,6.315124277267552e-06,-4.502218649070789e-06,1.4815835406365717e-06,0.0,0.0,10.0
-0.9915,6.999460349599465,0.0002276817579052898,0.999378456817825,0.0014792593661256273,-0.0009275725041581767,0.00046033036001141435,-0.00015543323807419264,2.3539862248213753e-05,6.579499783125282e-06,-4.633882524920201e-06,1.508392217511259e-06,0.0,0.0,10.0
-0.9885,6.999417668057377,0.00023489207226057144,0.9993608071506777,0.00152038223148773,-0.0009492421917007569,0.00047071800157716317,-0.0001587484322798979,2.3981221149185153e-05,6.823535056514306e-06,-4.773374455921857e-06,1.5349336400040877e-06,0.0,0.0,10.0
-0.9855,6.999377407620038,0.0002429972412244954,0.9993425767961885,0.0015610174887176014,-0.0009717772178844822,0.0004812289370858463,-0.00016211800158904606,2.4346553575725556e-05,7.047687924777773e-06,-4.91888439296596e-06,1.5614973778248325e-06,0.0,0.0,10.0
-0.9825,6.999339657505873,0.0002519452291939534,0.9993237883564403,0.001601541467977532,-0.0009951584406395133,0.0004918753588182971,-0.00016549108775134266,2.466454372915635e-05,7.260758381421045e-06,-5.067079643426914e-06,1.5884798721345158e-06,0.0,0.0,10.0
-0.9795,6.999304130034297,0.00026162384510156956,0.9993044654130046,0.0016425429207480285,-0.0010193042319438855,0.0005026723315524928,-0.00016881380425600825,2.4969348455426444e-05,7.473381097400798e-06,-5.214604878616786e-06,1.616177777543353e-06,0.0,0.0,10.0
-0.9765,6.999270365969669,0.0002718950843289007,0.9992845976813025,0.0016846068576607677,-0.0010441773935394925,0.0005135910231317467,-0.00017206205390517043,2.5282063120986698e-05,7.69137598005312e-06,-5.359641047493505e-06,1.6445715105703125e-06,0.0,0.0,10.0
-0.9735,6.999237898925537,0.00028262995072863553,0.9992641314264247,0.0017282059295035247,-0.0010698093541146847,0.000524563752937715,-0.0001752455229519904,2.5605476509838355e-05,7.913828180785444e-06,-5.502238841402278e-06,1.6733134696772064e-06,0.0,0.0,10.0
-0.9705,6.999206334729557,0.00029373320952553,0.9992429772329617,0.0017736871908981308,-0.0010962626989350034,0.0005355257899141866,-0.0001783873402018297,2.5931914501287817e-05,8.136181267456731e-06,-5.643322191368748e-06,1.7019386346530973e-06,0.0,0.0,10.0
-0.9675,6.9991753506113765,0.00030515331881189166,0.9992210211030884,0.001821297129975195,-0.001123588700758233,0.0005464531589363905,-0.0001815018183757753,2.6254061566535476e-05,8.35463508001504e-06,-5.783394872991921e-06,1.7301115924309442e-06,0.0,0.0,10.0
-0.9645,6.999144651025761,0.0003168796265983553,0.9991981317381764,0.0018712059174996712,-0.001151814608888001,0.0005573707890827,-0.000184587025986598,2.6569830045701388e-05,8.568251838757588e-06,-5.921983877210774e-06,1.7577234540542337e-06,0.0,0.0,10.0
-0.9615,6.9991139221528496,0.0003289326789762967,0.9991741646790117,0.0019235251112053957,-0.0011809576442374412,0.0005683347548207596,-0.0001876320484715634,2.6880188862489826e-05,8.778145210569765e-06,-6.057989604328762e-06,1.784813046062428e-06,0.0,0.0,10.0
-0.9585,6.999082812566303,0.0003413534282005379,0.9991489664434052,0.001978327879763043,-0.0012110443512159937,0.0005794080821609652,-0.00019062820178949145,2.71846412076171e-05,8.985547871890207e-06,-6.19038137316577e-06,1.811423858197282e-06,0.0,0.0,10.0
-0.9555,6.999050945683114,0.00035419488077842746,0.999122380143135,0.0020356759551073177,-0.0012421195835704232,0.0005906456424672851,-0.00019357483567902662,2.7478990178698038e-05,9.190688090879017e-06,-6.318627661049779e-06,1.8375157419862397e-06,0.0,0.0,10.0
-0.9525,6.999017950848428,0.00036751722084329237,0.9990942520401072,0.0020956478844102212,-0.0012742437923218119,0.0006020912312945686,-0.00019647779969991265,2.77565166439815e-05,9.393033948591844e-06,-6.442670633374936e-06,1.8629682792301249e-06,0.0,0.0,10.0
-0.9495,6.998983491750381,0.000381385753881812,0.9990644378515493,0.0021583597083865186,-0.0013074862327328266,0.000613781172757925,-0.00019934432514421156,2.8010727933640687e-05,9.59221537477113e-06,-6.562647857850742e-06,1.8876361610456054e-06,0.0,0.0,10.0
-0.9465,6.99894727698542,0.0003958703319968651,0.9990328076121582,0.002223972831778937,-0.001341921191198086,0.0006257477766420772,-0.00020217889174982656,2.823733873105799e-05,9.788681926760662e-06,-6.6786553581733785e-06,1.9113983179470203e-06,0.0,0.0,10.0
-0.9435,6.998909052610734,0.00041104500899597304,0.9989992477957901,0.002292689898335028,-0.0013776285506254897,0.0006380198200803306,-0.0002049821614651399,2.8434479294182663e-05,9.983689806518735e-06,-6.790692007489644e-06,1.934171096698243e-06,0.0,0.0,10.0
-0.9405,6.9988685848842564,0.0004269871869401738,0.9989636600742693,0.0023647435397542863,-0.0014146956501048251,0.000650621175290584,-0.00020775223925254552,2.860163693114898e-05,1.0178831831391889e-05,-6.898735024103928e-06,1.9558931281290152e-06,0.0,0.0,10.0
-0.9375,6.998825632144148,0.00044377611276871673,0.9989259585024698,0.00244038348742883,-0.001453218141962624,0.0006635699978575717,-0.00021048618854705906,2.8738416250028005e-05,1.0375531895627658e-05,-7.002820565579448e-06,1.9765081587459364e-06,0.0,0.0,10.0
-0.9345,6.998779896693246,0.00046149100845861913,0.9988860683954375,0.002519865812229421,-0.0014933004777096346,0.0006768797167784167,-0.00021318023344217433,2.8843835930414277e-05,1.0574748487995749e-05,-7.103050101702064e-06,1.9959656237419644e-06,0.0,0.0,10.0
-0.9315,6.998730995853954,0.0004802093288155439,0.9988439231206773,0.002603445698212089,-0.001535052915103142,0.0006905612920073457,-0.00021582930364437322,2.89162119085141e-05,1.0776974039056156e-05,-7.199528994309779e-06,2.0142297478335585e-06,0.0,0.0,10.0
-0.9285,6.998678594730781,0.0005000057968066007,0.9987994398939163,0.0026913729913922517,-0.0015785700783717414,0.0007046254507715341,-0.00021842939910613274,2.8953289238312102e-05,1.0982719896562648e-05,-7.292290813464733e-06,2.0312522280023237e-06,0.0,0.0,10.0
-0.9255,6.998622842450659,0.000520953005166631,0.9987524551589321,0.002783888144230231,-0.0016238754246028586,0.0007190841297885585,-0.00022098617751019217,2.8952306240772006e-05,1.1193697296002012e-05,-7.381251646851815e-06,2.0468648678547363e-06,0.0,0.0,10.0
-0.9225,6.998564892787878,0.000543124005135792,0.9987026506326382,0.002881216599800749,-0.0016708586835395924,0.000733951128820344,-0.0002235253883832398,2.890989484265834e-05,1.141410671720207e-05,-7.466204080345682e-06,2.060645647780783e-06,0.0,0.0,10.0
-0.9195,6.998506608289826,0.0005665956257174164,0.9986495971457793,0.002983564669671499,-0.001719315631068202,0.0007492418025018753,-0.00022608656957796836,2.882191300082552e-05,1.1649818459837384e-05,-7.54683792437118e-06,2.0719878336229547e-06,0.0,0.0,10.0
-0.9165,6.998448960118988,0.0005914493616122994,0.9985929843763468,0.0030911259205275293,-0.0017691485445687526,0.00076497094099845,-0.00022868985350483716,2.8683401524890986e-05,1.1904280632231928e-05,-7.622772819667667e-06,2.080498040454884e-06,0.0,0.0,10.0
-0.9135,6.998391535258542,0.000617769330865593,0.9985326933878764,0.0032040977680424672,-0.0018204310716833242,0.0007811496546275739,-0.00023132508267407223,2.8488811543734363e-05,1.2177239110111933e-05,-7.69358575730408e-06,2.086118307891038e-06,0.0,0.0,10.0
-0.9105,6.998348837259386,0.0006456617734041037,0.9984664880348831,0.003322622691053867,-0.0018714183767789675,0.000797797070183247,-0.000234283353448369,2.823227929759617e-05,1.25055961251116e-05,-7.758746045081035e-06,2.0850352163536496e-06,0.0,0.0,10.0
-0.9075,6.998562859038017,0.0006755721537349248,0.9983598808752487,0.003445696401832234,-0.001892537138879206,0.0008151406831397762,-0.00024249768278809423,2.790693711982619e-05,1.3497075412306326e-05,-7.816514855220761e-06,2.016274539390341e-06,0.0,0.0,10.0
-0.9045,6.998581197707696,0.0007076691985332327,0.9982768225606304,0.003573301339222871,-0.0019391866799354123,0.0008331039220963601,-0.0002467236081508615,2.7478228548861406e-05,1.4016631214639877e-05,-7.867118697978022e-06,1.9932371172760935e-06,0.0,0.0,10.0
-0.9015,6.998218981375923,0.000741286621611867,0.9982433191942729,0.003708343123320094,-0.002034029876669655,0.0008512591486580127,-0.00024316909321003504,2.696008041794549e-05,1.3600852226505703e-05,-7.91196833405689e-06,2.0620474880184956e-06,0.0,0.0,10.0
-0.8985,6.998127506572532,0.0007763770830981621,0.9981668366677129,0.003851626597737149,-0.002097462307718546,0.0008696804180339519,-0.00024510443245447615,2.6390924331220973e-05,1.3882457726211434e-05,-7.949470309377498e-06,2.059074621111835e-06,0.0,0.0,10.0
-0.8955,6.998028591792231,0.0008133905439206087,0.9980865709810929,0.004002279110692151,-0.00216358008240246,0.0008884367501254449,-0.00024682917150698646,2.5734298669057918e-05,1.4163331648104444e-05,-7.978724400809192e-06,2.0538820603932694e-06,0.0,0.0,10.0
-0.8925,6.997923444497047,0.0008524188232210912,0.9980021019294094,0.0041607111639160735,-0.0022323025658227994,0.0009074889035725958,-0.0002483419565913744,2.49853169453979e-05,1.4445901613237738e-05,-7.998981363247642e-06,2.0459076892815953e-06,0.0,0.0,10.0
-0.8895,6.997812282802601,0.0008935658174560725,0.9979131274815564,0.00432733589028682,-0.0023036617656259817,0.0009267959121512838,-0.00024962108285270885,2.4139012793329195e-05,1.4730159426110606e-05,-8.009401790577626e-06,2.034811266336857e-06,0.0,0.0,10.0
-0.8865,6.997695026617495,0.0009369470063362264,0.9978193670971198,0.004502563313648581,-0.002377710699076347,0.0009463158076692178,-0.0002506403784338675,2.3190540140493208e-05,1.5015465112178577e-05,-8.009073150838911e-06,2.0203002727826386e-06,0.0,0.0,10.0
-0.8835,6.997571416489675,0.0009826889501063194,0.9977205487852016,0.00468678676324282,-0.002454501053169134,0.0009660065598373475,-0.00025137356734216586,2.213534944621212e-05,1.5300917210816862e-05,-7.997041131494921e-06,2.0021010819701092e-06,0.0,0.0,10.0
-0.8805,6.997441058894086,0.001030926951781377,0.9976164092419333,0.0048803672062152715,-0.0025340702675399067,0.0009858265602844514,-0.00025179698324600115,2.0969420363849583e-05,1.5585527257719507e-05,-7.972355028691251e-06,1.9799521116910033e-06,0.0,0.0,10.0
-0.8775,6.997303459113493,0.0010818004543340933,0.9975066973841026,0.00508361897567712,-0.002616431310545738,0.0010057344507024375,-0.0002518916925615642,1.9689529403791104e-05,1.5868363309011972e-05,-7.934122395976149e-06,1.9536025039017526e-06,0.0,0.0,10.0
-0.8745,6.997158024899475,0.0011354463884506085,0.9973911820342993,0.005296800624344051,-0.0027015680487927746,0.0010256882421968115,-0.0002516445088704089,1.829349031237289e-05,1.6148634796173047e-05,-7.88156579275745e-06,1.922818432988005e-06,0.0,0.0,10.0
-0.8715,6.997004071003803,0.0011919915057650333,0.9972696576944804,0.005520113794279736,-0.0027894335766643313,0.0010456439349454188,-0.000251048337503471,1.67802849321101e-05,1.6425797116154427e-05,-7.814072569201628e-06,1.8873876608508163e-06,0.0,0.0,10.0
-0.8685,6.996840828881037,0.0012515455967328647,0.9971419464237757,0.0057537107757041,-0.0028799522453079435,0.0010655541491525248,-0.00025010175180421515,1.5150000128306066e-05,1.6699665044240215e-05,-7.731227901715982e-06,1.8471211297385888e-06,0.0,0.0,10.0
-0.8655,6.996667466264474,0.001314197975532476,0.9970078947064502,0.005997708683656278,-0.0029730260513645412,0.0010853674862674344,-0.0002488077241242943,1.3403514693238754e-05,1.69704991335975e-05,-7.632822987844996e-06,1.8018527988902216e-06,0.0,0.0,10.0
-0.8625,6.996483122355645,0.001380019347569723,0.9968673651416369,0.006252205941364634,-0.003068545304623287,0.0011050292981950806,-0.00024717154450043223,1.1541930238473404e-05,1.7239023319459457e-05,-7.518835222592077e-06,1.7514405164578282e-06,0.0,0.0,10.0
-0.8595,6.996286961701197,0.0014490699517816137,0.9967202240024715,0.006517296162017403,-0.0031664025129518,0.0011244841776359127,-0.00024519810911234873,9.565804979090939e-06,1.7506344367966012e-05,-7.389383614590224e-06,1.6957708473678056e-06,0.0,0.0,10.0
-0.8565,6.996078243383211,0.0015214128960004331,0.9965663269109388,0.006793076056929894,-0.0032665075359230547,0.0011436798987558441,-0.00024288893832915724,7.474324853655351e-06,1.777376595248481e-05,-7.24466622246636e-06,1.6347685312282352e-06,0.0,0.0,10.0
-0.8535,6.995856394586853,0.0015971295310951768,0.9964055056327,0.007079647093500008,-0.0033688015771187333,0.0011625719575273593,-0.00024023944598543803,5.2646151185816655e-06,1.804250941479766e-05,-7.084883901744402e-06,1.568406955267953e-06,0.0,0.0,10.0
-0.8505,6.995621072602817,0.0016763324054077302,0.9962375589953049,0.007377113731046589,-0.003473267585610269,0.0011811274514538577,-0.0002372370092533063,2.9314055186475274e-06,1.8313370554486034e-05,-6.910150220764304e-06,1.4967121873448981e-06,0.0,0.0,10.0
-0.8475,6.995372199446797,0.001759171486326115,0.9960622501444621,0.007685582297389928,-0.0035799348648788377,0.0011993268226159432,-0.0002338601513199616,4.671484368652638e-07,1.8586375149291926e-05,-6.720392016698631e-06,1.4197535053174565e-06,0.0,0.0,10.0
-0.8445,6.995109958519035,0.0018458310671287254,0.9958793110949137,0.008005162753388417,-0.003688875873684858,0.0012171620231947538,-0.00023007868871029638,-2.1375403054969723e-06,1.8860552589051305e-05,-6.515265614921949e-06,1.3376200625585738e-06,0.0,0.0,10.0
-0.8415,6.99483475059825,0.0019365175759612568,0.9956884543022537,0.008335971217949304,-0.0038001935930252325,0.00123463029101135,-0.0002258543658648144,-4.893440655555237e-06,1.9133988364923312e-05,-6.294139501039838e-06,1.2503936204981126e-06,0.0,0.0,10.0
-0.8385,6.994547113584335,0.0020314414237080167,0.9954893900652865,0.008678126730742428,-0.003913999291927289,0.0012517243957697285,-0.00022114176358463772,-7.812544861292324e-06,1.9404269787156905e-05,-6.056197763044396e-06,1.1581338235291541e-06,0.0,0.0,10.0
-0.8355,6.994247614499697,0.002130798178695297,0.995281847531014,0.00903173548848942,-0.0040303838770355226,0.0012684227068779533,-0.00021589009868163886,-1.0908033644236605e-05,1.9669274590367785e-05,-5.800676603799267e-06,1.0608877843496931e-06,0.0,0.0,10.0
-0.8325,6.993936723501102,0.0022347553658101306,0.995065594489189,0.00939686448340101,-0.004149391237018597,0.0012846841979464846,-0.00021004696903343122,-1.4194024776882401e-05,1.992804921880472e-05,-5.527162541021892e-06,9.587174209750295e-07,0.0,0.0,10.0
-0.8295,6.99361468098248,0.002343451129002989,0.9948404455190085,0.009773526939684423,-0.004271008093845982,0.0013004524434605993,-0.00020356378382023122,-1.7685026840049153e-05,2.0181438599165594e-05,-5.235789970948154e-06,8.517113975303554e-07,0.0,0.0,10.0
-0.8265,6.993281375678809,0.002457009344194505,0.9946062411465929,0.010161728315056656,-0.004395189528113781,0.0013156683111573407,-0.00019639946017519638,-2.1396051440734247e-05,2.0432254559704015e-05,-4.927130215552261e-06,7.399278153937137e-07,0.0,0.0,10.0
-0.8235,6.992936270051038,0.0025755701502667176,0.9943627817192681,0.010561629539451672,-0.004521936625247062,0.001330285987174638,-0.00018851658326894425,-2.5345125878679227e-05,2.0685020063273087e-05,-4.6016269796882e-06,6.232231067541875e-07,0.0,0.0,10.0
-0.8205,6.992578437564101,0.002699322673281288,0.994109722778759,0.010973833938933907,-0.004651421816315011,0.0013442849531201046,-0.00017986691775901642,-2.9558888180776594e-05,2.0945479461551808e-05,-4.258660448487404e-06,5.009884209807594e-07,0.0,0.0,10.0
-0.8175,6.992206788219302,0.002828512281107136,0.9938464844887328,0.011399681301838828,-0.004784112376586267,0.0013576723073650235,-0.000170372482494285,-3.4078356457880135e-05,2.1219951770322326e-05,-3.895688009180936e-06,3.719349603287719e-07,0.0,0.0,10.0
-0.8145,6.991820496041685,0.002963395918781794,0.9935722600549723,0.011841310647598247,-0.004920794069676907,0.0013704717880587635,-0.00015991843832103737,-3.895800285430995e-05,2.1514299020013348e-05,-3.5081943332261487e-06,2.341707970927916e-07,0.0,0.0,10.0
-0.8115,6.9914194674020225,0.003104155967975891,0.9932861671941365,0.012301290038853482,-0.005062401559084009,0.0013826957569509932,-0.00014837307687612462,-4.425172549916271e-05,2.1832150856756032e-05,-3.0910056999521495e-06,8.57562235681999e-08,0.0,0.0,10.0
-0.8085,6.991004492628662,0.0032508426343793007,0.9929874648735303,0.012781889165620926,-0.005209668253774807,0.0013943011991046296,-0.000135632350458341,-4.998763031219556e-05,2.2172549246026644e-05,-2.640678762219418e-06,-7.437617679610626e-08,0.0,0.0,10.0
-0.8055,6.9905767275145,0.0034034340989771315,0.9926756669554269,0.013284395259316118,-0.005362774867388894,0.0014051526344755665,-0.00012166380673879627,-5.6146223868211384e-05,2.2528476807966616e-05,-2.1575792459048733e-06,-2.4567368174634727e-07,0.0,0.0,10.0
-0.8025,6.990136488104244,0.003562031394940034,0.9923504656680534,0.013808862457035156,-0.005521248604101635,0.0014150472260884416,-0.00010652252716632777,-6.266246063644983e-05,2.288902022630748e-05,-1.6459196894723851e-06,-4.2611400925755385e-07,0.0,0.0,10.0
-0.7995,6.989681865789653,0.0037270952231917157,0.9920115693763825,0.014354248707608992,-0.005684198063876357,0.0014238533191592152,-9.033992861904452e-05,-6.946025050728233e-05,2.3247392430482535e-05,-1.1111806066624202e-06,-6.135918749199652e-07,0.0,0.0,10.0
-0.7965,6.989207986011578,0.003899590365013227,0.9916586121221344,0.014918585113967198,-0.005850672903752231,0.0014317151766618638,-7.331077711779905e-05,-7.650058964463718e-05,2.361226516503509e-05,-5.565158250015978e-07,-8.078720996579835e-07,0.0,0.0,10.0
-0.7935,6.98870871029038,0.004080901132079645,0.9912910060047595,0.015499277371213475,-0.006019772859062933,0.0014391177509313832,-5.569286777719816e-05,-8.38019219125209e-05,2.401369737153786e-05,1.882417679142886e-08,-1.0115752707523402e-06,0.0,0.0,10.0
-0.7905,6.98819425532763,0.004272372078146102,0.9909058403755165,0.016094271571842858,-0.0061890129746946625,0.0014466070414402125,-3.8022350384273587e-05,-9.140188285709142e-05,2.452212431443446e-05,6.170954318995941e-07,-1.2316836780099095e-06,0.0,0.0,10.0
-0.7875,6.987609897096659,0.004474834466282119,0.9905102123228582,0.016703491149271023,-0.006365317479352566,0.0014542587404992105,-1.9136383512537897e-05,-9.930654945496754e-05,2.4993567006211168e-05,1.2387611030632047e-06,-1.4536400927819555e-06,0.0,0.0,10.0
-0.7845,6.986901517994259,0.004688094590468993,0.9901118331358857,0.017330056425089446,-0.006556742683609456,0.0014614476235357441,2.4617523077035043e-06,-0.00010744619305152943,2.5229955248552373e-05,1.8798724504108915e-06,-1.6569288785614106e-06,0.0,0.0,10.0
-0.7815,6.986140225163871,0.004911822498156339,0.9897002410851145,0.01797725692321567,-0.006755424989572391,0.0014675564090869803,2.5612853130157388e-05,-0.00011571699512854107,2.535013563279258e-05,2.534176337918993e-06,-1.8519992928179266e-06,0.0,0.0,10.0
-0.7785,6.9854350159485135,0.005146726616510536,0.9892584339594556,0.01864480251378969,-0.006946909475644095,0.0014725944464948474,4.79630642419171e-05,-0.00012406276937136095,2.5622423271307028e-05,3.1976681941339014e-06,-2.0641771491575177e-06,0.0,0.0,10.0
-0.7755,6.984719995603929,0.005393593513396604,0.9887937934682386,0.019331288930568,-0.007137055615621218,0.0014765487097326009,7.05396325295732e-05,-0.00013246604518540777,2.590928301810523e-05,3.8688656442755845e-06,-2.2791097039607523e-06,0.0,0.0,10.0
-0.7725,6.983977671488809,0.005652353981336462,0.9883075408542952,0.020037023825855177,-0.007326452532579058,0.0014791663664833947,9.351001891985906e-05,-0.00014087966235730532,2.6174386256357713e-05,4.544709208333146e-06,-2.4923514422041327e-06,0.0,0.0,10.0
-0.7695,6.98319924908926,0.005922926854795621,0.9878000247491652,0.020762249967271707,-0.007514693662278692,0.0014801813948941908,0.00011686204551111252,-0.0001492549020377777,2.6402915075443594e-05,5.222057007195081e-06,-2.7015884553752964e-06,0.0,0.0,10.0
-0.7665,6.982379175018626,0.0062054012351363845,0.9872716679844004,0.021506832648611578,-0.007701261033552026,0.0014793503180850361,0.00014054598291089447,-0.00015754561228697097,2.658489719563825e-05,5.897857475908365e-06,-2.904977309500709e-06,0.0,0.0,10.0
-0.7635,6.981514355649338,0.006500042653736856,0.9867230376893744,0.022270165583685508,-0.007885689049956712,0.0014764667948537961,0.00016449740619827087,-0.00016570890825456315,2.6713229914281596e-05,6.56914538905737e-06,-3.100955960635157e-06,0.0,0.0,10.0
-0.7605,6.980603630306035,0.00680718221472389,0.9861547095664978,0.023051194728970097,-0.008067574058441015,0.001471368140119798,0.00018863732582514938,-0.00017370465342050087,2.678446547169039e-05,7.233043525559464e-06,-3.2883687955034155e-06,0.0,0.0,10.0
-0.7575,6.979646854763392,0.00712710065458832,0.9855671654444975,0.023848481731360092,-0.008246601174927858,0.001463947324397962,0.00021287858570626577,-0.00018149552443828983,2.6798464452067284e-05,7.886930333780002e-06,-3.466523880331812e-06,0.0,0.0,10.0
-0.7545,6.978644104320311,0.0074599687922056665,0.9849607607977617,0.024660325522539866,-0.008422571246506631,0.0014541687549725609,0.0002371347331859043,-0.0001890478105197906,2.675720664971729e-05,8.528787285329752e-06,-3.635196063708446e-06,0.0,0.0,10.0
-0.7515,6.977595273434978,0.007805844960338646,0.9843357455159222,0.025484956103396024,-0.008595398210092458,0.001442080387927954,0.00026132626884393283,-0.00019633244683131608,2.6663527817599176e-05,9.157607618111654e-06,-3.794618223071015e-06,0.0,0.0,10.0
-0.7485,6.976500018046353,0.008164701042395917,0.9836923091421135,0.026320752324235502,-0.00876508217877467,0.001427815599793141,0.00028538530176415184,-0.00020332583090902284,2.6520004942220705e-05,9.77368666354731e-06,-3.94544148228693e-06,0.0,0.0,10.0
-0.7455,6.975357925274312,0.008536448021569517,0.9830306185938366,0.02716641291961291,-0.008931676021906983,0.0014115791339695573,0.00030926028898164553,-0.00021000997171463442,2.6327968905626247e-05,1.037865408009489e-05,-4.088639521455907e-06,0.0,0.0,10.0
-0.7425,6.974168795887954,0.008920944770471815,0.9823508337187934,0.02802104373333888,-0.009095260519712945,0.0013936139928342312,0.00033292061756495784,-0.0002163713952143048,2.6086419128044887e-05,1.0975236655681458e-05,-4.225353369329687e-06,0.0,0.0,10.0
-0.7395,6.972932950647523,0.009317988332165234,0.9816531035940463,0.02888417219857814,-0.009255932008062528,0.001374152374474645,0.000356359250469615,-0.00022239831431132367,2.57905838463659e-05,1.1566864418900189e-05,-4.356699979124114e-06,0.0,0.0,10.0
-0.7365,6.9716515109202035,0.009727294044304034,0.9809375519968758,0.029755724214985672,-0.00941379554414927,0.0013533604657118027,0.00037959226897347874,-0.0002280762944495685,2.5430238011980688e-05,1.215725238293177e-05,-4.4835821426844945e-06,0.0,0.0,10.0
-0.7335,6.970326613960899,0.010148478100376685,0.9802042602608769,0.03063598976122002,-0.009568953803006104,0.0013312897007620142,0.0004026566980724922,-0.00023338398533699373,2.49884994633752e-05,1.2750002181738687e-05,-4.606529501120575e-06,0.0,0.0,10.0
-0.7305,6.968961508554358,0.010581054328211516,0.9794532555800953,0.03152557691024653,-0.009721486134838019,0.0013078455419959657,0.0004256097111428792,-0.0002382915353775511,2.444217385855185e-05,1.3348185084854666e-05,-4.725590088231247e-06,0.0,0.0,10.0
-0.7275,6.967560463759027,0.011024452660965866,0.9786845134785976,0.032425333149074045,-0.009871421017418195,0.001282782088722782,0.0004485308252574434,-0.0002427638314506861,2.3764319010594435e-05,1.3953911133570278e-05,-4.840299633130001e-06,0.0,0.0,10.0
-0.7245,6.9661284466738485,0.011478061104536955,0.9778979792314461,0.03333621710633012,-0.010018715276026064,0.0012557290536400131,0.00047152443443192204,-0.00024676849274408855,2.2928651854848597e-05,1.4568039068434899e-05,-4.949774342235001e-06,0.0,0.0,10.0
-0.7215,6.964670602081136,0.01194128824256912,0.977093599266488,0.03425913508202874,-0.010163258448698526,0.0012262548670210237,0.0004947162792916769,-0.0002502859821180075,2.1914493076109098e-05,1.5190261129755823e-05,-5.05296744272201e-06,0.0,0.0,10.0
-0.7185,6.963191659759146,0.012413639976769551,0.9762713370286534,0.03519479281514372,-0.010304913660333816,0.001193961618600655,0.0005182380994180609,-0.00025331816832401124,2.071085823867302e-05,1.5819646307763776e-05,-5.1490725199541355e-06,0.0,0.0,10.0
-0.7155,6.96169541822242,0.012894798688963656,0.9754311515729734,0.03614361655473387,-0.010443587805430019,0.0011585931067917177,0.0005422010624252451,-0.0002558927020771271,1.9318941667635948e-05,1.6455404140017324e-05,-5.237959636594782e-06,0.0,0.0,10.0
-0.7125,6.960184370175669,0.013384679637695664,0.9745729597052566,0.03710574946471902,-0.010579304819339833,0.0011201221422209916,0.0005666676126684178,-0.0002580623135779956,1.7752743447976645e-05,1.7097401186461292e-05,-5.320445901314757e-06,0.0,0.0,10.0
-0.7095,6.958659456073338,0.013883421166643064,0.9736966603345883,0.0380810613759029,-0.010712249741781683,0.0010787785457627432,0.0005916368590824937,-0.00025989907086354015,1.6037454079225652e-05,1.7746051619299712e-05,-5.398200417617227e-06,0.0,0.0,10.0
-0.7065,6.9571200361149925,0.014391266836942354,0.972802297361925,0.039069091550815886,-0.010842758963923522,0.001034995868218312,0.0006170541862568183,-0.00026148419872817,1.4205205553418754e-05,1.8401602531309177e-05,-5.473230658499935e-06,0.0,0.0,10.0
-0.7035,6.9555643958581665,0.014908356200359678,0.9718903142701627,0.04006890802914404,-0.010971240649603595,0.000989295604479595,0.0006428398613742948,-0.0002628963830691287,1.2289302425748097e-05,1.906332381136488e-05,-5.5472095449335064e-06,0.0,0.0,10.0
-0.7005,6.953990894810171,0.015434556574973338,0.9709616888485211,0.041078943901594084,-0.011098023700996683,0.0009421775153529617,0.0006689137688394607,-0.0002642058490594378,1.0320670465098397e-05,1.9729400597244457e-05,-5.6212186011803025e-06,0.0,0.0,10.0
-0.6975,6.952398713870616,0.01596954836023655,0.9700177583076954,0.04209685226640384,-0.011223190753722355,0.000894104174387702,0.0006951943681914118,-0.0002654829101010596,8.330510726396926e-06,2.039811417842275e-05,-5.696405404867238e-06,0.0,0.0,10.0
-0.6945,6.95078607328982,0.016513274942590462,0.9690598389086318,0.043119340853936955,-0.011346524624783612,0.0008456101367302167,0.0007215771404861351,-0.0002668205954222361,6.3580425240315355e-06,2.1069985909141213e-05,-5.775314180012729e-06,0.0,0.0,10.0
-0.6915,6.949145120741356,0.01706656120175658,0.9680890008285882,0.044142028321003876,-0.011467662213531344,0.0007974301556793697,0.0007479282667483208,-0.000268351792623376,4.45447523756496e-06,2.1749252810347832e-05,-5.86263532066875e-06,0.0,0.0,10.0
-0.6885,6.947455776727748,0.01763143299396281,0.9671063039975708,0.04515970076291007,-0.0115864706896084,0.0007504258137481823,0.0007741483972664843,-0.0002702293157899744,2.669838220789024e-06,2.244252791315386e-05,-5.9636523335168976e-06,0.0,0.0,10.0
-0.6855,6.945682119143411,0.018210771859814043,0.9661135107278597,0.04616748415389089,-0.011703689154219613,0.0007051735707631945,0.0008003522208659377,-0.00027255726444009155,1.015407867827884e-06,2.3154164719042726e-05,-6.0796672049223905e-06,0.0,0.0,10.0
-0.6825,6.943778779143883,0.018807428151242294,0.9651132362106912,0.04716268185133998,-0.011821209268891084,0.0006614527167762575,0.0008270185143472759,-0.0002753152453965989,-5.711496685867844e-07,2.3881286350236895e-05,-6.2036616572377974e-06,0.0,0.0,10.0
-0.6795,6.941712106428938,0.019423357780776963,0.964107400568105,0.04814566356581919,-0.011941017133376385,0.0006182292017243553,0.0008548209630369622,-0.0002783569860632331,-2.2059177317434027e-06,2.4613627756365255e-05,-6.322154166847913e-06,0.0,0.0,10.0
-0.6765,6.9394729167740845,0.020059342270207406,0.9630964252447186,0.049118137397870826,-0.012064336203275091,0.0005744536354620293,0.0008843034692730214,-0.00028152449024904916,-3.995424546450879e-06,2.534070636596366e-05,-6.422566772964765e-06,0.0,0.0,10.0
-0.6735,6.937053049446523,0.020715342051873184,0.9620822193014754,0.05007997128532967,-0.012193297688635148,0.0005300500148680738,0.0009158945172024505,-0.00028479425166579557,-6.005878278403777e-06,2.6061152413768055e-05,-6.4978737424691105e-06,0.0,0.0,10.0
-0.6705,6.934300021948276,0.021390235633744467,0.9610867767089255,0.05103060249961234,-0.012345660020502853,0.00048522338026806954,0.0009522812669283279,-0.0002882704944390056,-8.53589448497576e-06,2.6784953313479013e-05,-6.5213150778630166e-06,0.0,0.0,10.0
-0.6675,6.927542133897766,0.022076553285445194,0.9606175610136203,0.051989367337167434,-0.012939047401865938,0.0004251900999177495,0.0010631672797773025,-0.00029196308895050404,-1.9806156287332885e-05,2.7583660126801607e-05,-5.725328277944006e-06,0.0,0.0,10.0
-0.6645,6.924409514298436,0.022769023111553457,0.9596235121465151,0.052969913892197684,-0.013109545079637257,0.0003750140342822141,0.0011041256093481315,-0.0002954565169700238,-2.2769687175455175e-05,2.829743851962835e-05,-5.704217376908565e-06,0.0,0.0,10.0
-0.6615,6.924358136023583,0.023474872560902544,0.9581824004991494,0.05395212116717617,-0.012926193431340847,0.00033581254693571146,0.0010867271239453121,-0.0002989631234208578,-1.8817346439248175e-05,2.894087325460766e-05,-6.324624286209727e-06,0.0,0.0,10.0
-0.6585,6.922515335197184,0.024202509503521128,0.9569691204130927,0.054920173099341656,-0.012947116928632473,0.00029225835736795505,0.0011043461077422253,-0.0003027992694021783,-1.8996021449822908e-05,2.962153732229478e-05,-6.553895001462163e-06,0.0,0.0,10.0
-0.6555,6.92022981747699,0.02495566315566287,0.9557989544772323,0.05587087507177881,-0.013022397655054179,0.0002500220717770923,0.001131856493333549,-0.0003069964353102593,-2.035091309494648e-05,3.0316345359656752e-05,-6.667265078970849e-06,0.0,0.0,10.0
-0.6525,6.917904673115538,0.0257320695903724,0.9546138256122328,0.056809454364094625,-0.01310492018658414,0.00021016348614005126,0.001161339378271397,-0.000311490135677571,-2.1954893891486005e-05,3.101381428120981e-05,-6.750491021769521e-06,0.0,0.0,10.0
-0.6495,6.915542223649018,0.02652670446901851,0.9534067453239535,0.05774491462452798,-0.013187835038879341,0.00017185782270198312,0.0011915734854677598,-0.0003161841926697751,-2.3666007761998977e-05,3.170815790634722e-05,-6.816392849647909e-06,0.0,0.0,10.0
-0.6465,6.913106480922674,0.027335453689179355,0.9521771393721619,0.058684861675836815,-0.013269384544283861,0.00013433294000990656,0.001222233184422993,-0.0003210062596234939,-2.54502243553805e-05,3.2395904742760166e-05,-6.867595557619101e-06,0.0,0.0,10.0
-0.6435,6.910595816402799,0.02815684447859335,0.9509236688478747,0.059633945148816314,-0.01334728054092726,9.718431820161482e-05,0.00125291329208821,-0.0003259096570917732,-2.726442012072955e-05,3.307470971077655e-05,-6.907508075255119e-06,0.0,0.0,10.0
-0.6405,6.908019638133822,0.028991214473628794,0.9496465527250453,0.06059545989694275,-0.013420140447931139,5.9997781611870755e-05,0.0012833079212047974,-0.0003308432587638291,-2.907374419396642e-05,3.374208214748337e-05,-6.938946481751479e-06,0.0,0.0,10.0
-0.6375,6.905377974465542,0.029839115266639536,0.9483478412650133,0.061572368676677085,-0.013487677713412022,2.2172691537433956e-05,0.0013132283920702483,-0.0003357397662430553,-3.08543487432086e-05,3.439488616044376e-05,-6.96390223976013e-06,0.0,0.0,10.0
-0.6345,6.902660707454281,0.030700427769704296,0.9470297241843119,0.0625666462555822,-0.013549900721712721,-1.69463314813539e-05,0.0013424888542358593,-0.0003405271922435823,-3.258304542340324e-05,3.5029682438349517e-05,-6.9843633585981855e-06,0.0,0.0,10.0
-0.6315,6.899854830269083,0.03157448920824178,0.9456933702771191,0.0635781803920572,-0.01360675353451131,-5.7877809655059694e-05,0.0013708679477166153,-0.00034514452569722124,-3.423446916175992e-05,3.564330337813073e-05,-7.00247722796676e-06,0.0,0.0,10.0
-0.6285,6.896951570271032,0.03246072552062083,0.9443388533764456,0.06460451566898849,-0.013658147450193444,-0.00010089300932991767,0.0013981409292378284,-0.00034954974671230093,-3.5783709735562794e-05,3.623327884499537e-05,-7.020302230707476e-06,0.0,0.0,10.0
-0.6255,6.893948952395235,0.03335917098994195,0.9429657282104289,0.06564162490051165,-0.01370406261367395,-0.00014598174197498964,0.001424141624261488,-0.0003537200776694575,-3.721050054916161e-05,3.6798165083029775e-05,-7.039444198713429e-06,0.0,0.0,10.0
-0.6225,6.890849730387148,0.034270587195608125,0.941573644116622,0.06668509046275033,-0.013744604571400792,-0.0001928600821217018,0.0014488223285413515,-0.00035764829626448486,-3.8502893237401496e-05,3.733784889160636e-05,-7.0607061969249964e-06,0.0,0.0,10.0
-0.6195,6.887658259555698,0.03519625226102928,0.9401625485602881,0.06773105292318662,-0.013779975557823575,-0.00024101793734860794,0.0014722721546433968,-0.0003613384242394384,-3.9657721343830835e-05,3.7853676968358254e-05,-7.084018809717866e-06,0.0,0.0,10.0
-0.6165,6.884378964721376,0.03613763871895707,0.938732499763636,0.06877669009347084,-0.013810412717312561,-0.0002898177957622663,0.0014946821583882645,-0.00036480304856823,-4.067798265861442e-05,3.8348168000401574e-05,-7.108730469710955e-06,0.0,0.0,10.0
-0.6135,6.881016212658795,0.03709614368394552,0.9372834243324284,0.06982033237668493,-0.013836181604533076,-0.0003386298116689332,0.001516283875207313,-0.000368062762223148,-4.157009234060356e-05,3.882422067143024e-05,-7.13405241334009e-06,0.0,0.0,10.0
-0.6105,6.877574319004024,0.038072918902713276,0.935815065348719,0.0708613920288223,-0.013857632021698933,-0.0003869578839578029,0.001537296000112119,-0.000371145810937633,-4.2342861381338574e-05,3.92840563037284e-05,-7.1594168125707766e-06,0.0,0.0,10.0
-0.6075,6.874057189560033,0.03906878297516809,0.9343271016006667,0.07190018419046935,-0.013875244087154966,-0.0004345125539627905,0.0015578958897951361,-0.0003740850954460321,-4.300730786179029e-05,3.972839025152613e-05,-7.184633211337391e-06,0.0,0.0,10.0
-0.6045,6.870467932909543,0.04008419703252762,0.9328192839578704,0.07293763862274359,-0.01388960592617732,-0.000481218212986035,0.0015782126163824124,-0.00037691152430476026,-4.35756658317319e-05,4.015623168954378e-05,-7.209836310290639e-06,0.0,0.0,10.0
-0.6015,6.866808794560919,0.04111930245599702,0.931291483996112,0.0739749224632487,-0.013901326727787934,-0.0005271749068305063,0.0015983293357248365,-0.0003796458136534969,-4.4059496537663e-05,4.056526416417908e-05,-7.235279347247572e-06,0.0,0.0,10.0
-0.5985,6.863081330151128,0.04217401806367346,0.9297436591596667,0.07501305361442695,-0.013910924418337968,-0.0005726047018089754,0.0016182842571543393,-0.00038229224268575745,-4.4468322968151526e-05,4.0952338839680276e-05,-7.261066017819419e-06,0.0,0.0,10.0
-0.5955,6.859286503259793,0.043248174004076566,0.9281757988223791,0.07605259364714598,-0.013918720387592056,-0.0006177996222763982,0.0016380664394774328,-0.0003848363500448293,-4.480993233724524e-05,4.131362657938098e-05,-7.2869180793891165e-06,0.0,0.0,10.0
-0.5925,6.8554245472222535,0.04434164027009467,0.9265879083071205,0.0770934615939746,-0.013924758837880592,-0.0006630707153765744,0.0016576103241811217,-0.00038724599139801076,-4.5091857859134185e-05,4.164442728002052e-05,-7.31204338668047e-06,0.0,0.0,10.0
-0.5895,6.851494726724128,0.045454405673096644,0.9249800459701699,0.07813487603735612,-0.013928776447804367,-0.0007086916106544087,0.0016767982146259582,-0.0003894747869460517,-4.532233745013129e-05,4.19391259034459e-05,-7.335146688479035e-06,0.0,0.0,10.0
-0.5865,6.847495302380666,0.046586579684422015,0.9233523822240653,0.07917546815059671,-0.013930275850323613,-0.0007548356792896588,0.0016954809336081611,-0.00039146975280811806,-4.550937020379852e-05,4.219191317753252e-05,-7.35465231234347e-06,0.0,0.0,10.0
-0.5835,6.8434239681100575,0.04773831301989268,0.9217052222008516,0.08021366647295271,-0.013928766858153366,-0.0008015134815780166,0.0017135221558335835,-0.0003931875944755104,-4.565788389623172e-05,4.239855545439099e-05,-7.369232680951233e-06,0.0,0.0,10.0
-0.5805,6.839278842649602,0.04890965334498945,0.9200389504867706,0.08124839558342484,-0.013924177647491294,-0.000848521998561027,0.0017308598018071534,-0.0003946210524998308,-4.576634195859762e-05,4.2558826307556885e-05,-7.378624659991401e-06,0.0,0.0,10.0
-0.5775,6.835059741107351,0.05010038738469866,0.918353904326003,0.08227987133906384,-0.013917268864801725,-0.000895430781051197,0.0017475594537062775,-0.00039582474832114027,-4.582493526637964e-05,4.267836361957575e-05,-7.384380273953416e-06,0.0,0.0,10.0
-0.5745,6.83076887979388,0.051310012459284696,0.916650166207135,0.08330998625197703,-0.013909665925275084,-0.000941666233836336,0.0017638203895226062,-0.0003969144591549717,-4.58181932174796e-05,4.276801164053273e-05,-7.389778108302304e-06,0.0,0.0,10.0
-0.5715,6.826409683228286,0.05253809972712449,0.9149271155943484,0.08434186817567081,-0.013903078251913779,-0.0009867882323072045,0.0017799052616518376,-0.000398010457072509,-4.5735018647788576e-05,4.28389375611415e-05,-7.398055795394119e-06,0.0,0.0,10.0
-0.5685,6.821983062371551,0.05378521360228701,0.9131825132193876,0.08537885974430688,-0.013897693612090277,-0.0010309922250113096,0.0017960131087243177,-0.0003991234178099462,-4.558645708603367e-05,4.289399639714548e-05,-7.40894719940648e-06,0.0,0.0,10.0
-0.5655,6.817483445548384,0.05505391802021152,0.9114114236074784,0.08642383708703257,-0.01389064105445529,-0.001075627600416075,0.001812178053351696,-0.000400041755269857,-4.5423647755556023e-05,4.2919873702081387e-05,-7.4152693830869915e-06,0.0,0.0,10.0
-0.5625,6.8128998583093665,0.056348558079644624,0.9096064069714426,0.08747933999418077,-0.013876122363811291,-0.0011231959697964348,0.0018282825552109667,-0.00040033216725729324,-4.533822946447895e-05,4.2887665743809586e-05,-7.402913742501083e-06,0.0,0.0,10.0
-0.5595,6.808223671473252,0.05767294845089519,0.9077606622987778,0.08854710072930852,-0.013848101440659665,-0.0011762619722397575,0.0018441638274915013,-0.0003995374667600746,-4.542575645526296e-05,4.276691396142225e-05,-7.356998680853031e-06,0.0,0.0,10.0
-0.5565,6.803452382660061,0.059027801882777106,0.9058732932121688,0.08962430021689519,-0.01380394647973259,-0.0012353810600501138,0.0018596250824112486,-0.00039750908359105914,-4.571157132639974e-05,4.254767623021379e-05,-7.272877145601488e-06,0.0,0.0,10.0
-0.5535,6.798573922828804,0.06041158752862791,0.9039522931127806,0.09069745009671365,-0.01374574967601867,-0.0012974613183878868,0.0018742575097471935,-0.000394624440635537,-4.608786675178188e-05,4.225356584588369e-05,-7.164079557900806e-06,0.0,0.0,10.0
-0.5505,6.79357929338513,0.061823856528108165,0.9020067518967546,0.09174419070846516,-0.013674989462066335,-0.0013568054476424743,0.0018869171478777507,-0.00039159626202564865,-4.629613206399254e-05,4.1927767340819724e-05,-7.0610870323167975e-06,0.0,0.0,10.0
-0.5475,6.787285008717556,0.06326367791740371,0.9001995019851415,0.09275410567006898,-0.013713049165966757,-0.0014172594506326574,0.0019160764012907624,-0.0003887754314024937,-4.836412236150317e-05,4.162978974062238e-05,-6.79560678719492e-06,0.0,0.0,10.0
-0.5445,6.781288182891128,0.06472305173835385,0.8983254282009935,0.09374828911285309,-0.013708928069895633,-0.0014726457913125362,0.0019382600217119422,-0.00038603473313001703,-4.964694615752304e-05,4.1307891889423816e-05,-6.592951428848258e-06,0.0,0.0,10.0
-0.5415,6.776527524696182,0.06619237791046269,0.8962620461836565,0.09475707002885746,-0.013576417432459367,-0.0015230634965677176,0.0019408118501695409,-0.0003828786553804808,-4.878173255330641e-05,4.0907847794770374e-05,-6.56478580398774e-06,0.0,0.0,10.0
-0.5385,6.771554203357341,0.06767436473533957,0.8941906304809002,0.09578204457876477,-0.013451951350540958,-0.0015781040893972326,0.0019454357672689072,-0.00037902717121356453,-4.8258995592924106e-05,4.045586522192219e-05,-6.498057673396027e-06,0.0,0.0,10.0
-0.5355,6.766058841634046,0.06917913639739075,0.8921411982964859,0.09680580724100443,-0.013354911956991553,-0.001636916028505612,0.0019547096583383493,-0.0003746522156840575,-4.8348216000631286e-05,3.99671254223279e-05,-6.372100459332881e-06,0.0,0.0,10.0
-0.5325,6.76024640349054,0.07070945786018455,0.890088143313624,0.09782551019807098,-0.013267384693871564,-0.0016981780698444736,0.0019658319529774083,-0.0003697762864025441,-4.873521232523455e-05,3.943723419356697e-05,-6.213909245617167e-06,0.0,0.0,10.0
-0.5295,6.754277093583551,0.07226890608472962,0.8880121599543394,0.09883642912386066,-0.013176378122408437,-0.0017605785766678778,0.001976797455689419,-0.00036444056279036883,-4.919654673362185e-05,3.8864176331954686e-05,-6.042487003083867e-06,0.0,0.0,10.0
-0.5265,6.748208085552514,0.073860150420716,0.8859064140019418,0.09983499984938156,-0.013077668231449888,-0.00182348999370771,0.001986999389600585,-0.0003586732428584116,-4.9668334526121694e-05,3.824853124091188e-05,-5.86314592452919e-06,0.0,0.0,10.0
-0.5235,6.742043181739965,0.07548464162322549,0.8837698557662618,0.10081922934600172,-0.012970758411423425,-0.001886678583276103,0.001996445462543361,-0.00035249360358008245,-5.015745138662711e-05,3.759223106789724e-05,-5.675076776623211e-06,0.0,0.0,10.0
-0.5205,6.735772912159914,0.07714301201262634,0.8816024972624524,0.10178801662490117,-0.012855623221965136,-0.0019500057992750124,0.0020052406850811382,-0.00034591768167754417,-5.06807731781925e-05,3.6897562650905646e-05,-5.476618732122492e-06,0.0,0.0,10.0
-0.5175,6.729388861339489,0.07883551348453532,0.8794041206623711,0.1027405835424844,-0.01273196740361072,-0.002013327027474041,0.0020134535705090225,-0.00033895806369070217,-5.124725509818546e-05,3.61666054468399e-05,-5.266947587811848e-06,0.0,0.0,10.0
-0.5145,6.7228848383417725,0.08056227404334329,0.8771744987594514,0.10367624626718668,-0.012599470837551334,-0.0020764861777908717,0.002021138558455787,-0.00033162516909100796,-5.185951114341868e-05,3.5401224508214945e-05,-5.046024268296625e-06,0.0,0.0,10.0
-0.5115,6.7162561884756125,0.08232338593640076,0.8749136329514501,0.10459439810367259,-0.012457947329444398,-0.0021393156399761807,0.002028350658106654,-0.0003239331119061396,-5.251684634847748e-05,3.460345607498169e-05,-4.814285352956405e-06,0.0,0.0,10.0
-0.5085,6.70949956660916,0.0841188894421461,0.8726217658926981,0.10549455339066277,-0.01230730924609133,-0.0022016372988320834,0.002035132579394381,-0.0003159059571287769,-5.321624798232591e-05,3.377591159018083e-05,-4.572442283360334e-06,0.0,0.0,10.0
-0.5055,6.702612567392576,0.08594871975571225,0.8702993221709532,0.1063763484286104,-0.012147502744421872,-0.0022632768222893727,0.0020414997587726996,-0.00030757965573897917,-5.395272248367208e-05,3.2921877807298114e-05,-4.3213625837049924e-06,0.0,0.0,10.0
-0.5025,6.69559320108641,0.08781267867545152,0.8679468503919693,0.10723946310496539,-0.011978475878882556,-0.0023240846365687757,0.0020474366979438396,-0.00029899866065095107,-5.47198263104859e-05,3.2045047463286186e-05,-4.0619943290463525e-06,0.0,0.0,10.0
-0.49950000000000006,6.688439469235418,0.08971046863308577,0.8655649783445243,0.10808350152321493,-0.011800167696376313,-0.002383952819634189,0.0020529055394674133,-0.00029020916817855576,-5.551065415154289e-05,3.114904613772536e-05,-3.795285526348346e-06,0.0,0.0,10.0
-0.49649999999999994,6.681149137756629,0.09164178984375163,0.863154365124253,0.10890790808097488,-0.011612490698017073,-0.0024428269833575624,0.002057860971994894,-0.00028125149219213914,-5.631913701183715e-05,3.0236972370501195e-05,-3.5220673347939778e-06,0.0,0.0,10.0
-0.49350000000000005,6.673719613142263,0.09360647381303956,0.8607156210747867,0.10971197835303406,-0.011415290983641425,-0.0025007202031962937,0.002062264160034337,-0.00027215328264236185,-5.714131440936947e-05,2.931107670518242e-05,-3.242907346642693e-06,0.0,0.0,10.0
-0.49049999999999994,6.666147772411589,0.09560461928698609,0.8582491755094745,0.11049497485117388,-0.011208287566933367,-0.0025577344047811135,0.0020660909715267705,-0.00026292446332897945,-5.797632138636487e-05,2.8372590389063415e-05,-2.95796588930035e-06,0.0,0.0,10.0
-0.48750000000000004,6.65842968340354,0.09763670123943556,0.8557551051411276,0.11125630891640062,-0.010991005560220334,-0.0026140861712285217,0.002069333511384308,-0.0002535544246569917,-5.88269626146562e-05,2.7421665214199822e-05,-2.6668973664632802e-06,0.0,0.0,10.0
-0.48449999999999993,6.6505603051229585,0.09970362443985387,0.8532329791266786,0.11199572029460891,-0.010762727307648611,-0.0026701252472014505,0.002071996657192514,-0.00024401208636974853,-5.969974423662667e-05,2.6457416842688873e-05,-2.3688384049949512e-06,0.0,0.0,10.0
-0.48150000000000004,6.642533395829915,0.10180668612288991,0.8506818067499037,0.11271338171292812,-0.010522491477968474,-0.0027263300683407266,0.0020740923560183962,-0.00023424961807528115,-6.0604146614642266e-05,2.5478126010994078e-05,-2.0625186311026855e-06,0.0,0.0,10.0
-0.4784999999999999,6.634341912300018,0.10394740896948206,0.8481001688874052,0.11340987934492977,-0.010269168094142632,-0.0027832680627726545,0.0020756344079729807,-0.00022421042826864418,-6.155095530166541e-05,2.4481674402508005e-05,-1.7465107794338994e-06,0.0,0.0,10.0
-0.47550000000000003,6.625979105077397,0.10612722480325847,0.8454865629115044,0.11408606889735566,-0.010001620917848352,-0.0028415198704831624,0.0020766359817171094,-0.00021384107637999287,-6.254976747128361e-05,2.3466229321183643e-05,-1.4195953419598449e-06,0.0,0.0,10.0
-0.4724999999999999,6.61744027762518,0.10834704104975455,0.8428399015264001,0.11474286578817097,-0.009718936435783261,-0.0029015833460658775,0.0020771113568523332,-0.00020310499877867984,-6.360627746886056e-05,2.243105634052692e-05,-1.0811560799506549e-06,0.0,0.0,10.0
-0.46950000000000003,6.608724817059262,0.11060679462552887,0.8401600140650033,0.11538106494700523,-0.009420660979717827,-0.002963787770002221,0.002077082078991029,-0.00019199413241001155,-6.472031866919024e-05,2.1377205455034308e-05,-7.314748145438963e-07,0.0,0.0,10.0
-0.4664999999999999,6.599837734165049,0.11290515852708798,0.8374479557043074,0.1160012648446374,-0.009106963729525797,-0.0030282505183330624,0.0020765855010426524,-0.0001805340791567416,-6.588553814627701e-05,2.030778434965707e-05,-3.7179934377154075e-07,0.0,0.0,10.0
-0.4635,6.590789745040365,0.11523957536372291,0.8347059770551316,0.11660387734479305,-0.008778651950204521,-0.003094890459626927,0.002075680746837767,-0.00016878051605580903,-6.709083281599093e-05,1.9227666107129437e-05,-4.143919594343833e-09,0.0,0.0,10.0
-0.4604999999999999,6.581595073068646,0.11760672467033491,0.8319371405657763,0.1171890782275812,-0.008437009911957906,-0.003163479449112105,0.00207444473652987,-0.00015680875826731066,-6.832253312001115e-05,1.8142742665208272e-05,3.690757991783062e-07,0.0,0.0,10.0
-0.4575,6.5722667939749355,0.12000338996114106,0.8291447298061045,0.1177564931676729,-0.008083498776498981,-0.003233685766413842,0.0020729516809282963,-0.00014470234383138518,-6.95655232790584e-05,1.7059081237667242e-05,7.453568116481089e-07,0.0,0.0,10.0
-0.4544999999999999,6.562810722155667,0.12242750544977225,0.8263316901365261,0.11830454288435965,-0.007719414126660164,-0.0033050685082704795,0.002071236547993114,-0.00013254689083505377,-7.080196353101842e-05,1.5982378938157386e-05,1.1221780819384702e-06,0.0,0.0,10.0
-0.4515,6.553220307324321,0.12487898272014364,0.8235003002059575,0.11882972736742245,-0.007345627096768577,-0.0033770326214613393,0.0020692570391330424,-0.00012043054614547118,-7.2008398842273e-05,1.4917851995390306e-05,1.4968386251550702e-06,0.0,0.0,10.0
-0.4484999999999999,6.543476019105247,0.12735983669990972,0.8206521207348197,0.11932653228970379,-0.006962519891217574,-0.003448824372424544,0.002066882742360889,-0.00010844462419471388,-7.315472275217805e-05,1.3870280141994112e-05,1.8663622535355916e-06,0.0,0.0,10.0
-0.4455,6.5335519182613,0.12987329108615958,0.817788101946976,0.11978866731813649,-0.006570157623699737,-0.0035196690291748353,0.002063938731290447,-9.667440895668562e-05,-7.420910168774973e-05,1.2843708162974711e-05,2.2278651204265696e-06,0.0,0.0,10.0
-0.4424999999999999,6.52342845890454,0.1324220503782916,0.8149086785845007,0.1202116062892951,-0.006168620671499139,-0.0035890634680309035,0.0020603003717327237,-8.517706999166705e-05,-7.514923908333696e-05,1.1840605828034329e-05,2.5794630736073555e-06,0.0,0.0,10.0
-0.4395,6.513105078671162,0.1350066194294646,0.8120137894447825,0.12059510242237272,-0.0057583041425599245,-0.0036570630573299367,0.002055986635539185,-7.395919009864211e-05,-7.597354076172907e-05,1.0861003721790732e-05,2.9211739242519067e-06,0.0,0.0,10.0
-0.4365000000000001,6.502603188311361,0.13762486901930326,0.8091029346250068,0.12094361561954421,-0.005339977721576252,-0.0037243013847689465,0.0020511749398020264,-6.297626820207661e-05,-7.670208253153405e-05,9.902584773528812e-06,3.254925508578249e-06,0.0,0.0,10.0
-0.4335,6.491952626442019,0.14027338371993578,0.806175716681807,0.12126366959835526,-0.004914746158486866,-0.0037916407220231437,0.0020461318958994884,-5.216439949491037e-05,-7.736598643283341e-05,8.962201991048816e-06,3.5835169275916933e-06,0.0,0.0,10.0
-0.4305000000000001,6.481193830510104,0.14294968588517826,0.8032296765019703,0.12155974386908983,-0.004482040075263164,-0.003859485887233588,0.0020408373471954705,-4.14911374975085e-05,-7.796247920391855e-05,8.037872190656003e-06,3.906929392206985e-06,0.0,0.0,10.0
-0.4275,6.470218192576319,0.14565337277961427,0.8002789638190672,0.12183234166245946,-0.004051283696002251,-0.003928651140596978,0.002036533547637908,-3.094219581407985e-05,-7.862296439378761e-05,7.130228508585468e-06,4.235006113883375e-06,0.0,0.0,10.0
-0.4245000000000001,6.45881838902525,0.14838530966219635,0.7973486832979594,0.12207962675275623,-0.003638223854570541,-0.004000234818713348,0.0020352373162290873,-2.0511361558426974e-05,-7.95616546037306e-05,6.2413637156472304e-06,4.583576882753613e-06,0.0,0.0,10.0
-0.4215,6.447404289898271,0.15114666343020855,0.7943879807248516,0.12229873436569431,-0.003209922402578016,-0.004070607858762385,0.0020323443154953076,-1.0344248877100116e-05,-8.026899081766425e-05,5.3721821728085236e-06,4.913832769846637e-06,0.0,0.0,10.0
-0.4185000000000001,6.436145380549866,0.15393833942985266,0.7913764207588754,0.12248654526349315,-0.00275336168128862,-0.004138002465670837,0.002026029016118975,-5.202507268473798e-07,-8.053938466179034e-05,4.523656001574951e-06,5.210274969515413e-06,0.0,0.0,10.0
-0.4155,6.424847431825599,0.15676019469986727,0.7883390979966285,0.12264157116982959,-0.002284454928724966,-0.004203629271040862,0.002018398375079941,8.993400659701529e-06,-8.059866210882782e-05,3.6963055420056485e-06,5.49001092454166e-06,0.0,0.0,10.0
-0.4125000000000001,6.413315467343654,0.15961116473715933,0.785301531872383,0.12276388189823997,-0.0018189480770429438,-0.004268884358267078,0.0020115114704298003,1.824652615954102e-05,-8.066900395284768e-05,2.890170628650512e-06,5.769827836920316e-06,0.0,0.0,10.0
-0.4095,6.401499428222147,0.1624896284054416,0.7822715433214319,0.12285425869424367,-0.0013610346824350476,-0.004334143613106067,0.0020058597711976357,2.726052544897012e-05,-8.080217709627237e-05,2.1051559326579777e-06,6.053739432983333e-06,0.0,0.0,10.0
-0.4065000000000001,6.389438746790183,0.16539362827835985,0.7792460264851602,0.1229136339306582,-0.0009078235966949009,-0.004399128284145773,0.0020009868499160904,3.6038341398598095e-05,-8.09468757183101e-05,1.341115531871329e-06,6.338101065124957e-06,0.0,0.0,10.0
-0.40349999999999997,6.377187778601084,0.168321063326228,0.776220150185831,0.12294273956214799,-0.00045524942449839907,-0.004463437438966906,0.001996283382380136,4.458091726520661e-05,-8.103570515316353e-05,5.978066189722934e-07,6.618101116391058e-06,0.0,0.0,10.0
-0.4005000000000001,6.364784799112363,0.17126991522208024,0.7731913168398464,0.12294180526922416,-6.555699744959927e-07,-0.004526755592224325,0.0019913295686143635,5.2892106989828456e-05,-8.102302696223037e-05,-1.250975854206607e-07,6.890540805581849e-06,0.0,0.0,10.0
-0.39749999999999996,6.352251444475608,0.17423846291128964,0.7701594263952941,0.12291030992926083,0.0004569466931216328,-0.004588834751469472,0.0019859268214480297,6.097558310564044e-05,-8.088880194425917e-05,-8.279143678608598e-07,7.15407493769576e-06,0.0,0.0,10.0
-0.3945000000000001,6.339601151849207,0.17722537580322978,0.7671259808015464,0.12284692350839019,0.0009173852381461374,-0.004649425270057679,0.001980026552439453,6.883078502187514e-05,-8.063088892824113e-05,-1.5108569817217067e-06,7.408594805122698e-06,0.0,0.0,10.0
-0.39149999999999996,6.326845967114225,0.18022962409451093,0.7640932836372699,0.12274971223170511,0.001379843797309117,-0.004708240677421878,0.0019736554178617777,7.645142166941148e-05,-8.025658755013323e-05,-2.1739879129941423e-06,7.654555907744582e-06,0.0,0.0,10.0
-0.38850000000000007,6.313999365293441,0.18325023878382474,0.7610640383682238,0.12261653823819839,0.001843188752996162,-0.0047649659484048515,0.0019668642556232223,8.382654594720669e-05,-7.9776474818497e-05,-2.8172068319687056e-06,7.89248321182954e-06,0.0,0.0,10.0
-0.38549999999999995,6.301076269373793,0.18628601886849122,0.7580412422970774,0.12244550131711814,0.0023061307597209836,-0.004819286324479575,0.001959700162037028,9.094267078608736e-05,-7.920063465203195e-05,-3.4402369760387856e-06,8.122672374523864e-06,0.0,0.0,10.0
-0.38250000000000006,6.28809205790273,0.189335293128518,0.7550281812444768,0.12223528388469344,0.002767299625436337,-0.004870913547035596,0.0019521946809389408,9.77855889744702e-05,-7.853670664723248e-05,-4.042595779587242e-06,8.34505414298317e-06,0.0,0.0,10.0
-0.37949999999999995,6.275061673060475,0.19239581409305134,0.75202837632219,0.12198533346907732,0.003225296999539173,-0.004919600444378785,0.0019443621058630358,0.000104341555895596,-7.778928526290619e-05,-4.6235722046442885e-06,8.559190322964524e-06,0.0,0.0,10.0
-0.37650000000000006,6.261999105603812,0.19546481804557764,0.7490454127539575,0.12169589452362019,0.003678762337820044,-0.004965148313155868,0.0019362039794989009,0.00011059837482447494,-7.69603817904684e-05,-5.182252305917985e-06,8.764374457455382e-06,0.0,0.0,10.0
-0.37349999999999994,6.248917048057207,0.1985392439808872,0.746082645251853,0.12136794893444999,0.0041264631059658215,-0.005007417053704012,0.0019277169884176438,0.00011654720571462525,-7.605070143831472e-05,-5.717623779279064e-06,8.959805986490914e-06,0.0,0.0,10.0
-0.37050000000000005,6.235826413994432,0.20161607259531325,0.7431428166360105,0.12100313337951081,0.0045674031002969255,-0.005046345119004488,0.0019189017650634616,0.00012218557322283584,-7.50614153316108e-05,-6.228758273179224e-06,9.144798109874814e-06,0.0,0.0,10.0
-0.36749999999999994,6.222735565860093,0.20469272554307935,0.7402276510708236,0.1206036783214024,0.005000931903435129,-0.005081978409431813,0.001909770272721093,0.00012752131938351775,-7.399601029927023e-05,-6.715035822951751e-06,9.318974791674437e-06,0.0,0.0,10.0
-0.36450000000000005,6.209649301889147,0.20776745589187537,0.7373374969570639,0.12017237082061079,0.005426833232451085,-0.005114498818199142,0.001900349883976796,0.00013257646445631835,-7.286174754876423e-05,-7.176354841788211e-06,9.482415440159651e-06,0.0,0.0,10.0
-0.36149999999999993,6.196567802543572,0.21083966178877012,0.7344711016203618,0.11971249737232088,0.005845370278315118,-0.005144238053748429,0.0018906830242549954,0.00013738941616461896,-7.167029118155238e-05,-7.613268646063156e-06,9.635715651444889e-06,0.0,0.0,10.0
-0.35850000000000004,6.183485786081404,0.21391006401332552,0.7316255995915893,0.11922769187436502,0.006257271773068895,-0.005171662692945887,0.0018808221309967272,0.0001420139230723501,-7.043718956992259e-05,-8.027000000385591e-06,9.779945000954612e-06,0.0,0.0,10.0
-0.3554999999999999,6.170392097643439,0.21698070228709326,0.7287967799100485,0.1187216178424136,0.006663651747180835,-0.00519732225430415,0.0018708205048803114,0.0001465137109524554,-6.918010951648769e-05,-8.41930162291942e-06,9.916496195342027e-06,0.0,0.0,10.0
-0.35250000000000004,6.157269915842691,0.22005472487433395,0.725979652874918,0.11819747049370119,0.007065865326103932,-0.005221762202898406,0.001860720532938212,0.0001509528624534964,-6.791603653779306e-05,-8.79215431440772e-06,1.0046837226740645e-05,0.0,0.0,10.0
-0.3494999999999999,6.1440977662001455,0.22313596903940433,0.7231692598491819,0.11765739380262925,0.007465308856611318,-0.005245416121452978,0.0018505420332541476,0.0001553835174967583,-6.665803644742861e-05,-9.147333984152904e-06,1.0172204518516199e-05,0.0,0.0,10.0
-0.34650000000000003,6.130851619436653,0.22622834586221874,0.7203615858415254,0.11710203224603724,0.007863174163701133,-0.005268502300571587,0.0018402749489439144,0.00015983390711307363,-6.541250936758872e-05,-9.485934550776992e-06,1.0293307097474857e-05,0.0,0.0,10.0
-0.3434999999999999,6.11750847075621,0.22933503984781112,0.7175543984723491,0.11653049046897675,0.008260167804306228,-0.005290954035298863,0.001829881124402856,0.00016430027247631675,-6.417792933023572e-05,-9.807980951379151e-06,1.0410130215846327e-05,0.0,0.0,10.0
-0.3405,6.1040516562219285,0.23245753327518998,0.714747892059036,0.1159408524345638,0.008656216608688323,-0.005312403574056651,0.0018193074206639117,0.00016874503314563217,-6.294559048550498e-05,-1.0112262380453252e-05,1.0521903357705032e-05,0.0,0.0,10.0
-0.3374999999999999,6.090477167840251,0.23559456200769507,0.7119451207513046,0.11533107242698584,0.009050213468593754,-0.005332214769051947,0.0018085054638851694,0.00017310056708364063,-6.170180052773585e-05,-1.0396433808671258e-05,1.0627219607192594e-05,0.0,0.0,10.0
-0.3345,6.076797865690774,0.23874142635261933,0.7091522192882592,0.11469959856522766,0.0094399153638961,-0.005349526274033167,0.0017974429563423476,0.00017727441088253963,-6.042961566387841e-05,-1.0657298222796806e-05,1.0724187778355195e-05,0.0,0.0,10.0
-0.3314999999999999,6.063039516291264,0.2418905505712711,0.7063782409992195,0.11404480368044283,0.009822155506289022,-0.005363243365828053,0.001786083532393374,0.0001811497682072635,-5.9107397477623e-05,-1.089106915232919e-05,1.0810430973375353e-05,0.0,0.0,10.0
-0.3285,6.049222475152886,0.24503427184131366,0.7036342620512187,0.11336259894385572,0.01019348546546468,-0.005371931667516054,0.0017743188206245984,0.00018457723201742245,-5.7702379739029505e-05,-1.1093433214904895e-05,1.0882803560310258e-05,0.0,0.0,10.0
-0.3254999999999999,6.035331199958505,0.2481696420484134,0.7009315645951728,0.11264300719101401,0.01055112859022966,-0.0053736703228937175,0.0017618748407045044,0.00018736304125856619,-5.616176402995859e-05,-1.1259535930395875e-05,1.0936998499211995e-05,0.0,0.0,10.0
-0.3225,6.021292926671403,0.2513022333505269,0.6982792219074597,0.11186920627735644,0.01089375295134599,-0.005366164526221437,0.0017482932481477057,0.00018927998979126792,-5.4412750656281e-05,-1.1384732509879462e-05,1.096784411956808e-05,0.0,0.0,10.0
-0.3194999999999999,6.007004689711723,0.25444343162878136,0.6956816620831541,0.11102503829481838,0.01122136154212648,-0.005347664286029595,0.0017331577450894738,0.00019014827193584093,-5.2390925942620793e-05,-1.1467694505441621e-05,1.0971681231722803e-05,0.0,0.0,10.0
-0.3165,5.992430139495524,0.2575981501423343,0.693136735758317,0.11011338400205407,0.01153409194892163,-0.0053189210717172666,0.0017166368191616104,0.00019000239113610136,-5.0103708675747904e-05,-1.1516354990636383e-05,1.0951266080650103e-05,0.0,0.0,10.0
-0.3134999999999999,5.977699012847258,0.26075198937756283,0.6906345210632971,0.1091733359750268,0.011830585454192043,-0.0052846797197627126,0.001699947554990977,0.000189219897365121,-4.768078999928761e-05,-1.1552386886098976e-05,1.0919622670905524e-05,0.0,0.0,10.0
-0.3105,5.963060718745082,0.26387158285359713,0.6881705219741339,0.10825689220491813,0.012108987718100992,-0.00525185305948566,0.0016848496253261788,0.00018834055345166457,-4.5318829527652097e-05,-1.1602104102108056e-05,1.0894276046281609e-05,0.0,0.0,10.0
-0.3075000000000001,5.950415565726644,0.2670731756665688,0.6853654743099998,0.10726259252854398,0.01244972330630507,-0.005207824212764113,0.0016641293492996314,0.00018727125740115438,-4.1826712699604366e-05,-1.1697254244068537e-05,1.0808023049157339e-05,0.0,0.0,10.0
-0.3045,5.945626143005945,0.26820498262264736,0.6841056968423035,0.10735892214221475,0.012455199865785938,-0.0052321292616893614,0.0016697564387996295,0.00019019450096371444,-4.164446140814743e-05,-1.1854934726711989e-05,1.0822371266156411e-05,0.0,0.0,10.0
-0.3015000000000001,5.922254664425134,0.27296306990288766,0.6805690982299997,0.10604532765425913,0.013012649370235083,-0.00521023601268809,0.0016373725280831766,0.0001915396521268076,-3.7172072574012605e-05,-1.24426089946032e-05,1.078455541252671e-05,9.980166079066433e-09,-1.1039016857062832e-09,12.0
-0.2985,5.90830653039353,0.27600419821820876,0.6780972734321589,0.10529687734709801,0.013287116031161525,-0.005198920084830902,0.00162445929243815,0.00019227395994603162,-3.439453693132722e-05,-1.2828521418665174e-05,1.077254226631105e-05,9.097976295462476e-09,-1.3136329378633536e-09,12.0
-0.2955000000000001,5.894380774095242,0.2790396898550482,0.6756495360916275,0.10454314815412458,0.01354607682363113,-0.005188166040349965,0.0016140016955974153,0.00019237906288376553,-3.1642773392512975e-05,-1.3242585899614338e-05,1.0768225064140126e-05,8.645070338013788e-09,-1.3624852188017823e-09,12.0
-0.2925,5.88052823709275,0.28207240310962106,0.673220108093169,0.10378274317601094,0.013796330237276012,-0.005177651118109885,0.0016057019293209077,0.00019171205077487074,-2.883456464085791e-05,-1.3668995563944584e-05,1.077147068814535e-05,8.487158594326467e-09,-1.4046268519165514e-09,12.0
-0.2895000000000001,5.866795952299026,0.28510277333067297,0.670802392151557,0.1030134114016382,0.014043162643847423,-0.00516801174143061,0.0015993486314726853,0.00019019126692616353,-2.5923163055837474e-05,-1.4110135868006418e-05,1.0779712126532115e-05,8.426388195431761e-09,-1.4419412300875078e-09,12.0
-0.2865,5.853190751956499,0.28813052011007323,0.668394585167608,0.10223350276006575,0.014290406701432818,-0.005160293790157338,0.0015949354126690012,0.00018779250574537553,-2.2875962305836514e-05,-1.4567924136774307e-05,1.0792279225476272e-05,8.401583094819777e-09,-1.4732861697171837e-09,12.0
-0.2835000000000001,5.8396827500197555,0.2911544003869891,0.6659986950232721,0.10144107309128571,0.01454051229532748,-0.005155859352434123,0.0015925851214745378,0.00018451466279490887,-1.968065970901423e-05,-1.5046501403418396e-05,1.0809302407910309e-05,8.34426875600554e-09,-1.501632201952175e-09,12.0
-0.28049999999999997,5.8262267441556075,0.29417241140420625,0.6636185166468324,0.1006339604929368,0.014795502179676939,-0.005156176846834156,0.0015924810577602343,0.00018037836016060297,-1.633345912044117e-05,-1.5550856981676075e-05,1.0831554280252201e-05,8.225987789045837e-09,-1.5297937811639232e-09,12.0
-0.2775000000000001,5.812781084930339,0.29718250358204124,0.6612581553388329,0.09980930013641037,0.01505750445155622,-0.005162633277730004,0.0015948030285699482,0.00017540980328722812,-1.283354045725385e-05,-1.608645752946073e-05,1.0860077651500594e-05,8.03707266236013e-09,-1.559692185669563e-09,12.0
-0.27449999999999997,5.799317745095064,0.30018322402883635,0.6589214852592008,0.09896312916152694,0.015328792288733399,-0.005176432061046623,0.0015997025118724808,0.00016963126142532798,-9.18080606714548e-06,-1.6658877499667647e-05,1.0896049943121821e-05,7.775913384660262e-09,-1.5926313179796984e-09,12.0
-0.2715000000000001,5.785824056832804,0.30317394460625013,0.6566121883469702,0.09809029408686529,0.015611569049347726,-0.005198570019806753,0.0016072946657639355,0.0001630577695411529,-5.375471830610676e-06,-1.727365480861311e-05,1.0940704820419536e-05,7.444281243559942e-09,-1.6296311849161922e-09,12.0
-0.26849999999999996,5.772299603320973,0.3061546321483812,0.6543339812492351,0.09718474539528174,0.015907774817153213,-0.005229849543934037,0.0016176537823680676,0.00015569968417198437,-1.4174671911513964e-06,-1.7936198426998854e-05,1.0995245453256e-05,7.047979493886822e-09,-1.6714203742682482e-09,12.0
-0.26550000000000007,5.758751531584427,0.30912533261469144,0.6520908072769176,0.09624009113132277,0.01621903937302672,-0.005270894269506838,0.0016308047683400947,0.00014756773193809583,2.694673751718119e-06,-1.8651676256189707e-05,1.106073441979164e-05,6.597182689511849e-09,-1.7182699399278846e-09,12.0
-0.26249999999999996,5.745190187178449,0.312085601947607,0.6498869317908481,0.09525016913275103,0.016546757833919335,-0.005322158862861446,0.001646712280755744,0.00013867803468449737,6.964938158819672e-06,-1.942485051283891e-05,1.1137998458617187e-05,6.104900490367039e-09,-1.7698946679765738e-09,12.0
-0.25950000000000006,5.7316258247700755,0.31503408038816977,0.6477269538216082,0.09420940541550117,0.016892199088004184,-0.0053839392864216285,0.001665272561573881,0.0001290554339297496,1.1400179750616729e-05,-2.02599227209098e-05,1.1227583886337317e-05,5.584127679376991e-09,-1.8255368743104014e-09,12.0
-0.25649999999999995,5.718066619119534,0.3179683232629773,0.6456157536171572,0.0931128497743666,0.01725658394502163,-0.005456389952889729,0.0016863132177104387,0.00011873453780434277,1.600928710709747e-05,-2.1160464601764376e-05,1.1329776024305667e-05,5.04491677748856e-09,-1.8842051336707112e-09,12.0
-0.25350000000000006,5.704518009116859,0.32088490420266363,0.6435583846170984,0.0919559397463939,0.017641128925998367,-0.005539547286573607,0.0017096043219713933,0.000107758780405015,2.0801459471515722e-05,-2.212945668381871e-05,1.1444673264111477e-05,4.49237530371669e-09,-1.9449550694598875e-09,12.0
-0.25049999999999994,5.690983246593111,0.32377972151494955,0.6415599185058607,0.09073415577307703,0.018047080596689177,-0.0056333559420167325,0.0017348810800341238,9.617801278913477e-05,2.5784328143697205e-05,-2.316940101010045e-05,1.1572291859797515e-05,3.926107822603859e-09,-2.007093372877222e-09,12.0
-0.24750000000000005,5.677464829448656,0.3266483863590598,0.6396252611657187,0.08944276172742543,0.018475748210270718,-0.005737695052534188,0.0017618750022698091,8.404488589958565e-05,3.0962676581974514e-05,-2.428245704106292e-05,1.1712672130809814e-05,3.3411134038818107e-09,-2.0702383921935735e-09,12.0
-0.24449999999999994,5.663966365235859,0.3294865676147374,0.6377589565713897,0.08807679871965844,0.018928503081213542,-0.005852401294806666,0.001790347945072898,7.14101321430021e-05,3.633818735226544e-05,-2.5470560033918337e-05,1.186595944907745e-05,2.729819833637862e-09,-2.1342372489257755e-09,12.0
-0.24150000000000005,5.650494392225615,0.33229021607314324,0.6359649706615818,0.08663145359774461,0.01940668307707414,-0.005977279265679094,0.0018201215956405105,5.831725436607498e-05,4.1910171687525806e-05,-2.6735494003736478e-05,1.2032441940563019e-05,2.084826381572328e-09,-2.198989774878058e-09,12.0
-0.23849999999999993,5.6370597352252565,0.3350556751066071,0.6342464031952414,0.08510287271879534,0.019911338628674217,-0.006112080422468553,0.0018510937669624819,4.4798098293235015e-05,4.767678928654216e-05,-2.807889470893065e-05,1.2212539408144015e-05,1.4018886509193645e-09,-2.2642569168192806e-09,12.0
-0.23550000000000004,5.62367802155965,0.33777977208279286,0.6326050414822997,0.08348941994204633,0.020442789098843395,-0.006256427988191924,0.0018832327113026122,3.087189261755515e-05,5.363597447369998e-05,-2.950215837128698e-05,1.2406753281008755e-05,6.825632318307894e-10,-2.329540538793015e-09,12.0
-0.23249999999999993,5.61036903600628,0.3404600272546531,0.6310406908935314,0.08179324932792158,0.021000027252854995,-0.00640967630422301,0.0019165427474459613,1.6550943565554726e-05,5.978522254337756e-05,-3.100624199932425e-05,1.261560237395709e-05,-6.423093997334186e-11,-2.3941134215896278e-09,12.0
-0.22950000000000004,5.597154761540774,0.3430950712799797,0.6295503339870823,0.08002185171737695,0.02158011299248013,-0.00657072422417457,0.0019509999426826567,1.8557064849530945e-06,6.611954244421939e-05,-3.25913610665437e-05,1.2839576944286935e-05,-8.224890463187471e-10,-2.4572419100733677e-09,12.0
-0.22649999999999992,5.584056358389851,0.3456852141603288,0.6281273861405939,0.07818896570614331,0.022177817530132975,-0.006737848823265168,0.0019864657249942515,-1.3159937067249141e-05,7.262719912727114e-05,-3.425660198976117e-05,1.3079135029769832e-05,-1.571682559871981e-09,-2.5185626102384124e-09,12.0
-0.22350000000000003,5.571090978626574,0.3482328950990248,0.6267615594761402,0.07631403821885713,0.022785865289301974,-0.0069086715941153376,0.002022598941015968,-2.8376098381592976e-05,7.928340530662024e-05,-3.599945646656639e-05,1.3334735836176069e-05,-2.291384571517005e-09,-2.5784498319191126e-09,12.0
-0.22049999999999992,5.558270004186957,0.3507425647249218,0.625439949369191,0.07441951970776157,0.023396082313844876,-0.007080387744159678,0.00205880265258724,-4.35759266724973e-05,8.604306221392133e-05,-3.7815262224576e-05,1.3606861548630657e-05,-2.9666902451766026e-09,-2.638084324157571e-09,12.0
-0.21750000000000003,5.545600691251203,0.35321955601672395,0.6241496652127398,0.07252601822212029,0.024001480714493453,-0.007250347130977695,0.0020942580532786574,-5.843282146283795e-05,9.283501389505037e-05,-3.969653121493601e-05,1.3895945327848036e-05,-3.5920538513680238e-09,-2.6988823159786686e-09,12.0
-0.2144999999999999,5.53309293108947,0.35566783749869324,0.622881396278879,0.0706469756163755,0.024598708484617628,-0.007416941681712646,0.002128103188732836,-7.25372395011208e-05,9.956148357745087e-05,-4.1632230554342555e-05,1.4202151288598284e-05,-4.171274106295738e-09,-2.7610945197050777e-09,12.0
-0.21150000000000002,5.520771598857563,0.35808726141973235,0.6216317756794079,0.06878678912899584,0.02518948935931205,-0.007580529403482341,0.002159784965632218,-8.547714875763866e-05,0.00010610593230782065,-4.3607356615619174e-05,1.4525109863626542e-05,-4.7137537335127305e-09,-2.822011335490167e-09,12.0
-0.2084999999999999,5.5086926571831905,0.36047177076404,0.620401131806587,0.06694755450480354,0.025779250356291483,-0.007743911827850525,0.0021895246696486564,-9.695649901288909e-05,0.00011234884002755994,-4.560362312714839e-05,1.4863999028796937e-05,-5.231393984661156e-09,-2.875390549608768e-09,12.0
-0.20550000000000002,5.496958130587468,0.36281025084815455,0.6191842698794991,0.06514653287225323,0.026372179470503902,-0.007911929707175315,0.0022187062438704737,-0.00010689328399322592,0.00011818577421164616,-4.760271180537225e-05,1.5218578809440951e-05,-5.746140301032795e-09,-2.914352069142719e-09,12.0
-0.2024999999999999,5.485722131772739,0.36509025996592565,0.6179575895622139,0.06343645666652548,0.026965011652864905,-0.008090207126693288,0.0022499054846327306,-0.00011542914220089571,0.00012354355274196095,-4.959365568999583e-05,1.559137927777393e-05,-6.310148738304794e-09,-2.9382237206245402e-09,12.0
-0.1995,5.475178579262282,0.3673017117607667,0.6166747321763368,0.061908727544546245,0.027544516235872504,-0.008283410197194857,0.002286279478131622,-0.0001228377275632176,0.00012839566943137807,-5.158134217040984e-05,1.59893067489786e-05,-6.989960565089356e-09,-2.9562927635430803e-09,12.0
-0.1964999999999999,5.4655074581066865,0.3694369062989259,0.6152863976522633,0.060660269500229735,0.0280907667016467,-0.008492814150250877,0.002330269526589988,-0.00012942791083537595,0.00013277076904963446,-5.3583396891056084e-05,1.6421157941654046e-05,-7.898056996492417e-09,-2.9566723745155545e-09,12.0
-0.1935,5.456604001291229,0.37150140827304695,0.6137915565939217,0.05972032538860121,0.02857777057255062,-0.008711945664248183,0.002382278258838,-0.0001356146820624683,0.00013669237402753003,-5.56005146364942e-05,1.6892649183638477e-05,-1.0062862320377807e-08,-2.7434870259606415e-09,12.0
-0.1904999999999999,5.446659117836208,0.3736000845273855,0.6123736108209196,0.058900598805367084,0.0289375933793744,-0.008916877332252413,0.002441606883249276,-0.00014247150914477086,0.000139750947100613,-5.754640083987609e-05,1.7420554800604362e-05,-2.043458286425047e-08,-1.2817249666401063e-09,12.0
-0.1875,5.427985449138101,0.37599722253335477,0.6119597011655006,0.05759539309970599,0.028839400800310225,-0.009067007886002842,0.002518923056197506,-0.00015100853239145842,0.00013960271812414891,-5.9118253554262613e-05,1.795407225160086e-05,-1.9992554530939524e-08,-2.8541213185021746e-09,12.0
-0.1845000000000001,5.419873360382664,0.3775173143529184,0.611043806796789,0.057025751312008946,0.028907057461262726,-0.009192410837290721,0.0025789468060480763,-0.00016083124749510246,0.0001411778802780646,-6.047155306170611e-05,1.8453872953390934e-05,-4.0775042363898853e-08,3.079184466333606e-09,12.0
-0.1815,5.385137230555207,0.3823702239128527,0.6102674034038622,0.053968226155111806,0.028994981770188194,-0.009203751096214826,0.0026402437796240745,-0.0001912857586719303,0.00014508776680721813,-6.160313172243455e-05,1.899685678857269e-05,-1.8063131763819907e-07,3.4441826643272795e-08,12.0
-0.1785000000000001,5.3663171684592665,0.38561382703828634,0.6092373743293109,0.052171145433471164,0.029006417754551216,-0.00921267580378106,0.0027014608775792447,-0.0002156866546554719,0.00014792457966475997,-6.249378448993749e-05,1.9514890289596144e-05,-2.9899511217699195e-07,6.601924013389027e-08,12.0
-0.1755,5.351660847672179,0.38887455209542227,0.6075706456735875,0.05055641157744904,0.02921976479365025,-0.009209396126562163,0.00274814118330116,-0.00024060050475198998,0.0001528291256228104,-6.367592325510612e-05,2.0019400511515675e-05,-4.233656920722664e-07,9.813946557707663e-08,12.0
-0.1725000000000001,5.337985226732411,0.39216276064900496,0.6056046073714318,0.049114423549334825,0.02952405427687339,-0.00919851489023167,0.0027842670999099505,-0.0002660197293756976,0.00015859368648474378,-6.499309824460645e-05,2.0541647025671084e-05,-5.526939063769986e-07,1.3039712004118143e-07,12.0
-0.16949999999999998,5.323366710614718,0.3954999757844124,0.6035547197813212,0.047832839676526635,0.029848083458393335,-0.009189881754143758,0.002810911300694489,-0.000290726018630346,0.00016490105796300016,-6.635296329534173e-05,2.1082139939105763e-05,-6.83574226575792e-07,1.628015092749169e-07,12.0
-0.1665000000000001,5.307223284823045,0.3988818615103201,0.6015045145483301,0.046715817566160917,0.030158475771284582,-0.009193103472599143,0.0028293402508920307,-0.0003131884429209091,0.00017158381541900836,-6.779192630900835e-05,2.1633583274862075e-05,-8.142242730869823e-07,1.9520200192299204e-07,12.0
-0.16349999999999998,5.289692933991525,0.40230064312408986,0.5994568941524027,0.0457447527085116,0.030449151770483494,-0.009211534350584175,0.0028403723309371296,-0.0003326180795754399,0.00017860037792401704,-6.936749647640944e-05,2.2188714853131366e-05,-9.441907275891921e-07,2.2752697930861603e-07,12.0
-0.1605000000000001,5.271256492908543,0.40575454283786716,0.597386748534738,0.044882695340270076,0.030726178545011456,-0.009243134818153578,0.0028451409391583105,-0.00034877796499070733,0.0001859580664981349,-7.111577327323173e-05,2.2746848817430896e-05,-1.073573652219866e-06,2.5976490847023437e-07,12.0
-0.15749999999999997,5.252475014749925,0.4092507278615671,0.595276352006462,0.04408546273738665,0.03099763858291826,-0.009282990991362039,0.00284506540642918,-0.00036182472971845917,0.00019362336882541034,-7.30508532133201e-05,2.3310733846002193e-05,-1.2027224190804525e-06,2.9194573731537187e-07,12.0
-0.15450000000000008,5.233830512416997,0.4127962730029613,0.5931275274982213,0.04331284307125187,0.031268327317929556,-0.00932580889527768,0.0028415983192435464,-0.0003721370069622394,0.00020148270691904707,-7.516951264419327e-05,2.388385684019912e-05,-1.3319581644601917e-06,3.241069855914968e-07,12.0
-0.15149999999999997,5.215651269442759,0.4163878342215628,0.5909588661734464,0.04253238386252721,0.031537855652893194,-0.009367356611750166,0.0028358974914045247,-0.0003802306467614682,0.00020935012470709184,-7.745370087543059e-05,2.4468445798016927e-05,-1.4614953008340429e-06,3.562760034885662e-07,12.0
-0.14850000000000008,5.198110260324431,0.42000714325561794,0.5887983679896313,0.041718864387625336,0.03180117678210873,-0.009404827222137448,0.0028287243437614814,-0.000386671752181454,0.0002170082661085423,-7.987015062743784e-05,2.506472161345601e-05,-1.5914400425827723e-06,3.8846935953087106e-07,12.0
-0.14549999999999996,5.18126313983001,0.42362333755815545,0.5866775245867865,0.04085297014054998,0.0320507969058738,-0.00943650029697129,0.0028205599493292704,-0.00039198443113508825,0.00022425305077918337,-8.23709886019123e-05,2.567077337728567e-05,-1.7218233691753067e-06,4.206977569552599e-07,12.0
-0.14250000000000007,5.16509232500287,0.4271993779133712,0.584627850103223,0.0399201623211294,0.03227971932700016,-0.00946121335970317,0.002811794696864979,-0.0003965841842666665,0.00023092509240995674,-8.489705737087454e-05,2.6282804923632792e-05,-1.8526238193971131e-06,4.529675681776714e-07,12.0
-0.13949999999999996,5.149538573843087,0.43069952418258967,0.5826785406315284,0.03890916801572027,0.03248414918254063,-0.00947809233304707,0.002802849532187132,-0.0004007647810798569,0.0002369236160192082,-8.738447823960269e-05,2.6895622433089668e-05,-1.9837726007388775e-06,4.852787587862387e-07,12.0
-0.13650000000000007,5.134516879393668,0.4340958380480953,0.5808540333787966,0.037809973465520785,0.03266533836261758,-0.009486722633928127,0.002794192174999533,-0.0004047317169816136,0.00024220678555567757,-8.977367261913351e-05,2.750336738896784e-05,-2.1151588894442742e-06,5.176227272970319e-07,12.0
-0.13349999999999995,5.119921878084852,0.43737261124586363,0.579171264578507,0.03661217924881549,0.03283035746292839,-0.009487633024499651,0.002786296303140829,-0.0004086483222846251,0.00024678451071151323,-9.201853543293868e-05,2.8100536824095805e-05,-2.2466501871674456e-06,5.499827512711778e-07,12.0
-0.13050000000000006,5.105630429396278,0.44052813785128003,0.5776372471308836,0.035304873228133,0.03299176046966206,-0.009482795399418951,0.0027795979224778744,-0.00041265893326799657,0.00025070697786486586,-9.40928423603978e-05,2.8683162741113737e-05,-2.378122666034777e-06,5.823379305459631e-07,12.0
-0.12749999999999995,5.091508296813178,0.44357352842826536,0.5762478496711413,0.03387864624047328,0.03316612373990118,-0.00947584980525737,0.0027744622616490177,-0.00041687140830742636,0.00025404772414708586,-9.599173340081524e-05,2.924977637058864e-05,-2.509488448537745e-06,6.146698710436444e-07,12.0
-0.12450000000000006,5.077425320658424,0.4465285779255071,0.5749884761612638,0.032329439176402464,0.033371538038790644,-0.00947188184314318,0.002771146942160502,-0.0004213035047629149,0.0002568790965757404,-9.772758051852578e-05,2.980172841191982e-05,-2.64071264597687e-06,6.469700019058388e-07,12.0
-0.12149999999999994,5.063279696552275,0.44941520500546606,0.573836903639337,0.030663003457847268,0.0336244296666644,-0.009476758441558037,0.0027697566455346136,-0.0004258160871304189,0.0002592419136287729,-9.932117414771214e-05,3.0342649885637982e-05,-2.7718196626879896e-06,6.792447031545235e-07,12.0
-0.11850000000000005,5.049027772617182,0.4522496234612458,0.5727679565662632,0.028898200583251845,0.03393648153565788,-0.009496226409748561,0.002770214243128936,-0.0004300674449608639,0.0002611170475239086,-0.00010079064547153087,3.087716831844115e-05,-2.9028885457359815e-06,7.115157214814609e-07,12.0
-0.11549999999999994,5.0347122806033955,0.4550349708304179,0.5717591005728407,0.027067396164450898,0.03431267662632748,-0.009535122300287666,0.0027722931015790307,-0.00043352218898603064,0.0002624099363900873,-0.00010214137688475269,3.140923582492464e-05,-3.0340336991115395e-06,7.438147572322089e-07,12.0
-0.11250000000000004,5.0204800758801085,0.4577563581194296,0.5707956039882026,0.025212916329984365,0.034751357426889465,-0.009597044134098849,0.002775744596462058,-0.00043553187429638904,0.00026295706319300895,-0.00010335988161462631,3.1940484378818965e-05,-3.1653674660806224e-06,7.761732944189053e-07,12.0
-0.10949999999999993,5.006580709020651,0.46038006212021143,0.5698738397838264,0.0233797951958918,0.03524658084728058,-0.009684653061749624,0.0027805143220410813,-0.0004354781393091208,0.0002625570882802645,-0.00010441338100933803,3.246895125310146e-05,-3.2969489889107493e-06,8.086108922333472e-07,12.0
-0.10650000000000004,4.993339294452158,0.46285788421785723,0.5690016777312726,0.021606494845159918,0.035792033851872795,-0.00980043097322035,0.0027869838392301583,-0.0004329453557958154,0.00026102188058233156,-0.0001052551504336479,3.298839648347876e-05,-3.4287324669010136e-06,8.411260824460134e-07,12.0
-0.10349999999999993,4.981100529552137,0.4651367841177516,0.5681956140835777,0.019916438574008526,0.03638464202728847,-0.00994728774660687,0.0027961061876025785,-0.0004278756566487041,0.00025823663469118623,-0.0001058339861609322,3.348823968891172e-05,-3.5605253519367606e-06,8.736931326565245e-07,12.0
-0.10050000000000003,4.970144993735632,0.46717304096247364,0.5674750530581623,0.018313378720663263,0.03702534909166928,-0.010128056664357612,0.0028092255245900947,-0.0004206507530852588,0.00025421424751868795,-0.00010610472226262635,3.395387796258823e-05,-3.691961662984444e-06,9.062661463513591e-07,12.0
-0.09749999999999992,4.960584603155071,0.4689493827638114,0.5668550419585567,0.016781663754510165,0.037715508945342216,-0.010343093188250581,0.0028273633054787996,-0.00041204542774676595,0.00024912957995713907,-0.00010603735129222816,3.436721815116191e-05,-3.822519705668955e-06,9.38789627091003e-07,12.0
-0.09450000000000003,4.952251140922482,0.4704926170290674,0.5663400168001672,0.015287493754644698,0.038451056277184224,-0.010586552391300057,0.002849999647653202,-0.0004030296994657061,0.0002433263681208637,-0.00010562651460959552,3.470820916229837e-05,-3.951643588941005e-06,9.712079746853052e-07,12.0
-0.09149999999999991,4.944596914366811,0.4718889392930623,0.5659214922836904,0.013772172702635935,0.039221818695093655,-0.010844291831500225,0.0028739320427720243,-0.00039446168970891404,0.00023729213569056564,-0.00010490561877921206,3.4959210591328984e-05,-4.078948886771599e-06,1.0034576837964409e-06,12.0
-0.08850000000000002,4.936632484249372,0.4732945981342206,0.5655789009346167,0.012132893016985098,0.04002395672216277,-0.011097582076748208,0.002893285926710432,-0.000386777165534901,0.0002315864267548042,-0.00010396251767510639,3.5113256337892835e-05,-4.204402651208487e-06,1.0354494034060183e-06,12.0
-0.08549999999999991,4.9269592696544375,0.47493531853572296,0.5652769739133086,0.010208996719993086,0.0408824731418296,-0.011334038991112962,0.0029016090527507078,-0.0003798319070470481,0.00022671857539423895,-0.00010294678956907076,3.518545920148121e-05,-4.3286508706259925e-06,1.067119163637969e-06,12.0
-0.08250000000000002,4.914022127244428,0.4770710840994384,0.5649596423008323,0.007817508166613274,0.04186050230687943,-0.011560354351166738,0.002895828417025037,-0.0003729198561124651,0.00022295047686874675,-0.00010205189154098296,3.5224003365673205e-05,-4.45360406495856e-06,1.0985897737052293e-06,12.0
-0.0794999999999999,4.89666451501609,0.47989591313090835,0.564565067857894,0.004865630000955027,0.04302255860435394,-0.011805316846260433,0.0028802090803870103,-0.0003646252655046301,0.00021981452178310433,-0.00010139093535654182,3.5301591093217456e-05,-4.581587410548285e-06,1.1302042192489042e-06,12.0
-0.07650000000000001,4.874709330768007,0.48340523000031294,0.5640894474552923,0.0014718237816382076,0.04435098385911011,-0.012103932454849493,0.002868662798428127,-0.0003532042062972752,0.00021545381807885295,-0.00010067902888054356,3.545025699642659e-05,-4.711583249488182e-06,1.1622046273901442e-06,12.0
-0.0734999999999999,4.84908380847249,0.48735725482802683,0.5636547823463722,-0.002067949213753496,0.0456919999492927,-0.012466114472996748,0.002883838382474254,-0.00034033125517991635,0.0002074288733773142,-9.906639910454638e-05,3.556504582107538e-05,-4.838819766620313e-06,1.1946685906662117e-06,12.0
-0.07050000000000001,4.822901477442461,0.4912279426682467,0.5634086137134825,-0.005343335655198825,0.046839629476940446,-0.012871294565269772,0.002950031035153586,-0.0003339652038609878,0.0001951792387060793,-9.571060314504409e-05,3.546855870468231e-05,-4.983727753762769e-06,1.232128484897987e-06,12.0
-0.0674999999999999,4.802774240128424,0.4931658422927124,0.5641227030568509,-0.006753554636217161,0.04709802138135931,-0.013284630495094681,0.0030868327975479945,-0.00033301095457184525,0.00018075579845258056,-9.270716869327934e-05,3.563634419378011e-05,-5.248493841241294e-06,1.2820580285431393e-06,12.0
-0.0645,4.7998640397584,0.49230448899170237,0.5654155232795057,-0.006086425624881863,0.046562931299498275,-0.013603211341027308,0.0032320404320098288,-0.00030269021033591594,0.00015131076231770518,-9.020867429560899e-05,3.7048959762765866e-05,-5.16428682378506e-06,1.2610875201243573e-06,12.0
-0.06150000000000011,4.70415938036324,0.5051012310388423,0.5704936023831713,-0.02188503985139364,0.04746009110413301,-0.012511316985796071,0.0031447499975911755,-0.00048496631473368245,0.00017005139069140905,-7.300523283926802e-05,3.370633064657323e-05,-5.284397887562086e-06,1.3256658014387017e-06,12.0
-0.058499999999999996,4.689136972023078,0.5087709359263033,0.5691556958251648,-0.025430055788304533,0.04919660760050488,-0.012754741051591401,0.0031335220759276367,-0.0005032942733703856,0.00017784822869939138,-7.244508306698908e-05,3.2078435550725274e-05,-5.424504333919548e-06,1.3780889754995516e-06,12.0
-0.055500000000000105,4.6646887393342755,0.5127610386589116,0.5689432949537793,-0.029117007210781667,0.05064526983088774,-0.012992977461449961,0.0031091509046863295,-0.0005315371085476506,0.00018168847190484788,-7.08474168827482e-05,3.082485829775766e-05,-5.478909290975764e-06,1.405950750476229e-06,12.0
-0.05249999999999999,4.634610169183749,0.5172070591115036,0.5695695107757843,-0.03317227254897672,0.05176187417189609,-0.01323865863322248,0.003106955736995416,-0.0005505617878340938,0.0001884652110830037,-6.768879543786374e-05,2.996931649075009e-05,-5.449462953355823e-06,1.4246410942141228e-06,12.0
-0.0495000000000001,4.6011095360139755,0.5219809821323529,0.5706119010995166,-0.03762323704876709,0.05272163360482088,-0.013438992412164159,0.00313160181484636,-0.0005709454278218984,0.00019411382924180805,-6.503920264207369e-05,2.9009859927104272e-05,-5.446419943287869e-06,1.4307086567706591e-06,12.0
-0.046499999999999986,4.564379022361322,0.5268658731561715,0.5719251938223314,-0.04226365819713151,0.053620390918427505,-0.013598983412610273,0.003167024945509192,-0.000596586444618372,0.0001987231239514155,-6.291189254941042e-05,2.7957437555738722e-05,-5.4647336983632285e-06,1.4275430682243928e-06,12.0
-0.043500000000000094,4.524613288210589,0.53176978928455,0.5734943271768564,-0.04695678546855075,0.05448732224547582,-0.013729942567026521,0.0032051489759874134,-0.0006269642961594473,0.00020314968236044605,-6.108908926282941e-05,2.6877672886018525e-05,-5.4859621519575395e-06,1.4189327179343037e-06,12.0
-0.04049999999999998,4.482504937074144,0.536732157295858,0.5753586007857565,-0.05163828758078574,0.055337116243804364,-0.013836946744957055,0.0032443934214209966,-0.0006607612967182416,0.00020810110633319649,-5.94211699538376e-05,2.5817462190141147e-05,-5.500182003202867e-06,1.4074908871605305e-06,12.0
-0.03750000000000009,4.43889450183218,0.5418351830243014,0.5775589876668913,-0.05629295543573172,0.05617467147908821,-0.013925429833463569,0.0032834740154482323,-0.0006977848917058767,0.00021378103515031706,-5.7913527445107046e-05,2.478266212850304e-05,-5.5083061006798904e-06,1.3946044333145335e-06,12.0
-0.034499999999999975,4.3944289941811245,0.547118413030562,0.5800854565352779,-0.06094366248711476,0.056995941521323035,-0.014001373012983053,0.0033208587687560123,-0.0007384948192979653,0.0002202939814100184,-5.660618910842207e-05,2.377065697682134e-05,-5.513762937388983e-06,1.3817005980481872e-06,12.0
-0.031500000000000083,4.349495943243815,0.5525542448934478,0.5828642892394054,-0.06563666179136106,0.05779256174739501,-0.014068886019656389,0.0033558879450150438,-0.0007833901972407372,0.00022787115559988905,-5.551501980995669e-05,2.278684135844782e-05,-5.5189025213373105e-06,1.37058826691064e-06,12.0
-0.02849999999999997,4.304341237003297,0.5580726068186184,0.5857866904325386,-0.07041773548796566,0.05855689229597533,-0.014129519447317367,0.0033889684039894925,-0.0008328368336797461,0.0002367824043749834,-5.465243494054365e-05,2.1839365134862425e-05,-5.525968781085807e-06,1.3629430221418809e-06,12.0
-0.025500000000000078,4.259212104693033,0.5635960515175715,0.5887513440074444,-0.0753022404890103,0.05928822565532294,-0.014181465184073806,0.0034216547626141026,-0.0008867403820547067,0.00024727183270957634,-5.402460664470809e-05,2.093809575425846e-05,-5.53684251232872e-06,1.3599149515029265e-06,12.0
-0.022499999999999964,4.214448477039165,0.569058220906963,0.5916923790854947,-0.08025455837110636,0.05999492082031092,-0.014219707565027056,0.0034563905951495587,-0.0009443182573283119,0.0002595182421492773,-5.36179443156642e-05,2.0096593626884948e-05,-5.552075108391086e-06,1.3620026482831203e-06,12.0
-0.019500000000000073,4.170526754780126,0.5743999336331941,0.594581330714565,-0.08518682245869241,0.06068823352309327,-0.01423874776168699,0.003495544461304457,-0.0010043195197616684,0.0002735225377694659,-5.341589530023166e-05,1.932880738512113e-05,-5.5713298878753755e-06,1.368962743360051e-06,12.0
-0.01649999999999996,4.1280840289198375,0.5795514866011884,0.5974102168908197,-0.08997076884909024,0.06137169880546244,-0.014236323602827188,0.0035405470124664426,-0.0010653831637125399,0.0002890013635449667,-5.342554597360789e-05,1.8645546970194813e-05,-5.594389497548534e-06,1.3797593130998256e-06,12.0
-0.013500000000000068,4.08792422320966,0.5844153596846307,0.6001701864171098,-0.0944529965598585,0.06203298348471665,-0.01421570333138229,0.0035918378554023107,-0.001126167223039463,0.00030538627346960904,-5.36827584557457e-05,1.8056746405085564e-05,-5.621346095356365e-06,1.3926510695953342e-06,12.0
-0.010499999999999954,4.050954084007188,0.5888660701128906,0.6028381851550284,-0.09847468874729952,0.06264305532893377,-0.014185534110216447,0.00364932575918525,-0.0011853212879201717,0.0003219295253265542,-5.4237243449306784e-05,1.7576292149231902e-05,-5.65222353967471e-06,1.405461297396123e-06,12.0
-0.007500000000000062,4.017957250176995,0.5927846803978962,0.6053793770188618,-0.10190853277658182,0.06316535797702981,-0.014157105917675529,0.003712582400406594,-0.0012416328425743476,0.0003378912364709914,-5.513419387774018e-05,1.7221723353344955e-05,-5.687096807950073e-06,1.4161169599692343e-06,12.0
-0.0044999999999999485,3.989183475870679,0.5961309071829348,0.6077660805465508,-0.10471904853620062,0.06357429164569785,-0.01413940355109851,0.003780345909887781,-0.0012945234650182302,0.00035279587972585487,-5.6400918685109846e-05,1.7005223087530512e-05,-5.727098761116694e-06,1.423512804497028e-06,12.0
-0.0015000000000000568,3.9639991539373614,0.5990088046703802,0.6100006066007678,-0.10701256905583781,0.06387315499120122,-0.01413423372758878,0.0038498216078627643,-0.0013445617507291687,0.0003666552262265545,-5.803971287247347e-05,1.692222532248912e-05,-5.775382008766127e-06,1.428291604685075e-06,12.0
0.0015000000000000568,3.9410776498134785,0.60164091660535,0.612117677716828,-0.10900562446629637,0.06409355485735511,-0.014135811857721715,0.003916991093761057,-0.0013932255300431924,0.0003799226903408618,-6.002996618870027e-05,1.695161189339954e-05,-5.836421885340437e-06,1.43259397636762e-06,12.0
0.0044999999999999485,3.919174791928941,0.6042388671889501,0.6141589421456382,-0.11090387199350492,0.0642725458444797,-0.014136051669590454,0.003978234001971862,-0.0014417547059071922,0.00039312159221785675,-6.233923629392123e-05,1.707148809518862e-05,-5.913588749951815e-06,1.4385777496681946e-06,12.0
0.007500000000000062,3.8976685895884224,0.6069091613345787,0.6161510455353043,-0.11281672708551303,0.06443381640116312,-0.014129291773750118,0.004031507106885524,-0.0014903220841456523,0.00040653824769917185,-6.49313429997237e-05,1.7271961645946814e-05,-6.007591543333196e-06,1.4472806673582477e-06,12.0
0.010499999999999954,3.876329138481972,0.6096889792243623,0.6181124358604189,-0.11479131288863141,0.06459231321217117,-0.014111446957905553,0.004075782699611317,-0.0015384204121359393,0.0004202851776331503,-6.776429752091792e-05,1.7550402388276192e-05,-6.117405204048176e-06,1.4589917555959942e-06,12.0
0.013500000000000068,3.855017946761711,0.6125955322271629,0.6200635375368396,-0.11685880657195705,0.06476148951457342,-0.014078565937367154,0.0041102414626374975,-0.0015854117782196965,0.0004344153393584845,-7.078995787314974e-05,1.790389286067803e-05,-6.241454805625407e-06,1.4738052614790612e-06,12.0
0.01649999999999996,3.8337431148403907,0.6156152473533149,0.6220225558812149,-0.11902587910302392,0.06494938099594952,-0.014028125680433339,0.004134296566059709,-0.0016305111305693226,0.00044886329341145727,-7.395985580969377e-05,1.832950465497368e-05,-6.3776852208265755e-06,1.4914548490907963e-06,12.0
0.019500000000000073,3.8125750574439747,0.6187180940579875,0.6240073347273063,-0.12128758013292085,0.06516009704321894,-0.013958770268812686,0.0041474095281812595,-0.0016729658010472119,0.0004634768806866626,-7.722651647011602e-05,1.8821692185067447e-05,-6.523994933530542e-06,1.5114627862897157e-06,12.0
0.022499999999999964,3.791595100851847,0.6218673450018017,0.6260362752471,-0.1236350260167325,0.06539505876008818,-0.013869968569398842,0.004149061957675527,-0.0017121544680351677,0.0004780506055634634,-8.054283345645334e-05,1.937110759236188e-05,-6.67843838957851e-06,1.5332545511751658e-06,12.0
0.025500000000000078,3.770921712664817,0.6250162951947187,0.6281261077359674,-0.1260509010142378,0.06565203555179137,-0.013762143667511917,0.004138954992136041,-0.00174753634461556,0.0004923265967761752,-8.386080144054046e-05,1.996595002459137e-05,-6.839070940266509e-06,1.556122996727448e-06,12.0
0.02849999999999997,3.750736432383638,0.6281051445955385,0.6302895863410505,-0.12850511323019553,0.06592436035724834,-0.013636758185464922,0.0041172149550163266,-0.0017785917658667302,0.0005059980100922372,-8.71299764798836e-05,2.059378299867209e-05,-7.003749850421431e-06,1.579195618947514e-06,12.0
0.031500000000000083,3.731260760009516,0.6310666035520183,0.6325353162044044,-0.13095850702449444,0.06620202017433717,-0.013495995596739259,0.0040844414429492175,-0.0018048489113509038,0.0005187397662278741,-9.029664776911223e-05,2.124228953277768e-05,-7.170125713660621e-06,1.6015119688810486e-06,12.0
0.034499999999999975,3.712672520886354,0.6338424510946388,0.6348705286715947,-0.13337666442830784,0.0664752072796722,-0.01334192326614202,0.0040415272172472086,-0.0018260223117950096,0.000530274613612766,-9.330452254014725e-05,2.1898371491034792e-05,-7.33591906047595e-06,1.6222475019775107e-06,12.0
0.03750000000000009,3.6949877455253306,0.6364065357749741,0.6373059555758999,-0.13574974785575125,0.06673953735730143,-0.01317532237044261,0.003989290621354346,-0.0018422163969508485,0.0005404608987670407,-9.609704504156944e-05,2.2546050155311396e-05,-7.499414355921651e-06,1.6410351402196848e-06,12.0
0.04049999999999998,3.6779822482412756,0.6387806181705508,0.6398595487442235,-0.1381063164290599,0.0670000596780105,-0.012994834901413503,0.00392812338659325,-0.001854057455298305,0.0005493548969877231,-9.862085004739357e-05,2.3164968192907337e-05,-7.659888241827512e-06,1.6582046456171676e-06,12.0
0.043500000000000094,3.6612398171793625,0.6410266014642398,0.6425547711734662,-0.1405065454387777,0.06727030501679762,-0.012797287221735867,0.0038579463582211052,-0.0018625926610698518,0.0005571868684949315,-0.00010082953206250016,2.373178606272817e-05,-7.817587792601755e-06,1.6747002005695593e-06,12.0
0.046499999999999986,3.6443283993976148,0.6432142526686925,0.6454127480525264,-0.1430139102316692,0.06756580334444222,-0.01257933544338104,0.0037785707261176523,-0.0018689495121062003,0.0005642437643585171,-0.0001026869698091931,2.4224793316184385e-05,-7.973162507746012e-06,1.6916362162926062e-06,12.0
0.0495000000000001,3.6269876436789654,0.6453858143801113,0.6484431527434656,-0.145663977076087,0.06789646741361977,-0.012339425001994439,0.0036902065757379713,-0.0018739667544089343,0.000570734049956762,-0.0001041698213086066,2.4629104407089027e-05,-8.126949121210023e-06,1.7097730423068152e-06,12.0
0.05249999999999999,3.60920718545691,0.6475403633162693,0.6516395179479335,-0.14845033412786385,0.06826288355083693,-0.012078864018234929,0.0035937661499462984,-0.001878020797104974,0.0005767196984225251,-0.00010526916584491194,2.4939460953684913e-05,-8.278616162626634e-06,1.7292445009187107e-06,12.0
0.055500000000000105,3.591178652783979,0.6496417819345235,0.6549803959910664,-0.1513311657678367,0.06865762753825176,-0.011801686998965048,0.0034908396406266584,-0.0018810855657919704,0.0005821338020492147,-0.00010599131571430783,2.5159921175352612e-05,-8.427305523874853e-06,1.7496204095078085e-06,12.0
0.058499999999999996,3.5731830617374207,0.6516392805163885,0.6584341721827645,-0.15424694548304935,0.06906943662367669,-0.011513753014522026,0.0033834455786805693,-0.0018829185325442478,0.0005868471266673842,-0.00010635762467845099,2.5301532315002103e-05,-8.572057815823452e-06,1.7701716973277121e-06,12.0
0.06150000000000011,3.5554794674207986,0.6534881864493532,0.6619648035426776,-0.15713866229451387,0.06948764287121208,-0.011221643472260557,0.0032737097776126584,-0.0018832548621190404,0.0005907402049218576,-0.00010640299233970241,2.537930654918258e-05,-8.712245288057803e-06,1.7901722480334931e-06,12.0
0.0645,3.5382333499182286,0.6551635126807925,0.6655366209556642,-0.15996015595731622,0.06990516964801842,-0.010931743872075862,0.003163592590492107,-0.0018819388860162865,0.0005937528732828716,-0.00010617293358395785,2.5409436370603948e-05,-8.847832444657548e-06,1.8091235944579776e-06,12.0
0.0674999999999999,3.5214934054253355,0.6566643309746606,0.6691174354374305,-0.16268286660577383,0.07031954499237744,-0.010649662775928546,0.003054724147351361,-0.0018789747793027075,0.0005959022024389247,-0.00010571947615239878,2.5407223936667528e-05,-8.979417297659638e-06,1.826858603641944e-06,12.0
0.07050000000000001,3.5052001171457063,0.6580119383208272,0.672680307950203,-0.16529553131523114,0.07073254586037217,-0.010379907966281219,0.0029483290374627655,-0.0018745242963472933,0.0005972784644533324,-0.00010509647540161977,2.538564175185219e-05,-9.108129999540268e-06,1.8435554301561451e-06,12.0
0.0734999999999999,3.4892034023902,0.6592461952618638,0.6762047377744781,-0.1678024916799415,0.07114948403410228,-0.010125662065497327,0.0028451852757957435,-0.0018688908625700375,0.0005980349128927804,-0.00010435502148487341,2.5354198313376274e-05,-9.235501157783747e-06,1.8597217445615941e-06,12.0
0.07650000000000001,3.47328412940873,0.6604210870138791,0.6796773027549416,-0.17022132419028274,0.07157838041766314,-0.009888665230506653,0.0027456131777736314,-0.0018624962925029743,0.0005983746573013915,-0.00010353959505772792,2.5318200398384113e-05,-9.363329463289175e-06,1.8761591851505787e-06,12.0
0.0794999999999999,3.4571912899735935,0.6615971370290431,0.6830909884622078,-0.17257751150390685,0.07202841132694285,-0.00966939149145073,0.0026495563298462484,-0.0018558237349431382,0.0005985241852848099,-0.00010268562883734915,2.527901840407489e-05,-9.493487697077652e-06,1.8938577790852247e-06,12.0
0.08250000000000002,3.440698762291076,0.6628297832090756,0.6864428516351577,-0.17489523295166418,0.07250733581736227,-0.009467606652253751,0.0025567893008308314,-0.00184931611716163,0.0005986888709775955,-0.00010181893306688625,2.523568846590707e-05,-9.627634502869406e-06,1.913793235682153e-06,12.0
0.08549999999999991,3.4236627718795902,0.6641574446254959,0.6897309395590276,-0.17718752861553055,0.07301877590559616,-0.009283092005246402,0.002467180359776791,-0.0018432660371848575,0.0005990051384315982,-0.00010095683771631614,2.518724377625961e-05,-9.766913592499149e-06,1.9366888217033876e-06,12.0
0.08850000000000002,3.4060530139027856,0.6655947959660813,0.692952030768613,-0.1794507843187302,0.0735607297491901,-0.009116160749492976,0.0023808773141562847,-0.0018377522849264219,0.0005995124519422476,-0.0001001102237137175,2.5134596487171827e-05,-9.911776203337735e-06,1.9628507714311467e-06,12.0
0.09149999999999991,3.387945683499256,0.6671337906403559,0.6961011581085601,-0.18166590714215095,0.07412599466342734,-0.008967736757786799,0.002298332412275363,-0.0018326501843225714,0.0006001569594575298,-9.928540557292507e-05,2.5081138564220457e-05,-1.0061996856141232e-05,1.992142983673183e-06,12.0
0.09450000000000003,3.3694874578882166,0.6687507453670619,0.6991728094247117,-0.18380479407378464,0.0747041054186392,-0.008839024349497583,0.0022201759779720415,-0.001827701569615265,0.0006008211688899659,-9.848516412718416e-05,2.5032008149064e-05,-1.0216846069994436e-05,2.024088273652032e-06,12.0
0.09749999999999992,3.3508486590251807,0.6704158338356665,0.7021630824134305,-0.18583889556585306,0.07528386062985516,-0.008730949390457385,0.002147006226922917,-0.0018226102060025394,0.0006013652152044884,-9.77087311041713e-05,2.4992489196960234e-05,-1.037532897730496e-05,2.0580379632244457e-06,12.0
0.10050000000000003,3.332180217017526,0.6721019795571276,0.7050720719974801,-0.18774719446429655,0.07585564521113906,-0.008643549862044162,0.002079164051012762,-0.001817133798222545,0.0006016671358892707,-9.69508678999086e-05,2.4966077904895925e-05,-1.0536412091032334e-05,2.0933540284713e-06,12.0
0.10349999999999993,3.3135809840248736,0.6737917520101386,0.7079060428323646,-0.18952231920595944,0.07641316674937232,-0.008575424058853462,0.002016535090988627,-0.001811158564705945,0.0006016557442401992,-9.620032605697277e-05,2.495257806764945e-05,-1.0699202345402646e-05,2.129572625020658e-06,12.0
0.10650000000000004,3.2950777667770006,0.6754817206493944,0.7106790614083178,-0.19117424334090827,0.07695445563751856,-0.008523312241648661,0.0019584066572720165,-0.001804749665015608,0.0006013329199960892,-9.543808532286808e-05,2.494650786889545e-05,-1.0863065472532106e-05,2.1665304555895328e-06,12.0
0.10949999999999993,3.2766224947936817,0.6771832561725831,0.7134135771918514,-0.19273060397768096,0.07748186791153473,-0.008481929622327971,0.0019034206425107844,-0.0017981652418699414,0.000600779884937148,-9.463596367687882e-05,2.4936261752831764e-05,-1.1027656629678187e-05,2.2044215558503e-06,12.0
0.11250000000000004,3.2581131256211546,0.6789182463132234,0.7161392709304792,-0.19423222214832908,0.07800069876190226,-0.008444207542000048,0.001849677315127269,-0.0017918161242545508,0.0006001396533181548,-9.375638562216009e-05,2.490463056918587e-05,-1.1192817181740098e-05,2.24373639852211e-06,12.0
0.11549999999999994,3.239438598886871,0.6807095131841701,0.7188898536706894,-0.1957236073425959,0.07851637826738736,-0.008402013704952577,0.0017950105910083149,-0.0017861664056256156,0.0005995737662681524,-9.27539854027998e-05,2.4830998972635646e-05,-1.1358322847783833e-05,2.28506210128334e-06,12.0
0.11850000000000005,3.220533982576883,0.6825688465640103,0.7216984388229244,-0.1972410363687986,0.07903107555944794,-0.008347206603183341,0.0017373709706632846,-0.001781602155834885,0.0005992056296654111,-9.157914773509206e-05,2.469475805566675e-05,-1.1523556459228517e-05,2.3287970051048403e-06,12.0
0.12149999999999994,3.201422123616344,0.6844878589519628,0.7245929346163785,-0.19880287082149303,0.07954116007035285,-0.00827269626117775,0.0016751834319403147,-0.0017783202278503476,0.0005990735769429331,-9.0182820278034e-05,2.447876681625356e-05,-1.1687251766075517e-05,2.374896939267536e-06,12.0
0.12450000000000006,3.1822230901809863,0.6864359227163991,0.7275929156218438,-0.20040599742899107,0.08003669696787828,-0.008173191852291298,0.0016075573496991775,-0.0017762819485600153,0.0005991133879237286,-8.852147562437837e-05,2.417167423896457e-05,-1.18474362116144e-05,2.422763164690191e-06,12.0
0.12749999999999995,3.1631289074558584,0.6883659115555686,0.7307086894411624,-0.20202920869491256,0.08050316317093903,-0.008045492625961402,0.0015343024918291705,-0.0017752429156578217,0.0005991750284334035,-8.656117589050417e-05,2.3768535500244567e-05,-1.2001598078202649e-05,2.4713090166480764e-06,12.0
0.13050000000000006,3.1443559938982477,0.6902250632642888,0.7339424175230678,-0.2036413797282394,0.08092460820434937,-0.007888365824237515,0.001455785508129573,-0.0017748368744788493,0.0005990635916598977,-8.428007773875739e-05,2.3269880163230074e-05,-1.2146996755342564e-05,2.5191622805605392e-06,12.0
0.13349999999999995,3.126093135701739,0.6919668948688181,0.7372906659826991,-0.20521107895608268,0.08128707325458216,-0.007702144286522562,0.001372700559965198,-0.0017746775960795548,0.0005985879409599396,-8.166909838288507e-05,2.2679802860830787e-05,-1.2280989806847442e-05,2.5649194715589975e-06,12.0
0.13650000000000007,3.108459600214695,0.6935606796719151,0.7407476856784678,-0.20671470117114207,0.08158122120771046,-0.007488173756300197,0.0012858266136172923,-0.001774447331835479,0.0005976021978951177,-7.873074885922035e-05,2.2003721138666207e-05,-1.2401272362148077e-05,2.6073706408386948e-06,12.0
0.13949999999999996,3.0914809827284446,0.694996532241601,0.7443088554934406,-0.20814144111579433,0.08180356029648118,-0.007248203825348583,0.0011958234007703797,-0.0017739536995294272,0.0005960308962739178,-7.54763921086177e-05,2.124633961184556e-05,-1.250598042960393e-05,2.645640320454553e-06,12.0
0.14250000000000007,3.075083568259232,0.6962857661456874,0.7479739096608096,-0.20949469638944176,0.08195612861555378,-0.006983786125780536,0.0011030937957068662,-0.001773150286912669,0.0005938748916168924,-7.192242594188512e-05,2.041019404502356e-05,-1.2593666230320127e-05,2.6792237857724114e-06,12.0
0.14549999999999996,3.059103297215096,0.6974574053864375,0.7517497389874574,-0.21079043124939106,0.08204489983944477,-0.006695726046969773,0.001007719139289617,-0.001772125798708235,0.0005912001021429614,-6.808605502929892e-05,1.9494971522879398e-05,-1.2663191039666415e-05,2.7079269196637586e-06,12.0
0.14850000000000008,3.043303477812905,0.6985523250473239,0.7556526756948774,-0.21205350674155263,0.08207738802257676,-0.006383624447745903,0.0009094595622455389,-0.0017710710541179965,0.0005881139045481413,-6.398131907418494e-05,1.8497646150386258e-05,-1.2713593411803858e-05,2.731735912116377e-06,12.0
0.15149999999999997,3.027395875276048,0.6996164821377903,0.7597102304133598,-0.21331301249310333,0.08205995561196568,-0.00604553838760235,0.0008078056850468198,-0.0017702333366875634,0.000584734398692819,-5.961587619092059e-05,1.741336384314541e-05,-1.2743982839943582e-05,2.7506476884092268e-06,12.0
0.15450000000000008,3.011061531460085,0.7006943352081011,0.7639622690812187,-0.2145974205831759,0.08199523185244188,-0.0056777797138813264,0.0007020689941968849,-0.0017698660455128356,0.0005811567693888413,-5.498876491599632e-05,1.6236950641640316e-05,-1.275349296967748e-05,2.7644877881188922e-06,12.0
0.15749999999999997,2.9939692023256117,0.7018231959650536,0.7684616372939465,-0.21593018177376458,0.08187993601689023,-0.005274852670319444,0.0005915001541859433,-0.0017701811838184793,0.0005774201116936829,-5.0089072978146266e-05,1.4964868223341055e-05,-1.2741316545201093e-05,2.772737594499483e-06,12.0
0.1605000000000001,2.9757900517867024,0.7030290777359134,0.7732742699178262,-0.2173263066635665,0.08170333031253704,-0.004829509114189172,0.0004754243743687669,-0.001771313758839304,0.0005734780753120481,-4.489520979506527e-05,1.3597379839091536e-05,-1.270683984769859e-05,2.774391542510918e-06,12.0
0.16349999999999998,2.9562077459397313,0.7043244887634604,0.7784788258508607,-0.218790404905385,0.08144647554401438,-0.004332884916828025,0.0003533832447876568,-0.0017733086383725743,0.0005691769065724454,-3.93743902640386e-05,1.2140659714594196e-05,-1.2649890980858024e-05,2.7678635023456874e-06,12.0
0.1665000000000001,2.9349241299193793,0.7057083644488538,0.7841658212341704,-0.2203164329372559,0.08108237551770774,-0.0037746856251548605,0.00022527717064194105,-0.0017761390896463359,0.0005642438444131572,-3.348203504574678e-05,1.0608637321366679e-05,-1.2571105723644492e-05,2.750953358751238e-06,12.0
0.16949999999999998,2.911662234976856,0.7071679179117968,0.7904361140265297,-0.22188902673403094,0.08057696896889127,-0.003143412065527108,9.151075908319963e-05,-0.001779761348399857,0.0005582870743129313,-2.7161041940545105e-05,9.024518466791984e-06,-1.2472395988555272e-05,2.720868515757145e-06,12.0
0.1725000000000001,2.8861696239608894,0.7086817921971049,0.7973984873267144,-0.22348594570353544,0.07989081352206887,-0.0024266429618923623,-4.685101144852611e-05,-0.0017842027211043105,0.0005508062962382848,-2.03411610389912e-05,7.422097199328971e-06,-1.2357486250119907e-05,2.6742765608449023e-06,12.0
0.1755,2.8582251788246493,0.7102237217733322,0.8051660572145197,-0.22508100502575465,0.07898126160938283,-0.0016114072951927752,-0.00018791128699378174,-0.0017896741273406415,0.0005412113791465505,-1.2938863919197037e-05,5.847070677578092e-06,-1.2232470208186766e-05,2.6073528564957344e-06,12.0
0.1785000000000001,2.8276511735165393,0.7117660109221795,0.8138513177290956,-0.22664696030964832,0.07780496182364771,-0.0006846794238674426,-0.00032876257624928936,-0.0017966928500163263,0.0005288459599629505,-4.858042040070196e-06,4.358534959324557e-06,-1.2106334956497806e-05,2.5157851911730546e-06,12.0
0.1815,2.79433039261215,0.7132824042650726,0.8235598110120037,-0.2281580183421739,0.07632058508425725,0.0003659812525804645,-0.0004653257574156013,-0.0018061976225991197,0.0005130129652227279,4.008388028665019e-06,3.030675850683788e-06,-1.1991398596778765e-05,2.394706572724744e-06,12.0
0.1845000000000001,2.7582259874466724,0.7147501900482189,0.8343826394312146,-0.2295918292569425,0.074491707714976,0.0015516428342665185,-0.000592246117087366,-0.0018196358252243184,0.0004929994645273315,1.3776244943250282e-05,1.9544258220746483e-06,-1.1903604382621052e-05,2.2385438300025405e-06,12.0
0.1875,2.719400385011135,0.716151524904623,0.8463882900503038,-0.23093088734031975,0.0722897430515598,0.0028810881740642213,-0.0007028919228159582,-0.0018390018601182113,0.00046809885077532716,2.456774648145119e-05,1.2386074727155678e-06,-1.1862609397894039e-05,2.040791411485995e-06,12.0
0.1904999999999999,2.6780291707336494,0.7174739967177027,0.859614493411962,-0.2321632578246876,0.0696967125442891,0.004359833376562507,-0.000789497067955977,-0.0018668078507773425,0.0004376292920295708,3.650960704433659e-05,1.0098996978628573e-06,-1.1891603378428952e-05,1.7937457717885074e-06,12.0
0.1935,2.63440640494975,0.7187104333379681,0.8740610433450398,-0.23328254790731456,0.06670754617753669,0.005989172072725833,-0.0008434751509883122,-0.0019059739326780952,0.0004009489730977239,4.973170229657849e-05,1.4109077211538943e-06,-1.2016800433451733e-05,1.4882649693759015e-06,12.0
0.1964999999999999,2.5889390980850076,0.7198580084318377,0.8896845919311183,-0.2342871239246118,0.06333157000275724,0.007765370101901401,-0.0008559089810870391,-0.001959636056770555,0.00035747068258982714,6.436570937435644e-05,2.595734279056275e-06,-1.2266566518029674e-05,1.1136459584373937e-06,12.0
0.1995,2.542130323019571,0.7209168135198571,0.9063963322938764,-0.23517873569496983,0.059592912198570595,0.009679143116316164,-0.0008181892227395252,-0.0020308833409395165,0.00030668001805170443,8.05423618814242e-05,4.722744035108575e-06,-1.2670175933269478e-05,6.57728629753639e-07,12.0
0.2024999999999999,2.4945523989656695,0.7218881997755144,0.924063164180267,-0.23596086529991087,0.05552972139648683,0.011715527066329534,-0.0007227435317549839,-0.00212245184346409,0.00024816177620933227,9.838557575212053e-05,7.94465101046358e-06,-1.3256225033517465e-05,1.073281866095764e-07,12.0
0.20550000000000002,2.4468133480871828,0.7227732586414575,0.9425124527332039,-0.23663718349295151,0.05119228519627877,0.013854201532802273,-0.0005637707655898625,-0.0022364134610794494,0.00018163723065961175,0.0001180020705735797,1.2396564041950334e-05,-1.4050767397348301e-05,-5.50943281907261e-07,12.0
0.2084999999999999,2.3995209590984103,0.7235717588366752,0.9615399567429249,-0.2372104363157472,0.046640299695834116,0.016070261018112573,-0.00033788205607042073,-0.002373903954416622,0.00010701117898902615,0.00013946629981215441,1.8183100667337915e-05,-1.5075274197334142e-05,-1.3294780901321323e-06,12.0
0.21150000000000002,2.3532489756451045,0.7242817078510033,0.9809200569561483,-0.23768192880337308,0.04193963221835411,0.018335365580701837,-4.455706563526115e-05,-0.002534930854263712,2.4423056611824027e-05,0.00016280218569667934,2.536602925196815e-05,-1.6344570271765958e-05,-2.2382002361513513e-06,12.0
0.2144999999999999,2.3085091488058214,0.7248995239859498,1.0004171599356866,-0.23805159208958204,0.037158931791651986,0.020619152993114294,0.0003136508912673187,-0.0027182904863119,-6.570727207200817e-05,0.00018796472356767723,3.395404640211433e-05,-1.7864947609076975e-05,-3.2830073347738864e-06,12.0
0.21750000000000003,2.26573145846348,0.7254206589807837,1.0197971216348354,-0.2383184805802626,0.03236639311074466,0.02289076762367188,0.0007311892969544208,-0.002921606139374232,-0.00016264983363594164,0.00021482536122809803,4.3896196953974595e-05,-1.9632698569219406e-05,-4.464370541757715e-06,12.0
0.22049999999999992,2.2252531877421386,0.7258404404740556,1.0388376932908905,-0.23848148095879532,0.027626898172574715,0.02512035827036381,0.0011998478368650378,-0.003141480512322385,-0.000265360308034065,0.00024316482188862848,5.508009104053386e-05,-2.16333177544728e-05,-5.776341504379735e-06,12.0
0.22350000000000003,2.1873161541896313,0.7261549103736845,1.0573372666889185,-0.23854002334688065,0.022999672178541822,0.027280415322255856,0.0017093187558090241,-0.0033737391890059963,-0.0003725066318690708,0.0002726757764943484,6.7335504850003e-05,-2.3841574358336788e-05,-7.206167130955569e-06,12.0
0.22649999999999992,2.152070505394683,0.7263614963163164,1.0751215060380488,-0.23849464320353556,0.018536514628617044,0.02934685091211482,0.002247904187722214,-0.0036137311341819488,-0.00048252651210918687,0.0003029758829119269,8.044325089593295e-05,-2.622255306665858e-05,-8.734620245350978e-06,12.0
0.22950000000000004,2.1195831169409987,0.7264594362276448,1.092047736834151,-0.23834731988149285,0.014280610470509126,0.03129976659292608,0.002803288018239004,-0.0038566484297085438,-0.0005937105471647836,0.00033362975635103584,9.414848685125318e-05,-2.8733619728418388e-05,-1.0337037641775154e-05,12.0
0.23249999999999993,2.0898486866155483,0.7264499517705397,1.108007182350902,-0.2381015880717375,0.01026588920004264,0.03312389381879506,0.003363291996746845,-0.004097830200419639,-0.000704301450009115,0.00036417692080704993,0.00010817702930851534,-3.132712201353786e-05,-1.1984942489593915e-05,12.0
0.23550000000000004,2.0628019408967955,0.7263362173069643,1.1229252850553963,-0.23776246579467672,0.006516877078862584,0.03480872673031971,0.003916547927873383,-0.004333023103793689,-0.0008125976301201885,0.0003941620103334479,0.00012225286315662663,-3.395352121605477e-05,-1.3648039518247694e-05,12.0
0.23849999999999993,2.038329802739131,0.7261231917832404,1.136760429952831,-0.23733626268159613,0.0030489737787319678,0.03634839053190574,0.004453036360844784,-0.0045585805191793284,-0.0009170493668510876,0.00042316348798388773,0.00013611495470980354,-3.6564594639105626e-05,-1.5296325374977027e-05,12.0
0.24150000000000005,2.0162827962723244,0.7258173770148174,1.1495014151566618,-0.23683032972617057,-0.00013092376941044545,0.0377413012273685,0.004964463608610005,-0.004771592503879947,-0.0010163377292584984,0.00045081778051629315,0.00014953168878880497,-3.911635669302973e-05,-1.6902058432195265e-05,12.0
0.24449999999999994,1.9964853145364723,0.7254265478850221,1.1611640092739135,-0.23625279583944644,-0.003023532157676013,0.03898967532227,0.005444469845349429,-0.004969947157333928,-0.0011094296346755839,0.0004768367401880013,0.00016231169569655407,-4.1571412360615095e-05,-1.8441376486034902e-05,12.0
0.24750000000000005,1.9787446242805713,0.724959478348647,1.1717869102509466,-0.235612316571354,-0.005636109738136712,0.04009894425437905,0.005888678902177595,-0.0051523304548479,-0.0011956062143041956,0.0005010174813528058,0.00017431041128668372,-4.390055916709951e-05,-1.9895423448841626e-05,12.0
0.25049999999999994,1.962858632237272,0.7244256682803678,1.1814273861994402,-0.2349178421103306,-0.007981282764491214,0.04107712066068342,0.006294613708185228,-0.005318175663928701,-0.0012744652575754462,0.0005232446838084683,0.00018543230911048807,-4.608356897934303e-05,-2.1250929991557574e-05,12.0
0.25350000000000006,1.948622511896019,0.723835062514853,1.1901568408916798,-0.23417839753771497,-0.010075844659109389,0.041934154268130956,0.006661509616729511,-0.005467575303247047,-0.0013459014205487675,0.0005434862631625047,0.0001956292607665945,-4.8109186519969964e-05,-2.2500271829654968e-05,12.0
0.25649999999999995,1.9358343130431455,0.7231977456757327,1.1980565074965264,-0.23340285932264845,-0.011939595778167009,0.042681305732159364,0.006990061299159245,-0.005601168656020741,-0.0014100698128852974,0.0005617838174412689,0.0002048958524785046,-4.9974461777094827e-05,-2.3641090737618702e-05,12.0
0.25950000000000006,1.9242996665626324,0.7225235961248977,1.205213434870151,-0.23259970985405753,-0.01359428010203934,0.04333055849887897,0.007282137961374247,-0.005720016682566489,-0.0014673394184064642,0.0005782394805146925,0.0002132626799304641,-5.168358195273658e-05,-2.467560056931044e-05,12.0
0.26249999999999996,1.913835665476063,0.7218218918090187,1.2117168922351815,-0.23177675861684344,-0.01506266040103372,0.04389408298552875,0.007540496963570778,-0.005825474426741047,-0.0015182426021039877,0.0005930008120571493,0.00022078865835275407,-5.324638708426123e-05,-2.5609712064620465e-05,12.0
0.26550000000000007,1.9042739591810938,0.721100880289775,1.217655281064444,-0.2309408349080639,-0.016367754567990667,0.044383764680162516,0.007768518373628343,-0.005919069200123095,-0.0015634258928305784,0.0006062452140555648,0.00022755324747593606,-5.46767489133645e-05,-2.645209918112426e-05,12.0
0.26849999999999996,1.895463054085367,0.7203673505609416,1.223113607437535,-0.2300974790948309,-0.01753223476879525,0.04481080749496329,0.007969973861453244,-0.006002391198494842,-0.0016036056122574881,0.0006181651505002179,0.0002336492508118566,-5.599097262511451e-05,-2.7213302712405227e-05,12.0
0.2715000000000001,1.8872697871308772,0.7196262664385119,1.228171533424783,-0.2292506794533906,-0.01857797150758233,0.04518542388935634,0.008148834326731148,-0.00607700168335847,-0.0016395301375203074,0.0006289551891357888,0.00023917656879907933,-5.720635121753188e-05,-2.7904932488263572e-05,12.0
0.27449999999999997,1.8795799438585554,0.7188805302684534,1.2329019918510402,-0.228402710592297,-0.019525690879871282,0.04551662150375113,0.008309113427098362,-0.006144362202283729,-0.001671949023570091,0.0006388015846750218,0.0002442370277516998,-5.8339965602490935e-05,-2.8538995788339282e-05,12.0
0.2775000000000001,1.8722980338461275,0.7181309354051416,1.2373703164250263,-0.2275541218469204,-0.02039470812907671,0.04581209084902488,0.008454739883277516,-0.006205786358318112,-0.0017015881480220193,0.0006478747843943869,0.0002489302169302967,-5.940778268407855e-05,-2.9127352993328623e-05,12.0
0.28049999999999997,1.8653463025676236,0.7173763378687534,1.2416338122465909,-0.22670390093749568,-0.021202704459830635,0.04607819039508648,0.008589450331621508,-0.006262413463845134,-0.0017291295741356499,0.000656324884863823,0.0002533501639369264,-6.042406258485507e-05,-2.9681285042980016e-05,12.0
0.2835000000000001,1.8586631274766936,0.7166140401665908,1.2457416749773063,-0.2258498068043598,-0.021965524677539428,0.046320016328742844,0.008716695964130947,-0.006315201378873732,-0.0017551948810610462,0.0006642797521805089,0.000257582657891699,-6.140105040185054e-05,-3.0211150942997182e-05,12.0
0.2865,1.852200993693419,0.7158403444681769,1.2497351644244705,-0.22498883545253398,-0.02269698707733631,0.046541537013040264,0.008839559164853726,-0.006364934365595101,-0.0017803311060229352,0.0006718452913438698,0.00026170306796815184,-6.2348902689125e-05,-3.072611522180692e-05,12.0
0.2895000000000001,1.845924256914301,0.7150512067676773,1.2536479507025913,-0.2241177613805111,-0.023408710727515825,0.04674576867172714,0.008960679754372484,-0.00641224116630499,-0.001804998987385057,0.0006791072454640431,0.00026577457495893374,-6.327578710528322e-05,-3.123393194229042e-05,12.0
0.2925,1.839806878662015,0.7142429116988747,1.2575065750076961,-0.22323368765254648,-0.02410997656217749,0.046934969333868315,0.009082193534932531,-0.006457618722278385,-0.001829563741325006,0.0006861339177937281,0.0002698468127492491,-6.418809440445604e-05,-3.174078085651132e-05,12.0
0.2955000000000001,1.8338302746731394,0.7134126877656379,1.2613309953666956,-0.22233453851905266,-0.02480764624042349,0.04711083143277263,0.009205688162789055,-0.006501457730726905,-0.0018542890535519802,0.0006929793020003986,0.00027395498832618334,-6.509071104093284e-05,-3.2251160308161446e-05,12.0
0.2985,1.8279813687991275,0.7125591911151625,1.2651352121729185,-0.22141943628392208,-0.02550616580706789,0.0472746578460577,0.009332182712388979,-0.006544067206575125,-0.0018793352589014426,0.0006996862275071349,0.00027811960092755523,-6.59873126253729e-05,-3.276784870512788e-05,12.0
0.3015000000000001,1.8222509065559098,0.711682799373982,1.2689279819032104,-0.22048891592359698,-0.026207679163719994,0.04742751009225987,0.00946213740707533,-0.006585696056419071,-0.0019047627604397432,0.0007062892338912115,0.00028234690238311875,-6.688064872067532e-05,-3.329195018597771e-05,12.0
0.3045,1.8166320599010444,0.7107856744596148,1.2727136267124104,-0.21954494579766012,-0.026912268651294976,0.04757032033620685,0.009595498611560447,-0.006626550248113357,-0.0019305415492763042,0.0007128169618420963,0.00028663022177243496,-6.777279591410665e-05,-3.382303907631584e-05,12.0
0.3075000000000001,1.8111193435737978,0.7098715758734414,1.2764929338530706,-0.21859074168382153,-0.027618326475623223,0.047703961392585925,0.00973178110288232,-0.006666804556237512,-0.0019565671818064755,0.0007192938977016218,0.0002909522111942068,-6.86653597488008e-05,-3.435941090778335e-05,12.0
0.3105,1.805707852379058,0.7089454357240962,1.2802641175580114,-0.21763038610516572,-0.028323042031919567,0.0478292723793244,0.009870184875622957,-0.006706608327724785,-0.001982682749349105,0.0007257413657391263,0.00029528795544955994,-6.955961034985815e-05,-3.4898435072753456e-05,12.0
0.3134999999999999,1.8003928070968598,0.70801274373921,1.2840237949856668,-0.21666829577868202,-0.02902296864957738,0.047947043258720866,0.010009737753620107,-0.006746085500322699,-0.0020087053129747364,0.000732177761520255,0.00029960873822218107,-7.045654531886052e-05,-3.543698694054119e-05,12.0
0.3165,1.7951693609403254,0.7070788303250961,1.2877679143774317,-0.21570861335194458,-0.029714612945688775,0.04805796923459911,0.010149448944874684,-0.006785330289313963,-0.0020344541623822108,0.0007386181725362438,0.00030388609792435863,-7.135688834596344e-05,-3.597191859863568e-05,12.0
0.3194999999999999,1.7900325777402,0.7061481681825884,1.2914925718105346,-0.21475462679855684,-0.030394976353484877,0.048162594013025625,0.010288454029125045,-0.006824401275545694,-0.0020597773881674422,0.0007450737077371278,0.00030809567952776764,-7.226105026111971e-05,-3.650051210879893e-05,12.0
0.3225,1.7849774663168523,0.7052238246721612,1.2951946625434598,-0.21380832935270216,-0.031061977027466593,0.048261265934207265,0.010426130522228112,-0.006863317525939203,-0.002084572967431306,0.0007515509852519158,0.0003122203415964592,-7.316909386872104e-05,-3.7020852717551505e-05,12.0
0.3254999999999999,1.779998961796687,0.7043071773044771,1.2988723302203193,-0.2128702152942635,-0.03171469456120283,0.04835412959809768,0.010562166394597838,-0.006902060260177597,-0.0021088011011624504,0.0007580522289110955,0.00031625204580099347,-7.408074661786112e-05,-3.7532066005396785e-05,12.0
0.3285,1.7750917905204588,0.7033979520213275,1.302525197538112,-0.21193936088294663,-0.03235340887514876,0.04844116649012916,0.010696571760828126,-0.006940582165281066,-0.0021324859354337413,0.0007645762594712603,0.00032019224500490543,-7.499549128378826e-05,-3.8034383405936416e-05,12.0
0.3314999999999999,1.7702502279430012,0.7024945695014547,1.3061543824526973,-0.2110137748378223,-0.03297944251688526,0.048522283179892864,0.010829634900829941,-0.006978824037357754,-0.002155706794013208,0.0007711203681322183,0.0003240507627657673,-7.591273695095531e-05,-3.8529031514419516e-05,12.0
0.3345,1.7654678300947322,0.7015947095354482,1.3097623242522587,-0.2100909371215195,-0.03359485343404602,0.048597429710520446,0.010961835159707696,-0.007016735803112676,-0.002178581172770247,0.0007776827294011027,0.0003278434577956311,-7.683204047288024e-05,-3.901797520571616e-05,12.0
0.3374999999999999,1.76073725728146,0.700695950599494,1.3133524648785155,-0.2091683984999017,-0.03420205361222705,0.04866671957891726,0.011093734166311353,-0.0070542971437365775,-0.002201243453957429,0.0007842647765732485,0.0003315892166507098,-7.775332518576693e-05,-3.950357442708071e-05,12.0
0.3405,1.756050294288241,0.6997963274991967,1.316928852467884,-0.20824430078757108,-0.034803440906790085,0.04873052048306579,0.011225870934733234,-0.0070915326631032435,-0.002223824153527589,0.0007908729247662854,0.0003353069539664761,-7.867703916958196e-05,-3.9988232317248925e-05,12.0
0.3434999999999999,1.7513981070710378,0.6988946783561398,1.3204957521350031,-0.2073177024767209,-0.0354011241838068,0.048789492732228955,0.011358684749315008,-0.007128517976036146,-0.0022464342983396523,0.0007975192065734916,0.00033901328727900266,-7.96042124400941e-05,-4.0474113550974964e-05,12.0
0.34650000000000003,1.7467716871376662,0.6979907141396521,1.324057354924865,-0.20638864871281382,-0.03599679701578676,0.04884456712887454,0.011492482612373308,-0.007165375731809314,-0.0022691582686878695,0.0008042207184863299,0.0003427213907362197,-8.053640473194618e-05,-4.096299544862001e-05,12.0
0.3494999999999999,1.742162360429092,0.6970848208067744,1.3276176589657638,-0.2054579921341589,-0.03659177753386628,0.04889687085879022,0.011627456885350548,-0.007202263438777088,-0.002292056369876367,0.0008109981320932553,0.0003464412456125961,-8.147556986728134e-05,-4.145628256589875e-05,12.0
0.35250000000000004,1.7375622139329696,0.696177673956442,1.3311805502068077,-0.204527032758828,-0.037187188923392546,0.04894762251184892,0.011763745782116093,-0.007239356924075774,-0.0023151759072545046,0.0008178737586795002,0.00035018114633140904,-8.24238844083319e-05,-4.195517329728578e-05,12.0
0.3554999999999999,1.7329643373204555,0.6952697898034107,1.3347500375411847,-0.2035970843150115,-0.03778421550515822,0.048998021532292414,0.011901517306699689,-0.0072768335950271065,-0.0023385671462214193,0.0008248696709420108,0.0003539499607731467,-8.338358733862954e-05,-4.246092261755466e-05,12.0
0.35850000000000004,1.7283628748073845,0.6943611432981457,1.338330517680491,-0.20266908158777797,-0.038384343340605746,0.049049152245910915,0.012041049070120954,-0.007314858286528146,-0.002362298836655853,0.0008320061745435187,0.00035775937229073397,-8.435685348463108e-05,-4.297510941450733e-05,12.0
0.36149999999999993,1.7237529913606402,0.6934509540008449,1.3419268907040665,-0.20174331817913255,-0.03898949097288267,0.04910191095658448,0.01218277495144731,-0.007353572050779319,-0.0023864675487024205,0.0008393005819720265,0.00036162524059932233,-8.534568685731478e-05,-4.34998021243261e-05,12.0
0.36450000000000005,1.7191309217449648,0.692537682855344,1.3455443510070169,-0.2008193552951889,-0.03960196046231437,0.04915695187318171,0.012327276449475027,-0.007393081941597129,-0.0024111962828912074,0.0008467659377640325,0.00036556737614896556,-8.635178911866616e-05,-4.4037532183809864e-05,12.0
0.36749999999999994,1.7144942485826842,0.6916192156762164,1.3491877579779574,-0.19989608495280228,-0.04022418895347652,0.04921463950994366,0.012475211277151059,-0.007433448823124519,-0.002436620632571344,0.0008544092404555407,0.00036960743044301585,-8.737635063722056e-05,-4.45910330132187e-05,12.0
0.37050000000000005,1.7098424419320335,0.6906931516003677,1.3528606334575999,-0.19897188240641864,-0.04085834473807987,0.049274995055681496,0.01262719091617252,-0.007474671071555817,-0.0024628645629655842,0.0008622288800980077,0.00037376517527987126,-8.841973525620258e-05,-4.5162773011078046e-05,12.0
0.37349999999999994,1.7051775292093956,0.6897570829282029,1.3565639933872975,-0.1980447563720894,-0.04150586950207748,0.049337631426884604,0.01278363671290541,-0.007516664400097365,-0.0024900114947215024,0.000870211402666031,0.00037805400666610117,-8.948107787624371e-05,-4.575438335983477e-05,12.0
0.37650000000000006,1.700504623069083,0.6888087540789365,1.3602953353439748,-0.19711240789759946,-0.04216709895400968,0.04940168201342343,0.012944654262958604,-0.007559240766308359,-0.002518078544542701,0.0008783281450863939,0.00038247686257125864,-9.05578654446482e-05,-4.636612937994635e-05,12.0
0.37949999999999995,1.695831986069343,0.6878460185598986,1.364048117412037,-0.19617213626634952,-0.0428410832540135,0.04946573568200557,0.013109963816177803,-0.007602090985777051,-0.0025470015358327967,0.0008865325377686816,0.0003870237344410456,-9.164560154192273e-05,-4.699657708354149e-05,12.0
0.38250000000000006,1.6911703858879594,0.6868665616151026,1.3678119594113571,-0.19522057205178886,-0.043525676850563536,0.04952779109838574,0.013278909847407686,-0.0076447752931744755,-0.002576635604347781,0.0008947587957006102,0.00039167154736396786,-9.273764504481855e-05,-4.764255866597869e-05,12.0
0.38549999999999995,1.6865316676362627,0.6858674058693414,1.37157360648097,-0.19425325860334877,-0.04421789064565554,0.049585236212903935,0.013450550131530766,-0.007686723640117777,-0.002606771697689765,0.0009029223134487116,0.000396386497570439,-9.382526419527986e-05,-4.829945507417351e-05,12.0
0.38850000000000007,1.6819266681207288,0.6848442524759006,1.3753184871428294,-0.1932641305655531,-0.04491442427705906,0.04963484698805131,0.013623801299587322,-0.007727243954432468,-0.002637164509403491,0.0009109214956683022,0.0004011281953792834,-9.48978767194324e-05,-4.896171868235007e-05,12.0
0.39149999999999996,1.6773627367456856,0.6837907218081284,1.3790325507357992,-0.19224494391427874,-0.04561224868577213,0.04967278821769341,0.01379760190941728,-0.007765533346714579,-0.0026675640172449705,0.0009186402235435457,0.0004058544187304178,-9.594338195966112e-05,-4.962348694363263e-05,12.0
0.3945000000000001,1.6728411535765755,0.6826975447104596,1.3827040334139253,-0.19118469634026625,-0.04630910374817624,0.04969459286975182,0.013971050570069149,-0.007800685542637257,-0.0026977418857304617,0.0009259498763784292,0.0004105251121253001,-9.694845639724826e-05,-5.027911226809777e-05,12.0
0.39749999999999996,1.6683546440971326,0.681551724030776,1.386324881121073,-0.19006904590590354,-0.047003810591836837,0.049695096181184326,0.014143485764470023,-0.00783168805223039,-0.0027275056557674532,0.0009327098694518953,0.0004151044968415471,-9.789868903098859e-05,-5.092345954822463e-05,12.0
0.4005000000000001,1.6638850303170754,0.6803356462862036,1.3898917101546555,-0.18887969897174633,-0.04769635689450881,0.04966830483371839,0.014314491304888578,-0.007857404231879483,-0.0027566970467989864,0.0009387659558434386,0.00041956067024624704,-9.87784691617798e-05,-5.155188642274748e-05,12.0
0.40349999999999997,1.659400902934114,0.679026083533474,1.3934063464671254,-0.18759370361024238,-0.048387773744987546,0.049607185924901105,0.014483830191451384,-0.007876537302280145,-0.002785174510484978,0.0009439458879493643,0.0004238626603996962,-9.957058441537172e-05,-5.2159896512069896e-05,12.0
0.4065000000000001,1.6548551150268298,0.6775929911344865,1.3968760967670975,-0.18618255711377418,-0.04907986633607561,0.04950336127562333,0.014651324217533629,-0.007887574404100803,-0.0028127831969455403,0.0009480522530154405,0.000427975375751225,-0.00010025551792673731,-5.274251726259048e-05,12.0
0.4095,1.6501819150582788,0.6759979817261512,1.4003139415945653,-0.1846110190221001,-0.049774879886937747,0.04934668864843243,0.01481670412982305,-0.007888708396364687,-0.0028393171111453326,0.0009508522922659817,0.0004318531472746578,-0.00010081043820907916,-5.329348775136321e-05,12.0
0.4125000000000001,1.6452936434922634,0.674192346037253,1.403738812895372,-0.18283552010143633,-0.0504751787450815,0.049124705668401956,0.014979455811490398,-0.00787773386234664,-0.002864478496403294,0.0009520643515016126,0.00043543260723193815,-0.00010120785995650394,-5.3804348030541996e-05,12.0
0.4155,1.64007707227427,0.6721145115621732,1.4071760589727809,-0.1808020852048493,-0.05118299707405515,0.04882191168568747,0.01513868372161406,-0.007851913177059732,-0.0028878387959865993,0.0009513405071863132,0.00043862555298675507,-0.00010141394313877813,-5.426350940758417e-05,12.0
0.4185000000000001,1.634389631537528,0.6696869024180938,1.4106581392319846,-0.17844376290283911,-0.0519002882239968,0.04841887643416496,0.015293005134508748,-0.007807810398354775,-0.0029088042602257004,0.0009482451407686792,0.0004413122686370215,-0.00010138642263262044,-5.4655363393635446e-05,12.0
0.4215,1.628055937428288,0.6668123114256124,1.4142255393225414,-0.17567769749470566,-0.05262865616318563,0.04789119967553797,0.015440477579122931,-0.007741096684253955,-0.0029265874509536625,0.0009422300111204518,0.00044333554083130595,-0.00010107224574289913,-5.4959459114440815e-05,12.0
0.4245000000000001,1.620865239867354,0.6633701338834339,1.4179278430901594,-0.17240220219206243,-0.053369295340428016,0.04720840699109786,0.015578547231742396,-0.007646341619355092,-0.002940183597757664,0.0009326077946888209,0.00044449532210441084,-0.0001004051504221969,-5.514974669649844e-05,12.0
0.4275,1.6125706797209343,0.6592131400901351,1.421824838907238,-0.16849449208283654,-0.054122805877422464,0.04633295413204615,0.01570399147093959,-0.007516820428320275,-0.0029483487684771534,0.0009185281471314326,0.00044454379187022525,-9.930364448255419e-05,-5.51938634199677e-05,12.0
0.4305000000000001,1.6028915615963926,0.654165856190584,1.425987507354273,-0.16381008434240849,-0.05488871990294205,0.045219623533991865,0.0158128241443969,-0.007344387455079307,-0.002949577146547551,0.0008989630791912794,0.0004431807570156708,-9.767014309961834e-05,-5.505247037713821e-05,12.0
0.4335,1.5915201661334994,0.6480260274592518,1.4304987492863812,-0.15818521151353948,-0.05566460516968666,0.04381571902403741,0.01590014704596708,-0.007119489256998775,-0.0029420792221689193,0.0008727114910251791,0.0004400501959437964,-9.53923435587049e-05,-5.46787638550811e-05,12.0
0.4365000000000001,1.5781350037497637,0.6405709596509502,1.4354536006204544,-0.15144381655481284,-0.05644468791608101,0.042062558137055776,0.01595995739755613,-0.006831407434494256,-0.002923769219983568,0.0008384346858381807,0.00043473988458296326,-9.234808648156193e-05,-5.4018431014780626e-05,12.0
0.4395,1.5624230309258234,0.6315706122235932,1.4409580173599907,-0.14341063831043854,-0.05721796635196744,0.03989875260496576,0.015984921677301957,-0.006468815673428067,-0.002892270034333438,0.0007947330525834733,0.0004267860191029047,-8.841465323884366e-05,-5.301030074781143e-05,12.0
0.4424999999999999,1.5441140306095804,0.6208089078825835,1.447123814267771,-0.13393132048550074,-0.057965702960185585,0.03726559196610584,0.015966068233662846,-0.006020696293667585,-0.0028449295885436543,0.0007402673808725322,0.00041568232516172335,-8.34824981283638e-05,-5.1587599990739945e-05,12.0
0.4455,1.523029722062622,0.6081135251305948,1.454055739145348,-0.12289913860345723,-0.0586581643097022,0.034114521667797215,0.015892285452593538,-0.005477604390593862,-0.002778824109179785,0.000673919730943646,0.00040089007043756604,-7.747224754967091e-05,-4.96793230126213e-05,12.0
0.4484999999999999,1.4991457159174832,0.5933922284158621,1.4618271422503502,-0.11028572488051744,-0.05925098474509921,0.030416337206855725,0.015749606124037988,-0.0048332320440068344,-0.002690736787759735,0.0005949860101299016,0.00038184745868753635,-7.035343793301182e-05,-4.721155608797749e-05,12.0
0.4515,1.4726549509603937,0.5766706796026724,1.4704454908078033,-0.09617036100188016,-0.059682848005336187,0.026171323177656716,0.015520658088253423,-0.004086218811245938,-0.002577176044258529,0.0005033973545390207,0.0003579887914060631,-6.216428593614193e-05,-4.411027789223185e-05,12.0
0.4544999999999999,1.4440103994760223,0.5581234370189608,1.4798173916328168,-0.08075993448029141,-0.05987764514752083,0.021418945109392396,0.015185218530747708,-0.0032420917948135443,-0.0024346060190344886,0.00039996482385477384,0.0003287998281831688,-5.3032034929340056e-05,-4.030929747413899e-05,12.0
0.4575,1.413921413251713,0.538088006285199,1.4897295773837196,-0.0643910561657327,-0.05975419079484741,0.016244661609972778,0.014722979126791935,-0.0023149757009202614,-0.0022600908886884715,0.0002866077615028137,0.0002939373783010104,-4.319015485245777e-05,-3.576697912647485e-05,12.0
0.4604999999999999,1.3832896088669389,0.517053155168738,1.4998606410436721,-0.04750858827864526,-0.05924362878528746,0.010780425230238182,0.014118843287528682,-0.0013283383398278422,-0.0020523892503532446,0.00016646349844321451,0.00025341113851611523,-3.298206202562741e-05,-3.049098993663422e-05,12.0
0.4635,1.3530940285903628,0.4956181900879992,1.5098261574368916,-0.03062110863624432,-0.058309767513676745,0.0051957801958528475,0.013369434829368275,-0.0003138807401660116,-0.0018132001183055308,4.374101768862659e-05,0.00020777155633417682,-2.2837543610581014e-05,-2.456283235298052e-05,12.0
0.4664999999999999,1.3242577112358838,0.4744284080925439,1.5192436768353352,-0.014241591112256783,-0.056964104532799154,-0.0003208295181396213,0.01248805182517127,0.0006918533354418557,-0.0015479798333474044,-7.675514148507074e-05,0.00015820757182834233,-1.3215905159498923e-05,-1.8148958296315703e-05,12.0
0.46950000000000003,1.297534432886637,0.45410012506866837,1.5277946598300587,0.0011728669612469673,-0.05526838891114487,-0.00558670307671312,0.011505348359511882,0.001652543420967532,-0.0012657893276744874,-0.00019034422112819893,0.0001064744374534188,-4.528262160226144e-06,-1.1488370742086637e-05,12.0
0.4724999999999999,1.2734423610833643,0.43515251013602374,1.5352637896783952,0.015268142088064422,-0.05332311084433428,-0.010448568052736184,0.010464871351532878,0.0025373007936183873,-0.000978048464621496,-0.00029319647588283283,5.464697143519117e-05,2.9329674823488307e-06,-4.857436867351585e-06,12.0
0.47550000000000003,1.2522504083422843,0.41796086650636405,1.5415487142625763,0.02781798007253886,-0.05124670272422526,-0.014798727983644854,0.009415055444692835,0.0033243746264190062,-0.0006966078186585393,-0.00038281722773440363,4.779436346810404e-06,9.030549560639158e-06,1.4760296139982896e-06,12.0
0.4784999999999999,1.234005870518628,0.4027384112886272,1.5466459523178124,0.038725294263955455,-0.04915346811221767,-0.01858052726411039,0.008400724014729726,0.004002479789708058,-0.0004318353155492066,-0.00045816570056645236,-4.1408769823746186e-05,1.3775896109015418e-05,7.29328860514962e-06,12.0
0.48150000000000004,1.2185848745800185,0.3895448691254084,1.5506246458998205,0.04800492232328679,-0.047137052487598155,-0.02178413796859139,0.007456821295540936,0.004569917798328414,-0.00019130602354238042,-0.0005194562028313182,-8.273025951351196e-05,1.7290718377420713e-05,1.2448427268267233e-05,12.0
0.48449999999999993,1.2057488515136408,0.37831397137280925,1.553598679497794,0.05575597920376323,-0.0452624284172775,-0.024436272129336037,0.006605603320885884,0.005032339510645956,2.067379050861781e-05,-0.0005677891631808966,-0.00011858174772505721,1.9757445366099307e-05,1.687279164175477e-05,12.0
0.48750000000000004,1.1951959088345214,0.36888981495141054,1.5557032140739324,0.06213167638485521,-0.04356563142980433,-0.026587834328147993,0.005856977418681361,0.005400099279199558,0.00020282317741894434,-0.0006047607341383824,-0.00014887888212691055,2.13756968524801e-05,2.0564599980357184e-05,12.0
0.49049999999999994,1.1866017008911092,0.3610633600124272,1.557077554891806,0.0673122223536997,-0.042058483385927804,-0.028302487485422387,0.005210835548957288,0.005685874181144019,0.00035621489119040504,-0.0006321433497740677,-0.00017392653877401322,2.233296575143004e-05,2.3570963294630633e-05,12.0
0.49350000000000005,1.1796485030686223,0.3546034216116676,1.557853927174399,0.07148368770171228,-0.040735339196557745,-0.029647664017572566,0.0046601380751357955,0.005902860930593248,0.00048347034665589323,-0.0006516681646016354,-0.00019427410442425484,2.2789690187392347e-05,2.5968689103841236e-05,12.0
0.49649999999999994,1.1740435508335927,0.3492797122522281,1.558150919151749,0.07482348822471843,-0.03957970892743177,-0.03068839190395764,0.0041938511590235445,0.006063592815232743,0.0005880251330048821,-0.0006649008377615876,-0.00021058823981899018,2.2874903344347426e-05,2.7847843306145916e-05,12.0
0.49950000000000006,1.1695287460387882,0.34487787896721134,1.5580703324443803,0.07749176051134322,-0.03856964132771611,-0.031483624556933695,0.0037992820337705304,0.006179278400620097,0.0006735626946596081,-0.0006731865359161398,-0.00022355748945688698,2.2688019368959758e-05,2.9299689251575097e-05,12.0
0.5025,1.1658840525587848,0.3412078103807242,1.5576964150909158,0.07962730314198324,-0.037681559224053945,-0.03208449109266588,0.0034636990241511682,0.0062595206962114585,0.0007436340348706058,-0.0006776393994720631,-0.00023383013928660263,2.2303334370876615e-05,3.040901614720815e-05,12.0
0.5055000000000001,1.162926684310931,0.33810695337314567,1.5570966972162181,0.0813466849206896,-0.036892697472897036,-0.03253386426242943,0.0031753177591604498,0.006312284886345836,0.0008014374823831106,-0.0006791571697042757,-0.00024197991268139953,2.177516635967095e-05,3.125006376903943e-05,12.0
0.5085000000000002,1.1605077892180868,0.3354403039462101,1.5563238357210893,0.08274532650824047,-0.0361824735330728,-0.032866742178128315,0.002923808951863793,0.006344011614174424,0.0008497170657560097,-0.0006784479562390788,-0.0002484919151672942,2.114261270338743e-05,3.188502115911221e-05,12.0
0.5114999999999998,1.1585079049312736,0.33309841546988683,1.5554180053272844,0.08389965931965344,-0.03553313017422063,-0.03311107118103827,0.0027004843934628044,0.006359803428387085,0.0008907391975234619,-0.0006760611499650628,-0.0002537616948970223,2.0433547224450323e-05,3.236416415648589e-05,12.0
0.5145,1.1568320803501118,0.3309943935263987,1.5544094686124728,0.08486975040908512,-0.0349299228916665,-0.03328875749816599,0.0024982867337149644,0.006363637254286558,0.0009263157030654982,-0.0006724179093807447,-0.00025810182991433945,1.9667801212047113e-05,3.2726908086916804e-05,12.0
0.5175000000000001,1.1554052468734175,0.3290605190371151,1.5533210344085795,0.08570200958391466,-0.034361039867804755,-0.03341670903360123,0.0023116703364280894,0.006358574159064649,0.0009578509435582103,-0.000667838779321662,-0.0002617521632672073,1.8859601191066415e-05,3.30032766625697e-05,12.0
0.5205000000000002,1.1541681863728834,0.3272448935384951,1.5521701815813482,0.08643175715964699,-0.03381736837179845,-0.03350781465754391,0.0021364271744024966,0.006346950113966871,0.0009863991300534333,-0.0006625672598281384,-0.00026489125667248124,1.8019369035332222e-05,3.321547614368519e-05,12.0
0.5234999999999999,1.1530742702872587,0.32550832977780075,1.5509706879871688,0.08708553716166992,-0.03329216791637901,-0.033571811705310775,0.001969487370850625,0.006330539437632475,0.0010127240444416177,-0.0006567888693873731,-0.00026764769689095513,1.7154985031494277e-05,3.337940132809036e-05,12.0
0.5265,1.152087020707419,0.323821600446146,1.5497336680780651,0.08768312628136167,-0.0327806781395424,-0.03361601969379569,0.0018087087783121333,0.006310687651836785,0.0010373573067806192,-0.0006506456834585096,-0.0002701105839533229,1.6272601779514874e-05,3.350599046619163e-05,12.0
0.5295000000000001,1.1511784479884415,0.322163089435986,1.5484680001621978,0.08823922724617077,-0.032279677089833085,-0.03364593568338546,0.0016526630514649267,0.006288413918783209,0.0010606533617461902,-0.0006442466544083832,-0.0002723389215532787,1.5377091664775897e-05,3.360239915689914e-05,12.0
0.5325000000000002,1.1503280582682105,0.3205168490346924,1.5471801892108017,0.08876485657227506,-0.03178700270672308,-0.03366569717411854,0.0015004229421917193,0.006264485361830041,0.001082840340863562,-0.0006376742250687791,-0.00027436983792288505,1.4472206957424063e-05,3.367299238548344e-05,12.0
0.5354999999999999,1.1495223613589527,0.3188710433766914,1.5458737989484406,0.08926844744382278,-0.031301060555059226,-0.03367842609192458,0.0013513578279357812,0.006239467458376976,0.00110406590633644,-0.0006309879874708702,-0.00027622562186505685,1.3560540463566042e-05,3.372016552229662e-05,12.0
0.5385,1.1487533355790522,0.3172167432862223,1.5445504449246534,0.0897566964180073,-0.03082074718784165,-0.0336865536212791,0.0012050763948029562,0.006213786239636958,0.0011244162641966678,-0.0006242318737614901,-0.00027791754570604283,1.2643940389268088e-05,3.3744867933647723e-05,12.0
0.5415000000000001,1.148011935348753,0.31554701876669977,1.5432175405560487,0.0902351967857347,-0.03034691862834528,-0.03369237832891128,0.001061878981011199,0.006187892604917512,0.0011438516506973857,-0.0006174610982418858,-0.0002794411446503687,1.172596625398312e-05,3.37464821333052e-05,12.0
0.5445000000000002,1.1472755729905744,0.31385626669023037,1.541904183630807,0.09070890822772974,-0.029885682346435793,-0.033698948940848954,0.000923796017521344,0.006162555329670253,0.0011620487882839556,-0.000610792861171603,-0.0002807623866404171,1.0816676987739979e-05,3.37220569697316e-05,12.0
0.5474999999999999,1.1464991430983502,0.3121397539683067,1.540672310234453,0.09118247552139126,-0.02945065122731816,-0.033710702918214465,0.0007952738803266058,0.006139067295455816,0.001178301447218698,-0.0006044408627765555,-0.0002818096097655324,9.935706562588875e-06,3.36659426373599e-05,12.0
0.5505,1.145624816277606,0.31039343859673396,1.5396026817255803,0.09166033861718348,-0.029059671651332684,-0.03373289896972726,0.0006820751332670465,0.006119018555813283,0.0011917030089510236,-0.0005986716858497369,-0.00028249245134887604,9.107669577545874e-06,3.357124483303908e-05,12.0
0.5535000000000001,1.144612795961846,0.3086141467212237,1.5387527502057188,0.09214656197035964,-0.02872542659872906,-0.0337696448381618,0.0005882432910460331,0.0061035821833916905,0.001201627543242146,-0.000593675822317919,-0.000282748606648979,8.349558425061511e-06,3.3433096416534766e-05,12.0
0.5565000000000002,1.1434730803635509,0.3068000680674373,1.538113059608103,0.09264440861230044,-0.02844581249722467,-0.03382171729263481,0.0005130457475081015,0.006092759034746369,0.0012082059879220217,-0.0005894352474490097,-0.00028258938502111875,7.658314949768417e-06,3.325181462317967e-05,12.0
0.5594999999999999,1.1422722906554184,0.3049513902146954,1.5375968838249758,0.09315580738307308,-0.02820168707822022,-0.03388583190773923,0.00045029597436045763,0.006085169331554689,0.001212427211963733,-0.0005856915504751796,-0.00028210970628577363,7.008411059339019e-06,3.303374094849766e-05,12.0
0.5625,1.1411083403446138,0.30307086225814733,1.5370730362505496,0.09368088985136934,-0.027964091094744372,-0.033955936262351646,0.00039068691718006584,0.006078571634178991,0.0012157716794516408,-0.0005820437623198176,-0.00028145423814863687,6.361803453959089e-06,3.2789214114326333e-05,12.0
0.5655000000000001,1.1400701127449573,0.3011641414981804,1.5364192730389687,0.09421771361298154,-0.027705926265801088,-0.034025577170779954,0.00032552558932119055,0.006070745907373288,0.0012196293712493707,-0.0005781086701231776,-0.0002807629449056348,5.6835333039914335e-06,3.252909369390746e-05,12.0
0.5684999999999998,1.1392068592649829,0.29923984801383585,1.5355632691967889,0.09476221589203856,-0.02741085092846037,-0.03408983718408811,0.0002495650670933544,0.006060191405477079,0.001224859546155017,-0.0005736449212303401,-0.00028012940035440815,4.95347489771609e-06,3.2261963611732415e-05,12.0
0.5714999999999999,1.138520399304054,0.2973093085965388,1.5344933446917257,0.09530838893946743,-0.027075545675437546,-0.03414597302776107,0.00016170693736167695,0.006046331556511511,0.001231683558332887,-0.0005685866047743217,-0.00027959020229008326,4.169142450382903e-06,3.1993284794757686e-05,12.0
0.5745,1.1379767254980993,0.29538600446816926,1.5332432591112453,0.09584864753376598,-0.026706356460681972,-0.03419289588537151,6.39034048688602e-05,0.006029286920047252,0.0012398584611062508,-0.000562998585971852,-0.00027914083060113696,3.3409196105053164e-06,3.172626799307793e-05,12.0
0.5775000000000001,1.1375251636864465,0.29348473721994084,1.5318670220972186,0.09637436931352344,-0.026313830767506048,-0.03423019999453371,-4.060017565411133e-05,0.006009479958085342,0.0012489505439836884,-0.0005570019462229368,-0.0002787606438903957,2.4845109940803283e-06,3.1463325890199246e-05,12.0
0.5804999999999998,1.1371147349085442,0.2916205297259235,1.5304177562517685,0.09687659761278014,-0.025908203075374506,-0.03425739179974788,-0.0001486943706557068,0.005987309918478447,0.0012585526525594002,-0.0005507125133945884,-0.0002784319294737408,1.6147828204708677e-06,3.120706887781947e-05,12.0
0.5834999999999999,1.1367034009820145,0.28980732438358076,1.5289364043722014,0.09734687044959457,-0.025497062007349764,-0.03427359666694856,-0.00025811738641531574,0.005962997470448196,0.0012683855030808343,-0.0005442100227540393,-0.0002781473798824598,7.426175777681531e-07,3.096046385154862e-05,12.0
0.5865,1.1362609268201098,0.28805661857862275,1.5274491041924487,0.09777808619643934,-0.02508490756809223,-0.03427767733204853,-0.0003675564649876906,0.005936577170210512,0.0012783024413255493,-0.0005375337608884204,-0.0002779082080692298,-1.2567866968131123e-07,3.0726342557001045e-05,12.0
0.5895000000000001,1.1357680793052445,0.28637623889119374,1.5259692987082347,0.0981652718595971,-0.0246737135861475,-0.03426854649715352,-0.0004764335338676469,0.005907965518122757,0.00128824627949461,-0.0005306920172667235,-0.0002777179741266946,-9.876374829219978e-07,3.0506660969022823e-05,12.0
0.5924999999999998,1.1352145400426534,0.284769462980508,1.524501130646945,0.09850611224860994,-0.024263725526188218,-0.034245468622435875,-0.000584626764090614,0.005877039340764314,0.0012981991692321802,-0.0005236742655333273,-0.0002775763857270136,-1.8435754238688528e-06,3.0301855177590502e-05,12.0
0.5954999999999999,1.1345967735642057,0.28323464230483875,1.5230422850256513,0.09880113442671484,-0.023854085659861864,-0.034208230173572864,-0.0006922594063580011,0.005843688191920374,0.0013081467421875632,-0.0005164601527891087,-0.00027747531069654906,-2.695743058593658e-06,3.011048445997317e-05,12.0
0.5985,1.1339161832275755,0.28176537554246517,1.5215857910513266,0.09905351075913266,-0.02344318011428437,-0.03415714267225668,-0.0007995882395683871,0.005807830703497907,0.001318061554721626,-0.000509023742700775,-0.0002773975292861152,-3.547798521691398e-06,2.9929208708067905e-05,12.0
0.6015000000000001,1.1331774812458513,0.2803511618838406,1.5201209735536372,0.09926852486506041,-0.02302875842326414,-0.03409290108122471,-0.000906972821633748,0.005769400247284042,0.0013279022726381713,-0.0005013337889388796,-0.0002773177628887806,-4.404542474748242e-06,2.9753049718380276e-05,12.0
0.6044999999999998,1.1323871543367166,0.27897835980872865,1.5186339163664844,0.09945281447241187,-0.02260792035017072,-0.03401635026932147,-0.0010148917059976206,0.005728311429153624,0.0013376221773622047,-0.0004933515581886456,-0.00027720509928738646,-5.2718108330587204e-06,2.9575831896067976e-05,12.0
0.6074999999999999,1.1315519987665141,0.27763121959293807,1.517107738405548,0.09961354431258615,-0.022177055055894446,-0.03392822126590057,-0.0011239743705756607,0.005684419611265445,0.0013471806829408756,-0.0004850276571010375,-0.0002770258623609036,-6.156443428811198e-06,2.9390678868132676e-05,12.0
0.6105,1.1306777837160429,0.27629276161225974,1.5155228663212563,0.09975766113121215,-0.021731792081461185,-0.033828892624213736,-0.0012350259995909409,0.005637483548781156,0.001356552883492176,-0.0004762989629682212,-0.00027674610330145503,-7.066279246084435e-06,2.9190452125380927e-05,12.0
0.6135000000000002,1.1297681318490191,0.27494533404893345,1.5138573839445242,0.09989134426398183,-0.02126699699851803,-0.03371821502088245,-0.001349031794027027,0.005587137726578895,0.0013657339814635112,-0.0004670863369236464,-0.00027633314948396104,-8.01015299517937e-06,2.896805032973635e-05,12.0
0.6164999999999998,1.128823689593758,0.2735707823955862,1.5120874585949675,0.10001970270194598,-0.020776820352492457,-0.033595414240288085,-0.0014671368178916949,0.005532876948433521,0.0013747374664060342,-0.00045729339259480156,-0.00027575597922208485,-8.997881359043118e-06,2.8716534498599295e-05,12.0
0.6194999999999999,1.1278416224211107,0.2721502688885044,1.5101877864858857,0.1001467030204262,-0.020254788380316045,-0.033459065085716604,-0.0015906055072945344,0.005474052051295354,0.0013835877980760034,-0.0004468062624858341,-0.0002749845233147614,-1.0040232104447296e-05,2.8429092801113255e-05,12.0
0.6225,1.126815431836526,0.2706638629076281,1.5081319701880245,0.1002752612912474,-0.019693911362329196,-0.03330711268865988,-0.0017207703359824024,0.0054098732224783005,0.0013923096920571217,-0.00043549412047791673,-0.0002739882480844185,-1.1148866311550083e-05,2.809889681308816e-05,12.0
0.6255000000000002,1.12573505892653,0.2690900640140107,1.5058927508902782,0.10040740865427056,-0.019086784123914978,-0.033136912317079964,-0.0018589803041547958,0.00533941694731555,0.0014009165831310449,-0.0004232102365047837,-0.00027273449152269717,-1.2336233574052862e-05,2.771892030593464e-05,12.0
0.6284999999999998,1.124587214814964,0.2674054140710048,1.5034420701277016,0.10054444686221418,-0.018425664259385795,-0.03294526472189691,-0.0020065565727135012,0.005261634165966719,0.0014094003866631456,-0.00040979355524440583,-0.00027118699233322165,-1.3615384198349293e-05,2.7281790221310718e-05,12.0
0.6315,1.123355861679072,0.26558431523201004,1.50075101684524,0.10068703946289527,-0.017702533741356836,-0.03272843818207232,-0.002164756029283045,0.005175360124929372,0.0014177235616973812,-0.00039507112395826795,-0.0002693049103419,-1.4999646497116483e-05,2.6779722355888642e-05,12.0
0.6345000000000001,1.1220227651826815,0.26359911640047157,1.4977897958309425,0.10083522344792874,-0.016909170956732764,-0.03248218507696349,-0.0023347366253980554,0.005079329501940947,0.0014258132311709005,-0.0003788620017319209,-0.0002670424595948086,-1.6502109671188874e-05,2.6204570435052013e-05,12.0
0.6375000000000002,1.1205680648613314,0.2614204817318206,1.4945278904340469,0.10098836220268265,-0.016037272510455655,-0.03220177383377052,-0.002517514428767388,0.004972202325939367,0.0014335563469226578,-0.00036098339666212757,-0.0002643491415502352,-1.8134863012886095e-05,2.5547995819960154e-05,12.0
0.6404999999999998,1.118970880258998,0.2590180235549725,1.4909345464216002,0.10114508442635203,-0.01507865793585559,-0.031882061648836925,-0.0027139043559786863,0.004852605950722278,0.0014407950584430613,-0.000341259571622607,-0.00026117052924014815,-1.990797634068476e-05,2.4801752080291353e-05,12.0
0.6435,1.1172100866899415,0.25636117277299125,1.4869795663066374,0.1013032612080427,-0.014025563387624115,-0.03151762769603654,-0.0029244448846493984,0.004719195623554019,0.0014473225830200494,-0.00031953352970586515,-0.0002574496185698447,-2.1828260600341367e-05,2.3958075429619887e-05,12.0
0.6465000000000001,1.1152655065713435,0.25342027033342307,1.4826342336484606,0.10146006371695208,-0.012870994471419364,-0.031102973239383602,-0.0031493177122813394,0.004570732071287054,0.00145288135706908,-0.0002956808339499052,-0.0002531288730037651,-2.389790225513597e-05,2.301017542205273e-05,12.0
0.6495000000000002,1.1131197573713525,0.2501678885002071,1.4778721288081615,0.10161211788054403,-0.011609092830798967,-0.030632781756252413,-0.003388277743006229,0.004406171464251361,0.001457165853140618,-0.0002696245197250639,-0.00024815313795805224,-2.611309122614221e-05,2.1952823925785446e-05,12.0
0.6524999999999999,1.1107648010801436,0.24658044275844065,1.4726644541172706,0.10175571708884534,-0.010234418358774535,-0.030101951121830558,-0.003640892460089576,0.004224682758603792,0.0014598704979737697,-0.00024133897416236724,-0.00024247687966719958,-2.8463389230146467e-05,2.0783288865084678e-05,12.0
0.6555,1.1082014451246025,0.24264015149799423,1.4669852153227023,0.10188703036194598,-0.00874327364862647,-0.02950614841868282,-0.003906233170917756,0.004025820000065207,0.0014606664733929887,-0.00021087548055925598,-0.00023606580304846517,-3.092985491557865e-05,1.9501902576387407e-05,12.0
0.6585000000000001,1.105192325742747,0.23833586195871392,1.4611416774644104,0.10200338058518732,-0.0072002300318715195,-0.028859255331949545,-0.004165633783030111,0.003814382573389686,0.0014569694915711033,-0.0001789984519477645,-0.0002287089638575482,-3.345516907182073e-05,1.809723221943576e-05,12.0
0.6615000000000002,1.1013190199668905,0.23366206519558858,1.4557052471613223,0.10210604670092469,-0.005722453447064522,-0.028191079223556514,-0.004388256512868242,0.0035991027481446186,0.0014447786019655478,-0.00014690881535657822,-0.0002200813123866627,-3.597270778911578e-05,1.6546667495511426e-05,12.0
0.6644999999999999,1.0965210848554316,0.22862398723286767,1.4508075489760848,0.10219844544450295,-0.004338603478977263,-0.027511236774210364,-0.004567779602751219,0.0033825606228682715,0.0014234391679751976,-0.00011492901462527184,-0.0002101447356364475,-3.846566222046634e-05,1.4847771415042349e-05,12.0
0.6675,1.09129874989118,0.22324768567164407,1.4458703525776437,0.10227986680355344,-0.0029385824400664424,-0.02679347796436497,-0.004733176464762836,0.003158038502195191,0.0013969378647786946,-8.228286312667481e-05,-0.0001992900685885239,-4.094681187534853e-05,1.303911260279337e-05,12.0
0.6705000000000001,1.0862950194958307,0.21758416512146506,1.4401476666793103,0.10234281327159689,-0.0013841754729013796,-0.02600238631071227,-0.004919156103124526,0.002917594969610967,0.0013701031503806863,-4.823031142280918e-05,-0.00018804885403523417,-4.339595120241874e-05,1.1184155046454023e-05,12.0
0.6735000000000002,1.0818578216296846,0.21170452537486967,1.433304122059415,0.10237637761813016,0.00037801246735675204,-0.025123890080354,-0.005138270814059696,0.002659811339241409,0.0013450724364796544,-1.2939526602874179e-05,-0.00017677699904128236,-4.574459505757056e-05,9.340138703330922e-06,12.0
0.6764999999999999,1.077990373446108,0.20569149202453954,1.4254850234479983,0.10237143196900535,0.0023065458132372476,-0.024170425992472537,-0.005380097357704308,0.002390099696159261,0.001321215585975885,2.2647559615161585e-05,-0.0001656060806502845,-4.7909938734847774e-05,7.5438644530520176e-06,12.0
0.6795,1.0745422938452898,0.19963253509004522,1.4170605231262217,0.10232346394374502,0.0043178845269318524,-0.023168528112786097,-0.005625627372873679,0.0021167185366325744,0.0012969746748497817,5.739391449307807e-05,-0.00015457498587044332,-4.982859017519734e-05,5.817501999672267e-06,12.0
0.6825000000000001,1.0713774776391052,0.1936154120258073,1.4083938951103299,0.10223253298393745,0.006332242215439426,-0.022146474884468914,-0.005858700595349356,0.0018474519275017516,0.001271267345558823,9.035956238150273e-05,-0.00014374322209018345,-5.146618983449728e-05,4.178358005227845e-06,12.0
0.6855000000000002,1.0684303916118205,0.18772428772633418,1.3997554863763186,0.1021020873897308,0.00829009723144394,-0.021128867094553083,-0.006069408572109556,0.001588416094915642,0.0012438276752242228,0.0001208981768016244,-0.0001332178173491135,-5.281208056097876e-05,2.642845134954534e-06,12.0
0.6884999999999999,1.0656921168578524,0.18203545326784246,1.3913295675430921,0.10193788707703158,0.0101506758295281,-0.020135968702560358,-0.006252991148476857,0.0013441053249349337,0.0012149769946907696,0.00014861456813234286,-0.00012312991020199728,-5.3872125216975184e-05,1.225542914535998e-06,12.0
0.6915,1.0631807030458464,0.1766131714216511,1.3832428470562639,0.10174720889469535,0.011886423119618074,-0.019184323116971855,-0.006407929487982581,0.001117700714898516,0.0011853146615593705,0.00017330549152924415,-0.00011360429553452215,-5.466376057515392e-05,-6.292434568166873e-08,12.0
0.6945000000000001,1.0609199080165526,0.17150658554839668,1.3755839876822142,0.10153813935861515,0.013479219375798365,-0.01828708867952695,-0.006534610824664782,0.0009112825386106834,0.001155504607026471,0.0001949171881965302,-0.0001047393490343767,-5.521238259594452e-05,-1.2171578636280916e-06,12.0
0.6974999999999998,1.0589285359252327,0.1667483110554545,1.3684121878254474,0.10131882685989686,0.014918577423849465,-0.017454003669778364,-0.006634575674860675,0.0007259521525627449,0.0011261582912787677,0.00021351425031956847,-9.65983669504072e-05,-5.554805074037393e-05,-2.23708039051567e-06,12.0
0.7004999999999999,1.0572162872994408,0.16235485951325632,1.361760648473779,0.10109668773899425,0.016200681346653447,-0.01669129274682743,-0.0067100748602181605,0.0005619380595064168,0.0010977790667256525,0.000229251904744685,-8.920899128019427e-05,-5.570245244077431e-05,-3.127198573136173e-06,12.0
0.7035,1.0557827299297606,0.15832864381925324,1.3556392318036363,0.10087763165936756,0.017327486945486085,-0.016001733580307567,-0.006763763889433858,0.0004187239070274213,0.0010707433202071345,0.00024234952295329825,-8.256761154826649e-05,-5.5706448004423644e-05,-3.895439881420378e-06,12.0
0.7065000000000001,1.0546176938644858,0.15466103832545242,1.3500379365475086,0.10066540251588399,0.018305634454246614,-0.01538494396739934,-0.006798471355222,0.00029519966050894377,0.0010453046310347138,0.0002530663964248946,-7.664641054935689e-05,-5.558841127321497e-05,-4.551878403254881e-06,12.0
0.7094999999999998,1.053702412409686,0.15133584644387912,1.3449312378579752,0.1004611366739524,0.019145215283561997,-0.014837854687372875,-0.006817024637496023,0.0001898220113723684,0.001021611534060479,0.00026168119547221696,-7.140123618659183e-05,-5.5373357957821966e-05,-5.1075645969457774e-06,12.0
0.7124999999999999,1.0530111538129925,0.14833256254549737,1.3402827490680638,0.1002632220079173,0.01985852825257259,-0.01435529823327233,-0.006822125257974742,0.0001007690180274535,0.0009997309404949255,0.00026847575595726007,-6.677889488295671e-05,-5.508269385726834e-05,-5.5735915677949064e-06,12.0
0.7155,1.0525132194800146,0.14562897628679955,1.3360495982789473,0.10006749783069498,0.020458954758483208,-0.013930641333909697,-0.00681626427962181,2.6078306786596876e-05,0.000979670760124065,0.0002737230239601566,-6.272292814278488e-05,-5.473435574402565e-05,-5.9604590425905e-06,12.0
0.7185000000000001,1.0521751924874396,0.14320290017080015,1.3321860736124647,0.09986777364233662,0.020960038954405538,-0.013556400220267118,-0.006801667165839625,-3.623696649055255e-05,0.0009613975764424447,0.00027767853324337617,-5.917745527552754e-05,-5.434313693309181e-05,-6.277734034626109e-06,12.0
0.7214999999999998,1.051963275509778,0.1410330367779331,1.3286463214633983,0.09965658008394158,0.02137480966141388,-0.013224792121363448,-0.00678025991471093,-8.809656487384185e-05,0.0009448479531949885,0.00028057470034542213,-5.608916050835157e-05,-5.392105158958175e-05,-6.533957889327816e-06,12.0
0.7244999999999999,1.0518455017153134,0.1390991775401559,1.3253861008130956,0.09942602061463064,0.02171533972398045,-0.01292819151094967,-0.006753652406373292,-0.00013128590742372527,0.000929934335856736,0.0002826173468944681,-5.340787183295521e-05,-5.3477663718710874e-05,-6.7367189875799835e-06,12.0
0.7275,1.0517935722021705,0.13738200026683417,1.3223637619018784,0.09916858525006632,0.02199251049761459,-0.012659475429823356,-0.006723138176345826,-0.00016741143533636845,0.0009165479040373811,0.00028398403024736753,-5.108634769143166e-05,-5.302036555514894e-05,-6.892803541642074e-06,12.0
0.7305000000000001,1.0517840950662949,0.13586270485569232,1.3195407127804077,0.09887782187865247,0.02221593347233471,-0.012412258879432791,-0.0066897105140680735,-0.00019787564268341804,0.0009045608661818223,0.00028482387257207907,-4.9079840099837077e-05,-5.255462488244596e-05,-7.008353138503104e-06,12.0
0.7334999999999998,1.0517990797845485,0.13452263217578794,1.3168816597400408,0.09854882073764092,0.022393975467147463,-0.012181036470414125,-0.006654092892360569,-0.00022386768461773668,0.0008938298060247324,0.0002852586007663203,-4.734579740514845e-05,-5.208423134301922e-05,-7.088988832041301e-06,12.0
0.7364999999999999,1.051825661541944,0.13334291120190545,1.3143548583683875,0.09817852455565323,0.022533837485695873,-0.011961255497074892,-0.006616779016608786,-0.0002463649540838579,0.0008842004396737567,0.00028538448774263026,-4.584382264924713e-05,-5.161156405118742e-05,-7.139893408431203e-06,12.0
0.7395,1.0518551683715232,0.1323041298690712,1.3119324947211721,0.09776590337411876,0.022641650858170343,-0.011749344073202663,-0.006578076676980653,-0.00026614159239975047,0.0008755132569724049,0.00028527488148851176,-4.4535835241884086e-05,-5.1137884608789196e-05,-7.165861858267064e-06,12.0
0.7425000000000002,1.0518817731928578,0.13138604446474667,1.3095911502288788,0.09731202059503077,0.02272257675050919,-0.011542705910073123,-0.006538151457284982,-0.00028378159796829666,0.0008676094021116525,0.0002849830545264911,-4.338635339805909e-05,-5.066363820378673e-05,-7.1713293489849685e-06,12.0
0.7454999999999998,1.0519010647440954,0.1305674006367327,1.3073121414979838,0.09681998208214745,0.022780919728563824,-0.011339677137603277,-0.006497070179747372,-0.0002996962926935982,0.0008603366167175887,0.0002845451869068671,-4.2362884511533446e-05,-5.018872803266199e-05,-7.160373062230635e-06,12.0
0.7484999999999999,1.051908890533404,0.12982597874582444,1.3050814490339164,0.09629473416286241,0.02282027990506824,-0.011139430620769239,-0.006454846688937561,-0.00031414720116034654,0.0008535555087251152,0.00028398336736807603,-4.143647506605759e-05,-4.9712722894017224e-05,-7.1366745923567906e-06,12.0
0.7515000000000001,1.051900735711953,0.1291389549081366,1.3028890302901603,0.09574268204476888,0.022843758813305543,-0.010941817436693589,-0.0064114912784808235,-0.00032727500714408125,0.000847146259131861,0.0002833085315133209,-4.0582440955581076e-05,-4.923497138599817e-05,-7.103435864497825e-06,12.0
0.7545000000000002,1.051871697628542,0.1284835899825085,1.3007275577111572,0.09517113620347152,0.022854200040157948,-0.010747153108424817,-0.006367059460117955,-0.0003391333017053988,0.0008410150855485806,0.00028252326295284344,-3.978117034060646e-05,-4.8754628850368474e-05,-7.0632636661021275e-06,12.0
0.7574999999999998,1.0518168584569587,0.12783816240569887,1.298590929486529,0.09458763983972786,0.022854403135821644,-0.010555978355733794,-0.0063216890589169435,-0.00034972349330357396,0.0008350988557296686,0.0002816243913965207,-3.90187479323487e-05,-4.8270642549589745e-05,-7.018062835616506e-06,12.0
0.7605,1.0517316906824934,0.1271829862138558,1.2964730768166541,0.09399926521723717,0.02284722938533948,-0.01036883726773547,-0.006275611930502812,-0.00035902602344064355,0.0008293658801329008,0.0002806053320790381,-3.828709414734705e-05,-4.7781761366372586e-05,-6.968989007478648e-06,12.0
0.7635000000000001,1.0516122123088147,0.12650131508499335,1.2943674503030984,0.09341198406338547,0.02283554988975956,-0.01018611045882684,-0.006229131981630761,-0.00036702386264073886,0.0008238115430271938,0.0002794580870632887,-3.758339785973401e-05,-4.728661308105361e-05,-6.916498312500047e-06,12.0
0.7665000000000002,1.0514549763593781,0.12577992889403877,1.2922670798580898,0.09283021603062125,0.022822073161553706,-0.010007916475371813,-0.0061825746980588014,-0.00037371700703146745,0.0008184490425296028,0.00027817474856200764,-3.690883751910942e-05,-4.678382192639072e-05,-6.860494485826949e-06,12.0
0.7694999999999999,1.0512571410655223,0.1250092526152014,1.2901648544781699,0.0922566283922602,0.02280913157356703,-0.009834077506564275,-0.006136220874411026,-0.00037912844856546917,0.0008132966547273683,0.0002767483335907225,-3.6266752520744335e-05,-4.627210699155373e-05,-6.800547770184797e-06,12.0
0.7725,1.0510645223500916,0.1241830666698869,1.287995239430975,0.09169214552275953,0.022808365210607938,-0.009661455918417496,-0.006091693127565401,-0.0003835841286100554,0.0008085280390876754,0.00027516155317435545,-3.568107638723503e-05,-4.5742254228951926e-05,-6.7324425828860225e-06,12.0
0.7755000000000001,1.0507876223171666,0.1232977081391542,1.2858598161098584,0.09113622221840254,0.022802531684136818,-0.00949432984867201,-0.006046292845883147,-0.00038661894875838585,0.0008038289363442274,0.000273429804567827,-3.511579178495887e-05,-4.520820612130811e-05,-6.662619794782697e-06,12.0
0.7785000000000002,1.0483923569005096,0.1223484162781723,1.2862404845308888,0.09058880648491206,0.02237357929899138,-0.00944437864883925,-0.005938185285697906,-0.00037670182973824237,0.0007921323187756519,0.0002720291068762231,-3.370110360653525e-05,-4.5007797564073254e-05,-6.747688127415543e-06,12.0
0.7814999999999999,1.045442991492242,0.12133060730313912,1.2872327308255174,0.09004979668494054,0.021841614655003273,-0.009423763446458061,-0.00581323492654318,-0.00036299515065722277,0.0007784455623897394,0.00027057389307652373,-3.2060634881570704e-05,-4.4877992580567107e-05,-6.872510658664441e-06,12.0
0.7845,1.0434799002802182,0.120250395809129,1.2869380806109214,0.08951198526111628,0.02152249642282553,-0.009345703707784597,-0.005718254032110355,-0.0003544952669387951,0.0007681533764703974,0.00026871148889465364,-3.086553729970686e-05,-4.4561194264380247e-05,-6.916084135332901e-06,12.0
0.7875000000000001,1.0424616406408687,0.11911575892869092,1.2853934851053026,0.08896596180381541,0.021405181987283316,-0.009211072273706345,-0.005651643822348613,-0.00035098665933471976,0.000761154203324229,0.0002664534495859234,-3.010932476703861e-05,-4.4064543708000264e-05,-6.879447941348477e-06,12.0
0.7905000000000002,1.0418789779745272,0.11793266006739385,1.2832165952989436,0.08840241862835804,0.02138103753281812,-0.009046476869770767,-0.005596488172405387,-0.0003495050227112574,0.0007554934650175235,0.0002639005553142579,-2.9557303555992468e-05,-4.34725821022098e-05,-6.803296578457817e-06,12.0
0.7934999999999999,1.041419275050441,0.11670467735395676,1.2807810398579889,0.08781200971106616,0.021382213821510534,-0.008867276316251305,-0.005541740001202477,-0.00034826827901967476,0.0007498533998944484,0.00026110061853251286,-2.9055253713721692e-05,-4.283527387032728e-05,-6.713408821808754e-06,12.0
0.7965,1.04097112184555,0.11543274917912848,1.2782059772614105,0.08718496286767978,0.02138314087622108,-0.008677376979118932,-0.00548265206254618,-0.00034666924837677604,0.0007436454747003966,0.00025804946313656745,-2.854048946079565e-05,-4.216746609122815e-05,-6.619146118930783e-06,12.0
0.7995000000000001,1.040506253187523,0.11411397416132676,1.2754995328843004,0.08651122635999568,0.02137644258459618,-0.008475844054184903,-0.00541715762041908,-0.0003445515560909752,0.0007366025463624886,0.0002547148682081729,-2.7991219837605497e-05,-4.1468598469013425e-05,-6.522605316193635e-06,12.0
0.8025000000000002,1.0400171602384907,0.11274066734217578,1.2726344968610281,0.0857805193183098,0.021360193454346196,-0.008260348969725797,-0.005343932359714831,-0.00034183543410005313,0.0007285561618957662,0.0002510488028003804,-2.7399146214896574e-05,-4.073295356325305e-05,-6.423512950499424e-06,12.0
0.8054999999999999,1.039497782804307,0.11130030981973241,1.2695718648231524,0.08498194841781512,0.02133374445532064,-0.00802817509072221,-0.005261737746152545,-0.0003384062113259681,0.0007193607385434984,0.0002469917930873721,-2.676028063694636e-05,-3.9952915787552365e-05,-6.3208175842460274e-06,12.0
0.8085,1.0389399492723996,0.10977634017156847,1.2662659509146488,0.08410324502450098,0.021296475544401717,-0.007776330558820203,-0.005169196627088378,-0.00033409835266891226,0.0007088676052516121,0.00024247523398172595,-2.607188663466849e-05,-3.911987353761144e-05,-6.213158749902694e-06,12.0
0.8115000000000001,1.0383340730427884,0.10814942284149955,1.262664970928252,0.08312985575004207,0.021247245408947825,-0.007501440223325419,-0.005064675936223685,-0.0003287041584026161,0.0006969121273646395,0.0002374237641454845,-2.533094922907966e-05,-3.8224623046902094e-05,-6.099069780516992e-06,12.0
0.8144999999999998,1.0376707030659198,0.10639875743089913,1.2587109132051644,0.08204416757891612,0.021184023424543754,-0.0071996420775550934,-0.004946213282400556,-0.000321983887245337,0.0006833076986067785,0.00023175808056321966,-2.4533327241933157e-05,-3.7257764282801996e-05,-5.9771117713983955e-06,12.0
0.8174999999999999,1.0369419001553686,0.10450308868093725,1.2543396613263056,0.08082511260357153,0.0211036543890535,-0.006866577142475964,-0.004811492734590243,-0.00031366882913456295,0.0006678480270048616,0.00022539820950877174,-2.367365410199226e-05,-3.621020212071349e-05,-5.845964654605644e-06,12.0
0.8205,1.0361420334664853,0.10244124498487366,1.2494817255137685,0.07944832489602881,0.021001781096488096,-0.006497517821455858,-0.004657882825316024,-0.0003034541417738423,0.0006503194240748992,0.00021826732171896697,-2.2746074716702818e-05,-3.5073788934258364e-05,-5.704480872281821e-06,12.0
0.8235000000000001,1.0352678271236948,0.10019219232515042,1.2440638223393699,0.07788695089992868,0.02087294318214598,-0.006087656456049644,-0.004482545173466235,-0.00029098146654009914,0.0006305236131096539,0.00021029629125219186,-2.1745766693619402e-05,-3.3842124210154734e-05,-5.551713839119953e-06,12.0
0.8264999999999998,1.0343176608893876,0.09773472477793049,1.2380114996147507,0.07611314849223183,0.02071085263085357,-0.005632555356770404,-0.004282615526457094,-0.00027581412944167866,0.000608310138447504,0.00020142923632425285,-2.0671053764688572e-05,-3.251150447755413e-05,-5.386939121834253e-06,12.0
0.8294999999999999,1.0332903302402678,0.09504704779632149,1.2312529403954466,0.07410023049505331,0.020508824028714324,-0.005128734982647801,-0.004055450390947819,-0.0002574106658556717,0.0005836156860531035,0.00019163021912822181,-1.952577333011917e-05,-3.1081981278281094e-05,-5.209688831794967e-06,12.0
0.8325,1.0321836971472045,0.09210664607958746,1.2237239738532009,0.07182530936501758,0.020260311921829994,-0.0045743471561959775,-0.003798921457215615,-0.00023510536676820803,0.0005565054778527555,0.0001808910967159982,-1.8321407626837418e-05,-2.9558436412367043e-05,-5.01981966600791e-06,12.0
0.8355000000000001,1.0309938261635492,0.08889090369997517,1.2153741759206038,0.06927220205218255,0.01995948733690817,-0.003969850984829499,-0.0035117290833559713,-0.00020810662554107218,0.000527209860691739,0.00016924017011748515,-1.7078385418988874e-05,-2.7951528366191366e-05,-4.817629438202551e-06,12.0
0.8384999999999998,1.0297151816273693,0.08537887467913892,1.2061737705748958,0.06643429010232545,0.01960178306952248,-0.0033185891609719648,-0.0031936988850342256,-0.00017552382234946553,0.0004961480816998856,0.00015675076204036377,-1.582599515755103e-05,-2.6278313801736398e-05,-4.604021729840314e-06,12.0
0.8414999999999999,1.028342196750153,0.08155434691121735,1.1961208450811822,0.06331701468262932,0.019184357517377966,-0.0026271572196403877,-0.0028460240921206396,-0.00013643044370851879,0.0004639316734733657,0.00014354823319670897,-1.4600575426001742e-05,-2.4562322135355852e-05,-4.380693640072395e-06,12.0
0.8445,1.026872063080433,0.0774099503205595,1.1852481669483832,0.05993970432990557,0.01870645948139126,-0.0019054690314537527,-0.0024714198286555702,-8.996499029613812e-05,0.0004313420401707949,0.0001298134033898763,-1.3442040025757107e-05,-2.2832883265701486e-05,-4.150295221944442e-06,12.0
0.8475000000000001,1.0253080924455433,0.07295165415814933,1.1736286455115894,0.05633645805706517,0.018169702231115265,-0.0011664473457088063,-0.002074161390466687,-3.5462621581845965e-05,0.00039928052207291757,0.00011578014442010751,-1.2389254982039892e-05,-2.1123598317226436e-05,-3.9164936136996316e-06,12.0
0.8504999999999998,1.023662672376367,0.06820271478901223,1.1613782805261161,0.05255583134472576,0.01757825641310456,-0.00042531025676848997,-0.00165998550334762,2.7399319753773673e-05,0.0003686939722227842,0.00010172533651886543,-1.1475171368358126e-05,-1.9470004375305417e-05,-3.6838818317452974e-06,12.0
0.8534999999999999,1.0219588281089695,0.06320606547900709,1.148655397956483,0.04865912731290399,0.01693894569464908,0.0003015141137099134,-0.0012358429407642183,9.846772180561024e-05,0.0003404841010619283,8.795058934756205e-05,-1.0722793714584146e-05,-1.7906688494622917e-05,-3.4577050327266645e-06,12.0
0.8565,1.0202297602719654,0.058024307800979516,1.1356552235694637,0.044717227993630086,0.016261192348771904,0.0009977348173037881,-0.0008095059751816654,0.00017702299425864535,0.00031541359550783435,7.475702644448763e-05,-1.0142936854910787e-05,-1.6464291421023093e-05,-3.2434272938029635e-06,12.0
0.8595000000000002,1.0185163281435743,0.05273684399604075,1.1225994818879805,0.04080613225135814,0.015556737511034468,0.0016486202390990174,-0.0003890564209907944,0.00026175996774027444,0.00029402488603541544,6.241657815782311e-05,-9.734286699579093e-06,-1.5166930050221665e-05,-3.0462117113247367e-06,12.0
0.8624999999999998,1.016863054927911,0.04743423045205225,1.1097216870182907,0.037001652613370316,0.01483907526993195,0.0022422621102921375,1.7693321529161658e-05,0.0003508572203830382,0.0002765869170429714,5.1144890454207504e-05,-9.485646675887925e-06,-1.4030504553358915e-05,-2.8704153894155784e-06,12.0
0.8654999999999999,1.0153135791526795,0.04221046321672909,1.0972498858744644,0.033373954879882706,0.014122597772215533,0.002770462797050174,0.0004037703340654125,0.00044213105343878157,0.00026308058456069885,4.108136000406664e-05,-9.379645680748329e-06,-1.3062146687254418e-05,-2.719195751193447e-06,12.0
0.8685,1.0139064048178295,0.037154509533306866,1.0853894632349788,0.02998268609207028,0.013421533886322754,0.003229111231009162,0.0007635159006504317,0.0005332467638577656,0.0002532253400905547,3.2280515255451176e-05,-9.396851641120204e-06,-1.2260784074009676e-05,-2.5942876689772952e-06,12.0
0.8715000000000002,1.0126713847096904,0.03234279262457302,1.074308846646095,0.026873281815979606,0.012748845474291778,0.0036180417074371564,0.001092887819777083,0.0006219422806119454,0.0002465402073290867,2.4716219056532067e-05,-9.519315585895913e-06,-1.161854840364864e-05,-2.495958218105491e-06,12.0
0.8744999999999998,1.011626863440389,0.02783431611891083,1.064130394093559,0.024074736644477256,0.012115285084822652,0.003940493331435492,0.0013895437901041432,0.0007062156017899066,0.000242425173258726,1.829690084777675e-05,-9.732988095724957e-06,-1.1122627359248042e-05,-2.4231003018889076e-06,12.0
0.8775,1.0107771351655666,0.023669563592274834,1.0549275413003922,0.02159880543375346,0.01152879502623076,0.004202357165856341,0.0016527041794791998,0.000784440162765869,0.00024024596486158615,1.288745890596171e-05,-1.0028953881503202e-05,-1.0757168951817033e-05,-2.3734050873275383e-06,12.0
0.8805000000000001,1.010110023911928,0.01987330164760548,1.0467278334813042,0.01944041787808594,0.010994343847703114,0.004411391022031579,0.0018828393321217518,0.0008553964991560695,0.00023940706998744641,8.33249355319898e-06,-1.040374606774103e-05,-1.050495001917812e-05,-2.3435611956221485e-06,12.0
0.8835000000000002,1.0095950034013308,0.016460199226712508,1.039520187863471,0.01757910763565753,0.010514187260049749,0.0045765106987330235,0.0020812623030520574,0.0009182354734710214,0.0002394031817499337,4.476271611782598e-06,-1.0858995623314909e-05,-1.0348651476040528e-05,-2.329459093201529e-06,12.0
0.8864999999999998,1.0091829477956815,0.013441022397111334,1.0332641959594961,0.015981475388789686,0.010088409207162759,0.004707160211326514,0.0022497309223173806,0.0009724094912539067,0.00023984443951701725,1.1765286274163178e-06,-1.1400326294527728e-05,-1.027169209045529e-05,-2.3264283006913322e-06,12.0
0.8895,1.008810768896315,0.010826191445521376,1.0278978975158248,0.014605085951689013,0.009715681327837868,0.004812658335734582,0.0023901451105849177,0.0010176252490136644,0.00024046084829694504,-1.6881652876412797e-06,-1.2035181270822524e-05,-1.0258648014897632e-05,-2.329562574934919e-06,12.0
0.8925000000000001,1.0082513933518888,0.008007493928859397,1.022078069696115,0.013104619929130609,0.009336451201360417,0.004925195062922797,0.002530496250592565,0.0010651125150830478,0.00024286930320063994,-4.6041724196283925e-06,-1.2922120316200675e-05,-1.0266488791974506e-05,-2.320600062572229e-06,12.0
0.8955000000000002,1.0078524958299153,0.006921968387152854,1.0197065829683787,0.012387593069502243,0.009138227534848685,0.0049725578866592415,0.0025873882206774975,0.0010802945408763392,0.00024166095041688074,-6.546984537051897e-06,-1.3619329108294161e-05,-1.037336183278829e-05,-2.3366882433002815e-06,12.0
0.8984999999999999,0.9984627116007586,0.005321665595669429,1.0256027132037764,0.01149306749568347,0.007725122077011473,0.004980557213091362,0.002823247216397264,0.0010796902333022208,0.00020396267128058526,-1.38289265364339e-05,-1.3015815706253904e-05,0.0,0.0,10.0
0.9015,0.998017807771128,0.0042011612473861456,1.022921716838171,0.010642411799009266,0.007500061729116306,0.005040043252021667,0.002885791568747431,0.0010952363018484463,0.00020203423831261527,-1.6342885314405814e-05,-1.3778487336682418e-05,0.0,0.0,10.0
0.9045000000000001,0.9979162019575664,0.0034107352384954172,1.020444955167378,0.009839104425923282,0.007313119616062916,0.005102290860807044,0.0029362653315952933,0.001104543264496901,0.0001992818061122116,-1.8569925839888975e-05,-1.4416003197963194e-05,0.0,0.0,10.0
0.9075000000000002,0.9980042527483777,0.0028717324678757426,1.01822252723509,0.009080613171717907,0.0071480821862673115,0.005166486978918544,0.0029786089247636803,0.0011081287123619055,0.00019530746519825902,-2.054105863873595e-05,-1.4888107607848693e-05,0.0,0.0,10.0
0.9104999999999999,0.998220387660795,0.002508832486529028,1.016205263920659,0.008369585103920527,0.0070060949864449735,0.005231681611782844,0.0030132459290636683,0.0011068448883433224,0.0001904381535201046,-2.223569877162362e-05,-1.520934611160059e-05,0.0,0.0,10.0
0.9135,0.9985051690016706,0.0022547594936333857,1.0143623392783898,0.00771249390944416,0.006887668115936713,0.005295921885353364,0.0030404035762730728,0.0011015925463538202,0.00018500251368229549,-2.3652350711880967e-05,-1.5401396872958078e-05,0.0,0.0,10.0
0.9165000000000001,0.9988114076694853,0.0020585907547028227,1.0126761236690471,0.007115418620949739,0.006792289805306931,0.005357139039251389,0.0030603261355107657,0.0010931995634120572,0.00017927758797664427,-2.4802147757833896e-05,-1.5486547107902917e-05,0.0,0.0,10.0
0.9195000000000002,0.9991065263959941,0.0018866385638746013,1.0111379846385844,0.006582498955202448,0.006718585042829059,0.005413569892873948,0.0030733441286726715,0.0010823745407558916,0.00017347512484610421,-2.5703803435979883e-05,-1.5484912966633113e-05,0.0,0.0,10.0
0.9224999999999999,0.9993705261929332,0.001719379954328662,1.0097451301337022,0.006115897633653875,0.006664676052706782,0.00546388818897393,0.003079874414810706,0.001069704928999694,0.00016774774176892893,-2.6380026571181e-05,-1.541371291485659e-05,0.0,0.0,10.0
0.9255,0.9995924267158807,0.0015471603227589896,1.008498186727598,0.005716339598222978,0.006628554337781021,0.00550719795876373,0.0030803942894925235,0.0010556743482434867,0.0001622024091831728,-2.6855011259635344e-05,-1.528747107747003e-05,0.0,0.0,10.0
0.9285000000000001,0.9997670072617297,0.0013663954892055399,1.007399319867412,0.00538364266711651,0.006608355495184125,0.0055429875871474965,0.0030754156420255687,0.0010406824777196015,0.00015691337736665903,-2.7152672937195412e-05,-1.5118417843955997e-05,0.0,0.0,10.0
0.9315000000000002,0.999892711096208,0.0011770557306209702,1.0064507751271503,0.005116971927133709,0.006602499951561945,0.0055710937638855625,0.0030654701963053663,0.0010250593537492044,0.00015193101027726516,-2.7295389458544724e-05,-1.491673147725978e-05,0.0,0.0,10.0
0.9344999999999999,0.9999707389168253,0.0009814410504543623,1.0056538052943984,0.004914807688893923,0.006609712986961607,0.005591684671291587,0.0030511061998706123,0.001009072777429542,0.00014728624291640194,-2.7303131037384047e-05,-1.4690562342021371e-05,0.0,0.0,10.0
0.9375,1.0000048564598225,0.0007837679090079931,1.0050079629862112,0.0047747767125826445,0.006628970674761915,0.0056052472872376476,0.0030328901866562793,0.0009929319199595964,0.00014299246009494778,-2.7192943632417163e-05,-1.4445970846179985e-05,0.0,0.0,10.0
0.9405000000000001,1.000001297322073,0.0005899590816500637,1.0045107449641697,0.004693535077925445,0.006659423419291848,0.005612557288979792,0.003011406218043335,0.0009767913774008919,0.00013904705180184523,-2.6978789981292135e-05,-1.4186957424889896e-05,0.0,0.0,10.0
0.9434999999999998,0.9999683310560905,0.00040720993738161906,1.0041575539528598,0.004666826742623765,0.0067003335119007155,0.005614618596911682,0.0029872477866863365,0.0009607584860630985,0.00013543415380019616,-2.667173424330431e-05,-1.3915698142053145e-05,0.0,0.0,10.0
0.9464999999999999,0.9999154058336326,0.00024322715669760416,1.0039419170771453,0.004689731923348301,0.006751038859755933,0.005612574508370632,0.002961002041455585,0.000944904148076585,0.0001321288309769947,-2.6280408503603654e-05,-1.3632986886058494e-05,0.0,0.0,10.0
0.9495,0.9998520614680028,0.00010530714962902189,1.0038558807483153,0.0047570282677492455,0.006810934929616704,0.005607604483474382,0.0029332296328646607,0.0009292753306411154,0.00012910195242150007,-2.5811656077886497e-05,-1.3338793195265371e-05,0.0,0.0,10.0
0.9525000000000001,0.9997869212125483,-4.733017128301912e-07,1.0038904960283757,0.004863552872221348,0.006879458680579462,0.005600824879160246,0.002904444870312219,0.0009139066681252009,0.0001263246446813394,-2.527122933838835e-05,-1.3032811041091356e-05,0.0,0.0,10.0
0.9554999999999998,0.9997270086578469,-6.97423325176735e-05,1.004036314676318,0.005004473870841656,0.006956061733135111,0.005593208606548924,0.002875100091374698,0.0008988291460217762,0.00012377145620440648,-2.4664430873355336e-05,-1.2714895999578323e-05,0.0,0.0,10.0
0.9584999999999999,0.9996774833446702,-9.992996264802347e-05,1.0042838272795398,0.00517543028058416,0.007040170013040402,0.005585531540690604,0.002845576166726746,0.0008840750320233064,0.00012142191947048018,-2.3996614588536742e-05,-1.238533931467718e-05,0.0,0.0,10.0
0.9615,0.9996417371240824,-9.005404139971081e-05,1.0046237921179801,0.005372547869049171,0.007131136487458511,0.0055783465556769165,0.0028161791536388966,0.0008696793309306972,0.0001192607041298654,-2.3273497880821788e-05,-1.2044977014280777e-05,0.0,0.0,10.0
0.9645000000000001,0.9996217091150297,-4.0349669577356494e-05,1.0050474197567363,0.0055923685880252,0.007228198860453322,0.005571981575213224,0.0027871418709802987,0.0008556787038644193,0.00011727684799942301,-2.2501267697217573e-05,-1.1695164886722137e-05,0.0,0.0,10.0
0.9674999999999998,0.999618263278812,4.810128279751911e-05,1.005546402631703,0.005831738474587593,0.007330453207141169,0.005566556204339559,0.0027586288572269825,0.0008421089517284247,0.00011546257996165159,-2.1686494315274564e-05,-1.1337662081645747e-05,0.0,0.0,10.0
0.9704999999999999,0.999631514780137,0.00017363422225752275,1.0061128023947303,0.0060876908336066436,0.007436850047569565,0.0055620113763312495,0.002730743365036534,0.0008290020147946149,0.00011381213032603252,-2.0835893165131972e-05,-1.0974465641434275e-05,0.0,0.0,10.0
0.9735,0.9996610512360261,0.0003341221009682285,1.0067388327948907,0.006357347540052247,0.0075462131384250565,0.005558146892539875,0.0027035354584296367,0.0008163831721683594,0.00011232074730236212,-1.9955997373188526e-05,-1.0607632053744919e-05,0.0,0.0,10.0
0.9765000000000001,0.9997060473955497,0.0005269743556533345,1.007416596010032,0.006637848476442723,0.007657275703409201,0.005554662157609942,0.002677010630787593,0.0008042688684125507,0.00011098398390243672,-1.905281720839704e-05,-1.023911467264365e-05,0.0,0.0,10.0
0.9794999999999998,0.9997653050415276,0.0007490722639209838,1.0081378382903299,0.0069263104644858185,0.007768725567660606,0.005551195796022774,0.0026511385381681814,0.0007926653961426382,0.000109797225381463,-1.8131562340721812e-05,-9.870638893073927e-06,0.0,0.0,10.0
0.9824999999999999,0.9998372617146303,0.000996706292960503,1.0088937836929959,0.007219812511165133,0.007879250109464685,0.005547360435834134,0.002625861492729735,0.0007815685125556018,0.00010875538866278918,-1.719648757379917e-05,-9.503629428381881e-06,0.0,0.0,10.0
0.9855,0.9999200064744427,0.0012655669728826402,1.0096750845601603,0.007515402387760391,0.007987573629482474,0.005542769968791326,0.002601102387655965,0.0007709639424809937,0.00010785272063243786,-1.6250895801759192e-05,-9.139195230207866e-06,0.0,0.0,10.0
0.9885000000000002,1.0000113265586497,0.0015508148139909534,1.0104718991399584,0.007810119125165154,0.008092482880602983,0.005537058017462235,0.002576771780026302,0.000760828614083511,0.0001070826355232228,-1.5297299777609982e-05,-8.778168316945943e-06,0.0,0.0,10.0
0.9914999999999998,1.000108792092492,0.0018472272468649212,1.0112740788895653,0.008101026155341178,0.008192840009709297,0.005529887898046717,0.0025527739601281696,0.0007511323896440723,0.00010643754822629357,-1.4337715068883861e-05,-8.42118459998662e-06,0.0,0.0,10.0
0.9944999999999999,1.0002098718589119,0.0021493996667809848,1.0120714281784116,0.008385250323623611,0.008287585122733898,0.005520955702077551,0.0025290119540015477,0.000741840003161828,0.00010590867430175535,-1.3374036808774388e-05,-8.068789447042968e-06,0.0,0.0,10.0
0.9975,1.000312064313101,0.0024519676880408584,1.0128539915376686,0.008660022853793,0.008375732550938238,0.0055099889352374564,0.0025053914920896946,0.0007329129069755377,0.0001054857792130185,-1.240844535952851e-05,-7.721549233796423e-06,0.0,0.0,10.0
1.0005000000000002,1.000413025447632,0.0027498187895359134,1.013612327783508,0.008922719534114885,0.008456365564386836,0.005496743325461044,0.002481823993152855,0.0007243107633052708,0.00010515687336908722,-1.1443789556890775e-05,-7.3801524765050545e-06,0.0,0.0,10.0
1.0034999999999998,1.0005106754415634,0.003038270604371384,1.0143377448333255,0.009170898692932049,0.008528633618863132,0.005481000005636705,0.002458228601663074,0.0007159923811875395,0.00010490785935552697,-1.048390778125424e-05,-7.045488672006419e-06,0.0,0.0,10.0
1.0065,1.0006032702202605,0.0033132055849007286,1.0150224854371788,0.00940233659841514,0.008591754932286581,0.005462564508213983,0.002434533264728156,0.0007079159920584679,0.00010472215480109069,-9.5338609000408e-06,-6.718698684149969e-06,0.0,0.0,10.0
1.0095,1.0006894303297156,0.0035711631404119334,1.015659867105356,0.009615060462837294,0.008645025637686838,0.005441268129404278,0.002410674792962453,0.0007000388667470746,0.00010458033582396653,-8.600063409932018e-06,-6.401195845220537e-06,0.0,0.0,10.0
1.0125000000000002,1.0007652094702773,0.003809392773013405,1.0162473460415498,0.009807381783408469,0.008687459643362542,0.005416956456734865,0.002386648593084464,0.0006923084617021769,0.00010444827880721682,-7.691335871587358e-06,-6.093995892831201e-06,0.0,0.0,10.0
1.0154999999999998,1.000842179402773,0.004025907703456734,1.0167681924643728,0.009977912705117407,0.008720143973810024,0.005389587079183203,0.002362191454166674,0.0006847105375836026,0.00010434904820339162,-6.8124593835900975e-06,-5.80182394381675e-06,0.0,0.0,10.0
1.0185,1.0011229586150063,0.004219794241748979,1.0170132354474175,0.010125425355671487,0.008768917147581956,0.005360170459319588,0.002333720030707246,0.0006777389159137323,0.00010505714735274694,-5.903709210195217e-06,-5.57334783501967e-06,0.0,0.0,10.0
1.0215,1.001193820132071,0.004390497134453826,1.0174004788833628,0.010249276645052065,0.008780280380130396,0.005326555580004584,0.0023083767167005015,0.0006702118954540451,0.0001049035961418495,-5.118714082230779e-06,-5.316306758498111e-06,0.0,0.0,10.0
1.0245000000000002,1.0012393431672277,0.004537905606976341,1.0177420302974174,0.010349325477799579,0.008778035317690306,0.005289674930007186,0.0022828980416045395,0.0006625771630353566,0.00010458936671682127,-4.405286980297413e-06,-5.0753614090530436e-06,0.0,0.0,10.0
1.0274999999999999,1.001275475100512,0.004662798630949521,1.0180227403353277,0.01042568200555965,0.008764357921866348,0.005249666536884151,0.002256965275754267,0.0006548118685355136,0.00010414132617607547,-3.7697257341906888e-06,-4.856295230064345e-06,0.0,0.0,10.0
1.0305,1.0013032620662694,0.004766488277341522,1.0182438405343588,0.010478829730774682,0.008739666354596798,0.005206634959162563,0.002230517642073308,0.0006468487982961531,0.00010352695932329403,-3.2230687355037287e-06,-4.661336847239229e-06,0.0,0.0,10.0
1.0335,1.001323208430992,0.0048506230493807825,1.0184081921090504,0.01050964086646849,0.008704468273523504,0.0051607124012339155,0.002203503516323246,0.0006386189699682953,0.00010271267229144317,-2.7757691915803204e-06,-4.492358803384606e-06,0.0,0.0,10.0
1.0365000000000002,1.0013358579934322,0.004917051876083694,1.0185194991609432,0.010519340643827273,0.008659417213703322,0.005112054103949992,0.0021758718638301773,0.0006300562520951617,0.0001016675770813657,-2.4370693690714914e-06,-4.350937975314608e-06,0.0,0.0,10.0
1.0394999999999999,1.0013418103471203,0.004967702676252229,1.0185820882125873,0.010509448630562048,0.008605283284513727,0.005060831082379983,0.002147575099130851,0.0006211004927133802,0.00010036482927064117,-2.21461208332508e-06,-4.238284230332042e-06,0.0,0.0,10.0
1.0425,1.0013417285003268,0.005004475452154544,1.0186006950524897,0.010481704803926096,0.00854291442663855,0.005007223180323986,0.0021185730954356697,0.0006117004615150196,9.878266942137863e-05,-2.114121814989114e-06,-4.155171310408735e-06,0.0,0.0,10.0
1.0455,1.0013363491793041,0.005029153037362899,1.0185802520151306,0.010437987846458354,0.008473195255710204,0.00495141285066864,0.0020888372830084947,0.0006018164113742427,9.69052208015412e-05,-2.139162234055537e-06,-4.10188142752199e-06,0.0,0.0,10.0
1.0485000000000002,1.0013264897535794,0.005043333512435787,1.0185256861679242,0.010380232597327706,0.008397008164931266,0.0048935799703761305,0.0020583540854094678,0.0005914220576455259,9.472305588656349e-05,-2.2909745875351397e-06,-4.078170014182377e-06,0.0,0.0,10.0
1.0514999999999999,1.0013130433491724,0.005048388063513352,1.0184417407615263,0.010310352246053015,0.008315200075288076,0.004833897931986293,0.0020271271557796636,0.000580505833260294,9.223354963305879e-05,-2.5683951295666628e-06,-4.083254040343585e-06,0.0,0.0,10.0
1.0545,1.0012969550970932,0.005045446305537875,1.0183328308251223,0.0102301692660205,0.008228556764048156,0.004772531147803567,0.0019951781540619848,0.0005690713617287091,8.944104089497598e-05,-2.9678446171933494e-06,-4.115824054844726e-06,0.0,0.0,10.0
1.0575,1.0012791776381988,0.005035407999598449,1.0182029392806837,0.01014135771714171,0.008137785396861297,0.004709633965368494,0.001962546091738288,0.0005571371840475046,8.635682495313709e-05,-3.4833795628005306e-06,-4.174077201706059e-06,0.0,0.0,10.0
1.0605000000000002,1.0012606105836177,0.005018976283765084,1.01805555454733,0.010045398653278772,0.008043504840286587,0.004645350838460831,0.0019292855246034752,0.0005447358600910695,8.29989970024186e-05,-4.106794060164913e-06,-4.255766200420728e-06,0.0,0.0,10.0
1.0635,1.0012420342442907,0.004996703985038165,1.0178936458692367,0.009943549923649495,0.00794624264194437,0.004579817458884019,0.0018954640521069229,0.0005319126248672655,7.939216003211961e-05,-4.827762437800227e-06,-4.358258067856871e-06,0.0,0.0,10.0
1.0665,1.0012240508227728,0.004969042423885909,1.0177196693658417,0.009836831378754891,0.007846437285266352,0.004513162472181025,0.0018611596490579396,0.0005187238049302757,7.556700465882063e-05,-5.634015931827447e-06,-4.478596490040424e-06,0.0,0.0,10.0
1.0695000000000001,1.001207045136871,0.004936382273571634,1.0175355967722133,0.009726026004092742,0.007744444355326919,0.004445509405960376,0.0018264583093009765,0.0005052351858887432,7.155976488463475e-05,-6.51154996688902e-06,-4.613563086382305e-06,0.0,0.0,10.0
1.0724999999999998,1.0011911724989349,0.00489907875075935,1.0173429594199255,0.009611696549510133,0.007640545512970924,0.004376978539350081,0.0017914523336515404,0.000491520473986825,6.741155527348486e-05,-7.444861227539776e-06,-4.759735022722534e-06,0.0,0.0,10.0
1.0755,1.0011763746902984,0.004857458078506856,1.0171429019276224,0.009494215810461322,0.007534959465533725,0.004307688602415753,0.0017562393943568553,0.00047765992507146156,6.316759969982767e-05,-8.41721475758675e-06,-4.9135387680128695e-06,0.0,0.0,10.0
1.0785,1.0011624182952497,0.00481180745294655,1.016936242327086,0.009373807145799464,0.007427854329155771,0.004237758356009388,0.001720922306252361,0.00046373914099637355,5.8876368033760304e-05,-9.410940501252673e-06,-5.071301572627206e-06,0.0,0.0,10.0
1.0815000000000001,1.001148946650006,0.004762355111346914,1.0167235355104498,0.009250590533645126,0.007319361033716308,0.004167308209196919,0.001685609250396813,0.0004498479777960202,5.458864809118487e-05,-1.0407755920541727e-05,-5.229303364729308e-06,0.0,0.0,10.0
1.0844999999999998,1.0011355338505694,0.004709249348079831,1.0165051392451665,0.009124628875506196,0.007209587118020439,0.004096462020315208,0.001650414145839496,0.00043607947402644117,5.035657658581804e-05,-1.1389108441273289e-05,-5.383830871196048e-06,0.0,0.0,10.0
1.0875,1.0011217325053143,0.004652545030300274,1.0162812805831063,0.008995969550390288,0.007098630220979138,0.004025349128153774,0.0016154568504087863,0.0004225287087136144,4.6232655791142805e-05,-1.2336527935693531e-05,-5.531234586204249e-06,0.0,0.0,10.0
1.0905,1.0011071108023495,0.004592203731706073,1.0160521199547863,0.008864677315937082,0.006986590352147416,0.0039541064917910556,0.0015808629508847222,0.00040929152272769505,4.226877774177323e-05,-1.3231977087628127e-05,-5.667987244205168e-06,0.0,0.0,10.0
1.0935000000000001,1.0010912790227158,0.004528109986804285,1.0158178092901642,0.008730856266622497,0.006873579967588186,0.0038828806524468283,0.0015467630112003378,0.00039646307938141773,3.851527428158003e-05,-1.4058186326412407e-05,-5.790740831803687e-06,0.0,0.0,10.0
1.0964999999999998,1.0010739089648988,0.004460102446895788,1.0155785399010326,0.008594660323772244,0.006759731028338127,0.003811829125402529,0.0015132912537843732,0.0003841362874674872,3.502001061349271e-05,-1.4798960254010741e-05,-5.896378380287185e-06,0.0,0.0,10.0
1.0995,1.0010547504851752,0.004388015716603798,1.0153345763564825,0.008456293326778743,0.006645198531212008,0.0037411208164343907,0.0014805837367631255,0.0003724001518336598,3.182754174965564e-05,-1.54394440470232e-05,-5.982056930514653e-06,0.0,0.0,10.0
1.1025,1.0010336480957396,0.00431172678462007,1.015086273680603,0.008316001004342426,0.006530160482651533,0.0036709351403696076,0.0014487761389336887,0.00036133814695817,2.8978356453345616e-05,-1.5966340737195464e-05,-6.045239164651912e-06,0.0,0.0,10.0
1.1055000000000001,1.001010557828317,0.0042311993147227485,1.0148340770475477,0.008174057816014511,0.0064148147806541945,0.0036014596761439516,0.001418001285034124,0.00035102672296714524,2.6508238157930925e-05,-1.636807324266963e-05,-6.083712777552089e-06,0.0,0.0,10.0
1.1084999999999998,1.0009855616721417,0.0041465195432228265,1.0145785053143828,0.008030751822967383,0.006299373866020887,0.0035328863911838924,0.001388386544730526,0.00034153404937174313,2.4447774160721844e-05,-1.6634888158072956e-05,-6.09559826217096e-06,0.0,0.0,10.0
1.1115,1.0009588749314147,0.0040579189956439785,1.0143201218112896,0.007886370376239024,0.006184058212004294,0.003465406676028719,0.0013600512295072857,0.0003329190795526131,2.2822040815679574e-05,-1.6758901338299832e-05,-6.079347030474005e-06,0.0,0.0,10.0
1.1145,1.0009308413437803,0.003965781481279804,1.014059497550863,0.00774118857203941,0.006069089691364085,0.0033992056183833374,0.0013331040999477839,0.0003252309810911999,2.165048234861967e-05,-1.6734088092312717e-05,-6.033732461692862e-06,0.0,0.0,10.0
1.1175000000000002,1.0009019119674973,0.0038706344670665443,1.013797173057709,0.007595461297067755,0.005954685625853877,0.0033344560848143664,0.0013076410826529268,0.0003185089296744734,2.0946985478993835e-05,-1.6556223301529772e-05,-5.957836572996725e-06,0.0,0.0,10.0
1.1204999999999998,1.0008726070527483,0.0037731273452635207,1.0135336245587472,0.007449418574590063,0.005841054028867896,0.0032713132364936156,0.00128374327244115,0.00031278221806924403,2.072013532158499e-05,-1.6222778980254906e-05,-5.851034796402183e-06,0.0,0.0,10.0
1.1235,1.0008434624689977,0.0036740005222775326,1.0132692407330568,0.007303263192810217,0.00572838996713091,0.003209910040031387,0.0012614753116031538,0.00030807059385862083,2.0973614207523845e-05,-1.5732789201003852e-05,-5.712980278557437e-06,0.0,0.0,10.0
1.1265,1.0008149667603636,0.0035740491026402033,1.0130043140321348,0.007157169534042654,0.005616872638666173,0.0031503541451762566,0.0012408842306093114,0.00030438472591904205,2.170668914265753e-05,-1.5086694297352311e-05,-5.543588282772167e-06,0.0,0.0,10.0
1.1295000000000002,1.0007874989308265,0.0034740833349181212,1.0127390477261458,0.007011283128806464,0.00550666255443974,0.003092726209812898,0.001221998830797071,0.00030172670936268566,2.2914722820332364e-05,-1.4286177842901372e-05,-5.343020399927562e-06,0.0,0.0,10.0
1.1324999999999998,1.0007587239800848,0.0033748776798945943,1.012476156691155,0.006865725411592359,0.005397572453316233,0.003037069881081767,0.0012048776643628896,0.0003000867805614489,2.458116826895385e-05,-1.3334408523089612e-05,-5.111000240840447e-06,0.0,0.0,10.0
1.1355,1.0007397169049193,0.0032771620760413582,1.0122045925601866,0.006720578289685753,0.005291121995012629,0.002983450946633501,0.0011893061356662903,0.00029946764180555975,2.673147502853546e-05,-1.2233405774777494e-05,-4.851010549000681e-06,0.0,0.0,10.0
1.1385,1.0009271160027553,0.003182246065318359,1.011725921115985,0.0065755574988023745,0.005212441247248628,0.0029325842841400945,0.0011715524913594238,0.00030012519848483663,2.9999240248851255e-05,-1.0956797636094979e-05,-4.614443212096631e-06,0.0,0.0,10.0
1.1415000000000002,1.0009111744122612,0.003090381678959755,1.0114534100760504,0.006430791057456027,0.005109419647253323,0.0028830641920861194,0.0011592824619948803,0.0003014281134553511,3.3016872495730256e-05,-9.572169053910452e-06,-4.296325971432009e-06,0.0,0.0,10.0
1.1444999999999999,1.000890126464751,0.0030009582275275647,1.0111868490167453,0.006286723356421219,0.005007359654715449,0.0028354386643303898,0.00114871813073754,0.0003036487288202689,3.642077887615634e-05,-8.056349556868396e-06,-3.949244646098683e-06,0.0,0.0,10.0
1.1475,1.0008697068413877,0.002913925739432241,1.0109201297758759,0.006143433637746312,0.004907032674717937,0.0027896493125766407,0.0011396709421158209,0.0003067548641018897,4.0210254029518154e-05,-6.415248437670118e-06,-3.5761723496155436e-06,0.0,0.0,10.0
1.1505,1.0008497261497398,0.002829123552903135,1.0106532063367242,0.006000965659543752,0.004808407327922016,0.002745599716303,0.001132052479793998,0.0003106978706474579,4.436197569902403e-05,-4.656386459152206e-06,-3.1786812621261835e-06,0.0,0.0,10.0
1.1535000000000002,1.000829957791941,0.002746344079889479,1.0103861475174896,0.005859314756261628,0.004711403155222197,0.0027031798125262815,0.0011257623625850165,0.0003154208431502406,4.884951478497736e-05,-2.788040514542638e-06,-2.7584867444431716e-06,0.0,0.0,10.0
1.1564999999999999,1.0008102350947576,0.0026653605016500443,1.0101190313527464,0.005718430959737655,0.004615907048614956,0.0026622671737539325,0.0011206863260602034,0.00032085875856509294,5.3643585655698696e-05,-8.192840449651232e-07,-2.3174834937474447e-06,0.0,0.0,10.0
1.1595,1.0007904383555033,0.0025859483157646378,1.00985193020078,0.005578227087982853,0.004521779820098411,0.002622727226242472,0.0011166959595258505,0.00032693867521705824,5.871203748368037e-05,1.2399536436067977e-06,-1.857761167355562e-06,0.0,0.0,10.0
1.1625,1.0007704643420274,0.0025079066864125144,1.0095849053405919,0.005438588195767495,0.004428862519296084,0.0025844134347872056,0.001113648749854909,0.00033358006427378843,6.401985976027159e-05,3.378834419738293e-06,-1.38161714360035e-06,0.0,0.0,10.0
1.1655000000000002,1.0007501914178878,0.0024310813466602854,1.0093180095333811,0.0052993802831046415,0.004336982109426569,0.002547167919413248,0.0011113885753257146,0.00034069525390041883,6.952921086319907e-05,5.58557519469674e-06,-8.915640880211219e-07,0.0,0.0,10.0
1.1684999999999999,1.0007294517196579,0.0023553864346290325,1.009051294492198,0.005160457912693522,0.004245956479324145,0.0025108226450195614,0.0011097467073413446,0.00034818999396697947,7.519948603844049e-05,7.847436187511457e-06,-3.9033125135730435e-07,0.0,0.0,10.0
1.1715,1.0007080174906033,0.002280819285155233,1.008784820989277,0.005021671930166755,0.004155598781273144,0.0024752010154615502,0.0011085433517537473,0.00035596417202066774,8.09874376449289e-05,1.0150738158339826e-05,1.191413820921013e-07,0.0,0.0,10.0
1.1745,1.000685605315493,0.002207460944985697,1.0085186696356545,0.004882879336670849,0.004065721079341989,0.0024401195060199297,0.0011075897435137462,0.00036391272369006044,8.684735529634806e-05,1.2480911011067806e-05,6.337171102900429e-07,0.0,0.0,10.0
1.1775000000000002,1.0006618989438292,0.0021354564375025307,1.0082529507454514,0.00474395730215975,0.0039761372673984,0.002405388929195607,0.0011066907896575757,0.0003719267763494829,9.273130828989863e-05,1.4822574837816314e-05,1.150085843874034e-06,0.0,0.0,10.0
1.1804999999999999,1.0006365883649788,0.0020649725757495288,1.0079878119922696,0.0046048222625617585,0.003886665270252155,0.0023708150653802126,0.0011056482116391384,0.00037989504108422987,9.858945155479375e-05,1.7159653847100045e-05,1.6647975031315638e-06,0.0,0.0,10.0
1.1835,1.000609419777277,0.0019961370391713023,1.0077234426266173,0.004465453113456279,0.003797128732923142,0.0023361986865188013,0.0011042640580049136,0.00038770542549538346,0.00010437040115467635,1.947552335598118e-05,2.1743050288951043e-06,0.0,0.0,10.0
1.1865,1.0005802474455472,0.001928969467972847,1.0074600738747745,0.004325915064201502,0.003707358571551897,0.0023013353917159455,0.0011023443766734792,0.0003952467839849564,0.00011002169105238142,2.17531894424836e-05,2.6750149423067936e-06,0.0,0.0,10.0
1.1894999999999998,1.000549076102291,0.001863321570054893,1.00719797580138,0.004186378464669861,0.0036171949317027946,0.0022660160411008493,0.0010997027692857965,0.00040241066841405454,0.00011549032811296233,2.3975499600622235e-05,3.163341723054422e-06,0.0,0.0,10.0
1.1925,1.000516082468692,0.0017988460642919548,1.006937451625371,0.004047125838086019,0.0035264901203643987,0.002230028757030622,0.0010961635456854506,0.0004090929105927354,0.00012072346119972453,2.6125380439670928e-05,3.635761404923653e-06,0.0,0.0,10.0
1.1955,1.0004816080312235,0.0017350112684698183,1.0066788306579124,0.003908541356702892,0.0034351129194321837,0.0021931633144000027,0.001091564273853593,0.00041519487954268675,0.00012566917087396544,2.8186095322180146e-05,4.088860267463901e-06,0.0,0.0,10.0
1.1985000000000001,1.000446121233211,0.0016711683733795233,1.0064224616526738,0.003771080434082605,0.003342954213083553,0.002155218207668111,0.0010857576952467733,0.00042062431917834123,0.0001302773654950733,3.014151129420968e-05,4.519376714787825e-06,0.0,0.0,10.0
1.2014999999999998,1.0004101569766584,0.0016066636800431996,1.0061687065947296,0.003635222363468858,0.003249933525695265,0.002116009868354702,0.0010786131461674917,0.00042529577914031906,0.0001345007508360739,3.19763624492128e-05,4.92423723468318e-06,0.0,0.0,10.0
1.2045,1.0003742480018467,0.0015409728043285504,1.005917934940655,0.003501414401633155,0.0031560055539459645,0.002075382663723575,0.001070017791274526,0.0004291307679595787,0.00013829581822640243,3.36764963575253e-05,5.3005903149414914e-06,0.0,0.0,10.0
1.2075,1.0003388656077883,0.0014738238957255157,1.0056705179816405,0.0033700192935458423,0.0030611655768546333,0.0020332177740656193,0.0010598780124569409,0.0004320578443979119,0.0001416237854984815,3.5229092535431104e-05,5.645843422315677e-06,0.0,0.0,10.0
1.2105000000000001,1.0003043844809125,0.0014052769286030397,1.005426822596563,0.0032412782806807102,0.0029654528532979487,0.0019894390862525316,0.001048121166558441,0.00043401288379451343,0.00014445142960011498,3.662284688834257e-05,5.9577066953804745e-06,0.0,0.0,10.0
1.2134999999999998,1.0002710775075168,0.0013357371455650993,1.0051872045256944,0.003115297750037239,0.0028689515702315363,0.0019440149069145833,0.0010346976833779914,0.00043493969804648153,0.00014675176419578774,3.7848122089393e-05,6.23424329062576e-06,0.0,0.0,10.0
1.2165,1.000239135682304,0.0012658992548921705,1.0049520021273655,0.0029920611024345954,0.0027717895288709433,0.0018969553834843375,0.0010195831959113842,0.00043479107050648,0.00014850453698087905,3.889706924725114e-05,6.473921559778657e-06,0.0,0.0,10.0
1.2195,1.0002086998805777,0.0011966382485938847,1.0047215321851388,0.00287146055129719,0.0026741352544618754,0.0018483066306826843,0.0010027802050817513,0.0004335301325483177,0.0001496965408354086,3.9763729059257516e-05,6.675660598497768e-06,0.0,0.0,10.0
1.2225000000000001,1.000179888825779,0.0011288757267477714,1.0044960893921047,0.002753338900646831,0.002576194366466727,0.0017981432895885902,0.0009843187735772505,0.00043113190298381057,0.00015032174434883173,4.044411983311528e-05,6.838860009306212e-06,0.0,0.0,10.0
1.2254999999999998,1.0001528120966834,0.0010634533383642804,1.0042759502122707,0.002637530348754496,0.002478205840215993,0.0017465613676578787,0.0009642559233207308,0.0004275847648874778,0.00015038125123741013,4.0936315499971244e-05,6.963407439660079e-06,0.0,0.0,10.0
1.2285,1.0001275655924933,0.0010010378533015971,1.0040613805381087,0.0025238918705451675,0.002380438314252268,0.0016936727589180304,0.0009426737109890615,0.0004228916690705223,0.00014988309812739048,4.1240510299137376e-05,7.0496626217870735e-06,0.0,0.0,10.0
1.2315,1.0001042152853876,0.0009420696954001919,1.0038526453232648,0.002412321252296062,0.002283186102521933,0.0016396020842076764,0.0009196762500696858,0.0004170709097360312,0.0001488419025370012,4.135906032681046e-05,7.098422146939935e-06,0.0,0.0,10.0
1.2345000000000002,1.0000827794747436,0.0008867540013815546,1.0036500177282035,0.00230276241848608,0.00218676426698939,0.0015844857532641388,0.0008953861267765365,0.000410156387783038,0.00014727838073715034,4.129648778346248e-05,7.110872981048125e-06,0.0,0.0,10.0
1.2374999999999998,1.0000632188376881,0.000835084557624695,1.003453785408559,0.0021952017970458585,0.0020915021058619527,0.001528472675096314,0.000869940671545512,0.00040219733952273997,0.0001452187669313903,4.105943313089107e-05,7.088543618174238e-06,0.0,0.0,10.0
1.2405,1.0000454391036528,0.0007868876661605604,1.0032642519489496,0.0020896605761783534,0.0019977347213772233,0.0014717258941837007,0.0008434884204105293,0.0003932575551556142,0.00014269417598472217,4.0656544063071164e-05,7.033259868468239e-06,0.0,0.0,10.0
1.2435,1.0000293049132989,0.0007418739696640042,1.0030817330406807,0.001986187159283377,0.0019057926699031114,0.0014144245103467565,0.0008161859370875193,0.0003834141430420712,0.00013973995155683658,4.0098297283206374e-05,6.947108956208734e-06,0.0,0.0,10.0
1.2465000000000002,1.0000146584643013,0.000699689279313901,1.0029065491555582,0.0018848526950026056,0.0018159899807233596,0.0013567653882461206,0.0007881950466281723,0.0003727559174241313,0.0001363950282811259,3.939675805531997e-05,6.832412201502984e-06,0.0,0.0,10.0
1.2494999999999998,1.0000013370724632,0.0006599585552349048,1.0027390160155063,0.0017857509680241068,0.0017286113473299965,0.0012989642536017777,0.0007596804461537316,0.00036138150250658303,0.00013270132215470964,3.856529182435684e-05,6.6917035360176055e-06,0.0,0.0,10.0
1.2525,0.9999867306587852,0.0006223188154760534,1.0025818949208507,0.0016890028509829276,0.001643591559775428,0.0012412538571960334,0.0007308571776935699,0.0003493957100827869,0.0001286958026939473,3.76178336506083e-05,6.528202259165486e-06,0.0,0.0,10.0
1.2555,0.9999813160485888,0.0005864437430800333,1.002424825780449,0.0015947625874127601,0.001562451752363793,0.0011838947896714643,0.0007016759923463784,0.0003369169384351291,0.00012445625481319336,3.657118817778104e-05,6.342670800756491e-06,0.0,0.0,10.0
1.2585000000000002,1.0001527427127244,0.0005521074375126117,1.0021000200018868,0.0015032062786398915,0.00150634787390594,0.0011272669900366794,0.0006689087847826752,0.0003241558741152665,0.00012052535668647089,3.546671941022592e-05,6.103786326979359e-06,0.0,0.0,10.0
1.2614999999999998,1.0001453296567697,0.0005191446163077402,1.0019638614573216,0.0014145401241335389,0.0014307683134123566,0.0010713860177009543,0.0006398949986405868,0.0003110252448874788,0.00011589770968658431,3.426242643767259e-05,5.886962086097648e-06,0.0,0.0,10.0
1.2645,1.0001379229522405,0.00048737277939439627,1.0018373000995655,0.0013290626102813717,0.001358140554637071,0.0010166823453859441,0.0006111846070356436,0.0002977418999097041,0.0001111522790895844,3.3003785096702793e-05,5.659257468711157e-06,0.0,0.0,10.0
1.2675,1.000131635779917,0.00045678292861295626,1.0017191353882484,0.0012470600189937134,0.0012885844362804527,0.0009634428438510942,0.0005829008709984405,0.0002844172797719812,0.00010634065155972417,3.170625067557511e-05,5.423497504515165e-06,0.0,0.0,10.0
1.2705000000000002,1.0001264730049697,0.0004273968412759602,1.0016092044446832,0.0011688644559882542,0.0012220400792456597,0.0009119362272185902,0.0005551856448369535,0.0002711577675467527,0.000101509823592608,3.03846833532857e-05,5.182649879169803e-06,0.0,0.0,10.0
1.2734999999999999,1.0001224231164283,0.00039930582666939486,1.001507265128063,0.0010948236716260295,0.001158421875354696,0.0008624086974221963,0.0005281760824470232,0.0002580633725562407,9.67049303691282e-05,2.9053433998064626e-05,4.939524717536455e-06,0.0,0.0,10.0
1.2765,1.0001194661548352,0.0003726743758535733,1.0014129820112314,0.00102528065564305,0.00109763527013396,0.000815076033189097,0.0005020040347559553,0.0002452266679848583,9.196859206660643e-05,2.772622576579566e-05,4.69673560300158e-06,0.0,0.0,10.0
1.2795,1.0001175685194181,0.00034773641821809554,1.0013259231625777,0.0009605516577101209,0.0010395937408842206,0.000770117037934349,0.00047679472877588285,0.00023273223934595994,8.734031221157514e-05,2.6416015762240155e-05,4.456678953095505e-06,0.0,0.0,10.0
1.2825000000000002,1.000116665858624,0.0003247813082739768,1.0012455688425732,0.0009009041886850192,0.00098423485408339,0.0007276688891555952,0.00045266459661058486,0.0002206566335960187,8.285596294503376e-05,2.5134833335814817e-05,4.221531782645336e-06,0.0,0.0,10.0
1.2854999999999999,1.0001166358119746,0.0003041258391228723,1.0011713331066099,0.0008465374889900661,0.0009315340766065931,0.0006878246105109717,0.0004297183728683128,0.00020906871306036973,7.854738919789035e-05,2.389360354226499e-05,3.993263577064777e-06,0.0,0.0,10.0
1.2885,1.0001172656777266,0.00028607031961542286,1.0011025971771295,0.0007975682681352525,0.0008815147473690295,0.0006506327367104782,0.00040804582188024404,0.00019803022255187526,7.444215925787717e-05,2.270197591801978e-05,3.7736542857803033e-06,0.0,0.0,10.0
1.2915,1.0001182249111094,0.00027084145344505333,1.0010387514935226,0.0007540236481020588,0.0008342522190439658,0.0006160993203304564,0.0003877186701500343,0.0001875962994303705,7.056347422517689e-05,2.1568186309412726e-05,3.564309237719231e-06,0.0,0.0,10.0
1.2945000000000002,1.0001190560724726,0.0002585310361776676,1.0009792432204478,0.000715841170659056,0.0007898699316690371,0.000584192635590495,0.00036878844288156,0.00017781563014796224,6.693022356459492e-05,2.0498980277499503e-05,3.3666637832035834e-06,0.0,0.0,10.0
1.2974999999999999,1.000119198848713,0.0002490443917462468,1.00092362603251,0.0006828732949782448,0.0007485258099684045,0.0005548510068254345,0.00035128582049820004,0.00016873001691872322,6.355715243606747e-05,1.949961924332762e-05,3.1819745364977794e-06,0.0,0.0,10.0
1.3005,1.0001180556704947,0.0002420731170295286,1.000871609415419,0.0006548923721577512,0.0007103890667253553,0.0005279938496181629,0.00033522182949098856,0.00016037327639610314,6.045509620639101e-05,1.8573975551882836e-05,3.0112988524187955e-06,0.0,0.0,10.0
1.3035,1.0001150941805588,0.00023710221823537735,1.0008231034131931,0.0006315927154959528,0.0006756101509093508,0.0005035351591980717,0.0003205907031989854,0.0001527696236409855,5.763124514932745e-05,1.7724703236524374e-05,2.8554678570947506e-06,0.0,0.0,10.0
1.3065000000000002,1.0001099641162678,0.00023345398593451418,1.000778251729597,0.0006125891417114966,0.0006442893000015984,0.000481397520185548,0.0003073737647937043,0.00014593193357915658,5.508941960704241e-05,1.6953452690487843e-05,2.71506037550572e-06,0.0,0.0,10.0
1.3094999999999999,1.0001025928932488,0.00023036324695982399,1.0007374410681458,0.0005974151118133951,0.0006164509120319425,0.00046152372281214486,0.0002955433756072708,0.0001398604316377482,5.283035255494769e-05,1.626108583367904e-05,2.590385379313708e-06,0.0,0.0,10.0
1.3125,1.0000932235122204,0.00022707301368070926,1.0007012710585097,0.0005855266426511258,0.0005920306251678395,0.0004438827914178311,0.0002850660238608065,0.00013454237067731385,5.085197876523411e-05,1.5647848252361185e-05,2.481479882520244e-06,0.0,0.0,10.0
1.3155000000000001,1.0000823751840602,0.0002229352508830833,1.0006704713006929,0.0005763191357359614,0.0005708791704069365,0.0004284679810291173,0.0002759040278915828,0.00012995307628580532,4.914971487482247e-05,1.5113467316571888e-05,2.3881279560112196e-06,0.0,0.0,10.0
1.3184999999999998,1.000070737454926,0.00021749622447399903,1.0006457636582355,0.000569162748131482,0.0005527822393966986,0.0004152859974481947,0.0002680159695341493,0.00012605842528307597,4.771669101735423e-05,1.4657167204681643e-05,2.3099046500317187e-06,0.0,0.0,10.0
1.3215,1.0000590412686916,0.00021053984652874216,1.00062768712607,0.0005634581966911616,0.0005374904297231576,0.0004043388984594283,0.000261356574416239,0.000122818453826996,4.6543883735877065e-05,1.4277616564242857e-05,2.246245181655838e-06,0.0,0.0,10.0
1.3245,1.0000479679036316,0.00020206152286187694,1.0006164227957575,0.000558709224967295,0.000524749905821358,0.00039560224799475456,0.0002558770089269746,0.00012019147767935801,4.5620122114155403e-05,1.397284473860282e-05,2.1965339252771803e-06,0.0,0.0,10.0
1.3275000000000001,1.0000381422962685,0.00019215947760167705,1.000611669193045,0.0005546003036112529,0.0005143244078489058,0.00038900464690496127,0.00025152627940811905,0.00011813792707072136,4.4932001417450334e-05,1.3740172475841246e-05,2.1601996536029324e-06,0.0,0.0,10.0
1.3304999999999998,1.0000302100955594,0.000180866848646769,1.0006126128072297,0.0005510589103290054,0.0005060035683260372,0.00038441448633519284,0.0002482535479563514,0.00011662308509150507,4.446383879835717e-05,1.357620104807821e-05,2.136793736470209e-06,0.0,0.0,10.0
1.3335,1.000024931970088,0.00016799764042665368,1.0006180160828901,0.0005482737874658921,0.0004995994428329621,0.0003816394298718891,0.0002460100974473184,0.00011561807095376758,4.419789821232247e-05,1.3476890808105499e-05,2.126020909854927e-06,0.0,0.0,10.0
1.3365,1.0000231819552847,0.00015311438219677096,1.0006264114976984,0.0005466404465622046,0.0004949395094913481,0.00038044227328856234,0.0002447489992966905,0.00011509873021108672,4.411513098586775e-05,1.3437738813221412e-05,2.127694063315998e-06,0.0,0.0,10.0
1.3395000000000001,1.000025751826919,0.00013570647538497412,1.0006363577369906,0.0005466211330161776,0.0004918661410657579,0.0003805728443368717,0.0002444209770407099,0.00011504259864908113,4.4196549813317475e-05,1.345403732149569e-05,2.1416025227165407e-06,0.0,0.0,10.0
1.3424999999999998,1.000032961895153,0.00011557418677661548,1.0006466932181914,0.0005485418022545469,0.0004902474819456593,0.00038180945805780576,0.0002449668316471113,0.00011542476912977564,4.4425053799804234e-05,1.3521164006525593e-05,2.167319545970275e-06,0.0,0.0,10.0
1.3455,1.0000442293238527,9.32706429231306e-05,1.0006567193941922,0.0005523932850500918,0.000489994562137502,0.0003839968291154639,0.00024630950525047015,0.00011621413824679256,4.478714349778977e-05,1.3634829056451442e-05,2.2040185787624006e-06,0.0,0.0,10.0
1.3485,1.000057858756712,7.034582256825525e-05,1.0006662628137957,0.0005577316484830794,0.0004910705050778848,0.0003870641101643851,0.00024835079072331613,0.00011737177407987669,4.5273733179847595e-05,1.3791199213689635e-05,2.250393715892927e-06,0.0,0.0,10.0
1.3515000000000001,1.0000712902180684,4.9162733196310083e-05,1.0006755992245855,0.0005637533745819337,0.0004934773083946245,0.0003910112276474338,0.00025097694911874327,0.00011885261534453176,4.587943886091657e-05,1.3986849877398525e-05,2.3047584824857576e-06,0.0,0.0,10.0
1.3544999999999998,1.0000818256777544,3.225559362076042e-05,1.0006852683843974,0.0005695446134679173,0.0004972171287358376,0.00039586502041156314,0.00025407339402449896,0.00012061029606815462,4.660037194379748e-05,1.4218564194477512e-05,2.365319448475218e-06,0.0,0.0,10.0
1.3575,1.0000875529890982,2.148487305554316e-05,1.0006958494384022,0.0005744026936457903,0.0005022428107030942,0.0004016233867321471,0.0002575429355567877,0.00012260315450284885,4.743132068347564e-05,1.4483074947033905e-05,2.4305196907005457e-06,0.0,0.0,10.0
1.3605,1.0000880000374452,1.7421669792339127e-05,1.000707781752735,0.0005780689902195147,0.00050842396604742,0.00040821491670390035,0.0002613186735223689,0.00012479853494451156,4.836368954220774e-05,1.4776882047062218e-05,2.4992883179283306e-06,0.0,0.0,10.0
1.3635000000000002,1.000084157331921,1.9300516123412714e-05,1.0007212897242574,0.0005807504893962558,0.0005155493963386877,0.000415494558627731,0.00026536470388855793,0.00012717322571334307,4.938522843569096e-05,1.5096238986579377e-05,2.571071648625289e-06,0.0,0.0,10.0
1.3664999999999998,1.0000778747791574,2.553963961039935e-05,1.0007364135803851,0.0005829321528784326,0.0005233650802489592,0.00042327480719335416,0.000269664851205431,0.00012971008111508858,5.0481515676456716e-05,1.5437299903782077e-05,2.645648974695592e-06,0.0,0.0,10.0
1.3695,1.000071016604054,3.447949906042836e-05,1.0007530920574836,0.0005851079128263225,0.0005316250916449407,0.00043137093700040314,0.00027420672154414576,0.00013239307576258324,5.1638104485920874e-05,1.579632343771468e-05,2.722863521966814e-06,0.0,0.0,10.0
1.3725,1.000062811227997,4.490181196628167e-05,1.00077326861877,0.0005875903807003813,0.0005398728446576598,0.00043963286685452416,0.000279011975793278,0.00013520317062739348,5.2836410729779086e-05,1.6169668594923817e-05,2.802906431862259e-06,0.0,0.0,10.0
1.3755000000000002,1.0000621651439594,5.6147725911491924e-05,1.0007884536586138,0.0005904635775831723,0.000549003989362482,0.00044795765751700804,0.0002838775553475883,0.00013811978890507503,5.408806236781033e-05,1.655467933415073e-05,2.883372131953987e-06,0.0,0.0,10.0
1.3784999999999998,0.9997773367499191,6.745057590529158e-05,1.0010902247580207,0.0005938954448587415,0.0005224774562661603,0.0004561463098211863,0.0002947585144624751,0.00014105563979064574,5.458059012505219e-05,1.692713547138063e-05,3.031577753611701e-06,0.0,0.0,10.0
1.3815,0.9997857732519524,7.876132316190253e-05,1.001100785224362,0.0005977005562822433,0.0005323155354722771,0.0004643253574934787,0.0002997497209285605,0.00014411344796604492,5.589059677218183e-05,1.732497634335658e-05,3.112532158373399e-06,0.0,0.0,10.0
1.3845,0.9997964699972716,9.080182611874392e-05,1.00111086966199,0.0006013494629133556,0.0005420665586786743,0.0004724234328384662,0.0003047973569810225,0.00014719264341231446,5.720631330486332e-05,1.7725441506704315e-05,3.1937432827550927e-06,0.0,0.0,10.0
1.3875000000000002,0.9998099157145479,0.0001045112046002858,1.0011202833132353,0.0006043105915047843,0.0005515551748763105,0.0004804636086420213,0.0003098841865867519,0.00015025732392526765,5.8512350830146616e-05,1.812591859800657e-05,3.2751624869915546e-06,0.0,0.0,10.0
1.3904999999999998,0.9998280757159843,0.00012180268836111617,1.001128255908242,0.0006057295420395815,0.0005606004240017136,0.0004885260353223351,0.0003150016863248016,0.0001532652212855577,5.979086930047277e-05,1.8524030867264037e-05,3.356991226371139e-06,0.0,0.0,10.0
1.3935,0.9998536644584357,0.00014532414418368816,1.0011339635159093,0.0006045252365522193,0.0005689751972188107,0.0004967304414095118,0.0003201533195291769,0.0001561692532357773,6.102135742036393e-05,1.8917508214057323e-05,3.4396689383428002e-06,0.0,0.0,10.0
1.3965,0.9998890639253384,0.00017744617980691545,1.0011366942277895,0.000599753778286021,0.0005764707709149346,0.0005051745991629325,0.00032533458201664645,0.00015892387413513764,6.21840765666093e-05,1.9303896218755575e-05,3.5235189327406036e-06,0.0,0.0,10.0
1.3995000000000002,0.9999348574015012,0.0002188758644804814,1.0011360319017657,0.0005910927257008848,0.0005829864898871812,0.0005138538066709772,0.0003305065293547718,0.00016149350049324518,6.326465991479118e-05,1.9680199489029057e-05,3.608288540730881e-06,0.0,0.0,10.0
1.4024999999999999,0.9999888529303793,0.00026770833365805785,1.0011319257744813,0.0005791527227333618,0.0005885925352690876,0.0005226103275394662,0.00033557869100875304,0.00016385790350054483,6.425713979191347e-05,2.0042687610184102e-05,3.6928602639493768e-06,0.0,0.0,10.0
1.4055,1.0000462728813249,0.00031954750647782994,1.0011245520507688,0.0005653910289949725,0.0005935249025688359,0.0005311502515343308,0.00034041363795422864,0.00016601062575415682,6.516328045759289e-05,2.0387030625736972e-05,3.775345315333943e-06,0.0,0.0,10.0
1.4085,1.0001010677031512,0.00036866448710129175,1.0011139904914899,0.0005516435361460966,0.0005981141019899472,0.000539124635435314,0.00034485230659312354,0.00016795071507784274,6.598834574614374e-05,2.0708737601285686e-05,3.853540822162741e-06,0.0,0.0,10.0
1.4115000000000002,1.0001476521361883,0.00040955669835049244,1.0010998538654379,0.0005395160979729155,0.0006026875302516817,0.0005462338529972628,0.0003487470381881923,0.0001696720698394487,6.673554253678114e-05,2.1003693294204407e-05,3.925517741786216e-06,0.0,0.0,10.0
1.4144999999999999,1.0001822265135774,0.0004381523789867146,1.0010810488115933,0.0005299262979470389,0.0006074922631599097,0.0005523049404842904,0.00035198667034818266,0.00017115570035884306,6.7401878458589e-05,2.1268543170080115e-05,3.990055595810888e-06,0.0,0.0,10.0
1.4175,1.000203226325681,0.00045226062431257224,1.0010557996372618,0.0005229623793594899,0.0006126617324879008,0.000557312090692511,0.0003545048652076608,0.0001723681008099174,6.797702378538789e-05,2.15007714202906e-05,4.0467558239029425e-06,0.0,0.0,10.0
1.4205,1.0002109790520892,0.00045135531354313993,1.0010219670574896,0.0005180437091912494,0.0006182193098187594,0.000561341583818592,0.00035627271595390796,0.00017326562126350074,6.84450488167033e-05,2.16984691250338e-05,4.095841744509957e-06,0.0,0.0,10.0
1.4235000000000002,1.0002069812458907,0.00043606965960729075,1.0009775895861532,0.0005142450958241918,0.000624095821013962,0.0005645248152406136,0.000357283092548216,0.00017380228681019268,6.878772668554472e-05,2.1859912459719892e-05,4.1377799775606665e-06,0.0,0.0,10.0
1.4264999999999999,1.0001932227954482,0.0004077644496506103,1.0009215014965773,0.0005106283982027687,0.0006301420462565239,0.0005669688186025046,0.00035753493761180895,0.00017393780605805837,6.8987867667007e-05,2.1983121852557344e-05,4.172891691518642e-06,0.0,0.0,10.0
1.4295,1.0001717874899472,0.00036833023463558656,1.0008538557237026,0.0005064794489771466,0.0006361323508300499,0.000568706391910453,0.000357022558572749,0.0001736432295422938,6.903163595493458e-05,2.206555647437985e-05,4.201081875607915e-06,0.0,0.0,10.0
1.4325,1.0001447320755905,0.0003201719728845078,1.0007764062212972,0.0005014211052851551,0.0006417686725915789,0.0005696756350292165,0.0003557309900889797,0.00017290305972524915,6.890949899522535e-05,2.2104039276655042e-05,4.221744978103255e-06,0.0,0.0,10.0
1.4355000000000002,1.0001141139790715,0.00026622155902770393,1.0006924719589148,0.0004954244335280681,0.0006466972849884694,0.0005697277517516202,0.00035363589743924205,0.00017171390914792083,6.861600319892526e-05,2.2094931725523424e-05,4.233840701299567e-06,0.0,0.0,10.0
1.4385,1.0000820246976878,0.0002098442142503239,1.0006065914000597,0.0004887582855001406,0.0006505442139703987,0.000568655106120641,0.00035070579491462537,0.00017008071416532822,6.814883134453549e-05,2.203450552677472e-05,4.2360905178124005e-06,0.0,0.0,10.0
1.4415,1.0000505471465753,0.00015459433942778577,1.0005239531210213,0.0004819115863977972,0.0006529645142318479,0.0005662288637150345,0.00034690495510777833,0.00016801195011119087,6.750762307168115e-05,2.1919408148461376e-05,4.227225923053988e-06,0.0,0.0,10.0
1.4445000000000001,1.0000216306149636,0.00010386669941491879,1.0004497317668029,0.0004755073949213912,0.0006536922569455058,0.0005622361126144329,0.0003421963671949179,0.00016551529212727599,6.669293414323524e-05,2.1747101440980074e-05,4.206220202213773e-06,0.0,0.0,10.0
1.4474999999999998,0.9999969262460575,6.0536373693109115e-05,1.000388460183345,0.0004702147289632756,0.0006525759412498507,0.0005565089573984266,0.0003365447998777404,0.00016259481527946808,6.570555945972454e-05,2.151617046926231e-05,4.172451439754456e-06,0.0,0.0,10.0
1.4505,0.9999776383013704,2.6677955668087284e-05,1.0003435367198048,0.000466658412903325,0.0006495883034499102,0.0005489415774634291,0.0003299202070346767,0.00015925026442486755,6.454629852588026e-05,2.1226444255031142e-05,4.125769571836821e-06,0.0,0.0,10.0
1.4535,0.9999644321049524,3.4181488220258504e-06,1.0003169196699389,0.00046532854221954063,0.0006448075928989556,0.0005394946346481271,0.00032230148463584,0.0001554783156707257,6.321612309826422e-05,2.087892523121083e-05,4.066467569405744e-06,0.0,0.0,10.0
1.4565000000000001,0.9999574153424585,-9.069178540140287e-06,1.000309016846942,0.0004664962812828325,0.000638375760478523,0.0005281889702782656,0.0003136802051868775,0.000151275257648647,6.171662503371869e-05,2.047557230139487e-05,3.995179670782915e-06,0.0,0.0,10.0
1.4594999999999998,0.9999561885415351,-1.1451529760718245e-05,1.0003187478443696,0.0004701475283029477,0.0006304447994178394,0.0005150919254567071,0.0003040636707065127,0.0001466402518681059,6.0050582760804e-05,2.0019010833613706e-05,3.912743030058943e-06,0.0,0.0,10.0
1.4625,0.999959948091547,-5.053331873329694e-06,1.0003437416046908,0.00047594733584111826,0.0006211242971044507,0.0005002999506111153,0.0002934765973606135,0.00014157831876917477,5.822248560249239e-05,1.9512247108091522e-05,3.8200613700957566e-06,0.0,0.0,10.0
1.4655,0.9999676212110091,8.357044608763706e-06,1.0003806273250628,0.0004832446227444825,0.0006104414709353825,0.00048392081031041955,0.0002819609751559661,0.00013610239617878165,5.623889208488076e-05,1.8958448014227835e-05,3.7180012337396685e-06,0.0,0.0,10.0
1.4685000000000001,0.9999780122595924,2.6773836315313767e-05,1.0004253782163044,0.0004911195071611534,0.0005983207559459542,0.00046605804617433317,0.0002695740655314769,0.00013023413648198043,5.4108555379246306e-05,1.836081749852766e-05,3.6073371067678446e-06,0.0,0.0,10.0
1.4714999999999998,0.9999899412307387,4.813285748384402e-05,1.0004736712175728,0.000498466895023543,0.0005845851171570594,0.00044679970208340455,0.00025638494612100854,0.00012400344292922222,5.1842311502587616e-05,1.7722569599181007e-05,3.488745676393018e-06,0.0,0.0,10.0
1.4745,1.0000023574436914,7.045512753534873e-05,1.000521230175239,0.0005041026282233926,0.0005689770760401267,0.0004262127012734722,0.0002424703344240876,0.00011744700986212352,4.9452779135928084e-05,1.7046972682087875e-05,3.3628362454395846e-06,0.0,0.0,10.0
1.4775,1.0000144148964774,9.195706377526643e-05,1.0005641260152893,0.0005068748576986895,0.0005511946075810028,0.000404343592086657,0.00022791054828223125,0.00011060628259945963,4.695395072410549e-05,1.6337426072880817e-05,3.2301972090223718e-06,0.0,0.0,10.0
1.4805000000000001,1.0000255023884077,0.00011113301091685991,1.0005990149942605,0.0005057644042351719,0.0005309356420847951,0.0003812255123671088,0.0002127863864003485,0.00010352528926861375,4.436075783302681e-05,1.5597529898741493e-05,3.0914387622757177e-06,0.0,0.0,10.0
1.4834999999999998,1.0000352317963186,0.00012681378200383471,1.000623304357113,0.0004999630337185752,0.0005079445762757842,0.0003568901546801003,0.00019717748697442073,9.624874459054146e-05,4.1688673244351284e-05,1.4831119249802532e-05,2.9472185660455227e-06,0.0,0.0,10.0
1.4865,1.0000433984873527,0.00013819972785211875,1.0006352428006198,0.0004889254640660484,0.0004820546017054923,0.00033138247724897777,0.00018116240745878227,8.88207138467012e-05,3.8953380630352125e-05,1.404225028037585e-05,2.7982467851878117e-06,0.0,0.0,10.0
1.4895,1.0000499334050348,0.00014486385353360467,1.0006339399909425,0.0004723964532090767,0.0004532206969926057,0.0003047753042153569,0.00016482029370106026,8.128397531835337e-05,3.617051911399162e-05,1.3235143667219834e-05,2.6452754074163215e-06,0.0,0.0,10.0
1.4925000000000002,1.0000548629334647,0.00014672349124994903,1.0006193247266508,0.0004504164495782602,0.00042153975122125417,0.00027718110289155155,0.0001482336216017416,7.368005316550786e-05,3.335550608511696e-05,1.2414105348242903e-05,2.489080854815258e-06,0.0,0.0,10.0
1.4954999999999998,1.000058282492964,0.0001439865971922787,1.000592054834524,0.0004233084827139483,0.0003872562851722813,0.00024875905155679863,0.0001314912023080683,6.604974641106737e-05,3.052345147054178e-05,1.1583451817037655e-05,2.3304482250836793e-06,0.0,0.0,10.0
1.4985,1.0000603387609885,0.000137084974755349,1.0005533947058065,0.0003916476971246056,0.0003507540096283354,0.00021971660151768837,0.00011469060181404181,5.843389645572703e-05,2.7689176617086237e-05,1.0747465044457508e-05,2.1701625950912017e-06,0.0,0.0,10.0
