-1.4985,7.0,4.1749587089627364e-193,1.0,0.0,0.0,0.0,0.0,0.0,0.0,0.0,0.0,0.0,0.0,2.0
-1.4955,7.0,7.069958073177092e-192,1.0,0.0,0.0,0.0,0.0,0.0,0.0,0.0,0.0,0.0,0.0,2.0
-1.4925,7.0,1.2505201123541252e-190,1.0,0.0,0.0,0.0,0.0,0.0,0.0,0.0,0.0,0.0,0.0,2.0
-1.4895,7.0,2.1902217276080603e-189,1.0,0.0,0.0,0.0,0.0,0.0,0.0,0.0,0.0,0.0,0.0,2.0
-1.4865,7.0,3.7979300113221715e-188,1.0,0.0,0.0,0.0,0.0,0.0,0.0,0.0,0.0,0.0,0.0,2.0
-1.4835,7.0,6.520456754303865e-187,1.0,0.0,0.0,0.0,0.0,0.0,0.0,0.0,0.0,0.0,0.0,2.0
-1.4805,7.0,1.108388527669711e-185,1.0,0.0,0.0,0.0,0.0,0.0,0.0,0.0,0.0,0.0,0.0,2.0
-1.4775,7.0,1.8655182687408208e-184,1.0,0.0,0.0,0.0,0.0,0.0,0.0,0.0,0.0,0.0,0.0,2.0
-1.4745,7.0,3.108928813850132e-183,1.0,0.0,0.0,0.0,0.0,0.0,0.0,0.0,0.0,0.0,0.0,2.0
-1.4715,7.0,5.130218905787164e-182,1.0,0.0,0.0,0.0,0.0,0.0,0.0,0.0,0.0,0.0,0.0,2.0
-1.4685,7.0,8.382714386359751e-181,1.0,0.0,0.0,0.0,0.0,0.0,0.0,0.0,0.0,0.0,0.0,2.0
-1.4655,7.0,1.3563339827470485e-179,1.0,0.0,0.0,0.0,0.0,0.0,0.0,0.0,0.0,0.0,0.0,2.0
-1.4625,7.0,2.1731570051183503e-178,1.0,0.0,0.0,0.0,0.0,0.0,0.0,0.0,0.0,0.0,0.0,2.0
-1.4595,7.0,3.4479985478500924e-177,1.0,0.0,0.0,0.0,0.0,0.0,0.0,0.0,0.0,0.0,0.0,2.0
-1.4565,7.0,5.4175547608693474e-176,1.0,0.0,0.0,0.0,0.0,0.0,0.0,0.0,0.0,0.0,0.0,2.0
-1.4535,7.0,8.42962590061576e-175,1.0,0.0,0.0,0.0,0.0,0.0,0.0,0.0,0.0,0.0,0.0,2.0
-1.4505,7.0,1.2989435358065025e-173,1.0,0.0,0.0,0.0,0.0,0.0,0.0,0.0,0.0,0.0,0.0,2.0
-1.4475,7.0,1.9822443211525604e-172,1.0,0.0,0.0,0.0,0.0,0.0,0.0,0.0,0.0,0.0,0.0,2.0
-1.4445,7.0,2.9958269368491784e-171,1.0,0.0,0.0,0.0,0.0,0.0,0.0,0.0,0.0,0.0,0.0,2.0
-1.4415,7.0,4.484110611308948e-170,1.0,0.0,0.0,0.0,0.0,0.0,0.0,0.0,0.0,0.0,0.0,2.0
-1.4385,7.0,6.647267126191691e-169,1.0,0.0,0.0,0.0,0.0,0.0,0.0,0.0,0.0,0.0,0.0,2.0
-1.4355,7.0,9.759421270950058e-168,1.0,0.0,0.0,0.0,0.0,0.0,0.0,0.0,0.0,0.0,0.0,2.0
-1.4325,7.0,1.4191416790272637e-166,1.0,0.0,0.0,0.0,0.0,0.0,0.0,0.0,0.0,0.0,0.0,2.0
-1.4295,7.0,2.0438761709550182e-165,1.0,0.0,0.0,0.0,0.0,0.0,0.0,0.0,0.0,0.0,0.0,2.0
-1.4265,7.0,2.9155242714280237e-164,1.0,0.0,0.0,0.0,0.0,0.0,0.0,0.0,0.0,0.0,0.0,2.0
-1.4235,7.0,4.119247270998579e-163,1.0,0.0,0.0,0.0,0.0,0.0,0.0,0.0,0.0,0.0,0.0,2.0
-1.4205,7.0,5.764528576600748e-162,1.0,0.0,0.0,0.0,0.0,0.0,0.0,0.0,0.0,0.0,0.0,2.0
-1.4175,7.0,7.990239996594459e-161,1.0,0.0,0.0,0.0,0.0,0.0,0.0,0.0,0.0,0.0,0.0,2.0
-1.4145,7.0,1.0970111947987329e-159,1.0,0.0,0.0,0.0,0.0,0.0,0.0,0.0,0.0,0.0,0.0,2.0
-1.4115,7.0,1.4918404293911266e-158,1.0,0.0,0.0,0.0,0.0,0.0,0.0,0.0,0.0,0.0,0.0,2.0
-1.4085,7.0,2.009548036795814e-157,1.0,0.0,0.0,0.0,0.0,0.0,0.0,0.0,0.0,0.0,0.0,2.0
-1.4055,7.0,2.6812882833594817e-156,1.0,0.0,0.0,0.0,0.0,0.0,0.0,0.0,0.0,0.0,0.0,2.0
-1.4025,7.0,3.543740289845386e-155,1.0,0.0,0.0,0.0,0.0,0.0,0.0,0.0,0.0,0.0,0.0,2.0
-1.3995,7.0,4.639353333275459e-154,1.0,0.0,0.0,0.0,0.0,0.0,0.0,0.0,0.0,0.0,0.0,2.0
-1.3965,7.0,6.016361263235526e-153,1.0,0.0,0.0,0.0,0.0,0.0,0.0,0.0,0.0,0.0,0.0,2.0
-1.3935,7.0,7.728491655648585e-152,1.0,0.0,0.0,0.0,0.0,0.0,0.0,0.0,0.0,0.0,0.0,2.0
-1.3905,7.0,9.834294939319149e-151,1.0,0.0,0.0,0.0,0.0,0.0,0.0,0.0,0.0,0.0,0.0,2.0
-1.3875,7.0,1.2396024570306328e-149,1.0,0.0,0.0,0.0,0.0,0.0,0.0,0.0,0.0,0.0,0.0,2.0
-1.3845,7.0,1.547801270038305e-148,1.0,0.0,0.0,0.0,0.0,0.0,0.0,0.0,0.0,0.0,0.0,2.0
-1.3815,7.0,1.9144507582036e-147,1.0,0.0,0.0,0.0,0.0,0.0,0.0,0.0,0.0,0.0,0.0,2.0
-1.3785,7.0,2.345696943668271e-146,1.0,0.0,0.0,0.0,0.0,0.0,0.0,0.0,0.0,0.0,0.0,2.0
-1.3755,7.0,2.8470860114653877e-145,1.0,0.0,0.0,0.0,0.0,0.0,0.0,0.0,0.0,0.0,0.0,2.0
-1.3725,7.0,3.423200703759508e-144,1.0,0.0,0.0,0.0,0.0,0.0,0.0,0.0,0.0,0.0,0.0,2.0
-1.3695,7.0,4.0772671020903514e-143,1.0,0.0,0.0,0.0,0.0,0.0,0.0,0.0,0.0,0.0,0.0,2.0
-1.3665,7.0,4.810749699424353e-142,1.0,0.0,0.0,0.0,0.0,0.0,0.0,0.0,0.0,0.0,0.0,2.0
-1.3635,7.0,5.622957190090682e-141,1.0,0.0,0.0,0.0,0.0,0.0,0.0,0.0,0.0,0.0,0.0,2.0
-1.3605,7.0,6.510685016860404e-140,1.0,0.0,0.0,0.0,0.0,0.0,0.0,0.0,0.0,0.0,0.0,2.0
-1.3575,7.0,7.46792290381183e-139,1.0,0.0,0.0,0.0,0.0,0.0,0.0,0.0,0.0,0.0,0.0,2.0
-1.3545,7.0,8.485655911778752e-138,1.0,0.0,0.0,0.0,0.0,0.0,0.0,0.0,0.0,0.0,0.0,2.0
-1.3515,7.0,9.551785627245148e-137,1.0,0.0,0.0,0.0,0.0,0.0,0.0,0.0,0.0,0.0,0.0,2.0
-1.3485,7.0,1.0651193746355825e-135,1.0,0.0,0.0,0.0,0.0,0.0,0.0,0.0,0.0,0.0,0.0,2.0
-1.3455,7.0,1.1765963564920838e-134,1.0,0.0,0.0,0.0,0.0,0.0,0.0,0.0,0.0,0.0,0.0,2.0
-1.3425,7.0,1.2875765994942673e-133,1.0,0.0,0.0,0.0,0.0,0.0,0.0,0.0,0.0,0.0,0.0,2.0
-1.3395,7.0,1.3958406206187005e-132,1.0,0.0,0.0,0.0,0.0,0.0,0.0,0.0,0.0,0.0,0.0,2.0
-1.3365,7.0,1.4990515568741804e-131,1.0,0.0,0.0,0.0,0.0,0.0,0.0,0.0,0.0,0.0,0.0,2.0
-1.3335,7.0,1.5948362152050486e-130,1.0,0.0,0.0,0.0,0.0,0.0,0.0,0.0,0.0,0.0,0.0,2.0
-1.3305,7.0,1.680874261433444e-129,1.0,0.0,0.0,0.0,0.0,0.0,0.0,0.0,0.0,0.0,0.0,2.0
-1.3275000000000001,7.0,1.7549909887982284e-128,1.0,0.0,0.0,0.0,0.0,0.0,0.0,0.0,0.0,0.0,0.0,2.0
-1.3245,7.0,1.815248551793234e-127,1.0,0.0,0.0,0.0,0.0,0.0,0.0,0.0,0.0,0.0,0.0,2.0
-1.3215,7.0,1.8600303518198317e-126,1.0,0.0,0.0,0.0,0.0,0.0,0.0,0.0,0.0,0.0,0.0,2.0
-1.3185,7.0,1.888113455820411e-125,1.0,0.0,0.0,0.0,0.0,0.0,0.0,0.0,0.0,0.0,0.0,2.0
-1.3155000000000001,7.0,1.8987245204618214e-124,1.0,0.0,0.0,0.0,0.0,0.0,0.0,0.0,0.0,0.0,0.0,2.0
-1.3125,7.0,1.8915756481798007e-123,1.0,0.0,0.0,0.0,0.0,0.0,0.0,0.0,0.0,0.0,0.0,2.0
-1.3094999999999999,7.0,1.8668778477975616e-122,1.0,0.0,0.0,0.0,0.0,0.0,0.0,0.0,0.0,0.0,0.0,2.0
-1.3065,7.0,1.825331212636992e-121,1.0,0.0,0.0,0.0,0.0,0.0,0.0,0.0,0.0,0.0,0.0,2.0
-1.3035,7.0,1.7680924445276576e-120,1.0,0.0,0.0,0.0,0.0,0.0,0.0,0.0,0.0,0.0,0.0,2.0
-1.3005,7.0,1.6967218165633018e-119,1.0,0.0,0.0,0.0,0.0,0.0,0.0,0.0,0.0,0.0,0.0,2.0
-1.2974999999999999,7.0,1.6131129595479671e-118,1.0,0.0,0.0,0.0,0.0,0.0,0.0,0.0,0.0,0.0,0.0,2.0
-1.2945,7.0,1.5194098727575327e-117,1.0,0.0,0.0,0.0,0.0,0.0,0.0,0.0,0.0,0.0,0.0,2.0
-1.2915,7.0,1.417916222322393e-116,1.0,0.0,0.0,0.0,0.0,0.0,0.0,0.0,0.0,0.0,0.0,2.0
-1.2885,7.0,1.3110022580779785e-115,1.0,0.0,0.0,0.0,0.0,0.0,0.0,0.0,0.0,0.0,0.0,2.0
-1.2855,7.0,1.2010145474957177e-114,1.0,0.0,0.0,0.0,0.0,0.0,0.0,0.0,0.0,0.0,0.0,2.0
-1.2825,7.0,1.0901932250154914e-113,1.0,0.0,0.0,0.0,0.0,0.0,0.0,0.0,0.0,0.0,0.0,2.0
-1.2795,7.0,9.806006498033106e-113,1.0,0.0,0.0,0.0,0.0,0.0,0.0,0.0,0.0,0.0,0.0,2.0
-1.2765,7.0,8.740643409289974e-112,1.0,0.0,0.0,0.0,0.0,0.0,0.0,0.0,0.0,0.0,0.0,2.0
-1.2735,7.0,7.721359156172679e-111,1.0,0.0,0.0,0.0,0.0,0.0,0.0,0.0,0.0,0.0,0.0,2.0
-1.2705,7.0,6.760665953920801e-110,1.0,0.0,0.0,0.0,0.0,0.0,0.0,0.0,0.0,0.0,0.0,2.0
-1.2675,7.0,5.867987607074035e-109,1.0,0.0,0.0,0.0,0.0,0.0,0.0,0.0,0.0,0.0,0.0,2.0
-1.2645,7.0,5.049721050220394e-108,1.0,0.0,0.0,0.0,0.0,0.0,0.0,0.0,0.0,0.0,0.0,2.0
-1.2615,7.0,4.309422202332777e-107,1.0,0.0,0.0,0.0,0.0,0.0,0.0,0.0,0.0,0.0,0.0,2.0
-1.2585,7.0,3.6480896801883e-106,1.0,0.0,0.0,0.0,0.0,0.0,0.0,0.0,0.0,0.0,0.0,2.0
-1.2555,7.0,3.0645176212541415e-105,1.0,0.0,0.0,0.0,0.0,0.0,0.0,0.0,0.0,0.0,0.0,2.0
-1.2525,7.0,2.5556888885490438e-104,1.0,0.0,0.0,0.0,0.0,0.0,0.0,0.0,0.0,0.0,0.0,2.0
-1.2495,7.0,2.1171819306875317e-103,1.0,0.0,0.0,0.0,0.0,0.0,0.0,0.0,0.0,0.0,0.0,2.0
-1.2465,7.0,1.7435680912135262e-102,1.0,0.0,0.0,0.0,0.0,0.0,0.0,0.0,0.0,0.0,0.0,2.0
-1.2435,7.0,1.4287806858037354e-101,1.0,0.0,0.0,0.0,0.0,0.0,0.0,0.0,0.0,0.0,0.0,2.0
-1.2405,7.0,1.166442176936791e-100,1.0,0.0,0.0,0.0,0.0,0.0,0.0,0.0,0.0,0.0,0.0,2.0
-1.2375,7.0,9.501408041710875e-100,1.0,0.0,0.0,0.0,0.0,0.0,0.0,0.0,0.0,0.0,0.0,2.0
-1.2345,7.0,7.73652688497764e-99,1.0,0.0,0.0,0.0,0.0,0.0,0.0,0.0,0.0,0.0,0.0,2.0
-1.2315,7.0,6.31109439310898e-98,1.0,0.0,0.0,0.0,0.0,0.0,0.0,0.0,0.0,0.0,0.0,2.0
-1.2285,7.0,5.171144802370133e-97,1.0,0.0,0.0,0.0,0.0,0.0,0.0,0.0,0.0,0.0,0.0,2.0
-1.2255,7.0,4.268136070637867e-96,1.0,0.0,0.0,0.0,0.0,0.0,0.0,0.0,0.0,0.0,0.0,2.0
-1.2225,7.0,3.559267175096487e-95,1.0,0.0,0.0,0.0,0.0,0.0,0.0,0.0,0.0,0.0,0.0,2.0
-1.2195,7.0,3.0074829642191707e-94,1.0,0.0,0.0,0.0,0.0,0.0,0.0,0.0,0.0,0.0,0.0,2.0
-1.2165,7.0,2.581242335885292e-93,1.0,0.0,0.0,0.0,0.0,0.0,0.0,0.0,0.0,0.0,0.0,2.0
-1.2135,7.0,2.2541204940803916e-92,1.0,0.0,0.0,0.0,0.0,0.0,0.0,0.0,0.0,0.0,0.0,2.0
-1.2105000000000001,7.0,2.0043076395350241e-91,1.0,0.0,0.0,0.0,0.0,0.0,0.0,0.0,0.0,0.0,0.0,2.0
-1.2075,7.0,1.8140561344462321e-90,1.0,0.0,0.0,0.0,0.0,0.0,0.0,0.0,0.0,0.0,0.0,2.0
-1.2045,7.0,1.6691171897798275e-89,1.0,0.0,0.0,0.0,0.0,0.0,0.0,0.0,0.0,0.0,0.0,2.0
-1.2015,7.0,1.5581974268224564e-88,1.0,0.0,0.0,0.0,0.0,0.0,0.0,0.0,0.0,0.0,0.0,2.0
-1.1985000000000001,7.0,1.472455951208437e-87,1.0,0.0,0.0,0.0,0.0,0.0,0.0,0.0,0.0,0.0,0.0,2.0
-1.1955,7.0,1.405054271758096e-86,1.0,0.0,0.0,0.0,0.0,0.0,0.0,0.0,0.0,0.0,0.0,2.0
-1.1925,7.0,1.3507646959884165e-85,1.0,0.0,0.0,0.0,0.0,0.0,0.0,0.0,0.0,0.0,0.0,2.0
-1.1895,7.0,1.3056377585317284e-84,1.0,0.0,0.0,0.0,0.0,0.0,0.0,0.0,0.0,0.0,0.0,2.0
-1.1865,7.0,1.2667256785251117e-83,1.0,0.0,0.0,0.0,0.0,0.0,0.0,0.0,0.0,0.0,0.0,2.0
-1.1835,7.0,1.2318566046555152e-82,1.0,0.0,0.0,0.0,0.0,0.0,0.0,0.0,0.0,0.0,0.0,2.0
-1.1804999999999999,7.0,1.1994532544376206e-81,1.0,0.0,0.0,0.0,0.0,0.0,0.0,0.0,0.0,0.0,0.0,2.0
-1.1775,7.0,1.1683892352086994e-80,1.0,0.0,0.0,0.0,0.0,0.0,0.0,0.0,0.0,0.0,0.0,2.0
-1.1745,7.0,1.1378766036082071e-79,1.0,0.0,0.0,0.0,0.0,0.0,0.0,0.0,0.0,0.0,0.0,2.0
-1.1715,7.0,1.1073788567365087e-78,1.0,0.0,0.0,0.0,0.0,0.0,0.0,0.0,0.0,0.0,0.0,2.0
-1.1684999999999999,7.0,1.0765443645457764e-77,1.0,0.0,0.0,0.0,0.0,0.0,0.0,0.0,0.0,0.0,0.0,2.0
-1.1655,7.0,1.0451561026279264e-76,1.0,0.0,0.0,0.0,0.0,0.0,0.0,0.0,0.0,0.0,0.0,2.0
-1.1625,7.0,1.0130943242519989e-75,1.0,0.0,0.0,0.0,0.0,0.0,0.0,0.0,0.0,0.0,0.0,2.0
-1.1595,7.0,9.803094601562454e-75,1.0,0.0,0.0,0.0,0.0,0.0,0.0,0.0,0.0,0.0,0.0,2.0
-1.1564999999999999,7.0,9.468030333116959e-74,1.0,0.0,0.0,0.0,0.0,0.0,0.0,0.0,0.0,0.0,0.0,2.0
-1.1535,7.0,9.126147347982438e-73,1.0,0.0,0.0,0.0,0.0,0.0,0.0,0.0,0.0,0.0,0.0,2.0
-1.1505,7.0,8.778140594620631e-72,1.0,0.0,0.0,0.0,0.0,0.0,0.0,0.0,0.0,0.0,0.0,2.0
-1.1475,7.0,8.424950904321656e-71,1.0,0.0,0.0,0.0,0.0,0.0,0.0,0.0,0.0,0.0,0.0,2.0
-1.1445,7.0,8.067731937552369e-70,1.0,0.0,0.0,0.0,0.0,0.0,0.0,0.0,0.0,0.0,0.0,2.0
-1.1415,7.0,7.707825724130774e-69,1.0,0.0,0.0,0.0,0.0,0.0,0.0,0.0,0.0,0.0,0.0,2.0
-1.1385,7.0,7.34673850880727e-68,1.0,0.0,0.0,0.0,0.0,0.0,0.0,0.0,0.0,0.0,0.0,2.0
-1.1355,7.0,6.986111172506084e-67,1.0,0.0,0.0,0.0,0.0,0.0,0.0,0.0,0.0,0.0,0.0,2.0
-1.1325,7.0,6.627681240433927e-66,1.0,0.0,0.0,0.0,0.0,0.0,0.0,0.0,0.0,0.0,0.0,2.0
-1.1295,7.0,6.273236149908969e-65,1.0,0.0,0.0,0.0,0.0,0.0,0.0,0.0,0.0,0.0,0.0,2.0
-1.1265,7.0,5.924559739143407e-64,1.0,0.0,0.0,0.0,0.0,0.0,0.0,0.0,0.0,0.0,0.0,2.0
-1.1235,7.0,5.583375578805093e-63,1.0,0.0,0.0,0.0,0.0,0.0,0.0,0.0,0.0,0.0,0.0,2.0
-1.1205,7.0,5.251291642029747e-62,1.0,0.0,0.0,0.0,0.0,0.0,0.0,0.0,0.0,0.0,0.0,2.0
-1.1175,7.0,4.929750862294699e-61,1.0,0.0,0.0,0.0,0.0,0.0,0.0,0.0,0.0,0.0,0.0,2.0
-1.1145,7.0,4.6199914550507313e-60,1.0,0.0,0.0,0.0,0.0,0.0,0.0,0.0,0.0,0.0,0.0,2.0
-1.1115,7.0,4.323019672035341e-59,1.0,0.0,0.0,0.0,0.0,0.0,0.0,0.0,0.0,0.0,0.0,2.0
-1.1085,7.0,4.039596168830306e-58,1.0,0.0,0.0,0.0,0.0,0.0,0.0,0.0,0.0,0.0,0.0,2.0
-1.1055,7.0,3.770235657465845e-57,1.0,0.0,0.0,0.0,0.0,0.0,0.0,0.0,0.0,0.0,0.0,2.0
-1.1025,7.0,3.5152182108308564e-56,1.0,0.0,0.0,0.0,0.0,0.0,0.0,0.0,0.0,0.0,0.0,2.0
-1.0995,7.0,3.274609637634143e-55,1.0,0.0,0.0,0.0,0.0,0.0,0.0,0.0,0.0,0.0,0.0,2.0
-1.0965,7.0,3.0482878220640765e-54,1.0,0.0,0.0,0.0,0.0,0.0,0.0,0.0,0.0,0.0,0.0,2.0
-1.0935000000000001,7.0,2.835971806314641e-53,1.0,0.0,0.0,0.0,0.0,0.0,0.0,0.0,0.0,0.0,0.0,2.0
-1.0905,7.0,2.6372506195501642e-52,1.0,0.0,0.0,0.0,0.0,0.0,0.0,0.0,0.0,0.0,0.0,2.0
-1.0875,7.0,2.4516093503705097e-51,1.0,0.0,0.0,0.0,0.0,0.0,0.0,0.0,0.0,0.0,0.0,2.0
-1.0845,7.0,2.278450688491095e-50,1.0,0.0,0.0,0.0,0.0,0.0,0.0,0.0,0.0,0.0,0.0,2.0
-1.0815000000000001,7.0,2.1171111480265844e-49,1.0,0.0,0.0,0.0,0.0,0.0,0.0,0.0,0.0,0.0,0.0,2.0
-1.0785,7.0,1.966872459563711e-48,1.0,0.0,0.0,0.0,0.0,0.0,0.0,0.0,0.0,0.0,0.0,2.0
-1.0755,7.0,1.8269701001904987e-47,1.0,0.0,0.0,0.0,0.0,0.0,0.0,0.0,0.0,0.0,0.0,2.0
-1.0725,7.0,1.6966022942828612e-46,1.0,0.0,0.0,0.0,0.0,0.0,0.0,0.0,0.0,0.0,0.0,2.0
-1.0695000000000001,7.0,1.5749434633541095e-45,1.0,0.0,0.0,0.0,0.0,0.0,0.0,0.0,0.0,0.0,0.0,2.0
-1.0665,7.0,1.4611653558941176e-44,1.0,0.0,0.0,0.0,0.0,0.0,0.0,0.0,0.0,0.0,0.0,2.0
-1.0635,7.0,1.3544666377876599e-43,1.0,0.0,0.0,0.0,0.0,0.0,0.0,0.0,0.0,0.0,0.0,2.0
-1.0605,7.0,1.2541080967465339e-42,1.0,0.0,0.0,0.0,0.0,0.0,0.0,0.0,0.0,0.0,0.0,2.0
-1.0575,7.0,1.1594472795396152e-41,1.0,0.0,0.0,0.0,0.0,0.0,0.0,0.0,0.0,0.0,0.0,2.0
-1.0545,7.0,1.0699651601235021e-40,1.0,0.0,0.0,0.0,0.0,0.0,0.0,0.0,0.0,0.0,0.0,2.0
-1.0514999999999999,7.0,9.852793197434804e-40,1.0,0.0,0.0,0.0,0.0,0.0,0.0,0.0,0.0,0.0,0.0,2.0
-1.0485,7.0,9.051422233999759e-39,1.0,0.0,0.0,0.0,0.0,0.0,0.0,0.0,0.0,0.0,0.0,2.0
-1.0455,7.0,8.294268806554032e-38,1.0,0.0,0.0,0.0,0.0,0.0,0.0,0.0,0.0,0.0,0.0,2.0
-1.0425,7.0,7.581029109423443e-37,1.0,0.0,0.0,0.0,0.0,0.0,0.0,0.0,0.0,0.0,0.0,2.0
-1.0394999999999999,7.0,6.912037894001823e-36,1.0,0.0,0.0,0.0,0.0,0.0,0.0,0.0,0.0,0.0,0.0,2.0
-1.0365,7.0,6.287844345991554e-35,1.0,0.0,0.0,0.0,0.0,0.0,0.0,0.0,0.0,0.0,0.0,2.0
-1.0335,7.0,5.708721015724292e-34,1.0,0.0,0.0,0.0,0.0,0.0,0.0,0.0,0.0,0.0,0.0,2.0
-1.0305,7.0,5.174233391108731e-33,1.0,0.0,0.0,0.0,0.0,0.0,0.0,0.0,0.0,0.0,0.0,2.0
-1.0275,7.0,4.683078656513806e-32,1.0,0.0,0.0,0.0,0.0,0.0,0.0,0.0,0.0,0.0,0.0,2.0
-1.0245,7.0,4.233339514958995e-31,1.0,0.0,0.0,0.0,0.0,0.0,0.0,0.0,0.0,0.0,0.0,2.0
-1.0215,7.0,3.823039348670706e-30,1.0,0.0,0.0,0.0,0.0,0.0,0.0,0.0,0.0,0.0,0.0,2.0
-1.0185,7.0,3.4505709438860664e-29,1.0,0.0,0.0,0.0,0.0,0.0,0.0,0.0,0.0,0.0,0.0,2.0
-1.0155,7.0,3.1145025318029797e-28,1.0,0.0,0.0,0.0,0.0,0.0,0.0,0.0,0.0,0.0,0.0,2.0
-1.0125,7.0,2.8126508808113277e-27,1.0,0.0,0.0,0.0,0.0,0.0,0.0,0.0,0.0,0.0,0.0,2.0
-1.0095,7.0,2.540976440975268e-26,1.0,0.0,0.0,0.0,0.0,0.0,0.0,0.0,0.0,0.0,0.0,2.0
-1.0065,7.0,2.2932258558192125e-25,1.0,0.0,0.0,0.0,0.0,0.0,0.0,0.0,0.0,0.0,0.0,2.0
-1.0035,7.0,2.061932260279253e-24,1.0,0.0,0.0,0.0,0.0,0.0,0.0,0.0,0.0,0.0,0.0,2.0
-1.0005,7.0,1.8406291539116118e-23,1.0,0.0,0.0,0.0,0.0,0.0,0.0,0.0,0.0,0.0,0.0,2.0
-0.9975,7.0,1.6272474277654566e-22,1.0,0.0,0.0,0.0,0.0,0.0,0.0,0.0,0.0,0.0,0.0,2.0
-0.9945,7.0,1.4291825190269066e-21,1.0,0.0,0.0,0.0,0.0,0.0,0.0,0.0,0.0,0.0,0.0,2.0
-0.9915,7.0,1.262527017782397e-20,1.0,0.0,0.0,0.0,0.0,0.0,0.0,0.0,0.0,0.0,0.0,2.0
-0.9885,7.0,1.12974609449046e-19,1.0,0.0,0.0,0.0,0.0,0.0,0.0,0.0,0.0,0.0,0.0,2.0
-0.9855,7.0,1.0290127336562292e-18,1.0,0.0,0.0,0.0,0.0,0.0,0.0,0.0,0.0,0.0,0.0,2.0
-0.9825,7.0,9.595561410227686e-18,1.0,0.0,0.0,0.0,0.0,0.0,0.0,0.0,0.0,0.0,0.0,2.0
-0.9795,7.0,8.333744944917891e-17,1.0,0.0,0.0,0.0,0.0,0.0,0.0,0.0,0.0,0.0,0.0,2.0
-0.9765,7.0,3.140869178707865e-16,0.9999999999999996,0.0,0.0,0.0,0.0,0.0,0.0,0.0,0.0,0.0,0.0,2.0
-0.9735,6.999999999999998,7.849113495409821e-16,0.999999999999999,0.0,0.0,0.0,0.0,0.0,0.0,0.0,0.0,0.0,0.0,2.0
-0.9705,6.999999999999994,1.5446401514343106e-15,0.9999999999999981,0.0,0.0,0.0,0.0,0.0,0.0,0.0,0.0,0.0,0.0,2.0
-0.9675,6.999999999999989,2.763719882501308e-15,0.9999999999999969,0.0,0.0,0.0,0.0,0.0,0.0,0.0,0.0,0.0,0.0,2.0
-0.9645,6.999999999999981,4.8181732968399874e-15,0.9999999999999944,0.0,0.0,0.0,0.0,0.0,0.0,0.0,0.0,0.0,0.0,2.0
-0.9615,6.999999999999966,8.308323769591388e-15,0.9999999999999905,0.0,0.0,0.0,0.0,0.0,0.0,0.0,0.0,0.0,0.0,2.0
-0.9585,6.999999999999942,1.426922754232673e-14,0.9999999999999835,0.0,0.0,0.0,0.0,0.0,0.0,0.0,0.0,0.0,0.0,2.0
-0.9555,6.999999999999902,2.4425906056212826e-14,0.9999999999999718,0.0,0.0,0.0,0.0,0.0,0.0,0.0,0.0,0.0,0.0,2.0
-0.9525,6.999999999999834,4.1528752909540605e-14,0.999999999999952,0.0,0.0,0.0,0.0,0.0,0.0,0.0,0.0,0.0,0.0,2.0
-0.9495,6.999999999999719,6.998464001550156e-14,0.9999999999999191,0.0,0.0,0.0,0.0,0.0,0.0,0.0,0.0,0.0,0.0,2.0
-0.9465,6.999999999999528,1.1701333624420408e-13,0.9999999999998649,0.0,0.0,0.0,0.0,0.0,0.0,0.0,0.0,0.0,0.0,2.0
-0.9435,6.999999999999216,1.9429866239168309e-13,0.9999999999997756,0.0,0.0,0.0,0.0,0.0,0.0,0.0,0.0,0.0,0.0,2.0
-0.9405,6.999999999998703,3.205355270483783e-13,0.99999999999963,0.0,0.0,0.0,0.0,0.0,0.0,0.0,0.0,0.0,0.0,2.0
-0.9375,6.999999999997877,5.254220633430474e-13,0.9999999999993933,0.0,0.0,0.0,0.0,0.0,0.0,0.0,0.0,0.0,0.0,2.0
-0.9345,6.999999999996541,8.556238692480072e-13,0.9999999999990121,0.0,0.0,0.0,0.0,0.0,0.0,0.0,0.0,0.0,0.0,2.0
-0.9315,6.999999999994406,1.384082382761543e-12,0.999999999998402,0.0,0.0,0.0,0.0,0.0,0.0,0.0,0.0,0.0,0.0,2.0
-0.9285,6.999999999991011,2.224285198703246e-12,0.9999999999974318,0.0,0.0,0.0,0.0,0.0,0.0,0.0,0.0,0.0,0.0,2.0
-0.9255,6.9999999999856515,3.5513421182388564e-12,0.9999999999958987,0.0,0.0,0.0,0.0,0.0,0.0,0.0,0.0,0.0,0.0,2.0
-0.9225,6.999999999977233,5.633453618887197e-12,0.9999999999934951,0.0,0.0,0.0,0.0,0.0,0.0,0.0,0.0,0.0,0.0,2.0
-0.9195,6.9999999999641185,8.878357805670113e-12,0.9999999999897483,0.0,0.0,0.0,0.0,0.0,0.0,0.0,0.0,0.0,0.0,2.0
-0.9165,6.9999999999438165,1.3901852337653573e-11,0.9999999999839475,0.0,0.0,0.0,0.0,0.0,0.0,0.0,0.0,0.0,0.0,2.0
-0.9135,6.999999999912596,2.162732735855368e-11,0.9999999999750266,0.0,0.0,0.0,0.0,0.0,0.0,0.0,0.0,0.0,0.0,2.0
-0.9105,6.999999999864893,3.342911992391503e-11,0.9999999999614001,0.0,0.0,0.0,0.0,0.0,0.0,0.0,0.0,0.0,0.0,2.0
-0.9075,6.999999999792519,5.1338360974195705e-11,0.9999999999407194,0.0,0.0,0.0,0.0,0.0,0.0,0.0,0.0,0.0,0.0,2.0
-0.9045,6.9999999996834115,7.833562430738187e-11,0.9999999999095457,0.0,0.0,0.0,0.0,0.0,0.0,0.0,0.0,0.0,0.0,2.0
-0.9015,6.99999999952002,1.1876334882073748e-10,0.9999999998628645,0.0,0.0,0.0,0.0,0.0,0.0,0.0,0.0,0.0,0.0,2.0
-0.8985,6.99999999927697,1.7890374672777131e-10,0.9999999997934196,0.0,0.0,0.0,0.0,0.0,0.0,0.0,0.0,0.0,0.0,2.0
-0.8955,6.999999998917777,2.677812271306946e-10,0.9999999996907927,0.0,0.0,0.0,0.0,0.0,0.0,0.0,0.0,0.0,0.0,2.0
-0.8925,6.999999998390415,3.9826835442560974e-10,0.9999999995401198,0.0,0.0,0.0,0.0,0.0,0.0,0.0,0.0,0.0,0.0,2.0
-0.8895,6.999999997621202,5.885997503288914e-10,0.9999999993203434,0.0,0.0,0.0,0.0,0.0,0.0,0.0,0.0,0.0,0.0,2.0
-0.8865,6.999999996506456,8.644274475942148e-10,0.9999999990018454,0.0,0.0,0.0,0.0,0.0,0.0,0.0,0.0,0.0,0.0,2.0
-0.8835,6.99999999490134,1.2615911517533823e-09,0.99999999854324,0.0,0.0,0.0,0.0,0.0,0.0,0.0,0.0,0.0,0.0,2.0
-0.8805,6.999999992604852,1.829824461442749e-09,0.9999999978871006,0.0,0.0,0.0,0.0,0.0,0.0,0.0,0.0,0.0,0.0,2.0
-0.8775,6.999999989339962,2.6376756818076756e-09,0.9999999969542741,0.0,0.0,0.0,0.0,0.0,0.0,0.0,0.0,0.0,0.0,2.0
-0.8745,6.999999984727381,3.778992922029699e-09,0.999999995636395,0.0,0.0,0.0,0.0,0.0,0.0,0.0,0.0,0.0,0.0,2.0
-0.8715,6.999999978251309,5.381406037662295e-09,0.9999999937860872,0.0,0.0,0.0,0.0,0.0,0.0,0.0,0.0,0.0,0.0,2.0
-0.8685,6.9999999692149055,7.617336549771723e-09,0.9999999912042568,0.0,0.0,0.0,0.0,0.0,0.0,0.0,0.0,0.0,0.0,2.0
-0.8655,6.999999956682987,1.0718180554303618e-08,0.9999999876237116,0.0,0.0,0.0,0.0,0.0,0.0,0.0,0.0,0.0,0.0,2.0
-0.8625,6.999999939408777,1.4992439393887083e-08,0.9999999826882222,0.0,0.0,0.0,0.0,0.0,0.0,0.0,0.0,0.0,0.0,2.0
-0.8595,6.999999915740901,2.0848720372694517e-08,0.9999999759259711,0.0,0.0,0.0,0.0,0.0,0.0,0.0,0.0,0.0,0.0,2.0
-0.8565,6.999999883506391,2.8824693506209345e-08,0.9999999667161106,0.0,0.0,0.0,0.0,0.0,0.0,0.0,0.0,0.0,0.0,2.0
-0.8535,6.999999839864449,3.962327288851014e-08,0.999999954246986,0.0,0.0,0.0,0.0,0.0,0.0,0.0,0.0,0.0,0.0,2.0
-0.8505,6.999999781125103,5.415749128823165e-08,0.9999999374643168,0.0,0.0,0.0,0.0,0.0,0.0,0.0,0.0,0.0,0.0,2.0
-0.8475,6.999999702525875,7.360575673754771e-08,0.9999999150073952,0.0,0.0,0.0,0.0,0.0,0.0,0.0,0.0,0.0,0.0,2.0
-0.8445,6.999999597958709,9.947941985291468e-08,0.9999998851310642,0.0,0.0,0.0,0.0,0.0,0.0,0.0,0.0,0.0,0.0,2.0
-0.8415,6.99999945963831,1.337048430829234e-07,0.9999998456109522,0.0,0.0,0.0,0.0,0.0,0.0,0.0,0.0,0.0,0.0,2.0
-0.8385,6.999999277701828,1.7872244837148265e-07,0.9999997936291041,0.0,0.0,0.0,0.0,0.0,0.0,0.0,0.0,0.0,0.0,2.0
-0.8355,6.999999039728699,2.3760552619363493e-07,0.9999997256367916,0.0,0.0,0.0,0.0,0.0,0.0,0.0,0.0,0.0,0.0,2.0
-0.8325,6.9999987301680955,3.1420191120889515e-07,0.9999996371909196,0.0,0.0,0.0,0.0,0.0,0.0,0.0,0.0,0.0,0.0,2.0
-0.8295,6.999998329660012,4.133019593487308e-07,0.9999995227600675,0.0,0.0,0.0,0.0,0.0,0.0,0.0,0.0,0.0,0.0,2.0
-0.8265,6.999997814234965,5.408365825056573e-07,0.9999993754958135,0.0,0.0,0.0,0.0,0.0,0.0,0.0,0.0,0.0,0.0,2.0
-0.8235,6.999997154375776,7.041093873146387e-07,0.9999991869646913,0.0,0.0,0.0,0.0,0.0,0.0,0.0,0.0,0.0,0.0,2.0
-0.8205,6.999996313924264,9.120671993294527e-07,0.9999989468358165,0.0,0.0,0.0,0.0,0.0,0.0,0.0,0.0,0.0,0.0,2.0
-0.8175,6.999995248814934,1.1756134058574983e-06,0.9999986425190686,0.0,0.0,0.0,0.0,0.0,0.0,0.0,0.0,0.0,0.0,2.0
-0.8145,6.999993905617393,1.5079685955001917e-06,0.9999982587486742,0.0,0.0,0.0,0.0,0.0,0.0,0.0,0.0,0.0,0.0,2.0
-0.8115,6.99999221986997,1.9250828942759095e-06,0.9999977771070854,0.0,0.0,0.0,0.0,0.0,0.0,0.0,0.0,0.0,0.0,2.0
-0.8085,6.999990114187389,2.446104191518303e-06,0.9999971754843323,0.0,0.0,0.0,0.0,0.0,0.0,0.0,0.0,0.0,0.0,2.0
-0.8055,6.999987496126916,3.0939061256276063e-06,0.9999964274683796,0.0,0.0,0.0,0.0,0.0,0.0,0.0,0.0,0.0,0.0,2.0
-0.8025,6.99998425579909,3.895679282055561e-06,0.999995501662494,0.0,0.0,0.0,0.0,0.0,0.0,0.0,0.0,0.0,0.0,2.0
-0.7995,6.9999802632109205,4.883588574435486e-06,0.9999943609262085,0.0,0.0,0.0,0.0,0.0,0.0,0.0,0.0,0.0,0.0,2.0
-0.7965,6.999975365331708,6.0954992713726216e-06,0.9999929615370313,0.0,0.0,0.0,0.0,0.0,0.0,0.0,0.0,0.0,0.0,2.0
-0.7935,6.9999693828734655,7.57577362657455e-06,0.9999912522706607,0.0,0.0,0.0,0.0,0.0,0.0,0.0,0.0,0.0,0.0,2.0
-0.7905,6.9999621067800915,9.376139585543785e-06,0.999989173397997,0.0,0.0,0.0,0.0,0.0,0.0,0.0,0.0,0.0,0.0,2.0
-0.7875,6.999953294421116,1.1556632583265002e-05,0.9999866555978051,0.0,0.0,0.0,0.0,0.0,0.0,0.0,0.0,0.0,0.0,2.0
-0.7845,6.9999426654877785,1.4186611001670809e-05,0.9999836187843737,0.0,0.0,0.0,0.0,0.0,0.0,0.0,0.0,0.0,0.0,2.0
-0.7815,6.999929897590953,1.734584539582043e-05,0.9999799708500747,0.0,0.0,0.0,0.0,0.0,0.0,0.0,0.0,0.0,0.0,2.0
-0.7785,6.999914621562491,2.112568109504146e-05,0.9999756063233004,0.0,0.0,0.0,0.0,0.0,0.0,0.0,0.0,0.0,0.0,2.0
-0.7755,6.9998964164640185,2.5630273207644164e-05,0.9999704049429151,0.0,0.0,0.0,0.0,0.0,0.0,0.0,0.0,0.0,0.0,2.0
-0.7725,6.999874804309682,3.097789238282508e-05,0.9999642301511891,0.0,0.0,0.0,0.0,0.0,0.0,0.0,0.0,0.0,0.0,2.0
-0.7695,6.999849244512802,3.7302298900685164e-05,0.999956927508038,0.0,0.0,0.0,0.0,0.0,0.0,0.0,0.0,0.0,0.0,2.0
-0.7665,6.999819128069693,4.475418177461699e-05,0.999948323030486,0.0,0.0,0.0,0.0,0.0,0.0,0.0,0.0,0.0,0.0,2.0
-0.7635,6.9997837714981594,5.3502658569543826e-05,0.9999382214623559,0.0,0.0,0.0,0.0,0.0,0.0,0.0,0.0,0.0,0.0,2.0
-0.7605,6.99974241055224,6.373683058105982e-05,0.9999264044804773,0.0,0.0,0.0,0.0,0.0,0.0,0.0,0.0,0.0,0.0,2.0
-0.7575,6.999694188003814,7.566736840542683e-05,0.9999126296323279,0.0,0.0,0.0,0.0,0.0,0.0,0.0,0.0,0.0,0.0,2.0
-0.7545,6.999991497747908,8.521849685227252e-05,0.9998386901810346,0.0,0.0,0.0,0.0,0.0,0.0,0.0,0.0,0.0,0.0,2.0
-0.7515,6.999794512432885,8.70770040541819e-05,0.9998450317692483,6.840289146597079e-05,-4.322136444617833e-05,7.816098515564839e-06,6.853915977543548e-07,0.0,0.0,0.0,0.0,0.0,0.0,6.0
-0.7485,6.999718953932644,9.757393483322264e-05,0.9998292610401778,9.617686625102055e-05,-4.350362935563064e-05,7.664377885506313e-06,-2.0052290999945846e-08,0.0,0.0,0.0,0.0,0.0,0.0,6.0
-0.7455,6.999646905647641,0.00011081476331673472,0.9998098569005319,0.00012265864203944626,-4.492827728039847e-05,7.859786942383689e-06,-5.344174048604143e-07,0.0,0.0,0.0,0.0,0.0,0.0,6.0
-0.7425,6.999574629238606,0.00012672808379570366,0.9997867639403033,0.0001489036277864669,-4.732044658487195e-05,8.309541392767005e-06,-9.153447017600355e-07,0.0,0.0,0.0,0.0,0.0,0.0,6.0
-0.7395,6.999499159218184,0.0001453438954901034,0.999759824619985,0.00017574366252495145,-5.055532900448468e-05,8.948531671427067e-06,-1.2043857744839228e-06,0.0,0.0,0.0,0.0,0.0,0.0,6.0
-0.7365,6.999418053402066,0.0001667741649398472,0.9997287999523534,0.00020384919676274296,-5.4547580048182674e-05,9.731627610523616e-06,-1.43104207387477e-06,0.0,0.0,0.0,0.0,0.0,0.0,6.0
-0.7335,6.999329219606111,0.0001911985299290816,0.9996933821681184,0.00023377618085247744,-5.924159633230965e-05,1.0627939059287865e-05,-1.616016577546375e-06,0.0,0.0,0.0,0.0,0.0,0.0,6.0
-0.7305,6.999230786286447,0.00021885403544472093,0.9996532032933217,0.0002660009625389479,-6.460404668048514e-05,1.1616594126379444e-05,-1.7736244000512314e-06,0.0,0.0,0.0,0.0,0.0,0.0,6.0
-0.7275,6.999121006051353,0.00025002794206870787,0.9996078407403731,0.00030094607816886425,-7.061815360465788e-05,1.268365191826456e-05,-1.9135667900073965e-06,0.0,0.0,0.0,0.0,0.0,0.0,6.0
-0.7245,6.998998183623731,0.0002850528585490606,0.9995568207383447,0.00033899916228281385,-7.7279322356396e-05,1.3819857385312413e-05,-2.042226532832114e-06,0.0,0.0,0.0,0.0,0.0,0.0,6.0
-0.7215,6.998860621890035,0.0003243036179894639,0.9994996202189497,0.00038052667889134034,-8.45917981920346e-05,1.5019016706043991e-05,-2.163606045408705e-06,0.0,0.0,0.0,0.0,0.0,0.0,6.0
-0.7185,6.998706581259782,0.0003681954489974737,0.9994356676172809,0.00042588376877808286,-9.256610075582857e-05,1.62768265308352e-05,-2.28000064328112e-06,0.0,0.0,0.0,0.0,0.0,0.0,6.0
-0.7155,6.998534248778556,0.0004171830959994948,0.9993643429289998,0.0004754211887514615,-0.00010121703976734995,1.759003267275846e-05,-2.3924770401729062e-06,0.0,0.0,0.0,0.0,0.0,0.0,6.0
-0.7125,6.998341714367255,0.000471760622481956,0.9992849772788853,0.0005294900726209366,-0.00011056216059652255,1.895582617207707e-05,-2.5012098136368695e-06,0.0,0.0,0.0,0.0,0.0,0.0,6.0
-0.7095,6.99812695226614,0.0005324616919223693,0.9991968521920468,0.0005884450547843024,-0.00012062050366418267,2.0371409250725446e-05,-2.6057152831236574e-06,0.0,0.0,0.0,0.0,0.0,0.0,6.0
-0.7065,6.997887806294857,0.0005998601675505277,0.9990991987130365,0.0006526461534877579,-0.0001314115896405867,2.183368225390922e-05,-2.705012119210219e-06,0.0,0.0,0.0,0.0,0.0,0.0,6.0
-0.7035,6.997621977939432,0.0006745709070131064,0.9989911964850369,0.0007224597022733213,-0.0001429545644931418,2.3339016623870474e-05,-2.797730343820597e-06,0.0,0.0,0.0,0.0,0.0,0.0,6.0
-0.7005,6.9973270165760795,0.0007572506540832975,0.9988719728778329,0.0007982585370477798,-0.0001552674557583837,2.4883089347390843e-05,-2.882184629007508e-06,0.0,0.0,0.0,0.0,0.0,0.0,6.0
-0.6975,6.997000311363237,0.0008485989488239636,0.9987406022367852,0.0008804215864226445,-0.00016836650498041228,2.6460762005639835e-05,-2.9564235095086444e-06,0.0,0.0,0.0,0.0,0.0,0.0,6.0
-0.6945,6.9966390844971444,0.00094935899172982,0.998596105313409,0.0009693329696180958,-0.0001822655518268058,2.8065993185187694e-05,-3.018262948454828e-06,0.0,0.0,0.0,0.0,0.0,0.0,6.0
-0.6915,6.996240385645982,0.0010603184076653273,0.9984374489299818,0.0010653806754820144,-0.00019697545366595382,2.9691777084763136e-05,-3.065310353207445e-06,0.0,0.0,0.0,0.0,0.0,0.0,6.0
-0.6885,6.995801087465062,0.0011823098629278308,0.9982635459245606,0.0011689548750591426,-0.00021250353081291053,3.1330104058456194e-05,-3.0949834268929907e-06,0.0,0.0,0.0,0.0,0.0,0.0,6.0
-0.6855,6.995317882157864,0.0013162114943349823,0.9980732554181646,0.0012804459063380995,-0.0002288530327110985,3.2971940864209655e-05,-3.1045269840076044e-06,0.0,0.0,0.0,0.0,0.0,0.0,6.0
-0.6825,6.994787279091887,0.001462947113513175,0.9978653834418801,0.0014002419615148812,-0.00024602262426221737,3.4607229755674056e-05,-3.091029939818508e-06,0.0,0.0,0.0,0.0,0.0,0.0,6.0
-0.6795,6.994205603508456,0.0016234861530644898,0.9976386839578892,0.0015287265029439077,-0.00026400589461564707,3.622490643019829e-05,-3.0514440039291932e-06,0.0,0.0,0.0,0.0,0.0,0.0,6.0
-0.6765,6.993568996384948,0.0017988433244090012,0.9973918603045233,0.0016662754328448707,-0.000282790893152769,3.781293734514348e-05,-2.9826050975948422e-06,0.0,0.0,0.0,0.0,0.0,0.0,6.0
-0.6735,6.992873415519001,0.0019900779601368522,0.9971235670911611,0.0018132540429731346,-0.00030235969926217923,3.9358377126015426e-05,-2.88125812221015e-06,0.0,0.0,0.0,0.0,0.0,0.0,6.0
-0.6705,6.992114637908573,0.002198293016893503,0.9968324125639547,0.0019700137732100794,-0.00032268803389135604,4.0847446775297216e-05,-2.7440853931225267e-06,0.0,0.0,0.0,0.0,0.0,0.0,6.0
-0.6675,6.991288263500557,0.0024246337183280427,0.9965169614578527,0.002136888811879822,-0.000343744921811648,4.226563319487799e-05,-2.567738794260357e-06,0.0,0.0,0.0,0.0,0.0,0.0,6.0
-0.6645,6.990389720374626,0.0026702858215793004,0.9961757383441747,0.002314192575146342,-0.0003654924141039781,4.3597810189706166e-05,-2.3488754816831414e-06,0.0,0.0,0.0,0.0,0.0,0.0,6.0
-0.6615,6.989414271418884,0.002936473495233883,0.9958072314760095,0.002502214107734152,-0.00038788538053000207,4.482838065128371e-05,-2.0841967623809643e-06,0.0,0.0,0.0,0.0,0.0,0.0,6.0
-0.6585,6.988357022540046,0.003224456801698737,0.9954098971260614,0.002701214452122247,-0.0004108713812444492,4.5941439050094776e-05,-1.7704895848381314e-06,0.0,0.0,0.0,0.0,0.0,0.0,6.0
-0.6555,6.987212932433661,0.003535528782482449,0.9949821644032941,0.0029114230379801427,-0.00043439062668035355,4.692095271970662e-05,-1.404669905150227e-06,0.0,0.0,0.0,0.0,0.0,0.0,6.0
-0.6525,6.9859768239198,0.003871012150927014,0.99452244052601,0.0031330341476351904,-0.00045837603343854694,4.775095972013253e-05,-9.838270327330179e-07,0.0,0.0,0.0,0.0,0.0,0.0,6.0
-0.6495,6.984643396827037,0.004232255603382518,0.9940291165200233,0.0033662035164801593,-0.0004827533826081532,4.841578035704126e-05,-5.052679239922933e-07,0.0,0.0,0.0,0.0,0.0,0.0,6.0
-0.6465,6.983207242383139,0.00462062976653991,0.9935005733016078,0.00361104512915182,-0.0005074415851717013,4.8900238744783474e-05,3.343971386095664e-08,0.0,0.0,0.0,0.0,0.0,0.0,6.0
-0.6435,6.981662859045113,0.005037522805460868,0.9929351880962104,0.0038676282727720303,-0.0005323530570385705,4.91898901766078e-05,6.344267135881538e-07,0.0,0.0,0.0,0.0,0.0,0.0,6.0
-0.6405,6.980004669675139,0.005484335723561755,0.9923313411358394,0.004135974907325694,-0.0005573942038555882,4.9271249547301e-05,1.2994853562050354e-06,0.0,0.0,0.0,0.0,0.0,0.0,6.0
-0.6375,6.978227039943141,0.005962477392206341,0.9916874225708592,0.004416057410211175,-0.0005824660131369351,4.9132015701674454e-05,2.030037081825008e-06,0.0,0.0,0.0,0.0,0.0,0.0,6.0
-0.6345,6.97632429781217,0.006473359353410081,0.9910018395259895,0.004707796747094393,-0.0006074647485428564,4.876128638876973e-05,2.827106092794248e-06,0.0,0.0,0.0,0.0,0.0,0.0,6.0
-0.6315,6.974290753940557,0.007018390444246954,0.9902730232258107,0.0050110611144830765,-0.0006322827383982888,4.814975850876089e-05,3.6912997825570313e-06,0.0,0.0,0.0,0.0,0.0,0.0,6.0
-0.6285,6.972120722815194,0.007598971295693429,0.9894994361122578,0.005325665091075862,-0.0006568092479208273,4.728990855657836e-05,4.6227967166562705e-06,0.0,0.0,0.0,0.0,0.0,0.0,6.0
-0.6255,6.969808544414515,0.008216488761698879,0.9886795788755292,0.005651369325198627,-0.0006809314222081592,4.617614858835144e-05,5.621342639909077e-06,0.0,0.0,0.0,0.0,0.0,0.0,6.0
-0.6225,6.967348606188092,0.00887231033614997,0.9878119973205572,0.005987880774849244,-0.0007045352849187868,4.480495364697848e-05,6.686254699216374e-06,0.0,0.0,0.0,0.0,0.0,0.0,6.0
-0.6195,6.964735365132118,0.009567778616052618,0.9868952889936913,0.006334853505423721,-0.000727506775876958,4.317495735278974e-05,7.816433773276334e-06,0.0,0.0,0.0,0.0,0.0,0.0,6.0
-0.6165,6.961963369737364,0.01030420586869966,0.9859281094983415,0.006691890038500414,-0.0007497328095576703,4.1287013258686866e-05,9.010384496472738e-06,0.0,0.0,0.0,0.0,0.0,0.0,6.0
-0.6135,6.959027281587426,0.0110828687588731,0.9849091784339469,0.0070585432335249386,-0.0007711023356723249,3.914422054460776e-05,1.026624228028473e-05,0.0,0.0,0.0,0.0,0.0,0.0,6.0
-0.6105,6.955921896390944,0.011905003289324548,0.9838372848994822,0.007434318673261813,-0.0007915073828380846,3.675191364080291e-05,1.158180637511447e-05,0.0,0.0,0.0,0.0,0.0,0.0,6.0
-0.6075,6.952642164240968,0.012771800003980687,0.9827112925106513,0.007818677513820269,-0.0008108440666470503,3.4117616379594004e-05,1.2954577801789773e-05,0.0,0.0,0.0,0.0,0.0,0.0,6.0
-0.6045,6.949183208908066,0.013684399498639066,0.9815301438886594,0.008211039751252872,-0.0008290135443186089,3.125096223868776e-05,1.4381800821197114e-05,0.0,0.0,0.0,0.0,0.0,0.0,6.0
-0.6015,6.945540345990408,0.01464388827846855,0.9802928645877808,0.008610787849451795,-0.0008459228995120179,2.8163583116929923e-05,1.5860506513790475e-05,0.0,0.0,0.0,0.0,0.0,0.0,6.0
-0.5985,6.941709099763793,0.015651294995528284,0.9789985664386092,0.009017270668569707,-0.000861485942785037,2.4868969839442563e-05,1.7387557018748873e-05,0.0,0.0,0.0,0.0,0.0,0.0,6.0
-0.5955,6.9376852185970455,0.016707587092910293,0.97764645029359,0.009429807629633458,-0.0008756239155090638,2.1382308195045178e-05,1.895968903125886e-05,0.0,0.0,0.0,0.0,0.0,0.0,6.0
-0.5925,6.933464688822813,0.017813667875153757,0.9762358081709887,0.009847693049487771,-0.0008882660877714965,1.7720294742894462e-05,2.057355528345579e-05,0.0,0.0,0.0,0.0,0.0,0.0,6.0
-0.5895,6.929043746980038,0.018970374017459678,0.9747660248025161,0.010270200580684152,-0.0008993502437439182,1.390093687708763e-05,2.2225762922547953e-05,0.0,0.0,0.0,0.0,0.0,0.0,6.0
-0.5865,6.9244188903715775,0.020178473519172648,0.9732365785981814,0.01069658769326083,-0.0009088230510552529,9.94334171070087e-06,2.3912907937065782e-05,0.0,0.0,0.0,0.0,0.0,0.0,6.0
-0.5835,6.919586885907485,0.021438664100228367,0.9716470420493639,0.011126100139277588,-0.0009166403137247747,5.867498250308164e-06,2.563160504770043e-05,0.0,0.0,0.0,0.0,0.0,0.0,6.0
-0.5805,6.914544777230433,0.022751572033029306,0.9699970815973754,0.011557976346088137,-0.0009227671109848656,1.694057108047612e-06,2.7378512742429052e-05,0.0,0.0,0.0,0.0,0.0,0.0,6.0
-0.5775,6.909289890143709,0.024117751396735193,0.968286456999827,0.011991451690185458,-0.0009271778267141544,-2.555888319965743e-06,2.9150353371062667e-05,0.0,0.0,0.0,0.0,0.0,0.0,6.0
-0.5745,6.9038198363828425,0.025537683736408877,0.9665150202309184,0.012425762609574734,-0.0009298560760894387,-6.861015650316175e-06,3.0943928398627146e-05,0.0,0.0,0.0,0.0,0.0,0.0,6.0
-0.5715,6.898132515788905,0.027011778105932444,0.9646827139543553,0.012860150518601331,-0.00093079453738193,-1.119997910924207e-05,3.275612903421341e-05,0.0,0.0,0.0,0.0,0.0,0.0,6.0
-0.5685,6.8922261169543,0.028540371471085398,0.9627895696091769,0.013293865494735557,-0.0009299946976203707,-1.5551604127922388e-05,3.458394250593825e-05,0.0,0.0,0.0,0.0,0.0,0.0,6.0
-0.5655,6.886099116421015,0.030123729447517022,0.9608357051494959,0.013726169711953957,-0.000927466521221062,-1.989506849188996e-05,3.642445425883949e-05,0.0,0.0,0.0,0.0,0.0,0.0,6.0
-0.5625,6.879750276517364,0.03176204734729406,0.9588213224793167,0.014156340600276667,-0.0009232280508853819,-2.4210067963789744e-05,3.827484635264514e-05,0.0,0.0,0.0,0.0,0.0,0.0,6.0
-0.5595,6.873178641924063,0.033455451506941146,0.9567467046233279,0.014583673716149282,-0.0009173049502888391,-2.847696470864975e-05,4.013239236999237e-05,0.0,0.0,0.0,0.0,0.0,0.0,6.0
-0.5565,6.86638353506524,0.03520400086910986,0.9546122126740203,0.015007485314206032,-0.0009097299985848272,-3.2676917356864134e-05,4.1994449262703765e-05,0.0,0.0,0.0,0.0,0.0,0.0,6.0
-0.5535,6.859364550426318,0.037007688789002964,0.9524182825546001,0.015427114617915723,-0.0009005425475969145,-3.679199217970506e-05,4.385844678499069e-05,0.0,0.0,0.0,0.0,0.0,0.0,6.0
-0.5505,6.85212154790899,0.03886644503545537,0.9501654216357799,0.015841925794741543,-0.0008897879536981113,-4.080525562752418e-05,4.572187547730231e-05,0.0,0.0,0.0,0.0,0.0,0.0,6.0
-0.5475,6.844654645343453,0.04078013795541137,0.9478542052423277,0.016251309650236277,-0.0008775169974429474,-4.470084933821733e-05,4.7582274512679216e-05,0.0,0.0,0.0,0.0,0.0,0.0,6.0
-0.5445,6.836964210287281,0.042748576769959544,0.9454852730819862,0.01665468506383618,-0.0008637853045578301,-4.846404954920361e-05,4.943722100213797e-05,0.0,0.0,0.0,0.0,0.0,0.0,6.0
-0.5415,6.829050851246147,0.04477151397074353,0.9430593256248568,0.01705150019546525,-0.000848652781322952,-5.2081313481235814e-05,5.1284322452230186e-05,0.0,0.0,0.0,0.0,0.0,0.0,6.0
-0.5385,6.820915408450843,0.04684864778801576,0.9405771204556977,0.017441233494783225,-0.0008321830752773399,-5.554031554165222e-05,5.312121387368061e-05,0.0,0.0,0.0,0.0,0.0,0.0,6.0
-0.5355,6.812558944315272,0.048979624706045825,0.9380394686153396,0.017823394542859024,-0.0008144430684658342,-5.8829976002024434e-05,5.494556051063379e-05,0.0,0.0,0.0,0.0,0.0,0.0,6.0
-0.5325,6.803982733682737,0.05116404200771049,0.9354472309411981,0.01819752474904267,-0.0007955024053702997,-6.194048412042529e-05,5.675506632119927e-05,0.0,0.0,0.0,0.0,0.0,0.0,6.0
-0.5295,6.795188253947881,0.05340145033699433,0.9328013144113904,0.018563197914840627,-0.0007754330518688937,-6.486331660187713e-05,5.8547487304071214e-05,0.0,0.0,0.0,0.0,0.0,0.0,6.0
-0.5265,6.786177175128071,0.05569135627457927,0.9301026684926266,0.01892002066369642,-0.0007543088757936865,-6.759125102382138e-05,6.0320647686512494e-05,0.0,0.0,0.0,0.0,0.0,0.0,6.0
-0.5235,6.776951349961263,0.058033224926490594,0.9273522814888845,0.01926763272318917,-0.0007322052346506175,-7.011837264442031e-05,6.207245603551938e-05,0.0,0.0,0.0,0.0,0.0,0.0,6.0
-0.5205,6.767512804129065,0.06042648252812421,0.9245511768862962,0.019605707036478643,-0.0007091985528352606,-7.244007209085929e-05,6.380091773411652e-05,0.0,0.0,0.0,0.0,0.0,0.0,6.0
-0.5175,6.757863726730118,0.0628705190657587,0.921700409691101,0.019933949674424422,-0.0006853658707193205,-7.455303096888746e-05,6.55041402396437e-05,0.0,0.0,0.0,0.0,0.0,0.0,6.0
-0.5145,6.748006461125852,0.06536469091521917,0.9188010627650205,0.02025209951978834,-0.0006607843535229792,-7.645519257196937e-05,6.71803284477543e-05,0.0,0.0,0.0,0.0,0.0,0.0,6.0
-0.5115,6.737943496207257,0.06790832349318965,0.9158542431791478,0.02055992770140073,-0.0006355307607874744,-7.814571569975561e-05,6.882776957096763e-05,0.0,0.0,0.0,0.0,0.0,0.0,6.0
-0.5085,6.727677457969873,0.07050071391106394,0.9128610786335262,0.02085723677026684,-0.0006096808969780513,-7.962491116821051e-05,7.044481006889418e-05,0.0,0.0,0.0,0.0,0.0,0.0,6.0
-0.5055,6.717211101070723,0.07314113361437757,0.9098227140185756,0.021143859631537705,-0.000583309085308244,-8.089416280209825e-05,7.202983054520299e-05,0.0,0.0,0.0,0.0,0.0,0.0,6.0
-0.5025,6.706547299875082,0.07582883098340448,0.9067403082128379,0.021419658273632746,-0.0005564877207750147,-8.195583715364156e-05,7.358122671668544e-05,0.0,0.0,0.0,0.0,0.0,0.0,6.0
-0.49950000000000006,6.695689038511862,0.07856303386411742,0.9036150312030302,0.021684522362065126,-0.0005292869539813562,-8.281318816807523e-05,7.509740400156442e-05,0.0,0.0,0.0,0.0,0.0,0.0,6.0
-0.49649999999999994,6.684639399740239,0.08134295199631135,0.9004480615664646,0.02193836778050397,-0.000501774528025396,-8.347026360131802e-05,7.657678904674584e-05,0.0,0.0,0.0,0.0,0.0,0.0,6.0
-0.49350000000000005,6.673401552983356,0.08416777931071359,0.8972405842753871,0.02218113519432088,-0.000474015739106145,-8.39318184001897e-05,7.801785404754931e-05,0.0,0.0,0.0,0.0,0.0,0.0,6.0
-0.49049999999999994,6.66197874256389,0.08703669608179523,0.8939937886887368,0.022412788675415653,-0.00044607343165228424,-8.420323625536745e-05,7.941914110247802e-05,0.0,0.0,0.0,0.0,0.0,0.0,6.0
-0.48750000000000004,6.650374277687281,0.089948870947051,0.8907088665287466,0.022633314364562188,-0.0004180078962600297,-8.429045490330897e-05,8.077926778814324e-05,0.0,0.0,0.0,0.0,0.0,0.0,6.0
-0.48449999999999993,6.638591525660761,0.092903462830732,0.8873870096495685,0.022842719076994103,-0.0003898765462881379,-8.419988553567948e-05,8.209689630987939e-05,0.0,0.0,0.0,0.0,0.0,0.0,6.0
-0.48150000000000004,6.62663390883195,0.09589962282808367,0.8840294075395639,0.023041028713047817,-0.0003617333355856156,-8.393831505361631e-05,8.337066105096245e-05,0.0,0.0,0.0,0.0,0.0,0.0,6.0
-0.4784999999999999,6.6145049036982595,0.09893649609865052,0.8806372447647186,0.0232282863619071,-0.0003336280485713416,-8.351278516301716e-05,8.459907342569609e-05,0.0,0.0,0.0,0.0,0.0,0.0,6.0
-0.47550000000000003,6.602208038196549,0.10201322377169185,0.8772116988735837,0.0234045501128716,-0.00030560579022101034,-8.293045554390954e-05,8.57804507583876e-05,0.0,0.0,0.0,0.0,0.0,0.0,6.0
-0.4724999999999999,6.5897468819586145,0.1051289447891747,0.8737539394325743,0.02356989079405758,-0.0002777070934456728,-8.219847527915043e-05,8.691292840867475e-05,0.0,0.0,0.0,0.0,0.0,0.0,6.0
-0.46950000000000003,6.577125026462141,0.10828279754025388,0.8702651285714624,0.02372439003849619,-0.0002499688754690411,-8.132389628976916e-05,8.79945877802843e-05,0.0,0.0,0.0,0.0,0.0,0.0,6.0
-0.4664999999999999,6.56434605817063,0.11147392113864998,0.8667464226182223,0.023868139068861895,-0.00022242597383614795,-8.03136518287186e-05,8.902366221985366e-05,0.0,0.0,0.0,0.0,0.0,0.0,6.0
-0.4635,6.551413534423154,0.11470145630110784,0.863198973549545,0.02400123830027109,-0.000195112473899613,-7.917459096196044e-05,8.999871066653995e-05,0.0,0.0,0.0,0.0,0.0,0.0,6.0
-0.4604999999999999,6.538330976616771,0.11796454598681985,0.8596239283908255,0.024123797334267557,-0.00016806168716217889,-7.791351567117702e-05,9.091860004575069e-05,0.0,0.0,0.0,0.0,0.0,0.0,6.0
-0.4575,6.525101729864126,0.12126233488488138,0.8560224454927567,0.02423593774229688,-0.00014131689127742963,-7.653758680186674e-05,9.178401354546034e-05,0.0,0.0,0.0,0.0,0.0,0.0,6.0
-0.4544999999999999,6.51173170803574,0.12459399032976744,0.8523953503139526,0.024337740663323847,-0.00011471423533454986,-7.504676692194197e-05,9.256699447675911e-05,0.0,0.0,0.0,0.0,0.0,0.0,6.0
-0.4515,6.498221318466764,0.12795868309759187,0.8487441437307667,0.02442930038435052,-8.851448486650473e-05,-7.344905681973019e-05,9.329893309253729e-05,0.0,0.0,0.0,0.0,0.0,0.0,6.0
-0.4484999999999999,6.484572460497129,0.13135554493326745,0.8450701315160914,0.024510824571136552,-6.285926509980969e-05,-7.175796399353823e-05,9.399521581105438e-05,0.0,0.0,0.0,0.0,0.0,0.0,6.0
-0.4455,6.4707893765244515,0.13478370970828116,0.8413743075298941,0.024582536583133197,-3.7703012423435505e-05,-6.998386179364991e-05,9.464585756758093e-05,0.0,0.0,0.0,0.0,0.0,0.0,6.0
-0.4424999999999999,6.456876155705001,0.1382423330310998,0.8376576649691598,0.024644626358207015,-1.3008298496939282e-05,-6.813415161730817e-05,9.524246606977894e-05,0.0,0.0,0.0,0.0,0.0,0.0,6.0
-0.4395,6.442836137325125,0.1417305825944241,0.8339212737456827,0.02469727297930603,1.1207583100030465e-05,-6.621594625750009e-05,9.578458949027544e-05,0.0,0.0,0.0,0.0,0.0,0.0,6.0
-0.4365000000000001,6.428672381677746,0.1452476297204289,0.8301662220754029,0.02474066578766571,3.49095037529972e-05,-6.423694486729747e-05,9.62746115183353e-05,0.0,0.0,0.0,0.0,0.0,0.0,6.0
-0.4335,6.414387989029659,0.14879264851701704,0.8263935757682883,0.024775006864662157,5.806910527477992e-05,-6.220513891773428e-05,9.671438194212214e-05,0.0,0.0,0.0,0.0,0.0,0.0,6.0
-0.4305000000000001,6.399986149452562,0.15236481780813596,0.8226043712957576,0.024800506250131703,8.066826794036435e-05,-6.012841431509824e-05,9.710474893842733e-05,0.0,0.0,0.0,0.0,0.0,0.0,6.0
-0.4275,6.385470105288323,0.15596332279231426,0.8187996201732576,0.024817377579008752,0.0001026958781709627,-5.801433511572234e-05,9.744599371451195e-05,0.0,0.0,0.0,0.0,0.0,0.0,6.0
-0.4245000000000001,6.370843117379888,0.1595873559492031,0.8149803131289238,0.02482583548905757,0.00012414501847806203,-5.587005679695485e-05,9.773819607639943e-05,0.0,0.0,0.0,0.0,0.0,0.0,6.0
-0.4215,6.3561084478526,0.16323611747069566,0.8111474223450509,0.024826094159465364,0.0001450115208767579,-5.370229662615957e-05,9.798140877818915e-05,0.0,0.0,0.0,0.0,0.0,0.0,6.0
-0.4185000000000001,6.34126935231965,0.16690881545515243,0.8073019026122776,0.024818366384828847,0.00016529329045947858,-5.151732680081804e-05,9.81757251430934e-05,0.0,0.0,0.0,0.0,0.0,0.0,6.0
-0.4155,6.326329075764272,0.1706046659728682,0.8034446920939675,0.02480286290693457,0.00018498993511057354,-4.932097847668337e-05,9.832130462391864e-05,0.0,0.0,0.0,0.0,0.0,0.0,6.0
-0.4125000000000001,6.311290849680436,0.1743228930417824,0.7995767129914405,0.024779791901746014,0.00020410250638826713,-4.711865266845778e-05,9.841838347557678e-05,0.0,0.0,0.0,0.0,0.0,0.0,6.0
-0.4095,6.296157889720728,0.17806272852751487,0.7956988721948347,0.02474935858301218,0.00022263328940374475,-4.491533613990989e-05,9.846727938720738e-05,0.0,0.0,0.0,0.0,0.0,0.0,6.0
-0.4065000000000001,6.280933393671146,0.1818234119745341,0.791812061933948,0.024711764902587644,0.00024058562477017508,-4.2715620936251554e-05,9.84683926793239e-05,0.0,0.0,0.0,0.0,0.0,0.0,6.0
-0.40349999999999997,6.265620539726758,0.18560419037356737,0.7879171604250852,0.02466720933215006,0.00025796375780446273,-4.052372638841294e-05,9.842220496620926e-05,0.0,0.0,0.0,0.0,0.0,0.0,6.0
-0.4005000000000001,6.250222485075259,0.18940431787040105,0.7840150325072055,0.0246158867118638,0.0002747727124640714,-3.8343522519567655e-05,9.832927581559465e-05,0.0,0.0,0.0,0.0,0.0,0.0,6.0
-0.39749999999999996,6.2347423648008915,0.19322305542196175,0.7801065302619729,0.02455798815158883,0.00029101818732146524,-3.617855387163177e-05,9.81902379052972e-05,0.0,0.0,0.0,0.0,0.0,0.0,6.0
-0.3945000000000001,6.219183291121517,0.19705967040656622,0.7761924936146168,0.024493700970438174,0.0003067064702167286,-3.4032062874592416e-05,9.800579120596027e-05,0.0,0.0,0.0,0.0,0.0,0.0,6.0
-0.39149999999999996,6.203548352970238,0.20091343619601487,0.7722737509149349,0.024423208661431734,0.0003218443677210214,-3.1907012034704435e-05,9.777669672349045e-05,0.0,0.0,0.0,0.0,0.0,0.0,6.0
-0.38850000000000007,6.187840615928259,0.2047836316972486,0.7683511194998403,0.024346690870072994,0.0003364391455160271,-2.980610443733664e-05,9.75037702733948e-05,0.0,0.0,0.0,0.0,0.0,0.0,6.0
-0.38549999999999995,6.172063122506372,0.20866954087020087,0.7644254062401893,0.02426432337894402,0.00035049847641147183,-2.7731802339823713e-05,9.718787661802692e-05,0.0,0.0,0.0,0.0,0.0,0.0,6.0
-0.38250000000000006,6.15621889275847,0.21257045222618992,0.7604974080749615,0.024176278094454644,0.00036403039393733685,-2.568634392913136e-05,9.682992409403934e-05,0.0,0.0,0.0,0.0,0.0,0.0,6.0
-0.37949999999999995,6.140310925194811,0.21648565830812475,0.7565679125351903,0.02408272303582564,0.00037704325099450624,-2.3671758572840198e-05,9.643085963662788e-05,0.0,0.0,0.0,0.0,0.0,0.0,6.0
-0.37650000000000006,6.124342197949505,0.2204144551507503,0.7526376982586414,0.023983822329167702,0.00038954568447469544,-2.168988103057308e-05,9.599166393413531e-05,0.0,0.0,0.0,0.0,0.0,0.0,6.0
-0.37349999999999994,6.108315670150527,0.22435614171708462,0.7487075354946902,0.023879736210273804,0.0004015465876024016,-1.9742365071960365e-05,9.551334637783271e-05,0.0,0.0,0.0,0.0,0.0,0.0,6.0
-0.37050000000000005,6.092234283444344,0.22831001930684247,0.7447781865977783,0.023770621038201833,0.00041305509169521024,-1.7830696770218146e-05,9.499693953480514e-05,0.0,0.0,0.0,0.0,0.0,0.0,6.0
-0.36749999999999994,6.076100963640972,0.23227539093421554,0.7408504065077457,0.02365662931836448,0.0004240805580701295,-1.595620746320773e-05,9.444349304940587e-05,0.0,0.0,0.0,0.0,0.0,0.0,6.0
-0.36450000000000005,6.05991862246551,0.2362515606754718,0.7369249432164541,0.023537909729790127,0.0004346325792273285,-1.4120086088837304e-05,9.385406711509251e-05,0.0,0.0,0.0,0.0,0.0,0.0,6.0
-0.36149999999999993,6.043690159423441,0.24023783299052026,0.7330025382222476,0.023414607147872565,0.0004447209867279855,-1.2323390406340711e-05,9.322972587641475e-05,0.0,0.0,0.0,0.0,0.0,0.0,6.0
-0.35850000000000004,6.027418463803408,0.24423351202575916,0.7290839269764328,0.023286862652458405,0.00045435586189043905,-1.0567056576547316e-05,9.257153125093527e-05,0.0,0.0,0.0,0.0,0.0,0.0,6.0
-0.3554999999999999,6.011106416848666,0.24823790090725814,0.7251698393284659,0.02315481351208689,0.0004635475449445875,-8.851906708243225e-06,9.188053766422695e-05,0.0,0.0,0.0,0.0,0.0,0.0,6.0
-0.35250000000000004,5.994756894125683,0.25225030103317847,0.7212609999783177,0.02301859313839098,0.00047230663873066507,-7.178654244839466e-06,9.115778807057063e-05,0.0,0.0,0.0,0.0,0.0,0.0,6.0
-0.3494999999999999,5.978372768107588,0.25627001137243527,0.7173581289451655,0.02287833100922318,0.0004806440042516485,-5.547907387642974e-06,9.040431142633342e-05,0.0,0.0,0.0,0.0,0.0,0.0,6.0
-0.34650000000000003,5.961956910974911,0.26029632777354217,0.7134619420611205,0.022734152563806266,0.0004885707470184389,-3.9601710414116064e-06,8.962112155322197e-05,0.0,0.0,0.0,0.0,0.0,0.0,6.0
-0.3434999999999999,5.945512197621321,0.26432854228415925,0.7095731514973054,0.022586179077021085,0.0004960981947538075,-2.415847954329667e-06,8.880921713207166e-05,0.0,0.0,0.0,0.0,0.0,0.0,6.0
-0.3405,5.929041508841521,0.2683659424788557,0.7056924663276872,0.022434527522103474,0.0005032378682807959,-9.152397736011014e-07,8.796958244661202e-05,0.0,0.0,0.0,0.0,0.0,0.0,6.0
-0.3374999999999999,5.91254773467389,0.27240781079051835,0.7018205931340458,0.022279310431321645,0.0005100014481185944,5.414513452334698e-07,8.710318846478814e-05,0.0,0.0,0.0,0.0,0.0,0.0,6.0
-0.3345,5.8960337778721525,0.2764534238398452,0.697958236653697,0.02212063576292065,0.000516400739415657,1.9541201158594194e-06,8.621099389286401e-05,0.0,0.0,0.0,0.0,0.0,0.0,6.0
-0.3314999999999999,5.8795025574866076,0.28050205175735327,0.6941061004703005,0.021958606780329976,0.00052244763748401,3.3227542487979226e-06,8.52939459377131e-05,0.0,0.0,0.0,0.0,0.0,0.0,6.0
-0.3285,5.8629570125439505,0.2845529574929592,0.6902648877473124,0.021793321947006495,0.000528154095555562,4.647429308463394e-06,8.435298063270305e-05,0.0,0.0,0.0,0.0,0.0,0.0,6.0
-0.3254999999999999,5.8464001058231,0.2886053961090831,0.6864353020033459,0.021624874837912936,0.0005335320956610283,5.928302451161375e-06,8.338902269406707e-05,0.0,0.0,0.0,0.0,0.0,0.0,6.0
-0.3225,5.829834827731061,0.2926586140540432,0.682618047928688,0.021453354066880186,0.0005385936229032204,7.165605305503701e-06,8.240298495802232e-05,0.0,0.0,0.0,0.0,0.0,0.0,6.0
-0.3194999999999999,5.813264200286596,0.29671184841302967,0.6788138322423488,0.02127884322811187,0.0005433506429461656,8.359636303565608e-06,8.139576749724939e-05,0.0,0.0,0.0,0.0,0.0,0.0,6.0
-0.3165,5.7966912812204265,0.3007643261340916,0.6750233645891062,0.02110142084980512,0.0005478150823007568,9.510752767073241e-06,8.036825653062115e-05,0.0,0.0,0.0,0.0,0.0,0.0,6.0
-0.3134999999999999,5.7801191681992155,0.3048152632263813,0.6712473584759562,0.02092116035808951,0.0005519988109270633,1.0619363016992873e-05,7.932132323066815e-05,0.0,0.0,0.0,0.0,0.0,0.0,6.0
-0.3105,5.763551003177567,0.3088638639274884,0.6674865322471364,0.02073813005000701,0.0005559136267329968,1.1685918725299099e-05,7.825582251054809e-05,0.0,0.0,0.0,0.0,0.0,0.0,6.0
-0.3075000000000001,5.746989976878666,0.31290931983622067,0.6637416100964403,0.020552393074853445,0.0005595712416649813,1.271090767940936e-05,7.717259184587876e-05,0.0,0.0,0.0,0.0,0.0,0.0,6.0
-0.3045,5.730439333400546,0.3169508090068025,0.6600133231149332,0.020364007423734246,0.0005629832691982601,1.3694847090929527e-05,7.60724501643707e-05,0.0,0.0,0.0,0.0,0.0,0.0,6.0
-0.3015000000000001,5.713902374941916,0.3209874950002855,0.6563024103714727,0.020173025927589974,0.0005661612131033901,1.463827755276534e-05,7.495619682150437e-05,0.0,0.0,0.0,0.0,0.0,0.0,6.0
-0.2985,5.6973824666392225,0.32501852588908997,0.6526096200226601,0.019979496264225727,0.0005691164573798851,1.554175772957893e-05,7.382461067361461e-05,0.0,0.0,0.0,0.0,0.0,0.0,6.0
-0.2955000000000001,5.680883041504831,0.3290430332110606,0.6489357104480882,0.019783460975085276,0.0005718602572003557,1.640585985048036e-05,7.26784492597163e-05,0.0,0.0,0.0,0.0,0.0,0.0,6.0
-0.2925,5.664407605455086,0.33306013087022207,0.6452814514059806,0.01958495749273348,0.0005744037306286828,1.7231166053780604e-05,7.151844810624932e-05,0.0,0.0,0.0,0.0,0.0,0.0,6.0
-0.2895000000000001,5.647959742415603,0.33706891398254796,0.6416476252035674,0.019384018180310533,0.0005767578507722854,1.8018265607898176e-05,7.034532017300775e-05,0.0,0.0,0.0,0.0,0.0,0.0,6.0
-0.2865,5.631543119489702,0.341068457666459,0.6380350278757432,0.019180670384653757,0.0005789334379367418,1.8767752998715988e-05,6.915975546099562e-05,0.0,0.0,0.0,0.0,0.0,0.0,6.0
-0.2835000000000001,5.615161492173499,0.3450578157794148,0.6344444703646699,0.018974936505341062,0.0005809411512765469,1.9480226834163252e-05,6.79624208041078e-05,0.0,0.0,0.0,0.0,0.0,0.0,6.0
-0.28049999999999997,5.598818709598023,0.3490360196038125,0.6308767796919392,0.01876683408257261,0.0005827914793938391,2.015628947551945e-05,6.675395986671141e-05,0.0,0.0,0.0,0.0,0.0,0.0,6.0
-0.2775000000000001,5.582518719774318,0.3530020764874493,0.6273328001136352,0.018556375907503208,0.0005844947293218326,2.0796547267385217e-05,6.553499337044534e-05,0.0,0.0,0.0,0.0,0.0,0.0,6.0
-0.27449999999999997,5.5662655748121255,0.3569549684460288,0.6238133942470897,0.01834357015929899,0.0005860610133390105,2.1401611209136574e-05,6.430611957734117e-05,0.0,0.0,0.0,0.0,0.0,0.0,6.0
-0.2715000000000001,5.5500634360759795,0.3608936507376209,0.6203194441562802,0.018128420573745717,0.0005875002330776807,2.197209789259802e-05,6.306791506466964e-05,0.0,0.0,0.0,0.0,0.0,0.0,6.0
-0.26849999999999996,5.533916579235046,0.3648170504216394,0.6168518523806922,0.017910926648639726,0.0005888220604119898,2.2508630523610274e-05,6.182093583973744e-05,0.0,0.0,0.0,0.0,0.0,0.0,6.0
-0.26550000000000007,5.5178293991544205,0.36872406491781523,0.6134115428900957,0.017691083891424958,0.0005900359146265007,2.3011839846125676e-05,6.0565718859832724e-05,0.0,0.0,0.0,0.0,0.0,0.0,6.0
-0.26249999999999996,5.501806414566299,0.37261356058383893,0.609999461945152,0.01746888411461155,0.0005911509353765664,2.3482364791383193e-05,5.930278404186476e-05,0.0,0.0,0.0,0.0,0.0,0.0,6.0
-0.25950000000000006,5.485852272449594,0.3764843713338359,0.6066165788411455,0.01724431578446129,0.0005921759509636066,2.392085267521254e-05,5.803263686533431e-05,0.0,0.0,0.0,0.0,0.0,0.0,6.0
-0.25649999999999995,5.469971752036163,0.3803352973236086,0.6032638865095431,0.01701736442829145,0.0005931194414709296,2.4327958757941124e-05,5.6755771688544284e-05,0.0,0.0,0.0,0.0,0.0,0.0,6.0
-0.25350000000000006,5.454169768351155,0.384165103732577,0.5999424019496041,0.016788013105574384,0.0005939894963549434,2.4704344959461104e-05,5.547267590879344e-05,0.0,0.0,0.0,0.0,0.0,0.0,6.0
-0.25049999999999994,5.438451375184187,0.38797251967649216,0.5966531664599968,0.016556242947823284,0.0005947937661760805,2.5050677484717014e-05,5.418383510106474e-05,0.0,0.0,0.0,0.0,0.0,0.0,6.0
-0.24750000000000005,5.422821767377427,0.3917562372891617,0.5933972456383886,0.01632203377205678,0.0005955394082973396,2.5367623063159835e-05,5.28897392656597e-05,0.0,0.0,0.0,0.0,0.0,0.0,6.0
-0.24449999999999994,5.407286282306351,0.3955149110154428,0.5901757291153363,0.016085364772410727,0.0005962330265821415,2.5655843442079472e-05,5.1590890303945807e-05,0.0,0.0,0.0,0.0,0.0,0.0,6.0
-0.24150000000000005,5.39185040041979,0.39924715716142667,0.5869897299875643,0.01584621529418781,0.0005968806053880439,2.591598770188741e-05,5.028781082454499e-05,0.0,0.0,0.0,0.0,0.0,0.0,6.0
-0.23849999999999993,5.376519744698252,0.40295155375083097,0.5838403839149288,0.015604565694272814,0.000597487438470733,2.6148681884899454e-05,4.898105436276307e-05,0.0,0.0,0.0,0.0,0.0,0.0,6.0
-0.23550000000000004,5.361300078884847,0.4066266407388507,0.5807288478450628,0.015360398291385982,0.0005980580537650816,2.635451534920702e-05,4.7671217077863224e-05,0.0,0.0,0.0,0.0,0.0,0.0,6.0
-0.23249999999999993,5.346197304342468,0.41027092063583076,0.5776562983299363,0.015113698409118708,0.0005985961353689434,2.6534023174413862e-05,4.635895098081497e-05,0.0,0.0,0.0,0.0,0.0,0.0,6.0
-0.22950000000000004,5.331217455396576,0.4138828595927499,0.5746239293993535,0.01486445551419108,0.0005991044443869803,2.668766384984855e-05,4.504497874521016e-05,0.0,0.0,0.0,0.0,0.0,0.0,6.0
-0.22649999999999992,5.3163666930372555,0.41746088899831385,0.5716329499577798,0.01461266445203714,0.0005995847405448368,2.6815791357453962e-05,4.373011017358719e-05,0.0,0.0,0.0,0.0,0.0,0.0,6.0
-0.22350000000000003,5.301651296880734,0.4210034076329933,0.5686845806727899,0.014358326781941362,0.0006000377066037741,2.6918620602485887e-05,4.2415260439043696e-05,0.0,0.0,0.0,0.0,0.0,0.0,6.0
-0.22049999999999992,5.287077655333834,0.4245087844181303,0.5657800503257819,0.014101452214900924,0.0006004628775201524,2.699618492084981e-05,4.110147030876451e-05,0.0,0.0,0.0,0.0,0.0,0.0,6.0
-0.21750000000000003,5.272652253970811,0.42797536178762513,0.5629205915982077,0.013842060159735149,0.0006008585759136683,2.704828406788794e-05,3.978992869617772e-05,0.0,0.0,0.0,0.0,0.0,0.0,6.0
-0.2144999999999999,5.25838166222888,0.43140145969492516,0.5601074362691193,0.013580181387482473,0.0006012218546165864,2.7074420623863077e-05,3.848199810079094e-05,0.0,0.0,0.0,0.0,0.0,0.0,6.0
-0.21150000000000002,5.244272518667334,0.43478538024802327,0.5573418098017713,0.013315859831879228,0.0006015484457250745,2.707372207468763e-05,3.717924380463199e-05,0.0,0.0,0.0,0.0,0.0,0.0,6.0
-0.2084999999999999,5.230331515230413,0.43812541293855684,0.5546249252975617,0.013049154556163928,0.0006018327134606638,2.70448448590956e-05,3.588346813644263e-05,0.0,0.0,0.0,0.0,0.0,0.0,6.0
-0.20550000000000002,5.216565381225977,0.4414198403960725,0.5519579767934986,0.01278014193557529,0.0006020676050130898,2.6985855302123925e-05,3.459675173644055e-05,0.0,0.0,0.0,0.0,0.0,0.0,6.0
-0.2024999999999999,5.202980868107932,0.4446669445526676,0.5493421318728671,0.012508918133394496,0.0006022445890252206,2.6894080424757705e-05,3.332150461980175e-05,0.0,0.0,0.0,0.0,0.0,0.0,6.0
-0.1995,5.189584736666979,0.4478650130433836,0.5467785235452902,0.012235601989810205,0.0006023535650469772,2.676591892120524e-05,3.2060531031879224e-05,0.0,0.0,0.0,0.0,0.0,0.0,6.0
-0.1964999999999999,5.176383748940527,0.45101234558982956,0.5442682413282962,0.011960338501946405,0.0006023827185726444,2.659659884998236e-05,3.0817113723942217e-05,0.0,0.0,0.0,0.0,0.0,0.0,6.0
-0.1935,5.163384668111604,0.45410726001358787,0.5418123214228601,0.01168330315591795,0.0006023182845605287,2.6379863439033873e-05,2.959512549068677e-05,0.0,0.0,0.0,0.0,0.0,0.0,6.0
-0.1904999999999999,5.150594270954664,0.45714809739669177,0.5394117358133439,0.01140470748430924,0.0006021441671027485,2.610755944854026e-05,2.839917874220879e-05,0.0,0.0,0.0,0.0,0.0,0.0,6.0
-0.1875,5.138019379084035,0.46013322574488574,0.5370673800288313,0.01112480637077102,0.0006018413441616336,2.576909337780365e-05,2.7234827634815875e-05,0.0,0.0,0.0,0.0,0.0,0.0,6.0
-0.1845000000000001,5.125666917431727,0.4630610413163721,0.5347800591666103,0.010843907809372527,0.0006013869652852642,2.5350709237304777e-05,2.6108841822491135e-05,0.0,0.0,0.0,0.0,0.0,0.0,6.0
-0.1815,5.113544011035284,0.4659299665651481,0.5325504715863161,0.010562386043084555,0.000600753030498822,2.4834527863058314e-05,2.502957591155142e-05,0.0,0.0,0.0,0.0,0.0,0.0,6.0
-0.1785000000000001,5.101658134273361,0.468738443438553,0.5303791894223648,0.010280699233411848,0.0005999045265261452,2.4197272716742844e-05,2.4007463543969328e-05,0.0,0.0,0.0,0.0,0.0,0.0,6.0
-0.1755,5.090017329995332,0.4714849205959777,0.5282666347256718,0.00999941302157034,0.0005987968998256252,2.340859218089265e-05,2.3055668837082115e-05,0.0,0.0,0.0,0.0,0.0,0.0,6.0
-0.1725000000000001,5.078630519519091,0.4741678329877454,0.5262130496396343,0.009719231514328885,0.000597372766637599,2.2428874117179273e-05,2.2190930427179525e-05,0.0,0.0,0.0,0.0,0.0,0.0,6.0
-0.16949999999999998,5.067507928877369,0.47678557204448796,0.5242184585675149,0.009441037431603301,0.0005955577771982758,2.1206431000744426e-05,2.143463712114146e-05,0.0,0.0,0.0,0.0,0.0,0.0,6.0
-0.1665000000000001,5.056661664589339,0.47933644407772147,0.522282619845933,0.009165943686084407,0.0005932554862355399,1.96738970214211e-05,2.0814188709478207e-05,0.0,0.0,0.0,0.0,0.0,0.0,6.0
-0.16349999999999998,5.046106490350884,0.4818186123975227,0.5204049640344245,0.008895360302290198,0.0005903407487041281,1.774358053592576e-05,2.036474406288304e-05,0.0,0.0,0.0,0.0,0.0,0.0,6.0
-0.1605000000000001,5.035860898378254,0.48423001330847104,0.5185845153688982,0.008631084805503618,0.0005866502568136191,1.5301277105842705e-05,2.0131581139431212e-05,0.0,0.0,0.0,0.0,0.0,0.0,6.0
-0.15749999999999997,5.0259483420327475,0.48656822189119736,0.5168198224562222,0.008375438873262954,0.0005819585777014688,1.2196940484293942e-05,2.017413435949359e-05,0.0,0.0,0.0,0.0,0.0,0.0,6.0
-0.15450000000000008,5.016549653398422,0.48883220234744573,0.5150929451755405,0.008126604609440877,0.0005803812348343975,9.25411411183106e-06,2.0507846411280405e-05,0.0,0.0,0.0,0.0,0.0,0.0,6.0
-0.15149999999999997,5.006585089414023,0.4911054548516274,0.5134687568997234,0.007802812642472218,0.0005783788855033252,1.4360132789907186e-05,1.9073038490622824e-05,-9.806597169395704e-07,5.95264484254139e-07,-1.4832087827295957e-07,2.0633849402251278e-08,0.0,0.0,10.0
-0.14850000000000008,4.997248709375449,0.4932655896737745,0.5118921403541697,0.007532137424389994,0.0005732509108570981,1.2892063921716202e-05,1.90111532290627e-05,-1.1937816333582306e-06,6.876674185254193e-07,-1.6133362364296883e-07,2.206996142583992e-08,0.0,0.0,10.0
-0.14549999999999996,4.988176313075145,0.49535896723532585,0.510373899124553,0.007264178433495511,0.0005679862853059423,1.1344008716211748e-05,1.9035931679619602e-05,-1.4371602055227484e-06,7.827254292631369e-07,-1.7574195815874514e-07,2.384291798777278e-08,0.0,0.0,10.0
-0.14250000000000007,4.97936543026165,0.49738596121135137,0.5089135174863035,0.0069990281056828115,0.0005626117034976405,9.719520655061089e-06,1.9147548194985752e-05,-1.71307747856437e-06,8.817931951123654e-07,-1.915955720124512e-07,2.591146404623926e-08,0.0,0.0,10.0
-0.13949999999999996,4.970814823798793,0.49934685863461586,0.5075103201960143,0.006736995850767591,0.0005571523531837235,7.99533090047712e-06,1.9350367378886325e-05,-2.021996717633019e-06,9.857406200382451e-07,-2.09054895713225e-07,2.8282443720263872e-08,0.0,0.0,10.0
-0.13650000000000007,4.962522549517615,0.5012420931281859,0.5061635494484449,0.006478357625121418,0.0005516386894559315,6.149270415494474e-06,1.9649068133462825e-05,-2.364675896901369e-06,1.0954546368953563e-06,-2.2828861981967948e-07,3.096660983843654e-08,0.0,0.0,10.0
-0.13349999999999995,4.954486018969042,0.5030722359597172,0.5048723722311892,0.0062233540684233065,0.0005461069276969934,4.160176480196299e-06,2.004857285570497e-05,-2.7421725819350216e-06,1.2118542795255279e-06,-2.494750628082338e-07,3.397808599871942e-08,0.0,0.0,10.0
-0.13050000000000006,4.9467020434630875,0.5048379862176667,0.5036358902883041,0.005972189174394814,0.0005405987433670807,2.0077616832983005e-06,2.0554055454065304e-05,-3.155848208436108e-06,1.335900367238751e-06,-2.728037227840093e-07,3.7334181932764894e-08,0.0,0.0,10.0
-0.12749999999999995,4.9391668660945465,0.5065401603689039,0.5024531515075865,0.005725029531022582,0.0005351605571787053,-3.275281064861081e-07,2.1170989455470396e-05,-3.607374292818112e-06,1.4686029272710583e-06,-2.984768909724206e-07,4.10553745238945e-08,0.0,0.0,10.0
-0.12450000000000006,4.931876190210367,0.5081796813044224,0.5013231615510175,0.005482004313611043,0.0005298427068842034,-2.8646779280206924e-06,2.1905212280016815e-05,-4.098739834470994e-06,1.6110279297390116e-06,-3.2671135522768387e-07,4.516537531764954e-08,0.0,0.0,10.0
-0.12149999999999994,4.924825209061357,0.5097575671494102,0.5002448949334124,0.005243205992911568,0.0005246986879712636,-5.622289482760972e-06,2.2762991827984322e-05,-4.632259758607564e-06,1.7643042326326018e-06,-3.5774020808311674e-07,4.969124076984889e-08,0.0,0.0,10.0
-0.11850000000000005,4.9180086381481605,0.5112749201834711,0.4992173051114084,0.005008691610239809,0.0005197845474903673,-8.61878293277935e-06,2.375108945325176e-05,-5.210584512138359e-06,1.9296311169106395e-06,-3.918147678970768e-07,5.4663507947657296e-08,0.0,0.0,10.0
-0.11549999999999994,4.911420749625341,0.5127329162171979,0.49823933340272825,0.004778484436004022,0.0005151584530975855,-1.187260831227176e-05,2.487681816379945e-05,-5.836710986931203e-06,2.1082864884087526e-06,-4.292066204659072e-07,6.011635369922635e-08,0.0,0.0,10.0
-0.11250000000000004,4.905055406999853,0.5141327947323536,0.4973099167158483,0.004552575832861851,0.0005108804281995775,-1.5402460992374376e-05,2.614809704874852e-05,-6.513994913911748e-06,2.301635691298685e-06,-4.702097895247815e-07,6.608778191381717e-08,0.0,0.0,10.0
-0.10949999999999993,4.898906097954494,0.5154758500357843,0.49642799416028344,0.004330927166030406,0.0005070122329833778,-1.92274969168781e-05,2.7573503452151677e-05,-7.246164815045852e-06,2.5111408510225955e-06,-5.151430462775325e-07,7.261984489304951e-08,0.0,0.0,10.0
-0.10650000000000004,4.892965963135471,0.5167634236141416,0.4955925126573137,0.00411347162843395,0.0005036173699749408,-2.3367544395635103e-05,2.9162324156624516e-05,-8.037337548086172e-06,2.7383706856468623e-06,-5.643523697141678e-07,7.975890394292135e-08,0.0,0.0,10.0
-0.10349999999999993,4.887227818944728,0.517996897813493,0.49480243170115096,0.003900115872571259,0.0005007611948454536,-2.7843309948715993e-05,3.092460635666451e-05,-8.89203543553175e-06,2.9850107562725988e-06,-6.182135706303309e-07,8.755593285688951e-08,0.0,0.0,10.0
-0.10050000000000003,4.8816841726552695,0.5191776909076435,0.4940567274414658,0.0036907413634113626,0.0004985111153059233,-3.267657607738111e-05,3.2871208732600836e-05,-9.815204925858702e-06,3.2528741515697234e-06,-6.771350926765778e-07,9.606686673425043e-08,0.0,0.0,10.0
-0.09749999999999992,4.87632722847997,0.5203072535632001,0.49335439627226835,0.0034852053875379582,0.0004969368623876486,-3.789038895094405e-05,3.5013852509750156e-05,-1.081223667851045e-05,3.543912613104864e-06,-7.415610030252398e-07,1.0535299762900617e-07,0.0,0.0,10.0
-0.09450000000000003,4.871148883562778,0.5213870666597519,0.4926944581185012,0.003283341673110955,0.0004961108195367914,-4.350923384006052e-05,3.7365171938096226e-05,-1.1888986880576047e-05,3.860228106137181e-06,-8.119741827325759e-07,1.154814176272057e-07,0.0,0.0,10.0
-0.09149999999999991,4.866140713220392,0.5224186403817531,0.49207595960957323,0.003084960592420631,0.0004961083961501433,-4.955919564504365e-05,3.993876308146489e-05,-1.3051799479618056e-05,4.2040848241346055e-06,-8.888997218422272e-07,1.2652550885690956e-07,0.0,0.0,10.0
-0.08850000000000002,4.861293945125682,0.52340351446617,0.4914979773193211,0.00288984893308045,0.0004970084334773226,-5.606810099830151e-05,4.2749229119772634e-05,-1.4307528842950179e-05,4.577921582050443e-06,-9.729085159810417e-07,1.3856547848989044e-07,0.0,0.0,10.0
-0.08549999999999991,4.856599422465991,0.5243432594673161,0.49095962123696113,0.0026977692346893604,0.0004988936319100336,-6.30656371384791e-05,4.581221954467629e-05,-1.566356212258164e-05,4.9843645005578335e-06,-1.064621049171177e-06,1.5168893496433394e-07,0.0,0.0,10.0
-0.08250000000000002,4.85204755640125,0.5252394788872683,0.4904600386167799,0.002508458694927325,0.000501850989179902,-7.05834411149053e-05,4.914445971063083e-05,-1.7127840320143487e-05,5.4262398101344995e-06,-1.1647113319280965e-06,1.6599149951754002e-07,0.0,0.0,10.0
-0.0794999999999999,4.847628268367307,0.5260938120155636,0.48999841833880425,0.002321627652792801,0.0005059722386816218,-7.86551510604346e-05,5.276376627621574e-05,-1.8708876725916025e-05,5.906586513989998e-06,-1.273910945487311e-06,1.8157744485156508e-07,0.0,0.0,10.0
-0.07650000000000001,4.843330922907694,0.5269079373235772,0.4895739959010275,0.002136957657448386,0.0005113542762061541,-8.73164095905526e-05,5.6689043270756355e-05,-2.0415771091442366e-05,6.428668553328462e-06,-1.393013124551504e-06,1.9856035067282521e-07,0.0,0.0,10.0
-0.0734999999999999,4.839144251774944,0.5276835762646664,0.48918605915748103,0.0019540991292406914,0.0005180995624733211,-9.660480833676344e-05,6.094025304566571e-05,-2.225821765423198e-05,6.995986036803136e-06,-1.522876796167469e-06,2.170637644140013e-07,0.0,0.0,10.0
-0.07050000000000001,4.8350562700346,0.5284224973383173,0.48883395491606785,0.0017726686149122613,0.0005263164891414607,-0.00010655976285828606,6.55383564806607e-05,-2.4246505062027958e-05,7.612285056126473e-06,-1.6644304866837345e-06,2.3722185529620584e-07,0.0,0.0,10.0
-0.0674999999999999,4.83105418485433,0.5291265202827984,0.48851709651529995,0.0015922456314573096,0.0005361196989552944,-0.00011722230948289276,7.05052178292738e-05,-2.6391506461488703e-05,8.281565645782274e-06,-1.8186760188517243e-06,2.591800517931771e-07,0.0,0.0,10.0
-0.0645,4.827124297594798,0.5297975202642411,0.4882349725089019,0.001412369081875081,0.0005476303580283445,-0.00012863482083589158,7.586347184402913e-05,-2.8704658647277416e-05,9.008087592348682e-06,-1.9866919539905465e-06,2.8309565733679444e-07,0.0,0.0,10.0
-0.06150000000000011,4.823251899767825,0.530437431929158,0.48798715660007236,0.001232533210777954,0.000560976391417358,-0.00014084064565879015,8.163635461467045e-05,-3.119793031913231e-05,9.796374087983095e-06,-2.1696367956178204e-06,3.0913844745321864e-07,0.0,0.0,10.0
-0.058499999999999996,4.819421163418197,0.5310482531813895,0.48777331898084303,0.0010521830485938277,0.0005762927130156905,-0.00015388369142035053,8.784750504183777e-05,-3.388378122021239e-05,1.0651213667722977e-05,-2.3687520639299697e-06,3.3749126377729483e-07,0.0,0.0,10.0
-0.055500000000000105,4.815615026542969,0.5316320485332127,0.48759323924343456,0.0008707092715247277,0.0005937215071879791,-0.00016780798505066803,9.452075096465069e-05,-3.67751161911507e-05,1.157766146003134e-05,-2.58536547273421e-06,3.683506362601268e-07,0.0,0.0,10.0
-0.05249999999999999,4.811815074305108,0.5321909518647215,0.48744682103576115,0.0006874423839207099,0.0006134126507915793,-0.00018265726692163076,0.00010167990221257522,-3.9885240803735786e-05,1.2581041467847197e-05,-2.820894582544725e-06,4.0192748315989566e-07,0.0,0.0,10.0
-0.0495000000000001,4.808001417037672,0.5327271684077255,0.4873341086270212,0.0005016461159133705,0.000635524396724039,-0.00019847469393981652,0.00010934858136100664,-4.322782791777115e-05,1.3666952296079054e-05,-3.0768514479640174e-06,4.3844795681904397e-07,0.0,0.0,10.0
-0.046499999999999986,4.804152566368316,0.533242975754275,0.48725530552532614,0.00031250992950333795,0.000660224468365341,-0.00021530274612848306,0.00011755013036574081,-4.681690676758144e-05,1.4841279325011923e-05,-3.3548488985608364e-06,4.781545184467173e-07,0.0,0.0,10.0
-0.043500000000000094,4.80024531119975,0.533740723681818,0.48721079524077004,0.00011914054917762234,0.0006876917309748656,-0.00023318344308999293,0.00012630763576312125,-5.0666887452681274e-05,1.6110216643993113e-05,-3.656609158727479e-06,5.213073329952795e-07,0.0,0.0,10.0
-0.04049999999999998,4.796254595712724,0.5342228325955771,0.48720116420818543,-7.944751362807527e-05,0.0007181186029025353,-0.0002521589772907593,0.0001356441147749103,-5.479263336667136e-05,1.7480301946283452e-05,-3.9839754903342e-06,5.68186071333187e-07,0.0,0.0,10.0
-0.03750000000000009,4.792153401943659,0.5346917904238735,0.48722722677034325,-0.0002843423835196454,0.0007517143380704522,-0.0002722728552560285,0.00014558289759764056,-5.920959161031223e-05,1.8958466907587744e-05,-4.3389274038254265e-06,6.190921874395039e-07,0.0,0.0,10.0
-0.034499999999999975,4.787912639752233,0.5351501478717243,0.4872900519746022,-0.0004967460043040751,0.0007887092448403473,-0.0002935716016982077,0.0001561482260971577,-6.393398646188758e-05,2.0552104246869772e-05,-4.723599711938497e-06,6.743517010748582e-07,0.0,0.0,10.0
-0.031500000000000083,4.783501047086356,0.5356005120433491,0.48739099175846506,-0.0007179857267874184,0.0008293598018212435,-0.00031610702403724034,0.000167366065833432,-6.898307350816636e-05,2.2269150703559813e-05,-5.140305297430121e-06,7.343184618169966e-07,0.0,0.0,10.0
-0.02849999999999997,4.77888510339158,0.5360455385756301,0.48753170990037015,-0.0009495257397530854,0.000873954490682653,-0.0003399389582580037,0.00017926509804199188,-7.437544247755268e-05,2.4118182671351686e-05,-5.591560957638848e-06,7.99377802448179e-07,0.0,0.0,10.0
-0.025500000000000078,4.774028958899493,0.5364879225614962,0.48771421090196293,-0.0011929775457543074,0.0009228199996296275,-0.0003651383287912134,0.00019187782380167425,-8.01313460283684e-05,2.610851843054601e-05,-6.080115124533614e-06,8.699504159295535e-07,0.0,0.0,10.0
-0.022499999999999964,4.768894382500282,0.5369303886609382,0.48794086775983414,-0.0014501084338499803,0.0009763272782546491,-0.0003917902666856046,0.00020524167854972294,-8.627302103548978e-05,2.825031815031762e-05,-6.6089757095305565e-06,9.46496220625385e-07,0.0,0.0,10.0
-0.019500000000000073,4.763440731024879,0.5373756808839772,0.48821444739589553,-0.0017228466790181864,0.0010348967738426215,-0.0004199969561979627,0.00021940002678311695,-9.282495994000326e-05,3.055467050284059e-05,-7.18143586888956e-06,1.0295179236990787e-06,0.0,0.0,10.0
-0.01649999999999996,4.757624942936764,0.5378265525890782,0.48853813237366284,-0.0020132820678926073,0.0010990020862117783,-0.00044987983501123575,0.00023440288984138952,-9.981408428687077e-05,3.303365328685755e-05,-7.801095206198858e-06,1.1195639617252068e-06,0.0,0.0,10.0
-0.013500000000000068,4.751401559443889,0.5382857572860262,0.48891553747247335,-0.0023236603901481334,0.0011691712778499662,-0.0004815807708963969,0.0002503072591473752,-0.00010726977232981435,3.5700355289966034e-05,-8.471873884397919e-06,1.217230496417655e-06,0.0,0.0,10.0
-0.010499999999999954,4.74472277576034,0.5387560408593353,0.4893507197678585,-0.002656370800969325,0.0012459851937399922,-0.0005152618880597544,0.0002671768669532322,-0.00011522369863357016,3.8568847958649295e-05,-9.198017342799388e-06,1.3231621743831171e-06,0.0,0.0,10.0
-0.007500000000000062,4.737538524870721,0.5392401357913265,0.4898481811054118,-0.0030139254544649845,0.0013300723882853725,-0.0005511038256658465,0.0002850813282395119,-0.00012370945613137275,4.165409827906855e-05,-9.98408979953312e-06,1.4380514221923269e-06,0.0,0.0,10.0
-0.0044999999999999485,4.729796596139008,0.5397407577969857,0.49041286225717984,-0.0033989314750897184,0.0014221006119373872,-0.000589302377849779,0.0003040946296247334,-0.00013276194919788185,4.4971818327848464e-05,-1.0834955421993453e-05,1.562636137145312e-06,0.0,0.0,10.0
-0.0015000000000000568,4.721442791732198,0.5402606049632193,0.4910501285800943,-0.003814056100387892,0.0015227652461936411,-0.0006300636756632873,0.00032429301845886987,-0.0001424165681420362,4.8538251780419744e-05,-1.1755746885573582e-05,1.697695739393191e-06,0.0,0.0,10.0
0.0015000000000000568,4.712421124731956,0.5408023590834113,0.4917657476079716,-0.004261986643587084,0.001632775545868421,-0.0006735982985774038,0.0003457524277580007,-0.00015270817868273288,5.236990274626216e-05,-1.2751821905324951e-05,1.844045655568765e-06,0.0,0.0,10.0
0.0044999999999999485,4.702674063137846,0.5413686885187329,0.49256585966237815,-0.004745387748848572,0.0017528399884574166,-0.0007201149069934383,0.0003685456474922264,-0.00016366998168401958,5.648321709409996e-05,-1.3828709097366242e-05,2.002530387962611e-06,0.0,0.0,10.0
0.007500000000000062,4.692142823165199,0.5419622516737752,0.4934569432270189,-0.005266859151875104,0.0018836523618069015,-0.0007698141278380681,0.0003927395073296042,-0.00017533231574340394,6.089423035082165e-05,-1.499204509973086e-05,2.1740153710578115e-06,0.0,0.0,10.0
0.010499999999999954,4.680767713560947,0.5425857000161244,0.49444577743764173,-0.00582889763928061,0.0020258803584822043,-0.0008228834728462412,0.00041839236047205814,-0.0001877214852867944,6.561819870781474e-05,-1.6247505178889933e-05,2.3593778225245675e-06,0.0,0.0,10.0
0.013500000000000068,4.668488530762739,0.5432416794367028,0.4955394045039665,-0.00643386693422138,0.0021801583246574725,-0.0008794940074948311,0.0004455521468907165,-0.0002008586975015498,7.066923019597826e-05,-1.7600729531820998e-05,2.559496760048602e-06,0.0,0.0,10.0
0.01649999999999996,4.655245002902557,0.5439328286502599,0.49674509509956766,-0.007083978725871032,0.0023470854139142085,-0.0009397993152698859,0.00047425526568813217,-0.0002147591820593619,7.60599315720833e-05,-1.905724717094635e-05,2.775242284110867e-06,0.0,0.0,10.0
0.019500000000000073,4.640977278650376,0.5446617733601684,0.4980703196512029,-0.007781287033794728,0.0025272297541026095,-0.0010039370297613263,0.0005045264043551733,-0.00022943154921240753,8.180108314309847e-05,-2.0622398699306958e-05,3.007464128613543e-06,0.0,0.0,10.0
0.022499999999999964,4.625626454318596,0.5454311151512483,0.4995227279968097,-0.008527696673412322,0.0027211384241071627,-0.0010720328663036856,0.0005363793671066701,-0.0002448774170910067,8.790134917350176e-05,-2.2301258531160773e-05,3.2569793691641977e-06,0.0,0.0,10.0
0.025500000000000078,4.609135129382369,0.5462434145675268,0.5011101390767363,-0.00932498493174333,0.0029293521631041505,-0.0011442067217229163,0.00056981883004846,-0.0002610913115151262,9.436702636209085e-05,-2.4098556299605982e-05,3.524559070924416e-06,0.0,0.0,10.0
0.02849999999999997,4.591447977042722,0.547101168526158,0.5028405412336996,-0.010174833847361,0.0031524229169193328,-0.0012205800812316772,0.0006048428451435682,-0.0002780608152856368,0.00010120182784344008,-2.601859643989868e-05,3.8109135762695347e-06,0.0,0.0,10.0
0.031500000000000083,4.572512313719868,0.5480067829649012,0.5047221024113006,-0.011078868871533778,0.0033909316787125716,-0.001301283731822373,0.0006414458346406102,-0.0002957669221988536,0.00010840669586099661,-2.806517436231496e-05,4.116676100714334e-06,0.0,0.0,10.0
0.034499999999999975,4.552278650522462,0.5489625422495226,0.5067631881759732,-0.012038698341140753,0.0036455037023343986,-0.001386464673674309,0.000679621774689688,-0.0003141845364306494,0.0001159796331475657,-3.024148732853955e-05,4.4423843425541766e-06,0.0,0.0,10.0
0.03750000000000009,4.530701211086708,0.5499705772969296,0.5089723842099348,-0.013055947360506494,0.003916818129245713,-0.001476291158960388,0.000719367264633335,-0.0003332830518815061,0.00012391554154242952,-3.255003818240467e-05,4.788459923535239e-06,0.0,0.0,10.0
0.04049999999999998,4.507738402971834,0.5510328346192597,0.5113585189623511,-0.014132279659393154,0.0042056094078314595,-0.001570954952375968,0.0007606842110413385,-0.0003530269488019397,0.0001322060567881354,-3.499253047400438e-05,5.1551856532681365e-06,0.0,0.0,10.0
0.043500000000000094,4.483353232969254,0.5521510485911731,0.5139306817596129,-0.015269401982516629,0.004512658575591225,-0.0016706701576698734,0.0008035819106627405,-0.0003733763554076249,0.00014083937085040355,-3.7569754214986586e-05,5.542680821966019e-06,0.0,0.0,10.0
0.046499999999999986,4.457513659833943,0.5533267191232475,0.5166982320572158,-0.016469047562228067,0.004838773436211401,-0.0017756682408999916,0.0008480783800320124,-0.0003942875377157009,0.0001498000371429543,-4.028146241627604e-05,5.950874938326297e-06,0.0,0.0,10.0
0.0495000000000001,4.430192881603897,0.5545610964506021,0.5196707966905024,-0.017732937943129114,0.0051847577639101946,-0.0018861891634909566,0.0008942008396555381,-0.0004157132980264284,0.00015906875897031626,-4.312623955306975e-05,6.379480505378577e-06,0.0,0.0,10.0
0.05249999999999999,4.401369559626374,0.555855173834938,0.5228582537492287,-0.019062725379463283,0.00555137076063676,-0.0020024687902941763,0.0009419853100400087,-0.00043760327793630386,0.00016862216642902413,-4.610136403771183e-05,6.827965538731906e-06,0.0,0.0,10.0
0.055500000000000105,4.371027987901167,0.5572096877144712,0.5262707036612245,-0.02045992066992886,0.005939278948890613,-0.002124722948668132,0.00099147531283136,-0.00045990417315938507,0.0001784325911917673,-4.920266756231001e-05,7.295526568737568e-06,0.0,0.0,10.0
0.058499999999999996,4.3391582238531035,0.5586251234634821,0.5299184297199885,-0.021925813150554394,0.00634900341178198,-0.002253128686869074,0.001042719695353743,-0.00048255987394183646,0.00018846785164397444,-5.24243947804949e-05,7.781062846876185e-06,0.0,0.0,10.0
0.06150000000000011,4.305756204151498,0.5601017237420316,0.5338118511567111,-0.02346139030199199,0.00678086574271078,-0.002387803427278911,0.001095769616860296,-0.0005055115470491749,0.0001986910627174869,-5.575906730173363e-05,8.283152441859544e-06,0.0,0.0,10.0
0.0645,4.270823875467176,0.561639495687411,0.5379614716316763,-0.025067263929209712,0.007234936232089435,-0.0025287828491620833,0.0011506747569641883,-0.0005286976746841481,0.00020906048575200238,-5.9197356513044146e-05,8.800030926538473e-06,0.0,0.0,10.0
0.0674999999999999,4.234369373519325,0.5632382131142647,0.5423778246717686,-0.026743608307438514,0.007710987728691492,-0.002675998475717961,0.0012074788359343084,-0.000552054064270983,0.0002195294343482293,-6.272797048723837e-05,9.329573485237673e-06,0.0,0.0,10.0
0.07050000000000001,4.196407282316167,0.5648974105870781,0.5470714154100802,-0.028490113517161162,0.00820845832674201,-0.0028292560715173546,0.0012662145728355723,-0.0005755138430204266,0.00023004625315813017,-6.63375613067782e-05,9.869281546126292e-06,0.0,0.0,10.0
0.0734999999999999,4.156958996949131,0.5666163677546711,0.5520526555906528,-0.03030595504548141,0.008726425607990933,-0.0029882160488125596,0.0013268982457838455,-0.0005990074544161946,0.0002405543884916897,-7.001066052933497e-05,1.0416275445089488e-05,0.0,0.0,10.0
0.07650000000000001,4.116053196829927,0.5683940845071354,0.5573317869417869,-0.03218977915071504,0.009263594637693938,-0.0031523770969136377,0.0013895240518823858,-0.0006224626806468927,0.00025099257248206236,-7.372965205056046e-05,1.0967295074659228e-05,0.0,0.0,10.0
0.0794999999999999,4.073726414193765,0.5702292497426927,0.5629187873580497,-0.03413970260276153,0.009818301236215443,-0.0033210641664890533,0.00145405848896509,-0.000645804723130473,0.00026129514505299916,-7.747479285515781e-05,1.1518710835296605e-05,0.0,0.0,10.0
0.08250000000000002,4.0300236608363935,0.5721202078698701,0.5688232551691036,-0.036153324830618234,0.010388531131216057,-0.0034934217733929495,0.0015204349994823545,-0.000668956376923786,0.0002713925373574261,-8.122429248655213e-05,1.2066547348682442e-05,0.0,0.0,10.0
0.08549999999999991,3.984999060891347,0.5740649268087507,0.5750542689295994,-0.038227749627101196,0.010971954373330378,-0.0036684133724424737,0.0015885491335725702,-0.0006918383270510506,0.00028121193355317694,-8.495446090999395e-05,1.2606522209714164e-05,0.0,0.0,10.0
0.08850000000000002,3.938716431201647,0.5760609692954627,0.5816202230984919,-0.04035961222947052,0.011565972955283776,-0.003844827313273195,0.001658254501302915,-0.0007143695723013315,0.0002906781132976261,-8.863993145687531e-05,1.3134101499063349e-05,0.0,0.0,10.0
0.09149999999999991,3.891249748660706,0.5781054671382888,0.5885286431386019,-0.042545106591143744,0.01216777821032701,-0.004021289597537029,0.0017293597770290086,-0.0007364679497442279,0.0002997144573441293,-9.225396082526845e-05,1.3644572849630846e-05,0.0,0.0,10.0
0.09450000000000003,3.842683437626808,0.5801950977196509,0.5957859867015527,-0.04478000833501091,0.012774413695551748,-0.004196283239266697,0.0018016269686305173,-0.0007580507039209712,0.000308244078598175,-9.576880217203822e-05,1.4133135569541441e-05,0.0,0.0,10.0
0.09749999999999992,3.793112397755299,0.5823260644330789,0.6033974406701245,-0.047059691952192874,0.01338283916352794,-0.0043681734583899635,0.001874771062740128,-0.0007790350319248559,0.0003161910265684822,-9.915614080222806e-05,1.4595005694655657e-05,0.0,0.0,10.0
0.10050000000000003,3.742641683087063,0.5844940865182295,0.6113667267740472,-0.04937914526826411,0.013989991801074336,-0.004535237308408737,0.0019484610310652494,-0.0007993385442271391,0.000323481506267691,-0.00010238757542541162,1.5025531975679896e-05,0.0,0.0,10.0
0.10349999999999993,3.6913857542134343,0.5866944058214543,0.6196959306278786,-0.05173298754204969,0.01459284174934837,-0.00469569587493945,0.002022322090584016,-0.0008188796044289786,0.0003300450508517953,-0.00010543512207734637,1.5420316976524843e-05,0.0,0.0,10.0
0.10650000000000004,3.6394672671171664,0.5889218159914218,0.6283853693079722,-0.05411549758022862,0.01518843960204755,-0.004847747100175289,0.0020959391052151246,-0.000837577538675286,0.00033581558773314644,-0.00010827171371972242,1.577533614842858e-05,0.0,0.0,10.0
0.10949999999999993,3.5870154265159124,0.5911707141084853,0.6374335101867404,-0.056520654907787696,0.015773954049254815,-0.004989597637153046,0.0021688611043596327,-0.0008553527343908645,0.0003407323420989512,-0.00011087166785183589,1.6087047473553084e-05,0.0,0.0,10.0
0.11250000000000004,3.534163994338956,0.5934351690907684,0.6468369488162112,-0.058942192620628886,0.016346698402445906,-0.005119492738097849,0.002240607019937517,-0.0008721266850877264,0.00034474053589728554,-0.00011321109861843513,1.6352485335191593e-05,0.0,0.0,10.0
0.11549999999999994,3.481049082505454,0.5957089988218476,0.6565904473792934,-0.061373657805933554,0.01690414571200545,-0.005235743743766515,0.002310672825159964,-0.0008878220880628639,0.00034779186906404763,-0.00011526825894828344,1.6569334513689443e-05,0.0,0.0,10.0
0.11850000000000005,3.427806866692827,0.597985849542609,0.6666870292070544,-0.06380847537416884,0.017443933493381157,-0.005336753057402506,0.002378540235073479,-0.0009023631534594206,0.0003498448089739837,-0.00011702381025482163,1.673598305170364e-05,0.0,0.0,10.0
0.12149999999999994,3.374571344177932,0.6002592744966854,0.6771181202976428,-0.06624001265577403,0.017963860232499754,-0.005421036534236001,0.002443686992950106,-0.000915676308239747,0.000350864750235622,-0.00011846102872530352,1.6851555442667773e-05,0.0,0.0,10.0
0.12450000000000006,3.321472238604456,0.602522811293369,0.6878737260869242,-0.0686616433061596,0.018461876348686464,-0.005487243107795136,0.0025055985533170423,-0.0009276914490255871,0.0003508241243250686,-0.00011956596475143508,1.6915929567162925e-05,0.0,0.0,10.0
0.12749999999999995,3.2686331353252034,0.6047700577333107,0.6989426307376725,-0.07106680905294961,0.018936072033059085,-0.005534171336511378,0.0025637807329999015,-0.0009383438060623397,0.00034970252887451544,-0.00012032757356787401,1.6929741706250532e-05,0.0,0.0,10.0
0.13050000000000006,3.2161699120692533,0.6069947446800502,0.7103126065741983,-0.07344907711425651,0.019384663654890347,-0.005560782463318523,0.002617772684876576,-0.00094757634740628,0.0003474869130599903,-0.0001207378306562942,1.6894383745963132e-05,0.0,0.0,10.0
0.13349999999999995,3.164189508046402,0.6091908033935249,0.7219706226816417,-0.07580219073061317,0.019805979689531773,-0.005566209568870047,0.0026671593995360623,-0.0009553425166904272,0.00034417181057902225,-0.00012079183671404834,1.681199552966583e-05,0.0,0.0,10.0
0.13650000000000007,3.11278905015629,0.611352424406001,0.73390304383169,-0.07812011072765679,0.020198446670481606,-0.005549762487608704,0.0027115828969511463,-0.0009616089990073928,0.00033975956975818407,-0.00012048790681688843,1.6685453590167034e-05,0.0,0.0,10.0
0.13949999999999996,3.0620553308888354,0.613474105483004,0.7460958134459934,-0.08039704718605652,0.020560575555828402,-0.005510928360091009,0.002750751357153377,-0.0009663581737785224,0.0003342605032469793,-0.00011982762989350455,1.6518355714772775e-05,0.0,0.0,10.0
0.14250000000000007,3.0120646124332957,0.6155506870568195,0.7585346168592558,-0.0826274816152863,0.020890949008234617,-0.0054493679992469336,0.002784445649370402,-0.0009695899480372781,0.00032769287405998995,-0.00011881588024742372,1.6314999481389064e-05,0.0,0.0,10.0
0.14549999999999996,2.9628827174511447,0.6175773744266235,0.7712050233174707,-0.08480618105754632,0.02118821025705839,-0.005364908594995262,0.002812523012609943,-0.0009713227569916118,0.0003200826508697449,-0.0001174607638037517,1.608035240394518e-05,0.0,0.0,10.0
0.14850000000000008,2.914565359046924,0.6195497468734024,0.7840926066901247,-0.08692820607657689,0.02145105431385598,-0.005257533588542917,0.0028349179539786007,-0.0009715936462089713,0.00031146299832306244,-0.00011577348763353033,1.5820011710798178e-05,0.0,0.0,10.0
0.15149999999999997,2.8671586597629943,0.621463754625939,0.7971830457080196,-0.08898891461080258,0.021678222281201292,-0.005127370741449231,0.002851640699005662,-0.0009704574806672551,0.00030187350885187115,-0.00011376815035246004,1.5540152834298e-05,0.0,0.0,10.0
0.15450000000000008,2.8206998106666172,0.6233157053205051,0.8104622047420688,-0.09098396331559455,0.021868499324542677,-0.004974679467771203,0.002862773703630979,-0.0009679854324785152,0.0002913592210277915,-0.0001114614607181753,1.5247467010221506e-05,0.0,0.0,10.0
0.15749999999999997,2.7752178255417705,0.6251022421796418,0.8239161959086153,-0.09290930747045838,0.022020716613515418,-0.00479983839704717,0.0028684668016829085,-0.0009642629633918761,0.00027996949783664965,-0.00010887239977449282,1.4949089532043113e-05,0.0,0.0,10.0
0.1605000000000001,2.730734350728487,0.6268203165454261,0.8375314228706247,-0.0947611999750466,0.02213375725544529,-0.004603333932690096,0.00286893152462321,-0.0009593875352169373,0.00026775685194647004,-0.00010602184659711468,1.4652520840353798e-05,0.0,0.0,10.0
0.16349999999999998,2.6872644973416695,0.6284671576044474,0.8512946063396912,-0.0965361895530485,0.022206566008669354,-0.004385750320753672,0.002864435022285194,-0.0009534662577509166,0.00025477580394166427,-0.00010293218856326103,1.4365542606914912e-05,0.0,0.0,10.0
0.1665000000000001,2.6448176687417027,0.6300402421232392,0.865192791154084,-0.09823111810125358,0.022238162416190112,-0.004147761499312782,0.002855293872469305,-0.0009466136336458831,0.00024108184674755622,-9.962693460912047e-05,1.4096130359115435e-05,0.0,0.0,10.0
0.16949999999999998,2.603398361743226,0.631537266786065,0.8792133350154152,-0.09984311715682127,0.022227656939568824,-0.0038901247918029583,0.002841867928436515,-0.0009389494989223187,0.00022673056990294807,-9.6130345348922e-05,1.3852363210751233e-05,0.0,0.0,10.0
0.1725000000000001,2.5630069248755833,0.6329561253228256,0.8933438795291656,-0.10136960363881048,0.02217426966192169,-0.0036136763492208156,0.002824554240880622,-0.0009305972001193503,0.0002117769757800175,-9.24670886270222e-05,1.364233022804094e-05,0.0,0.0,10.0
0.1755,2.5236402609761273,0.6342948920763678,0.9075723050589151,-0.10280827524803532,0.022077351112989953,-0.0033193281290504347,0.0028037810165822455,-0.0009216820031351267,0.0001962749999236997,-8.866192429497953e-05,1.3474032169938764e-05,0.0,0.0,10.0
0.1785000000000001,2.4852924645805547,0.6355518130331195,0.9218866719672105,-0.10415710608342114,0.02193640469895431,-0.0030080661078742826,0.0027800015407457505,-0.0009123296982478544,0.00018027723131514283,-8.473941854696175e-05,1.3355277030018297e-05,0.0,0.0,10.0
0.1815,2.4479553871482915,0.6367253046758355,0.9362751519455983,-0.10541434308518335,0.021751110068940923,-0.0026809493461715005,0.0027536879884819013,-0.0009026653501879491,0.00016383481593609122,-8.07236862956101e-05,1.3293568092125306e-05,0.0,0.0,10.0
0.1845000000000001,2.411619125352079,0.6378139603568733,0.9507259541899414,-0.10657850382141815,0.021521346526117553,-0.002339109452416975,0.0027253250748879632,-0.0008928121387496263,0.00014699751789957002,-7.663815967508481e-05,1.3295984091025498e-05,0.0,0.0,10.0
0.1875,2.3762724296978948,0.6388165632769951,0.9652272520141689,-0.1076483759137171,0.0212472153328577,-0.001983749934183973,0.0026954035345881163,-0.0008828902409028831,0.00012981390564490466,-7.250538138443145e-05,1.3369052432059776e-05,0.0,0.0,10.0
0.1904999999999999,2.341903032812152,0.639732104628525,0.9797671159873385,-0.10862301809785348,0.020929059527036466,-0.0016161448893302394,0.002664413473330541,-0.0008730157166484782,0.00011233162549368183,-6.834682269192374e-05,1.3518618079344187e-05,0.0,0.0,10.0
0.1935,2.308497898952761,0.64055980505993,0.9943334597189595,-0.10950176259851006,0.020567479726064646,-0.0012376364959864594,0.0026328376899161844,-0.0008632993755943313,9.459772094601346e-05,-6.418272701049432e-05,1.3749712431244412e-05,0.0,0.0,10.0
0.1964999999999999,2.276043398692516,0.6412991373719442,1.0089140039353797,-0.11028421821931683,0.020163344401584564,-0.0008496308181219751,0.002601145119974028,-0.0008538456176406034,7.665895372215597e-05,-6.003198066547277e-05,1.4066428011374073e-05,0.0,0.0,10.0
0.1995,2.24452541521511,0.6419498482812773,1.0234962634668836,-0.11097027335240922,0.019717793290992137,-0.0004535915578852381,0.0025697845970883365,-0.0008447512577295843,5.8562082357337603e-05,-5.5912012627719084e-05,1.4471805877914953e-05,0.0,0.0,10.0
0.2024999999999999,2.2139293910991995,0.6425119771874349,1.038067560248146,-0.11156009801626718,0.01923223297005826,-5.103154993348595e-05,0.0025391791546232312,-0.0008361043598687221,4.0354056863466965e-05,-5.1838724568810964e-05,1.4967743105877507e-05,0.0,0.0,10.0
0.20550000000000002,2.184240326627336,0.6429858701322568,1.0526150635434035,-0.11205414403868255,0.018708324109345843,0.00035649801056616666,0.002509721097370697,-0.0008279831181056953,2.2082094093587498e-05,-4.782645173090499e-05,1.5554927410572427e-05,0.0,0.0,10.0
0.2084999999999999,2.155442742303569,0.6433721875140495,1.0671258565270172,-0.11245314260091117,0.018147960515412943,0.0007674204101204304,0.002481768052423217,-0.0008204548305477935,3.793608041113313e-06,-4.3887953984403004e-05,1.6232804930422988e-05,0.0,0.0,10.0
0.21150000000000002,2.1275206191765315,0.6436719045613517,1.081587026306053,-0.11275809852819565,0.017553240641644458,0.0011801479474500027,0.0024556401637084164,-0.0008135750160497342,-1.446401814305049e-05,-4.003443527717119e-05,1.6999585444317117e-05,0.0,0.0,10.0
0.2144999999999999,2.1004573305926435,0.6438863040369054,1.0959857726927826,-0.11297028092553078,0.016926432769728644,0.0015930976269653114,0.0024316185288582033,-0.0008073867216607781,-3.264381719244355e-05,-3.627558863417981e-05,1.785228702348998e-05,0.0,0.0,10.0
0.21750000000000003,2.0742355781043136,0.6440169610903814,1.110309529706808,-0.11309120998966657,0.016269935454129643,0.002004707402966182,0.002409944898430379,-0.0008019200627838049,-5.0699763707000394e-05,-3.261966306629792e-05,1.8786819537510323e-05,0.0,0.0,10.0
0.22049999999999992,2.048837342519444,0.6440657205850367,1.1245460930098339,-0.11312264005479829,0.01558623505902292,0.0024134523353413545,0.002390822575529662,-0.0007971920281531937,-6.858741111284266e-05,-2.907354825599129e-05,1.979810380448225e-05,0.0,0.0,10.0
0.22350000000000003,2.0242438587170906,0.6440346675835221,1.1386837462452448,-0.11306653913090924,0.0148778623038753,0.0028178600414241035,0.0023744183773899484,-0.000793206569186661,-8.626459810402684e-05,-2.5642872727104373e-05,2.0880220736582336e-05,0.0,0.0,10.0
0.22649999999999992,2.0004356201756006,0.6439260920014048,1.1527113794639718,-0.11292506535881534,0.01414734970391824,0.0032165248859230204,0.0023608654553125513,-0.0007899549788145813,-0.00010369217458909319,-2.233211137044058e-05,2.2026582764018773e-05,0.0,0.0,10.0
0.22950000000000004,1.977392416495637,0.6437424487390854,1.1666185933014743,-0.11270054093278446,0.013397191696401897,0.003608120421289367,0.0023502667173340578,-0.000787416549029531,-0.00012083469187902524,-1.914469866399955e-05,2.3230118220663808e-05,0.0,0.0,10.0
0.23249999999999993,1.9550934048279052,0.6434863148925972,1.1803957831654346,-0.11239542413787106,0.012629809131909803,0.003991409658760925,0.002342698557709894,-0.0007855594794651801,-0.0001376609994566928,-1.6083144653368383e-05,2.448345826363549e-05,0.0,0.0,10.0
0.23550000000000004,1.9335172141822041,0.6431603459120983,1.194034198312482,-0.11201228022866191,0.011847519707745962,0.0043652528104790355,0.002338214566638006,-0.0007843419918826778,-0.0001541446907893226,-1.314915166581788e-05,2.577911526248165e-05,0.0,0.0,10.0
0.23849999999999993,1.912642080076946,0.6427672327907634,1.2075259713752293,-0.11155375195285627,0.011052515813303005,0.004728612203802041,0.00233684887326933,-0.0007837135887987323,-0.00017026434333299612,-1.0343730691847725e-05,2.7109641446678536e-05,0.0,0.0,10.0
0.24150000000000005,1.8924460057012729,0.6423096624726552,1.220864114825495,-0.11102253060357618,0.010246851087956305,0.005080554149967076,0.002338618771255389,-0.0007836163809146281,-0.00018600350398106826,-7.667317195674577e-06,2.8467757050705918e-05,0.0,0.0,10.0
0.24449999999999994,1.8729069444288349,0.641790283604236,1.2340424822909835,-0.11042132856165628,0.009432436673706962,0.005420247674645038,0.0023435263014083955,-0.0007839864006500091,-0.00020135038241954686,-5.119886592452642e-06,2.9846438469931667e-05,0.0,0.0,10.0
0.24750000000000005,1.8540029968945215,0.6412116794698397,1.247055694829931,-0.10975285434088768,0.008611047592221466,0.005746960205466617,0.0023515585364856967,-0.0007847548213013219,-0.00021629723325427704,-2.7010695507163423e-06,3.123895934119866e-05,0.0,0.0,10.0
0.25049999999999994,1.835712613835832,0.6405763494275563,1.2598990353115718,-0.10901979114055892,0.007784338845302978,0.00606005056182867,0.0023626864419986518,-0.0007858490155784164,-0.0002308394349008642,-4.102665257224708e-07,3.263888125435024e-05,0.0,0.0,10.0
0.25350000000000006,1.8180147936839406,0.6398866994262398,1.2725683177841576,-0.10822477980299515,0.00695386976365319,0.006358959881382062,0.0023768623771311345,-0.0007871934138367026,-0.00024497430888112767,1.7532404587592488e-06,3.403999604399811e-05,0.0,0.0,10.0
0.25649999999999995,1.8008892619252284,0.6391450413153977,1.2850597426520258,-0.10737040684173701,0.006121133942600457,0.006643201397333551,0.002394016536873778,-0.0007887101585110219,-0.0002586997644100522,3.790182549747193e-06,3.543622799223278e-05,0.0,0.0,10.0
0.25950000000000006,1.7843166182045924,0.6383535997775808,1.2973697518717475,-0.10645919784453793,0.005287591023563577,0.0069123501871853595,0.0024140528858946184,-0.0007903195912429558,-0.0002720128939450348,5.701210859673441e-06,3.6821511016459256e-05,0.0,0.0,10.0
0.26249999999999996,1.7682784376972804,0.6375145249563808,1.3094949003377792,-0.10549361609234008,0.004454695868885316,0.007166034083224822,0.0024368453457694035,-0.0007919406449250163,-0.0002849086772132044,7.486822063674121e-06,3.8189661825274424e-05,0.0,0.0,10.0
0.26550000000000007,1.7527573159286838,0.6366299083490973,1.3214317593920213,-0.10447606573000762,0.0036239205752105525,0.0074039268236656,0.0024622351134678763,-0.0007934912358817652,-0.00029737896490699816,9.147309700536235e-06,3.953427368818966e-05,0.0,0.0,10.0
0.26849999999999996,1.7377368510610816,0.6357017993652534,1.3331768655413667,-0.10340889835653636,0.0027967654207746457,0.007625744221803618,0.0024900299631880523,-0.0007948887549817896,-0.00030941190125351913,1.0682746833776781e-05,4.084865559871552e-05,0.0,0.0,10.0
0.2715000000000001,1.723201564265199,0.6347322201385536,1.3447267221147612,-0.102294421552862,0.00197475623559311,0.007831243672641144,0.0025200061933442494,-0.0007960507377316184,-0.00032099190382859656,1.2093003036147198e-05,4.212583745488623e-05,0.0,0.0,10.0
0.27449999999999997,1.709136766232045,0.6337231766664265,1.356077854431306,-0.10113490769530074,0.0011594276373450645,0.00802022677459079,0.0025519135391705986,-0.000796895754364204,-0.0003321002522448108,1.3377794808563643e-05,4.335865352944202e-05,0.0,0.0,10.0
0.2775000000000001,1.6955283849103886,0.6326766650246196,1.3672269112573707,-0.09993260143657216,0.00035229375864041914,0.008192544314114964,0.0025854829303868184,-0.0007973445083974323,-0.0003427162541478311,1.4536764124233727e-05,4.45399050420959e-05,0.0,0.0,10.0
0.28049999999999997,1.6823627748757521,0.6315946721219821,1.378170798314188,-0.09868972445721244,-0.0004451899057186286,0.008348102441219866,0.0026204365133894914,-0.0007973210762741993,-0.000352818871825874,1.55695755740383e-05,4.566259003940376e-05,0.0,0.0,10.0
0.2835000000000001,1.6696265312906442,0.6304791710912016,1.388906824685847,-0.09740847644865702,-0.0012316684708954344,0.008486868630958037,0.002656498970449305,-0.0007967541728036121,-0.0003623886221572558,1.64760193702231e-05,4.672017747119259e-05,0.0,0.0,10.0
0.2865,1.6573063306361793,0.6293321118726435,1.3994328411066965,-0.09609103172454762,-0.002005927809051947,0.008608876021583643,0.002693408934781698,-0.0007955782972036866,-0.0003714095210120934,1.7256105885666407e-05,4.770689465575457e-05,0.0,0.0,10.0
0.2895000000000001,1.6453888163333947,0.6281554078316529,1.4097473506064655,-0.09473953132111405,-0.002766927585791595,0.008714224942951642,0.0027309292677245144,-0.0007937346093673416,-0.0003798708391011022,1.7910137847913165e-05,4.861799485274636e-05,0.0,0.0,10.0
0.2925,1.633860540678241,0.6269509194196591,1.4198495765220978,-0.09335607092382928,-0.0035138230948336315,0.008803080861474286,0.0027688551344894324,-0.0007911714080677631,-0.0003877684697526983,1.843874884951614e-05,4.9449974827007724e-05,0.0,0.0,10.0
0.2955000000000001,1.6227079662858364,0.6257204360590352,1.429739479540977,-0.09194268546152881,-0.004245973550771769,0.008875668508084324,0.0028070191437212164,-0.0007878441304450514,-0.0003951057716712367,1.8842901277587972e-05,5.0200720160443026e-05,0.0,0.0,10.0
0.2985,1.611917521792736,0.6244656577139759,1.4394177229744876,-0.0905013317707995,-0.004962936433860948,0.008932262550172744,0.00284529322535518,-0.0007837148598809889,-0.0004018938263884349,1.912384268155192e-05,5.086956661389363e-05,0.0,0.0,10.0
0.3015000000000001,1.6014756991859467,0.6231881780614177,1.4488855925730215,-0.08903387136271927,-0.005664449225305977,0.008973175744263017,0.002883587321223135,-0.0007787514090243456,-0.0004081511235061772,1.9283026391853202e-05,5.1457276475209573e-05,0.0,0.0,10.0
0.3045,1.5913691748620489,0.621889471750337,1.458144882793744,-0.08754205597288782,-0.006350401144587777,0.008998745994747655,0.002921845276862382,-0.0007729261257963501,-0.00041390274207668245,1.932200912082704e-05,5.1965937176761097e-05,0.0,0.0,10.0
0.3075000000000001,1.5815849340474748,0.6205708887647197,1.4671977648230807,-0.08602751911259958,-0.007020798169326603,0.00900932408118364,0.0029600385077325434,-0.0007662146404035384,-0.00041917912536730545,1.924234439976374e-05,5.239879405554346e-05,0.0,0.0,10.0
0.3105,1.5721103787888782,0.6192336591144728,1.4760466525980998,-0.08449177705315121,-0.0076757247128050035,0.009005263941614449,0.002998158068087747,-0.0007585948172315724,-0.0004240145494296164,1.9045494949517665e-05,5.276002983372244e-05,0.0,0.0,10.0
0.3134999999999999,1.5629334031975977,0.6178789106648382,1.484694081742281,-0.08293624231899643,-0.00831530501395048,0.008986917258103154,0.003036205714457566,-0.0007500461836324375,-0.0004284453722312108,1.873278827535592e-05,5.305450145055236e-05,0.0,0.0,10.0
0.3165,1.5540424254889726,0.6165077016397211,1.4931426132092287,-0.08136225163162075,-0.008939666782319135,0.008954633647010067,0.0030741844891130107,-0.0007405500672672722,-0.00043250813360411433,1.8305436862357255e-05,5.3287442451714555e-05,0.0,0.0,10.0
0.3194999999999999,1.5454263737814908,0.6151210671337394,1.5013947691481087,-0.07977110826218176,-0.00954890914524095,0.008908767010692084,0.0031120893126094654,-0.000730090580090016,-0.00043623757107068913,1.776463670041188e-05,5.346413859781998e-05,0.0,0.0,10.0
0.3225,1.5370746305724312,0.613720076036474,1.5094530037340208,-0.07816413606125841,-0.01014307659440406,0.008849687615687461,0.003149898105684864,-0.0007186564452482798,-0.000439664631826112,1.7111745669449214e-05,5.3589587361889105e-05,0.0,0.0,10.0
0.3254999999999999,1.528976948112138,0.6123058915898429,1.5173197070579434,-0.07654273943558881,-0.010722140438057436,0.008777798350439908,0.0031875640578579684,-0.0007062434903990185,-0.0004428145969448122,1.6348527853366966e-05,5.366815881126522e-05,0.0,0.0,10.0
0.3285,1.5211233523767809,0.6108798260745161,1.524997236159411,-0.0749084608500241,-0.01128598913581835,0.008693552573280982,0.0032250097800669126,-0.0006928574565616046,-0.00044570548024487844,1.5477433590247166e-05,5.370328454881155e-05,0.0,0.0,10.0
0.3314999999999999,1.5135040559675974,0.6094433786523947,1.532487964312168,-0.07326302576861807,-0.011834428661648843,0.008597470216649764,0.0032621241490367763,-0.000678516633247936,-0.00044834690313956484,1.4501871374339499e-05,5.3697209951503276e-05,0.0,0.0,10.0
0.3345,1.5061093993769705,0.607998245866956,1.5397943380184191,-0.07160836496188255,-0.012367193542621252,0.008490148584007085,0.003298762592856594,-0.0006632537664026004,-0.0004507396571928789,1.3426420226717256e-05,5.365084917811685e-05,0.0,0.0,10.0
0.3374999999999999,1.498929835534301,0.6065462970834842,1.5469189309744475,-0.06994660618121022,-0.012883968362620183,0.008372264709320077,0.0033347513235153256,-0.0006471167245053931,-0.00045287613071401416,1.2256932817729014e-05,5.356377898964264e-05,0.0,0.0,10.0
0.3405,1.4919559649164886,0.6050895121050223,1.5538644855246846,-0.06828003129244216,-0.013384418329000848,0.008244567268628123,0.00336989558252324,-0.0006301675599023691,-0.0004547416875788536,1.1000491825302996e-05,5.343439456098104e-05,0.0,0.0,10.0
0.3434999999999999,1.4851786189822587,0.6036298846376918,1.5606339346312683,-0.06661100052615632,-0.013868226141996646,0.008107857706510848,0.0034039913794189623,-0.0006124798516099412,-0.0004563169530157505,9.66520381993134e-06,5.32602288056762e-05,0.0,0.0,10.0
0.34650000000000003,1.4785889799847105,0.6021693020275735,1.5672304007837332,-0.06494185155375144,-0.014335131157915538,0.007962962184274102,0.0034368395749803885,-0.0005941345212416518,-0.00045758080463026787,8.259842963501787e-06,5.303840960783755e-05,0.0,0.0,10.0
0.3494999999999999,1.4721787172727512,0.6007094173044756,1.573657172045623,-0.06327478637743818,-0.014784966021900913,0.007810697783929729,0.003468260631642723,-0.0005752146146063478,-0.00045851372071958034,6.793385548755562e-06,5.2766202264586755e-05,0.0,0.0,10.0
0.35250000000000004,1.4659401157840575,0.5992515326379195,1.5799176589888109,-0.061611762270165966,-0.01521768585072788,0.0076518377001975856,0.0034981080655361076,-0.0005557997699980131,-0.0004591010387330026,5.27449948354343e-06,5.244156391501289e-05,0.0,0.0,10.0
0.3554999999999999,1.4598661727570077,0.5977965128181242,1.5860153390220655,-0.05995440326602161,-0.01563338583378422,0.007487080581463085,0.0035262786945401284,-0.0005359611910266547,-0.0004593356555618271,3.711064363151195e-06,5.2063628707497744e-05,0.0,0.0,10.0
0.35850000000000004,1.4539506440172854,0.5963447430032348,1.591953696115405,-0.05830394561518029,-0.016032304764314685,0.007317028565301564,0.003552718221806535,-0.0005157578726067584,-0.00045921977419408175,2.109794017973305e-06,5.1633050593445407e-05,0.0,0.0,10.0
0.36149999999999993,1.448188030670479,0.5948961373110364,1.5977361639110623,-0.05666122457964172,-0.01641481426813361,0.007142176954145546,0.003577421469669936,-0.0004952345962518975,-0.00045876546235780035,4.760140407756706e-07,5.115215492383867e-05,0.0,0.0,10.0
0.36450000000000005,1.4425735087075078,0.5934501953787569,1.6033660787409838,-0.05502670214377881,-0.01678139592384736,0.0069629162053027474,0.0036004275369163345,-0.0004744218600696905,-0.0004579940082956854,-1.1863845101705553e-06,5.062488614934476e-05,0.0,0.0,10.0
0.36749999999999994,1.4371028152051823,0.5920060949306224,1.608846646496664,-0.053400527425936616,-0.01713261051843306,0.0067795444873827845,0.0036218110769149227,-0.00045333752072607635,-0.000456934287240444,-2.8748299846467367e-06,5.005657875360181e-05,0.0,0.0,10.0
0.37050000000000005,1.4317721126765204,0.590562801982618,1.6141809242319518,-0.05178261574988764,-0.017469064837729035,0.0065922870887523384,0.0036416715531823593,-0.0004319895973115167,-0.00045562053184911586,-4.587839753794988e-06,4.945361198084348e-05,0.0,0.0,10.0
0.37349999999999994,1.42657785562898,0.5891191783189152,1.6193718145490692,-0.050172729999701036,-0.01779138133410753,0.006401317968043204,0.0036601225454155053,-0.00041037950723874834,-0.00045408998224468,-6.3247392113289595e-06,4.882302685517255e-05,0.0,0.0,10.0
0.37650000000000006,1.4215166799565846,0.5876740688182164,1.6244220688595414,-0.0485705496004483,-0.018100174756122526,0.006206778955374434,0.003677282897062032,-0.0003885050171832512,-0.00045238085454255017,-8.085395676066145e-06,4.817218157913018e-05,0.0,0.0,10.0
0.37949999999999995,1.4165853276769138,0.5862263580934962,1.629334294877359,-0.04697571755473255,-0.018396037742986024,0.006008793412254087,0.0036932708119461794,-0.0003663623823309973,-0.0004505309259124485,-9.870016853208067e-06,4.7508500169162265e-05,0.0,0.0,10.0
0.38250000000000006,1.4117806094189345,0.584774994503419,1.63411096415611,-0.04538786268936916,-0.01867953510571854,0.0058074730648919335,0.00370820114421645,-0.000343947442984203,-0.0004485768375586517,-1.1679037217677234e-05,4.683933674957172e-05,0.0,0.0,10.0
0.38549999999999995,1.4070993980741917,0.583318987281225,1.638754416753276,-0.043806600519941355,-0.01895120468016713,0.0056029186143760415,0.0037221853452605756,-0.0003212557493643704,-0.0004465540270592033,-1.3513088052461775e-05,4.6171944975595016e-05,0.0,0.0,10.0
0.38850000000000007,1.4025386414202885,0.5818573873493079,1.6432668616748065,-0.042231520290345236,-0.0192115616593824,0.00539521607755017,0.0037353330311601643,-0.00029828200754457426,-0.00044449706952618475,-1.5373025990130072e-05,4.551351788326441e-05,0.0,0.0,10.0
0.39149999999999996,1.3980953799908307,0.580389263724515,1.64765037318371,-0.040662167206530736,-0.019461103250344284,0.005184431399444194,0.0037477539794521495,-0.0002750192419548647,-0.0004424401541891488,-1.725998477018373e-05,4.4871252444355985e-05,0.0,0.0,10.0
0.3945000000000001,1.3937667582028854,0.578913685908809,1.6519068841258335,-0.03909802809437967,-0.01970031111250787,0.004970605785443254,0.0037595594929203772,-0.0002514580627747639,-0.00044041743942385377,-1.9175414945306873e-05,4.4252394199120993e-05,0.0,0.0,10.0
0.39749999999999996,1.3895500203595763,0.5774297194747386,1.6560381781051503,-0.037538526561359815,-0.019929649987728348,0.004753753666908122,0.003770862365246429,-0.00022758634585588858,-0.00043846309004203307,-2.1121083329637695e-05,4.366422664493364e-05,0.0,0.0,10.0
0.4005000000000001,1.385442487520096,0.5759364381340251,1.6600458826696387,-0.03598303095443981,-0.020149561976631574,0.004533864444598844,0.0037817750557964545,-0.00020338951116721132,-0.00043661088456686337,-2.3099015159938734e-05,4.311398405728468e-05,0.0,0.0,10.0
0.40349999999999997,1.3814415157746103,0.5744329514495854,1.6639314656708402,-0.034430875383932434,-0.020360456925986592,0.004310908271030478,0.0037924060767158332,-0.00017885144279930062,-0.0004348933748561455,-2.511137540613222e-05,4.260868298199992e-05,0.0,0.0,10.0
0.4065000000000001,1.377544440538551,0.5729184436036118,1.6676962366834645,-0.03288139126852941,-0.020562700234178465,0.00408484527471412,0.003802854957905863,-0.00015395595257039124,-0.00043334067136475995,-2.7160299187870355e-05,4.215488414920765e-05,0.0,0.0,10.0
0.4095,1.373748513931629,0.5713922163226997,1.6713413549809506,-0.0313339450717204,-0.02075659983651327,0.003855637053916098,0.00381320638231503,-0.00012868859359035754,-0.00043197898776886655,-2.924769065778652e-05,4.175840804953206e-05,0.0,0.0,10.0
0.4125000000000001,1.3700508419870299,0.5698537292396473,1.6748678452997074,-0.02978797797203741,-0.020942394004161907,0.003623259241415248,0.0038235240756829625,-0.00010303862511543865,-0.00043082908113807844,-3.137501056441097e-05,4.142402860828133e-05,0.0,0.0,10.0
0.4155,1.3664483256678586,0.5683026334125558,1.678276622545142,-0.028243044940393567,-0.021120240985705176,0.0033877144190736785,0.0038338448208896122,-7.700100967079047e-05,-0.0004299046733573863,-3.354306534713283e-05,4.1155160818835904e-05,0.0,0.0,10.0
0.4185000000000001,1.3629376071232455,0.566738796127894,1.6815685262826012,-0.02669885220917731,-0.02129021097097751,0.003149045069702061,0.003844172780527039,-5.057839338614297e-05,-0.00042921089533600945,-3.575180377415596e-05,4.095355045464838e-05,0.0,0.0,10.0
0.4215,1.3595150239856608,0.5651623142792308,1.684744364503418,-0.025155290776792037,-0.021452281014590666,0.002907345766319945,0.0038544744679234427,-2.3782941373379717e-05,-0.00042874284255299045,-3.800013405822622e-05,4.08189828763803e-05,0.0,0.0,10.0
0.4245000000000001,1.356176581155357,0.5635735083652574,1.6878049631601981,-0.02361245841384875,-0.02160633455479205,0.002662772081337439,0.0038646753090319746,3.362388239748749e-06,-0.00042848450168653544,-4.0285801155934547e-05,4.074906029811747e-05,0.0,0.0,10.0
0.4275,1.3529179577290178,0.5619728827611025,1.69075121376251,-0.022070656315851714,-0.021752168195887836,0.002415541570661807,0.0038746594389946175,3.082391258813429e-05,-0.00042840851750412876,-4.260539853503092e-05,4.073913753210716e-05,0.0,0.0,10.0
0.4305000000000001,1.3497345685388156,0.5603610373586756,1.6935841077457627,-0.020530344947728395,-0.02188950805007489,0.0021659215108753827,0.0038842744675525276,5.85595448457907e-05,-0.000428477326062117,-4.495460171417137e-05,4.078251973959239e-05,0.0,0.0,10.0
0.4335,1.346621687665338,0.5587385274013406,1.6963047460309333,-0.018992052408394845,-0.022018035067100847,0.0019142007077210805,0.003893341782976091,8.652385011637348e-05,-0.00042864589775879765,-4.732867126915517e-05,4.087097584129545e-05,0.0,0.0,10.0
0.4365000000000001,1.3435746144574041,0.5571056927456068,1.698914317248301,-0.017456248672576596,-0.022137413771947667,0.0016606490572745724,0.0039016705213729425,0.00011467525079938001,-0.00042886568006072606,-4.9723171505696226e-05,4.099549939811574e-05,0.0,0.0,10.0
0.4395,1.3405888324862463,0.5554625042673839,1.7014140480253206,-0.01592322217619699,-0.022247314250124363,0.001405476169162206,0.003909070681985186,0.00014298348437548385,-0.00042908856962830405,-5.213472408245245e-05,4.114710194906909e-05,0.0,0.0,10.0
0.4424999999999999,1.3376601053843422,0.5538084792596308,1.7038051387064919,-0.014393001589521266,-0.022347418139346247,0.0011488030264215211,0.003915360494238916,0.00017143490111861623,-0.00042926954281080414,-5.456156115009059e-05,4.131737701736178e-05,0.0,0.0,10.0
0.4455,1.3347844416226247,0.5521430156730092,1.7060884092131743,-0.012865971101447103,-0.02243721911049238,0.0008911092335520456,0.003920300151734313,0.00019980845035540682,-0.00042937529775306885,-5.690783993565267e-05,4.154554466896538e-05,0.0,0.0,10.0
0.4484999999999999,1.3318126905182066,0.5505043669039614,1.7084473655413632,-0.011389099167175105,-0.022564867587259285,0.0006561985483047915,0.0039383253228276365,0.00022126810318491013,-0.0004318061296584063,0.0,0.0,0.0,0.0,8.0
0.4515,1.3288533032078271,0.5488718463372699,1.7107183765449343,-0.009929878530178597,-0.0226793859078858,0.00042426964475092557,0.003952903234677637,0.00024253265776902209,-0.000433676361885674,0.0,0.0,0.0,0.0,8.0
0.4544999999999999,1.325928961536112,0.5472178585745193,1.7129016761582732,-0.008466806580152884,-0.022787949182005215,0.00018935260178793207,0.0039673503046632795,0.0002641740042013642,-0.00043567890948505774,0.0,0.0,0.0,0.0,8.0
0.4575,1.3230397868187518,0.5455404609440156,1.714993478319712,-0.006999085365641198,-0.02288896333754492,-4.873735938056005e-05,0.003981123174662839,0.00028622148487520436,-0.00043770442009442184,0.0,0.0,0.0,0.0,8.0
0.4604999999999999,1.320189075795051,0.5438377547197306,1.716985730870627,-0.005526051053794857,-0.022979634238970564,-0.0002901568844817609,0.00399328888301646,0.0003086990393568686,-0.0004395625166451202,0.0,0.0,0.0,0.0,8.0
0.4635,1.3173815581359616,0.5421079640080609,1.7188683558181397,-0.004047253086279182,-0.023056611895775226,-0.0005349864182834881,0.004002729526835295,0.0003316182181321863,-0.0004410233785207224,0.0,0.0,0.0,0.0,8.0
0.4664999999999999,1.3146208642378137,0.5403494741957197,1.7206325533936284,-0.002562472400149049,-0.023116929473892874,-0.0007832115610679395,0.004008449151447072,0.0003549768544653998,-0.00044188191342537427,0.0,0.0,0.0,0.0,8.0
0.46950000000000003,1.3119069072518192,0.5385608075964019,1.7222742971440532,-0.0010716685976826063,-0.023158993602613826,-0.0010347365931716883,0.004009900655658459,0.0003787626719398836,-0.00044202655811267574,0.0,0.0,0.0,0.0,8.0
0.4724999999999999,1.3092339029590763,0.5367405434994564,1.7237970646467458,0.00042513522817604933,-0.02318335766757403,-0.0012894292833202624,0.004007244154216007,0.0004029613062001516,-0.0004414940782554267,0.0,0.0,0.0,0.0,8.0
0.47550000000000003,1.3065896841161044,0.5348872067633409,1.7252129133146554,0.001928002552672505,-0.023193029691639305,-0.0015471857024970152,0.0040014538702269715,0.0004275666298755442,-0.00044049279750735064,0.0,0.0,0.0,0.0,8.0
0.4784999999999999,1.3039568074910954,0.5329991632124387,1.7265412032535021,0.0034372253672355977,-0.023193122105223396,-0.0018079946718080994,0.0039942087728390046,0.00045258990797059854,-0.0004393804627412522,0.0,0.0,0.0,0.0,8.0
0.48150000000000004,1.3013155901982365,0.5310745672935899,1.7278047377025112,0.00495340709151484,-0.023189783001759633,-0.0020719762368133733,0.003987545957497231,0.00047806368798066477,-0.00043859216906649265,0.0,0.0,0.0,0.0,8.0
0.48449999999999993,1.298648593299477,0.5291114014929258,1.7290239107170087,0.00647744193223036,-0.023188577143067667,-0.0023393712227255475,0.003983331156502388,0.00050403713931646,-0.0004385296090859256,0.0,0.0,0.0,0.0,8.0
0.48750000000000004,1.2959453708187567,0.5271076240090797,1.7302103947704683,0.008010371247980437,-0.02319274589863946,-0.0026104722556380424,0.003982686477979707,0.0005305621172099804,-0.00043944088316059016,0.0,0.0,0.0,0.0,8.0
0.49049999999999994,1.2932059055436007,0.5250614053124246,1.7313624617108918,0.009553136857893134,-0.023201927468412757,-0.002885508090718098,0.003985565670840662,0.0005576728674428722,-0.0004413306711219288,0.0,0.0,0.0,0.0,8.0
0.49350000000000005,1.2904414011935863,0.5229713987845558,1.732463747018264,0.011106290478102071,-0.023211835081472267,-0.003164513856912512,0.003990640897679883,0.0005853653942502305,-0.0004439352287895478,0.0,0.0,0.0,0.0,8.0
0.49649999999999994,1.2876720023852468,0.5208369718473778,1.7334861053694357,0.012669739618287988,-0.023215064524001808,-0.0034472291338352823,0.003995559684326255,0.0006135833894328004,-0.0004467748804233673,0.0,0.0,0.0,0.0,8.0
0.49950000000000006,1.284922171763576,0.5186583315981359,1.7343956674456604,0.014242602284275277,-0.023202775284794006,-0.0037330577438850817,0.003997491448756597,0.0006422155882708269,-0.0004492676413508332,0.0,0.0,0.0,0.0,8.0
0.5025,1.2822152938496456,0.5164365103904394,1.735160048748125,0.015823208429718585,-0.023166671963289122,-0.0040211009579278695,0.003993777392812387,0.0006711053191288855,-0.00045086527875746015,0.0,0.0,0.0,0.0,8.0
0.5055000000000001,1.2795692078666194,0.5141732185821707,1.7357544211078362,0.017409240330381506,-0.023100652344246225,-0.0043102500526596785,0.0039824747706217805,0.0007000687645408861,-0.0004511678949417558,0.0,0.0,0.0,0.0,8.0
0.5085000000000002,1.2769938103856324,0.5118706067132259,1.736164856908859,0.018997966006225112,-0.02300168809091318,-0.004599306580385688,0.00396264975472599,0.0007289159624908018,-0.0004499859946101128,0.0,0.0,0.0,0.0,8.0
0.5114999999999998,1.2744909697490194,0.509530995452533,1.7363885457323758,0.0205865029018476,-0.02286983624236015,-0.004887095799870783,0.003934382340487342,0.0007574687278947571,-0.00044734187494407094,0.0,0.0,0.0,0.0,8.0
0.5145,1.272056204992509,0.5071566264882372,1.736431564397454,0.022172055454008983,-0.022707578102745804,-0.005172548979557314,0.003898546862378975,0.0007855719608353705,-0.00044342346414633055,0.0,0.0,0.0,0.0,8.0
0.5175000000000001,1.2696811925625282,0.5047494680783329,1.7363054433783296,0.023752092022185395,-0.022518834249734648,-0.005454746458060871,0.0038564839387900305,0.0008130978140508432,-0.00043851502954412577,0.0,0.0,0.0,0.0,8.0
0.5205000000000002,1.2673562098173903,0.5023110861289419,1.7360237440253121,0.025324451899085276,-0.02230799269229216,-0.005732927340626401,0.0038096767696562932,0.0008399445013523594,-0.00043292873647155075,0.0,0.0,0.0,0.0,8.0
0.5234999999999999,1.2650719474100636,0.4998425742895211,1.7355994420174465,0.026887392068038158,-0.022079168734281833,-0.006006478784542066,0.0037595053204113487,0.0008660324353452968,-0.0004269527390560633,0.0,0.0,0.0,0.0,8.0
0.5265,1.2628205083362418,0.4973445282832891,1.7350433933202374,0.028439592077103948,-0.02183577071081684,-0.006274917786122646,0.0037071034061469865,0.0008913000225478026,-0.00042082116746690963,0.0,0.0,0.0,0.0,8.0
0.5295000000000001,1.2605957013336369,0.4948170493307269,1.7343637603863296,0.029980135167834595,-0.021580336081607882,-0.006537874047279192,0.003653306753612414,0.0009157004389293442,-0.00041470349939146627,0.0,0.0,0.0,0.0,8.0
0.5325000000000002,1.2583928721451363,0.4922597654949629,1.733566084131794,0.03150847858095872,-0.021314550232643562,-0.0067950772683186,0.0035986625788521284,0.0009391996971491562,-0.00040870705490332707,0.0,0.0,0.0,0.0,8.0
0.5354999999999999,1.2562085209591005,0.4896718645650533,1.7326536741453835,0.03302441970713996,-0.02103935750882292,-0.007046348355584492,0.0035434702670025706,0.0009617756657571196,-0.00040288613828974053,0.0,0.0,0.0,0.0,8.0
0.5385,1.2540398871568326,0.48705213555858096,1.7316280767745145,0.03452805994480703,-0.020755098344472686,-0.007291592259767289,0.0034878308825652326,0.0009834174732220233,-0.0003972530695902193,0.0,0.0,0.0,0.0,8.0
0.5415000000000001,1.2518845990488303,0.4843990174516921,1.730489492048452,0.03601976559904197,-0.020461636872806024,-0.007530790083856561,0.0034316934127948816,0.0010041248026895903,-0.00039178850104962937,0.0,0.0,0.0,0.0,8.0
0.5445000000000002,1.2497404200448756,0.481710653729872,1.7292370992901007,0.03750012459958561,-0.020158467445608366,-0.007763988924314116,0.0033748936477598275,0.0010239067875989821,-0.0003864501083977238,0.0,0.0,0.0,0.0,8.0
0.5474999999999999,1.2476050842458026,0.4789849505792762,1.7278693024241014,0.038969898456780235,-0.01984480210182775,-0.007991288937910524,0.0033171861313407262,0.001042780425602443,-0.0003811797108081334,0.0,0.0,0.0,0.0,8.0
0.5505,1.2454761998011874,0.47621963572268866,1.7263839242906496,0.04042996995161387,-0.019519645706962376,-0.008212827956571838,0.003258271205068573,0.0010607685762417164,-0.00037590921867088756,0.0,0.0,0.0,0.0,8.0
0.5535000000000001,1.2433511982700656,0.47341231449032195,1.7247783772641172,0.041881288048572725,-0.019181864776640526,-0.008428764471699516,0.0031978189908353845,0.0010778976856936349,-0.00037056578348491063,0.0,0.0,0.0,0.0,8.0
0.5565000000000002,1.2412273141020438,0.4705605198575894,1.7230498270032806,0.04332481217151445,-0.01883025315964935,-0.008639260007693723,0.0031354912945830045,0.0010941954048282081,-0.0003650763547889196,0.0,0.0,0.0,0.0,8.0
0.5594999999999999,1.2391015847917246,0.46766175382250047,1.7211953549662513,0.04476145823208408,-0.01846359487344671,-0.0088444618894611,0.003070961539537321,0.0011096882557977547,-0.00035937167659524905,0.0,0.0,0.0,0.0,8.0
0.5625,1.2369708668864505,0.4647135184702296,1.7192121169776122,0.0461920486922904,-0.018080722383116078,-0.009044487264083233,0.003003932248194644,0.00112439947388392,-0.00035338964094616443,0.0,0.0,0.0,0.0,8.0
0.5655000000000001,1.2348318654801496,0.4617133361982292,1.7170974904207572,0.047617268561053784,-0.01768056765784678,-0.009239409021489413,0.0029341493337531805,0.001138347115333258,-0.00034707786818207896,0.0,0.0,0.0,0.0,8.0
0.5684999999999998,1.2326811756125695,0.4586587597046783,1.714849201042471,0.04903762865420757,-0.017262203255945997,-0.00942924401136681,0.0028614124747474608,0.0011515424839705713,-0.0003403953898688904,0.0,0.0,0.0,0.0,8.0
0.5714999999999999,1.2305153337593309,0.45554737338588897,1.7124654211070032,0.05045343676583537,-0.016824871247283858,-0.009613943703341597,0.002785581056127255,0.0011639888934663824,-0.0003333133558644346,0.0,0.0,0.0,0.0,8.0
0.5745,1.2283308768426495,0.4523767887038359,1.7099448330318823,0.05186477667952472,-0.01636799878952718,-0.00979338721357397,0.0027065755069149515,0.0011756807522020182,-0.00032581476020169907,0.0,0.0,0.0,0.0,8.0
0.5775000000000001,1.2261244052851528,0.44914463685547856,1.7072866560645694,0.05327149426908763,-0.015891200467399228,-0.009967376451755784,0.0026243742992866086,0.001186602937551664,-0.0003178932717828401,0.0,0.0,0.0,0.0,8.0
0.5804999999999998,1.2238926459236172,0.4458485626723103,1.7044906373350097,0.05467318938580637,-0.015394268894826122,-0.010135633050703812,0.0025390073378733628,0.0011967304186951844,-0.0003095513535481407,0.0,0.0,0.0,0.0,8.0
0.5834999999999999,1.2216325104719175,0.4424862240331522,1.7015570119495755,0.056069211893750734,-0.014877156334742302,-0.010297796737034933,0.00245054688527506,0.0012060280921421603,-0.0003007979418227092,0.0,0.0,0.0,0.0,8.0
0.5865,1.2193411459777481,0.4390553010649772,1.6984864389196028,0.05745866017858267,-0.014339950963189426,-0.010453424882041268,0.0023590974566396953,0.0012144508098801588,-0.0002916460177253658,0.0,0.0,0.0,0.0,8.0
0.5895000000000001,1.2170159754186995,0.43555351887481686,1.6952799201892284,0.058840380774726156,-0.013782851701422464,-0.010601993120673808,0.0022647862041735535,0.0012219436026176147,-0.0002821104192297319,0.0,0.0,0.0,0.0,8.0
0.5924999999999998,1.2146547289242255,0.4319786863397506,1.691938708911646,0.06021296844038163,-0.013206145192367758,-0.010742897119457303,0.002167755170511083,0.0012284421255325793,-0.00027220620766643666,0.0,0.0,0.0,0.0,8.0
0.5954999999999999,1.212255468438664,0.4283287514833552,1.6884642110357455,0.06157476700441767,-0.012610187584382083,-0.01087545578297151,0.0020681564346013,0.0012338733770543386,-0.0002619478183299102,0.0,0.0,0.0,0.0,8.0
0.5985,1.209816610155586,0.4246018712214754,1.6848578821552989,0.06292387248385116,-0.011995392505573736,-0.010998916381631663,0.001966150663916261,0.0012381567586704002,-0.0002513491032003259,0.0,0.0,0.0,0.0,8.0
0.6015000000000001,1.2073369491061554,0.420796489995386,1.6811211203602476,0.06425814112543893,-0.011362225224095392,-0.011112462224943196,0.0018619090068371655,0.0012412055518007702,-0.000240424233098627,0.0,0.0,0.0,0.0,8.0
0.6044999999999998,1.204815688651504,0.4169114184658769,1.6772551560554965,0.065575205913193,-0.010711201743478619,-0.011215223554711166,0.0017556177010581056,0.0012429288825415452,-0.00022918928849675416,0.0,0.0,0.0,0.0,8.0
0.6074999999999999,1.2022524746436218,0.4129459006321182,1.6732609413517319,0.06687250545454188,-0.01004289067404273,-0.011306292254435326,0.0016474843240820967,0.0012432342231195642,-0.0002176642545293362,0.0,0.0,0.0,0.0,8.0
0.6105,1.1996474304938,0.4088996561566156,1.669139044128509,0.06814732881038382,-0.009357915280151933,-0.011384740739361996,0.0015377443430970314,0.0012420304385357185,-0.0002058750661403675,0.0,0.0,0.0,0.0,8.0
0.6135000000000002,1.1970011863720895,0.40477288494997105,1.6648895543475215,0.0693968786687055,-0.008656953189180482,-0.011449645005064837,0.0014266665858053413,0.0012392313296127162,-0.0001938553385803463,0.0,0.0,0.0,0.0,8.0
0.6164999999999998,1.1943148942193764,0.40056622360684957,1.6605120117458145,0.07061835331126234,-0.007940731852265143,-0.011500111299237798,0.0013145564719966852,0.0012347595548732116,-0.00018164747314674488,0.0,0.0,0.0,0.0,8.0
0.6194999999999999,1.191590220768162,0.3962806481569325,1.6560053639747043,0.07180904525525918,-0.007210018878622392,-0.011535305296036092,0.0012017562938963868,0.0012285507418840907,-0.00016930294245606745,0.0,0.0,0.0,0.0,8.0
0.6225,1.1888293133545222,0.3919173244694144,1.6513679622571817,0.07296645153718083,-0.0064656076412033725,-0.011554482063492393,0.001088642433532439,0.0012205575336700918,-0.0001568817135059396,0.0,0.0,0.0,0.0,8.0
0.6255000000000002,1.1860347373777227,0.3874774158068808,1.6465975978418488,0.07408838766950306,-0.005708299806561777,-0.011557014590986375,0.000975620029782742,0.0012107532662919815,-0.00014445092728973533,0.0,0.0,0.0,0.0,8.0
0.6284999999999998,1.1832093887723603,0.38296186543333116,1.641691577487073,0.07517309468358192,-0.004938887376046549,-0.011542418245842685,0.0008631161032705488,0.0011991349461513631,-0.00013208308148550927,0.0,0.0,0.0,0.0,8.0
0.6315,1.1803563885563255,0.37837117961159106,1.636646830807668,0.07621932671590893,-0.004158137183810246,-0.011510368310514347,0.0007515723768325247,0.0011857251944368417,-0.00011985402306758401,0.0,0.0,0.0,0.0,8.0
0.6345000000000001,1.1774789683459719,0.37370524147029655,1.6314600376319706,0.07722640565991631,-0.003366780455876542,-0.01146070777451026,0.000641438918188759,0.0011705728552972535,-0.00010784103228471892,0.0,0.0,0.0,0.0,8.0
0.6375000000000002,1.1745803551928629,0.36896318782677195,1.6261277605715032,0.07819422988888279,-0.0025655090570149133,-0.011393442892957987,0.000533169300772025,0.0011537520287597093,-9.612117473111488e-05,0.0,0.0,0.0,0.0,8.0
0.6404999999999998,1.1716636615203604,0.36414337808431446,1.6206465674962909,0.0791232263707106,-0.0017549786852048823,-0.011308724759242718,0.0004272173502636289,0.0011353593947254865,-8.476994626548752e-05,0.0,0.0,0.0,0.0,8.0
0.6435,1.168731782463035,0.3592434761953236,1.6150131306797146,0.08001423996651738,-0.000935817877509436,-0.011206816331550436,0.00032403491077642244,0.0011155098436470999,-7.386008588476416e-05,0.0,0.0,0.0,0.0,8.0
0.6465000000000001,1.1657873001450674,0.35426065356040093,1.609224293529665,0.08086836036990856,-0.00010864062728915225,-0.011088045984418407,0.00022406963055137026,0.0010943306176727193,-6.346033597247526e-05,0.0,0.0,0.0,0.0,8.0
0.6495000000000002,1.162832393819304,0.34919190382967086,1.6032771010514293,0.08168669552293135,0.000725940069795284,-0.01095275057826245,0.00012776168156625805,0.0010719543746301786,-5.363392356106143e-05,0.0,0.0,0.0,0.0,8.0
0.6524999999999999,1.1598687569065869,0.34403444227637336,1.5971687953231162,0.08247010929743262,0.0015673002519672392,-0.010801212953454141,3.553863231472104e-05,0.0010485117828099148,-4.4436627315795446e-05,0.0,0.0,0.0,0.0,8.0
0.6555,1.1568975261079848,0.3387861460650576,1.5908967814131416,0.08321894904014743,0.002414796390640804,-0.010633600254487756,-5.219169134155303e-05,0.0010241243943150738,-3.5914457787826475e-05,0.0,0.0,0.0,0.0,8.0
0.6585000000000001,1.1539192320334075,0.3334459809269372,1.5844585720417501,0.08393279334636548,0.003267760837705821,-0.010449910172683458,-0.00013504976545645166,0.0009988985891804904,-2.8101165266983523e-05,0.0,0.0,0.0,0.0,8.0
0.6615000000000002,1.1509337829463988,0.32801435725000827,1.577851721225456,0.08461025069823952,0.004125500742193527,-0.010249931815728742,-0.00021269305313727696,0.000972921310639807,-2.1015947809969887e-05,0.0,0.0,0.0,0.0,8.0
0.6644999999999999,1.1479404917685097,0.3224933652807803,1.5710737587924397,0.0852488349969761,0.0049872985762676675,-0.010033226495942979,-0.0002848230276491223,0.0009462581328358059,-1.4661823340398957e-05,0.0,0.0,0.0,0.0,8.0
0.6675,1.1449381515359192,0.3168868535506283,1.5641221394452693,0.08584493548762696,0.005852411225807191,-0.009799131592389982,-0.0003511885377203876,0.0009189539542055021,-9.025139720258066e-06,0.0,0.0,0.0,0.0,8.0
0.6705000000000001,1.1419251577970715,0.3112003334882989,1.5569942217167951,0.08639388807436789,0.006720063673615423,-0.009546788265317595,-0.0004115836118807135,0.0008910363451478268,-4.076630258537962e-06,0.0,0.0,0.0,0.0,8.0
0.6735000000000002,1.1388996703755099,0.30544071282057966,1.5496872925996232,0.08689014461802187,0.0075894329379708235,-0.009275191605043767,-0.00046583820346587457,0.0008625213395260889,2.257133224817087e-07,0.0,0.0,0.0,0.0,8.0
0.6764999999999999,1.1358598031395073,0.299615878522241,1.5421986510855399,0.08732752768291512,0.008459618601750355,-0.008983259935619468,-0.0005138011606822364,0.0008334212574672965,3.931889293826205e-06,0.0,0.0,0.0,0.0,8.0
0.6795,1.1328038289068894,0.2937341666695004,1.5345257566361619,0.08769955023235855,0.009329598481525743,-0.008669918316269417,-0.0005553159752683039,0.0008037539614482383,7.09349994960633e-06,0.0,0.0,0.0,0.0,8.0
0.6825000000000001,1.1297303859410432,0.28780377278553215,1.5266664362052569,0.08799977209923202,0.010198171913850664,-0.008334189544098342,-0.0005901916494699485,0.0007735527521544486,9.756379302735531e-06,0.0,0.0,0.0,0.0,8.0
0.6855000000000002,1.1266386710753435,0.2818321722585974,1.5186191278089654,0.08822215747519298,0.011063898162205384,-0.007975284187862626,-0.0006181730899177277,0.0007428759128405916,1.1953329070303542e-05,0.0,0.0,0.0,0.0,8.0
0.6884999999999999,1.1235286020535027,0.275825632841076,1.5103831248536181,0.0883613919232899,0.011925041952081267,-0.007592679957341768,-0.0006389171768238925,0.0007118147800020145,1.3698406365255597e-05,0.0,0.0,0.0,0.0,8.0
0.6915,1.1204009299615534,0.26978890309287085,1.5019587803803447,0.08841311728306944,0.01277953990682189,-0.007186181068706489,-0.0006519812067561662,0.000680499266951738,1.4984263309487747e-05,0.0,0.0,0.0,0.0,8.0
0.6945000000000001,1.1172572850278828,0.2637251442266679,1.4933476392094964,0.0883740522826331,0.013624998991037042,-0.0067559511008929585,-0.000656829067682649,0.0006491000845702051,1.5783652351060375e-05,0.0,0.0,0.0,0.0,8.0
0.6974999999999998,1.1141001489349507,0.25763613502391014,1.4845524876892686,0.08824198696430428,0.014458731106691387,-0.006302518122376924,-0.0006528572414761599,0.0006178274739298135,1.6055389273002966e-05,0.0,0.0,0.0,0.0,8.0
0.7004999999999999,1.110932765003802,0.25152272615690996,1.4755773366422926,0.08801566645323848,0.015277819182141045,-0.005826757211970827,-0.000639438410930535,0.0005869269328818602,1.575402815454364e-05,0.0,0.0,0.0,0.0,8.0
0.7035,1.1077590201020007,0.24538546626615373,1.4664273706783484,0.08769460571351216,0.016079203154389363,-0.005329860550410446,-0.0006159765521525582,0.0005566729421001905,1.4841606531039268e-05,0.0,0.0,0.0,0.0,8.0
0.7065000000000001,1.1045833488082906,0.23922528594928588,1.4571088987178784,0.087278891913401,0.016859771844417632,-0.004813306898113321,-0.0005819652512156218,0.000527361872854514,1.3299380939101487e-05,0.0,0.0,0.0,0.0,8.0
0.7094999999999998,1.1014107075525676,0.23304412062993024,1.4476293310452568,0.08676902854138796,0.017616448521944095,-0.004278839891573468,-0.0005370410415897906,0.0004993050379717054,1.1137590049870141e-05,0.0,0.0,0.0,0.0,8.0
0.7124999999999999,1.0982466338302654,0.22684537995554774,1.4379972029818493,0.08616585630292665,0.018346260717250904,-0.003728459547986818,-0.000481025195557841,0.00047282235179266934,8.4017870384974e-06,0.0,0.0,0.0,0.0,8.0
0.7155,1.0950973464637963,0.22063421760469146,1.428222277269709,0.08547055801204835,0.019046385293594707,-0.003164426117075475,-0.0004139495275262763,0.0004482365056200899,5.174882250397001e-06,0.0,0.0,0.0,0.0,8.0
0.7185000000000001,1.0919697824134051,0.21441760207231003,1.4183157781726057,0.0846847292171589,0.019714158615668796,-0.0025892717503001777,-0.00033606380109262913,0.0004258671195750747,1.5745570645611422e-06,0.0,0.0,0.0,0.0,8.0
0.7214999999999998,1.0888714481794817,0.20820422029686406,1.408290803019152,0.08381048167455493,0.02034704502449762,-0.0020058131857448674,-0.0002478247363880923,0.0004060240890478171,-2.2537539926371347e-06,0.0,0.0,0.0,0.0,8.0
0.7244999999999999,1.085810030043219,0.2020042567937292,1.3981628774074943,0.08285054508556616,0.02094257215574979,-0.00141715613081363,-0.00014987023039202718,0.00038899935888028547,-6.14732012175741e-06,0.0,0.0,0.0,0.0,8.0
0.7275,1.0827928527131392,0.19582908733082463,1.3879504699803837,0.0818083396514679,0.021498267760285846,-0.0008266786813804342,-4.298678810792801e-05,0.00037505672378141937,-9.937965508955846e-06,0.0,0.0,0.0,0.0,8.0
0.7305000000000001,1.0798264189517317,0.18969091883459796,1.3776751527388496,0.08068800174682302,0.02201165255779564,-0.00023797983334575095,7.191948193152694e-05,0.0003644200295642255,-1.3462542639304094e-05,0.0,0.0,0.0,0.0,8.0
0.7334999999999998,1.076916274571432,0.18360240308762077,1.3673611309879548,0.0794943537080443,0.022480331936427258,0.0003452148998679845,0.00019384118845035083,0.00035726113575895697,-1.656975585985711e-05,0.0,0.0,0.0,0.0,8.0
0.7364999999999999,1.0740672580339006,0.1775762502878911,1.3570341405411357,0.07823281685827262,0.022902177622247537,0.0009191838988912227,0.00032167916124582426,0.00035368963591206256,-1.912306979678269e-05,0.0,0.0,0.0,0.0,8.0
0.7395,1.0712839194269315,0.17162486523953685,1.3467200716087182,0.07690927621303027,0.023275528912080415,0.0014803524687000721,0.0004542538614273097,0.0003537460701728424,-2.100178874150887e-05,0.0,0.0,0.0,0.0,8.0
0.7425000000000002,1.0685707482981635,0.16576002315182364,1.3364438548720214,0.07552991456551257,0.02359932015448266,0.002025418600461363,0.0005903307902204673,0.0003573992955555156,-2.2103277038050996e-05,0.0,0.0,0.0,0.0,8.0
0.7454999999999998,1.0659413623333325,0.15999269455453244,1.326217331530851,0.07410095457962323,0.02387509301515141,0.002551875524769441,0.0007283518925633171,0.0003645601167289491,-2.226933759511587e-05,0.0,0.0,0.0,0.0,8.0
0.7484999999999999,1.0629743147367594,0.15432612135241744,1.316583642750992,0.0726330703209145,0.024013904424793182,0.0030378697849325308,0.0008805162590809261,0.0003743480929827854,-2.491328352070622e-05,0.0,0.0,0.0,0.0,8.0
0.7515000000000001,1.0599341630586754,0.1487581938004035,1.307243079920019,0.07113924366389768,0.02407305103739265,0.003492603424085726,0.0010371899526657687,0.0003869485656310644,-2.7907242738114845e-05,0.0,0.0,0.0,0.0,8.0
0.7545000000000002,1.0571833860116173,0.14329897653796916,1.2977718801889047,0.06962342051064574,0.02412849910157813,0.003930467491719463,0.001186244835631492,0.00040282755734341927,-2.834653510116762e-05,0.0,0.0,0.0,0.0,8.0
0.7574999999999998,1.0547405895505673,0.13796216985111787,1.2881635054032363,0.06808576042080414,0.024183900655084536,0.004351397146499538,0.0013264399259391446,0.0004217569137136657,-2.6110673783918283e-05,0.0,0.0,0.0,0.0,8.0
0.7605,1.0524873556364858,0.13275669609607374,1.2785757852500808,0.06652823961264306,0.02421572688140685,0.004749790427106121,0.0014606347087242648,0.00044313834330296476,-2.2189061010147852e-05,0.0,0.0,0.0,0.0,8.0
0.7635000000000001,1.0503433354063554,0.12768693989128505,1.2691171324135624,0.0649546938250872,0.02420947934272504,0.005122014876741973,0.001590479105453517,0.0004664183186469943,-1.727465454448518e-05,0.0,0.0,0.0,0.0,8.0
0.7665000000000002,1.0482782753063535,0.12275489555605322,1.2598323336497559,0.0633695004932846,0.024161526007064855,0.005466866398569222,0.0017161775949300923,0.000491159964320137,-1.1670098595813773e-05,0.0,0.0,0.0,0.0,8.0
0.7694999999999999,1.0462837669848393,0.1179612745011866,1.250737329220948,0.061776913140129466,0.02407297146619781,0.005784324279776847,0.0018373784816404831,0.0005169935067520126,-5.510121494756416e-06,0.0,0.0,0.0,0.0,8.0
0.7725,1.0443572791905622,0.11330589142522236,1.2418389120486828,0.06018089251290041,0.023946275130863635,0.0060748325014645145,0.001953644545779406,0.0005435833870481352,1.1162568051089197e-06,0.0,0.0,0.0,0.0,8.0
0.7755000000000001,1.042497232442763,0.10878784234379024,1.233140989130917,0.05858508928873592,0.023784178189206702,0.006339044697413726,0.0020645882848424144,0.0005706202173746382,8.130200262584465e-06,0.0,0.0,0.0,0.0,8.0
0.7785000000000002,1.0407019891984404,0.10440565654922068,1.2246461001657156,0.05699284404811304,0.023589428177201322,0.006577736060762423,0.002169894856622587,0.0005978214947631107,1.5456980907750488e-05,0.0,0.0,0.0,0.0,8.0
0.7814999999999999,1.0389697871947632,0.10015746609725344,1.216355802978176,0.05540717182825912,0.02336468910341965,0.006791761628321106,0.002269321041301606,0.0006249330847850727,2.3025948042747917e-05,0.0,0.0,0.0,0.0,8.0
0.7845,1.037298867423974,0.09604120260346384,1.2082708373716262,0.053830727199947824,0.023112485894782025,0.006982030635049744,0.0023626916075223025,0.0006517293865837423,3.0770784680467946e-05,0.0,0.0,0.0,0.0,8.0
0.7875000000000001,1.0356876478906039,0.09205481573627965,1.200391245648027,0.052265756261555704,0.022835157184379,0.00714948987206277,0.0024498963942776574,0.0006780120096345569,3.862914566431931e-05,0.0,0.0,0.0,0.0,8.0
0.7905000000000002,1.0341348968768138,0.0881964898393061,1.192716485215665,0.05071404976599551,0.022534816800977516,0.007295112676740425,0.0025308875877915974,0.0007036073305098924,4.654181383398107e-05,0.0,0.0,0.0,0.0,8.0
0.7934999999999999,1.0326398637305578,0.0844648176396986,1.185245541715424,0.04917691724201752,0.022213330462816077,0.00741989045075847,0.0026056758494929417,0.0007283635063749433,5.445176071199903e-05,0.0,0.0,0.0,0.0,8.0
0.7965,1.0312023234064929,0.08085888255181545,1.1779770413694615,0.04765520244855482,0.021872315152252336,0.007524823945803215,0.002674323984024331,0.000752147580543252,6.23035390550284e-05,0.0,0.0,0.0,0.0,8.0
0.7995000000000001,1.0298225030393167,0.0773782118592159,1.1709093557771773,0.04614935355907791,0.021513165901000168,0.007610912549157723,0.00273693744304625,0.0007748432044371757,7.004332603265184e-05,0.0,0.0,0.0,0.0,8.0
0.8025000000000002,1.0285008864431266,0.07402259255924792,1.16404069102164,0.04465954796281278,0.021137108944576162,0.007679141287777323,0.0027936519470139615,0.0007963492301877947,7.761970748364418e-05,0.0,0.0,0.0,0.0,8.0
0.8054999999999999,1.0272379269128276,0.07079178002746098,1.1573691555079841,0.04318585603768235,0.020745273523437725,0.007730466751435711,0.0028446195029254934,0.0008165790912951016,8.498502918765347e-05,0.0,0.0,0.0,0.0,8.0
0.8085,1.0260337255642524,0.06768516047276948,1.1508928056392194,0.04172841709673712,0.020338769892098228,0.007765804024253228,0.0028899946820750352,0.0008354606266059894,9.20969523828406e-05,0.0,0.0,0.0,0.0,8.0
0.8115000000000001,1.024887739442992,0.06470143733766356,1.1446096726710342,0.04028759871846654,0.019918760430031768,0.007786016656754885,0.0029299229545584776,0.0008529359276345781,9.891981801299804e-05,0.0,0.0,0.0,0.0,8.0
0.8144999999999998,1.0237985683446333,0.061838396198018855,1.138517775908688,0.03886411810419841,0.019486514184387294,0.007791910819296519,0.0029645322349933475,0.0008689609149316005,0.00010542554751149868,0.0,0.0,0.0,0.0,8.0
0.8174999999999999,1.0227638410175628,0.059092772296593245,1.1326151264504731,0.03745911643963746,0.019043440706326246,0.007784233590259391,0.002993927935797279,0.0008835045808047356,0.00011159400634679703,0.0,0.0,0.0,0.0,8.0
0.8205,1.0217801956603283,0.05646021664036997,1.1268997231864377,0.036074187870847235,0.01859110383436911,0.007763674510998952,0.003018191180423476,0.0008965480275563651,0.00011741291711752963,0.0,0.0,0.0,0.0,8.0
0.8235000000000001,1.0208433386421787,0.05393534427337186,1.1213695406495527,0.03471136891361948,0.01813121816071857,0.0077308694879359065,0.003037379653827575,0.0009080834759322497,0.0001228774544859773,0.0,0.0,0.0,0.0,8.0
0.8264999999999998,1.0199481710163427,0.051511854200779895,1.1160225079649797,0.03337309169797064,0.017665630242124416,0.007686406760771418,0.0030515308113150666,0.0009181133122803912,0.00012798958590495886,0.0,0.0,0.0,0.0,8.0
0.8294999999999999,1.0190889856775498,0.049182724860256995,1.11085647963694,0.03206209945943349,0.017196284852777067,0.007630835485719382,0.0030606675338412702,0.0009266490771492647,0.0001327571119783086,0.0,0.0,0.0,0.0,8.0
0.8325,1.0182597453757964,0.04694049726487434,1.1058692011720108,0.030781320611967266,0.01672517588182387,0.007564677887361011,0.0030648064605882323,0.000933710199340445,0.00013719230186190945,0.0,0.0,0.0,0.0,8.0
0.8355000000000001,1.0174544437392659,0.044777649561653456,1.1010582741180543,0.029533702032180115,0.016254283112264224,0.007488445529454689,0.0030639689543984073,0.0009393223296688147,0.000141310069504904,0.0,0.0,0.0,0.0,8.0
0.8384999999999998,1.0166675282479893,0.042687041912537034,1.0964211250961051,0.028322012273299408,0.015785499730140273,0.007402659098172098,0.003058194020714264,0.0009435153181437449,0.0001451257851006888,0.0,0.0,0.0,0.0,8.0
0.8414999999999999,1.015894335512967,0.04066237977509022,1.0919549819274075,0.02714863712253668,0.015320559330175811,0.0073078696341323315,0.003047551770329776,0.0009463211146293307,0.00014865299384742437,0.0,0.0,0.0,0.0,8.0
0.8445,1.0151314690778106,0.03869862170891967,1.0876568579625339,0.02601539775694339,0.014860973400401831,0.007204678011105543,0.003032155515371773,0.000947772034822932,0.0001519014334186763,0.0,0.0,0.0,0.0,8.0
0.8475000000000001,1.0143770489760047,0.036792256300500065,1.083523544372402,0.02492342177703332,0.014407989499265413,0.007093749133888828,0.003012170546136665,0.0009478998339148547,0.00015487574121236295,0.0,0.0,0.0,0.0,8.0
0.8504999999999998,1.0136307830197298,0.034941394499020055,1.079551610147691,0.0238730888906208,0.013962576592238705,0.00697581798383826,0.002987818097789894,0.0009467358577509685,0.00015757511444163883,0.0,0.0,0.0,0.0,8.0
0.8534999999999999,1.012893845993157,0.03314566190962103,1.0757374106824718,0.022864058577729184,0.013525438486283218,0.0068516860830131416,0.0029593738423284474,0.0009443122588852766,0.00015999397439488868,0.0,0.0,0.0,0.0,8.0
0.8565,1.012168592733206,0.031405917728049126,1.0720771071102364,0.021895371226633258,0.013097050763933598,0.0067222087349386415,0.0029271611881304758,0.0009406639768365706,0.00016212346301813527,0.0,0.0,0.0,0.0,8.0
0.8595000000000002,1.0114581622718193,0.02972385990403342,1.068566698754424,0.020965601523334175,0.01267771267916276,0.006588275033827897,0.0028915404873103936,0.0009358309864602567,0.00016395343447856594,0.0,0.0,0.0,0.0,8.0
0.8624999999999998,1.0107660447207811,0.028101591125130748,1.065202069274096,0.020073036236880316,0.012267604019660157,0.006450783734194882,0.002852895766411962,0.0009298602706118291,0.00016547453778833167,0.0,0.0,0.0,0.0,8.0
0.8654999999999999,1.0100956787045885,0.026541215515505666,1.0619790433479932,0.019215848625373677,0.011866837950861733,0.006310618467476836,0.0028116207471578915,0.0009228070711794922,0.0001666800228274145,0.0,0.0,0.0,0.0,8.0
0.8685,1.009450129011143,0.025044516073871387,1.0588934460821937,0.018392247147971056,0.011475503599871317,0.006168625515869821,0.002768105751806686,0.0009147351678236148,0.00016756701389160225,0.0,0.0,0.0,0.0,8.0
0.8715000000000002,1.0088318691876528,0.023612736035704324,1.0559411534738845,0.017600584564532108,0.011093695538669663,0.006025596578491349,0.0027227266965031967,0.0009057161575169552,0.00016813713926850803,0.0,0.0,0.0,0.0,8.0
0.8744999999999998,1.0082426697826348,0.022246462072141315,1.0531181209984894,0.016839422320109265,0.010721530381152288,0.005882257915757023,0.002675836887954016,0.0008958278978692218,0.0001683965407676952,0.0,0.0,0.0,0.0,8.0
0.8775,1.0076835754177536,0.020945589707929726,1.0504203798634812,0.01610755249778141,0.010359152764942495,0.005739266144657507,0.0026277618580808734,0.0008851523953593295,0.00016835538541158207,0.0,0.0,0.0,0.0,8.0
0.8805000000000001,1.0071549452458979,0.0197093440878624,1.0478439967415791,0.01540398468716824,0.01000673384314947,0.005597209944407998,0.0025787970668758333,0.0008737734574311797,0.00016802705197007672,0.0,0.0,0.0,0.0,8.0
0.8835000000000002,1.006656530996401,0.018536331308083787,1.0453850017074455,0.014727907802709134,0.009664465241027743,0.005456616133374621,0.002529208008117557,0.0008617743996052785,0.00016742717191504594,0.0,0.0,0.0,0.0,8.0
0.8864999999999998,1.0061875721519664,0.017424603702994666,1.0430392985883084,0.014078637643861643,0.009332550634319188,0.005317958069224475,0.0024792320715426117,0.0008492360317014638,0.00016657268045858968,0.0,0.0,0.0,0.0,8.0
0.8895,1.0057468955990192,0.016371732667198758,1.0408025795745286,0.013455560414945944,0.009011196119058224,0.005181664148052209,0.0024290814390938277,0.0008362350676955103,0.00016548099335080777,0.0,0.0,0.0,0.0,8.0
0.8925000000000001,1.0053330144802024,0.0153748911930057,1.0386702695799077,0.012858081016562729,0.008700599717331062,0.005048124346028745,0.002378946306992812,0.0008228430310818057,0.00016416938112017663,0.0,0.0,0.0,0.0,8.0
0.8955000000000002,1.0049442260807078,0.01443095298190275,1.0366375241795203,0.012285582999285173,0.008400939899285885,0.004917693232213045,0.002328997813933044,0.0008091256711247971,0.00016265457198229698,0.0,0.0,0.0,0.0,8.0
0.8984999999999999,1.0045787106708306,0.013536614930182083,1.0346992978154768,0.01173740479600146,0.008112362945576485,0.004790688613840286,0.0022793902032382045,0.0007951428651943829,0.0001609525810723651,0.0,0.0,0.0,0.0,8.0
0.9015,1.0042346325523082,0.012688545540657554,1.0328504873658768,0.011212834321354304,0.00783496925712626,0.004667385845136343,0.0022302619368174807,0.0007809489530634753,0.0001590787376317144,0.0,0.0,0.0,0.0,8.0
0.9045000000000001,1.0039102420019854,0.011883554875363307,1.0310861421155488,0.010711121372531808,0.00756879920293112,0.0045480086989187095,0.0021817356915992715,0.0007665934239010541,0.00015704786287785242,0.0,0.0,0.0,0.0,8.0
0.9075000000000002,1.003603973536085,0.01111877401185054,1.0294017172304204,0.01023150469323668,0.00731381961798729,0.004432718422105404,0.0021339173812098267,0.0007521218514738629,0.00015487453910989032,0.0,0.0,0.0,0.0,8.0
0.9104999999999999,1.0033145330640652,0.010391825589895366,1.0277933366964411,0.009773248362250334,0.0070699124643388515,0.004321603046910199,0.0020868945300215,0.000737576948125195,0.00015257340516369207,0.0,0.0,0.0,0.0,8.0
0.9135,1.0030409649484429,0.009700963574138218,1.0262580256090625,0.009335680667190378,0.0068368673194926875,0.00421466912836157,0.002040734455920623,0.0007229995884419881,0.0001501594148992924,0.0,0.0,0.0,0.0,8.0
0.9165000000000001,1.0027826902507528,0.009045160825416678,1.0247938721244958,0.008918228112038592,0.006614379177365459,0.004111837806132667,0.0019954827692985418,0.0007084296468759978,0.00014764800403817453,0.0,0.0,0.0,0.0,8.0
0.9195000000000002,1.0025395096197531,0.008424127698111876,1.0234000866178212,0.008520437849728654,0.006402052522965595,0.004012946490707178,0.0019511626563534345,0.0006939065071450481,0.00014505512575716342,0.0,0.0,0.0,0.0,8.0
0.9224999999999999,1.0023115680600863,0.00783825306493049,1.022076938719586,0.008141983601367014,0.0061994118366604,0.003917756654869515,0.0019077752879284936,0.0006794691383548332,0.0001423971354254464,0.0,0.0,0.0,0.0,8.0
0.9255,1.0020992835725533,0.007288469582339264,1.0208255699066189,0.00778265277004451,0.006005917736793677,0.0038259673142813228,0.0018653015017818062,0.0006651556908582159,0.00013969052723342555,0.0,0.0,0.0,0.0,8.0
0.9285000000000001,1.0019032465408748,0.006776055814609251,1.0196476974320305,0.007442315528314553,0.005820987074417881,0.0037372329599327002,0.0018237046827872336,0.0006510026353519729,0.00013695154706738525,0.0,0.0,0.0,0.0,8.0
0.9315000000000002,1.0017241008713442,0.006302397043124896,1.0185452415743776,0.0071208795863888725,0.005644014655909967,0.0036511840973357697,0.0017829345566672363,0.0006370435391408857,0.00013419572361223349,0.0,0.0,0.0,0.0,8.0
0.9344999999999999,1.0015624205216633,0.005868732465974914,1.0175199197777933,0.00681823657554224,0.005474394049181759,0.0035674482465465115,0.0017429314607126396,0.0006233076308371012,0.00013143737068653256,0.0,0.0,0.0,0.0,8.0
0.9375,1.0014185957189983,0.005475917942293659,1.0165728563989809,0.006534207098916211,0.005311535193352048,0.0034856692991823944,0.0017036305889957797,0.0006098183387269554,0.00012868911680087453,0.0,0.0,0.0,0.0,8.0
0.9405000000000001,1.0012927417741795,0.005124230250195691,1.015704254795293,0.0062684913555009535,0.005154877224652952,0.003405523487484264,0.0016649657393895203,0.0005965919933652844,0.00012596151300503844,0.0,0.0,0.0,0.0,8.0
0.9434999999999998,1.001184640230512,0.004813231751925002,1.0149131699185823,0.006020630972543455,0.0050038958858372486,0.003326730816538176,0.0016268722036057953,0.00058363686212445,0.00012326275885941393,0.0,0.0,0.0,0.0,8.0
0.9464999999999999,1.0010937177051837,0.004541704930768578,1.0141974059544654,0.005789985677422455,0.004858105871690449,0.0032490615274154764,0.0015892886112430214,0.0005709526380297435,0.00012059857139701949,0.0,0.0,0.0,0.0,8.0
0.9495,1.0010190628829745,0.0043076564605519455,1.0135535469895776,0.005575726226762767,0.004717059257023257,0.003172337863234652,0.0015521577283519263,0.0005585304465728809,0.00011797220590462294,0.0,0.0,0.0,0.0,8.0
0.9525000000000001,1.0009594773752064,0.004108382259637023,1.012977111475864,0.005376843093733071,0.004580341611474972,0.003096431974506571,0.001515426385582761,0.0005463533735871302,0.00011538462217513802,0.0,0.0,0.0,0.0,8.0
0.9554999999999998,1.0009135520989858,0.003940579863435107,1.0124628054971094,0.0051921691370629955,0.004447567500635407,0.003021261125022531,0.0014790448440593397,0.0005343974658404821,0.00011283477633397784,0.0,0.0,0.0,0.0,8.0
0.9584999999999999,1.000879757849597,0.0038004930616088854,1.0120048373501884,0.005020413926340472,0.004318376885874954,0.0029467813963876765,0.0014429659828352134,0.0005226331222228253,0.00011032000633463037,0.0,0.0,0.0,0.0,8.0
0.9615,1.0008565371296323,0.0036840756493549567,1.0115972483381537,0.004860207398195265,0.00419243359700267,0.0028729808611792458,0.001407144703136903,0.0005110267802166008,0.00010783646883747839,0.0,0.0,0.0,0.0,8.0
0.9645000000000001,1.0008423843532577,0.003587164848295524,1.0112342134186252,0.004710150686763534,0.004069426666790589,0.002799872805647129,0.0013715378900469315,0.000499542805095747,0.0001053795778896219,0.0,0.0,0.0,0.0,8.0
0.9674999999999998,1.0008359035569314,0.0035056582929531943,1.0109102716873242,0.004568871866549283,0.003949074905857244,0.0027274892017394334,0.001336105153815326,0.00048814549617036916,0.0001029443949423635,0.0,0.0,0.0,0.0,8.0
0.9704999999999999,1.0008358368648993,0.003435689351784994,1.0106204610079956,0.004435083644798019,0.0038311346019800872,0.0026558744367451113,0.0013008103983638926,0.0004768011208047439,0.00010052592944004509,0.0,0.0,0.0,0.0,8.0
0.9735,1.0008410628654547,0.0033737929299114565,1.0103603520590603,0.004307638726520738,0.003715409583939602,0.00258507941954661,0.0012656240534671636,0.00046547986359076854,9.811933181058067e-05,0.0,0.0,0.0,0.0,8.0
0.9765000000000001,1.0008505706530024,0.003317048728097832,1.010126000660595,0.004185577044032169,0.0036017621313711797,0.0025151565584018046,0.0012305255971068322,0.00045415753930235777,9.571999348076907e-05,0.0,0.0,0.0,0.0,8.0
0.9794999999999998,1.0008634206309883,0.0032631843330381913,1.0099138569241468,0.004068158045722972,0.0034901225463240208,0.0024461565329989207,0.0011955058394108287,0.00044281688514673137,9.332360227682722e-05,0.0,0.0,0.0,0.0,8.0
0.9824999999999999,1.0008787049166255,0.003210620800769733,1.0097206781564465,0.003954871604206602,0.003380494973382021,0.0023781279446078,0.0011605683947302748,0.00043144825115652734,9.09262226694933e-05,0.0,0.0,0.0,0.0,8.0
0.9855,1.0008955166676776,0.003158451882943717,1.0095434846426874,0.003845423296928661,0.0032729575775591983,0.0023111205642261743,0.0011257298649021367,0.0004200495711353857,8.852446707031902e-05,0.0,0.0,0.0,0.0,8.0
0.9885000000000002,1.000912929139282,0.0031063644924668402,1.0093795744993146,0.0037396935541682,0.0031676565138379614,0.0022451919961888147,0.0010910184785060174,0.0004086256186360932,8.611579432413995e-05,0.0,0.0,0.0,0.0,8.0
0.9914999999999998,1.0009299748358258,0.0030545271578672536,1.009226584127666,0.003637674429025473,0.0030647948722053718,0.002180416442285616,0.0010564712145623586,0.00039718669820239537,8.369892495305864e-05,0.0,0.0,0.0,0.0,8.0
0.9944999999999999,1.0009456082740957,0.003003485823453229,1.0090825575709044,0.0035393912760732756,0.002964619193455507,0.002116893393818435,0.0010221297081138394,0.00038574703675209814,8.127431806236693e-05,0.0,0.0,0.0,0.0,8.0
0.9975,1.0009586387654845,0.0029541029382590834,1.0089459829131118,0.0034448188324539514,0.0028674063692936363,0.0020547538985893096,0.0009880354530767063,0.0003743231791664826,7.884462724107406e-05,0.0,0.0,0.0,0.0,8.0
1.0005000000000002,1.0009676358914252,0.0029075519605951867,1.0088157700492817,0.0033538026409178482,0.002773452284174976,0.001994162561858253,0.0009542250159481833,0.00036293265084245003,7.641504339682241e-05,0.0,0.0,0.0,0.0,8.0
1.0034999999999998,1.0009708375647728,0.0028653404601713564,1.0086911736487167,0.0032659985917684164,0.0026830607501664014,0.0019353142470528324,0.0009207262063477671,0.0003515930656794833,7.399342917659858e-05,0.0,0.0,0.0,0.0,8.0
1.0065,1.0009661179563072,0.0028292970660903543,1.0085716921104853,0.0031808456461162337,0.0025965284171161583,0.001878425063011373,0.0008875563789352418,0.00034032177928644276,7.159014318541937e-05,0.0,0.0,0.0,0.0,8.0
1.0095,1.0009510824288865,0.00280144331120571,1.0084569829204606,0.003097586945267214,0.0025141203239497333,0.0018237175727686147,0.000854724043090088,0.00032913612844103645,6.921745621013205e-05,0.0,0.0,0.0,0.0,8.0
1.0125000000000002,1.0009233319405255,0.002783699740884222,1.0083468219833847,0.003015347904283583,0.0024360332230323935,0.0017714007176280336,0.000822234393846634,0.0003180542223666681,6.68885139211599e-05,0.0,0.0,0.0,0.0,8.0
1.0154999999999998,1.0008808765036599,0.0027774474122921108,1.0082411070873252,0.00293326364851729,0.0023623498643600086,0.0017216463439453512,0.0007900980817647575,0.000307096110596332,6.461593200385237e-05,0.0,0.0,0.0,0.0,8.0
1.0185,1.0008225960163255,0.002783055561275019,1.0081398797774963,0.0028506256872507015,0.0022929948719604028,0.0016745664311671959,0.0007583408318707134,0.00029628495449316654,6.241029892573743e-05,0.0,0.0,0.0,0.0,8.0
1.0215,1.0007485858362166,0.002799549615957894,1.0080433302056182,0.0027669992536358307,0.002227707861368284,0.0016301971324596469,0.0007270102113503669,0.00028564766747635884,6.0279022473051845e-05,0.0,0.0,0.0,0.0,8.0
1.0245000000000002,1.0006602187813043,0.0028245940891118665,1.0079517606180555,0.002682259202364962,0.0021660488716533006,0.0015884961696391582,0.0006961757385261413,0.0002752144784634937,5.82259891413e-05,0.0,0.0,0.0,0.0,8.0
1.0274999999999999,1.0005598119699903,0.0028548976145726054,1.0078655079179206,0.0025965074271812627,0.0021074446970323272,0.0015493583056561066,0.0006659198346183824,0.0002650170581391319,5.625237128967835e-05,0.0,0.0,0.0,0.0,8.0
1.0305,1.0004498873083882,0.002887036263548801,1.0077848510245004,0.0025098643852052138,0.0020512744722628864,0.0015126498271124582,0.0006363194671494498,0.00025508518953617403,5.435864585259131e-05,0.0,0.0,0.0,0.0,8.0
1.0335,1.0003321419078945,0.0029185570509487647,1.007709943638148,0.0024221677523836678,0.001996980803896121,0.0014782574908456937,0.0006074213913898234,0.00024544243015000666,5.2547508585567835e-05,0.0,0.0,0.0,0.0,8.0
1.0365000000000002,1.0002063942438104,0.002949073178418365,1.0076408126817804,0.002332661430417838,0.0019441795510889185,0.0014461402695234225,0.0005792175647484783,0.00023610179473069391,5.0826885869443527e-05,0.0,0.0,0.0,0.0,8.0
1.0394999999999999,1.0000699042020738,0.0029809364143480663,1.0075774460809253,0.0022398043638266777,0.0018927306697261212,0.0014163654070089694,0.0005516305524551158,0.00022706301666026063,4.9211795087890356e-05,0.0,0.0,0.0,0.0,8.0
1.0425,0.9999174622954816,0.003019088365230854,1.0075199612358117,0.002141330391027725,0.0018427348058898422,0.001389109540391404,0.000524518525838529,0.00021831293170606377,4.772378317816375e-05,0.0,0.0,0.0,0.0,8.0
1.0455,0.9997617176380815,0.003076860269082849,1.0074508247856915,0.002030293146061432,0.0017962412462039655,0.0013660463613016005,0.0004976138912917979,0.0002094890008539901,4.6268552864903914e-05,0.0,0.0,0.0,0.0,8.0
1.0485000000000002,1.0020649608350005,0.002971109626873114,1.0047980467165427,0.002008112598891215,0.0020922763925132867,0.0013172693214320746,0.00041101169588475225,0.0,0.0,0.0,0.0,0.0,0.0,6.0
1.0514999999999999,1.0018731039939843,0.002768153452223749,1.0047609571322953,0.002029421309584597,0.00203997555924956,0.001256012904182283,0.00038790215830185565,0.0,0.0,0.0,0.0,0.0,0.0,6.0
1.0545,1.0016753892792725,0.0025848640199056467,1.0047351653572016,0.002038071554067445,0.0019829713443999244,0.001198526323053371,0.00036718680586215357,0.0,0.0,0.0,0.0,0.0,0.0,6.0
1.0575,1.0014961612161866,0.002412936266227392,1.0046885419865486,0.002037117029022203,0.0019262349630935675,0.0011443997367126338,0.0003479313151589218,0.0,0.0,0.0,0.0,0.0,0.0,6.0
1.0605000000000002,1.001328815075514,0.002245536491364667,1.0046217416402827,0.0020293385164897896,0.0018706060055812994,0.0010932073665834696,0.00032986249472938994,0.0,0.0,0.0,0.0,0.0,0.0,6.0
1.0635,1.0011692218934096,0.0020789686407558677,1.0045367316618226,0.002016789734850874,0.0018165720265582307,0.0010445913326984357,0.00031277386363589714,0.0,0.0,0.0,0.0,0.0,0.0,6.0
1.0665,1.00101657557073,0.0019134256439166776,1.0044368037574962,0.0020005677908198146,0.0017641947634145726,0.0009982845135786435,0.0002965420981009541,0.0,0.0,0.0,0.0,0.0,0.0,6.0
1.0695000000000001,1.0008729666176128,0.0017525236429707764,1.0043264337656972,0.0019809077313650706,0.0017131484850938842,0.0009541020085709892,0.0002811201242013831,0.0,0.0,0.0,0.0,0.0,0.0,6.0
1.0724999999999998,1.0007421609555058,0.0016018790028446903,1.0042107840038061,0.0019575187968391555,0.0016628694682425107,0.0009119097657573007,0.0002665085170356799,0.0,0.0,0.0,0.0,0.0,0.0,6.0
1.0755,1.0006280841224349,0.001467300027924605,1.0040950004706664,0.0019300019966913132,0.0016127497392262524,0.0008715860019951346,0.0002527187052357204,0.0,0.0,0.0,0.0,0.0,0.0,6.0
1.0785,1.0005335239133932,0.0013531986788488343,1.0039835066836071,0.001898190687599436,0.001562305109546569,0.0008329905708189832,0.00023974182476873743,0.0,0.0,0.0,0.0,0.0,0.0,6.0
1.0815000000000001,1.000459392245105,0.0012616404830190554,1.0038794714776635,0.0018623171326874102,0.0015112707305454302,0.0007959512350198466,0.00022753215139300028,0.0,0.0,0.0,0.0,0.0,0.0,6.0
1.0844999999999998,1.0004046388626087,0.0011921668536805925,1.0037845559934246,0.0018229902849953993,0.0014596115034036382,0.0007602677498282093,0.00021600708510925487,0.0,0.0,0.0,0.0,0.0,0.0,6.0
1.0875,1.0003666874886465,0.0011422607208446533,1.0036989553402351,0.0017810385726316957,0.001407465282049924,0.0007257282245715183,0.0002050596538666654,0.0,0.0,0.0,0.0,0.0,0.0,6.0
1.0905,1.0003421369899987,0.0011081649101938723,1.0036216705279535,0.001737304512585065,0.0013550541729858904,0.0006921294747285166,0.00019457639579266537,0.0,0.0,0.0,0.0,0.0,0.0,6.0
1.0935000000000001,1.0003274586226705,0.0010857341723722156,1.0035508968471971,0.00169247076054683,0.0013026001428187585,0.0006592942921288312,0.0001844537877823349,0.0,0.0,0.0,0.0,0.0,0.0,6.0
1.0964999999999998,1.0003195012872148,0.0010710839724644135,1.0034844056104724,0.0016469618339223662,0.0012502691738854415,0.0006270823176682783,0.00017460916751745612,0.0,0.0,0.0,0.0,0.0,0.0,6.0
1.0995,1.0003157356520826,0.0010609336554570706,1.0034198245885575,0.0016009242605173806,0.001198151341113903,0.0005953951143267721,0.000164985505694418,0.0,0.0,0.0,0.0,0.0,0.0,6.0
1.1025,1.000314270362785,0.001052666455925408,1.0033547765254625,0.001554260257664181,0.0011462703488842301,0.0005641780654489383,0.00015555171509903763,0.0,0.0,0.0,0.0,0.0,0.0,6.0
1.1055000000000001,1.000313728889697,0.0010442059674538153,1.0032868967391744,0.0015066843899698085,0.0010946094548170576,0.0005334212212636054,0.00014630070206983999,0.0,0.0,0.0,0.0,0.0,0.0,6.0
1.1084999999999998,1.0003130827058693,0.0010338306981367072,1.0032137995120922,0.0014577837722474214,0.0010431409737945792,0.000503159098772407,0.00013724647969332198,0.0,0.0,0.0,0.0,0.0,0.0,6.0
1.1115,1.0003115122018646,0.001020027863013473,1.0031330808511547,0.0014070778214415232,0.0009918506286773897,0.000473467417288408,0.00012842040506046623,0.0,0.0,0.0,0.0,0.0,0.0,6.0
1.1145,1.0003083308574974,0.0010014434594124897,1.00304242413539,0.0013540822373481302,0.0009407526167090687,0.0004444542355613501,0.0001198659095986427,0.0,0.0,0.0,0.0,0.0,0.0,6.0
1.1175000000000002,1.0003029749390595,0.0009769353416358702,1.002939822638164,0.0012983798279316502,0.0008898945077197325,0.00041624430779090303,0.00011163131314418081,0.0,0.0,0.0,0.0,0.0,0.0,6.0
1.1204999999999998,1.0002950378031108,0.0009456937589040401,1.002823871163883,0.0012396916272887366,0.0008393527268245551,0.0003889579606735789,0.0001037611752927952,0.0,0.0,0.0,0.0,0.0,0.0,6.0
1.1235,1.000284317423099,0.0009073703471764585,1.0026940358549474,0.0011779330745721988,0.0007892201343369244,0.0003626881426952074,9.628754560075598e-05,0.0,0.0,0.0,0.0,0.0,0.0,6.0
1.1265,1.0002708475538509,0.0008621569564802896,1.0025508064870285,0.0011132383997461046,0.0007395879897236175,0.00033748045665404295,8.922290613434489e-05,0.0,0.0,0.0,0.0,0.0,0.0,6.0
1.1295000000000002,1.0002548939791338,0.0008107772804813208,1.0023956713990263,0.0010459438373727353,0.0006905258295578406,0.0003133206127609857,8.255636842759459e-05,0.0,0.0,0.0,0.0,0.0,0.0,6.0
1.1324999999999998,1.0002369124948103,0.0007543871016590244,1.002230915373039,0.0009765337789115235,0.0006420642970905916,0.0002901322080707109,7.62539579177133e-05,0.0,0.0,0.0,0.0,0.0,0.0,6.0
1.1355,1.000217478996777,0.0006944098432761503,1.002059299348074,0.0009055673191367392,0.0005941869794220426,0.00026778576074225834,7.026293904241936e-05,0.0,0.0,0.0,0.0,0.0,0.0,6.0
1.1385,1.0001972099234557,0.0006323520544095528,1.0018837146749424,0.0008336098517885003,0.0005468368908941531,0.000246118086016692,6.451940855809637e-05,0.0,0.0,0.0,0.0,0.0,0.0,6.0
1.1415000000000002,1.0001766917522683,0.0005696438853658785,1.0017069030142556,0.0007611922841307269,0.0004999407322193276,0.0002249595986784425,5.895794141376325e-05,0.0,0.0,0.0,0.0,0.0,0.0,6.0
1.1444999999999999,1.0001564325911378,0.0005075352181447476,1.001531300398724,0.0006888098777721725,0.00045344952990607434,0.00020416587846302964,5.352187116115635e-05,0.0,0.0,0.0,0.0,0.0,0.0,6.0
1.1475,1.0001368403260034,0.000447056467449721,1.0013590158598902,0.0006169577640222844,0.00040738873032628237,0.00018364876109767733,4.817272331728248e-05,0.0,0.0,0.0,0.0,0.0,0.0,6.0
1.1505,1.0001182237516517,0.0003890327828836797,1.0011919100659212,0.0005461863499045248,0.00036190604740306,0.00016340149638709872,4.289734878298058e-05,0.0,0.0,0.0,0.0,0.0,0.0,6.0
1.1535000000000002,1.0001008080656333,0.0003341278006245357,1.0010317123152013,0.00047715199072996404,0.0003173032718577794,0.00014351258836591997,3.7711476593082184e-05,0.0,0.0,0.0,0.0,0.0,0.0,6.0
1.1564999999999999,1.0000847548811005,0.00028289062016773834,1.00088011136757,0.00041063903194326295,0.00027404015239622566,0.00012416425271373775,3.265881857181845e-05,0.0,0.0,0.0,0.0,0.0,0.0,6.0
1.1595,1.0000701789108437,0.00023578594759244184,1.0007387744721483,0.0003475381772564045,0.00023270437666187568,0.00010561409903483816,2.7805556020529446e-05,0.0,0.0,0.0,0.0,0.0,0.0,6.0
1.1625,1.0000571572472605,0.00019319854539053135,1.0006092805000388,0.0002887799714570704,0.0001939501380794599,8.816220681667991e-05,2.323093094016258e-05,0.0,0.0,0.0,0.0,0.0,0.0,6.0
1.1655000000000002,1.0000457311094817,0.00015541475636501921,1.0004929855416116,0.00023523631119739418,0.00015841621931241768,7.210924916009488e-05,1.901552842885054e-05,0.0,0.0,0.0,0.0,0.0,0.0,6.0
1.1684999999999999,1.000035902813632,0.00012259223150665579,1.0003908622511668,0.00018761274903179368,0.00012664023503869464,5.771361217365316e-05,1.5229397525696915e-05,0.0,0.0,0.0,0.0,0.0,0.0,6.0
1.1715,1.0000276319407566,9.473213562230286e-05,1.0003033615972485,0.00014635703615875902,9.898680993916426e-05,4.515575897689236e-05,1.1922208521360588e-05,0.0,0.0,0.0,0.0,0.0,0.0,6.0
1.1745,1.0000208342719987,7.166605530035353e-05,1.0002303372116317,0.0001116045158713777,7.560374776369485e-05,3.451625641387777e-05,9.117144861659637e-06,0.0,0.0,0.0,0.0,0.0,0.0,6.0
1.1775000000000002,1.0000153855511773,5.306420753196796e-05,1.00017105297249,8.317075979938585e-05,5.6413025872419194e-05,2.577050505413276e-05,6.809325327685292e-06,0.0,0.0,0.0,0.0,0.0,0.0,6.0
1.1804999999999999,1.0000111302499275,3.846474792109058e-05,1.0001242713299139,6.0589851348955084e-05,4.113511575027621e-05,1.8799355374882737e-05,4.968524781630069e-06,0.0,0.0,0.0,0.0,0.0,0.0,6.0
1.1835,1.000007893919626,2.731829071380922e-05,1.0000884005929742,4.318666318335304e-05,2.9338171869002377e-05,1.3411582688906734e-05,3.545106767876959e-06,0.0,0.0,0.0,0.0,0.0,0.0,6.0
1.1865,1.000005496836359,1.9038648040481082e-05,1.0000616688469712,3.016587519513631e-05,2.04997714917748e-05,9.372418701632401e-06,2.4776085021427567e-06,0.0,0.0,0.0,0.0,0.0,0.0,6.0
1.1894999999999998,1.0000037665795374,1.3050634906470521e-05,1.0000422916421494,2.070006161331063e-05,1.4068628104093232e-05,6.432230184742783e-06,1.7003908552569593e-06,0.0,0.0,0.0,0.0,0.0,0.0,6.0
1.1925,1.000002547759734,8.827963788802105e-06,1.000028608112312,1.4002984458372573e-05,9.516384533849044e-06,4.350692619146662e-06,1.15010274839341e-06,0.0,0.0,0.0,0.0,0.0,0.0,6.0
1.1955,1.0000017080093109,5.917621969967647e-06,1.0000191718809726,9.380302989642726e-06,6.3738596553331744e-06,2.9137996708469663e-06,7.702430410732569e-07,0.0,0.0,0.0,0.0,0.0,0.0,6.0
1.1985000000000001,1.0000011402446003,3.950496803038013e-06,1.0000127949241606,6.256133468275221e-06,4.250505024644831e-06,1.9430958059360095e-06,5.136510723925713e-07,0.0,0.0,0.0,0.0,0.0,0.0,6.0
1.2014999999999998,1.0000007618695694,2.6405326218257716e-06,1.0000085515052641,4.178694291402298e-06,2.839221930062298e-06,1.2981063564878957e-06,3.4318226623850425e-07,0.0,0.0,0.0,0.0,0.0,0.0,6.0
1.2045,1.0000005119217168,1.7760027858505018e-06,1.0000057540663436,2.810924137084982e-06,1.910583512935276e-06,8.738284484795255e-07,2.3106382926207504e-07,0.0,0.0,0.0,0.0,0.0,0.0,6.0
1.2075,1.0000003471857069,1.2066395670007942e-06,1.0000039137690733,1.9125399990992907e-06,1.3009471732813435e-06,5.953583448762323e-07,1.574831673493754e-07,0.0,0.0,0.0,0.0,0.0,0.0,6.0
1.2105000000000001,1.0000002381156943,8.297334271153289e-07,1.0000026964000592,1.319094154158087e-06,8.983352462241845e-07,4.114542250792154e-07,1.0888855655362905e-07,0.0,0.0,0.0,0.0,0.0,0.0,6.0
1.2134999999999998,1.0000001651294994,5.773182292670056e-07,1.0000018810493319,9.219455989192561e-07,6.288308834801845e-07,2.8831168263609626e-07,7.634287495955028e-08,0.0,0.0,0.0,0.0,0.0,0.0,6.0
1.2165,1.0000001155624416,4.055560573850287e-07,1.0000013255722147,6.513292325198331e-07,4.4503435289482463e-07,2.0427305336890815e-07,5.412312047705621e-08,0.0,0.0,0.0,0.0,0.0,0.0,6.0
1.2195,1.00000008135306,2.866409681254271e-07,1.0000009401170349,4.632932198171215e-07,3.171400766995138e-07,1.4573501514500267e-07,3.8636767799323835e-08,0.0,0.0,0.0,0.0,0.0,0.0,6.0
1.2225000000000001,1.000000057396601,2.0303182116273748e-07,1.0000006682277889,3.303412443170285e-07,2.2654073467724337e-07,1.0421511392719555e-07,2.7645024328400333e-08,0.0,0.0,0.0,0.0,0.0,0.0,6.0
1.2254999999999998,1.00000004043757,1.4357735165955305e-07,1.0000004741488546,2.351389277663541e-07,1.6152776147206975e-07,7.438087077945017e-08,1.9741135252603245e-08,0.0,0.0,0.0,0.0,0.0,0.0,6.0
1.2285,1.0000000283597146,1.0103977488099441e-07,1.0000003347303141,1.6650555105338145e-07,1.1455722664932982e-07,5.279785415959984e-08,1.4019205145409816e-08,0.0,0.0,0.0,0.0,0.0,0.0,6.0
1.2315,1.000000019748245,7.05761821669204e-08,1.0000002344866605,1.1697588301118642e-07,8.059109769600486e-08,3.717147633043046e-08,9.873816943355501e-09,0.0,0.0,0.0,0.0,0.0,0.0,6.0
1.2345000000000002,1.000000013627389,4.883498639479537e-08,1.0000001626770978,8.136842436348843e-08,5.6126938209724e-08,2.5904535635760696e-08,6.88324858546649e-09,0.0,0.0,0.0,0.0,0.0,0.0,6.0
1.2374999999999998,1.0000000093050738,3.342618655127398e-08,1.0000001116093244,5.596103273406084e-08,3.8642020436995166e-08,1.7844494415812467e-08,4.742876054327288e-09,0.0,0.0,0.0,0.0,0.0,0.0,6.0
1.2405,1.0000000062803875,2.2608757760455803e-08,1.0000000756487386,3.801468884754987e-08,2.6273995046719875e-08,1.2138771685006721e-08,3.227104943025194e-09,0.0,0.0,0.0,0.0,0.0,0.0,6.0
1.2435,1.0000000041867385,1.5100113574713975e-08,1.0000000506199465,2.5488965804651226e-08,1.76310239860313e-08,8.148925804741227e-09,2.1668241647102804e-09,0.0,0.0,0.0,0.0,0.0,0.0,6.0
1.2465000000000002,1.000000002755135,9.95331497732597e-09,1.0000000334228116,1.6860840274704696e-08,1.1671128958399261e-08,5.396162258581288e-09,1.4350935971464529e-09,0.0,0.0,0.0,0.0,0.0,0.0,6.0
1.2494999999999998,1.0000000017889865,6.4725146915197645e-09,1.000000021767604,1.0999830588780175e-08,7.618901387094621e-09,3.5236541916566572e-09,9.3723776798268e-10,0.0,0.0,0.0,0.0,0.0,0.0,6.0
1.2525,1.0000000011458678,4.151204117211391e-09,1.000000013980172,7.075683202886061e-09,4.903628124044335e-09,2.2684561045786484e-09,6.034474627115185e-10,0.0,0.0,0.0,0.0,0.0,0.0,6.0
1.2555,1.0000000007238086,2.6253078406685296e-09,1.0000000088525136,4.486950375714383e-09,3.1111291982535475e-09,1.4395573198121338e-09,3.8298659130697855e-10,0.0,0.0,0.0,0.0,0.0,0.0,6.0
1.2585000000000002,1.000000000450815,1.6369060708124212e-09,1.0000000055260196,2.804659992293719e-09,1.9455544712406117e-09,9.004113267570013e-10,2.395715962294463e-10,0.0,0.0,0.0,0.0,0.0,0.0,6.0
1.2614999999999998,1.0000000002768228,1.0061305029369683e-09,1.000000003400209,1.7278901255001667e-09,1.1991063795581636e-09,5.55050390847237e-10,1.4769364289031068e-10,0.0,0.0,0.0,0.0,0.0,0.0,6.0
1.2645,1.0000000001675673,6.095862884413701e-10,1.0000000020621234,1.0491360046808326e-09,7.283437600664715e-10,3.3719442314841856e-10,8.97306743093841e-11,0.0,0.0,0.0,0.0,0.0,0.0,6.0
1.2675,1.0000000000999847,3.6403319108679086e-10,1.000000001232589,6.277833264344668e-10,4.3597765059594755e-10,2.0186955489094524e-10,5.372287525106886e-11,0.0,0.0,0.0,0.0,0.0,0.0,6.0
1.2705000000000002,1.0000000000588047,2.1426738530973787e-10,1.0000000007261127,3.70203776555441e-10,2.5717789889929504e-10,1.1909603429119938e-10,3.16964734435012e-11,0.0,0.0,0.0,0.0,0.0,0.0,6.0
1.2734999999999999,1.0000000000340892,1.2430043832449766e-10,1.0000000004215672,2.1514084921320432e-10,1.495010087240258e-10,6.924046914085647e-11,1.8428776608551593e-11,0.0,0.0,0.0,0.0,0.0,0.0,6.0
1.2765,1.0000000000194778,7.107054545245025e-11,1.000000000241218,1.232140261437721e-10,8.564476212648615e-11,3.9670258141312044e-11,1.0558999987590024e-11,0.0,0.0,0.0,0.0,0.0,0.0,6.0
1.2795,1.0000000000109697,4.005099029468045e-11,1.0000000001360312,6.954446213722227e-11,4.8352084079611256e-11,2.2398753132348677e-11,5.9621207577152825e-12,0.0,0.0,0.0,0.0,0.0,0.0,6.0
1.2825000000000002,1.000000000006089,2.2246132056499907e-11,1.0000000000756082,3.868522302957979e-11,2.6903097104949713e-11,1.2463866397557086e-11,3.317784481849778e-12,0.0,0.0,0.0,0.0,0.0,0.0,6.0
1.2854999999999999,1.0000000000033316,1.2179348682142034e-11,1.0000000000414209,2.1209378951211237e-11,1.475309821403727e-11,6.835535020022096e-12,1.819637901363078e-12,0.0,0.0,0.0,0.0,0.0,0.0,6.0
1.2885,1.0000000000017972,6.572747864653725e-12,1.0000000000223668,1.1461319120708331e-11,7.974149771080406e-12,3.694945841996021e-12,9.836347878619806e-13,0.0,0.0,0.0,0.0,0.0,0.0,6.0
1.2915,1.0000000000009557,3.496735056691482e-12,1.0000000000119058,6.10508731202162e-12,4.248458212294177e-12,1.9687418840681793e-12,5.241161382204842e-13,0.0,0.0,0.0,0.0,0.0,0.0,6.0
1.2945000000000002,1.000000000000501,1.8339882509890606e-12,1.0000000000062477,3.205758209059995e-12,2.231280534282137e-12,1.0340635292439662e-12,2.752970265203943e-13,0.0,0.0,0.0,0.0,0.0,0.0,6.0
1.2974999999999999,1.0000000000002587,9.483665620405759e-13,1.0000000000032323,1.6595486338753401e-12,1.1552867094875043e-12,5.35448474960399e-13,1.4255639464166373e-13,0.0,0.0,0.0,0.0,0.0,0.0,6.0
1.3005,1.0000000000001315,4.834636000165752e-13,1.000000000001649,8.470656954448176e-13,5.897597912790382e-13,2.7336091489667977e-13,7.278308789958184e-14,0.0,0.0,0.0,0.0,0.0,0.0,6.0
1.3035,1.0000000000000662,2.4294446158630583e-13,1.0000000000008291,4.263115516012224e-13,2.9688383243370877e-13,1.3761004736026637e-13,3.6637934708906775e-14,0.0,0.0,0.0,0.0,0.0,0.0,6.0
1.3065000000000002,1.0000000000000326,1.2043960238476068e-13,1.0000000000004114,2.11573530619579e-13,1.4736042288352131e-13,6.831322103043228e-14,1.8189931070012417e-14,0.0,0.0,0.0,0.0,0.0,0.0,6.0
1.3094999999999999,1.000000000000016,5.893904530942862e-14,1.0000000000002014,1.0357569939689201e-13,7.213568081720356e-14,3.3445317223542534e-14,8.90723905216769e-15,0.0,0.0,0.0,0.0,0.0,0.0,6.0
1.3125,1.0000000000000078,2.842408048658243e-14,1.000000000000097,5.001322171338464e-14,3.484919467174547e-14,1.6151768768638156e-14,4.299214293027636e-15,0.0,0.0,0.0,0.0,0.0,0.0,6.0
1.3155000000000001,1.0000000000000036,1.3497501255713123e-14,1.0000000000000462,2.3819172822580437e-14,1.6599805992178214e-14,7.695069380549706e-15,2.0480097983502634e-15,0.0,0.0,0.0,0.0,0.0,0.0,6.0
1.3184999999999998,1.0000000000000016,6.305999892643441e-15,1.0000000000000215,1.1187269980154776e-14,7.796900969896055e-15,3.616618662311424e-15,9.63592253627414e-16,0.0,0.0,0.0,0.0,0.0,0.0,6.0
1.3215,1.0000000000000007,2.9180960582556823e-15,1.00000000000001,5.186528641915114e-15,3.609897085160751e-15,1.6764736812033643e-15,4.472725613176234e-16,0.0,0.0,0.0,0.0,0.0,0.0,6.0
1.3245,1.0000000000000002,1.331157802830708e-15,1.0000000000000044,2.3808331013326637e-15,1.6573396818408476e-15,7.665590606396399e-16,2.0382417050132593e-16,0.0,0.0,0.0,0.0,0.0,0.0,6.0
1.3275000000000001,1.0,5.616317750841627e-16,1.000000000000002,1.0709853384516681e-15,7.523785854763948e-16,3.4669937138722754e-16,9.184252608538363e-17,0.0,0.0,0.0,0.0,0.0,0.0,6.0
1.3304999999999998,1.0,2.373432323923399e-16,1.0000000000000009,4.732555903746202e-16,3.3284396433341434e-16,1.551662883369555e-16,4.1380415493345653e-17,0.0,0.0,0.0,0.0,0.0,0.0,6.0
1.3335,1.0,9.777378131840306e-17,1.0000000000000004,2.045496763984772e-16,1.4737805944699334e-16,6.846847552962474e-17,1.8165064490479652e-17,0.0,0.0,0.0,0.0,0.0,0.0,6.0
1.3365,1.0,2.439199632507566e-17,1.0,7.812365074512595e-17,6.121667941803204e-17,2.934506597853869e-17,7.918174961392283e-18,0.0,0.0,0.0,0.0,0.0,0.0,6.0
1.3395000000000001,1.0,3.144413149494276e-18,1.0,2.7328046480824222e-17,2.3422519655985345e-17,1.1780956202043469e-17,3.2570518251898945e-18,0.0,0.0,0.0,0.0,0.0,0.0,6.0
1.3424999999999998,1.0,1.0986389227793088e-18,1.0,1.0512529465474141e-17,9.078630118179954e-18,4.588104259508963e-18,1.2717513363717572e-18,0.0,0.0,0.0,0.0,0.0,0.0,6.0
1.3455,1.0,4.2082361329657365e-19,1.0,4.0293792343911575e-18,3.480955833083811e-18,1.7601754689658774e-18,4.880665479503666e-19,0.0,0.0,0.0,0.0,0.0,0.0,6.0
1.3485,1.0,1.6047065132081104e-19,1.0,1.5244859993327224e-18,1.3164773954831462e-18,6.657503539221644e-19,1.8461937901810668e-19,0.0,0.0,0.0,0.0,0.0,0.0,6.0
1.3515000000000001,1.0,6.045527997122925e-20,1.0,5.692504305794931e-19,4.913374988898951e-19,2.4847892884815006e-19,6.891005729652751e-20,0.0,0.0,0.0,0.0,0.0,0.0,6.0
1.3544999999999998,1.0,2.2484291284952435e-20,1.0,2.0976165886584437e-19,1.8095697636115728e-19,9.151515367059065e-20,2.5381178425653566e-20,0.0,0.0,0.0,0.0,0.0,0.0,6.0
1.3575,1.0,8.249575263354147e-21,1.0,7.62318711309647e-20,6.57277571037041e-20,3.32410293708864e-20,9.21975889202107e-21,0.0,0.0,0.0,0.0,0.0,0.0,6.0
1.3605,1.0,2.984109169148518e-21,1.0,2.7304713935852764e-20,2.3528922060144076e-20,1.1899701989519952e-20,3.3007191477875003e-21,0.0,0.0,0.0,0.0,0.0,0.0,6.0
1.3635000000000002,1.0,1.063423877411202e-21,1.0,9.631004277077447e-21,8.294206522422852e-21,4.19486445258668e-21,1.163641279160913e-21,0.0,0.0,0.0,0.0,0.0,0.0,6.0
1.3664999999999998,1.0,3.7298668004502095e-22,1.0,3.34199421770977e-21,2.8762916452713517e-21,1.4547413542180688e-21,4.035683703677997e-22,0.0,0.0,0.0,0.0,0.0,0.0,6.0
1.3695,1.0,1.2861662611670895e-22,1.0,1.1395968318972043e-21,9.801360022016305e-22,4.9573527653299915e-22,1.3753487658630661e-22,0.0,0.0,0.0,0.0,0.0,0.0,6.0
1.3725,1.0,4.35496293001382e-23,1.0,3.8139273738970574e-22,3.277921765780773e-22,1.6579583443568707e-22,4.600127534978052e-23,0.0,0.0,0.0,0.0,0.0,0.0,6.0
1.3755000000000002,1.0,1.4460163936515432e-23,1.0,1.2511093945642547e-22,1.0744730910525154e-22,5.434794485932752e-23,1.5080444319983477e-23,0.0,0.0,0.0,0.0,0.0,0.0,6.0
1.3784999999999998,1.0,4.701618320459201e-24,1.0,4.0171845788220275e-23,3.4473045706732327e-23,1.743736423274057e-23,4.8389151900691e-24,0.0,0.0,0.0,0.0,0.0,0.0,6.0
1.3815,1.0,1.494770797634062e-24,1.0,1.2607938435652223e-23,1.0810456004951925e-23,5.468394932700191e-24,1.5176249464318506e-24,0.0,0.0,0.0,0.0,0.0,0.0,6.0
1.3845,1.0,4.6400214037931595e-25,1.0,3.862382061607726e-24,3.308894558388885e-24,1.673842302052024e-24,4.645768997462712e-25,0.0,0.0,0.0,0.0,0.0,0.0,6.0
1.3875000000000002,1.0,1.4042850345046643e-25,1.0,1.1533375099880912e-24,9.871860303099507e-25,4.993987306197351e-25,1.3862127039311474e-25,0.0,0.0,0.0,0.0,0.0,0.0,6.0
1.3904999999999998,1.0,4.137757861852392e-26,1.0,3.35244429288012e-25,2.8668680026335886e-25,1.4503539459350266e-25,4.026210642994035e-26,0.0,0.0,0.0,0.0,0.0,0.0,6.0
1.3935,1.0,1.185361203419208e-26,1.0,9.47327527541866e-26,8.093568606357445e-26,4.0947297564967196e-26,1.1368110197144932e-26,0.0,0.0,0.0,0.0,0.0,0.0,6.0
1.3965,1.0,3.297100802050384e-27,1.0,2.599073117992733e-26,2.2184208671497886e-26,1.1224034771531255e-26,3.116397678191165e-27,0.0,0.0,0.0,0.0,0.0,0.0,6.0
1.3995000000000002,1.0,8.893015700251677e-28,1.0,6.914805018157397e-27,5.896363118238804e-27,2.983390416345747e-27,8.284282901117007e-28,0.0,0.0,0.0,0.0,0.0,0.0,6.0
1.4024999999999999,1.0,2.323055343493198e-28,1.0,1.7818211004273184e-27,1.5178957207642355e-27,7.680500189541785e-28,2.132923404510106e-28,0.0,0.0,0.0,0.0,0.0,0.0,6.0
1.4055,1.0,5.870019381966804e-29,1.0,4.441864574821284e-28,3.780182419039514e-28,1.9128585879702298e-28,5.312627449557612e-29,0.0,0.0,0.0,0.0,0.0,0.0,6.0
1.4085,1.0,1.433111815012227e-29,1.0,1.070016483160552e-28,9.097138084273574e-29,4.603606811688694e-29,1.2786896487182114e-29,0.0,0.0,0.0,0.0,0.0,0.0,6.0
1.4115000000000002,1.0,3.3766398230250295e-30,1.0,2.4880341747734694e-29,2.113177167880815e-29,1.0694325936284022e-29,2.970710594001667e-30,0.0,0.0,0.0,0.0,0.0,0.0,6.0
1.4144999999999999,1.0,7.6694883273122225e-31,1.0,5.578104761110377e-30,4.7329383941962685e-30,2.3953728141294023e-30,6.654562765809511e-31,0.0,0.0,0.0,0.0,0.0,0.0,6.0
1.4175,1.0,1.6774278247936975e-31,1.0,1.2045061271191754e-30,1.0209819629113027e-30,5.1675624257544285e-31,1.4357241837521461e-31,0.0,0.0,0.0,0.0,0.0,0.0,6.0
1.4205,1.0,3.528892180940869e-32,1.0,2.502370585199605e-31,2.1189787314716935e-31,1.0725566681437557e-31,2.980188467777064e-32,0.0,0.0,0.0,0.0,0.0,0.0,6.0
1.4235000000000002,1.0,7.132970104139253e-33,1.0,4.996205623115198e-32,4.2265201096203166e-32,2.139454818535483e-32,5.945167089682547e-33,0.0,0.0,0.0,0.0,0.0,0.0,6.0
1.4264999999999999,1.0,1.3837450127109476e-33,1.0,9.576248873133667e-33,8.092973333975087e-33,4.096899538803945e-33,1.1385521772146831e-33,0.0,0.0,0.0,0.0,0.0,0.0,6.0
1.4295,1.0,2.5733825808028065e-34,1.0,1.760067042975615e-33,1.4859866610008222e-33,7.522974506262436e-34,2.090850900010457e-34,0.0,0.0,0.0,0.0,0.0,0.0,6.0
1.4325,1.0,4.582625590607762e-35,1.0,3.098441893193382e-34,2.6133981564413902e-34,1.3231471149816175e-34,3.6777025009087644e-35,0.0,0.0,0.0,0.0,0.0,0.0,6.0
1.4355000000000002,1.0,7.805005713596944e-36,1.0,5.218277342233057e-35,4.397136440975674e-35,2.2263873299056314e-35,6.188754766476748e-36,0.0,0.0,0.0,0.0,0.0,0.0,6.0
1.4385,1.0,1.2698562993587646e-36,1.0,8.397623266766859e-36,7.069428371932214e-36,3.579675045404722e-36,9.951288598718907e-37,0.0,0.0,0.0,0.0,0.0,0.0,6.0
1.4415,1.0,1.9711437354681205e-37,1.0,1.2897134205445364e-36,1.084704359241358e-36,5.492871750805312e-37,1.5270996787993525e-37,0.0,0.0,0.0,0.0,0.0,0.0,6.0
1.4445000000000001,1.0,2.9154898880832184e-38,1.0,1.8879378614724932e-37,1.5863604453333918e-37,8.033760712444021e-38,2.2336650044107717e-38,0.0,0.0,0.0,0.0,0.0,0.0,6.0
1.4474999999999998,1.0,4.103666986385943e-39,1.0,2.630761574939793e-38,2.208503858423224e-38,1.1185212275995628e-38,3.110094422009742e-39,0.0,0.0,0.0,0.0,0.0,0.0,6.0
1.4505,1.0,5.4895286690634615e-40,1.0,3.4850985569392456e-39,2.9230861192098656e-39,1.4805283925805458e-39,4.116946352905772e-40,0.0,0.0,0.0,0.0,0.0,0.0,6.0
1.4535,1.0,6.970184106211305e-41,1.0,4.3836911806737505e-40,3.673540878180356e-40,1.8607540318745863e-40,5.174583842762898e-41,0.0,0.0,0.0,0.0,0.0,0.0,6.0
1.4565000000000001,1.0,8.390181848220292e-42,1.0,5.229241629071061e-41,4.3783651924162327e-41,2.2179144678015316e-41,6.168194135701202e-42,0.0,0.0,0.0,0.0,0.0,0.0,6.0
1.4594999999999998,1.0,9.564144091337774e-43,1.0,5.909576824225785e-42,4.9439026477803785e-42,2.5045575337644722e-42,6.9657793702288835e-43,0.0,0.0,0.0,0.0,0.0,0.0,6.0
1.4625,1.0,1.031580077814619e-43,1.0,6.3219204322609095e-43,5.284663208455763e-43,2.677355451347257e-43,7.446783568704681e-44,0.0,0.0,0.0,0.0,0.0,0.0,6.0
1.4655,1.0,1.0523308356644491e-44,1.0,6.399661376886365e-44,5.34561961708146e-44,2.708403591371499e-44,7.533528104514157e-45,0.0,0.0,0.0,0.0,0.0,0.0,6.0
1.4685000000000001,1.0,1.0155136785185376e-45,1.0,6.132149079710826e-45,5.1185766056809645e-45,2.593520614279069e-45,7.214315631543287e-46,0.0,0.0,0.0,0.0,0.0,0.0,6.0
1.4714999999999998,1.0,9.28166663247335e-47,1.0,5.569196466119002e-46,4.645722415547272e-46,2.3540566267001076e-46,6.548479451754325e-47,0.0,0.0,0.0,0.0,0.0,0.0,6.0
1.4745,1.0,8.056110806091941e-48,1.0,4.80746413630481e-47,4.00808850581415e-47,2.0310535366550296e-47,5.650155092373583e-48,0.0,0.0,0.0,0.0,0.0,0.0,6.0
1.4775,1.0,6.671130682423087e-49,1.0,3.9634506657321957e-48,3.302934961337111e-48,1.6737899613707594e-48,4.656421021918285e-49,0.0,0.0,0.0,0.0,0.0,0.0,6.0
1.4805000000000001,1.0,5.307977533827306e-50,1.0,3.1434961506118367e-49,2.6187697735609334e-49,1.3271218340665478e-49,3.6920776760204413e-50,0.0,0.0,0.0,0.0,0.0,0.0,6.0
1.4834999999999998,1.0,4.09725951330344e-51,1.0,2.4218258426847767e-50,2.0171649264331014e-50,1.0222629777848262e-50,2.843988108593246e-51,0.0,0.0,0.0,0.0,0.0,0.0,6.0
1.4865,1.0,3.1033292144529336e-52,1.0,1.8329567531532742e-51,1.5265707775423046e-51,7.736443656435466e-52,2.1523275452186314e-52,0.0,0.0,0.0,0.0,0.0,0.0,6.0
1.4895,1.0,2.3323089823836816e-53,1.0,1.3776955817716885e-52,1.1474192073051547e-52,5.814954646062334e-53,1.617755596946311e-53,0.0,0.0,0.0,0.0,0.0,0.0,6.0
1.4925000000000002,1.0,1.7539975050948963e-54,1.0,1.0365788268446468e-53,8.633606188474298e-54,4.3753688782478903e-54,1.2172502652583405e-54,0.0,0.0,0.0,0.0,0.0,0.0,6.0
1.4954999999999998,1.0,1.3253239212012627e-55,1.0,7.834670336112088e-55,6.525527484829125e-55,3.307062363329811e-55,9.20035540940516e-56,0.0,0.0,0.0,0.0,0.0,0.0,6.0
1.4985,1.0,1.0858768649669482e-56,1.0,5.985232074577282e-56,4.9408198170849635e-56,2.509225621597957e-56,6.988446019021489e-57,0.0,0.0,0.0,0.0,0.0,0.0,6.0
