-1.4985,7.0,5.243508920253656e-214,1.0,0.0,0.0,0.0,0.0,0.0,0.0,0.0,0.0,0.0,0.0,2.0
-1.4955,7.0,5.960158083020522e-213,1.0,0.0,0.0,0.0,0.0,0.0,0.0,0.0,0.0,0.0,0.0,2.0
-1.4925,7.0,7.30286025352801e-212,1.0,0.0,0.0,0.0,0.0,0.0,0.0,0.0,0.0,0.0,0.0,2.0
-1.4895,7.0,8.935094016490459e-211,1.0,0.0,0.0,0.0,0.0,0.0,0.0,0.0,0.0,0.0,0.0,2.0
-1.4865,7.0,1.0910642368501215e-209,1.0,0.0,0.0,0.0,0.0,0.0,0.0,0.0,0.0,0.0,0.0,2.0
-1.4835,7.0,1.3296809227165626e-208,1.0,0.0,0.0,0.0,0.0,0.0,0.0,0.0,0.0,0.0,0.0,2.0
-1.4805,7.0,1.617308444398373e-207,1.0,0.0,0.0,0.0,0.0,0.0,0.0,0.0,0.0,0.0,0.0,2.0
-1.4775,7.0,1.9633106182968935e-206,1.0,0.0,0.0,0.0,0.0,0.0,0.0,0.0,0.0,0.0,0.0,2.0
-1.4745,7.0,2.378693443437311e-205,1.0,0.0,0.0,0.0,0.0,0.0,0.0,0.0,0.0,0.0,0.0,2.0
-1.4715,7.0,2.8763646474709946e-204,1.0,0.0,0.0,0.0,0.0,0.0,0.0,0.0,0.0,0.0,0.0,2.0
-1.4685,7.0,3.471429290002492e-203,1.0,0.0,0.0,0.0,0.0,0.0,0.0,0.0,0.0,0.0,0.0,2.0
-1.4655,7.0,4.1815256965843275e-202,1.0,0.0,0.0,0.0,0.0,0.0,0.0,0.0,0.0,0.0,0.0,2.0
-1.4625,7.0,5.027206424249276e-201,1.0,0.0,0.0,0.0,0.0,0.0,0.0,0.0,0.0,0.0,0.0,2.0
-1.4595,7.0,6.032369427397024e-200,1.0,0.0,0.0,0.0,0.0,0.0,0.0,0.0,0.0,0.0,0.0,2.0
-1.4565,7.0,7.224745105921945e-199,1.0,0.0,0.0,0.0,0.0,0.0,0.0,0.0,0.0,0.0,0.0,2.0
-1.4535,7.0,8.636445480130988e-198,1.0,0.0,0.0,0.0,0.0,0.0,0.0,0.0,0.0,0.0,0.0,2.0
-1.4505,7.0,1.0304582353105082e-196,1.0,0.0,0.0,0.0,0.0,0.0,0.0,0.0,0.0,0.0,0.0,2.0
-1.4475,7.0,1.2271961993141333e-195,1.0,0.0,0.0,0.0,0.0,0.0,0.0,0.0,0.0,0.0,0.0,2.0
-1.4445,7.0,1.4587864596713348e-194,1.0,0.0,0.0,0.0,0.0,0.0,0.0,0.0,0.0,0.0,0.0,2.0
-1.4415,7.0,1.7308917572027336e-193,1.0,0.0,0.0,0.0,0.0,0.0,0.0,0.0,0.0,0.0,0.0,2.0
-1.4385,7.0,2.0500072505101744e-192,1.0,0.0,0.0,0.0,0.0,0.0,0.0,0.0,0.0,0.0,0.0,2.0
-1.4355,7.0,2.4235696517029858e-191,1.0,0.0,0.0,0.0,0.0,0.0,0.0,0.0,0.0,0.0,0.0,2.0
-1.4325,7.0,2.860078956540363e-190,1.0,0.0,0.0,0.0,0.0,0.0,0.0,0.0,0.0,0.0,0.0,2.0
-1.4295,7.0,3.369234004515874e-189,1.0,0.0,0.0,0.0,0.0,0.0,0.0,0.0,0.0,0.0,0.0,2.0
-1.4265,7.0,3.962083175012537e-188,1.0,0.0,0.0,0.0,0.0,0.0,0.0,0.0,0.0,0.0,0.0,2.0
-1.4235,7.0,4.65119157956163e-187,1.0,0.0,0.0,0.0,0.0,0.0,0.0,0.0,0.0,0.0,0.0,2.0
-1.4205,7.0,5.45082613860028e-186,1.0,0.0,0.0,0.0,0.0,0.0,0.0,0.0,0.0,0.0,0.0,2.0
-1.4175,7.0,6.377159923306055e-185,1.0,0.0,0.0,0.0,0.0,0.0,0.0,0.0,0.0,0.0,0.0,2.0
-1.4145,7.0,7.448497086789791e-184,1.0,0.0,0.0,0.0,0.0,0.0,0.0,0.0,0.0,0.0,0.0,2.0
-1.4115,7.0,8.685519590491812e-183,1.0,0.0,0.0,0.0,0.0,0.0,0.0,0.0,0.0,0.0,0.0,2.0
-1.4085,7.0,1.0111556736556975e-181,1.0,0.0,0.0,0.0,0.0,0.0,0.0,0.0,0.0,0.0,0.0,2.0
-1.4055,7.0,1.1752878230691121e-180,1.0,0.0,0.0,0.0,0.0,0.0,0.0,0.0,0.0,0.0,0.0,2.0
-1.4025,7.0,1.363901110888481e-179,1.0,0.0,0.0,0.0,0.0,0.0,0.0,0.0,0.0,0.0,0.0,2.0
-1.3995,7.0,1.580308035395519e-178,1.0,0.0,0.0,0.0,0.0,0.0,0.0,0.0,0.0,0.0,0.0,2.0
-1.3965,7.0,1.8282172396223769e-177,1.0,0.0,0.0,0.0,0.0,0.0,0.0,0.0,0.0,0.0,0.0,2.0
-1.3935,7.0,2.1117719934091884e-176,1.0,0.0,0.0,0.0,0.0,0.0,0.0,0.0,0.0,0.0,0.0,2.0
-1.3905,7.0,2.4355905628820846e-175,1.0,0.0,0.0,0.0,0.0,0.0,0.0,0.0,0.0,0.0,0.0,2.0
-1.3875,7.0,2.804808123575599e-174,1.0,0.0,0.0,0.0,0.0,0.0,0.0,0.0,0.0,0.0,0.0,2.0
-1.3845,7.0,3.2251197653391195e-173,1.0,0.0,0.0,0.0,0.0,0.0,0.0,0.0,0.0,0.0,0.0,2.0
-1.3815,7.0,3.702824023435853e-172,1.0,0.0,0.0,0.0,0.0,0.0,0.0,0.0,0.0,0.0,0.0,2.0
-1.3785,7.0,4.24486625517974e-171,1.0,0.0,0.0,0.0,0.0,0.0,0.0,0.0,0.0,0.0,0.0,2.0
-1.3755,7.0,4.858881070429968e-170,1.0,0.0,0.0,0.0,0.0,0.0,0.0,0.0,0.0,0.0,0.0,2.0
-1.3725,7.0,5.553232923583672e-169,1.0,0.0,0.0,0.0,0.0,0.0,0.0,0.0,0.0,0.0,0.0,2.0
-1.3695,7.0,6.3370538914187895e-168,1.0,0.0,0.0,0.0,0.0,0.0,0.0,0.0,0.0,0.0,0.0,2.0
-1.3665,7.0,7.220277602712061e-167,1.0,0.0,0.0,0.0,0.0,0.0,0.0,0.0,0.0,0.0,0.0,2.0
-1.3635,7.0,8.213668259482325e-166,1.0,0.0,0.0,0.0,0.0,0.0,0.0,0.0,0.0,0.0,0.0,2.0
-1.3605,7.0,9.328843702990026e-165,1.0,0.0,0.0,0.0,0.0,0.0,0.0,0.0,0.0,0.0,0.0,2.0
-1.3575,7.0,1.0578291536184273e-163,1.0,0.0,0.0,0.0,0.0,0.0,0.0,0.0,0.0,0.0,0.0,2.0
-1.3545,7.0,1.1975377422313996e-162,1.0,0.0,0.0,0.0,0.0,0.0,0.0,0.0,0.0,0.0,0.0,2.0
-1.3515,7.0,1.353434483865934e-161,1.0,0.0,0.0,0.0,0.0,0.0,0.0,0.0,0.0,0.0,0.0,2.0
-1.3485,7.0,1.5270305773414414e-160,1.0,0.0,0.0,0.0,0.0,0.0,0.0,0.0,0.0,0.0,0.0,2.0
-1.3455,7.0,1.7199222107519546e-159,1.0,0.0,0.0,0.0,0.0,0.0,0.0,0.0,0.0,0.0,0.0,2.0
-1.3425,7.0,1.933787771228168e-158,1.0,0.0,0.0,0.0,0.0,0.0,0.0,0.0,0.0,0.0,0.0,2.0
-1.3395,7.0,2.170384160393827e-157,1.0,0.0,0.0,0.0,0.0,0.0,0.0,0.0,0.0,0.0,0.0,2.0
-1.3365,7.0,2.4315422809330775e-156,1.0,0.0,0.0,0.0,0.0,0.0,0.0,0.0,0.0,0.0,0.0,2.0
-1.3335,7.0,2.719161788978747e-155,1.0,0.0,0.0,0.0,0.0,0.0,0.0,0.0,0.0,0.0,0.0,2.0
-1.3305,7.0,3.035205231709607e-154,1.0,0.0,0.0,0.0,0.0,0.0,0.0,0.0,0.0,0.0,0.0,2.0
-1.3275000000000001,7.0,3.3816917068159374e-153,1.0,0.0,0.0,0.0,0.0,0.0,0.0,0.0,0.0,0.0,0.0,2.0
-1.3245,7.0,3.760690187589058e-152,1.0,0.0,0.0,0.0,0.0,0.0,0.0,0.0,0.0,0.0,0.0,2.0
-1.3215,7.0,4.1743126518359734e-151,1.0,0.0,0.0,0.0,0.0,0.0,0.0,0.0,0.0,0.0,0.0,2.0
-1.3185,7.0,4.6247071327504853e-150,1.0,0.0,0.0,0.0,0.0,0.0,0.0,0.0,0.0,0.0,0.0,2.0
-1.3155000000000001,7.0,5.1140507743868424e-149,1.0,0.0,0.0,0.0,0.0,0.0,0.0,0.0,0.0,0.0,0.0,2.0
-1.3125,7.0,5.644542923900115e-148,1.0,0.0,0.0,0.0,0.0,0.0,0.0,0.0,0.0,0.0,0.0,2.0
-1.3094999999999999,7.0,6.218398229294135e-147,1.0,0.0,0.0,0.0,0.0,0.0,0.0,0.0,0.0,0.0,0.0,2.0
-1.3065,7.0,6.837839638972969e-146,1.0,0.0,0.0,0.0,0.0,0.0,0.0,0.0,0.0,0.0,0.0,2.0
-1.3035,7.0,7.505091123795362e-145,1.0,0.0,0.0,0.0,0.0,0.0,0.0,0.0,0.0,0.0,0.0,2.0
-1.3005,7.0,8.222369871289666e-144,1.0,0.0,0.0,0.0,0.0,0.0,0.0,0.0,0.0,0.0,0.0,2.0
-1.2974999999999999,7.0,8.991877644383285e-143,1.0,0.0,0.0,0.0,0.0,0.0,0.0,0.0,0.0,0.0,0.0,2.0
-1.2945,7.0,9.815790963466996e-142,1.0,0.0,0.0,0.0,0.0,0.0,0.0,0.0,0.0,0.0,0.0,2.0
-1.2915,7.0,1.0696249770823895e-140,1.0,0.0,0.0,0.0,0.0,0.0,0.0,0.0,0.0,0.0,0.0,2.0
-1.2885,7.0,1.1635344279179766e-139,1.0,0.0,0.0,0.0,0.0,0.0,0.0,0.0,0.0,0.0,0.0,2.0
-1.2855,7.0,1.2635099797649122e-138,1.0,0.0,0.0,0.0,0.0,0.0,0.0,0.0,0.0,0.0,0.0,2.0
-1.2825,7.0,1.369745947108409e-137,1.0,0.0,0.0,0.0,0.0,0.0,0.0,0.0,0.0,0.0,0.0,2.0
-1.2795,7.0,1.4824265060127212e-136,1.0,0.0,0.0,0.0,0.0,0.0,0.0,0.0,0.0,0.0,0.0,2.0
-1.2765,7.0,1.6017236120447206e-135,1.0,0.0,0.0,0.0,0.0,0.0,0.0,0.0,0.0,0.0,0.0,2.0
-1.2735,7.0,1.7277948195533878e-134,1.0,0.0,0.0,0.0,0.0,0.0,0.0,0.0,0.0,0.0,0.0,2.0
-1.2705,7.0,1.860781089656754e-133,1.0,0.0,0.0,0.0,0.0,0.0,0.0,0.0,0.0,0.0,0.0,2.0
-1.2675,7.0,2.000804697841025e-132,1.0,0.0,0.0,0.0,0.0,0.0,0.0,0.0,0.0,0.0,0.0,2.0
-1.2645,7.0,2.1479673702226264e-131,1.0,0.0,0.0,0.0,0.0,0.0,0.0,0.0,0.0,0.0,0.0,2.0
-1.2615,7.0,2.3023487871081675e-130,1.0,0.0,0.0,0.0,0.0,0.0,0.0,0.0,0.0,0.0,0.0,2.0
-1.2585,7.0,2.4640055905638612e-129,1.0,0.0,0.0,0.0,0.0,0.0,0.0,0.0,0.0,0.0,0.0,2.0
-1.2555,7.0,2.632971016893426e-128,1.0,0.0,0.0,0.0,0.0,0.0,0.0,0.0,0.0,0.0,0.0,2.0
-1.2525,7.0,2.809255243765208e-127,1.0,0.0,0.0,0.0,0.0,0.0,0.0,0.0,0.0,0.0,0.0,2.0
-1.2495,7.0,2.992846495018943e-126,1.0,0.0,0.0,0.0,0.0,0.0,0.0,0.0,0.0,0.0,0.0,2.0
-1.2465,7.0,3.1837128852111545e-125,1.0,0.0,0.0,0.0,0.0,0.0,0.0,0.0,0.0,0.0,0.0,2.0
-1.2435,7.0,3.38180491364413e-124,1.0,0.0,0.0,0.0,0.0,0.0,0.0,0.0,0.0,0.0,0.0,2.0
-1.2405,7.0,3.5870584384930754e-123,1.0,0.0,0.0,0.0,0.0,0.0,0.0,0.0,0.0,0.0,0.0,2.0
-1.2375,7.0,3.79939788164812e-122,1.0,0.0,0.0,0.0,0.0,0.0,0.0,0.0,0.0,0.0,0.0,2.0
-1.2345,7.0,4.0187393410407e-121,1.0,0.0,0.0,0.0,0.0,0.0,0.0,0.0,0.0,0.0,0.0,2.0
-1.2315,7.0,4.244993227116692e-120,1.0,0.0,0.0,0.0,0.0,0.0,0.0,0.0,0.0,0.0,0.0,2.0
-1.2285,7.0,4.478066001304865e-119,1.0,0.0,0.0,0.0,0.0,0.0,0.0,0.0,0.0,0.0,0.0,2.0
-1.2255,7.0,4.71786058366825e-118,1.0,0.0,0.0,0.0,0.0,0.0,0.0,0.0,0.0,0.0,0.0,2.0
-1.2225,7.0,4.9642750199347826e-117,1.0,0.0,0.0,0.0,0.0,0.0,0.0,0.0,0.0,0.0,0.0,2.0
-1.2195,7.0,5.217199058380432e-116,1.0,0.0,0.0,0.0,0.0,0.0,0.0,0.0,0.0,0.0,0.0,2.0
-1.2165,7.0,5.476508385807946e-115,1.0,0.0,0.0,0.0,0.0,0.0,0.0,0.0,0.0,0.0,0.0,2.0
-1.2135,7.0,5.742056407672486e-114,1.0,0.0,0.0,0.0,0.0,0.0,0.0,0.0,0.0,0.0,0.0,2.0
-1.2105000000000001,7.0,6.013663625964188e-113,1.0,0.0,0.0,0.0,0.0,0.0,0.0,0.0,0.0,0.0,0.0,2.0
-1.2075,7.0,6.2911048626258025e-112,1.0,0.0,0.0,0.0,0.0,0.0,0.0,0.0,0.0,0.0,0.0,2.0
-1.2045,7.0,6.574094786149505e-111,1.0,0.0,0.0,0.0,0.0,0.0,0.0,0.0,0.0,0.0,0.0,2.0
-1.2015,7.0,6.862272412044576e-110,1.0,0.0,0.0,0.0,0.0,0.0,0.0,0.0,0.0,0.0,0.0,2.0
-1.1985000000000001,7.0,7.155185449233199e-109,1.0,0.0,0.0,0.0,0.0,0.0,0.0,0.0,0.0,0.0,0.0,2.0
-1.1955,7.0,7.452275537309148e-108,1.0,0.0,0.0,0.0,0.0,0.0,0.0,0.0,0.0,0.0,0.0,2.0
-1.1925,7.0,7.752865545889466e-107,1.0,0.0,0.0,0.0,0.0,0.0,0.0,0.0,0.0,0.0,0.0,2.0
-1.1895,7.0,8.056150168660526e-106,1.0,0.0,0.0,0.0,0.0,0.0,0.0,0.0,0.0,0.0,0.0,2.0
-1.1865,7.0,8.361191024110857e-105,1.0,0.0,0.0,0.0,0.0,0.0,0.0,0.0,0.0,0.0,0.0,2.0
-1.1835,7.0,8.666917358646531e-104,1.0,0.0,0.0,0.0,0.0,0.0,0.0,0.0,0.0,0.0,0.0,2.0
-1.1804999999999999,7.0,8.972133227903763e-103,1.0,0.0,0.0,0.0,0.0,0.0,0.0,0.0,0.0,0.0,0.0,2.0
-1.1775,7.0,9.275531709063024e-102,1.0,0.0,0.0,0.0,0.0,0.0,0.0,0.0,0.0,0.0,0.0,2.0
-1.1745,7.0,9.575716281733607e-101,1.0,0.0,0.0,0.0,0.0,0.0,0.0,0.0,0.0,0.0,0.0,2.0
-1.1715,7.0,9.87122902988918e-100,1.0,0.0,0.0,0.0,0.0,0.0,0.0,0.0,0.0,0.0,0.0,2.0
-1.1684999999999999,7.0,1.0160584795573919e-98,1.0,0.0,0.0,0.0,0.0,0.0,0.0,0.0,0.0,0.0,0.0,2.0
-1.1655,7.0,1.0442309897976068e-97,1.0,0.0,0.0,0.0,0.0,0.0,0.0,0.0,0.0,0.0,0.0,2.0
-1.1625,7.0,1.0714983563829869e-96,1.0,0.0,0.0,0.0,0.0,0.0,0.0,0.0,0.0,0.0,0.0,2.0
-1.1595,7.0,1.0977279839545544e-95,1.0,0.0,0.0,0.0,0.0,0.0,0.0,0.0,0.0,0.0,0.0,2.0
-1.1564999999999999,7.0,1.1228007506546241e-94,1.0,0.0,0.0,0.0,0.0,0.0,0.0,0.0,0.0,0.0,0.0,2.0
-1.1535,7.0,1.1466145421405966e-93,1.0,0.0,0.0,0.0,0.0,0.0,0.0,0.0,0.0,0.0,0.0,2.0
-1.1505,7.0,1.1690870760654422e-92,1.0,0.0,0.0,0.0,0.0,0.0,0.0,0.0,0.0,0.0,0.0,2.0
-1.1475,7.0,1.1901577865085918e-91,1.0,0.0,0.0,0.0,0.0,0.0,0.0,0.0,0.0,0.0,0.0,2.0
-1.1445,7.0,1.2097885744103817e-90,1.0,0.0,0.0,0.0,0.0,0.0,0.0,0.0,0.0,0.0,0.0,2.0
-1.1415,7.0,1.2279632814095985e-89,1.0,0.0,0.0,0.0,0.0,0.0,0.0,0.0,0.0,0.0,0.0,2.0
-1.1385,7.0,1.2446858112034236e-88,1.0,0.0,0.0,0.0,0.0,0.0,0.0,0.0,0.0,0.0,0.0,2.0
-1.1355,7.0,1.2599769061882625e-87,1.0,0.0,0.0,0.0,0.0,0.0,0.0,0.0,0.0,0.0,0.0,2.0
-1.1325,7.0,1.2738696894186739e-86,1.0,0.0,0.0,0.0,0.0,0.0,0.0,0.0,0.0,0.0,0.0,2.0
-1.1295,7.0,1.2864042030262051e-85,1.0,0.0,0.0,0.0,0.0,0.0,0.0,0.0,0.0,0.0,0.0,2.0
-1.1265,7.0,1.2976213104048352e-84,1.0,0.0,0.0,0.0,0.0,0.0,0.0,0.0,0.0,0.0,0.0,2.0
-1.1235,7.0,1.3075564704420288e-83,1.0,0.0,0.0,0.0,0.0,0.0,0.0,0.0,0.0,0.0,0.0,2.0
-1.1205,7.0,1.3162340193643705e-82,1.0,0.0,0.0,0.0,0.0,0.0,0.0,0.0,0.0,0.0,0.0,2.0
-1.1175,7.0,1.3236626827122208e-81,1.0,0.0,0.0,0.0,0.0,0.0,0.0,0.0,0.0,0.0,0.0,2.0
-1.1145,7.0,1.3298330544641764e-80,1.0,0.0,0.0,0.0,0.0,0.0,0.0,0.0,0.0,0.0,0.0,2.0
-1.1115,7.0,1.3347176906375562e-79,1.0,0.0,0.0,0.0,0.0,0.0,0.0,0.0,0.0,0.0,0.0,2.0
-1.1085,7.0,1.3382742477011615e-78,1.0,0.0,0.0,0.0,0.0,0.0,0.0,0.0,0.0,0.0,0.0,2.0
-1.1055,7.0,1.340451746912801e-77,1.0,0.0,0.0,0.0,0.0,0.0,0.0,0.0,0.0,0.0,0.0,2.0
-1.1025,7.0,1.3411995858235006e-76,1.0,0.0,0.0,0.0,0.0,0.0,0.0,0.0,0.0,0.0,0.0,2.0
-1.0995,7.0,1.3404784002901393e-75,1.0,0.0,0.0,0.0,0.0,0.0,0.0,0.0,0.0,0.0,0.0,2.0
-1.0965,7.0,1.338271386138781e-74,1.0,0.0,0.0,0.0,0.0,0.0,0.0,0.0,0.0,0.0,0.0,2.0
-1.0935000000000001,7.0,1.3345943200668563e-73,1.0,0.0,0.0,0.0,0.0,0.0,0.0,0.0,0.0,0.0,0.0,2.0
-1.0905,7.0,1.3295023769403154e-72,1.0,0.0,0.0,0.0,0.0,0.0,0.0,0.0,0.0,0.0,0.0,2.0
-1.0875,7.0,1.3230920062957902e-71,1.0,0.0,0.0,0.0,0.0,0.0,0.0,0.0,0.0,0.0,0.0,2.0
-1.0845,7.0,1.3154966402160541e-70,1.0,0.0,0.0,0.0,0.0,0.0,0.0,0.0,0.0,0.0,0.0,2.0
-1.0815000000000001,7.0,1.3068758294559355e-69,1.0,0.0,0.0,0.0,0.0,0.0,0.0,0.0,0.0,0.0,0.0,2.0
-1.0785,7.0,1.2973984450608467e-68,1.0,0.0,0.0,0.0,0.0,0.0,0.0,0.0,0.0,0.0,0.0,2.0
-1.0755,7.0,1.2872216759744954e-67,1.0,0.0,0.0,0.0,0.0,0.0,0.0,0.0,0.0,0.0,0.0,2.0
-1.0725,7.0,1.2764684984075638e-66,1.0,0.0,0.0,0.0,0.0,0.0,0.0,0.0,0.0,0.0,0.0,2.0
-1.0695000000000001,7.0,1.265206889474862e-65,1.0,0.0,0.0,0.0,0.0,0.0,0.0,0.0,0.0,0.0,0.0,2.0
-1.0665,7.0,1.253434149903968e-64,1.0,0.0,0.0,0.0,0.0,0.0,0.0,0.0,0.0,0.0,0.0,2.0
-1.0635,7.0,1.241069217185288e-63,1.0,0.0,0.0,0.0,0.0,0.0,0.0,0.0,0.0,0.0,0.0,2.0
-1.0605,7.0,1.227954829575515e-62,1.0,0.0,0.0,0.0,0.0,0.0,0.0,0.0,0.0,0.0,0.0,2.0
-1.0575,7.0,1.213869992381522e-61,1.0,0.0,0.0,0.0,0.0,0.0,0.0,0.0,0.0,0.0,0.0,2.0
-1.0545,7.0,1.1985516377403583e-60,1.0,0.0,0.0,0.0,0.0,0.0,0.0,0.0,0.0,0.0,0.0,2.0
-1.0514999999999999,7.0,1.1817229358981616e-59,1.0,0.0,0.0,0.0,0.0,0.0,0.0,0.0,0.0,0.0,0.0,2.0
-1.0485,7.0,1.1631246716702047e-58,1.0,0.0,0.0,0.0,0.0,0.0,0.0,0.0,0.0,0.0,0.0,2.0
-1.0455,7.0,1.1425456339767044e-57,1.0,0.0,0.0,0.0,0.0,0.0,0.0,0.0,0.0,0.0,0.0,2.0
-1.0425,7.0,1.1198481561503764e-56,1.0,0.0,0.0,0.0,0.0,0.0,0.0,0.0,0.0,0.0,0.0,2.0
-1.0394999999999999,7.0,1.0949857397910182e-55,1.0,0.0,0.0,0.0,0.0,0.0,0.0,0.0,0.0,0.0,0.0,2.0
-1.0365,7.0,1.0680109317349342e-54,1.0,0.0,0.0,0.0,0.0,0.0,0.0,0.0,0.0,0.0,0.0,2.0
-1.0335,7.0,1.0390730642374653e-53,1.0,0.0,0.0,0.0,0.0,0.0,0.0,0.0,0.0,0.0,0.0,2.0
-1.0305,7.0,1.008406853554874e-52,1.0,0.0,0.0,0.0,0.0,0.0,0.0,0.0,0.0,0.0,0.0,2.0
-1.0275,7.0,9.763139554440747e-52,1.0,0.0,0.0,0.0,0.0,0.0,0.0,0.0,0.0,0.0,0.0,2.0
-1.0245,7.0,9.431402463769999e-51,1.0,0.0,0.0,0.0,0.0,0.0,0.0,0.0,0.0,0.0,0.0,2.0
-1.0215,7.0,9.092517817305225e-50,1.0,0.0,0.0,0.0,0.0,0.0,0.0,0.0,0.0,0.0,0.0,2.0
-1.0185,7.0,8.750121168722505e-49,1.0,0.0,0.0,0.0,0.0,0.0,0.0,0.0,0.0,0.0,0.0,2.0
-1.0155,7.0,8.407630770504501e-48,1.0,0.0,0.0,0.0,0.0,0.0,0.0,0.0,0.0,0.0,0.0,2.0
-1.0125,7.0,8.068102798765024e-47,1.0,0.0,0.0,0.0,0.0,0.0,0.0,0.0,0.0,0.0,0.0,2.0
-1.0095,7.0,7.73413905783533e-46,1.0,0.0,0.0,0.0,0.0,0.0,0.0,0.0,0.0,0.0,0.0,2.0
-1.0065,7.0,7.407845061408659e-45,1.0,0.0,0.0,0.0,0.0,0.0,0.0,0.0,0.0,0.0,0.0,2.0
-1.0035,7.0,7.090831193412253e-44,1.0,0.0,0.0,0.0,0.0,0.0,0.0,0.0,0.0,0.0,0.0,2.0
-1.0005,7.0,6.784246651802196e-43,1.0,0.0,0.0,0.0,0.0,0.0,0.0,0.0,0.0,0.0,0.0,2.0
-0.9975,7.0,6.488834957617021e-42,1.0,0.0,0.0,0.0,0.0,0.0,0.0,0.0,0.0,0.0,0.0,2.0
-0.9945,7.0,6.205000545423535e-41,1.0,0.0,0.0,0.0,0.0,0.0,0.0,0.0,0.0,0.0,0.0,2.0
-0.9915,7.0,5.932877766213757e-40,1.0,0.0,0.0,0.0,0.0,0.0,0.0,0.0,0.0,0.0,0.0,2.0
-0.9885,7.0,5.67239595314302e-39,1.0,0.0,0.0,0.0,0.0,0.0,0.0,0.0,0.0,0.0,0.0,2.0
-0.9855,7.0,5.423336548732274e-38,1.0,0.0,0.0,0.0,0.0,0.0,0.0,0.0,0.0,0.0,0.0,2.0
-0.9825,7.0,5.1853803475683225e-37,1.0,0.0,0.0,0.0,0.0,0.0,0.0,0.0,0.0,0.0,0.0,2.0
-0.9795,7.0,4.958144508135474e-36,1.0,0.0,0.0,0.0,0.0,0.0,0.0,0.0,0.0,0.0,0.0,2.0
-0.9765,7.0,4.7412100985228603e-35,1.0,0.0,0.0,0.0,0.0,0.0,0.0,0.0,0.0,0.0,0.0,2.0
-0.9735,7.0,4.53414160952614e-34,1.0,0.0,0.0,0.0,0.0,0.0,0.0,0.0,0.0,0.0,0.0,2.0
-0.9705,7.0,4.336500172419259e-33,1.0,0.0,0.0,0.0,0.0,0.0,0.0,0.0,0.0,0.0,0.0,2.0
-0.9675,7.0,4.1478522703183756e-32,1.0,0.0,0.0,0.0,0.0,0.0,0.0,0.0,0.0,0.0,0.0,2.0
-0.9645,7.0,3.967775549804477e-31,1.0,0.0,0.0,0.0,0.0,0.0,0.0,0.0,0.0,0.0,0.0,2.0
-0.9615,7.0,3.795862804698588e-30,1.0,0.0,0.0,0.0,0.0,0.0,0.0,0.0,0.0,0.0,0.0,2.0
-0.9585,7.0,3.6317251847301093e-29,1.0,0.0,0.0,0.0,0.0,0.0,0.0,0.0,0.0,0.0,0.0,2.0
-0.9555,7.0,3.4749954050293834e-28,1.0,0.0,0.0,0.0,0.0,0.0,0.0,0.0,0.0,0.0,0.0,2.0
-0.9525,7.0,3.32532613521627e-27,1.0,0.0,0.0,0.0,0.0,0.0,0.0,0.0,0.0,0.0,0.0,2.0
-0.9495,7.0,3.1823907248776936e-26,1.0,0.0,0.0,0.0,0.0,0.0,0.0,0.0,0.0,0.0,0.0,2.0
-0.9465,7.0,3.0459036251225986e-25,1.0,0.0,0.0,0.0,0.0,0.0,0.0,0.0,0.0,0.0,0.0,2.0
-0.9435,7.0,2.9155467919142784e-24,1.0,0.0,0.0,0.0,0.0,0.0,0.0,0.0,0.0,0.0,0.0,2.0
-0.9405,7.0,2.790945243259317e-23,1.0,0.0,0.0,0.0,0.0,0.0,0.0,0.0,0.0,0.0,0.0,2.0
-0.9375,7.0,2.6723884892285116e-22,1.0,0.0,0.0,0.0,0.0,0.0,0.0,0.0,0.0,0.0,0.0,2.0
-0.9345,7.0,2.558788528218399e-21,1.0,0.0,0.0,0.0,0.0,0.0,0.0,0.0,0.0,0.0,0.0,2.0
-0.9315,7.0,2.4476293345874e-20,1.0,0.0,0.0,0.0,0.0,0.0,0.0,0.0,0.0,0.0,0.0,2.0
-0.9285,7.0,2.3505349437906655e-19,1.0,0.0,0.0,0.0,0.0,0.0,0.0,0.0,0.0,0.0,0.0,2.0
-0.9255,7.0,2.2614016086039405e-18,1.0,0.0,0.0,0.0,0.0,0.0,0.0,0.0,0.0,0.0,0.0,2.0
-0.9225,7.0,2.061706607641981e-17,1.0,0.0,0.0,0.0,0.0,0.0,0.0,0.0,0.0,0.0,0.0,2.0
-0.9195,7.0,1.6067269309020632e-16,0.9999999999999999,0.0,0.0,0.0,0.0,0.0,0.0,0.0,0.0,0.0,0.0,2.0
-0.9165,6.999999999999999,5.964325619987464e-16,0.9999999999999993,0.0,0.0,0.0,0.0,0.0,0.0,0.0,0.0,0.0,0.0,2.0
-0.9135,6.999999999999995,1.4931573499160461e-15,0.9999999999999983,0.0,0.0,0.0,0.0,0.0,0.0,0.0,0.0,0.0,0.0,2.0
-0.9105,6.999999999999988,3.214711386510341e-15,0.9999999999999962,0.0,0.0,0.0,0.0,0.0,0.0,0.0,0.0,0.0,0.0,2.0
-0.9075,6.999999999999974,6.533069633246995e-15,0.9999999999999923,0.0,0.0,0.0,0.0,0.0,0.0,0.0,0.0,0.0,0.0,2.0
-0.9045,6.9999999999999485,1.299840016720295e-14,0.9999999999999849,0.0,0.0,0.0,0.0,0.0,0.0,0.0,0.0,0.0,0.0,2.0
-0.9015,6.999999999999896,2.5611183178079208e-14,0.9999999999999705,0.0,0.0,0.0,0.0,0.0,0.0,0.0,0.0,0.0,0.0,2.0
-0.8985,6.999999999999797,4.998214355602671e-14,0.9999999999999425,0.0,0.0,0.0,0.0,0.0,0.0,0.0,0.0,0.0,0.0,2.0
-0.8955,6.999999999999609,9.682812402707148e-14,0.9999999999998882,0.0,0.0,0.0,0.0,0.0,0.0,0.0,0.0,0.0,0.0,2.0
-0.8925,6.999999999999246,1.8656949205073713e-13,0.9999999999997846,0.0,0.0,0.0,0.0,0.0,0.0,0.0,0.0,0.0,0.0,2.0
-0.8895,6.999999999998555,3.5767958457527753e-13,0.999999999999587,0.0,0.0,0.0,0.0,0.0,0.0,0.0,0.0,0.0,0.0,2.0
-0.8865,6.999999999997245,6.823147692725652e-13,0.9999999999992117,0.0,0.0,0.0,0.0,0.0,0.0,0.0,0.0,0.0,0.0,2.0
-0.8835,6.999999999994764,1.2954648775268372e-12,0.9999999999985043,0.0,0.0,0.0,0.0,0.0,0.0,0.0,0.0,0.0,0.0,2.0
-0.8805,6.999999999990108,2.4480597038004444e-12,0.9999999999971732,0.0,0.0,0.0,0.0,0.0,0.0,0.0,0.0,0.0,0.0,2.0
-0.8775,6.999999999981392,4.604574221540916e-12,0.9999999999946831,0.0,0.0,0.0,0.0,0.0,0.0,0.0,0.0,0.0,0.0,2.0
-0.8745,6.9999999999651585,8.620709920753554e-12,0.9999999999900461,0.0,0.0,0.0,0.0,0.0,0.0,0.0,0.0,0.0,0.0,2.0
-0.8715,6.999999999935079,1.606481678325082e-11,0.9999999999814498,0.0,0.0,0.0,0.0,0.0,0.0,0.0,0.0,0.0,0.0,2.0
-0.8685,6.999999999879577,2.9797227753692735e-11,0.9999999999655933,0.0,0.0,0.0,0.0,0.0,0.0,0.0,0.0,0.0,0.0,2.0
-0.8655,6.999999999777687,5.5008669558413224e-11,0.9999999999364816,0.0,0.0,0.0,0.0,0.0,0.0,0.0,0.0,0.0,0.0,2.0
-0.8625,6.999999999591521,1.0107201616792717e-10,0.9999999998832927,0.0,0.0,0.0,0.0,0.0,0.0,0.0,0.0,0.0,0.0,2.0
-0.8595,6.9999999992530295,1.8482627204323755e-10,0.9999999997865818,0.0,0.0,0.0,0.0,0.0,0.0,0.0,0.0,0.0,0.0,2.0
-0.8565,6.999999998640572,3.363712171109738e-10,0.999999999611592,0.0,0.0,0.0,0.0,0.0,0.0,0.0,0.0,0.0,0.0,2.0
-0.8535,6.999999997537794,6.092379434089006e-10,0.9999999992965128,0.0,0.0,0.0,0.0,0.0,0.0,0.0,0.0,0.0,0.0,2.0
-0.8505,6.999999995561885,1.0981479703117468e-09,0.9999999987319685,0.0,0.0,0.0,0.0,0.0,0.0,0.0,0.0,0.0,0.0,2.0
-0.8475,6.99999999203889,1.969864879128318e-09,0.9999999977253959,0.0,0.0,0.0,0.0,0.0,0.0,0.0,0.0,0.0,0.0,2.0
-0.8445,6.999999985788148,3.516522360302437e-09,0.9999999959394698,0.0,0.0,0.0,0.0,0.0,0.0,0.0,0.0,0.0,0.0,2.0
-0.8415,6.999999974751613,6.247355963001519e-09,0.9999999927861749,0.0,0.0,0.0,0.0,0.0,0.0,0.0,0.0,0.0,0.0,2.0
-0.8385,6.999999955359068,1.1045765170575857e-08,0.9999999872454498,0.0,0.0,0.0,0.0,0.0,0.0,0.0,0.0,0.0,0.0,2.0
-0.8355,6.999999921445882,1.9437102803433098e-08,0.9999999775559676,0.0,0.0,0.0,0.0,0.0,0.0,0.0,0.0,0.0,0.0,2.0
-0.8325,6.999999862414439,3.404359798323191e-08,0.9999999606898393,0.0,0.0,0.0,0.0,0.0,0.0,0.0,0.0,0.0,0.0,2.0
-0.8295,6.999999760122064,5.935439703246535e-08,0.9999999314634468,0.0,0.0,0.0,0.0,0.0,0.0,0.0,0.0,0.0,0.0,2.0
-0.8265,6.999999583645431,1.0302103865795215e-07,0.9999998810415556,0.0,0.0,0.0,0.0,0.0,0.0,0.0,0.0,0.0,0.0,2.0
-0.8235,6.999999280576963,1.7801103569267023e-07,0.9999997944505745,0.0,0.0,0.0,0.0,0.0,0.0,0.0,0.0,0.0,0.0,2.0
-0.8205,6.999998762655504,3.0616336097640145e-07,0.9999996464730407,0.0,0.0,0.0,0.0,0.0,0.0,0.0,0.0,0.0,0.0,2.0
-0.8175,6.999997880801301,5.243656837906968e-07,0.9999993945147756,0.0,0.0,0.0,0.0,0.0,0.0,0.0,0.0,0.0,0.0,2.0
-0.8145,6.999996376190911,8.966601948263925e-07,0.9999989646263201,0.0,0.0,0.0,0.0,0.0,0.0,0.0,0.0,0.0,0.0,2.0
-0.8115,6.999993790109398,1.536549395663392e-06,0.9999982257465528,0.0,0.0,0.0,0.0,0.0,0.0,0.0,0.0,0.0,0.0,2.0
-0.8085,6.999989383262497,2.626961135151911e-06,0.9999969666493886,0.0,0.0,0.0,0.0,0.0,0.0,0.0,0.0,0.0,0.0,2.0
-0.8055,6.999982260781845,4.3893172503518805e-06,0.9999949316611227,0.0,0.0,0.0,0.0,0.0,0.0,0.0,0.0,0.0,0.0,2.0
-0.8025,6.999976255123613,6.774925371464219e-06,0.9999908665032151,0.0,0.0,0.0,0.0,0.0,0.0,0.0,0.0,0.0,0.0,2.0
-0.7995,6.999972367800275,8.018136632860569e-06,0.99998798169881,0.0,0.0,0.0,0.0,0.0,0.0,0.0,0.0,0.0,0.0,2.0
-0.7965,6.999953873241584,1.1389403093233233e-05,0.9999828811073606,1.4681164306052046e-05,-4.982483673685433e-06,0.0,0.0,0.0,0.0,0.0,0.0,0.0,0.0,4.0
-0.7935,6.999940060386981,1.4851540919758794e-05,0.999979063570593,1.985788546289694e-05,-5.973042454014427e-06,0.0,0.0,0.0,0.0,0.0,0.0,0.0,0.0,4.0
-0.7905,6.999927983882659,1.8123146598280528e-05,0.9999752463521658,2.4510630725024937e-05,-7.394977115920977e-06,0.0,0.0,0.0,0.0,0.0,0.0,0.0,0.0,4.0
-0.7875,6.9999405758928575,2.1142115179246083e-05,0.9999684549567542,2.7672299434797133e-05,-7.6013012534586384e-06,0.0,0.0,0.0,0.0,0.0,0.0,0.0,0.0,4.0
-0.7845,6.99993563367211,2.253844557546382e-05,0.9999660474936295,3.0411306074969464e-05,-9.790191141487955e-06,0.0,0.0,0.0,0.0,0.0,0.0,0.0,0.0,4.0
-0.7815,6.999911224804606,2.7051850500142222e-05,0.9999595873499904,3.32457767563981e-05,-1.1717154786419072e-05,1.7019975641118128e-06,-4.593269882492686e-07,0.0,0.0,0.0,0.0,0.0,0.0,6.0
-0.7785,6.999892078351928,3.0080310419268598e-05,0.9999530395825723,3.8134691258664754e-05,-1.3089742131361569e-05,2.125452125776096e-06,-4.178074631270918e-07,0.0,0.0,0.0,0.0,0.0,0.0,6.0
-0.7755,6.999872245659718,3.384371092209933e-05,0.9999457760599654,4.435075135967242e-05,-1.4489435203922514e-05,2.5116807443229386e-06,-4.0503857376376547e-07,0.0,0.0,0.0,0.0,0.0,0.0,6.0
-0.7725,6.9998659982639,3.891805340015414e-05,0.9999360383587753,5.133657560924807e-05,-1.448890936705313e-05,2.9201809273692174e-06,-6.660804491026929e-07,0.0,0.0,0.0,0.0,0.0,0.0,6.0
-0.7695,6.999844028955103,4.5254143681059215e-05,0.9999275528047308,5.899520010187408e-05,-1.6273001138034682e-05,3.3644447082269742e-06,-6.89226655414204e-07,0.0,0.0,0.0,0.0,0.0,0.0,6.0
-0.7665,6.999818594183829,5.247914668897602e-05,0.99991819257312,6.784660775165548e-05,-1.852967158787744e-05,3.8038958244211653e-06,-6.857910540810082e-07,0.0,0.0,0.0,0.0,0.0,0.0,6.0
-0.7635,6.999791523661388,6.050186619760337e-05,0.999907147389625,7.797008470527532e-05,-2.0883160736867206e-05,4.245892191585221e-06,-7.146119451404065e-07,0.0,0.0,0.0,0.0,0.0,0.0,6.0
-0.7605,6.999760157687298,6.938817668717335e-05,0.9998942716432621,8.935778893708021e-05,-2.3396789275854517e-05,4.711770835765663e-06,-7.652504721855178e-07,0.0,0.0,0.0,0.0,0.0,0.0,6.0
-0.7575,6.999734431843331,7.932139201852952e-05,0.9998779016900738,0.00010180267581975744,-2.4966318350594975e-05,5.238547536879098e-06,-1.016595634759741e-06,0.0,0.0,0.0,0.0,0.0,0.0,6.0
-0.7545,6.999692406267112,9.050036599003796e-05,0.9998608006570541,0.00011533414262359283,-2.7988888906181058e-05,5.838795131602357e-06,-1.0809003314508838e-06,0.0,0.0,0.0,0.0,0.0,0.0,6.0
-0.7515,6.999644012445753,0.00010309902935181889,0.999841440317319,0.00013032313092488482,-3.1479038038384835e-05,6.491858720498553e-06,-1.1229932858518439e-06,0.0,0.0,0.0,0.0,0.0,0.0,6.0
-0.7485,6.999591239568323,0.00011740789987849507,0.9998193539963226,0.0001469355924519205,-3.526312721478236e-05,7.19396883139443e-06,-1.1781324639311509e-06,0.0,0.0,0.0,0.0,0.0,0.0,6.0
-0.7455,6.999532538837979,0.00013369709629351096,0.9997944811724547,0.00016544870025725247,-3.9463766234466946e-05,7.934548993972377e-06,-1.2337156040268878e-06,0.0,0.0,0.0,0.0,0.0,0.0,6.0
-0.7425,6.999474834700767,0.000152260467645123,0.9997654957434355,0.00018601424727271207,-4.321552698954688e-05,8.720299503390399e-06,-1.435344833394421e-06,0.0,0.0,0.0,0.0,0.0,0.0,6.0
-0.7395,6.9994005406122985,0.00017330407884541248,0.9997342865228787,0.00020898299746348266,-4.823877989675989e-05,9.545812023691654e-06,-1.5046655077837328e-06,0.0,0.0,0.0,0.0,0.0,0.0,6.0
-0.7365,6.999316078804437,0.00019697393739571826,0.9996993857990346,0.0002348571374527378,-5.369937959676545e-05,1.0394794616060203e-05,-1.5751017146722433e-06,0.0,0.0,0.0,0.0,0.0,0.0,6.0
-0.7335,6.9992218415671426,0.00022353564154275132,0.9996600913835346,0.0002638025448913097,-5.944981260233906e-05,1.127914507081308e-05,-1.6677547030255724e-06,0.0,0.0,0.0,0.0,0.0,0.0,6.0
-0.7305,6.999115991900831,0.0002533140129259813,0.9996159800630161,0.0002959251745326802,-6.561383354652661e-05,1.2213474149755404e-05,-1.762095732375087e-06,0.0,0.0,0.0,0.0,0.0,0.0,6.0
-0.7275,6.999003205493615,0.00028672690446282886,0.9995657256032094,0.0003312120768803769,-7.162685825787171e-05,1.322209546250291e-05,-1.9540574617622884e-06,0.0,0.0,0.0,0.0,0.0,0.0,6.0
-0.7245,6.998869767013667,0.00032417546845657394,0.9995104699726434,0.0003698954426536672,-7.887990160387735e-05,1.430956490902416e-05,-2.02687398905974e-06,0.0,0.0,0.0,0.0,0.0,0.0,6.0
-0.7215,6.998719974003189,0.0003660362804080467,0.9994488517070639,0.0004124694273322021,-8.681395849612893e-05,1.546151580176694e-05,-2.0839361772646088e-06,0.0,0.0,0.0,0.0,0.0,0.0,6.0
-0.7185,6.9985532280570855,0.0004127773707043267,0.9993801021526523,0.00045930765220999993,-9.5362747512275e-05,1.6674590677411114e-05,-2.1479006947445483e-06,0.0,0.0,0.0,0.0,0.0,0.0,6.0
-0.7155,6.998367184122858,0.00046491389558978057,0.9993036026035194,0.000510805634033088,-0.00010460042688490393,1.7933634760767968e-05,-2.2109853012268185e-06,0.0,0.0,0.0,0.0,0.0,0.0,6.0
-0.7125,6.99816416038172,0.0005230516690143475,0.9992179937898951,0.0005672558897806908,-0.00011403566783437691,1.920818632728589e-05,-2.3409219205813117e-06,0.0,0.0,0.0,0.0,0.0,0.0,6.0
-0.7095,6.997932536268418,0.0005878217090421447,0.9991236937995305,0.0006290441401596162,-0.00012458368919697195,2.0425343707796062e-05,-2.3556301679113967e-06,0.0,0.0,0.0,0.0,0.0,0.0,6.0
-0.7065,6.997674134859054,0.0006598676901380881,0.9990192156729769,0.0006965529504677425,-0.00013563554999702392,2.1489359189053674e-05,-2.3067164549192976e-06,0.0,0.0,0.0,0.0,0.0,0.0,6.0
-0.7035,6.997386910910317,0.0007398862893448424,0.9989036472509655,0.0007697002417535862,-0.0001469235733759974,2.2359086004525276e-05,-2.2015811849353566e-06,0.0,0.0,0.0,0.0,0.0,0.0,6.0
-0.7005,6.997067598166064,0.0008285248881913984,0.9987764664826686,0.0008478570132542743,-0.00015826741868320887,2.3108163681078822e-05,-2.0794166537113464e-06,0.0,0.0,0.0,0.0,0.0,0.0,6.0
-0.6975,6.996716478342373,0.00092635721913036,0.9986369929364485,0.0009297961864680414,-0.0001691366265876199,2.3964439140117136e-05,-2.102716451589554e-06,0.0,0.0,0.0,0.0,0.0,0.0,6.0
-0.6945,6.996324046236786,0.0010337731983918834,0.9984861556283657,0.0010144644866701056,-0.00018028471258259892,2.52225198649682e-05,-2.2725018120054486e-06,0.0,0.0,0.0,0.0,0.0,0.0,6.0
-0.6915,6.995892878966299,0.001150854611431997,0.99832340945644,0.0011021496611858808,-0.00019180924251075882,2.706740720199657e-05,-2.6828787956802933e-06,0.0,0.0,0.0,0.0,0.0,0.0,6.0
-0.6885,6.995425594340075,0.001277396284389171,0.99814815104284,0.0011951786715209162,-0.0002046588104417787,2.9426408316139362e-05,-3.213042027513691e-06,0.0,0.0,0.0,0.0,0.0,0.0,6.0
-0.6855,6.9949247362509945,0.0014133524740626456,0.9979590786416448,0.0012973191299031279,-0.00021996201424165677,3.198459709355836e-05,-3.6232319111325676e-06,0.0,0.0,0.0,0.0,0.0,0.0,6.0
-0.6825,6.994465789674796,0.0015608387037887902,0.9977399760842007,0.001391053180133738,-0.00023646036279271137,3.615105228955414e-05,-3.7172837135537364e-06,0.0,0.0,0.0,0.0,0.0,0.0,6.0
-0.6795,6.9941888269356145,0.0016313420841656996,0.997619170682113,0.0015146807899942515,-0.00027440672703137276,3.783744078180772e-05,-2.136892679216743e-06,0.0,0.0,0.0,0.0,0.0,0.0,6.0
-0.6765,6.993214613290078,0.0018811827227027216,0.9972943602340669,0.0016865524922944366,-0.00028224993196907395,3.921150500229213e-05,-3.376878220962114e-06,-4.199704040114071e-07,3.008248048657147e-07,0.0,0.0,0.0,0.0,8.0
-0.6735,6.992538802221554,0.0020712928033986247,0.9970254974054665,0.0018379445842088928,-0.0003064513008517555,4.149961349250096e-05,-2.8156187238006393e-06,-6.137406603657219e-07,2.8394220687643144e-07,0.0,0.0,0.0,0.0,8.0
-0.6705,6.991798505877974,0.002279213047411062,0.9967310155214506,0.002003911489989834,-0.0003312920327812773,4.2961237868542745e-05,-2.0622519193656437e-06,-7.5111043075231e-07,2.4338280637590524e-07,0.0,0.0,0.0,0.0,8.0
-0.6675,6.991010300053295,0.002508108983672067,0.9964050098460894,0.002179372022830803,-0.0003521553702466568,4.427590254821525e-05,-1.922612860631471e-06,-8.787554186462848e-07,2.80127107605417e-07,0.0,0.0,0.0,0.0,8.0
-0.6645,6.990064607625713,0.0027583764186535397,0.996060268041698,0.0023655948838614952,-0.00037967968507938543,4.5273379465465816e-05,-6.965440545152294e-07,-9.870325244439705e-07,1.8474417354394055e-07,0.0,0.0,0.0,0.0,8.0
-0.6615,6.9890768971694355,0.003028989067286297,0.9956807279679637,0.0025670711186862234,-0.00040321417674838697,4.533626663352049e-05,-1.4759100159887012e-09,-1.0315222044705574e-06,1.50472393901159e-07,0.0,0.0,0.0,0.0,8.0
-0.6585,6.9880073278152155,0.0033222462165369434,0.995269917438731,0.0027803165474246656,-0.00042640898168875126,4.494093473083261e-05,7.135581251070506e-07,-1.0475651061098422e-06,1.1221052170590292e-07,0.0,0.0,0.0,0.0,8.0
-0.6555,6.986837973854004,0.0036418091533901202,0.9948274526541636,0.002998872731985777,-0.00044855224263678974,4.5099280920935355e-05,1.1434085677050948e-06,-1.111780402053067e-06,1.1931167202227284e-07,0.0,0.0,0.0,0.0,8.0
-0.6525,6.985617970205402,0.003988887723691404,0.9943463274051471,0.0032211266827318393,-0.0004649939008483503,4.612891900331141e-05,4.874302652904586e-07,-1.2500739983471152e-06,2.7413217409433097e-07,0.0,0.0,0.0,0.0,8.0
-0.6495,6.984188728676668,0.004362023528058483,0.9938474626864835,0.00345352756258873,-0.0004937345508347101,4.7205040106911125e-05,1.7151308756276734e-06,-1.4116124560573313e-06,2.0864185040891988e-07,0.0,0.0,0.0,0.0,8.0
-0.6465,6.982688546268081,0.004760140441312477,0.9933101501717575,0.0037027083088750964,-0.0005206490936130036,4.750318614524217e-05,2.68054035845572e-06,-1.5385811330595719e-06,1.7974995349219893e-07,0.0,0.0,0.0,0.0,8.0
-0.6435,6.981110134359911,0.005185813342056572,0.9927316226592863,0.0039660402528001095,-0.0005448099455452997,4.733016778150684e-05,3.270805528694575e-06,-1.6503949208874554e-06,2.0000056777799194e-07,0.0,0.0,0.0,0.0,8.0
-0.6405,6.979415771372072,0.005641890137354402,0.9921138659939149,0.004240245812844132,-0.0005687172096860407,4.7077550953863515e-05,3.879380008231067e-06,-1.7726988310876318e-06,2.229350720697071e-07,0.0,0.0,0.0,0.0,8.0
-0.6375,6.977615678624527,0.0061301715143041065,0.9914537225323253,0.004524282362757481,-0.0005911563547200909,4.683085109357996e-05,4.322168265322657e-06,-1.908809900519884e-06,2.720333800884402e-07,0.0,0.0,0.0,0.0,8.0
-0.6345,6.975658695016376,0.006651902107594478,0.990756118506079,0.004818690136057865,-0.0006170239434758086,4.6463893621853726e-05,5.3835111802711705e-06,-2.0501250202234145e-06,2.5259612527893287e-07,0.0,0.0,0.0,0.0,8.0
-0.6315,6.973587214883545,0.007208131114720595,0.9900131410432742,0.005124275928231157,-0.0006412414089814516,4.5859143117480834e-05,6.257733079192936e-06,-2.188035391059482e-06,2.6325505169094186e-07,0.0,0.0,0.0,0.0,8.0
-0.6285,6.9713802550375386,0.007800211980397203,0.9892252398515152,0.0054406801762236804,-0.0006651597930489326,4.504028615986197e-05,7.175119304196507e-06,-2.3258756118394484e-06,2.752224692560714e-07,0.0,0.0,0.0,0.0,8.0
-0.6255,6.969030003570248,0.008429378097407729,0.9883911081729789,0.0057678802457686385,-0.0006887466870071231,4.40105444230183e-05,8.149308998693836e-06,-2.4658002346221114e-06,2.859499210345617e-07,0.0,0.0,0.0,0.0,8.0
-0.6225,6.966551255647414,0.009097135736141244,0.9875065071030582,0.006105039721874862,-0.0007096861923316175,4.2876524070290224e-05,8.826785453242948e-06,-2.615349375666267e-06,3.3809406708210853e-07,0.0,0.0,0.0,0.0,8.0
-0.6195,6.963871880516393,0.009804544955022353,0.9865789621835347,0.0064527226926646255,-0.0007347114614423055,4.154220403328698e-05,1.029388053689687e-05,-2.770518652861622e-06,2.9978732788050955e-07,0.0,0.0,0.0,0.0,8.0
-0.6165,6.961044979779353,0.010552565438647847,0.9855992723887835,0.006811735684663329,-0.0007577780811757348,3.991835477868127e-05,1.1601085090064907e-05,-2.923629846959524e-06,2.8708813960431485e-07,0.0,0.0,0.0,0.0,8.0
-0.6135,6.958064307839732,0.011342749165519141,0.9845662333848754,0.007180952894647992,-0.0007790109832540905,3.8107656867884026e-05,1.2777836217394126e-05,-3.0811084722965495e-06,2.971329762036161e-07,0.0,0.0,0.0,0.0,8.0
-0.6105,6.95491456060579,0.012176496831067812,0.9834799185487673,0.007559629383712264,-0.0007994730090519104,3.615616935174391e-05,1.3998123903294079e-05,-3.247027526508465e-06,3.0965841776431267e-07,0.0,0.0,0.0,0.0,8.0
-0.6075,6.951596786672219,0.013055142689118972,0.9823382407945874,0.007947176626214443,-0.0008185307462939509,3.409265327629312e-05,1.5165193137819087e-05,-3.42508759780998e-06,3.3726713981511886e-07,0.0,0.0,0.0,0.0,8.0
-0.6045,6.948083975204977,0.013979848426429499,0.9811428606179843,0.008343546878241266,-0.0008383798955389222,3.186333646902989e-05,1.6635814235036544e-05,-3.6155817479743468e-06,3.3763106665040805e-07,0.0,0.0,0.0,0.0,8.0
-0.6015,6.944393431524361,0.014951789806529819,0.9798894883833578,0.00874871052791245,-0.0008566636473312138,2.9421017193551214e-05,1.805467436054233e-05,-3.817383484987093e-06,3.5423109278259487e-07,0.0,0.0,0.0,0.0,8.0
-0.5985,6.940513188670914,0.015972356562159302,0.9785776958751277,0.009162106277440121,-0.0008739289227395279,2.6739191169352523e-05,1.954003598897638e-05,-4.029396456928184e-06,3.722364760401846e-07,0.0,0.0,0.0,0.0,8.0
-0.5955,6.936436746279887,0.017042926194290035,0.9772062550179971,0.009583377699905178,-0.0008900399888635312,2.3723319129375473e-05,2.1120229934151927e-05,-4.240654262196763e-06,3.8513193294713385e-07,0.0,0.0,0.0,0.0,8.0
-0.5925,6.93216744402112,0.018165067714477345,0.9757724964502584,0.010011810708410267,-0.000903675939768259,2.0261873817434204e-05,2.2655452990656686e-05,-4.430010832837603e-06,4.022751080093194e-07,0.0,0.0,0.0,0.0,8.0
-0.5895,6.92766853707188,0.019340283187033187,0.9742788479390438,0.010447350841665936,-0.0009173588008097321,1.6093432339207874e-05,2.4627724435642855e-05,-4.560020784411111e-06,3.538138807004047e-07,0.0,0.0,0.0,0.0,8.0
-0.5865,6.922958535108565,0.020570274619698983,0.9727198772220932,0.010890438931357186,-0.0009279655567662,1.0940691235114622e-05,2.6639200271473928e-05,-4.591249756214079e-06,2.7583851606763095e-07,0.0,0.0,0.0,0.0,8.0
-0.5835,6.918027589931143,0.021857535392221798,0.97109288324867,0.01134153906130502,-0.0009351032705360003,4.528922359186974e-06,2.8755318687796206e-05,-4.504333363223128e-06,1.5670208164387228e-07,0.0,0.0,0.0,0.0,8.0
-0.5805,6.912857605174433,0.02320552143523277,0.9693944553127234,0.011801877440252309,-0.0009382734228452106,-3.78210792800614e-06,3.1183122665994356e-05,-4.274385621055317e-06,-2.8260643819979955e-08,0.0,0.0,0.0,0.0,8.0
-0.5775,6.907429441414815,0.024619129320863815,0.9676195758910585,0.012269818415963307,-0.000934005831965371,-1.5291339411459905e-05,3.400482592575868e-05,-3.8003080590450634e-06,-3.142180951182991e-07,0.0,0.0,0.0,0.0,8.0
-0.5745,6.901701538783485,0.026103639041325545,0.9657687590754465,0.012731200441585447,-0.000916189557395466,-3.097817536863678e-05,3.700024884080517e-05,-2.910846150116726e-06,-7.449116444544839e-07,0.0,0.0,0.0,0.0,8.0
-0.5715,6.895644651627163,0.027660222864555113,0.9638554472723381,0.013145387170229665,-0.0008760738902420779,-4.7361476290149535e-05,3.830119195824839e-05,-1.7035813003023258e-06,-1.134369916111924e-06,0.0,0.0,0.0,0.0,8.0
-0.5685,6.889248931398356,0.0292769800343847,0.9619194346943476,0.013451600978003185,-0.0008154119471820658,-5.30921260296367e-05,3.49092551502042e-05,-9.80179262248492e-07,-9.821128877209177e-07,0.0,0.0,0.0,0.0,8.0
-0.5655,6.882650158552252,0.030916226441763662,0.9600090952856797,0.013642440944116927,-0.0007585966356625479,-3.893411882507224e-05,2.6624643292983896e-05,-1.6293959265272662e-06,-4.961015452046075e-09,0.0,0.0,0.0,0.0,8.0
-0.5625,6.876934874866944,0.03254548726666868,0.9580090783443697,0.013594099293015508,-0.0007660970220020706,4.921943241208596e-06,2.5485620063148712e-05,-4.0490270933837614e-06,4.3125009968150475e-07,0.0,0.0,0.0,0.0,8.0
-0.5595,6.874371346069809,0.03318026818480758,0.9569894720398405,0.014280202201604376,-0.0009782359006733693,-1.3759981863672061e-05,3.83473391578446e-05,-3.3180265005748074e-06,-2.497850616181444e-07,0.0,0.0,0.0,0.0,8.0
-0.5565,6.864095482430291,0.035629703010713526,0.9542659972957098,0.01474998394104437,-0.0008266596363369961,-1.1886675631750853e-05,2.425889700968218e-05,-3.944993793933188e-06,1.3422797320233627e-06,2.595904543438217e-11,-1.255271683893887e-07,0.0,0.0,10.0
-0.5535,6.857652074890653,0.03734170063772778,0.9521818134781047,0.01516094708208723,-0.0008893430312688847,5.300591827408684e-06,3.141997522120999e-05,-6.872874196154001e-06,1.1651812568083738e-06,1.9749063279234254e-07,-1.4560831750854649e-07,0.0,0.0,10.0
-0.5505,6.851068841471777,0.03910174317009048,0.9499665681937767,0.015734504088235183,-0.0009534022192913572,-3.554210709007419e-06,4.398808081329656e-05,-7.778326384664115e-06,2.3397241016404006e-07,3.0096583283388763e-07,-9.496054494714181e-08,0.0,0.0,10.0
-0.5475,6.844620034661428,0.04098862229483093,0.9475237175101249,0.01633095361392653,-0.000929283849883192,-3.073064639881656e-05,5.024891555784574e-05,-6.2996412594813905e-06,-5.126573176905392e-07,2.6293414374339103e-07,-3.579507636352512e-08,0.0,0.0,10.0
-0.5445,6.836466333930297,0.04302833212504333,0.9450651974520227,0.016784788354664588,-0.000896485099501186,-5.143143231354111e-05,5.4460505607109874e-05,-4.475542348336696e-06,-1.2143134809292667e-06,1.7702101829936182e-07,3.6893663150167726e-08,0.0,0.0,10.0
-0.5415,6.827288793509801,0.0451578113501397,0.9426139341280292,0.017118806081352647,-0.0008690088341321526,-5.272617001536301e-05,5.355192932950424e-05,-4.230788349006029e-06,-1.0146319257826738e-06,1.609466577324676e-07,2.089304626959277e-08,0.0,0.0,10.0
-0.5385,6.818836215778052,0.047284626067005064,0.9400446054493842,0.017580245742676325,-0.000835663052859462,-6.855291336039202e-05,5.404159194058513e-05,-3.107318305526268e-06,-9.505867162078456e-07,1.1632563393297262e-07,1.6593128311156484e-08,0.0,0.0,10.0
-0.5355,6.809933139966472,0.0495199195401619,0.9374432543738861,0.017857886469555485,-0.000752469826882401,-7.48004096115832e-05,4.950811457425595e-05,-2.5536834814563935e-06,-4.697839645737785e-07,1.0941650916205744e-07,-2.403772542528961e-08,0.0,0.0,10.0
-0.5325,6.802528144625649,0.051651825802488005,0.934996597298969,0.017667653670713525,-0.0006973871304024694,-1.3696221014196967e-05,4.06003793298695e-05,-6.8896693074060795e-06,6.920363523022149e-07,3.1015554075339074e-07,-1.2798553597472028e-07,0.0,0.0,10.0
-0.5295,6.796499990969266,0.05318260762430658,0.9328035434559809,0.018709783611959827,-0.0009397659730011827,-6.591540222245896e-05,6.565017999853757e-05,-4.331321407843668e-06,-1.082835209993355e-06,2.290111951086026e-07,-7.85187024585953e-09,0.0,0.0,10.0
-0.5265,6.7844793390651565,0.056041833889728686,0.9297340499857998,0.01904361627115269,-0.0007828532879116425,-6.383322610061903e-05,5.5499862625153395e-05,-4.816018996882348e-06,-3.479395514637081e-07,3.1660873907133003e-07,-8.822661936005419e-08,0.0,0.0,10.0
-0.5235,6.775123633726195,0.0584692477778111,0.9268562769465193,0.019523752116723962,-0.000765437504465686,-7.992665456460489e-05,6.428353694905204e-05,-3.977569096224763e-06,-1.2625645185573346e-06,3.2660252406293314e-07,-4.193368297552279e-08,0.0,0.0,10.0
-0.5205,6.764948653747153,0.061026146930860246,0.9238904912935927,0.01980740599823517,-0.0006508908273310793,-0.00010446083640669205,6.273998578060966e-05,-1.2010557379193735e-06,-1.4998286959079567e-06,1.6067683538864115e-07,-2.796459491970432e-08,0.0,0.0,10.0
-0.5175,6.756098800847733,0.0634858923200697,0.9211288179966239,0.019436836587147486,-0.0005243978428620283,-4.4463201417776634e-05,4.759194412684293e-05,-4.49815829404832e-06,-1.269370110801472e-07,2.4929929061645285e-07,-1.3524086464568342e-07,0.0,0.0,10.0
-0.5145,6.749394117830854,0.06515470441323197,0.9187749441432258,0.02039378810335604,-0.0007581523529787919,-9.815638160506402e-05,7.097798910566628e-05,-1.7229392314533784e-06,-1.6232388559746488e-06,1.1409750392617059e-07,-1.7953705735063985e-08,0.0,0.0,10.0
-0.5115,6.735948505160138,0.06829612949256415,0.9155418794327009,0.02042552000967188,-0.0005654285392649135,-6.845991854393335e-05,5.3566720729866096e-05,-3.8245331086979575e-06,-6.119662019465343e-08,1.7842424821938615e-07,-1.2381192307561911e-07,0.0,0.0,10.0
-0.5085,6.726056194018371,0.07079844385527781,0.9126695195218381,0.020655125799912785,-0.0005933255910898383,-4.403471935984542e-05,5.785923621560138e-05,-6.378763092388904e-06,-1.719368605724261e-08,3.034656865677091e-07,-1.3777915099701696e-07,0.0,0.0,10.0
-0.5055,6.716256918509902,0.07329691357473671,0.9096923689867467,0.021070212748449873,-0.0006504616256782776,-4.756000564560592e-05,6.761259074382188e-05,-7.046138388560566e-06,-3.996176369093521e-07,3.841317889343782e-07,-1.179318326707533e-07,0.0,0.0,10.0
-0.5025,6.707174913071664,0.07592682944179166,0.9064456470324311,0.021571852306968845,-0.0006173920724248433,-7.900590060633058e-05,7.466326034255266e-05,-4.460451350893696e-06,-1.2755567461872177e-06,3.05184853121567e-07,-2.1814273638402492e-08,0.0,0.0,10.0
-0.49950000000000006,6.695843279419294,0.0787644454078144,0.9031744656837567,0.021895969104706557,-0.0005426373713595378,-0.00010696741747945264,7.649648093612307e-05,-6.389152489483819e-07,-2.0649334200380814e-06,1.2159773009416876e-07,8.633651070094431e-08,0.0,0.0,10.0
-0.49649999999999994,6.68252836476307,0.08176271283180217,0.9000087192259982,0.02187449477670021,-0.00046498721900458594,-7.9770971513783e-05,6.487154576787808e-05,-1.7066756807165661e-06,-6.597234310616123e-07,1.7242332821456192e-07,-3.600449651462818e-08,0.0,0.0,10.0
-0.49350000000000005,6.670828497602603,0.08461754458591672,0.8968072022480775,0.022124172593837612,-0.0004538995879557317,-7.176955920244154e-05,6.363424922004572e-05,-2.6437930877875077e-06,-1.1549575291813995e-07,2.6924167053751246e-07,-1.0950079671627258e-07,0.0,0.0,10.0
-0.49049999999999994,6.658990406977641,0.08756543444152748,0.8935154014075117,0.02239583555358352,-0.00042914345111402265,-7.244480032937967e-05,6.51811939452853e-05,-3.299311995387798e-06,-6.734157605184204e-08,3.922554110678214e-07,-1.468844489404454e-07,0.0,0.0,10.0
-0.48750000000000004,6.648642497088979,0.0906129194063423,0.8899995992793217,0.022123651842003423,-0.0004248006117198899,-3.12093337830338e-05,7.294882791545191e-05,-5.860275564644538e-06,-9.299562588783792e-07,5.800189373552614e-07,-1.051089347071181e-07,0.0,0.0,10.0
-0.48449999999999993,6.64437339291077,0.09169807036378753,0.8883323970491608,0.023045702125706342,-0.0007190279760773508,-7.376876048688816e-05,9.41655571513173e-05,-4.434081589661085e-06,-2.313224035534637e-06,5.504999424343844e-07,-6.038138893759109e-08,0.0,0.0,10.0
-0.48150000000000004,6.624993788064396,0.09622019778951854,0.8836079498635792,0.02351166032513155,-0.00039328712899128996,-0.00010232399640114267,7.571177259428731e-05,-2.0138532981771405e-06,-8.745890090771184e-07,0.0,0.0,0.0,0.0,8.0
-0.4784999999999999,6.612279994503997,0.09944213936264466,0.8799946236562153,0.023750319649855956,-0.00033973657828033674,-0.00011454028266341927,8.12696823678422e-05,-5.623334092837593e-07,-1.6024250878186245e-06,0.0,0.0,0.0,0.0,8.0
-0.47550000000000003,6.598563120735539,0.10282833082641551,0.8763343335604448,0.023749853172234332,-0.00020426341274001292,-0.00011896910499713198,7.57053415499506e-05,9.801826275029226e-07,-1.3591370245073896e-06,0.0,0.0,0.0,0.0,8.0
-0.4724999999999999,6.585936612341386,0.10624217340387795,0.8726839934226698,0.022968720526106223,-0.00011611197205560741,-4.5613868148174326e-05,6.640911518376452e-05,-2.076051652094726e-06,-3.3635131987285616e-07,0.0,0.0,0.0,0.0,8.0
-0.46950000000000003,6.581780546717775,0.10729553210398146,0.8710536373153561,0.02379101066213603,-0.00042491265538199656,-8.25270098953692e-05,8.701481671522487e-05,-1.3340228665799613e-06,-1.6482844536752456e-06,0.0,0.0,0.0,0.0,8.0
-0.4664999999999999,6.562554812674977,0.11184844497059505,0.8664144369434678,0.024024694490152182,-0.00017874516948240634,-7.489243401335179e-05,7.342560034984012e-05,-3.1764267140844775e-06,-3.649944769291879e-07,2.781667563414936e-07,-1.605461376373989e-07,0.0,0.0,10.0
-0.4635,6.549957170071877,0.11505156742320909,0.8628872626409462,0.024133029758039992,-0.00019808745384302965,-6.581103962417337e-05,8.196184945990035e-05,-4.0824827129590855e-06,-1.023227165520695e-06,3.4180038136772496e-07,-1.0311228963386214e-07,0.0,0.0,10.0
-0.4604999999999999,6.537260880342586,0.1182689826737308,0.8592565177796093,0.024351317541663343,-0.00018913273093459297,-8.754706142234816e-05,8.978401703272489e-05,-1.5074849868587382e-06,-1.975966355234292e-06,2.3258913906070399e-07,3.0715261878195972e-09,0.0,0.0,10.0
-0.4575,6.525004057683113,0.12157979863580277,0.855476546426591,0.024489917708697722,-8.706347360022234e-05,-0.00010930562255513499,8.589451314913724e-05,1.9630161354782618e-06,-2.054460063323593e-06,6.997373118099264e-08,5.724023159826911e-08,0.0,0.0,10.0
-0.4544999999999999,6.511196029530633,0.1250074664593119,0.851822326477227,0.024364633567694922,-7.766748119175231e-06,-9.167448455085828e-05,7.758870472430314e-05,1.970889673713462e-06,-1.2944188350612168e-06,7.003120887489734e-08,2.4597398940713927e-08,0.0,0.0,10.0
-0.4515,6.496225755238917,0.12841801909029724,0.8483526951549168,0.02416856191336619,-1.4589091746362747e-05,-4.79790435327382e-05,7.268339247903452e-05,-1.3119185053272836e-06,-1.756636229340386e-07,2.409183151896702e-07,-7.499137595812089e-08,0.0,0.0,10.0
-0.4484999999999999,6.482679739423521,0.1316747471845414,0.8448223503825466,0.02428239729205958,-6.049821849521644e-05,-3.376201925118203e-05,7.594118455833179e-05,-2.9975053480986154e-06,1.8192730843795163e-07,3.5491010206848404e-07,-1.2308278310420774e-07,0.0,0.0,10.0
-0.4455,6.469539638866564,0.13495912617510308,0.8411669341183786,0.0245532614780632,-0.00010332550923739493,-4.389028608828742e-05,8.435428360014228e-05,-2.7100935304951375e-06,-2.637950635610274e-07,3.798655858785616e-07,-9.812137176885418e-08,0.0,0.0,10.0
-0.4424999999999999,6.456969115583197,0.1383696593245884,0.8373078071061182,0.024816999531659143,-6.974515379607995e-05,-6.338283131698316e-05,8.770726966704226e-05,-1.112941281824413e-06,-5.969033029836887e-07,3.3526689030375396e-07,-6.705152926408488e-08,0.0,0.0,10.0
-0.4395,6.442870512597967,0.14196352103252557,0.8334593656859368,0.02486270475012606,-1.7225460187299798e-05,-6.2454539293463e-05,8.643501305129905e-05,-8.964315782619256e-07,-4.534306373613279e-07,3.4459589644516133e-07,-7.513295694365267e-08,0.0,0.0,10.0
-0.4365000000000001,6.427218729598846,0.14561649621132866,0.8297225716020834,0.0248198024741663,-3.577893076869345e-06,-5.180196268734058e-05,8.70013802236753e-05,-1.510828455479886e-06,-3.5670415258808247e-07,3.8585958384754277e-07,-8.496003250410297e-08,0.0,0.0,10.0
-0.4335,6.4126463315657976,0.14918330897727852,0.8258687991501714,0.025037449454452066,5.906780257518526e-06,-7.291895119707779e-05,9.250555965811524e-05,6.079457820513709e-07,-1.0304961119810834e-06,2.9660655944884516e-07,-2.089281533789132e-08,0.0,0.0,10.0
-0.4305000000000001,6.397138881778171,0.15301219525899976,0.8217565694071,0.02528249208391681,6.804712094279482e-05,-0.0001014965733474314,9.546427367118659e-05,3.4693206379290386e-06,-1.6181768749493232e-06,1.7833186544713424e-07,3.898470558993736e-08,0.0,0.0,10.0
-0.4275,6.3796517038249805,0.15753611369014323,0.8172283411028268,0.02445102464162809,0.0002873828451707279,-5.5144345962875324e-05,7.90642964855463e-05,2.43168722960511e-06,-4.920522855818677e-07,2.1550322140990286e-07,-4.197760935950837e-08,0.0,0.0,10.0
-0.4245000000000001,6.374990816856891,0.15873087340498634,0.8155281883423345,0.025061271973512253,2.1527650393389687e-05,-8.491375048335019e-05,9.380329464392668e-05,3.180479094913232e-06,-1.3358147734980678e-06,1.9213391880777356e-07,-1.6616693062265872e-08,0.0,0.0,10.0
-0.4215,6.353665453935284,0.16384149455862554,0.8106047066429574,0.02485560157687247,0.0002343112127039283,-5.7117033028301125e-05,8.157235540788098e-05,2.3065232131318573e-06,-4.1627590629297524e-07,0.0,0.0,0.0,0.0,8.0
-0.4185000000000001,6.338717705717113,0.1675188730073149,0.806768751870976,0.0247926151037982,0.00020806714887332427,-5.170838993043466e-05,8.710784865827825e-05,2.1537981091508594e-06,-9.076886064590604e-07,0.0,0.0,0.0,0.0,8.0
-0.4155,6.323313236120425,0.17126582306140772,0.8028680740176776,0.024783148449253795,0.00023980742060547764,-5.6471716393964816e-05,8.71172771519371e-05,2.4729253302817734e-06,-9.179461211695557e-07,0.0,0.0,0.0,0.0,8.0
-0.4125000000000001,6.308341335399412,0.17503910146767251,0.7990619590599878,0.024351393760331824,0.00031244202519202865,-1.7584980996638367e-05,7.707190337193197e-05,5.689970655654853e-07,1.8667623614253384e-07,0.0,0.0,0.0,0.0,8.0
-0.4095,6.296584423206131,0.1780045638457618,0.795628542219884,0.024789748246794533,0.00015521319018080344,-4.064095981060931e-05,9.061294041764272e-05,1.0700181963931646e-06,-6.284136481232889e-07,0.0,0.0,0.0,0.0,8.0
-0.4065000000000001,6.278926454007689,0.18221152109600047,0.7915065173509939,0.02464685519866505,0.0002490704685588454,-2.383334440076114e-05,8.271031009061195e-05,3.631265049566637e-07,5.3395876578563615e-08,0.0,0.0,0.0,0.0,8.0
-0.40349999999999997,6.263691077981644,0.18600334321890596,0.7875384313316246,0.024761864504882172,0.0002168751078698938,-2.9662367380171882e-05,9.01850890574261e-05,9.571206020620457e-07,-7.078727079944451e-07,0.0,0.0,0.0,0.0,8.0
-0.4005000000000001,6.247177239143927,0.19007475446090655,0.7832807816553914,0.02496099490134828,0.0002479544345675433,-5.427927412514323e-05,9.398428416366288e-05,2.7683251608069658e-06,-1.247687280643686e-06,0.0,0.0,0.0,0.0,8.0
-0.39749999999999996,6.228952208598037,0.19476302574948537,0.7786716326951,0.02412464046788368,0.00041830628968220256,-1.68296447778744e-05,7.985415399725791e-05,2.3469481039801196e-06,-2.4407825084668996e-07,0.0,0.0,0.0,0.0,8.0
-0.3945000000000001,6.224390736253548,0.195946515526919,0.7769503871575257,0.024774002546464127,0.00014041252482595396,-5.3455165610115955e-05,9.57711666295007e-05,3.4405426244275055e-06,-1.3253096140588918e-06,0.0,0.0,0.0,0.0,8.0
-0.39149999999999996,6.200918516132753,0.2015432802637137,0.771649585150891,0.02469717645344902,0.00038129532734590264,-5.0633828221824044e-05,8.560499740646714e-05,3.817170938509232e-06,-9.664716768919102e-07,1.6760283176973078e-07,-3.846514684730895e-08,0.0,0.0,10.0
-0.38850000000000007,6.184445176502813,0.20555334274306652,0.7676444009171433,0.024469564994215046,0.0004039899068331921,-4.875754518999446e-05,8.636449964013702e-05,4.860059627507312e-06,-1.2452987238068722e-06,2.036783305509361e-07,2.4834706850010393e-09,0.0,0.0,10.0
-0.38549999999999995,6.167514470528046,0.20955508013914148,0.7637484491857054,0.024148905393959856,0.0004405745314248932,-2.707003934957795e-05,7.909725274464473e-05,4.068876266541611e-06,-4.569266746865247e-07,3.228849246567307e-07,-5.6099767476365825e-08,0.0,0.0,10.0
-0.38250000000000006,6.153058735255746,0.21355438366287857,0.7596744623485432,0.02335475225211251,0.0003753244954854949,3.6964025311110054e-05,8.159502970760795e-05,3.9990210315993055e-07,-2.1973837395332807e-07,5.404165547032749e-07,-1.0788880189281615e-07,0.0,0.0,10.0
-0.37949999999999995,6.148369145491802,0.21478414588909364,0.7578474438330712,0.024100044225861556,7.845182638017578e-05,-4.931645022532673e-06,9.984052748883014e-05,1.7004999171803309e-06,-1.3275893965688755e-06,5.147762775173736e-07,-8.307929964467484e-08,0.0,0.0,10.0
-0.37650000000000006,6.1216882056272794,0.22088338996180157,0.7520927213394549,0.024317197963858662,0.00041281900061514593,-3.9852067155200296e-05,8.160407452078531e-05,4.737278469811719e-06,-2.5844429948322796e-07,0.0,0.0,0.0,0.0,8.0
-0.37349999999999994,6.105020739050892,0.22500137200341513,0.7480618867291452,0.024145844262009095,0.0004467348355375929,-4.1075454618494694e-05,8.311643642537123e-05,5.5833905366718345e-06,-6.948234455542359e-07,0.0,0.0,0.0,0.0,8.0
-0.37050000000000005,6.0880453621400274,0.2291371424167837,0.7441211291070944,0.02379853341071942,0.0004965977347146511,-2.070139637845293e-05,7.747549964959164e-05,5.132372903755359e-06,-2.8717142771369745e-07,0.0,0.0,0.0,0.0,8.0
-0.36749999999999994,6.07350672267895,0.23321694550680336,0.7400292810431693,0.02298603832798122,0.00043584628489931815,3.2526718764247136e-05,8.172858509929115e-05,3.0671207693337074e-06,-6.066451406811221e-07,0.0,0.0,0.0,0.0,8.0
-0.36450000000000005,6.068969004227658,0.23442243226022397,0.7382472306069204,0.02367003517553922,0.00014447650398027493,-5.6328754084712015e-06,9.938249202838053e-05,3.938272433883445e-06,-1.832977316381716e-06,0.0,0.0,0.0,0.0,8.0
-0.36149999999999993,6.041816834322669,0.24059015978394147,0.7325491043572319,0.023809784685896576,0.0004362996880589838,-2.6635479418938435e-05,8.398157388862469e-05,4.921260292996577e-06,-9.160890012874596e-07,2.3216859521689354e-07,-1.2220321116295688e-07,0.0,0.0,10.0
-0.35850000000000004,6.025451929263925,0.24467268690273675,0.7285382892061577,0.023698969669890536,0.0004415278611719437,-2.7809323892455544e-05,8.655247658025153e-05,5.094518181035464e-06,-1.3377485727417276e-06,2.963722068999452e-07,-8.866614269503013e-08,0.0,0.0,10.0
-0.3554999999999999,6.008858204096591,0.2487901122729691,0.7245260735957734,0.023551981907379345,0.00045878832964663406,-2.6905602168618135e-05,8.721253997305481e-05,5.158165009342959e-06,-1.5702689383673584e-06,3.633695683629684e-07,-7.23794373625975e-08,0.0,0.0,10.0
-0.35250000000000004,5.992196548615895,0.25292626936003504,0.7204997264332924,0.023366981921712635,0.0004968755939766503,-2.3680425303017366e-05,8.462486549297683e-05,5.154116168654079e-06,-1.4613435560495818e-06,4.3086550781079084e-07,-8.485606970217541e-08,0.0,0.0,10.0
-0.3494999999999999,5.975488333603044,0.2570622830981899,0.7164869670264856,0.023156257565673324,0.0005378944110230008,-1.9962223228843582e-05,8.117589423172036e-05,5.194831885765718e-06,-1.2417549409839147e-06,4.957499572182031e-07,-1.0796532972277054e-07,0.0,0.0,10.0
-0.34650000000000003,5.958545634786038,0.26117938402400287,0.7125369698137503,0.022947739594896745,0.0005545939582982289,-1.8939107189927124e-05,8.049421275546115e-05,5.428820140907451e-06,-1.270695046269522e-06,5.546140054870645e-07,-1.1421484703884986e-07,0.0,0.0,10.0
-0.3434999999999999,5.941532252555521,0.2652794524176615,0.7086334786148178,0.022745341171078272,0.0005580699985678566,-1.980500032022692e-05,8.128297150487946e-05,5.771116090337078e-06,-1.4384074253555476e-06,6.121788302897924e-07,-1.1127284802292833e-07,0.0,0.0,10.0
-0.3405,5.924499791478802,0.26937436808324833,0.70476207186583,0.02253117414609258,0.0005620452969286097,-1.9284554168495913e-05,8.148233763488712e-05,5.974903764577354e-06,-1.5384637541703142e-06,6.77487469700081e-07,-1.1527803829957282e-07,0.0,0.0,10.0
-0.3374999999999999,5.910188371768463,0.27359287828595963,0.7005826497370726,0.021749758799074738,0.0005344064910603693,1.8110688778544977e-05,8.391732237549138e-05,4.430087966628488e-06,-1.727424426883575e-06,7.937942490833485e-07,-1.218170237207798e-07,0.0,0.0,10.0
-0.3345,5.905645052181365,0.2748108925468564,0.6988617192451089,0.02229438776461392,0.00028450122771638784,-1.550920335064869e-05,9.722096472366672e-05,5.370650984375785e-06,-2.5213180526579106e-06,7.819423481432758e-07,-1.0235817022639092e-07,0.0,0.0,10.0
-0.3314999999999999,5.874672635279848,0.28154612730270423,0.6931716682681394,0.02195008124822762,0.000671174044824255,-9.790605412775587e-06,6.617928820167144e-05,6.211680480553968e-06,-2.593418713958891e-07,0.0,0.0,0.0,0.0,8.0
-0.3285,5.857478568912936,0.2856023226638336,0.6894421707117162,0.021671854418743797,0.000660181656596819,-1.627042235059018e-06,6.580917586512077e-05,6.128271403538365e-06,-2.523387588949466e-07,0.0,0.0,0.0,0.0,8.0
-0.3254999999999999,5.84078390804979,0.289600190892784,0.6857137438911624,0.02146398753590775,0.0006463772274544929,-4.636455430063811e-09,6.665286232983816e-05,6.3572634191041415e-06,-3.949089883669249e-07,0.0,0.0,0.0,0.0,8.0
-0.3225,5.826879911339414,0.2936815654750657,0.681683095156309,0.020799506105949384,0.0005770324176267207,2.4951897116391115e-05,7.454825835736068e-05,5.76476720082032e-06,-1.1957695041614156e-06,0.0,0.0,0.0,0.0,8.0
-0.3194999999999999,5.822623370728282,0.2948400451589121,0.6800327257299881,0.021322330762784468,0.00033150570192854985,-6.583131284443982e-06,8.814157494841506e-05,6.4274586629822195e-06,-2.150020570271067e-06,0.0,0.0,0.0,0.0,8.0
-0.3165,5.792277363370965,0.30146264379472776,0.6744767272405899,0.02108696208575395,0.0006378005073555409,-2.7276838787629166e-06,6.789501282343391e-05,5.916135193423945e-06,-8.033681135014131e-07,2.5731064471331543e-07,-1.4648414279655853e-07,0.0,0.0,10.0
-0.3134999999999999,5.775601778192761,0.3055013758130132,0.6707634256487056,0.02084320713442026,0.000630985942862254,3.393413159891886e-06,6.816197137739074e-05,5.550960369732262e-06,-8.793278601625756e-07,3.3053673437224086e-07,-1.4688858869527964e-07,0.0,0.0,10.0
-0.3105,5.7590268752382885,0.3095331204574987,0.667064626286161,0.020601186764553844,0.0006272430643649665,9.334284400218691e-06,6.783425121440807e-05,5.150617462882858e-06,-8.935155778993474e-07,4.0706437892318247e-07,-1.5421312168662364e-07,0.0,0.0,10.0
-0.3075000000000001,5.745232133925105,0.3137004949036435,0.6630672527451564,0.019841381350233864,0.0005836011155441814,4.503971546814601e-05,7.088765783733856e-05,3.4289296998824272e-06,-1.1271449603745387e-06,5.21064749888731e-07,-1.5325816859341615e-07,0.0,0.0,10.0
-0.3045,5.741197153349452,0.31483247166414263,0.6614762040877968,0.02031209785362923,0.0003527233383062406,1.652265199322874e-05,8.256424962831824e-05,4.072392174595426e-06,-1.8110677446618101e-06,5.175658389717753e-07,-1.3616905835039922e-07,0.0,0.0,10.0
-0.3015000000000001,5.711032565411199,0.32150762668275096,0.6559406433597292,0.020051383101627563,0.0006838934583861043,1.5062887303318587e-05,5.825731024932113e-05,5.010487347415878e-06,-1.8455254318667974e-07,0.0,0.0,0.0,0.0,8.0
-0.2985,5.694513409950978,0.32550263306082045,0.6523381648417603,0.01982703269548571,0.0006607314992475768,1.5009078916323371e-05,6.015289540827547e-05,5.275312906082879e-06,-4.225270420117773e-07,0.0,0.0,0.0,0.0,8.0
-0.2955000000000001,5.6781070549128465,0.32948044692058825,0.6487437768850837,0.019622695959207716,0.0006429854693561327,1.2892382221272463e-05,6.156089824194175e-05,5.627000342259533e-06,-6.354339449354218e-07,0.0,0.0,0.0,0.0,8.0
-0.2925,5.664316938835612,0.3335693666174836,0.6448575925450835,0.018957931617012303,0.0005869603731855594,3.393166401398789e-05,6.660068969603195e-05,5.155039617672789e-06,-1.1576207459117305e-06,0.0,0.0,0.0,0.0,8.0
-0.2895000000000001,5.660459548798173,0.33465413664816773,0.6433354017412861,0.01939734629940083,0.0003660691337921172,6.825671562898339e-06,7.78873476806604e-05,5.66055852204388e-06,-1.9231342027966832e-06,0.0,0.0,0.0,0.0,8.0
-0.2865,5.62940446038857,0.3413368356956567,0.6379922638434147,0.019090277631723662,0.000643364295102987,1.478101229231668e-05,5.8983765203647436e-05,4.880110760921192e-06,-6.766577776575431e-07,2.2321361390457878e-07,-1.2553810131988775e-07,0.0,0.0,10.0
-0.2835000000000001,5.61268256057999,0.34529834765010836,0.6344972175911667,0.018855894053328225,0.0006206413716784427,1.7004501655500813e-05,6.029668435836358e-05,4.68645265237399e-06,-8.279642026721943e-07,2.79744710182344e-07,-1.20921198059318e-07,0.0,0.0,10.0
-0.28049999999999997,5.5961632221854005,0.3492411204367425,0.6310059095672689,0.018631319425402502,0.0006067641849807328,1.871942059597035e-05,6.063643002882649e-05,4.490980128175898e-06,-8.943243149366279e-07,3.3841173356540885e-07,-1.2376543861849461e-07,0.0,0.0,10.0
-0.2775000000000001,5.582325715364625,0.3532989358663907,0.6272238401116935,0.01794614133302805,0.0005620163024336026,4.47855027212508e-05,6.315687373007187e-05,3.2930889490276776e-06,-1.0738783802924918e-06,4.234235844859996e-07,-1.2473541537573326e-07,0.0,0.0,10.0
-0.27449999999999997,5.578700897697905,0.35433267093395115,0.6257708487179094,0.018346929517034687,0.00035639387805671505,2.0084515096889024e-05,7.293125322320178e-05,3.8125185718711273e-06,-1.6262294851660849e-06,4.207331341716899e-07,-1.1241259070897674e-07,0.0,0.0,10.0
-0.2715000000000001,5.548928490573512,0.360913714021003,0.6204434263425742,0.0181085628055064,0.0006611689276507135,1.6152240873716152e-05,5.148009157136613e-05,4.699207301120001e-06,-2.627170613714041e-07,0.0,0.0,0.0,0.0,8.0
-0.26849999999999996,5.532859600905007,0.3648031929738842,0.6170148511672254,0.01787668907599825,0.0006513337207304595,1.551242678512007e-05,5.182920374483539e-05,4.94146072860087e-06,-3.6045979751415725e-07,0.0,0.0,0.0,0.0,8.0
-0.26550000000000007,5.516935586813216,0.36867086955270956,0.6136047518237003,0.01765448768607504,0.0006441394593952844,1.3681586867837533e-05,5.205982078488414e-05,5.229145214516677e-06,-4.622058354722949e-07,0.0,0.0,0.0,0.0,8.0
-0.26249999999999996,5.503689564792706,0.3726422028932942,0.6099224102852792,0.017005527929678962,0.0005998798393644977,3.184099214478958e-05,5.564478387500766e-05,4.833844897923385e-06,-8.366788319393092e-07,0.0,0.0,0.0,0.0,8.0
-0.25950000000000006,5.500323615061372,0.3736232207037329,0.6085453912345269,0.017361124266363888,0.00040532633522251084,9.284196890516453e-06,6.50868591275015e-05,5.2112794089784825e-06,-1.4540081576231778e-06,0.0,0.0,0.0,0.0,8.0
-0.25649999999999995,5.469918363105411,0.38017833723866207,0.6034758551787377,0.017019186190901862,0.0006577747984171551,1.809392092516228e-05,4.841148900691733e-05,4.411269410720666e-06,-3.960622964006495e-07,1.8157927811929397e-07,-1.000272575532817e-07,0.0,0.0,10.0
-0.25350000000000006,5.4537891734883805,0.38400785704534596,0.6002192172818095,0.01675075689981076,0.0006376867285121181,2.0865495330396045e-05,4.9388713538707485e-05,4.170349086948884e-06,-5.105072219554987e-07,2.2814316368182792e-07,-9.735130644635893e-08,0.0,0.0,10.0
-0.25049999999999994,5.437792197076925,0.38781147779662656,0.5969901545884941,0.01648957273890806,0.0006219897566752507,2.3001168075482974e-05,4.986229151587639e-05,3.9189274938388925e-06,-5.787354581198261e-07,2.7671928485822093e-07,-9.918508817181008e-08,0.0,0.0,10.0
-0.24750000000000005,5.4241169454681515,0.39171563119288394,0.5935400964295988,0.015819125628058418,0.0005674988808168406,4.4021708654282524e-05,5.3099165816907935e-05,2.9179677241419548e-06,-8.013673948177229e-07,3.4337505885076134e-07,-9.632203896691962e-08,0.0,0.0,10.0
-0.24449999999999994,5.421006185900588,0.3926334645757028,0.5922629899667341,0.01613135084740113,0.00039014537357286356,2.264409936323658e-05,6.123141691829208e-05,3.3284193417940688e-06,-1.2518905146111846e-06,3.409652499950468e-07,-8.68983941737352e-08,0.0,0.0,10.0
-0.24150000000000005,5.392257465108959,0.3989523467800692,0.5873617793738939,0.01583336216144728,0.0006641469802952162,1.7803753166986107e-05,4.315250209042313e-05,4.058356070545015e-06,-1.784280120751821e-07,0.0,0.0,0.0,0.0,8.0
-0.23849999999999993,5.377227579618516,0.4025536678208835,0.5843566240628127,0.01550186934000958,0.000658543428880426,2.0432383394915133e-05,4.2311307880922195e-05,4.056679021755633e-06,-1.646232026924681e-07,0.0,0.0,0.0,0.0,8.0
-0.23550000000000004,5.3630786211854575,0.4059738256529336,0.5814921208433219,0.015181769638779633,0.0006274370767530014,3.0022047834642997e-05,4.1251498470629494e-05,3.5505443033735615e-06,-1.8095557790461142e-08,0.0,0.0,0.0,0.0,8.0
-0.23249999999999993,5.351823184031331,0.409185479834152,0.5785545088351561,0.015072749905810388,0.000555891178432262,3.279181237339464e-05,4.512648160417988e-05,3.06943589709135e-06,-1.6571939877246611e-07,0.0,0.0,0.0,0.0,8.0
-0.22950000000000004,5.340867324804327,0.41238178268549547,0.5752890003262883,0.015401227856093708,0.0004800667759192607,-1.0308772621296916e-05,5.841333913729856e-05,4.6893224849207765e-06,-1.2408989099713789e-06,0.0,0.0,0.0,0.0,8.0
-0.22649999999999992,5.317956837925219,0.4171216732659924,0.5719340555084191,0.01457154792007874,0.0006501366924352758,1.8584280529930323e-05,4.022301677653815e-05,3.7288945772186744e-06,1.5785380862677756e-08,0.0,0.0,0.0,0.0,8.0
-0.22350000000000003,5.302810839307348,0.42056893999465716,0.5691670215884589,0.014237626940244472,0.0006386762866946596,2.166204361110303e-05,3.896968796346431e-05,3.510096179784827e-06,7.685604382902851e-08,0.0,0.0,0.0,0.0,8.0
-0.22049999999999992,5.288702102935493,0.42386404931384986,0.5665401076377017,0.013892029052500567,0.0006113916303187932,3.410115843563015e-05,3.710221178918225e-05,2.7548524863747395e-06,2.3785657491972428e-07,0.0,0.0,0.0,0.0,8.0
-0.21750000000000003,5.277269500039816,0.4269504020971002,0.5638771671475141,0.013730815284891002,0.0005411997520733774,4.184965964599469e-05,4.015687132064034e-05,2.0008699309229146e-06,9.188558279263944e-08,0.0,0.0,0.0,0.0,8.0
-0.2144999999999999,5.267107929770833,0.4299272646279916,0.5608606033894569,0.014068240871573113,0.0004596215519460709,1.2095213960184928e-06,5.319763311373979e-05,3.4037323254006597e-06,-9.816711300166873e-07,0.0,0.0,0.0,0.0,8.0
-0.21150000000000002,5.245495263313459,0.43446885189751555,0.5576469983281634,0.013330284868684797,0.0006287866679009415,2.5144770359447357e-05,3.5865857526914504e-05,2.571998730205298e-06,1.6013341765000993e-07,0.0,0.0,0.0,0.0,8.0
-0.2084999999999999,5.231183341208358,0.43778364910363565,0.5549610855848897,0.013091765040371356,0.0006228921518404938,2.180129874773424e-05,3.493495525913932e-05,2.5339184014970183e-06,1.9698262325228214e-07,0.0,0.0,0.0,0.0,8.0
-0.20550000000000002,5.217314363834575,0.4410662905325846,0.5523182285289535,0.012852576831158952,0.000617993128321161,1.9422646313439062e-05,3.440975167254093e-05,2.445352363719127e-06,1.9994300601288803e-07,0.0,0.0,0.0,0.0,8.0
-0.2024999999999999,5.203716548312885,0.44431292508399783,0.5497142824302326,0.012601354667422777,0.0006149023810765236,1.841369540507668e-05,3.401857599095455e-05,2.31967061655328e-06,2.04281611227968e-07,0.0,0.0,0.0,0.0,8.0
-0.1995,5.190282165723189,0.4475229708757195,0.5471498048914338,0.01233097386689658,0.0006143109551115172,1.861099818990516e-05,3.33612724989553e-05,2.16154372323032e-06,2.4519322007507054e-07,0.0,0.0,0.0,0.0,8.0
-0.1964999999999999,5.1770523896161125,0.4506830299165216,0.5446329463002947,0.0120517689938846,0.0006134188773374729,1.900590895488716e-05,3.263768106794138e-05,1.9870165477090193e-06,3.0254711749050417e-07,0.0,0.0,0.0,0.0,8.0
-0.1935,5.164125450151901,0.45377887146164736,0.5421674607930149,0.011778169217153965,0.0006103052878897167,1.8625918665806735e-05,3.2152747653367256e-05,1.8169560682605685e-06,3.4785657749664466e-07,0.0,0.0,0.0,0.0,8.0
-0.1904999999999999,5.151413158336248,0.4568218587696653,0.5397550275130919,0.011502886941139798,0.0006068373432299691,1.8170007280520225e-05,3.169191087040804e-05,1.6179448390029004e-06,3.9728011165794174e-07,0.0,0.0,0.0,0.0,8.0
-0.1875,5.138913699914945,0.4598104796630268,0.5373976323256199,0.011226729906228937,0.0006030754415579365,1.7674289226753692e-05,3.1276149450580726e-05,1.3867762666460999e-06,4.5107071227358917e-07,0.0,0.0,0.0,0.0,8.0
-0.1845000000000001,5.126629055846532,0.46274302336263723,0.5350962311290882,0.01095005366741842,0.0005991709566978776,1.7157043204443395e-05,3.090467572333236e-05,1.1204216145796866e-06,5.113184016035427e-07,0.0,0.0,0.0,0.0,8.0
-0.1815,5.114559864890031,0.4656179652983179,0.5328516053688273,0.010672817847605149,0.0005952367527645929,1.6648080290463453e-05,3.057197631681609e-05,8.140688957514531e-07,5.804153905869179e-07,0.0,0.0,0.0,0.0,8.0
-0.1785000000000001,5.1027035736773065,0.46843423658190675,0.5306647589728889,0.0103945736911795,0.0005912794363249654,1.6207523812289854e-05,3.0276727545221608e-05,4.609448478109261e-07,6.605563441948291e-07,0.0,0.0,0.0,0.0,8.0
-0.1755,5.0910539833285045,0.47119144816149516,0.5285370398864625,0.010114401528423177,0.0005872137492092364,1.5938787772374154e-05,3.0018003966956744e-05,5.222154212330893e-08,7.541286760059794e-07,0.0,0.0,0.0,0.0,8.0
-0.1725000000000001,5.079599744707784,0.4738900564965776,0.5264702390981315,0.009830805934776287,0.0005829159441156996,1.6003698703442443e-05,2.978458825567701e-05,-4.234179033518273e-07,8.645623948036259e-07,0.0,0.0,0.0,0.0,8.0
-0.16949999999999998,5.068320746887342,0.47653150637813013,0.5244667992213075,0.009541510337010483,0.0005782756430349277,1.664839290756719e-05,2.9542400459251198e-05,-9.808066445508966e-07,9.973446752338575e-07,0.0,0.0,0.0,0.0,8.0
-0.1665000000000001,5.057182465102465,0.47911843486715516,0.5225301709551304,0.009243095976024874,0.0005732208301106373,1.8244986100365633e-05,2.9223009795170407e-05,-1.6400848883061817e-06,1.161019333214019e-06,0.0,0.0,0.0,0.0,8.0
-0.16349999999999998,5.0461285802099205,0.4816550246700319,0.5206653088569199,0.00893048867926938,0.0005677071021669548,2.1347271654967107e-05,2.8714456091364034e-05,-2.4291584125263106e-06,1.368089992868477e-06,0.0,0.0,0.0,0.0,8.0
-0.1605000000000001,5.035066574934995,0.48414770353226455,0.5188796412788221,0.008596303153585626,0.0005616405023902015,2.675373747441684e-05,2.785215526472577e-05,-3.3868096580419146e-06,1.6359932881749598e-06,0.0,0.0,0.0,0.0,8.0
-0.15749999999999997,5.026333905366062,0.48667187421994795,0.5169160862937923,0.008037926120484774,0.000570213963092147,3.930958124992824e-05,2.3734889604248444e-05,-4.510290438069139e-06,2.230860388073146e-06,0.0,0.0,0.0,0.0,8.0
-0.15450000000000008,5.025084611818873,0.4871217421415347,0.5162783641510205,0.008130977946416727,0.0004884951603523969,2.692768734510779e-05,2.6372729441600165e-05,-4.506158719425109e-06,2.3559472920801236e-06,0.0,0.0,0.0,0.0,8.0
-0.15149999999999997,5.008408395249873,0.49087065580907824,0.5135065266655093,0.008024401768091561,0.0006225134926620482,-3.822499528452034e-06,2.1836779252743966e-05,-2.212245756538606e-06,2.581068210503678e-06,-3.286576042739091e-07,7.157432061230647e-08,0.0,0.0,10.0
-0.14850000000000008,4.998678820569441,0.4930877173529815,0.5119309906777816,0.0077109342867659,0.0006092347062377975,-2.3050396678218557e-06,2.2983619052781594e-05,-2.9046287894338658e-06,2.691564074946263e-06,-3.800848335501034e-07,8.094527101451549e-08,0.0,0.0,10.0
-0.14549999999999996,4.989255353279946,0.4952305497383526,0.5104132571240005,0.007408962226246452,0.0005969078356927033,-1.302683490068364e-06,2.400902745379981e-05,-3.6210574740870505e-06,2.8347311389904676e-06,-4.363235456729309e-07,9.042592245906949e-08,0.0,0.0,10.0
-0.14250000000000007,4.980123492771207,0.49730102976885243,0.5089524289100377,0.007117583659541846,0.0005851494972587023,-7.310047512809788e-07,2.496173849496175e-05,-4.36575904229139e-06,3.0083039575738008e-06,-4.979440185970452e-07,1.0032190918618184e-07,0.0,0.0,10.0
-0.13949999999999996,4.971270491856097,0.49930138769179633,0.5075473593395967,0.006835676596101817,0.0005738232420693266,-5.18095384521713e-07,2.587255060353537e-05,-5.1438083837563e-06,3.2116157233997655e-06,-5.654638350015284e-07,1.1084400150591224e-07,0.0,0.0,10.0
-0.13650000000000007,4.96268508467536,0.5012337027367879,0.5061972294287518,0.006561838299699956,0.0005629775871818474,-6.148342678623334e-07,2.675848894254253e-05,-5.957806308261418e-06,3.444596731411884e-06,-6.39536812211264e-07,1.2219983298234931e-07,0.0,0.0,10.0
-0.13349999999999995,4.9543567488519304,0.5030996372882314,0.5049019458732793,0.0062942327325277245,0.0005528026518592044,-9.771214987122946e-07,2.762284536147251e-05,-6.808055807542985e-06,3.707656824287382e-06,-7.209664023920849e-07,1.3460637378753265e-07,0.0,0.0,10.0
-0.13050000000000006,4.946276569971648,0.5049000925612881,0.503662451853254,0.00603052551964504,0.0005435673464224158,-1.5403246144402397e-06,2.8454237690905226e-05,-7.693633034059012e-06,4.001836297873321e-06,-8.106847812492356e-07,1.4828266410296475e-07,0.0,0.0,10.0
-0.12749999999999995,4.938438834359992,0.5066348320018129,0.5024809708422006,0.005767968732993151,0.0005355009618755093,-2.1885805878695726e-06,2.922824678591347e-05,-8.61458334397811e-06,4.329069118309323e-06,-9.096845873423699e-07,1.6342757853141198e-07,0.0,0.0,10.0
-0.12450000000000006,4.930842693475466,0.5083021545757807,0.5013611065172247,0.005503700803517126,0.0005286198262035813,-2.726635776513822e-06,2.9913312567511156e-05,-9.574972799707911e-06,4.692432265606007e-06,-1.0189089450037806e-06,1.8018892746504885e-07,0.0,0.0,10.0
-0.12149999999999994,4.9234932607823545,0.5098987752489047,0.5003076354103516,0.005235287498056314,0.0005225422049087447,-2.867761142374188e-06,3.0480640870920185e-05,-1.0585792090173116e-05,5.096229350315892e-06,-1.1391344379485053e-06,1.9863673536831054e-07,0.0,0.0,10.0
-0.11850000000000005,4.916401309732523,0.5114201477240203,0.4993257873039894,0.004961458462644063,0.0005163730847118739,-2.2564068115011694e-06,3.0916170385751074e-05,-1.1665948562170737e-05,5.5457020241492165e-06,-1.2709126655453483e-06,2.1876216927573486e-07,0.0,0.0,10.0
-0.11549999999999994,4.909580710832351,0.512861469773158,0.49841985296875324,0.0046829039176648915,0.0005087601109365062,-5.43940114230883e-07,3.123123646125044e-05,-1.2839262509307362e-05,6.046163690321213e-06,-1.4146515365456446e-06,2.4052716196653e-07,0.0,0.0,10.0
-0.11250000000000004,4.903043382797104,0.5142194411773782,0.4975911498162139,0.004402911967799259,0.0004981981828270409,2.4761292848825717e-06,3.146792655506397e-05,-1.4126091596574213e-05,6.6014855077093065e-06,-1.5708961674764224e-06,2.6398064151304776e-07,0.0,0.0,10.0
-0.10949999999999993,4.8967932536257255,0.5154944271689326,0.4968357306064041,0.004127598148677375,0.00048357355150138297,6.6927191085364155e-06,3.169606330610532e-05,-1.5530222423976124e-05,7.212146099239291e-06,-1.7407994266727756e-06,2.894323314333391e-07,0.0,0.0,10.0
-0.10650000000000004,4.890823469103429,0.5166920868541519,0.4961426125745816,0.003865582779423532,0.0004648013048118801,1.151074981366499e-05,3.200203515325273e-05,-1.702439820912529e-05,7.873356769803684e-06,-1.926670410084958e-06,3.1764223700010746e-07,0.0,0.0,10.0
-0.10349999999999993,4.8851238245553406,0.5178230654294973,0.4954934235420041,0.0036272662043198398,0.0004432894676238766,1.5754205532072195e-05,3.2475091931176e-05,-1.8539626536933124e-05,8.573838517823404e-06,-2.1324097135375247e-06,3.499638293054405e-07,0.0,0.0,10.0
-0.10050000000000003,4.879705478067312,0.5188995827800332,0.4948638741086637,0.0034242083084860867,0.0004219713627712073,1.7673825067849076e-05,3.3200580619571696e-05,-1.9962523211638274e-05,9.295549216501376e-06,-2.363649236085764e-06,3.8838937564173784e-07,0.0,0.0,10.0
-0.09749999999999992,4.874641250374084,0.519929502162241,0.4942264597899553,0.0032688616954062435,0.0004048962105615259,1.506926153179417e-05,3.425989723568718e-05,-2.114260160722037e-05,1.0014771309047794e-05,-2.6275055203150958e-06,4.354585597457978e-07,0.0,0.0,10.0
-0.09450000000000003,4.870089244115183,0.5209128655165439,0.4935533553527039,0.003172470516402203,0.00039688159495288326,5.655728400684973e-06,3.56902064397439e-05,-2.191512308294154e-05,1.0707699424191349e-05,-2.9318454213963893e-06,4.938860727699192e-07,0.0,0.0,10.0
-0.09149999999999991,4.866204618175655,0.5218528874364717,0.49282063990330693,0.003133231746693956,0.00040423750323641657,-1.1778998123937764e-05,3.726725625283808e-05,-2.2163893022268256e-05,1.1370583305945208e-05,-3.2835859731882468e-06,5.654319360617346e-07,0.0,0.0,10.0
-0.08850000000000002,4.862809976563589,0.522793706084153,0.4920201666073865,0.0031046299821268983,0.0004369321998888366,-3.465644507975169e-05,3.79813389064725e-05,-2.1960070838623954e-05,1.2065468062037475e-05,-3.685260030094126e-06,6.484647608263377e-07,0.0,0.0,10.0
-0.08549999999999991,4.8589436309396,0.5238613264844522,0.49118477080946765,0.0029604691398495107,0.0005087788499900334,-5.358713427112897e-05,3.559550867241371e-05,-2.171519345433714e-05,1.2962727971752138e-05,-4.131293657968235e-06,7.356414035160058e-07,0.0,0.0,10.0
-0.08250000000000002,4.853129550692599,0.5252019749759501,0.4904071802219281,0.002541839640567718,0.0006270871358318068,-5.58357145185485e-05,2.7768157133220775e-05,-2.201357956905537e-05,1.4259783984154256e-05,-4.6117774880531735e-06,8.177839000042034e-07,0.0,0.0,10.0
-0.0794999999999999,4.8453382427775455,0.5267346794736056,0.48979198381734446,0.0018639859510603553,0.0007720520828102581,-4.1818863517138286e-05,1.5642033431001118e-05,-2.2798162459240316e-05,1.5888356598206754e-05,-5.131176610200925e-06,8.985578881191246e-07,0.0,0.0,10.0
-0.07650000000000001,4.838804065919534,0.5280000967458495,0.4893273351985353,0.0012724628018248023,0.0008983043481411177,-3.8663888415627325e-05,5.678812478926549e-06,-2.2689367467148428e-05,1.7331914971047404e-05,-5.724241047622024e-06,1.0043714539591953e-06,0.0,0.0,10.0
-0.0734999999999999,4.837949745069319,0.5285109116159037,0.4888233574026307,0.0012060724101006371,0.0009803087466857946,-8.3639217209906e-05,4.625119439625825e-06,-1.9760262778809313e-05,1.798841584739936e-05,-6.4407887996960815e-06,1.167939539886635e-06,0.0,0.0,10.0
-0.07050000000000001,4.848167621955589,0.5277942434376572,0.48790889347832855,0.0021594343249757616,0.0010193913159146177,-0.00022252453599391723,1.8910437719396167e-05,-1.158419647820489e-05,1.7209212441616277e-05,-7.346984326543966e-06,1.4270321788818391e-06,0.0,0.0,10.0
-0.0674999999999999,4.865938833080977,0.5250178521190372,0.48762991622593665,0.004765847415905392,0.0003996049142564415,-0.0004946185584308536,0.00012014232794285502,2.066943785429937e-06,9.243861862373974e-06,-8.339615536745348e-06,2.1034953036154506e-06,0.0,0.0,10.0
-0.0645,4.865053936440119,0.5251340189954591,0.4874705757716349,0.0047532654096602515,0.0003278990395283925,-0.0005036907332335947,0.00013579863974213526,-5.811148004151672e-07,8.50114751090058e-06,-8.517158505803965e-06,2.3810857770122806e-06,0.0,0.0,10.0
-0.06150000000000011,4.8067882981511225,0.5316489977769203,0.48935596893693223,-0.0003685495065157401,0.00021415575491470318,2.6643284690630037e-05,0.00011472690874794926,-4.846891533090328e-05,1.4297635878771628e-05,-6.1105389208294485e-06,2.161813007036715e-06,-2.489885386382617e-07,5.964957789624286e-08,12.0
-0.058499999999999996,4.804502453402502,0.5318129368994965,0.48921781004839326,-0.00014959012672432657,0.0002493306884898974,-1.4498025591384008e-05,0.00011500657422873503,-4.948981956159301e-05,1.5922745670091372e-05,-6.593971420683023e-06,2.269557824752924e-06,-2.835690000914961e-07,6.247140428371927e-08,12.0
-0.055500000000000105,4.802604935199025,0.5320212869741037,0.48901868779912305,1.852524255867765e-05,0.0002989524372435447,-5.2303037840844604e-05,0.00011530832676548305,-5.085651072849367e-05,1.7621358601211262e-05,-7.108496955937332e-06,2.3886613000366087e-06,-3.2039533017421497e-07,6.579817760621322e-08,12.0
-0.05249999999999999,4.801190279106797,0.5322865763604175,0.48875808331342613,0.00012089629355695623,0.00036535453852114833,-8.615880657563195e-05,0.00011541271020056054,-5.260482086539392e-05,1.9414243023208793e-05,-7.65592714001001e-06,2.5196132620375282e-06,-3.598020020775196e-07,6.968741758709236e-08,12.0
-0.0495000000000001,4.800085953855714,0.5326179573765057,0.48846431171621824,0.00014521876537476852,0.0004436592721814836,-0.00011546617606661052,0.00011562516268140005,-5.478288253535776e-05,2.129286445516334e-05,-8.236347569043696e-06,2.6637971591119157e-06,-4.020802891239831e-07,7.41316035158059e-08,12.0
-0.046499999999999986,4.798956552888478,0.5330148886661364,0.4881814193157068,9.000322515200382e-05,0.0005250246094186908,-0.00014041473807859997,0.0001165598844122868,-5.739662083920266e-05,2.322877180829176e-05,-8.850716357739415e-06,2.8232219382598812e-06,-4.473912885865382e-07,7.906230446302829e-08,12.0
-0.043500000000000094,4.797451541653602,0.5334661497602209,0.4879520492109595,-3.447733374858053e-05,0.0006010071923031189,-0.00016201306042021107,0.00011880535296404142,-6.040830157845489e-05,2.5193916223570128e-05,-9.50118969680651e-06,2.999668083955085e-06,-4.957991770986336e-07,8.440192397462e-08,12.0
-0.04049999999999998,4.795324334261113,0.5339530580305064,0.487803934972798,-0.0002100008513723108,0.0006669206191858105,-0.0001817820048609275,0.00012267392542036519,-6.375354325171434e-05,2.717616073552437e-05,-1.0190931399101437e-05,3.1941522093744182e-06,-5.473428854812077e-07,9.010905257006945e-08,12.0
-0.03750000000000009,4.792473471278604,0.5344546184814637,0.4877456760264848,-0.0004163386128165653,0.0007227091433938883,-0.00020132235070885728,0.00012814809211815847,-6.736497477003543e-05,2.9182821996544056e-05,-1.0923603145098118e-05,3.40693901641696e-06,-6.021040688384933e-07,9.619549609105759e-08,12.0
-0.034499999999999975,4.788916457203062,0.5349523126877774,0.48777066644396017,-0.000636530275187092,0.0007717052478926954,-0.0002219567461018073,0.00013498803451528516,-7.11915594581e-05,3.1234311673312944e-05,-1.170281763044083e-05,3.637935797299602e-06,-6.602458382915331e-07,1.027163046173073e-07,12.0
-0.031500000000000083,4.784736974963191,0.5354332428396393,0.4878644869292966,-0.0008599115364311522,0.00081859664355544,-0.00024454656042965364,0.00014289220947361533,-7.520822779818723e-05,3.335457077118222e-05,-1.2531772136135024e-05,3.887150906169181e-06,-7.220205557146098e-07,1.0974808071706904e-07,12.0
-0.02849999999999997,4.780038948994755,0.535891360112272,0.48801163979978646,-0.0010826788606851392,0.0008677384291970924,-0.00026948809873923225,0.0001516215019264865,-7.94157441436899e-05,3.556385213789755e-05,-1.3413149345283832e-05,4.1549866552776045e-06,-7.87757705608515e-07,1.1737012303603327e-07,12.0
-0.025500000000000078,4.774919212691502,0.5363270875243851,0.4881998251972754,-0.0013066172703624333,0.0009222682895823212,-0.00029683610486728616,0.00016105391289496644,-8.383379370630932e-05,3.787584669642011e-05,-1.4349244146876608e-05,4.442305996307411e-06,-8.578434419040354e-07,1.2565476200071204e-07,12.0
-0.022499999999999964,4.769455298146466,0.536745862903063,0.48842178445024453,-0.0015368997416240933,0.0009839445596250605,-0.00032648275248266164,0.00017118093425320526,-8.849131993167716e-05,4.0298328831177504e-05,-1.534219717680074e-05,4.750333090948654e-06,-9.326992672155199e-07,1.346659129967079e-07,12.0
-0.019500000000000073,4.763701099814945,0.5371561583729536,0.4886754362155159,-0.0017797984357332149,0.0010534196258808032,-0.00035832577419185,0.000182073351111372,-9.341778233013933e-05,4.283545316576582e-05,-1.6394205961708103e-05,5.080487368061954e-06,-1.0127638994038783e-06,1.4446184772207228e-07,12.0
-0.01649999999999996,4.757685723590765,0.5375674741742241,0.488963016854543,-0.002040907619222912,0.0011306792948241715,-0.0003923806241686746,0.00019384122563813965,-9.863774219342571e-05,4.549009833889616e-05,-1.7507628614275756e-05,5.434233212089689e-06,-1.09848065045271e-06,1.5509864985170807e-07,12.0
-0.013500000000000068,4.7514139690768,0.5379886820006357,0.4892897396977754,-0.0023241720194838913,0.0012154711111094188,-0.0004288201056801897,0.00020660270673069197,-0.00010416951868661261,4.826540653457432e-05,-1.8684960474798205e-05,5.812987847047226e-06,-1.1902914291062988e-06,1.666326163295154e-07,12.0
-0.010499999999999954,4.744868289805637,0.5384269301090799,0.4896623476195854,-0.0026317216855970727,0.0013076290773311628,-0.0004679514145289014,0.0002204667977475997,-0.00011002715594544675,5.1165359223765557e-05,-1.992871871686948e-05,6.218092441010966e-06,-1.2886370215349741e-06,1.7912141491171802e-07,12.0
-0.007500000000000062,4.7380120688627505,0.5388871603420408,0.49008785174594843,-0.0029643033640847356,0.0014072604537813198,-0.0005101570721306509,0.00023552895457768912,-0.0001162240737890984,5.419464523275652e-05,-2.1241294973596932e-05,6.65082742481813e-06,-1.3939618421465905e-06,1.9262454362551766e-07,12.0
-0.0044999999999999485,4.7307936545203555,0.5393721628763345,0.49057266487869655,-0.003322006645777638,0.001514798603535964,-0.0005558294625376987,0.00025187538505737415,-0.00012277670792304202,5.735821222224891e-05,-2.26248299724749e-05,7.112444776684026e-06,-1.5067204857261925e-06,2.0720366354579354e-07,12.0
-0.0015000000000000568,4.7231504233054835,0.5398830221087516,0.4911222256475199,-0.003705003272885189,0.0016309508735107964,-0.0006053210501054205,0.0002695913184607004,-0.00012970699716474205,6.0660833636046084e-05,-2.4081138476057276e-05,7.6041940751318735e-06,-1.6273834485115617e-06,2.2292304618428364e-07,12.0
0.0015000000000000568,4.715012253348498,0.5404197807674143,0.49174108762030805,-0.004114108253893196,0.0017565840606095224,-0.000658919765703925,0.00028876934022595215,-0.00013704336000786813,6.410687675443166e-05,-2.5611683543385043e-05,8.127329292501441e-06,-1.7564401304733878e-06,2.3985001961320403e-07,12.0
0.0044999999999999485,4.70630404696486,0.54098215658549,0.49243335134352667,-0.004551081275694077,0.0018925920343428038,-0.0007168475217194462,0.00030951532031725965,-0.0001448204524124595,6.77003103962685e-05,-2.721757893628934e-05,8.68309367937635e-06,-1.8943982324584286e-06,2.5805510143157127e-07,12.0
0.007500000000000062,4.696947199816197,0.5415701761659564,0.4932032701599847,-0.005018678318923184,0.0020397819259583704,-0.0007792729744138721,0.000331950922219459,-0.00015307831346421315,7.144489206880522e-05,-2.889959266747989e-05,9.272687037469881e-06,-2.0417795097230085e-06,2.7761151065412647e-07,12.0
0.010499999999999954,4.686860118556335,0.5421846357482252,0.49405586516072936,-0.0055205188068914,0.002198800685834436,-0.0008463281495824766,0.00035621282805042414,-0.000161861483048233,7.534443605078444e-05,-3.065813136058102e-05,9.897222308172622e-06,-2.1991123417369636e-06,2.985938934072258e-07,12.0
0.013500000000000068,4.675958033588978,0.5428273495875592,0.49499742616215636,-0.0060608526788584775,0.002370107831612601,-0.0009181209386625127,0.0003824495160662552,-0.00017121844417900234,7.940307374942813e-05,-3.249319832089139e-05,1.055767780583512e-05,-2.3669217494195373e-06,3.210762832213873e-07,12.0
0.01649999999999996,4.6641524422969,0.5435011933626696,0.49603583245358207,-0.006644303630797272,0.002553987431180627,-0.0009947395734634166,0.00041081668217098305,-0.00018120146336750206,8.362545393514274e-05,-3.4404331628798076e-05,1.1254849432528986e-05,-2.545717478614708e-06,3.451294665610376e-07,12.0
0.019500000000000073,4.651350550452487,0.5442099834933747,0.49718067981113606,-0.007275641433285492,0.0027505853884770364,-0.0010762491282773944,0.0004414723001117471,-0.0001918666949409516,8.801687268132982e-05,-3.6390537905676885e-05,1.1989305393326284e-05,-2.735980726712289e-06,3.708180003189013e-07,12.0
0.022499999999999964,4.637455054341326,0.5449582492042171,0.49844323720582984,-0.007959608743240849,0.0029599571050666286,-0.001162682777924577,0.0004745720052856833,-0.00020327432766482524,9.258335684218458e-05,-3.845024120682938e-05,1.2761345085532907e-05,-2.938150111842864e-06,3.981971340255284e-07,12.0
0.025500000000000078,4.622364530022405,0.5457509539434279,0.49983627463571273,-0.00870080420734314,0.0031821138621880365,-0.0012540316278703393,0.0005102651071133929,-0.00021548856781575593,9.733174261527256e-05,-4.058126525781378e-05,1.3570963939178207e-05,-3.152607576976649e-06,4.273098527625375e-07,12.0
0.02849999999999997,4.605974586244021,0.5465932115689612,0.5013738057927076,-0.009503608177079821,0.003417061282883342,-0.0013502366329859474,0.0005486911906270396,-0.000228577317017171,0.00010226978777005528,-4.278086187984654e-05,1.4417826401953545e-05,-3.37966500593002e-06,4.5818420526445443e-07,12.0
0.031500000000000083,4.588179814818558,0.5474900270751388,0.5030707820317762,-0.010372130951027764,0.003664827751547295,-0.0014511848831741995,0.0005899770034840644,-0.00024261145373407882,0.00010740633020297071,-4.504578907356295e-05,1.5301249026616736e-05,-3.619552268461147e-06,4.908310286237337e-07,12.0
0.034499999999999975,4.568876456047217,0.5484460769198136,0.504942763580373,-0.011310164585410069,0.00392548339760306,-0.0015567108563822281,0.0006342331341799835,-0.0002576636208961743,0.00011275145677140308,-4.7372428149050054e-05,1.622019379252904e-05,-3.872407055469483e-06,5.25242119830622e-07,12.0
0.03750000000000009,4.547965600969591,0.5494655332638114,0.5070055846233077,-0.012321125212733052,0.004199151012600079,-0.0016666015865297694,0.0006815498566530879,-0.0002738063519454489,0.00011831658062736898,-4.975691029607439e-05,1.71732678747317e-05,-4.138266112507963e-06,5.613888172237429e-07,12.0
0.04049999999999998,4.525356684997918,0.5505519303712781,0.5092750230552051,-0.013407980665847327,0.004486009756546482,-0.0017806034837459241,0.0007319914740606101,-0.0002911092724973626,0.0001241142582375204,-5.2195201500002276e-05,1.8158720462105642e-05,-4.417056368917454e-06,5.992208299297352e-07,12.0
0.043500000000000094,4.500970992687542,0.5517080691710439,0.5117664835508358,-0.014573165886928878,0.004786291812806236,-0.001898428138256742,0.0007855886340259206,-0.00030963507414989467,0.00013015753661288436,-5.4683077411037e-05,1.9174421547337567e-05,-4.708583246311538e-06,6.38665003235707e-07,12.0
0.046499999999999986,4.474744891689528,0.5529359559915576,0.514494703088916,-0.015818494820798116,0.00510027223727077,-0.002019755068776525,0.0008423285330980545,-0.0003294340652570175,0.00013645864167920662,-5.7215917123159426e-05,2.0217804613013698e-05,-5.0125125965189265e-06,6.796235793734727e-07,12.0
0.0495000000000001,4.446632543278764,0.5542367722676186,0.5174734895145955,-0.01714508154402856,0.0054282535015778895,-0.002144231002429006,0.000902143738477942,-0.00035053742356575484,0.00014302692776027326,-5.9788267349607876e-05,2.1285757873910666e-05,-5.328342859314666e-06,7.219714788035955e-07,12.0
0.05249999999999999,4.416607892178069,0.5556108725951516,0.5207155044909985,-0.018553284762212706,0.005770548221110465,-0.0022714674564343383,0.0009649014125849808,-0.0003729497850768797,0.00014986620639906986,-6.239318058592746e-05,2.23744590970151e-05,-5.655365598675375e-06,7.655522559282074e-07,12.0
0.055500000000000105,4.384665811626151,0.5570578085136362,0.5242321010724077,-0.020042688060149003,0.006127465161864538,-0.0024010403053538187,0.0010303956881655878,-0.00039664236455155664,0.00015697181878263325,-6.502140495408737e-05,2.3479166191152267e-05,-5.992615587608219e-06,8.101727012986436e-07,12.0
0.058499999999999996,4.350822360599131,0.5585763749212369,0.5280332226603213,-0.0216121232357629,0.0064993035365056235,-0.002532495702812547,0.0010983463265745752,-0.00042154818867472206,0.00016432802944273575,-6.76605787366495e-05,2.4593995555013854e-05,-6.338815461546536e-06,8.555965225275811e-07,12.0
0.06150000000000011,4.315114188183586,0.5601646753770768,0.5321273646520583,-0.023259736282905445,0.006886358100242712,-0.00266536554241202,0.0011684061989700627,-0.0004475610072425801,0.0001719064077290262,-7.029463127866677e-05,2.571173607637932e-05,-6.6923235316622826e-06,9.015380192125192e-07,12.0
0.0645,4.27759718607153,0.5618202019956423,0.5365215937896513,-0.024983086812732185,0.0072889330697101145,-0.002799192689041266,0.0012401784933113494,-0.00047453892617155735,0.00017966576742103326,-7.290359109365613e-05,2.6823752453362622e-05,-7.051095429565747e-06,9.476570237271972e-07,12.0
0.0674999999999999,4.238344537608083,0.5635399253175409,0.5412216146148869,-0.026779264464447415,0.007707358010669819,-0.0029335624344618704,0.0013132422597585023,-0.0005023128737552835,0.00018755396010398552,-7.546394555833903e-05,2.7920024161785772e-05,-7.412670074495878e-06,9.93556493051712e-07,12.0
0.07050000000000001,4.197444337970156,0.565320389429355,0.546231868971273,-0.028645002609420267,0.00814199564692696,-0.0030681334534142816,0.0013871826850055677,-0.0005306989399174265,0.00019551144017688945,-7.794959891576715e-05,2.8989347579417627e-05,-7.774188019171603e-06,1.0387839707282325e-06,12.0
0.0734999999999999,4.154996965556283,0.56715780762997,0.5515556539465042,-0.030576771607157518,0.008593231521226406,-0.0032026601755143643,0.0014616210518031453,-0.0005595127393802546,0.00020347614731506403,-8.033336365019752e-05,3.0019703623132576e-05,-8.132446209622807e-06,1.0828377370278638e-06,12.0
0.07650000000000001,4.111112372865473,0.5690481540750663,0.5571952458514072,-0.03257084034333256,0.009061438724811438,-0.0033369993748373363,0.0015362390758950901,-0.0005885834663139692,0.00021138897557700402,-8.258882062216317e-05,3.0998767370201376e-05,-8.483988449535543e-06,1.1251779101346776e-06,12.0
0.0794999999999999,4.065907440934561,0.5709872471376792,0.5631520217790752,-0.0346233035380128,0.009546916351662396,-0.0034710964877794127,0.0016107931646642463,-0.0006177652865675091,0.0002191989584504712,-8.469231100365361e-05,3.19145133535328e-05,-8.825226046873266e-06,1.165242125052059e-06,12.0
0.08250000000000002,4.0195035100718375,0.5729708208293427,0.5694265745917172,-0.036730080717595016,0.010049806304767137,-0.003604950887308093,0.001685115819018248,-0.0006469441079322584,0.00022686730501555194,-8.662478616542755e-05,3.275585324532491e-05,-9.152578797109755e-06,1.2024647782908036e-06,12.0
0.08549999999999991,3.972024165882699,0.574994581666585,0.5760188205850203,-0.038886898851021985,0.01056999835632419,-0.003738563417961403,0.0017591036566319506,-0.0006760385449741213,0.0002343695896083254,-8.83732523592736e-05,3.351323578398176e-05,-9.462623611032237e-06,1.236298332005552e-06,12.0
0.08850000000000002,3.923593327079496,0.5770542498924981,0.5829281007765889,-0.04108927347241784,0.011107037188073786,-0.0038718734657433194,0.001832694178002963,-0.0007049950317556027,0.00024169574798673055,-8.993162162940751e-05,3.417914819611125e-05,-9.752238230952478e-06,1.2662350477859862e-06,12.0
0.09149999999999991,3.8743336529637964,0.579145585814366,0.5901532765263632,-0.04333250211585611,0.011660046513416414,-0.00400469580816921,0.0019058359056146885,-0.0007337783330339443,0.00024884801674482344,-9.130091309642278e-05,3.474848505697652e-05,-1.0018731240118424e-05,1.2918278932373697e-06,12.0
0.09450000000000003,3.824365265859828,0.5812644036821017,0.5976928185129567,-0.04561167878876383,0.012227682684681912,-0.004136667724246504,0.001978457725640858,-0.00076235958405701,0.0002558373502829502,-9.248887441388303e-05,3.521877928370771e-05,-1.0259954250808107e-05,1.312709908853732e-06,12.0
0.09749999999999992,3.773804768881379,0.5834065761452066,0.6055448863622782,-0.04792172996731235,0.012808122479162052,-0.004267212747121073,0.00205044184808817,-0.000790703696283893,0.0002626788257690977,-9.35090945716373e-05,3.5590288465846767e-05,-1.0474391011331816e-05,1.3286111182954004e-06,12.0
0.10050000000000003,3.7227645328449412,0.5855680311483915,0.6137073963765363,-0.050257464657011496,0.013399079351147425,-0.004395519967474346,0.0021216009176677967,-0.0008187563617538021,0.00026938596671644753,-9.437948840158031e-05,3.586587422449288e-05,-1.0661205274217133e-05,1.3393702039178206e-06,12.0
0.10349999999999993,3.6713522258829827,0.58774474053786,0.6221780775741701,-0.052613628168684944,0.013997835607814079,-0.004520531910272964,0.0021916563281105567,-0.0008464292556043046,0.00027596323789286236,-9.511978076765761e-05,3.60505317344335e-05,-1.0820209289485414e-05,1.3449351345501947e-06,12.0
0.10650000000000004,3.6196705601471466,0.5899326978286461,0.6309545190760308,-0.05498495299928228,0.014601280827162217,-0.004640936048062682,0.0022602160779329286,-0.0008735826964052604,0.00028239619144123556,-9.57476568883576e-05,3.615041943375359e-05,-1.0951708510385619e-05,1.3453455579283187e-06,12.0
0.10949999999999993,3.5678172262766923,0.5921278843172225,0.6400342098708722,-0.05736620594398626,0.015205958630430593,-0.0047551662602958785,0.0023267581586246824,-0.0009000092073962882,0.0002886405836189559,-9.627388664893494e-05,3.617141006558999e-05,-1.1056211163354857e-05,1.34069391877067e-06,12.0
0.11250000000000004,3.5158849772954217,0.5943262282320477,0.6494145638450205,-0.059752232053229264,0.015808135460863515,-0.004861433071861053,0.0023906346036785217,-0.0009254269124035011,0.00029461450241814036,-9.669781320091138e-05,3.611751711478669e-05,-1.1134066375025842e-05,1.3310729106197681e-06,12.0
0.11549999999999994,3.4639618148551015,0.5965235669867155,0.6590929156930998,-0.06213799419136167,0.016403906462992262,-0.0049578028972452086,0.002451112593931583,-0.0009494932389996424,0.00030019884361975457,-9.700532780800631e-05,3.598983568952197e-05,-1.1185170518615203e-05,1.3165287190917264e-06,12.0
0.11850000000000005,3.4121312257817116,0.5987156245038666,0.6690664747914573,-0.06451860792905603,0.0169893434224913,-0.005042331238940899,0.0025074567961812645,-0.0009718429837945432,0.0003052491701123861,-9.717092452859125e-05,3.578658556706758e-05,-1.1208891667699068e-05,1.2970429107548398e-06,12.0
0.12149999999999994,3.3604724078346244,0.6008980184307475,0.6793322272786425,-0.0668893715797374,0.017560673197712394,-0.005113230231840295,0.002559036433161231,-0.0009921424781863765,0.0003096164690050585,-9.716354111600665e-05,3.5504357998231406e-05,-1.1204271421593598e-05,1.272554680652148e-06,12.0
0.12450000000000006,3.309060404520666,0.6030663219921124,0.6898867668324936,-0.06924577771597838,0.01811445598938417,-0.005169030341276645,0.0026054241619972132,-0.0010101412852449696,0.00031316909136915256,-9.695378334981032e-05,3.514001352998033e-05,-1.1170415165907574e-05,1.2430141522828303e-06,12.0
0.12749999999999995,3.2579660739583227,0.6052162051469909,0.7007260358258158,-0.07158348158541156,0.018647716668524057,-0.0052086867257817296,0.002646451090737288,-0.0010257019392003698,0.0003158072370461912,-9.651940149183305e-05,3.4692328712575245e-05,-1.1106876338430598e-05,1.2084397373724054e-06,12.0
0.13050000000000006,3.207255923586092,0.6073436222956303,0.7118450479226636,-0.07389825066654424,0.019157984434908005,-0.005231582830738085,0.0026821928150668186,-0.0010387972004286432,0.00031746557853559043,-9.584715374724969e-05,3.4162712729799986e-05,-1.1013851747287886e-05,1.168949203242425e-06,12.0
0.13349999999999995,3.156992058547765,0.6094448876591533,0.7232378506221371,-0.07618602407412323,0.019643221709818623,-0.005237399401708967,0.0027128810495504713,-0.0010494775812794853,0.00031810581369119483,-9.493139581739832e-05,3.355490995363133e-05,-1.089211930243954e-05,1.1247464778589356e-06,12.0
0.13650000000000007,3.1072325534019503,0.6115164213467519,0.7348980479836746,-0.07844319887054638,0.020101638092615982,-0.00522585386502966,0.002738764397232977,-0.001057824422254548,0.00031770498151092075,-9.37710947303435e-05,3.2874091382892814e-05,-1.0742789645733563e-05,1.076070043230679e-06,12.0
0.13949999999999996,3.0580318287290456,0.6135542501092002,0.7468198210513755,-0.08066700721614559,0.02053137208487876,-0.005196371226047759,0.0027599758755787675,-0.00106391354493724,0.00031624599803286365,-9.236668836844298e-05,3.2125814207219273e-05,-1.0567042811756663e-05,1.0231392228913658e-06,12.0
0.14250000000000007,3.0094384725950154,0.6155541995517932,0.7589986951334271,-0.08285574775576784,0.02093011050575175,-0.005147791472982305,0.0027764752755136506,-0.0010678171858018175,0.00031371598626449927,-9.071722360944665e-05,3.1315096193562075e-05,-1.0366048397875878e-05,9.6615975076872e-07,12.0
0.14549999999999996,2.9614856099893028,0.6175145901487596,0.7714311748146812,-0.0850093235852353,0.02129505134026005,-0.005078199232039578,0.002788081489525542,-0.001069657797534857,0.0003101169319553998,-8.881798832260342e-05,3.0445607956715424e-05,-1.0141186827710954e-05,9.054404998500541e-07,12.0
0.14850000000000008,2.91417309463605,0.6194419789585421,0.7841134570996955,-0.08713106765472026,0.021623766755813362,-0.004984909245862907,0.002794523855000942,-0.001069687733233227,0.00030548718522576773,-8.66595366199736e-05,2.9518990290238654e-05,-9.894453895351023e-06,8.415882250098099e-07,12.0
0.15149999999999997,2.86746844903555,0.6213521702356026,0.7970400352759063,-0.08922717385161807,0.021914993887476763,-0.004865011761818043,0.0027955296595971926,-0.0010682795447929199,0.0002999016416452563,-8.423049154053728e-05,2.8535620183835843e-05,-9.628502889853397e-06,7.755055314580222e-07,12.0
0.15450000000000008,2.821450352354589,0.6232299875577303,0.810196065847947,-0.09127588377584434,0.022162176969328765,-0.004719792601869958,0.0027918147791437717,-0.0010653751167265546,0.00029328414070366925,-8.153916176347853e-05,2.7507624870718753e-05,-9.344728892028151e-06,7.070124174960254e-07,12.0
0.15749999999999997,2.7765009257414217,0.6248949435676863,0.823594294037364,-0.09311809893030465,0.022310576235345585,-0.00456684423900866,0.002790399811279123,-0.0010584368488873125,0.00028441165420188135,-7.86598955178615e-05,2.6518652839925175e-05,-9.034448646567846e-06,6.277221285304066e-07,12.0
0.1605000000000001,2.733689663450465,0.6261931990966702,0.8369966380873998,-0.09461607099335245,0.022379228634707364,-0.004435308822846878,0.0027918739224674846,-0.0010454601190007578,0.00027335265934916737,-7.583395878035846e-05,2.5624376095257013e-05,-8.698589128750182e-06,5.369950725937193e-07,12.0
0.16349999999999998,2.689162897310682,0.6282716618480397,0.8506880784026101,-0.09673387179973669,0.02258411262830539,-0.0041930315524769425,0.002763988412847365,-0.0010425991987262548,0.0002658400486350449,-7.238837314501223e-05,2.440074568652839e-05,-8.388528269336305e-06,4.763613185550979e-07,12.0
0.1665000000000001,2.647175175981736,0.629855057064767,0.8644144936985877,-0.0984524987100013,0.022675918199087063,-0.00397233640624863,0.0027410155425716854,-0.0010332040315255264,0.00025576755944994834,-6.897517421183369e-05,2.3289216768301056e-05,-8.051325561125094e-06,4.015815911825249e-07,12.0
0.16949999999999998,2.606149265415133,0.6313320723056693,0.8783367964741163,-0.10008512476701027,0.02269888009160804,-0.003726484121723131,0.002716095767217494,-0.0010227507337751006,0.0002445344852956222,-6.53425704042495e-05,2.218611141954797e-05,-7.704098603140038e-06,3.2331712189736327e-07,12.0
0.1725000000000001,2.5664351323830896,0.6325063530966069,0.892456446045316,-0.10144802398078973,0.02259285029615682,-0.0034810438683010214,0.0026989454377425496,-0.0010078513642506953,0.00023054963089167452,-6.167332732887562e-05,2.1237659654455097e-05,-7.337122798154763e-06,2.288440313838794e-07,12.0
0.1755,2.528374055859251,0.6333964650312333,0.9065701151323542,-0.10253183757833717,0.022410996371149156,-0.0032511786163878825,0.0026855257138218664,-0.0009884288063550157,0.0002148078860851249,-5.8164553355704514e-05,2.0435676366089103e-05,-6.957148279104169e-06,1.2354570163273725e-07,12.0
0.1785000000000001,2.489007601651261,0.6349825338803723,0.920923133815859,-0.10415408458396959,0.022352431711921503,-0.0029143666829468265,0.0026430608554181296,-0.0009802415550295928,0.0002031947608223405,-5.401872711263531e-05,1.927264234996492e-05,-6.616476123267919e-06,5.5821901257567976e-08,12.0
0.1815,2.4517409643652153,0.6361063298910503,0.9352750255343151,-0.10537383169045471,0.02217292441553335,-0.0026074991730215603,0.002609935149263998,-0.0009655797307901465,0.00018900685757971923,-5.015264370521727e-05,1.833629429016999e-05,-6.259984885328972e-06,-2.903813807448664e-08,12.0
0.1845000000000001,2.415232365916366,0.637174416835902,0.9497811870847024,-0.10652475335779707,0.021927083040799586,-0.002277155717481576,0.0025774480664910327,-0.0009511071150066456,0.0001739991975999131,-4.62131966663166e-05,1.7477984454175082e-05,-5.910123788972578e-06,-1.1584395658676948e-07,12.0
0.1875,2.3796190775759993,0.6381795648533785,0.9644018549635887,-0.1075967044433265,0.021615597270873803,-0.0019274806728429956,0.0025472774414652005,-0.0009367835990536513,0.000158062067765783,-4.225995034697747e-05,1.6736889930119204e-05,-5.569611299593552e-06,-2.0629128752964953e-07,12.0
0.1904999999999999,2.345014088431533,0.6391200973258986,0.9790748517500505,-0.10859042671290076,0.021251788475990113,-0.001561533984785943,0.0025187227074096054,-0.0009229076104944738,0.0001414841066846743,-3.8332532435080025e-05,1.6112350537969187e-05,-5.242386434255462e-06,-2.9866859223867916e-07,12.0
0.1935,2.3114273725621715,0.6399805869542142,0.9937592496272944,-0.10949789762135716,0.0208442887116344,-0.0011824638182044162,0.002491112917121407,-0.0009095637557294359,0.000124482245564066,-3.4462509928687054e-05,1.5600432543218124e-05,-4.930640651923339e-06,-3.9169886423333926e-07,12.0
0.1964999999999999,2.2788037528348464,0.6407403811146933,1.0084340755821999,-0.11030731810686131,0.020396979968120347,-0.0007928659369436928,0.00246411838680189,-0.0008967588408459027,0.00010717135903151824,-3.066875162768286e-05,1.5200122274772652e-05,-4.635519684472244e-06,-4.848825350451786e-07,12.0
0.1995,2.2470965129845584,0.641385177012832,1.0230829406708692,-0.11100938645134246,0.01991321806658538,-0.0003950100760219257,0.002437539018759072,-0.0008845497773892667,8.963700093638215e-05,-2.6960661546223685e-05,1.4911923307139712e-05,-4.35797661168727e-06,-5.780852233501503e-07,12.0
0.2024999999999999,2.216292181526206,0.6419139551623559,1.0376916429919807,-0.1116003388761141,0.019396788850798718,9.108227147866839e-06,0.0024112609922396586,-0.0008730667774505161,7.19592303936027e-05,-2.333971044500325e-05,1.473662974800348e-05,-4.0989672590759255e-06,-6.713732541237263e-07,12.0
0.20550000000000002,2.186398547658564,0.6423381668434431,1.0522524675460219,-0.11208096635472434,0.01885071757712244,0.000417684751821099,0.0023853113397762672,-0.0008624524477180506,5.420382592828265e-05,-1.9801846420717846e-05,1.4674806026537725e-05,-3.859215565942067e-06,-7.65018418702404e-07,12.0
0.2084999999999999,2.1574258649456306,0.642675416906951,1.0667645722133763,-0.1124541671864564,0.018276493337051034,0.0008288806638695046,0.002359847336383628,-0.000852792599285391,3.642326499810499e-05,-1.634169415608412e-05,1.4725746647349795e-05,-3.63898640646197e-06,-8.594169736112923e-07,12.0
0.21150000000000002,2.129374855996987,0.6429419070924716,1.0812288371506598,-0.11272343313149229,0.01767430952196706,0.0012406358521248495,0.002335103182664319,-0.0008440861413464661,1.8669948344350454e-05,-1.2956597299790082e-05,1.4886344336464615e-05,-3.4380412659126717e-06,-9.5493515787937e-07,12.0
0.2144999999999999,2.1022327578499547,0.6431471436781958,1.0956413803405132,-0.11289279411871567,0.017043749851114714,0.0016506729303032309,0.002311368706232616,-0.000836254349203915,1.0062640601728916e-06,-9.64898203283748e-06,1.5150703381914696e-05,-3.2557155617362703e-06,-1.0517934771316672e-06,12.0
0.21750000000000003,2.075975015707322,0.6432924451669361,1.1099899384320007,-0.1129673436202463,0.01638442132847871,0.0020566765796595546,0.002289008389931972,-0.0008291682593293885,-1.649631122400412e-05,-6.426822910959344e-06,1.5510580185504758e-05,-3.0910032642883238e-06,-1.1500357550133107e-06,12.0
0.22049999999999992,2.0505699422378534,0.6433728268613275,1.1242546041685315,-0.1129532883530471,0.0156964367389031,0.002456546653018411,0.0022684754883776884,-0.0008226778969773064,-3.3766245890751935e-05,-3.302442815785147e-06,1.5956213889275595e-05,-2.9426021013850183e-06,-1.2495636456924486e-06,12.0
0.22350000000000003,2.0259839336793046,0.6433806329184576,1.1384118134456485,-0.11285712945140529,0.014980815942667605,0.002848629670360091,0.002250284572322132,-0.0008166383090706445,-5.0742744659116714e-05,-2.8999715838428137e-07,1.647715659536793e-05,-2.8089409574991524e-06,-1.350203033280864e-06,12.0
0.22649999999999992,2.002185454638721,0.6433090974945895,1.1524392401375592,-0.11268435946187606,0.014239793008832859,0.0032318640628105915,0.002234946758155162,-0.0008109313034400203,-6.738356062937208e-05,2.5975768872891407e-06,1.7062934551873165e-05,-2.6882208354324665e-06,-1.4517740458104824e-06,12.0
0.22950000000000004,1.9791469897243597,0.6431546197937179,1.166319467194242,-0.11243841917977172,0.01347689697629129,0.003605796726441575,0.002222900021555707,-0.000805479626628535,-8.366775501362914e-05,5.3509503483730324e-06,1.770349593679818e-05,-2.5784752971622056e-06,-1.5541392457871793e-06,12.0
0.23249999999999993,1.956845130060464,0.6429174215921362,1.1800413862420804,-0.11212047742039422,0.01269667999287248,0.003970452304153992,0.0022144636364219467,-0.0008002496124844026,-9.959320232072561e-05,7.965144683574052e-06,1.838945275249819e-05,-2.477642622308203e-06,-1.6572103712550952e-06,12.0
0.23550000000000004,1.9352595239195243,0.6426009494202765,1.193599478177573,-0.11173010205421782,0.011904107572233154,0.00432607644303721,0.002209822938707423,-0.0007952424938770643,-0.00011516990269224092,1.0438470290304896e-05,1.9112189989666983e-05,-2.3836523590674702e-06,-1.760909829940723e-06,12.0
0.23849999999999993,1.914371486797162,0.6422106718565265,1.206991883995884,-0.1112664343720642,0.011103797039933668,0.004672822283858783,0.002209031629468915,-0.0007904802950119539,-0.000130411255413219,1.2770360553245852e-05,1.9863974414956295e-05,-2.2945401884640876e-06,-1.8651026583433485e-06,12.0
0.24150000000000005,1.894162816012708,0.6417528518592039,1.2202183104740183,-0.11072930535773531,0.010299373758485712,0.005010479784139049,0.0022120170848479934,-0.0007859942153172046,-0.00014532612282523516,1.4959134777087006e-05,2.0638167144496877e-05,-2.208595856104817e-06,-1.969526350875852e-06,12.0
0.24449999999999994,1.874615032152732,0.6412336256576888,1.23327848790767,-0.11011986899615053,0.00949316168381862,0.00533833811600018,0.002218585733358437,-0.0007818198226862288,-0.00015991417796461683,1.7000496655978652e-05,2.1429509962443497e-05,-2.1245241079324656e-06,-2.0737454643329825e-06,12.0
0.24750000000000005,1.8557090347525405,0.6406584701100642,1.2461714133127986,-0.10944062982331387,0.008686274347977476,0.0056552222918281525,0.002228437107421288,-0.0007779971093454901,-0.00017416556955571677,1.8887133733279703e-05,2.2234302786869546e-05,-2.041577586278885e-06,-2.177148979677612e-06,12.0
0.25049999999999994,1.8374250553920626,0.6400319860935354,1.258895233252551,-0.10869502086227675,0.007879011509648981,0.0059596792984469345,0.0022411964740128125,-0.0007745693397189524,-0.00018806405684370042,2.0609447692640645e-05,2.305024503564809e-05,-1.959614757212592e-06,-2.2789959377959417e-06,12.0
0.25350000000000006,1.8197427839712017,0.6393578777760661,1.2714474598995869,-0.10788682219150036,0.007071371972957133,0.006250237543022054,0.002256466810380601,-0.0007715754625709836,-0.0002015915003847788,2.2157264967809153e-05,2.3875836842485788e-05,-1.8790430338483576e-06,-2.3785007613362944e-06,12.0
0.25649999999999995,1.802641578565367,0.6386390285170952,1.2838252461525845,-0.1070196838497408,0.006263492785125748,0.00652564757118285,0.0022738889678134886,-0.00076903573198116,-0.0002147315322191189,2.3522214386148048e-05,2.470946905248258e-05,-1.800624867644634e-06,-2.474935450637408e-06,12.0
0.25950000000000006,1.7861007059839809,0.637877617072681,1.2960255735037722,-0.10609689160279459,0.005455897368525422,0.006785033436539909,0.0022931926106757056,-0.0007669355414920593,-0.0002274711537885912,2.470021973331733e-05,2.5548534504332335e-05,-1.7251582702844947e-06,-2.567716246184949e-06,12.0
0.26249999999999996,1.770099583070419,0.6370752520510311,1.30804533413232,-0.1051213744913803,0.004649532020095204,0.007027927482199611,0.002314223388979282,-0.0007652148696034058,-0.0002398002028981131,2.5693323932683634e-05,2.638893939174705e-05,-1.6530960580574432e-06,-2.6564438974041723e-06,12.0
0.26550000000000007,1.7546179989583148,0.6362331183287306,1.3198813624263062,-0.10409586020883972,0.003845646652478472,0.007254205112448272,0.002336941143404166,-0.0007637689167911638,-0.00025170946067245415,2.6510043998761566e-05,2.7225246412718044e-05,-1.584222977054566e-06,-2.740881963208014e-06,12.0
0.26849999999999996,1.7396363029438882,0.6353521304482844,1.331530483026747,-0.10302305864748676,0.0030456086238872535,0.007463963752158851,0.002361393959120445,-0.000762460776384255,-0.0002631884497510463,2.7163813036758795e-05,2.805141371885906e-05,-1.5175288671792888e-06,-2.8208813989479057e-06,12.0
0.2715000000000001,1.7251355468752096,0.6344330834325851,1.3429896137586002,-0.10190578187384533,0.0022507297837217276,0.0076573957603323604,0.0023876787922714076,-0.000761141951712251,-0.0002742238838419777,2.7669762959995704e-05,2.886183746688495e-05,-1.4513657174576308e-06,-2.8962812173636347e-06,12.0
0.27449999999999997,1.7110975768057848,0.6334767877733518,1.3542559213795031,-0.10074696117823317,0.0014621540649168128,0.007834692835853163,0.002415899860703442,-0.0007596735753168389,-0.00028479949311771693,2.8040870722476043e-05,2.9652277145207906e-05,-1.3838610346778513e-06,-2.9668242423974547e-06,12.0
0.2775000000000001,1.6975050752582777,0.6324841755685807,1.3653269978092228,-0.099549571236069,0.0006808167969479202,0.007995998895543236,0.002446132859597036,-0.000757941388931235,-0.0002948976295695933,2.8284934719091054e-05,3.0420289417826012e-05,-1.3134320900884075e-06,-3.032120307646148e-06,12.0
0.28049999999999997,1.6843415611662456,0.6314563687642794,1.3762010138055678,-0.09831650171404148,-9.253839892826904e-05,0.008141408789336392,0.0024783992484901543,-0.000755860530657043,-0.0003045025832601986,2.8403656172320288e-05,3.1164989199503575e-05,-1.2391799722089418e-06,-3.0916705049470495e-06,12.0
0.2835000000000001,1.671591358256503,0.6303947065056584,1.386876814470266,-0.09705042442528307,-0.0008573094134390184,0.00827099736211123,0.0025126522492765206,-0.0007533704931970812,-0.000313604914023628,2.839426421163212e-05,3.18862155996539e-05,-1.1609864595230328e-06,-3.1449434445841865e-06,12.0
0.2865,1.6592395439706922,0.6293007347733018,1.3973539390195588,-0.09575369469908414,-0.001612974824501677,0.008384859058936947,0.0025487748838177392,-0.0007504243668959651,-0.00032220552695369416,2.8253005239684506e-05,3.2583406937183924e-05,-1.0792747010864005e-06,-3.19147639942741e-06,12.0
0.2895000000000001,1.64727189028368,0.6281761662784205,1.4076325673407368,-0.094428307702764,-0.002359038196841218,0.008483141268549392,0.002586589333648625,-0.0007469780786567247,-0.00033031803405899983,2.797898629152062e-05,3.325459785932509e-05,-9.945528048280563e-07,-3.2309665745805138e-06,12.0
0.2925,1.6356748055274273,0.6270228212369163,1.417713411514928,-0.09307591203567206,-0.003094986283409209,0.00856606198132213,0.002625875279433165,-0.0007429842194385201,-0.0003379683849279441,2.7576764424592963e-05,3.389589910200324e-05,-9.069517775130851e-07,-3.263322592501324e-06,12.0
0.2955000000000001,1.6244352832052675,0.6258425600655819,1.4275975785814905,-0.0916978692089816,-0.0038202650493145626,0.008633910566019766,0.002666392895818609,-0.0007383920066216957,-0.0003451917133822289,2.705674538137077e-05,3.450162862769696e-05,-8.159522227057482e-07,-3.2886612392232784e-06,12.0
0.2985,1.6135408603880204,0.6246372177446086,1.4372864311602547,-0.09029534061976821,-0.004534274317763768,0.008687036415379736,0.002707904984763664,-0.0007331517152564009,-0.00035202736998760293,2.643348761656136e-05,3.506502032750699e-05,-7.20390916376038e-07,-3.307253304136931e-06,12.0
0.3015000000000001,1.6029795851777897,0.6234085473672775,1.4467814668233137,-0.08886938267542831,-0.005236379294475984,0.008725832203314288,0.002750193420323436,-0.0007272202580611126,-0.00035851362928466244,2.5722817942143072e-05,3.557925839930608e-05,-6.187167787081634e-07,-3.3194371782005587e-06,12.0
0.3045,1.59273999041721,0.6221581779836656,1.4560842279156756,-0.08742103365139482,-0.005925934867874004,0.008750716971472087,0.0027930676531585674,-0.0007205651262832825,-0.0003646833153799045,2.493887607839626e-05,3.6038544433395654e-05,-5.093885434539383e-07,-3.325524526829486e-06,12.0
0.3075000000000001,1.582811069748145,0.6208875895715837,1.4651962438252282,-0.08595138033577443,-0.006602317065192418,0.008762121367326636,0.002836366164775704,-0.0007131658116838009,-0.00037056084456183185,2.4091872069156427e-05,3.643898001066906e-05,-3.91291825664734e-07,-3.325719318270586e-06,12.0
0.3105,1.5731822525580725,0.6195981056655985,1.4741190004598956,-0.08446159718773236,-0.007264956162029048,0.008760475459634293,0.002879953697157036,-0.0007050135439806844,-0.00037616054254584734,2.3186844467070708e-05,3.677914714932068e-05,-2.6407552863878566e-07,-3.32006505188629e-06,12.0
0.3134999999999999,1.5638433762178054,0.618290901489964,1.4828539291572111,-0.08295295559094729,-0.007913367487215333,0.008746199586070936,0.002923716933419426,-0.0006961105775739908,-0.00038148600916754216,2.2223418881288712e-05,3.706031036306437e-05,-1.283319133596809e-07,-3.308430202682748e-06,12.0
0.3165,1.5547846566460055,0.6169670224998894,1.4914024097368905,-0.08142680631544125,-0.008547177542060662,0.008719699596506585,0.002967559752672198,-0.0006864694386354717,-0.0003865306988159526,2.1196562975940302e-05,3.7286151555229414e-05,1.4437891687425396e-08,-3.2905387308555395e-06,12.0
0.3194999999999999,1.5459966603048771,0.6156274061986163,1.4997657872609131,-0.07988454416495801,-0.009166143151690186,0.008681367754695558,0.0030113978029768554,-0.0006761115067982967,-0.00039128025089331647,2.0098404858786846e-05,3.746196215637391e-05,1.6210266909922085e-07,-3.2660468552394227e-06,12.0
0.3225,1.5374702806602722,0.6142729008786171,1.5079454043804772,-0.07832756815790963,-0.009770159764472751,0.008631588558086864,0.0030551519905262447,-0.0006650639915925774,-0.00039571696214470305,1.892107363118341e-05,3.759332657720559e-05,3.1239757827749437e-07,-3.2346563568386166e-06,12.0
0.3254999999999999,1.529196719169403,0.6129042796715841,1.5159426470200352,-0.07675725113184534,-0.010359253231784691,0.008570745841431972,0.003098741352886064,-0.0006533549678627315,-0.0003998260496373841,1.7660152185290344e-05,3.7684533629849436e-05,4.6353440009545214e-07,-3.1962407393989983e-06,12.0
0.3285,1.5211674662711465,0.6115222552990641,1.523758991951588,-0.07517492846362796,-0.010933549842627224,0.008499225931538179,0.0031420767072268658,-0.0006410072729656957,-0.0004036022768089365,1.631781560969488e-05,3.773717956893961e-05,6.147485265424713e-07,-3.150948834910931e-06,12.0
0.3314999999999999,1.5133742751306603,0.6101275051396888,1.531396038460088,-0.07358190819410464,-0.011493223998033972,0.00841741316085983,0.003185056719967507,-0.0006280332267798572,-0.0004070545785834923,1.4904319498176057e-05,3.774957204931978e-05,7.665672241256011e-07,-3.0992457377369353e-06,12.0
0.3345,1.5058091239087417,0.608720711981878,1.5388555120527065,-0.07197949704891607,-0.012038431986338426,0.008325679015618676,0.003227567464335139,-0.0006144327076561747,-0.0004102061974473134,1.3436598016119537e-05,3.77174579649306e-05,9.206192912668777e-07,-3.04185912261887e-06,12.0
0.3374999999999999,1.4984641726705885,0.607302611652905,1.5461392469085102,-0.07036903022966359,-0.012569251403017522,0.008224372443453943,0.003269485375436533,-0.000600196388323666,-0.00041308920309583746,1.193370837160022e-05,3.763613772143423e-05,1.0789559120641616e-06,-2.97962742687579e-06,12.0
0.3405,1.4913317372513668,0.6058740198145519,1.5532491722397357,-0.0687518862118557,-0.013085653079527724,0.008113821327050573,0.0033106827611860765,-0.0005853137412826071,-0.0004157350112915884,1.041055539404919e-05,3.750327612122186e-05,1.2430970372328832e-06,-2.913293733788371e-06,12.0
0.3434999999999999,1.484404320453246,0.604435796136483,1.5601873256556786,-0.0671294593081313,-0.013587528776353847,0.007994348119391384,0.0033510362282056505,-0.0005697828206154027,-0.0004181651847775297,8.872705787285651e-06,3.7321138645766245e-05,1.4132239189032908e-06,-2.843333220876068e-06,12.0
0.34650000000000003,1.4776747467577243,0.6029887088619343,1.5669558864671547,-0.06550305909745557,-0.01407477920178103,0.007866287245214867,0.0033904410450752453,-0.0005536173843516323,-0.0004203874613158039,7.314960545204975e-06,3.7097098551471373e-05,1.5879358690058001e-06,-2.7699085285307436e-06,12.0
0.3494999999999999,1.4711363970543236,0.6015332151404025,1.5735571872372955,-0.0638737357105831,-0.014547434524172514,0.007729984367755572,0.0034288329650355165,-0.0005368476737048129,-0.00042239980257880296,5.7247376910721105e-06,3.684201954340782e-05,1.7647426616211556e-06,-2.6929954226148337e-06,12.0
0.35250000000000004,1.464783378865268,0.6000693055012086,1.579993669374528,-0.062242131851786064,-0.015005740523912871,0.007585781722107303,0.0034662067361714006,-0.000519515393274805,-0.000424200595737244,4.089527614962915e-06,3.6566849297929796e-05,1.941100249589293e-06,-2.6126111719851897e-06,12.0
0.3554999999999999,1.4586102696828083,0.5985967113111572,1.586267811195352,-0.06060859165266828,-0.015450120681485525,0.007434040906988137,0.0035026047993490413,-0.0005016712841838571,-0.00042579711545927615,2.4062637022337307e-06,3.627819743386338e-05,2.115448086313825e-06,-2.5289471163988363e-06,12.0
0.35850000000000004,1.4526112190083154,0.5971156512075698,1.5923820816827663,-0.058973670094746716,-0.015880971957682174,0.007275243451355036,0.003538060877172439,-0.0004833854526596906,-0.0004272023494990101,6.882360104949296e-07,3.5974643581524246e-05,2.2875293946266636e-06,-2.4422043332213416e-06,12.0
0.36149999999999993,1.4467790578562578,0.5956276155034556,1.5983388268247067,-0.057338645863251346,-0.01629840810977779,0.007110057070940084,0.003572542868485157,-0.00046475871235640337,-0.0004284216806150643,-1.0375543981221292e-06,3.5647354022483786e-05,2.4576371449304996e-06,-2.3522702733258302e-06,12.0
0.36450000000000005,1.441105902989149,0.5941350042137679,1.6041398422154132,-0.05570511594463507,-0.016702205585971245,0.0069391016753167865,0.0036059937492529228,-0.00044589229800776894,-0.0004294507800433035,-2.7475616447741394e-06,3.528844113505106e-05,2.6254295472846844e-06,-2.258860383852415e-06,12.0
0.36749999999999994,1.4355830729202719,0.5926391654555249,1.6097886545503968,-0.05407346424371204,-0.017092868315809064,0.006762457611317746,0.00363872836499897,-0.00042680484208275967,-0.0004303529833033175,-4.443415489922513e-06,3.491068415478928e-05,2.7899599707957487e-06,-2.1635554274937733e-06,12.0
0.37050000000000005,1.430205584383871,0.5911385814092528,1.6152880844861484,-0.052441937217358965,-0.01747115116922834,0.006579306851626662,0.0036713036023912644,-0.0004073709334536896,-0.00043123125873323635,-6.165976340782298e-06,3.454754337803557e-05,2.9500881014671313e-06,-2.0696718802135687e-06,12.0
0.37349999999999994,1.4249773750642285,0.5896298996119561,1.6206342079373988,-0.05080826794402228,-0.01783607419828565,0.00638867007635774,0.0037036329765254535,-0.00038742321885138474,-0.00043204789782814995,-7.97613512164425e-06,3.4220219786631414e-05,3.103648824595967e-06,-1.9780316794012766e-06,12.0
0.37650000000000006,1.4199024562550338,0.5881132980457662,1.6258194533823207,-0.049172925911017316,-0.01818560948149495,0.006191173045652288,0.003734814607625635,-0.0003670591405301565,-0.00043259673994060373,-9.873805660233613e-06,3.3905019234971215e-05,3.24644854403585e-06,-1.8839504140485134e-06,12.0
0.37949999999999995,1.4149588497793841,0.5866072875452536,1.6308395223333692,-0.047546211746358445,-0.018516225266018444,0.005990432154209646,0.0037634567743390327,-0.00034698608687012684,-0.0004325349847843932,-1.1756748884502187e-05,3.35362951450991e-05,3.367784483728079e-06,-1.7765186273721562e-06,12.0
0.38250000000000006,1.4095574782855327,0.5850129263554572,1.6361932796537515,-0.045829106913930225,-0.018939221303859537,0.005766454489968148,0.0038182899795260886,-0.00032265278989363535,-0.0004373028594368704,-1.415084008015607e-05,3.385446702057662e-05,3.5303574279787715e-06,-1.7542233182242267e-06,12.0
0.38549999999999995,1.405728736662047,0.583547432313934,1.6401309662327594,-0.04422212024063808,-0.019064307091589502,0.005541264896118299,0.003800211290850361,-0.0002993255605496398,-0.00043034397117787393,-1.5942751963469114e-05,3.250514731856279e-05,3.661896616329463e-06,-1.5538885579533525e-06,12.0
0.38850000000000007,1.4010135069914793,0.582154120785938,1.6449477253108817,-0.042730456050881015,-0.019418421017045887,0.005371959575908681,0.003844982489446838,-0.0002852953505861698,-0.00043456716976630736,-1.6578830528330695e-05,3.257777088495023e-05,3.760406370103614e-06,-1.5377514408986977e-06,12.0
0.39149999999999996,1.3964557405124014,0.5805957873760006,1.6494784907301872,-0.04109507868737775,-0.019725688310596116,0.005147968919245646,0.003876838180356259,-0.00026271217913490793,-0.0004355030907484494,-1.8278025889028158e-05,3.2195848961913016e-05,3.90597193802075e-06,-1.4564815322499127e-06,12.0
0.3945000000000001,1.3921095095397318,0.5790287699984418,1.6537691079048973,-0.039451146953416144,-0.01999334933118128,0.004920399475606032,0.003897857918312201,-0.00024134929787861386,-0.00043388370176011256,-1.985242420004337e-05,3.1583451393229116e-05,3.980339729028994e-06,-1.3372402838530573e-06,12.0
0.39749999999999996,1.3870891873010076,0.5773228807357431,1.6586932277747681,-0.037684496583732706,-0.020428507035249423,0.004667255355763752,0.003966194392000575,-0.00021426821841305803,-0.00044136956214041077,-2.2290611355925108e-05,3.242061031387315e-05,4.095747833287233e-06,-1.4108457868428886e-06,12.0
0.4005000000000001,1.3838782315338174,0.5757993645970287,1.6618300645350543,-0.03607494612400595,-0.020442504829026282,0.004422665515115427,0.0039211120050717235,-0.00018933503482691685,-0.00042837438583418245,-2.4322302680439308e-05,3.0272363118417294e-05,4.133907051567926e-06,-1.1235612007138258e-06,12.0
0.40349999999999997,1.3799685361836986,0.574382757363399,1.6657663687049935,-0.034589006766559904,-0.020697131060580583,0.00422713206056208,0.003950648719351484,-0.00017212244630412108,-0.00042975296316223187,-2.562900911392372e-05,3.0190126108733618e-05,4.1244139912923664e-06,-1.10585404182097e-06,12.0
0.4065000000000001,1.3759788337933696,0.5728655806804638,1.669651974993904,-0.03303398334444313,-0.02096176804945764,0.004010520039442237,0.003982181532367246,-0.00015103047064928248,-0.00043095631638901966,-2.7369366091394265e-05,2.9878210854430254e-05,4.142537513175182e-06,-1.0556403504372496e-06,12.0
0.4095,1.372098712119116,0.5713208129579566,1.6733486412250065,-0.031471425801367435,-0.02118497917041254,0.003791769666042575,0.004002796247575553,-0.0001299855854702674,-0.00043107160810966944,-2.9160419451324462e-05,2.932503999492656e-05,4.164087115915529e-06,-9.870323503789315e-07,12.0
0.4125000000000001,1.3679435493173215,0.569722947947365,1.677325264686394,-0.0298636406373803,-0.021491430896539897,0.003560660144139307,0.004049633512706644,-0.00010776316838961904,-0.0004382157989092887,-3.1235740879855067e-05,2.9871758620610154e-05,4.24493100900143e-06,-1.0664763012155074e-06,12.0
0.4155,1.3646696362325492,0.5681211297656001,1.680329226731055,-0.028254694409110874,-0.02156717698659665,0.0033083782870894215,0.004027443072294103,-8.356014088410582e-05,-0.00043245360016496944,-3.2973304335967896e-05,2.865494578878015e-05,4.3823554016917405e-06,-8.842487684079125e-07,12.0
0.4185000000000001,1.3613249420704636,0.5665677467892023,1.6834708218744558,-0.02669894566462999,-0.021714968532177116,0.0030713429673671993,0.0040315551638993846,-6.084855631588359e-05,-0.00043102059552972634,-3.3658224733447945e-05,2.853968840890813e-05,4.5580738147422504e-06,-8.089476561416286e-07,12.0
0.4215,1.3578752893449544,0.5650179035866413,1.686677586249909,-0.02515946828305329,-0.02189393123316712,0.0028385358354704464,0.004047936720229385,-3.707218192189995e-05,-0.0004305441638450497,-3.417131799318753e-05,2.8599509455431856e-05,4.710338784710614e-06,-7.598175238108876e-07,12.0
0.4245000000000001,1.3544595899341245,0.5634302618226997,1.689787176514205,-0.023608240604969435,-0.02206495772900892,0.0025977093974868153,0.004064531597162245,-1.1926179865519016e-05,-0.0004302658551938434,-3.537489062171032e-05,2.8368594853853716e-05,4.784161143541259e-06,-7.226057675444643e-07,12.0
0.4275,1.3510920952065135,0.5618229787495841,1.6928007777179406,-0.02205914498549282,-0.02223058017327877,0.0023541326895553808,0.004082604079391148,1.2735457486305848e-05,-0.0004308199893892927,-3.700271363934925e-05,2.8072098951738125e-05,4.802633917348381e-06,-7.07503225708522e-07,12.0
0.4305000000000001,1.34779490763343,0.5602067800200049,1.6957039636998357,-0.0205113049764025,-0.02238293520216676,0.002109238586654742,0.0040999928731248,3.6742270245392174e-05,-0.0004314482327956118,-3.876799176660513e-05,2.779444345998919e-05,4.811217763632107e-06,-6.922762079950514e-07,12.0
0.4335,1.3445877339438645,0.5585850669550184,1.698470141847103,-0.01896292980813027,-0.02251259457586793,0.0018620165500196815,0.004112010908548644,5.984959418357731e-05,-0.00043139950132002673,-4.0676254514492586e-05,2.7421295000844015e-05,4.816041628060106e-06,-6.51339144759454e-07,12.0
0.4365000000000001,1.3414550798928022,0.556953195028132,1.7011135124394692,-0.017415354396547993,-0.022627694689745428,0.0016108887423868007,0.004118937501547009,8.23567384012946e-05,-0.00043098701372863246,-4.2633679742100053e-05,2.7014748687914717e-05,4.835152485697254e-06,-5.882081659717578e-07,12.0
0.4395,1.3383724392731404,0.5553047336872164,1.7036583081661196,-0.015868343151738316,-0.022740032560793235,0.0013545005107813795,0.004124184553315673,0.00010569873548155947,-0.00043080860894838876,-4.4372153737230426e-05,2.6709389976554018e-05,4.910480279062625e-06,-5.256859375357857e-07,12.0
0.4424999999999999,1.3349471223606035,0.5535523894951555,1.7064944828635793,-0.014249675807562272,-0.022941138313268116,0.0010741780676711288,0.004157485756665057,0.0001349990713065069,-0.0004358244567982102,-4.615687006212609e-05,2.734204553042442e-05,5.114743386483686e-06,-5.794060898404993e-07,12.0
0.4455,1.3323299581319765,0.5518870163639603,1.7084187469354235,-0.01271892576718151,-0.02293193264886659,0.0008169405175490376,0.0041325635363914405,0.00016018776623367571,-0.0004283907927601753,-4.6773843651527105e-05,2.622743773090507e-05,5.283440753607593e-06,-3.9698921672997095e-07,12.0
0.4484999999999999,1.3295204056715937,0.5502222121324521,1.7106449760698046,-0.011208523251098246,-0.02303373261715464,0.0005691370491840183,0.00414866837742303,0.00018366371966104054,-0.00042848907595173464,-4.739483468095528e-05,2.640872728156748e-05,5.412281720989235e-06,-3.957060585075436e-07,12.0
0.4515,1.326642754417868,0.5485087400654126,1.7128161821303174,-0.009667227906074077,-0.023128222983464404,0.00031096167882983474,0.0041620557845254095,0.0002084228327707344,-0.00042786113059624956,-4.874011454118847e-05,2.636533080121366e-05,5.492180356784907e-06,-3.834523858922342e-07,12.0
0.4544999999999999,1.3237960072984327,0.5467541692685179,1.7148517285507796,-0.008112278578516603,-0.023202030202829592,5.064373899638807e-05,0.004166780117678528,0.0002327516032886774,-0.00042632589678647713,-5.0334581367290303e-05,2.609489688241138e-05,5.513885768076606e-06,-3.6891428499346204e-07,12.0
0.4575,1.3206314985404923,0.5449097599535793,1.7171054346868513,-0.0065018994573453935,-0.02333138371256964,-0.00022693168984778774,0.004185712752286488,0.0002602660069573665,-0.00042827557087575676,-5.237343088151057e-05,2.634683644369054e-05,5.539890091858761e-06,-4.457249314792715e-07,12.0
0.4604999999999999,1.3181830520924505,0.5431711279974591,1.7184735399342692,-0.004988677912830982,-0.023249408184660134,-0.00047915328324006385,0.004140735032200273,0.0002822981835003643,-0.00041814530979782734,-5.356636671986975e-05,2.470900616627485e-05,5.458803504095949e-06,-2.8826139019025644e-07,12.0
0.4635,1.315606490638441,0.5413567501736213,1.7200929742166977,-0.003423788949023365,-0.02328074250092032,-0.0007535676063835959,0.004136613475347404,0.00030891664346743044,-0.00041696664881533393,-5.534178336102894e-05,2.4513634882090687e-05,5.3888349417206704e-06,-3.4634285844172615e-07,12.0
0.4664999999999999,1.3129036069418638,0.5395029903637389,1.7217124126545515,-0.0018539822317532202,-0.02331416531670344,-0.0010324009602029676,0.0041307263198172095,0.00033702845975575784,-0.00041416466951986426,-5.73040429919528e-05,2.3861432258035468e-05,5.302780623519571e-06,-3.4090706744495716e-07,12.0
0.46950000000000003,1.3102353733343457,0.5375939828053785,1.723187969894325,-0.00027338714497705916,-0.023324801088702163,-0.0013140687853281261,0.004121022569968085,0.00036684131498003963,-0.0004102362602214413,-5.954904805995197e-05,2.2963499684614764e-05,5.226389756988864e-06,-3.0170214406378307e-07,12.0
0.4724999999999999,1.3075771869208657,0.5356508899894415,1.724591199668584,0.0013141839593441048,-0.023329149056473503,-0.0015936691643354882,0.004114277938581198,0.0003965752553626128,-0.0004074397526203899,-6.205844620745188e-05,2.2169550011535022e-05,5.186340709981735e-06,-2.635644397543121e-07,12.0
0.47550000000000003,1.3049948957342412,0.5336736232014366,1.725852264808819,0.0029210214102841263,-0.023306770440965078,-0.001878399550644478,0.004100006296577718,0.00042532478208039804,-0.0004045130458638453,-6.482128224888053e-05,2.1309932094245844e-05,5.220150210101834e-06,-1.838816508536717e-07,12.0
0.4784999999999999,1.3024703531575008,0.5316740660831941,1.7269773190465898,0.004530938951682874,-0.023266573637209,-0.002169834852313838,0.004077061605446567,0.0004526669529538773,-0.00040076542407371227,-6.733477044391063e-05,2.0563237761237588e-05,5.350857159818463e-06,-5.869242308737154e-08,12.0
0.48150000000000004,1.2999536578777589,0.5296690124059331,1.7280098074649826,0.0061158904544971636,-0.02322345152305474,-0.0024594284655694606,0.004052385774881937,0.0004798491745840361,-0.00039564398873123913,-6.897721289558048e-05,2.019835202134729e-05,5.565264217014813e-06,9.091854116454856e-08,12.0
0.48449999999999993,1.29746019981765,0.5276506463237383,1.7289445779699213,0.007677369758331775,-0.023173431038840737,-0.002741993689720412,0.004030475103483804,0.0005089071353135937,-0.00038938224839120514,-7.002356424635717e-05,2.0170294026996925e-05,5.786779753133878e-06,2.2742019736375984e-07,12.0
0.48750000000000004,1.294708264304523,0.5255050603231799,1.7300042776207234,0.009309603750850451,-0.023152220434876022,-0.003043265280710663,0.00402198088281086,0.0005438875115431142,-0.00038583031760277875,-7.1864618946836e-05,2.040640469363589e-05,5.959288764632045e-06,2.71554942965571e-07,12.0
0.49049999999999994,1.2925825586119704,0.5236051532870171,1.7303563010657799,0.010745547169279722,-0.022989573146666817,-0.003274085180888675,0.0039752196401494026,0.0005656878872008087,-0.00037682906385066013,-7.249370408872103e-05,1.9175159340809897e-05,5.901110538336682e-06,4.1275418571115703e-07,12.0
0.49350000000000005,1.2902961792209173,0.5215682106089421,1.7309862549939015,0.012285699641391758,-0.022930001427872854,-0.00354168362436592,0.003966661807133261,0.0005937874733254043,-0.0003769143472328064,-7.416672378914455e-05,1.9041047658857766e-05,5.888675458500969e-06,3.527017056638895e-07,12.0
0.49649999999999994,1.2879076504893578,0.5194678459629488,1.7315039093242204,0.013844572496401981,-0.022823124227984794,-0.0038144558459824,0.0039433260857024656,0.0006201438434544256,-0.0003734385697816177,-7.572111222153952e-05,1.8381870001893463e-05,5.838534991078854e-06,3.678042203922931e-07,12.0
0.49950000000000006,1.2855485185311066,0.5173262481199395,1.73190632788319,0.01539709390577261,-0.02270549246298054,-0.004081561091145618,0.003917128630083794,0.0006425940864417649,-0.0003696231240177335,-7.68706903632872e-05,1.7933656910619457e-05,5.698108811900955e-06,3.4571982300907124e-07,12.0
0.5025,1.282973002471659,0.5150629551670279,1.7324179848576142,0.01700183918716905,-0.022621455759395583,-0.004364090085651191,0.0038970753867694457,0.0006674078350383852,-0.00036738202381958354,-7.835507877384871e-05,1.7849087990182284e-05,5.535645590116902e-06,2.48522645309279e-07,12.0
0.5055000000000001,1.2809289498300684,0.5130868461372929,1.732299475207681,0.01837002177124926,-0.022414104734870367,-0.004570543208193434,0.003836519245470447,0.0006787314847115303,-0.0003575673619184025,-7.820787326291225e-05,1.6511908388541205e-05,5.202628596680082e-06,2.933755484676956e-07,12.0
0.5085000000000002,1.278755488413707,0.51093894616564,1.7324303476582885,0.01988360062694453,-0.022314542716747925,-0.004841135380700338,0.0038139167592761156,0.0007041900278473708,-0.0003561055663840956,-7.986712540010698e-05,1.6482479471546748e-05,4.994578385610718e-06,1.4549744344630914e-07,12.0
0.5114999999999998,1.2764833097740278,0.5087202319096298,1.732456924661164,0.021409497773495698,-0.022182688778538604,-0.005115615789156007,0.0037803229344283724,0.0007323243912926674,-0.0003510115447074367,-8.177243480957095e-05,1.566166613440676e-05,4.8327829221297555e-06,1.3081146091011921e-07,12.0
0.5145,1.2742454916118062,0.5064647484208041,1.7323198809934302,0.022915123717164657,-0.022028060374789632,-0.005373585708384126,0.0037479632043448817,0.0007591880627414981,-0.0003470086974070867,-8.384770973012912e-05,1.4896521389329507e-05,4.751244713168648e-06,1.3607418775771083e-07,12.0
0.5175000000000001,1.2720367466031628,0.5041964207006252,1.7320753956219015,0.024399960969354664,-0.021860519560820704,-0.005616640983271385,0.0037158941957999873,0.0007815459591081623,-0.0003456775008173535,-8.593028750049548e-05,1.4481758505158296e-05,4.799625481103116e-06,1.5062094339812596e-07,12.0
0.5205000000000002,1.269843614491669,0.5019095161186705,1.7317347545756911,0.025869557668517333,-0.02168546134394717,-0.005857320086492155,0.003678245151990578,0.0008003120592814467,-0.0003448323593674837,-8.715781818409111e-05,1.4621050871482324e-05,5.031931757662473e-06,1.949898928057064e-07,12.0
0.5234999999999999,1.2676624246236274,0.4995953828001256,1.7312772915775059,0.027316462482366792,-0.021503285205217076,-0.006095910281979198,0.0036377895480341825,0.0008200000724259851,-0.0003413904101839812,-8.67876012561801e-05,1.5323307821672332e-05,5.404095923478202e-06,2.6501189765568637e-07,12.0
0.5265,1.2654876396201156,0.49724331540041966,1.7307015633519052,0.02874326264321214,-0.021310694025074964,-0.0063276856484566196,0.003599741336005367,0.0008422548815419463,-0.0003358164988765544,-8.575084988200124e-05,1.606418874361464e-05,5.701707958301547e-06,3.0904684366616263e-07,12.0
0.5295000000000001,1.2633134731969595,0.4948454992357451,1.730022260705448,0.030158399053271546,-0.021108812037709233,-0.006554753893305957,0.003563066926717962,0.0008641236506725536,-0.0003310023954816698,-8.558057089233401e-05,1.6299542167729102e-05,5.7514711357231916e-06,2.845838990089833e-07,12.0
0.5325000000000002,1.261130047729401,0.49240363281394395,1.7292600144954102,0.031566436310849634,-0.02090155750901331,-0.006779173270292504,0.0035269040088267626,0.0008845572392050662,-0.00032750716458654523,-8.616910898373727e-05,1.6238064537321277e-05,5.656627542345927e-06,2.1436757352217246e-07,12.0
0.5354999999999999,1.258944130050242,0.4899265993720594,1.7284109914088166,0.03297022204771528,-0.020684457480891934,-0.006998668435961419,0.0034907550497709438,0.0009043985889302576,-0.0003240047042272482,-8.676202466486994e-05,1.6194293468498852e-05,5.558360716573074e-06,1.420497941723641e-07,12.0
0.5385,1.2567763800058585,0.48742051816801385,1.7274550364181511,0.0343738168580434,-0.02044972179346132,-0.007212131989980898,0.0034521421187334094,0.0009232760424067463,-0.0003200620895520249,-8.736431184310422e-05,1.609893498522204e-05,5.4462345524802436e-06,8.273956272516327e-08,12.0
0.5415000000000001,1.2546361238628272,0.4848803395660981,1.7263955978740948,0.03578187924003811,-0.020195421637611413,-0.007420854889573218,0.0034105283975106996,0.0009414442896710246,-0.0003158465115737429,-8.806979475592658e-05,1.598839825354334e-05,5.310639563107689e-06,3.628828524333406e-08,12.0
0.5445000000000002,1.2525121078457644,0.4822959994318373,1.7252600771738433,0.037194359803171644,-0.01992537200728752,-0.007626665547228804,0.003366582780826147,0.0009594826372753729,-0.00031188536613897827,-8.898591938924578e-05,1.5943512584479293e-05,5.156683815161642e-06,-1.0460218963616985e-08,12.0
0.5474999999999999,1.2501004417247683,0.4795418154981606,1.7242294522319468,0.03868301569636351,-0.019661538192130422,-0.007852681729250754,0.00332443143149422,0.0009809925555705086,-0.0003090687558768401,-9.036098710165845e-05,1.595417263371128e-05,5.039565399747873e-06,-7.110705457176365e-08,12.0
0.5505,1.2480984233322632,0.47707136129569117,1.722707099171391,0.03994601923028917,-0.019319697235113606,-0.00799735616000519,0.0032576327781759225,0.0009868495643692366,-0.0003018957721282407,-8.967501569872315e-05,1.4940343670403707e-05,4.819495801914015e-06,-1.5048270408109034e-08,12.0
0.5535000000000001,1.2460547851424797,0.474373261719961,1.7213686801885977,0.04137907554953075,-0.01906318806980354,-0.008209482124819773,0.003223137755977551,0.0010045846753468503,-0.0003026127844070129,-9.05540523547052e-05,1.5124170831268402e-05,4.7660188199700335e-06,-1.5522308793928215e-07,12.0
0.5565000000000002,1.2438357876130952,0.47159399172547095,1.719942684646448,0.042795765045703094,-0.01876292250306178,-0.008417327727556986,0.00317300524194942,0.0010195562315590664,-0.0002999530422322089,-9.135629084887963e-05,1.4819127650406552e-05,4.699457953646634e-06,-2.3020477204766192e-07,12.0
0.5594999999999999,1.241613306852971,0.4687282677566668,1.718342694868472,0.04419441180072569,-0.018437579681898405,-0.008617193521046397,0.0031167372280113737,0.001032160321790846,-0.00029658255578796544,-9.201167299098822e-05,1.4604276721725205e-05,4.600657501403226e-06,-3.191378845099881e-07,12.0
0.5625,1.238992859310388,0.4656323021494267,1.7168325765042491,0.04567171280966068,-0.018112728456637972,-0.008841354124310944,0.003057535855574376,0.0010487602848320645,-0.00029201186914976687,-9.303791070868901e-05,1.4254231029623332e-05,4.518885389997815e-06,-3.878894495233853e-07,12.0
0.5655000000000001,1.2368932980686724,0.4628877471472927,1.7146645798885036,0.04686314542403727,-0.017683985325631573,-0.008965938456103327,0.0029669681744579667,0.0010471487062193537,-0.0002801338815471862,-9.16810947563553e-05,1.2795599830059109e-05,4.239076619413121e-06,-3.046087899320646e-07,12.0
0.5684999999999998,1.234897868480242,0.4598660442888929,1.7126515288315163,0.04829088617497606,-0.017358015861907574,-0.009185356010372745,0.002920081072954572,0.0010655729381456155,-0.0002778439487949588,-9.27358653993556e-05,1.317980522838514e-05,4.123866269324592e-06,-4.912688405858345e-07,12.0
0.5714999999999999,1.232593951675507,0.4567767714242799,1.7106706386573862,0.0496934310583837,-0.01700054537677619,-0.009391861585902096,0.0028596142276651752,0.0010832709776009497,-0.00027087036471444266,-9.363538201854674e-05,1.2662052176538253e-05,3.9830356300343104e-06,-5.439237877905735e-07,12.0
0.5745,1.23023364979393,0.4535597719576685,1.7085119282055075,0.051099419121518726,-0.01660272504911831,-0.009583284397918284,0.00279505979994074,0.0010991072010965715,-0.00026423569565441697,-9.467991948136567e-05,1.2132059597399759e-05,3.858737784885481e-06,-5.932543536123215e-07,12.0
0.5775000000000001,1.2276664400898363,0.4502220936544081,1.706329360157702,0.052528089120437424,-0.016187199655162535,-0.00977476728423469,0.002727362598008302,0.0011131355953928898,-0.0002586102563460393,-9.595579288025005e-05,1.1674804530381682e-05,3.819744172498219e-06,-6.131508969068834e-07,12.0
0.5804999999999998,1.2253307949918408,0.44697550762634214,1.7037186414603356,0.05385268151579069,-0.01569014665880792,-0.009926246471658965,0.002634038141007323,0.0011179588844805412,-0.0002484435276644421,-9.57243745331847e-05,1.0855014089313336e-05,3.835613996561086e-06,-5.051591147718187e-07,12.0
0.5834999999999999,1.22310587656005,0.4435645235150944,1.7011144528420075,0.05528547674889901,-0.015246258587324197,-0.010121144290221958,0.002565322722261912,0.001133521477025634,-0.00024252442667799332,-9.562867409233283e-05,1.1504864902727822e-05,4.0308155095072896e-06,-5.419239004843317e-07,12.0
0.5865,1.220706654198105,0.44013120364204444,1.6985003522280349,0.056690112161300876,-0.014784361616052993,-0.010304395277666642,0.002489755272304028,0.0011503712849751544,-0.00023213899495890002,-9.508443787753802e-05,1.1424034952663823e-05,4.146041959575589e-06,-4.977282744389244e-07,12.0
0.5895000000000001,1.218254632568547,0.4365873775902326,1.6957179234343642,0.058103314401590896,-0.014286898493089678,-0.010477780710824273,0.0024093377136833512,0.0011665416176412622,-0.00022136191378249615,-9.513463522896192e-05,1.0759358399694894e-05,4.078135432580769e-06,-4.795424640543344e-07,12.0
0.5924999999999998,1.2157687194269764,0.4329572401062978,1.692749225432732,0.059496881747217165,-0.013759132830710235,-0.01063027107778587,0.0023267609095801146,0.0011793244042582565,-0.00021154055189498013,-9.559153407418878e-05,9.78808527263167e-06,3.898187155536203e-06,-4.842961310978954e-07,12.0
0.5954999999999999,1.2132468097874898,0.42925745497146006,1.68963398889457,0.06087589354536435,-0.013208086666718896,-0.010766037640454472,0.0022422698737415547,0.0011894354180654058,-0.00020239895166654563,-9.62602441881741e-05,8.697216586160438e-06,3.720719492026817e-06,-4.767138663050872e-07,12.0
0.5985,1.2106886343671206,0.4254952923102872,1.6864004289455137,0.06224897179824279,-0.012639965289475802,-0.010893742415492411,0.002152786810853606,0.0011966215847690825,-0.00019387157360397123,-9.714449967896115e-05,7.510366552421474e-06,3.5739043167605485e-06,-4.454772950544522e-07,12.0
0.6015000000000001,1.2081031465076049,0.42166941827846516,1.6830390931945751,0.06361352085715788,-0.012059500234255146,-0.011018184201864878,0.0020563055601039775,0.0012008657224932108,-0.0001854993383999375,-9.79436349444052e-05,6.348564102000738e-06,3.478165487888428e-06,-3.903236046577247e-07,12.0
0.6044999999999998,1.2054994880705538,0.4177736270694534,1.679522421874247,0.06496152551590854,-0.011467363214097208,-0.011138361572362693,0.0019537225731209606,0.0012031941778718285,-0.00017647353522040596,-9.827514046973833e-05,5.3321383886747575e-06,3.4434087453681216e-06,-3.150296311834036e-07,12.0
0.6074999999999999,1.2028793306282604,0.4138046460375714,1.675827480164509,0.06628487035663548,-0.010859620129461215,-0.011249418277468545,0.0018468565097554547,0.0012045474000982308,-0.00016621191812019823,-9.800383944212955e-05,4.438865308458845e-06,3.4460729104272317e-06,-2.2530625725574656e-07,12.0
0.6105,1.2002337267015522,0.40976445851019716,1.6719489040790754,0.0675762719403461,-0.010232594281858527,-0.011346667675664727,0.0017365881089310203,0.0012047406576555753,-0.0001548335397196057,-9.732336660660667e-05,3.5168846133634328e-06,3.434751910368239e-06,-1.290891459971997e-07,12.0
0.6135000000000002,1.1975560030885188,0.40565309689795714,1.667890727503702,0.06883357835497358,-0.009583984096933017,-0.011427685955623162,0.0016233881803727353,0.0012034090707631312,-0.00014265767409273573,-9.642060772803948e-05,2.4736047233699435e-06,3.3846045657111237e-06,-2.976051352607897e-08,12.0
0.6164999999999998,1.1948471554286941,0.40146313828357283,1.663663534107942,0.0700631328102622,-0.00891291465385552,-0.011492119038281156,0.0015090976039046234,0.0012011459915762946,-0.00012978871571952066,-9.524052716776456e-05,1.4014802162349776e-06,3.3233980470487646e-06,7.35144647637165e-08,12.0
0.6194999999999999,1.192111837700092,0.39718537960982536,1.6592810719187028,0.07127396056651741,-0.008219469575391781,-0.011540453941670371,0.001396007646784755,0.0011987094782527695,-0.00011637879533083417,-9.370273561086444e-05,4.320284736211854e-07,3.2825090445097323e-06,1.784287636667255e-07,12.0
0.6225,1.189353666127118,0.39281709331924597,1.6547539644548126,0.07246934094897374,-0.007504047846856605,-0.011572894357699752,0.0012850100816196946,0.0011958862683475217,-0.00010285552529433343,-9.191141066902271e-05,-4.2233737480549526e-07,3.2550025273793002e-06,2.777579815688582e-07,12.0
0.6255000000000002,1.186564524004788,0.3883618281359431,1.6500997134731636,0.073645658424555,-0.006770245855303511,-0.01158963907319955,0.0011765339934996864,0.0011918098569192505,-8.986589190252316e-05,-9.005579884377693e-05,-1.2016389371571254e-06,3.2136880917422697e-06,3.6107244137614055e-07,12.0
0.6284999999999998,1.1837529021963848,0.3838240328374405,1.6453048975795852,0.07479619219401998,-0.006015643536333662,-0.01158997376296354,0.0010687610712920988,0.001185453213790557,-7.74897654940479e-05,-8.824522827902235e-05,-2.0040578371608976e-06,3.135559284423526e-06,4.303188912074139e-07,12.0
0.6315,1.18092619951715,0.37920434529169805,1.6403532253812942,0.07591519551694098,-0.005238357909900209,-0.011573719620190617,0.0009600770031758059,0.0011761363361873995,-6.562897542774562e-05,-8.650648405549897e-05,-2.8940597246899955e-06,3.0096833785832286e-06,4.903113238241869e-07,12.0
0.6345000000000001,1.178076269678337,0.37449796560590615,1.635249876975033,0.07700062356739049,-0.0044426553168581675,-0.01154222479104099,0.0008510017782816341,0.0011637634001120194,-5.4443609138991025e-05,-8.482889658126262e-05,-3.842545243615593e-06,2.836954812833675e-06,5.386816937458415e-07,12.0
0.6375000000000002,1.1751991748585577,0.36969257562230945,1.6299961268031082,0.07805738404180013,-0.003632432010134805,-0.011497882870911445,0.0007426467097704324,0.0011488004557735788,-4.410690164334977e-05,-8.319754955610311e-05,-4.782666944093541e-06,2.6274158415070083e-06,5.707631659514995e-07,12.0
0.6404999999999998,1.1722910702850635,0.3647791703206448,1.6245867526386357,0.07909012846951283,-0.0028093985274748497,-0.011441805201801577,0.000636098143983726,0.001131882432661533,-3.4649645685180114e-05,-8.155842594047475e-05,-5.6426527242144885e-06,2.3961146413841556e-06,5.840932118873178e-07,12.0
0.6435,1.1693504890925344,0.3597750971257597,1.6189972233821546,0.08008465402295085,-0.0019685801662311744,-0.011368143056382868,0.0005303671323520922,0.0011127912291674891,-2.548576284129966e-05,-7.971599504366813e-05,-6.429892148302352e-06,2.154800271134415e-06,5.90255709741915e-07,12.0
0.6465000000000001,1.1663793469939707,0.35470336396164465,1.613208727168795,0.08101974107819153,-0.0011059600817729007,-0.011268695904701117,0.00042464175903625715,0.0010911174821298655,-1.6037581575059245e-05,-7.746624289603115e-05,-7.134463077264254e-06,1.9164241832486166e-06,5.991283176216793e-07,12.0
0.6495000000000002,1.163404555679303,0.349553249001213,1.6071998062858273,0.08189882668404137,-0.00022120821881632124,-0.011141439172908392,0.00031983024914463884,0.0010673217823703898,-6.218926532159427e-06,-7.476750872023739e-05,-7.686255051381322e-06,1.6972700902226028e-06,6.095204525909842e-07,12.0
0.6524999999999999,1.160248017383424,0.3441521377551253,1.6008961125878203,0.0827986254703597,0.0007315420590847648,-0.010995989005509335,0.00020402973519169978,0.001042760344889158,6.556626317213252e-06,-7.168241746210794e-05,-8.50979724194566e-06,1.5034854748305945e-06,6.802987349591432e-07,12.0
0.6555,1.1571776521256627,0.3390127959627712,1.594428016387646,0.08344936465570982,0.001624102653733377,-0.010776625009183045,0.00011046960191535532,0.0010086009957587687,1.5944396922374168e-05,-6.72871193723149e-05,-8.740496704464125e-06,1.2698143348761453e-06,6.952417364423339e-07,12.0
0.6585000000000001,1.154285683908469,0.33369696082720957,1.5878222544832337,0.08419713722730801,0.0025007371003634383,-0.010589039191305388,2.958353946614004e-05,0.00098364792941127,2.306272328574014e-05,-6.392903685014971e-05,-8.584999955427817e-06,1.14180236647429e-06,6.630206535256917e-07,12.0
0.6615000000000002,1.1511698109204909,0.3282758042720433,1.581077045972866,0.08490395348331888,0.0034186867044579744,-0.010376707451159784,-6.044362712599269e-05,0.0009553469386999016,3.2448388049049286e-05,-6.018353753457662e-05,-8.82768236035101e-06,9.862078804200629e-07,6.778835034232821e-07,12.0
0.6644999999999999,1.1480114121160883,0.32270453343794714,1.574015586475501,0.08554565549056077,0.0043710135321945575,-0.010125483571033635,-0.00014692998206561336,0.0009219046032188888,4.051417722030039e-05,-5.599282300579112e-05,-8.876427619727172e-06,7.894116174544904e-07,6.501175981062587e-07,12.0
0.6675,1.1443999373248888,0.31638881452684925,1.5662857111467157,0.08624676890854467,0.005492891791187415,-0.00983658769993107,-0.0002558297190455263,0.0008847998863749094,5.1917917890081655e-05,-5.1569258657552496e-05,-9.423787049248988e-06,5.71147629639907e-07,6.598059395495313e-07,12.0
0.6705000000000001,1.1414774325702943,0.3115169345252114,1.5592452657910425,0.08630694493682912,0.006253071295769154,-0.009463804707201585,-0.0003010970424625435,0.0008363820474098977,5.526634743485964e-05,-4.6203174658683686e-05,-9.178988079295383e-06,2.9122794931322396e-07,5.789087368642532e-07,12.0
0.6735000000000002,1.1385229080151542,0.3058983537007696,1.5517792671921913,0.08685089234183693,0.007156188142950977,-0.009189708655723779,-0.0003649190074542056,0.0008058978034887092,6.102056596946504e-05,-4.288283299292915e-05,-9.170447333416034e-06,1.3014095562439097e-07,5.187570397359064e-07,12.0
0.6764999999999999,1.1351988067422736,0.29995782813543664,1.5439098065315757,0.08727190640021043,0.008141382519450768,-0.008851587569032449,-0.00043635095165751105,0.0007675960803775481,6.82518476652205e-05,-3.890121018744683e-05,-9.251227887200148e-06,-1.0940247881044409e-07,4.873809877642622e-07,12.0
0.6795,1.1319201664781198,0.2939557742641458,1.5357295932265556,0.0875707337043265,0.00911962380039897,-0.008474188396690566,-0.0004945455079080601,0.0007267057310721651,7.334834244115531e-05,-3.476991093790293e-05,-8.988245193784883e-06,-3.719086555884851e-07,4.3459929962166166e-07,12.0
0.6825000000000001,1.128426078840308,0.28735109165144673,1.5268812958014888,0.08787550888954955,0.01023537204579327,-0.008054040668699239,-0.0005614463967069578,0.0006846546785724649,7.922133617984672e-05,-3.057000115325612e-05,-8.894227268373075e-06,-5.944138941416332e-07,3.9859648226578563e-07,12.0
0.6855000000000002,1.1254990971172167,0.28206072051829484,1.5189909917612516,0.08769789677663167,0.01099163162525116,-0.007613310983342509,-0.0005722209196675821,0.0006390784092170392,7.795959528708395e-05,-2.6123763357286206e-05,-8.149106071128027e-06,-7.927299585021171e-07,2.9846855157260347e-07,12.0
0.6884999999999999,1.1224125342213143,0.27591361404661924,1.5104373006990035,0.0879314738383398,0.011952635254155151,-0.007216109493329412,-0.0006087105982355164,0.0006018900279182123,8.114662405731659e-05,-2.254556847242073e-05,-7.875834648320812e-06,-9.238293976741349e-07,2.5896460892200497e-07,12.0
0.6915,1.119119465710848,0.26952651179625836,1.5013797376327713,0.08794826772549638,0.012950228206937987,-0.006738705409865817,-0.0006361621730609383,0.0005590560479750512,8.34316573277839e-05,-1.8534451535876942e-05,-7.374888221585582e-06,-1.0852338203910532e-06,1.8507851957567733e-07,12.0
0.6945000000000001,1.1159265386229789,0.26321878555525996,1.4921585341301626,0.08781596746777981,0.013896490682950785,-0.006235945318321606,-0.0006471595418945431,0.0005175929330558763,8.42980179829731e-05,-1.4844697266422974e-05,-6.888704812421974e-06,-1.287843624619749e-06,8.878377784282095e-08,12.0
0.6974999999999998,1.11277180778454,0.25692161496913035,1.482758736793688,0.08761616219895225,0.014852506712126623,-0.005717812047666287,-0.0006570098289748417,0.0004777112984053604,8.586100529082744e-05,-1.168229047355518e-05,-6.8168606143449e-06,-1.5305981709473794e-06,1.5217628085055023e-08,12.0
0.7004999999999999,1.1094419398008737,0.25065441256961485,1.4734650516049168,0.08730354951257725,0.01573461670168253,-0.005188601512821597,-0.0006445812849547486,0.00043929015604087993,8.401982453085677e-05,-8.756802042988295e-06,-6.342457110421141e-06,-1.7616979458113153e-06,-1.0802697912701563e-07,12.0
0.7035,1.1063424899866041,0.24440054770313815,1.4639074941136692,0.08690503389445739,0.016598532406983217,-0.004646799744518082,-0.0006205443064854151,0.00040464289397981675,8.182112610291075e-05,-6.103041779158177e-06,-5.786594053335506e-06,-1.931730702087932e-06,-2.237018090816517e-07,12.0
0.7065000000000001,1.1032955561422675,0.23822102514370244,1.454251341365221,0.08640895168793998,0.017427591324798375,-0.0040990104204964364,-0.0005890994944874192,0.0003736664099843564,8.06440747201703e-05,-3.638328238229911e-06,-5.400490361373123e-06,-2.0502876291339036e-06,-2.998388256814783e-07,12.0
0.7094999999999998,1.1002783495802064,0.2320554790678883,1.444522719757793,0.08584825962708376,0.018219810245935213,-0.0035497709159153868,-0.0005481688733195209,0.0003464453017838634,7.991118609526322e-05,-1.2035011960152552e-06,-4.997379329051157e-06,-2.112474322474142e-06,-3.546864637029219e-07,12.0
0.7124999999999999,1.0972409176938347,0.22584454743692262,1.4346639599868374,0.08522811715320942,0.018995592702635955,-0.00299186531862265,-0.000500096313225433,0.00032199872760590916,8.001889653162286e-05,1.3656395747772756e-06,-4.5767093748742024e-06,-2.1192115916694328e-06,-3.8461173875761417e-07,12.0
0.7155,1.0940494104843133,0.219649880262513,1.4249378007222924,0.0845014698871638,0.01968171613236591,-0.002426863626063465,-0.0004282640887831799,0.00029955097657233525,7.747676827926695e-05,4.05824375187946e-06,-3.6358245023330493e-06,-2.0718167219188548e-06,-4.484697655963683e-07,12.0
0.7185000000000001,1.0910202329470287,0.21347536371184425,1.4150949223618203,0.08369662685192299,0.02031960324835625,-0.0018579239441811077,-0.0003415213676751454,0.00028133746288545793,7.438490298118737e-05,6.503381232868481e-06,-2.5253167372695947e-06,-1.9541279053413195e-06,-5.04516940313404e-07,12.0
0.7214999999999998,1.088070672445865,0.2073549922672918,1.4051883463849428,0.08282769152123404,0.020923509484536303,-0.0012925583130459597,-0.00025012951033663436,0.00026715861166405586,7.260255326379314e-05,8.680652411708579e-06,-1.5671844839398757e-06,-1.7864276076718928e-06,-5.204024616976296e-07,12.0
0.7244999999999999,1.0851601199336462,0.20123433433058607,1.3952498280953038,0.08193375134906214,0.021501491540892353,-0.0007360630343399507,-0.0001560349620646422,0.00025601677166764165,7.156749569458388e-05,1.0719625422410177e-05,-6.680044830402423e-07,-1.5992715165538618e-06,-5.188981254211766e-07,12.0
0.7275,1.0822874518170897,0.19507434277987243,1.3851387456135078,0.08101475952548991,0.022091545840275176,-0.00017885267420440163,-6.662094524042122e-05,0.0002463365605234594,7.223700733295056e-05,1.2810263943604805e-05,3.145940046404135e-08,-1.4183588917135203e-06,-4.928116611432032e-07,12.0
0.7305000000000001,1.0792668027685908,0.18902731670271783,1.3752633965108683,0.07998749904261455,0.022581505298147186,0.00037086660087940035,3.717522677657208e-05,0.0002369928196350887,7.039746810349375e-05,1.496415154926997e-05,1.0616975757601207e-06,-1.259569209690206e-06,-5.116980001888306e-07,12.0
0.7334999999999998,1.0766031541123884,0.18306666225388127,1.3651947801249391,0.07889830097203647,0.023040300347984783,0.0009056299828659607,0.00014169765930065715,0.0002329164639513225,6.98785467522304e-05,1.6736102678245328e-05,1.8708829618830343e-06,-1.0966838285472064e-06,-5.142771563071988e-07,12.0
0.7364999999999999,1.0739364485098462,0.17721821393209064,1.3552665733295628,0.07774644152372596,0.023425844600904598,0.001411138502368655,0.0002483991630524501,0.00023401360357364217,7.048216210647633e-05,1.8200057434406005e-05,2.4688299940686115e-06,-9.477004419008804e-07,-5.066186140454911e-07,12.0
0.7395,1.0712280904180294,0.17142010857460846,1.3454420845547386,0.07655694730998458,0.023744885126444376,0.00189227339607947,0.0003623459351040816,0.00023973036089377413,7.121476998886256e-05,1.9471942942385476e-05,3.0432674768938966e-06,-8.24526182818099e-07,-5.11403154631889e-07,12.0
0.7425000000000002,1.0682398251182188,0.16499221551502213,1.3347877854927686,0.0752789956013668,0.0241328299805883,0.0024149528821394623,0.0004862795162771319,0.00025040425821311666,7.362639371508929e-05,2.0723435349548235e-05,3.474400734859481e-06,-7.122597404850328e-07,-5.072943761910651e-07,12.0
0.7454999999999998,1.0659022243688567,0.16024733871417932,1.3261924913545373,0.07387125568067779,0.02418393877655542,0.002819392094870507,0.0006067254798526896,0.0002593115494071401,7.31764051684629e-05,2.1575072970499393e-05,3.8937607640662865e-06,-6.440780623457841e-07,-5.250647682317163e-07,12.0
0.7484999999999999,1.06340194125982,0.1545681081134454,1.3163810289317088,0.07263026630838906,0.024409751953634495,0.00326312620930953,0.000737656510650558,0.0002762566501447093,7.442396184070383e-05,2.2049745049472806e-05,4.213565166496159e-06,-5.06226016874275e-07,-5.221762011031052e-07,12.0
0.7515000000000001,1.0608987376137293,0.14897034976525808,1.3063302186795784,0.07113415549528881,0.024559919100802532,0.0037191408414423556,0.0008734561065541534,0.00029442812559112784,7.670157044672654e-05,2.261113198530704e-05,4.5065803568900415e-06,-3.3827989490394993e-07,-4.978511661808846e-07,12.0
0.7545000000000002,1.0584656671141375,0.1436153605171461,1.296636281657843,0.06965629744144637,0.0246495708852303,0.004133597101038071,0.0010041670772232849,0.00031375902505781703,7.919679089484432e-05,2.3580955797993348e-05,4.876177125872495e-06,-1.576491622215584e-07,-4.7681165673070945e-07,12.0
0.7574999999999998,1.0557710293746427,0.13781657006814835,1.286476046969024,0.06811885683677478,0.024770960305336782,0.004569987446370719,0.001142626933300234,0.0003357025813867855,8.322782779310637e-05,2.505388885849029e-05,5.421474027683024e-06,3.4513026014194374e-08,-4.5552919740452393e-07,12.0
0.7605,1.0537135290103699,0.13353541965045967,1.2782953314517214,0.06659089740311223,0.024658340506158775,0.00488258004940649,0.0012549010259556477,0.0003546503022794826,8.697169132324934e-05,2.6017088706358734e-05,5.886232826166437e-06,1.782946661183549e-07,-4.1907531379630087e-07,12.0
0.7635000000000001,1.0514932891757625,0.12843285477178149,1.2689797426816245,0.06518430294368109,0.02469209539780784,0.005232539774020546,0.0013820559640765739,0.0003813833765921687,9.119798353106219e-05,2.738121402576983e-05,6.717807670610537e-06,3.61923504594534e-07,-4.0919275246094686e-07,12.0
0.7665000000000002,1.0492466894246963,0.12337004569332606,1.2595372202306836,0.06355885701868497,0.024640852975850634,0.005582997985974497,0.0015107596562459356,0.00040823933456736493,9.769809608512435e-05,2.9563319041809256e-05,7.378322724198945e-06,4.926869074752818e-07,-4.0316769221888265e-07,12.0
0.7694999999999999,1.0470422222754983,0.11855683207918176,1.2506026873998348,0.061955994666218116,0.02450866395002146,0.005885197000276361,0.0016367923624566938,0.00043717129470228106,0.00010375248462415621,3.121685817630947e-05,7.853378703546906e-06,5.623280147538796e-07,-4.1102732625139317e-07,12.0
0.7725,1.044882516143286,0.11388718558918132,1.2419557945673105,0.06037208869956688,0.024340571276090336,0.006162302176737129,0.0017598858976749033,0.00046575084369537573,0.0001089601825915838,3.253834841826238e-05,8.333863684142113e-06,6.651939441383059e-07,-4.0872006302997357e-07,12.0
0.7755000000000001,1.042933989654081,0.10932956987534757,1.2333024832041972,0.058784754650871254,0.024168396760852487,0.006421182080458378,0.0018740102280652344,0.0004946767771216386,0.00011549052219693402,3.4110172738404415e-05,8.856618244144496e-06,8.347852225299025e-07,-3.777077099546066e-07,12.0
0.7785000000000002,1.041422414432532,0.10489204558710707,1.2243728624562469,0.057188178409829434,0.024034157981034594,0.006669537919770049,0.0019731985651392525,0.0005248555457010101,0.0001251019072673939,3.600775225765968e-05,9.214130645884605e-06,1.0409685951193973e-06,-3.086264825413509e-07,12.0
0.7814999999999999,1.0398211723748016,0.10057320877837866,1.2157764412878458,0.055583456420754906,0.023844255845445344,0.006890235102877549,0.002069592887329213,0.00055464959472955,0.00013453961418019347,3.820185834605552e-05,9.765892598638559e-06,1.2804589898624988e-06,-2.400234564853626e-07,12.0
0.7845,1.0380307229543062,0.09635796278705792,1.207632081113862,0.053981715184984624,0.02358420643797977,0.007080090765118334,0.0021658018431751796,0.0005840019606660336,0.00014317974740957112,4.065241135322029e-05,1.0565667698600934e-05,1.5483026646152976e-06,-1.8041566672701267e-07,12.0
0.7875000000000001,1.036156584851569,0.09223895101119356,1.199821088461763,0.052390732553550784,0.023276342294013833,0.007243207181989537,0.002259434207315028,0.0006132574218817549,0.0001516128330212705,4.332071029594611e-05,1.1518044177584604e-05,1.8365658567910379e-06,-1.2430557746530093e-07,12.0
0.7905000000000002,1.0343513994431817,0.08821700796099742,1.192175307298412,0.050814331365381,0.022949401078243732,0.007385148300347542,0.0023471363352427456,0.0006427509561062473,0.00016063111636783944,4.6180579782104415e-05,1.2508698897751881e-05,2.138044413398904e-06,-6.363755063309961e-08,12.0
0.7934999999999999,1.032918603288169,0.08430426952319006,1.184362665782056,0.049251299761305156,0.022655410370416185,0.007515558614511551,0.002422589290925244,0.0006733538705301023,0.00017193222185839867,4.9287133970319014e-05,1.3366882484075189e-05,2.451793203371442e-06,1.918715158390279e-08,12.0
0.7965,1.0314311913206025,0.08051204331633205,1.1768830464780144,0.04770272619634073,0.022321854999688015,0.007622946580513038,0.002494487685027439,0.000702935078571995,0.00018263123932423528,5.2413296054428525e-05,1.4278590951236821e-05,2.758049597342177e-06,9.462837084252628e-08,12.0
0.7995000000000001,1.02983748475246,0.07684074311061002,1.1698142454672804,0.04617679757074467,0.021940334796855265,0.0077053489531117205,0.0025639006597239864,0.0007310901599064725,0.00019216227087779525,5.542919335085848e-05,1.5237589461156474e-05,3.0466496134206167e-06,1.5742373640698008e-07,12.0
0.8025000000000002,1.028212448779087,0.07329432359700681,1.163084938265991,0.04467881525505733,0.02152418035504901,0.007764562369390107,0.0026290174731585254,0.000757845976531935,0.00020078179502287162,5.825847027815652e-05,1.6174256155023433e-05,3.310822163776335e-06,2.1079482609941266e-07,12.0
0.8054999999999999,1.0267231156007064,0.06987983885844001,1.1565123310384533,0.043209439033649176,0.02110173678589226,0.007805171896041387,0.002686173851975508,0.0007835171434279968,0.00020931356993198204,6.08905483544027e-05,1.6991147628748917e-05,3.5481034069568315e-06,2.634709145002845e-07,12.0
0.8085,1.0254749659482756,0.06660616455341206,1.1499717196196961,0.041764575930361,0.020691472076112837,0.007830851245507777,0.0027329558273930387,0.0008080951899570161,0.00021824653867975446,6.333135758683215e-05,1.763369178402328e-05,3.756938428701629e-06,3.2060603961069857e-07,12.0
0.8115000000000001,1.0242174542556983,0.06347479442331053,1.143723106718331,0.04034104619818726,0.020255991011814804,0.0078373097014165,0.002773944941813724,0.0008301992495230139,0.00022605727970526068,6.545878675857461e-05,1.81956721819118e-05,3.927538472758197e-06,3.675592361123166e-07,12.0
0.8144999999999998,1.0229495928640662,0.060478816299684185,1.13774605759168,0.038938606322993306,0.01979855926564271,0.007826002940452789,0.0028092992311137504,0.0008497725961083478,0.00023276000602687612,6.728225641984674e-05,1.868608072652536e-05,4.06291418032811e-06,4.0481301942020815e-07,12.0
0.8174999999999999,1.021693687822356,0.057611827559042414,1.13199471991929,0.037556757927670444,0.019326212472191562,0.007798988412563467,0.0028388388014006596,0.0008669977440520583,0.00023858604303940377,6.884936871601472e-05,1.9112606832900667e-05,4.170128286009642e-06,4.350122250180758e-07,12.0
0.8205,1.0205364795514096,0.05486931753795895,1.126359468602236,0.03619528186134497,0.018855265381744243,0.0077594331637588386,0.0028613467756733227,0.0008824271210797548,0.0002441561320474282,7.025494072667467e-05,1.9467740895344728e-05,4.26034530322939e-06,4.6448234347230167e-07,12.0
0.8235000000000001,1.0197199455079473,0.05225346043964939,1.1205710804444593,0.03485223016151224,0.018424645872488096,0.007713425004075444,0.00287279683412272,0.0008972159841768988,0.0002509281836799306,7.168045426052205e-05,1.9699624594446075e-05,4.350460036139816e-06,5.073308881935512e-07,12.0
0.8264999999999998,1.0187342013054332,0.04976143621573777,1.1151835249966588,0.03353011641304543,0.017959191341250243,0.0076524867218161815,0.0028829632585918746,0.0009094794799046788,0.00025622661235982704,7.293302753700112e-05,1.99816250020142e-05,4.427806337301634e-06,5.387638793317188e-07,12.0
0.8294999999999999,1.017666555914735,0.04738140925491651,1.110108341077286,0.0322372331891578,0.017474609529889523,0.007579109951233693,0.002890980522176759,0.0009199218894406486,0.0002605990456915165,7.408516731146008e-05,2.03007305104831e-05,4.501084912824575e-06,5.641134633931248e-07,12.0
0.8325,1.0165846872530304,0.04510675799012632,1.1052767922610771,0.03097893467582609,0.016983747201033374,0.007495852112530003,0.0028960225572983336,0.0009289887304768634,0.0002644651230990412,7.519554273519167e-05,2.064272252988909e-05,4.575694498214261e-06,5.874264355042472e-07,12.0
0.8355000000000001,1.0156242581693493,0.04293381829716291,1.1005453232958367,0.029757817624121566,0.01650883179875759,0.00740637188441472,0.0028958522918471593,0.0009372452634002494,0.0002685475423589286,7.63467969976728e-05,2.0972140502441484e-05,4.657457311403672e-06,6.154594423828897e-07,12.0
0.8384999999999998,1.0151738387738227,0.04086808680616694,1.0954977686474192,0.02856997624357141,0.016107632627017827,0.007318261355146492,0.0028834093392147574,0.0009459954485468721,0.0002748089896305637,7.774374861891189e-05,2.1189099234007496e-05,4.7604048816408046e-06,6.663463955420984e-07,12.0
0.8414999999999999,1.0143701759323704,0.03890537432468315,1.0910499041182247,0.02741512355903062,0.015655665636523042,0.007219164636375586,0.0028739186330696788,0.0009517917061328328,0.0002787931071515603,7.89434194564462e-05,2.150004582309138e-05,4.846925582032828e-06,6.99307586892935e-07,12.0
0.8445,1.013445224636724,0.03702780348898908,1.0869515601707584,0.02629912528008387,0.015186588827878543,0.007112277261092859,0.002863473897997221,0.0009556504592656891,0.0002816227593687404,8.002898147803471e-05,2.184180250251855e-05,4.924530760270958e-06,7.24451464233492e-07,12.0
0.8475000000000001,1.0124849200264106,0.03522546536913724,1.0831070761857278,0.025223258572028173,0.014712124412057147,0.006998687188927129,0.002850518240413309,0.0009578808666878596,0.00028367830559237464,8.101589007466822e-05,2.2186717412201064e-05,4.99461179071768e-06,7.451145414961745e-07,12.0
0.8504999999999998,1.0117034503386506,0.03349206720504214,1.0792890825959158,0.024187086152418158,0.014261119742030945,0.006880927946043893,0.0028313113673188407,0.0009592021612435465,0.00028593348820256804,8.19874135420206e-05,2.2484304289394836e-05,5.064387556527561e-06,7.700310422838629e-07,12.0
0.8534999999999999,1.0112304701035866,0.03182785981654299,1.0753621576014678,0.0231877417301197,0.013850154550980598,0.0067605580202259995,0.0028036153726949276,0.0009599377283423798,0.0002889298152966849,8.299304798673139e-05,2.2706402081540154e-05,5.137927585752458e-06,8.040271718953203e-07,12.0
0.8565,1.010582137386851,0.03022856023959645,1.0718356428967746,0.02222624080263775,0.013411116394286321,0.006631712153374366,0.0027762254584742106,0.0009584033105721393,0.0002903140140850469,8.37793923308694e-05,2.2951180408503872e-05,5.193830174061947e-06,8.25406329370106e-07,12.0
0.8595000000000002,1.0099197429373836,0.028687678418435798,1.068539915108028,0.021306342913955334,0.012967531920227105,0.00649662863280005,0.0027467114160592094,0.0009553340389359488,0.0002908811504846077,8.442544348055719e-05,2.3183674843045016e-05,5.239440784777084e-06,8.410470540700437e-07,12.0
0.8624999999999998,1.0092693149715772,0.027207063069872958,1.0654431445029588,0.02042866069030403,0.012525313925853522,0.0063567507060435765,0.0027148570391081544,0.000950936688554014,0.0002908333621731182,8.495826876526976e-05,2.3394549137248264e-05,5.276425859113451e-06,8.52466789273768e-07,12.0
0.8654999999999999,1.0087581388817053,0.025792700842464728,1.0624060414899406,0.019592019457170606,0.012104695638682767,0.006214942822323402,0.00267863205596578,0.0009457275846728452,0.0002908498305114044,8.546273598235065e-05,2.355674474230999e-05,5.311018189752578e-06,8.655991850725336e-07,12.0
0.8685,1.0088776527160594,0.024461016521336695,1.0589103518999754,0.018789398415696573,0.011774993566976009,0.006078134376535839,0.0026293962171493523,0.0009411929533661693,0.0002932155233087289,8.62048843032507e-05,2.357916923462329e-05,5.364977265383062e-06,9.013257873607952e-07,12.0
0.8715000000000002,1.0084368722361252,0.023213609901312625,1.056183036522073,0.01802035506020583,0.01137688265107859,0.005935903560421797,0.002588537216894356,0.0009337435019108279,0.0002926513138273623,8.661997500782702e-05,2.3676389899740147e-05,5.38635371128187e-06,9.109266706899161e-07,12.0
0.8744999999999998,1.0078913838712127,0.022036040876903664,1.0537436242313325,0.017291315923771436,0.010974036632263671,0.005792679643610948,0.00254856701835724,0.0009251725589250571,0.000291260761359955,8.692572105472542e-05,2.3770448931407322e-05,5.396759583995533e-06,9.133768998038497e-07,12.0
0.8775,1.0073023888193586,0.0209240378679596,1.0515175313037766,0.016602104160453178,0.01057611309261217,0.005649481485805192,0.0025085913567859646,0.0009157963805695487,0.0002893528363964251,8.714194572981279e-05,2.3850263412542406e-05,5.399079577776231e-06,9.113862682925766e-07,12.0
0.8805000000000001,1.0069139060546153,0.019876984471341893,1.0492420953656798,0.01594919497173417,0.010216277651528279,0.005508765132195708,0.0024643107791243847,0.0009063013031651205,0.0002879787459342651,8.736347663817176e-05,2.3872766589599563e-05,5.403273947438205e-06,9.146998549449757e-07,12.0
0.8835000000000002,1.0073749835344488,0.018909044412576514,1.0462394912661945,0.015320274528682782,0.009980453634558462,0.00537679254297413,0.002403870973964362,0.0008981520221173387,0.0002898429632515851,8.7867923365062e-05,2.372581066234543e-05,5.435643970107895e-06,9.487026809745324e-07,12.0
0.8864999999999998,1.0069880425315598,0.01801480873611677,1.0442440343917159,0.014712229313199317,0.00964312347183707,0.005240209654922413,0.002357647562469436,0.0008866203131447912,0.00028777841719089065,8.784934976356081e-05,2.368459826527883e-05,5.418584453034533e-06,9.467451011666292e-07,12.0
0.8895,1.0064786894964899,0.017170897984755226,1.0425040067720253,0.014130835353118517,0.009299917297406016,0.005103599849769495,0.002313082781182231,0.0008739197657195642,0.0002848870738533317,8.761813196889707e-05,2.3631900197064976e-05,5.384404013382458e-06,9.375251805945406e-07,12.0
0.8925000000000001,1.0058886433787033,0.016369921997435047,1.040967668849465,0.013574249824909233,0.008955768584027945,0.004967281676357695,0.0022695659845346308,0.000860181139470475,0.00028140172452407086,8.7190704523182e-05,2.3561428096942946e-05,5.334588219215967e-06,9.232139508436813e-07,12.0
0.8955000000000002,1.0055532886183514,0.015610589623197326,1.0392829166108215,0.013038558970143072,0.008653840608166477,0.004833792423183271,0.002221185604332895,0.000846244978575959,0.000278734571243224,8.672515229954303e-05,2.3423485585223448e-05,5.284189437011015e-06,9.171148937673345e-07,12.0
0.8984999999999999,1.0055364157731717,0.014899332774952416,1.037374012979051,0.01251752683556828,0.008401632198942265,0.004704050641352015,0.0021668254435812033,0.0008322335972994728,0.0002771648760503686,8.62705473536448e-05,2.3213782658847267e-05,5.236800336062744e-06,9.219929251256274e-07,12.0
0.9015,1.0051762590003377,0.014232331106546455,1.0359046945547634,0.0120117204789518,0.008112266858275536,0.004573673741898797,0.002118704929027659,0.0008168134678191005,0.00027409061447769757,8.557576435055436e-05,2.3046828860069798e-05,5.166436664838688e-06,9.133824184821086e-07,12.0
0.9045000000000001,1.0047825987233445,0.013599314373354723,1.034548251896453,0.01152611689496573,0.007825527197042725,0.004444036552071566,0.0020715327543312716,0.0008011294612489704,0.0002707705085038817,8.480329002768208e-05,2.2885858022334513e-05,5.090920295711091e-06,9.030706325826162e-07,12.0
0.9075000000000002,1.0043466740741938,0.012995235782234094,1.0333028456440219,0.011063581524071234,0.00753969681296814,0.004314967221549715,0.002025636816794272,0.0007854956033423536,0.0002671759976714816,8.398269068649119e-05,2.2741146055385405e-05,5.0137875462058e-06,8.908006996395253e-07,12.0
0.9104999999999999,1.0040761825951208,0.01241910762727492,1.0319473783638922,0.0106248616776267,0.007281237084251335,0.004187956038648269,0.0019772324920052553,0.0007705799335062406,0.0002641093788404153,8.322717482163129e-05,2.2584115144688637e-05,4.946789886071859e-06,8.842737509918463e-07,12.0
0.9135,1.0041221147955057,0.011878750557893518,1.030319186775845,0.010205843050783238,0.007069673012437701,0.004064906497812513,0.0019233373571760852,0.000756684221141318,0.00026215418282881975,8.262134695310743e-05,2.2388319562138707e-05,4.897366388481425e-06,8.892499642717648e-07,12.0
0.9165000000000001,1.003811515781899,0.011375351618753303,1.0290941435591312,0.009804970512392746,0.006818967927788733,0.003943230879183146,0.0018762157894885402,0.000742412820003681,0.0002588154445734591,8.192700487560013e-05,2.2254342787585166e-05,4.837973736992826e-06,8.82024918016765e-07,12.0
0.9195000000000002,1.003466556657184,0.010902389357769193,1.0279439937416124,0.009423279088478781,0.0065709629049373166,0.003824921523843495,0.0018301413847639665,0.0007284137038766267,0.0002553655651570953,8.127421120388885e-05,2.2129534809812394e-05,4.781922653580449e-06,8.745401515975733e-07,12.0
0.9224999999999999,1.003089004428026,0.010452201658606334,1.0268736127261209,0.009060639073259538,0.0063253269204868725,0.0037100447130676804,0.0017855963217459738,0.0007146016463855597,0.00025181630034838557,8.065687713576507e-05,2.201561173212314e-05,4.728031884773214e-06,8.665581621303221e-07,12.0
0.9255,1.0028504374341167,0.010011538277879735,1.0257244914554253,0.008717951916011685,0.006102363040675703,0.0035988224391203198,0.0017402344697851084,0.0007012314715264926,0.0002487425026867271,8.01171765778782e-05,2.1892986782313898e-05,4.681681283045518e-06,8.631215510214005e-07,12.0
0.9285000000000001,1.0033585013189876,0.009577162425817565,1.023900834354881,0.008390198369102696,0.00597760320991835,0.0034938654469158816,0.001683438096940225,0.0006891958020792862,0.00024824356666503026,7.98453959527438e-05,2.1672123551407368e-05,4.664953779961905e-06,8.841355254646853e-07,12.0
0.9315000000000002,1.0030936987808003,0.009136901822733322,1.0229513436960826,0.008077525809730292,0.005756995003374806,0.0033883606829764427,0.0016437768895877865,0.0006758433099278329,0.0002448194330933477,7.929854935689053e-05,2.1591597218429906e-05,4.616100567217007e-06,8.759529393612549e-07,12.0
0.9344999999999999,1.0028135859072516,0.008677382241213984,1.0221153480935776,0.007783015220102414,0.005537870129794475,0.0032851637284439725,0.0016069625584766798,0.000662660481725623,0.00024124480905320653,7.873505798641241e-05,2.1526823451432845e-05,4.566085601428192e-06,8.651365015858702e-07,12.0
0.9375,1.0024860980426111,0.008207402454107712,1.0214178620786838,0.007502237470054215,0.005318042290014522,0.003185229348947959,0.0015727230721477939,0.0006495902919876083,0.0002374903894004315,7.81537189452511e-05,2.1467200326160675e-05,4.513821284443597e-06,8.514372017187902e-07,12.0
0.9405000000000001,1.0023854518996118,0.007742519606279439,1.0205693916380554,0.00723141577176661,0.005133449859367771,0.0030905102334016746,0.001535060906708564,0.0006370797823607457,0.00023457028614043762,7.76533050735195e-05,2.1355537340115126e-05,4.4704191669723945e-06,8.449935596027889e-07,12.0
0.9434999999999998,1.0031776577982632,0.007313591221123198,1.0188842364242687,0.006962887186516839,0.0050681081883071286,0.0030043472720681507,0.0014808856646990804,0.0006260308353705593,0.00023475145098998714,7.744700700308779e-05,2.1078733466887616e-05,4.461253709596183e-06,8.68423205752573e-07,12.0
0.9464999999999999,1.0029126521449216,0.006931660936631544,1.0183040981516132,0.006701077752108785,0.004876488294485529,0.002918773439587733,0.0014466037229495324,0.0006137021204278814,0.00023129889741601182,7.691560847525655e-05,2.094356669484412e-05,4.4120324421469145e-06,8.55620259211679e-07,12.0
0.9495,1.0025810045127497,0.0065951629576559544,1.017810170991001,0.006455745624848203,0.004685613399152452,0.002834966894871802,0.0014135244385603389,0.0006018810055404899,0.0002276562491121639,7.635801778507912e-05,2.07964968497304e-05,4.3630836719703046e-06,8.403225392905601e-07,12.0
0.9525000000000001,1.0021166781365851,0.006317631063680426,1.0174480401585306,0.006224377041407206,0.004490958023878484,0.0027521571610393874,0.0013823638064797603,0.0005904238648087418,0.0002236787942410606,7.575013110764449e-05,2.0641563236972783e-05,4.311865552289684e-06,8.210280962766492e-07,12.0
0.9554999999999998,1.0019175696657112,0.006106144475331435,1.0168178040484632,0.006000143285877299,0.004344374835032568,0.0026718577398255096,0.0013453479839586058,0.0005796272987266822,0.00022073823503805532,7.520719013954955e-05,2.040973412870353e-05,4.271757503680061e-06,8.112602195165053e-07,12.0
0.9584999999999999,1.0020632013585762,0.005953217636083663,1.0158687765062848,0.005776416601359971,0.0042526309186826225,0.0025948475842978817,0.0013015652257401854,0.0005692391533695111,0.00021898366712693688,7.47456580504229e-05,2.0092605981455733e-05,4.242571224649295e-06,8.124993233782181e-07,12.0
0.9615,1.001759720414902,0.005817063678750574,1.0154423989427745,0.005560769256720714,0.004108850964465174,0.0025176452976241374,0.0012675942229169303,0.0005581780846481664,0.00021557850200601354,7.412654250481198e-05,1.98369558366253e-05,4.192777874824509e-06,7.965829799974517e-07,12.0
0.9645000000000001,1.0015007420930386,0.005647722686708726,1.015072666516419,0.005368532407517136,0.003967908100137505,0.0024394622304439494,0.0012355634810081915,0.0005472395320765672,0.00021198201970539505,7.347500448132259e-05,1.958554501337908e-05,4.14033315839244e-06,7.780395839035736e-07,12.0
0.9674999999999998,1.0012610129429536,0.005431262910264686,1.0147757329702953,0.005206398334768174,0.003824268732877488,0.0023593297117910327,0.0012064228000466162,0.0005364376950506007,0.00020806987450748887,7.277965019652728e-05,1.9352792530304245e-05,4.084101351576932e-06,7.558226751555842e-07,12.0
0.9704999999999999,1.0012491074589975,0.005199654773260376,1.014299117430829,0.0050672263704506365,0.0037069584693557437,0.0022790207535233285,0.0011754532898032007,0.0005258181748880528,0.00020465202788620256,7.210368428652262e-05,1.9099146954243145e-05,4.030718821250959e-06,7.382449896470534e-07,12.0
0.9735,1.0021580310503604,0.005016137133792029,1.0128963559564783,0.00492942540756816,0.003708158805687236,0.00220368017603623,0.0011278511486602298,0.00051563147140502,0.00020420770239653287,7.163656863163968e-05,1.869253867237904e-05,4.00180783521752e-06,7.502171784555531e-07,12.0
0.9765000000000001,1.0019230568903967,0.004890032308937775,1.0126066738460842,0.004788822247339894,0.0035740266758501837,0.0021292974532124568,0.0011018262582817918,0.0005034657000690098,0.00020042138861044932,7.08372362086056e-05,1.8464674139232506e-05,3.921622684711534e-06,7.291030709397245e-07,12.0
0.9794999999999998,1.0016285281312127,0.004763406883242222,1.0123678236308433,0.004661254867589125,0.0034356602485950886,0.0020568682619189513,0.0010768705787854475,0.0004908215398920443,0.00019687739331573356,6.995418580824299e-05,1.8251047676177095e-05,3.8274096264108685e-06,7.105684839122654e-07,12.0
0.9824999999999999,1.0012547695906702,0.004583854493314208,1.012264117509633,0.004553613753991695,0.003279024915570981,0.0019862713517452063,0.0010546100798289309,0.00047792122029169566,0.0001933101380526765,6.896447635021834e-05,1.8084897253257795e-05,3.716056515127763e-06,6.920657460132139e-07,12.0
0.9855,1.0012423850941214,0.004345089235880718,1.011903994717123,0.004454340057537544,0.0031508577754221236,0.0019208456972510657,0.0010269716304296369,0.00046535494289112544,0.00019082886433065654,6.799608374472608e-05,1.7907449468717548e-05,3.6019970895649484e-06,6.847321514042794e-07,12.0
0.9885000000000002,1.0017459060739717,0.004093822109446777,1.011097135243576,0.004335473878915,0.0030799922132002935,0.0018639399100602982,0.0009882769072340465,0.0004534472749108986,0.00018996949099142561,6.715123268863788e-05,1.7657796783156578e-05,3.4945413609881832e-06,6.938685245642362e-07,12.0
0.9914999999999998,1.0015166322399953,0.0038855400411439904,1.0109822565889282,0.004177749325061978,0.0029344358570963596,0.0018119422886968193,0.0009585249811170816,0.0004415797668869536,0.00018720322573952193,6.622590025352747e-05,1.7485169236414182e-05,3.362692883943931e-06,6.838206667351398e-07,12.0
0.9944999999999999,1.0011505865106662,0.0037591814775849546,1.0108836220996342,0.003981339507578696,0.002800125163099739,0.0017605957569614913,0.0009256326362519986,0.000430892846325743,0.00018443715959426854,6.539593989288865e-05,1.7264135166989146e-05,3.2376277553562834e-06,6.724587692988474e-07,12.0
0.9975,1.0007119891482057,0.003733074351597342,1.010772567807478,0.0037554206858664064,0.002666789004350476,0.0017043364349151127,0.0008937534991181447,0.0004214743916926397,0.00018123696928638999,6.467375497525032e-05,1.703577103179637e-05,3.1248586757896724e-06,6.541568964628034e-07,12.0
1.0005000000000002,1.000570675384143,0.003723178739900821,1.0103296031435849,0.0035345394156480097,0.0025588238622441836,0.0016370252092149742,0.0008603588146473803,0.0004137264030590069,0.0001784282139046176,6.41097637977132e-05,1.6777433303520738e-05,3.036431750021176e-06,6.361180996012599e-07,12.0
1.0034999999999998,1.001704439326329,0.003595001430245589,1.0085756664923713,0.003351135351212931,0.0025910310896950137,0.0015575149881221259,0.0008068852443820265,0.00040807290116798506,0.00017920907027968718,6.39324995358778e-05,1.6324502246906873e-05,2.9986816001532273e-06,6.490666514586666e-07,12.0
1.0065,1.0014510093119062,0.0032436579654937657,1.0082050278880483,0.00323470092280156,0.0024288864912735218,0.0014604072710607725,0.0007842946962613668,0.0004020414169638598,0.00017591146341586084,6.366470690428071e-05,1.613221493379075e-05,2.9168539054932006e-06,6.142352510301163e-07,12.0
1.0095,1.0011686441400371,0.002869358239858637,1.007896200214195,0.003110094170163956,0.002243127638674962,0.0013639098581282635,0.000762478190629184,0.0003946882646825025,0.00017335548028247084,6.372399686552845e-05,1.5877959434113263e-05,2.8117384914909997e-06,5.780572343083163e-07,12.0
1.0125000000000002,1.000775053303179,0.002645539848115273,1.0076298872126834,0.002795587037844795,0.001969202260510056,0.0012715553983612857,0.0007393492496775201,0.0003839621403788005,0.00017198119597812056,6.445503576234672e-05,1.5536187713822098e-05,2.6156341367718187e-06,5.232780636278073e-07,12.0
1.0154999999999998,1.0006924863671685,0.002553372471040411,1.0073154140755007,0.0025963868077996397,0.0018281309497138807,0.0012169070540895227,0.0007202098121551062,0.000377382234658704,0.0001716396070974323,6.462467167995192e-05,1.5075489789662223e-05,2.469306106586234e-06,4.920695215748389e-07,12.0
1.0185,1.0008596284570435,0.002394892698825531,1.0063111325219312,0.002337731633639597,0.0017504969290342849,0.0011374033685393765,0.0006695812349794746,0.0003774446616093101,0.00017910569405566669,6.388947420721581e-05,1.3526723828988137e-05,0.0,0.0,10.0
1.0215,1.0006442082103653,0.0021475894151419725,1.0059515716726775,0.0021315232853042075,0.0015409328429156085,0.0010439972194651748,0.0006639840683504075,0.0003858445278629186,0.0001792176081151285,6.17926074436696e-05,1.2775826781342298e-05,0.0,0.0,10.0
1.0245000000000002,1.00060761570808,0.0019888610350260122,1.005372086331794,0.0018585499060131162,0.001370485142093007,0.0009933901144857959,0.000667630317777562,0.0003909197950414337,0.00017752103423100677,5.959741035550783e-05,1.2115984193677846e-05,0.0,0.0,10.0
1.0274999999999999,1.0006194959922767,0.0018146432337230005,1.0047012657718521,0.0016095250172644725,0.0012587594260114136,0.0009713967907301421,0.0006725824435298226,0.00039220548802834095,0.00017460111188699506,5.742342477006076e-05,1.1536402516201798e-05,0.0,0.0,10.0
1.0305,1.0005594852486925,0.0016387980617078774,1.004170592024057,0.0014254510977777177,0.001188835120872504,0.0009643305550159453,0.0006766482693672853,0.00039026802214822627,0.00017075938983384908,5.5323962279266434e-05,1.1034362335072963e-05,0.0,0.0,10.0
1.0335,1.0004634910791148,0.0014934501355035844,1.0038180934605536,0.0013087299663196812,0.0011499239534627833,0.0009639002642416322,0.0006785148813475532,0.0003861044484422017,0.00016648968700359312,5.3341194854862046e-05,1.0592260286644791e-05,0.0,0.0,10.0
1.0365000000000002,1.0004377038206484,0.0013890559488266663,1.0035427868669595,0.001244904065912157,0.001141214253584996,0.0009660422037762605,0.0006767093749122922,0.0003805986415271297,0.00016231555309084272,5.149702736515459e-05,1.0181995330871294e-05,0.0,0.0,10.0
1.0394999999999999,1.0004263288730184,0.0013195936659204466,1.003368945577144,0.0012165355691347807,0.0011458455526946814,0.0009684708906953752,0.0006728445686555184,0.0003742038421925357,0.0001581557450498865,4.97593316134505e-05,9.803264533980261e-06,0.0,0.0,10.0
1.0425,1.0004355975420522,0.0012737263554304017,1.0032524932088938,0.0012087628725509537,0.0011573742837210565,0.000969474553179206,0.0006668789733330833,0.00036711651472071604,0.00015403057904539094,4.8100993821812656e-05,9.445926415137903e-06,0.0,0.0,10.0
1.0455,1.0004233736116894,0.0012409818953423477,1.0032031113976285,0.001210463923845447,0.0011655075075186164,0.0009676882881468058,0.000659549490828414,0.0003593957843490642,0.00014980432439116624,4.64932105729428e-05,9.111365880359365e-06,0.0,0.0,10.0
1.0485000000000002,1.0003313045650095,0.001212633661414238,1.0032555639559149,0.0012148584236780307,0.0011599679775772002,0.0009623147668998621,0.0006520306172617857,0.00035112259176917955,0.00014531753698861013,4.491784798539144e-05,8.807511025758424e-06,0.0,0.0,10.0
1.0514999999999999,1.0003497390321774,0.001184443958029292,1.0032060724454102,0.0012178094254043054,0.001162841187017143,0.0009535267077492313,0.0006407866901735988,0.00034255377608256263,0.00014115314424378468,4.340972213013624e-05,8.498360380094125e-06,0.0,0.0,10.0
1.0545,1.000372304202923,0.001155480416436353,1.0031528015255293,0.0012172162335825128,0.00116113015377561,0.0009419032929259297,0.0006283255181262163,0.0003338287018950557,0.00013704995629914408,4.195630010431323e-05,8.203663732688568e-06,0.0,0.0,10.0
1.0575,1.0004075263763164,0.0011250933772882922,1.0030840932713032,0.0012130477401954402,0.0011566250563862332,0.0009282099663813808,0.0006148958653890067,0.0003251276511774481,0.00013307200627733624,4.0564072858854814e-05,7.922011718851214e-06,0.0,0.0,10.0
1.0605000000000002,1.0004096646066152,0.0010930812518810213,1.003044424654604,0.001206060816748706,0.0011446532672912428,0.0009131003539688611,0.0006017429854050375,0.00031655618760517245,0.0001291137313569023,3.9227413995262567e-05,7.661781928587673e-06,0.0,0.0,10.0
1.0635,1.0001731533200386,0.0010567490489577888,1.0032378236993942,0.0011985184737786196,0.0011008860873840838,0.0008967883630814128,0.0005931748585234743,0.0003081106546632487,0.0001246032280932306,3.7914201359363675e-05,7.462309446419835e-06,0.0,0.0,10.0
1.0665,1.0002276635541603,0.0010177986769502427,1.0031372223067834,0.0011904679863220169,0.0010910486090176506,0.0008799921755156124,0.0005787897427274764,0.0003000494131728793,0.00012105160867672909,3.670139113082718e-05,7.218806325627136e-06,0.0,0.0,10.0
1.0695000000000001,1.0002840005215452,0.0009813121807380463,1.0030294072313886,0.0011801325204206458,0.001080309279696475,0.000863022321684202,0.0005643679507848114,0.0002922197991727748,0.00011763379295715707,3.554081441797005e-05,6.9852279873919675e-06,0.0,0.0,10.0
1.0724999999999998,1.000361958107095,0.0009491425609230309,1.0028938590998364,0.0011671640932927997,0.0010716428505112416,0.000846078998515701,0.0005495266069450994,0.0002846164496660501,0.00011440760290892065,3.443276171575933e-05,6.755943444874827e-06,0.0,0.0,10.0
1.0755,1.0003622023283996,0.0009219712050567329,1.0028285215776922,0.001151636271465531,0.001053323873402005,0.000829173498251853,0.0005362455094621238,0.0002771897507819264,0.00011109702923707328,3.336216083854164e-05,6.549649094271903e-06,0.0,0.0,10.0
1.0785,1.0003131966197953,0.0008990203190236751,1.0028047352857612,0.0011341873972059524,0.0010291546944285546,0.0008122730039825739,0.0005239859976044082,0.00026995506759083305,0.00010778720175062245,3.2332700383819315e-05,6.360351050131357e-06,0.0,0.0,10.0
1.0815000000000001,1.000325424891976,0.0008804790386821354,1.002712975085738,0.0011148317774894786,0.001012817925603274,0.0007954368193536082,0.0005106016243261149,0.0002629553649645368,0.00010478839912079399,3.135812077243177e-05,6.165702313993227e-06,0.0,0.0,10.0
1.0844999999999998,1.0003346169986487,0.0008664137302772248,1.002618012394593,0.0010935180565525735,0.0009964277891688679,0.0007786188140303825,0.0004974353467106308,0.00025616358596238924,0.0001019154227255693,3.042836262669265e-05,5.979160795769479e-06,0.0,0.0,10.0
1.0875,1.0003522105380498,0.0008557967492572205,1.0025098336442628,0.001070643490326669,0.000981277920458002,0.0007617550127994283,0.0004843286741763675,0.00024958781088762843,9.919234236086316e-05,2.9542869114300997e-05,5.7990612009514035e-06,0.0,0.0,10.0
1.0905,1.000335294672808,0.0008471246680024915,1.0024325981844062,0.0010467755249578036,0.0009619716480167832,0.0007447458045090189,0.00047218703047338477,0.0002432149289081757,9.649014333946518e-05,2.869409752181872e-05,5.63477892041168e-06,0.0,0.0,10.0
1.0935000000000001,1.0002234100230136,0.0008377121289405026,1.0024479620007423,0.0010230025084077246,0.0009309641846162648,0.000727444890625853,0.00046224111912283465,0.0002370288725336665,9.3631845169113e-05,2.7872801181802647e-05,5.4991502127909865e-06,0.0,0.0,10.0
1.0964999999999998,1.0002316646735037,0.0008269363604010169,1.0023439763717479,0.0009993210963832203,0.0009144394510577397,0.0007100155242589931,0.00045021267137754293,0.00023109446738854987,9.120297334689967e-05,2.7101783940127e-05,5.346746545425101e-06,0.0,0.0,10.0
1.0995,1.000242139506781,0.0008154172478202674,1.0022397376816452,0.000975035807747631,0.0008977743891626456,0.0006925749715241089,0.00043842699419976197,0.00022534292781484824,8.886432262603565e-05,2.636503039289739e-05,5.201123728382186e-06,0.0,0.0,10.0
1.1025,1.0002663129364189,0.0008023391575317514,1.0021260255175006,0.0009501222715718657,0.0008821453173952224,0.0006752384860211968,0.00042663251165545843,0.0002197579422923977,8.663521078724732e-05,2.566170193455435e-05,5.058766836469357e-06,0.0,0.0,10.0
1.1055000000000001,1.0002545625518082,0.0007864014298325007,1.0020541870240434,0.000924849672146816,0.0008612373539430478,0.0006580596130474298,0.00041579457226138285,0.00021430614812502463,8.436670759946444e-05,2.4984280888393176e-05,4.929194442233207e-06,0.0,0.0,10.0
1.1084999999999998,0.9999816913181677,0.000762968541791632,1.0022494240892725,0.0009012954149482109,0.0008072852390519441,0.0006407679553392673,0.00041038876440319913,0.00020892429222403575,8.143043038291397e-05,2.430715875153772e-05,4.8601516890822215e-06,0.0,0.0,10.0
1.1115,1.000035373172953,0.0007322477289985691,1.0021287987861196,0.0008793975912355732,0.0007920480174355969,0.000623693560687049,0.00039870018771044787,0.00020378517198131588,7.942601002949276e-05,2.368806249332556e-05,4.725321332390582e-06,0.0,0.0,10.0
1.1145,1.0000951498517274,0.0006981852386079519,1.0020104455332033,0.0008575098809122422,0.0007762668283809316,0.0006069330253557787,0.00038710994676794075,0.00019875680182962642,7.746181191208513e-05,2.3090915596669057e-05,4.5928998821117625e-06,0.0,0.0,10.0
1.1175000000000002,1.000186861348309,0.0006613249542242008,1.0018678304712252,0.0008358835993222869,0.0007631638444915669,0.0005904498769870935,0.00037511522618457766,0.00019384592582574083,7.559951835917189e-05,2.251517463440176e-05,4.4574355507002424e-06,0.0,0.0,10.0
1.1204999999999998,1.0001999475497163,0.0006217800123304466,1.001808990678891,0.0008151330759687265,0.0007394451386366267,0.0005740832237826804,0.00036492614810706406,0.0001890265191450529,7.353467886873212e-05,2.1947766402436114e-05,4.343043147745429e-06,0.0,0.0,10.0
1.1235,1.000152111639854,0.0005794692728010667,1.0018137417671942,0.0007960438278663433,0.0007077236126283165,0.0005576998321921945,0.0003561691071801604,0.00018431307949990535,7.132068922233192e-05,2.138880265236454e-05,4.245666524514854e-06,0.0,0.0,10.0
1.1265,1.0001966261213293,0.0005376840755991044,1.001726577342689,0.0007777316811820412,0.0006874303088348799,0.0005414484459185649,0.0003457153436415804,0.00017973347770180342,6.938626273184796e-05,2.085135150480146e-05,4.130495153174485e-06,0.0,0.0,10.0
1.1295000000000002,1.0002383235037893,0.0005012550011283915,1.0016384371533058,0.0007584278981122197,0.0006677865739300724,0.0005255138342355963,0.0003353551507106448,0.00017523383024854264,6.749341938854021e-05,2.0326682326713365e-05,4.016389422868165e-06,0.0,0.0,10.0
1.1324999999999998,1.0002867274133682,0.0004736008648224191,1.0015371942227593,0.0007367808878207836,0.0006507558919425481,0.0005100696176114268,0.0003247990491620323,0.00017079356532332204,6.568954898580322e-05,1.9815440883886232e-05,3.8994719231447296e-06,0.0,0.0,10.0
1.1355,1.0002849037144124,0.00045585782158011015,1.0014786474366768,0.0007121417931960675,0.000629851827870002,0.0004951574184351848,0.0003151516880198232,0.00016638396293604753,6.383638138096849e-05,1.931182773403507e-05,3.7916549253136016e-06,0.0,0.0,10.0
1.1385,1.0001751055891157,0.000445149608182277,1.001521942572928,0.0006853740430564679,0.0005979861278613796,0.0004805931657832371,0.0003076432805579837,0.00016199498397673816,6.178291185651541e-05,1.880874170935421e-05,3.706896353781886e-06,0.0,0.0,10.0
1.1415000000000002,1.0001883679937644,0.00043856586383484987,1.0014416400532211,0.000657026606868063,0.0005829023762105201,0.0004663071180933293,0.000297823100337562,0.0001576773834171716,6.014240700392212e-05,1.83206936978981e-05,3.595984472089834e-06,0.0,0.0,10.0
1.1444999999999999,1.0002012258526791,0.00043374435109118343,1.001364454241199,0.0006273517802606126,0.0005688546779912108,0.000452154933145701,0.00028835155676109475,0.0001533890114485338,5.8573347997265264e-05,1.7833353694073894e-05,3.489109443718094e-06,0.0,0.0,10.0
1.1475,1.0002289183414448,0.00042784234285554485,1.0012779572417534,0.0005971944945586168,0.0005571737427592017,0.00043800445534586104,0.00027906705111175635,0.00014912711546004374,5.711172246154903e-05,1.734387299639542e-05,3.3849113289795856e-06,0.0,0.0,10.0
1.1505,1.0002162261494842,0.00041950450845413563,1.0012369279710287,0.0005673200352200982,0.0005408640968690833,0.0004237911991101561,0.000271114367924728,0.0001448801868120064,5.5611337210156025e-05,1.684602492567822e-05,3.296603035137799e-06,0.0,0.0,10.0
1.1535000000000002,0.9998957943231528,0.0004050365141445158,1.0015040564137696,0.00054037838848295,0.00048720291294738696,0.0004092381127272349,0.0002697934260066086,0.00014063597717483872,5.336162203521582e-05,1.632120892711234e-05,3.284711436018691e-06,0.0,0.0,10.0
1.1564999999999999,0.9999540600991665,0.0003869154033889015,1.001393971058382,0.0005165506296511125,0.0004799420290166663,0.000394718557256255,0.0002612416146927839,0.00013656881105938233,5.2182067425313694e-05,1.581990473279697e-05,3.192546820931517e-06,0.0,0.0,10.0
1.1595,1.0000126183114963,0.0003716029272550488,1.0012778014351207,0.0004942735762948784,0.0004726541437391021,0.0003805866561991077,0.00025290214704822673,0.00013263168528683785,5.104436468077346e-05,1.5320733998973566e-05,3.1047888174498286e-06,0.0,0.0,10.0
1.1625,1.000101429185948,0.0003609463323045996,1.001122233973603,0.00047400215272228865,0.0004687826794746028,0.00036700730890633517,0.00024405711951284206,0.00012888712488465538,5.0006235438145795e-05,1.4830843068263212e-05,3.013573337122923e-06,0.0,0.0,10.0
1.1655000000000002,1.0000937135107457,0.0003553624114721926,1.0010511039342176,0.00045604063980972365,0.0004528282068483643,0.00035402704316968704,0.0002371557584936155,0.00012534810628629246,4.8718867295464426e-05,1.4346949940794618e-05,2.9465442431453455e-06,0.0,0.0,10.0
1.1684999999999999,1.0000297215786937,0.0003528387870836972,1.0010257149928663,0.0004404159961862717,0.0004298670970325945,0.0003416063107142877,0.0002313669023806472,0.00012202345557064995,4.728886106429036e-05,1.387481844079887e-05,2.8930848369341057e-06,0.0,0.0,10.0
1.1715,1.000046852488998,0.0003506570030639641,1.0009160341832541,0.0004257631187836455,0.0004166589804547039,0.0003297444763513691,0.00022403643418339347,0.00011889093348892605,4.608160806898452e-05,1.342373540200462e-05,2.820876987680681e-06,0.0,0.0,10.0
1.1745,1.0000685661203925,0.0003433864997154729,1.0008095742829208,0.0004108454404059541,0.0004032450837866532,0.00031829264123434543,0.00021695505473479952,0.00011587998121889636,4.488660906878108e-05,1.2988158485620755e-05,2.7484945734700564e-06,0.0,0.0,10.0
1.1775000000000002,1.000115670887658,0.00032353243178427226,1.0006988947219093,0.0003956824429864532,0.0003910000154043118,0.0003070003858433751,0.00021003456507888684,0.0001129578281021999,4.373847219330361e-05,1.2567230700779855e-05,2.6735278034845347e-06,0.0,0.0,10.0
1.1804999999999999,1.000137224158478,0.00028644579026307256,1.0006418790320741,0.0003809578288945356,0.00037280756339409555,0.0002956710004010504,0.00020448235104213533,0.00011010909574432576,4.248952630157661e-05,1.21565467152709e-05,2.6091898540779924e-06,0.0,0.0,10.0
1.1835,1.0000516086954665,0.00023373148871229027,1.000714470194336,0.0003675150748757916,0.0003390928482451433,0.0002842653143231077,0.00020178199091353485,0.00010733950243757874,4.0942449422497287e-05,1.1751762994248028e-05,2.5724800256266886e-06,0.0,0.0,10.0
1.1865,1.000119514436383,0.00017833658434973691,1.0006412948246681,0.0003533625754473924,0.00032354467137849803,0.00027329538478056755,0.00019621584846732024,0.00010468221741055448,3.9830361126644745e-05,1.1368928515858353e-05,2.4971861928806075e-06,0.0,0.0,10.0
1.1894999999999998,1.0001746385774073,0.00013802991551858945,1.0005672163900665,0.0003345494828273129,0.0003083329115420227,0.0002634478913592812,0.00019055436644485022,0.00010208902096608724,3.8772669943576323e-05,1.100269848524841e-05,2.4155476648617117e-06,0.0,0.0,10.0
1.1925,1.0002224255224494,0.00012171980005276735,1.0004739219291638,0.00030886892394261356,0.00029583828510240233,0.0002550758570769658,0.00018434601165902918,9.955396808810362e-05,3.781479882892641e-05,1.065521927529977e-05,2.3228523442786266e-06,0.0,0.0,10.0
1.1955,1.0001994265597418,0.00012423033037039545,1.000424226873803,0.00027692172342130936,0.0002784476333959673,0.00024797450393556074,0.00017891684208440572,9.708839541960429e-05,3.6779895421635664e-05,1.0322211136656436e-05,2.2353848528092755e-06,0.0,0.0,10.0
1.1985000000000001,0.9998207909216833,0.00012525763943566692,1.0007126555674966,0.00024389650141083886,0.0002198184967700953,0.00024115068361224844,0.00018045608728147573,9.472049496133399e-05,3.4873317178525845e-05,9.98479416451086e-06,2.226617369034575e-06,0.0,0.0,10.0
1.2014999999999998,0.9998695504072801,0.00011185367311952343,1.0005813097466787,0.00021212157619666767,0.00021269143505296632,0.0002340111326986943,0.00017393920323695379,9.255435804781708e-05,3.4067210521448396e-05,9.67174156141149e-06,2.1219147990755083e-06,0.0,0.0,10.0
1.2045,0.9999333997664009,8.81879620136007e-05,1.0004505211262216,0.00017969241851909377,0.00020511000459250497,0.0002263623074302601,0.00016813040913720657,9.049151283457874e-05,3.3257003293727375e-05,9.355555113273119e-06,2.0232099177666464e-06,0.0,0.0,10.0
1.2075,1.000037686662655,6.411133927491877e-05,1.0002864218961307,0.00014609187832059098,0.00020167690182738962,0.0002180113429852342,0.0001622493471802529,8.851596734712114e-05,3.258505237925106e-05,9.028765844964843e-06,1.9190398642537553e-06,0.0,0.0,10.0
1.2105000000000001,1.0000261008403548,4.973726366200162e-05,1.0002261013763738,0.00011175644753439399,0.00018550675087408773,0.00020901029225185011,0.00015889116216094364,8.663062446748388e-05,3.173879975126981e-05,8.678840372450252e-06,1.837346161698609e-06,0.0,0.0,10.0
1.2134999999999998,0.9999515665110845,5.101971883644055e-05,1.0002156377845295,7.658121633480759e-05,0.00016131358031527433,0.00020009494948061056,0.00015715293892777242,8.48666722915684e-05,3.0815922635083435e-05,8.308685016461866e-06,1.7674091047000376e-06,0.0,0.0,10.0
1.2165,0.9999776301314318,5.7549944321905246e-05,1.0001054104736136,4.1503650865879414e-05,0.00014552400965232295,0.00019221838917148475,0.00015435189179023213,8.328237954523661e-05,3.011090960008061e-05,7.93014821310664e-06,1.6788526142092768e-06,0.0,0.0,10.0
1.2195,1.0000189802848498,4.446423619273504e-05,0.9999846662950472,9.537441123573332e-06,0.00012838266475983942,0.00018605101849571747,0.00015225054570009756,8.191391219259418e-05,2.934379456220801e-05,7.546078884913925e-06,1.5921410901651644e-06,0.0,0.0,10.0
1.2225000000000001,1.0000710872621117,-7.152168892234778e-06,0.9998479853319532,-1.5576566165607497e-05,0.00011562973705874207,0.00018193269162801684,0.00015015657617175766,8.07641468604211e-05,2.8568743150837724e-05,7.1608247007345134e-06,1.4969136531385628e-06,0.0,0.0,10.0
1.2254999999999998,1.0000609634147397,-7.74163176540079e-05,0.9997688090425394,-3.57274905882366e-05,0.00010390769995380181,0.0001807690117621815,0.0001490416991970849,7.969145574801336e-05,2.7629391621286292e-05,6.774421776187995e-06,1.4037166987138745e-06,0.0,0.0,10.0
1.2285,0.9999108993090271,-0.00011428200934212952,0.9998460023060823,-5.82274762831436e-05,8.436559239111859e-05,0.00018407982280462743,0.00015085725716902372,7.842995555689373e-05,2.622702492970036e-05,6.385596292894112e-06,1.338958371444831e-06,0.0,0.0,10.0
1.2315,0.9999296284264474,-0.0001078949399761125,0.999779552117953,-7.751829608737304e-05,9.584255783304716e-05,0.00019084281182697916,0.0001493133856921098,7.696722388410987e-05,2.511818404090127e-05,5.995062554524926e-06,1.2331711399622262e-06,0.0,0.0,10.0
1.2345000000000002,0.9999510319556971,-9.630937715667264e-05,0.9997360709497983,-7.577367333873844e-05,0.00011705196740274367,0.00019734712383770887,0.00014771449724244545,7.549084997557768e-05,2.3819727813882272e-05,5.574021643210102e-06,1.1318585698159723e-06,0.0,0.0,10.0
1.2374999999999998,0.9999876493520335,-0.00010776117610173798,0.999730555066312,-2.4176593009459273e-05,0.00015500508174025082,0.00020130310564737624,0.0001451037130130714,7.381153441600768e-05,2.2154136075953272e-05,5.008647382069952e-06,1.0072339528538585e-06,0.0,0.0,10.0
1.2405,0.9999978477946966,-0.00010259456310548902,0.9997653764432681,6.403256944386001e-06,0.00017182375372675265,0.00020204172257011819,0.00014339659496685422,7.237031228193685e-05,2.0722596146807347e-05,4.580919792907377e-06,9.208153749867344e-07,0.0,0.0,10.0
1.2435,0.9999325175230588,-8.205539910034732e-05,0.9999797729371029,4.9651342191373906e-05,0.00016649136929461093,0.00020741322029211125,0.00014933518463126148,6.849770300532507e-05,1.716302163533014e-05,0.0,0.0,0.0,0.0,8.0
1.2465000000000002,0.9999772280868287,-2.8188644670186658e-05,1.0000337991352999,7.672426351270243e-05,0.00019505050640824704,0.00021748425223617348,0.00014475730575806508,6.3053775306337e-05,1.5362841856541797e-05,0.0,0.0,0.0,0.0,8.0
1.2494999999999998,0.9999899733526326,5.12902026539025e-06,1.000120601113365,0.00011849585974141505,0.00022031102029496913,0.00022099733000083757,0.00013821986754563754,5.794122778897765e-05,1.3825319252103488e-05,0.0,0.0,0.0,0.0,8.0
1.2525,0.9999903671353484,3.576548256300244e-05,1.0002265824904941,0.0001617615397805703,0.00023848965687446299,0.00021957239126341104,0.0001308787483485994,5.3299527565364495e-05,1.2513121336803591e-05,0.0,0.0,0.0,0.0,8.0
1.2555,0.9999999767865735,6.620918291690777e-05,1.0003189295696098,0.0001983802204404127,0.0002506228555988324,0.00021505712881792545,0.00012332955659145328,4.920245777878725e-05,1.1429700282560239e-05,0.0,0.0,0.0,0.0,8.0
1.2585000000000002,1.0000323895452845,9.308052645778462e-05,1.0003713502210012,0.00022538553727731952,0.0002595114341654832,0.0002089400262879881,0.00011579566247148966,4.565679637006095e-05,1.0582915987671438e-05,0.0,0.0,0.0,0.0,8.0
1.2614999999999998,1.0000332518954522,0.00011388860198570513,1.000432701310692,0.0002432982273182821,0.0002603107852555937,0.0002021441470488729,0.00010952752806544289,4.260597481789278e-05,9.806743127250127e-06,0.0,0.0,0.0,0.0,8.0
1.2645,1.0000319212709161,0.00012830536974472686,1.000475423737376,0.00025404969914581606,0.0002580491158306785,0.00019511940710950794,0.00010390241424912229,3.996707027935329e-05,9.146657428288653e-06,0.0,0.0,0.0,0.0,8.0
1.2675,1.0000257296110455,0.00013737987774563578,1.0005061718407036,0.0002594467284966213,0.00025329299569580354,0.00018802126378259017,9.885469165133551e-05,3.7644774780645085e-05,8.565048230983247e-06,0.0,0.0,0.0,0.0,8.0
1.2705000000000002,1.0000273650598603,0.00014234155132282532,1.0005162068461946,0.00026080755883533505,0.0002480731500424679,0.00018087756303155982,9.399487236789325e-05,3.555876207493675e-05,8.069178767993933e-06,0.0,0.0,0.0,0.0,8.0
1.2734999999999999,1.000058969671335,0.0001446648224447956,1.0004865471251687,0.0002588416262860676,0.0002453964091938447,0.0001737355842176309,8.876967819239218e-05,3.365114315709468e-05,7.698689768264632e-06,0.0,0.0,0.0,0.0,8.0
1.2765,1.0000504530239587,0.00014513317276065093,1.000488987238625,0.00025429632756404126,0.00023698244679104565,0.0001666412866463157,8.452360238280385e-05,3.188101562531522e-05,7.263694835838259e-06,0.0,0.0,0.0,0.0,8.0
1.2795,1.000040927865115,0.00014397523072825583,1.000486594188029,0.000248002632069846,0.000227862325472889,0.00015965901893137338,8.04435850622216e-05,3.0233812974837247e-05,6.8593483324722845e-06,0.0,0.0,0.0,0.0,8.0
1.2825000000000002,1.0000270982269297,0.00014149488866892473,1.0004843070143374,0.0002405758757304517,0.00021783412712518674,0.00015285434244903214,7.660121564913824e-05,2.8697811114908786e-05,6.47260800411578e-06,0.0,0.0,0.0,0.0,8.0
1.2854999999999999,1.0000243624734995,0.00013777713462027026,1.0004683800633514,0.00023255156954990846,0.00020890171173317145,0.00014625777014474507,7.271048517944233e-05,2.7265140845093313e-05,6.137634793592152e-06,0.0,0.0,0.0,0.0,8.0
1.2885,1.000045471979488,0.00013311357864444272,1.0004274411278835,0.00022419666100587665,0.00020271114716994036,0.00013988001179095024,6.854090120877245e-05,2.5925730717179293e-05,5.88181409382249e-06,0.0,0.0,0.0,0.0,8.0
1.2915,1.000036986084002,0.0001275366832674867,1.000415362373422,0.00021577629211184693,0.00019286710032291108,0.00013368494064518706,6.518166282284713e-05,2.4664410890197107e-05,5.5654122655408585e-06,0.0,0.0,0.0,0.0,8.0
1.2945000000000002,1.00002887411811,0.00012114486375885373,1.0004028593334289,0.0002074089178645491,0.00018322395876595833,0.00012764237809428567,6.202057583508898e-05,2.346975103145305e-05,5.26590424254875e-06,0.0,0.0,0.0,0.0,8.0
1.2974999999999999,1.0000176124263032,0.00011444061876078172,1.0003936995965903,0.0001988926231794585,0.00017357581987182316,0.00012175341152854861,5.910636420076701e-05,2.2325652448370566e-05,4.977439855729637e-06,0.0,0.0,0.0,0.0,8.0
1.3005,1.0000156906628976,0.00010772580714138378,1.0003759908893133,0.00019002367911176687,0.0001655830112567457,0.00011603168128723926,5.6170554831529e-05,2.1219510775390863e-05,4.7340482214554354e-06,0.0,0.0,0.0,0.0,8.0
1.3035,1.000048902356517,0.00010126797311209454,1.0003249694477345,0.00018061470254929655,0.00016235309584270306,0.00011051362377022638,5.269413877902381e-05,2.0144359266561832e-05,4.599561711222061e-06,0.0,0.0,0.0,0.0,8.0
1.3065000000000002,1.000038750729327,9.451982212802569e-05,1.0003190841833767,0.00017104833337514819,0.0001541378867921007,0.00010518893243233175,5.026668245015863e-05,1.9098630930297335e-05,4.368262020603908e-06,0.0,0.0,0.0,0.0,8.0
1.3094999999999999,1.0000292894377503,8.696686858927315e-05,1.0003141216324625,0.0001620052088099527,0.00014617558038759867,0.00010005100714461771,4.798369917925309e-05,1.809513227694735e-05,4.147802128850641e-06,0.0,0.0,0.0,0.0,8.0
1.3125,1.0000157858663585,7.953612692438023e-05,1.0003128654357503,0.00015376237173844685,0.0001379244468951381,9.514839915627992e-05,4.588455122108194e-05,1.7142877820462342e-05,3.925438778055323e-06,0.0,0.0,0.0,0.0,8.0
1.3155000000000001,1.0000134349166685,7.406046901336035e-05,1.0002979554742346,0.0001461928659805805,0.00013140965158371518,9.056130320925348e-05,4.359019902916836e-05,1.6247152516201032e-05,3.7424111444628736e-06,0.0,0.0,0.0,0.0,8.0
1.3184999999999998,1.0000340498488145,7.215282672162612e-05,1.0002566888718107,0.0001388421009585337,0.00012821392561248384,8.636100664953163e-05,4.081885799158111e-05,1.5406171344481194e-05,3.6304598049190253e-06,0.0,0.0,0.0,0.0,8.0
1.3215,1.0000209426523816,7.284562175995245e-05,1.0002466746857939,0.0001317183983013505,0.00012139016358656784,8.249428321109866e-05,3.873400884315234e-05,1.461375867257787e-05,3.442856739383118e-06,0.0,0.0,0.0,0.0,8.0
1.3245,1.000008092437146,7.290874693030535e-05,1.000237595120888,0.0001252869411280413,0.00011486398594786727,7.880563820764437e-05,3.673349041648181e-05,1.386596688040445e-05,3.259222974436429e-06,0.0,0.0,0.0,0.0,8.0
1.3275000000000001,0.999994555344349,6.981558587718796e-05,1.0002342459528435,0.00011975721411537446,0.0001082009226755253,7.515580240640503e-05,3.495183386642686e-05,1.3151551822692831e-05,3.0677797149014866e-06,0.0,0.0,0.0,0.0,8.0
1.3304999999999998,0.9999952751082742,6.341053291591762e-05,1.0002235939290653,0.00011495447742745967,0.00010308580823552402,7.14933778894178e-05,3.315434670584312e-05,1.2457230235422008e-05,2.9020540850857116e-06,0.0,0.0,0.0,0.0,8.0
1.3335,1.0000410530693746,5.604174076272744e-05,1.0001726925745822,0.00011035703637706488,0.00010361189807881522,6.789070740744626e-05,3.065454287386708e-05,1.177257676179841e-05,2.8486659673596593e-06,0.0,0.0,0.0,0.0,8.0
1.3365,1.0000320173780206,5.006498651911194e-05,1.0001749699338875,0.00010590971764248345,9.827858812720585e-05,6.444357265320413e-05,2.9293364107851626e-05,1.1093550711449544e-05,2.6712515081673784e-06,0.0,0.0,0.0,0.0,8.0
1.3395000000000001,1.0000191833287373,4.6801678735895024e-05,1.0001760518393221,0.00010186873226033288,9.362354455466691e-05,6.12637438879226e-05,2.791910596660588e-05,1.0427693039216285e-05,2.5057676339005316e-06,0.0,0.0,0.0,0.0,8.0
1.3424999999999998,1.0000007170574692,4.692938220578321e-05,1.0001808446395541,9.814990007723032e-05,8.87136171314947e-05,5.848542691631139e-05,2.665730765799902e-05,9.776034773533217e-06,2.3254609900205687e-06,0.0,0.0,0.0,0.0,8.0
1.3455,0.9999996684934892,4.7797890767061305e-05,1.00017193624536,9.534166813717355e-05,8.561425814490905e-05,5.608418131165354e-05,2.5154657107558792e-05,9.141019371145763e-06,2.166563211680685e-06,0.0,0.0,0.0,0.0,8.0
1.3485,1.000021544053487,4.40879414751319e-05,1.000145233882917,9.489476597303323e-05,8.524380054731966e-05,5.3820391924858984e-05,2.321383128328717e-05,8.528078005933436e-06,2.0511200331104847e-06,0.0,0.0,0.0,0.0,8.0
1.3515000000000001,1.0000157984578193,3.695132821121727e-05,1.0001511060425878,9.648404842073684e-05,8.173982207432155e-05,5.160718151814404e-05,2.1731395535134616e-05,7.922409797091688e-06,1.866592376388121e-06,0.0,0.0,0.0,0.0,8.0
1.3544999999999998,1.0000097144158977,3.3917747193329725e-05,1.000162700085925,9.75239297852683e-05,7.830978087196975e-05,4.95947830628886e-05,2.008718603902893e-05,7.292984240283122e-06,1.6911609749029832e-06,0.0,0.0,0.0,0.0,8.0
1.3575,1.0000026521957188,4.3543697171724044e-05,1.00018196861841,9.413517973391073e-05,7.344515211600271e-05,4.7479154037628434e-05,1.8027079522563e-05,6.446634569795581e-06,1.4702548446319874e-06,0.0,0.0,0.0,0.0,8.0
1.3605,1.000001659320216,4.725961334428056e-05,1.0001849472360407,9.110761991115669e-05,7.054766370675399e-05,4.5813256046241904e-05,1.637031004102042e-05,5.8800152225738445e-06,1.3398110444623088e-06,0.0,0.0,0.0,0.0,8.0
1.3635000000000002,1.0000188406503525,5.124911775136446e-05,1.0001533907175106,8.865370538360453e-05,7.366124139272857e-05,4.1720425402743495e-05,1.2193042895523349e-05,0.0,0.0,0.0,0.0,0.0,0.0,6.0
1.3664999999999998,1.000012607448902,4.617008656620917e-05,1.0001576067827302,8.825532053201456e-05,6.751194751314223e-05,3.6017363994030884e-05,1.0178169071977928e-05,0.0,0.0,0.0,0.0,0.0,0.0,6.0
1.3695,1.0000121103988997,4.381081804539644e-05,1.0001539055049906,8.26363990710372e-05,5.9831022383215605e-05,3.066679421087576e-05,8.486348362243738e-06,0.0,0.0,0.0,0.0,0.0,0.0,6.0
1.3725,1.0000139128860588,4.067938475191688e-05,1.0001410792559224,7.363583825438174e-05,5.1622248826745004e-05,2.578312174712529e-05,7.047917627796565e-06,0.0,0.0,0.0,0.0,0.0,0.0,6.0
1.3755000000000002,1.0000128206977523,3.598866465437851e-05,1.0001238495782763,6.317564921141517e-05,4.333515432434953e-05,2.1433163802103594e-05,5.850473579371628e-06,0.0,0.0,0.0,0.0,0.0,0.0,6.0
1.3784999999999998,1.0000062641718566,3.1202494137598905e-05,1.0001083340121706,5.254619376797752e-05,3.5048127929588635e-05,1.7661571209721774e-05,4.918898023411873e-06,0.0,0.0,0.0,0.0,0.0,0.0,6.0
1.3815,1.0000058434195611,2.712308519605422e-05,1.0000867736709544,4.26400772336318e-05,2.827518779968293e-05,1.4459816967267899e-05,4.020233710804703e-06,0.0,0.0,0.0,0.0,0.0,0.0,6.0
1.3845,1.0000056387943275,2.2945800399901415e-05,1.0000669455747309,3.416834415678674e-05,2.2369195052928242e-05,1.1760671909217464e-05,3.2641498715770124e-06,0.0,0.0,0.0,0.0,0.0,0.0,6.0
1.3875000000000002,1.0000056727467523,1.6852735317430403e-05,1.0000477968822696,2.717542638762704e-05,1.7136509649946763e-05,9.313114222955593e-06,2.5438305057695643e-06,0.0,0.0,0.0,0.0,0.0,0.0,6.0
1.3904999999999998,1.0000049660847048,1.1922092306231105e-05,1.000035920757735,2.1977069095538576e-05,1.2742340097884479e-05,7.543276992940972e-06,2.008111961353008e-06,0.0,0.0,0.0,0.0,0.0,0.0,6.0
1.3935,1.0000021679167725,8.998537924838007e-06,1.0000326617083308,1.674084198894269e-05,8.476739743433182e-06,6.244172692888293e-06,1.7421868932855278e-06,0.0,0.0,0.0,0.0,0.0,0.0,6.0
1.3965,1.0000024533030591,7.07693052586355e-06,1.0000228826862652,1.1587446861940352e-05,6.098188716024833e-06,4.950696573092357e-06,1.4077906979266747e-06,0.0,0.0,0.0,0.0,0.0,0.0,6.0
1.3995000000000002,1.0000015965088698,4.607913990353669e-06,1.0000150580468132,7.95349662558954e-06,4.502261346484148e-06,3.7468687770473663e-06,1.0944090872476257e-06,0.0,0.0,0.0,0.0,0.0,0.0,6.0
1.4024999999999999,1.000000414887564,2.899462088685373e-06,1.0000089575874909,5.367195707280772e-06,3.2652780935834007e-06,2.4371910839038685e-06,7.170427364307954e-07,0.0,0.0,0.0,0.0,0.0,0.0,6.0
1.4055,1.0000000109885707,2.2891106816115022e-06,1.0000064288465569,4.190710595514516e-06,2.3649802383261394e-06,1.7567919553599365e-06,5.187155529000937e-07,0.0,0.0,0.0,0.0,0.0,0.0,6.0
1.4085,1.0000007493507352,1.2979161059099679e-06,1.000001498706706,0.0,0.0,0.0,0.0,0.0,0.0,0.0,0.0,0.0,0.0,2.0
1.4115000000000002,1.0000002810822415,4.868487309984706e-07,1.0000005621646253,0.0,0.0,0.0,0.0,0.0,0.0,0.0,0.0,0.0,0.0,2.0
1.4144999999999999,1.0000000879148228,1.5227294051461963e-07,1.0000001758296608,0.0,0.0,0.0,0.0,0.0,0.0,0.0,0.0,0.0,0.0,2.0
1.4175,1.0000000224709527,3.892083139089303e-08,1.000000044941906,0.0,0.0,0.0,0.0,0.0,0.0,0.0,0.0,0.0,0.0,2.0
1.4205,1.000000004682307,8.109993318762929e-09,1.0000000093646135,0.0,0.0,0.0,0.0,0.0,0.0,0.0,0.0,0.0,0.0,2.0
1.4235000000000002,1.000000000805628,1.3953887650912627e-09,1.000000001611256,0.0,0.0,0.0,0.0,0.0,0.0,0.0,0.0,0.0,0.0,2.0
1.4264999999999999,1.0000000001183305,2.0495573608433319e-10,1.0000000002366627,0.0,0.0,0.0,0.0,0.0,0.0,0.0,0.0,0.0,0.0,2.0
1.4295,1.0000000000157896,2.734910991158272e-11,1.0000000000315798,0.0,0.0,0.0,0.0,0.0,0.0,0.0,0.0,0.0,0.0,2.0
1.4325,1.0000000000020752,3.594445977362289e-12,1.00000000000415,0.0,0.0,0.0,0.0,0.0,0.0,0.0,0.0,0.0,0.0,2.0
1.4355000000000002,1.0000000000002824,4.893283976637659e-13,1.0000000000005647,0.0,0.0,0.0,0.0,0.0,0.0,0.0,0.0,0.0,0.0,2.0
1.4385,1.0000000000000393,6.822772455184744e-14,1.0000000000000786,0.0,0.0,0.0,0.0,0.0,0.0,0.0,0.0,0.0,0.0,2.0
1.4415,1.0000000000000053,9.370204041303801e-15,1.0000000000000107,0.0,0.0,0.0,0.0,0.0,0.0,0.0,0.0,0.0,0.0,2.0
1.4445000000000001,1.0000000000000007,1.2024059502970622e-15,1.0000000000000013,0.0,0.0,0.0,0.0,0.0,0.0,0.0,0.0,0.0,0.0,2.0
1.4474999999999998,1.0,1.1612881806810552e-16,1.0,0.0,0.0,0.0,0.0,0.0,0.0,0.0,0.0,0.0,0.0,2.0
1.4505,1.0,4.0672288271055625e-18,1.0,0.0,0.0,0.0,0.0,0.0,0.0,0.0,0.0,0.0,0.0,2.0
1.4535,1.0,1.2929954092525278e-19,1.0,0.0,0.0,0.0,0.0,0.0,0.0,0.0,0.0,0.0,0.0,2.0
1.4565000000000001,1.0,4.307241124012605e-21,1.0,0.0,0.0,0.0,0.0,0.0,0.0,0.0,0.0,0.0,0.0,2.0
1.4594999999999998,1.0,1.40678347134569e-22,1.0,0.0,0.0,0.0,0.0,0.0,0.0,0.0,0.0,0.0,0.0,2.0
1.4625,1.0,4.643263869389158e-24,1.0,0.0,0.0,0.0,0.0,0.0,0.0,0.0,0.0,0.0,0.0,2.0
1.4655,1.0,1.5276644492182862e-25,1.0,0.0,0.0,0.0,0.0,0.0,0.0,0.0,0.0,0.0,0.0,2.0
1.4685000000000001,1.0,5.0516008323488656e-27,1.0,0.0,0.0,0.0,0.0,0.0,0.0,0.0,0.0,0.0,0.0,2.0
1.4714999999999998,1.0,1.676190028942225e-28,1.0,0.0,0.0,0.0,0.0,0.0,0.0,0.0,0.0,0.0,0.0,2.0
1.4745,1.0,5.58484607482738e-30,1.0,0.0,0.0,0.0,0.0,0.0,0.0,0.0,0.0,0.0,0.0,2.0
1.4775,1.0,1.8612289749745304e-31,1.0,0.0,0.0,0.0,0.0,0.0,0.0,0.0,0.0,0.0,0.0,2.0
1.4805000000000001,1.0,6.17867782919146e-33,1.0,0.0,0.0,0.0,0.0,0.0,0.0,0.0,0.0,0.0,0.0,2.0
1.4834999999999998,1.0,2.0363310082101098e-34,1.0,0.0,0.0,0.0,0.0,0.0,0.0,0.0,0.0,0.0,0.0,2.0
1.4865,1.0,6.662492374001351e-36,1.0,0.0,0.0,0.0,0.0,0.0,0.0,0.0,0.0,0.0,0.0,2.0
1.4895,1.0,2.1699121181471262e-37,1.0,0.0,0.0,0.0,0.0,0.0,0.0,0.0,0.0,0.0,0.0,2.0
1.4925000000000002,1.0,7.057529663146607e-39,1.0,0.0,0.0,0.0,0.0,0.0,0.0,0.0,0.0,0.0,0.0,2.0
1.4954999999999998,1.0,2.2948831005111555e-40,1.0,0.0,0.0,0.0,0.0,0.0,0.0,0.0,0.0,0.0,0.0,2.0
1.4985,1.0,7.692270685455805e-42,1.0,0.0,0.0,0.0,0.0,0.0,0.0,0.0,0.0,0.0,0.0,2.0
