-1.4985,7.0,1.6739068599686127e-208,1.0,0.0,0.0,0.0,0.0,0.0,0.0,0.0,0.0,0.0,0.0,2.0
-1.4955,7.0,1.878346016988879e-207,1.0,0.0,0.0,0.0,0.0,0.0,0.0,0.0,0.0,0.0,0.0,2.0
-1.4925,7.0,2.2736752690915346e-206,1.0,0.0,0.0,0.0,0.0,0.0,0.0,0.0,0.0,0.0,0.0,2.0
-1.4895,7.0,2.7478676883175535e-205,1.0,0.0,0.0,0.0,0.0,0.0,0.0,0.0,0.0,0.0,0.0,2.0
-1.4865,7.0,3.313927472436421e-204,1.0,0.0,0.0,0.0,0.0,0.0,0.0,0.0,0.0,0.0,0.0,2.0
-1.4835,7.0,3.988143637864377e-203,1.0,0.0,0.0,0.0,0.0,0.0,0.0,0.0,0.0,0.0,0.0,2.0
-1.4805,7.0,4.789414370046375e-202,1.0,0.0,0.0,0.0,0.0,0.0,0.0,0.0,0.0,0.0,0.0,2.0
-1.4775,7.0,5.739605212519322e-201,1.0,0.0,0.0,0.0,0.0,0.0,0.0,0.0,0.0,0.0,0.0,2.0
-1.4745,7.0,6.863960928275638e-200,1.0,0.0,0.0,0.0,0.0,0.0,0.0,0.0,0.0,0.0,0.0,2.0
-1.4715,7.0,8.19156843260891e-199,1.0,0.0,0.0,0.0,0.0,0.0,0.0,0.0,0.0,0.0,0.0,2.0
-1.4685,7.0,9.755876994722887e-198,1.0,0.0,0.0,0.0,0.0,0.0,0.0,0.0,0.0,0.0,0.0,2.0
-1.4655,7.0,1.1595282908474332e-196,1.0,0.0,0.0,0.0,0.0,0.0,0.0,0.0,0.0,0.0,0.0,2.0
-1.4625,7.0,1.3753786922350535e-195,1.0,0.0,0.0,0.0,0.0,0.0,0.0,0.0,0.0,0.0,0.0,2.0
-1.4595,7.0,1.628173396871627e-194,1.0,0.0,0.0,0.0,0.0,0.0,0.0,0.0,0.0,0.0,0.0,2.0
-1.4565,7.0,1.9236646146220384e-193,1.0,0.0,0.0,0.0,0.0,0.0,0.0,0.0,0.0,0.0,0.0,2.0
-1.4535,7.0,2.2684161481684033e-192,1.0,0.0,0.0,0.0,0.0,0.0,0.0,0.0,0.0,0.0,0.0,2.0
-1.4505,7.0,2.6699092712146833e-191,1.0,0.0,0.0,0.0,0.0,0.0,0.0,0.0,0.0,0.0,0.0,2.0
-1.4475,7.0,3.1366622153098503e-190,1.0,0.0,0.0,0.0,0.0,0.0,0.0,0.0,0.0,0.0,0.0,2.0
-1.4445,7.0,3.6783650607043465e-189,1.0,0.0,0.0,0.0,0.0,0.0,0.0,0.0,0.0,0.0,0.0,2.0
-1.4415,7.0,4.306032014899887e-188,1.0,0.0,0.0,0.0,0.0,0.0,0.0,0.0,0.0,0.0,0.0,2.0
-1.4385,7.0,5.032173241114984e-187,1.0,0.0,0.0,0.0,0.0,0.0,0.0,0.0,0.0,0.0,0.0,2.0
-1.4355,7.0,5.8709885561958205e-186,1.0,0.0,0.0,0.0,0.0,0.0,0.0,0.0,0.0,0.0,0.0,2.0
-1.4325,7.0,6.838585439449445e-185,1.0,0.0,0.0,0.0,0.0,0.0,0.0,0.0,0.0,0.0,0.0,2.0
-1.4295,7.0,7.953223863894745e-184,1.0,0.0,0.0,0.0,0.0,0.0,0.0,0.0,0.0,0.0,0.0,2.0
-1.4265,7.0,9.235590460741425e-183,1.0,0.0,0.0,0.0,0.0,0.0,0.0,0.0,0.0,0.0,0.0,2.0
-1.4235,7.0,1.0709104436024165e-181,1.0,0.0,0.0,0.0,0.0,0.0,0.0,0.0,0.0,0.0,0.0,2.0
-1.4205,7.0,1.2400257453777662e-180,1.0,0.0,0.0,0.0,0.0,0.0,0.0,0.0,0.0,0.0,0.0,2.0
-1.4175,7.0,1.4338989361553707e-179,1.0,0.0,0.0,0.0,0.0,0.0,0.0,0.0,0.0,0.0,0.0,2.0
-1.4145,7.0,1.6559101141485105e-178,1.0,0.0,0.0,0.0,0.0,0.0,0.0,0.0,0.0,0.0,0.0,2.0
-1.4115,7.0,1.9098705806566687e-177,1.0,0.0,0.0,0.0,0.0,0.0,0.0,0.0,0.0,0.0,0.0,2.0
-1.4085,7.0,2.2000717115332097e-176,1.0,0.0,0.0,0.0,0.0,0.0,0.0,0.0,0.0,0.0,0.0,2.0
-1.4055,7.0,2.531337494358507e-175,1.0,0.0,0.0,0.0,0.0,0.0,0.0,0.0,0.0,0.0,0.0,2.0
-1.4025,7.0,2.9090804933266563e-174,1.0,0.0,0.0,0.0,0.0,0.0,0.0,0.0,0.0,0.0,0.0,2.0
-1.3995,7.0,3.3393608650942744e-173,1.0,0.0,0.0,0.0,0.0,0.0,0.0,0.0,0.0,0.0,0.0,2.0
-1.3965,7.0,3.8289478959661363e-172,1.0,0.0,0.0,0.0,0.0,0.0,0.0,0.0,0.0,0.0,0.0,2.0
-1.3935,7.0,4.385383368011351e-171,1.0,0.0,0.0,0.0,0.0,0.0,0.0,0.0,0.0,0.0,0.0,2.0
-1.3905,7.0,5.017045894712985e-170,1.0,0.0,0.0,0.0,0.0,0.0,0.0,0.0,0.0,0.0,0.0,2.0
-1.3875,7.0,5.733215202733773e-169,1.0,0.0,0.0,0.0,0.0,0.0,0.0,0.0,0.0,0.0,0.0,2.0
-1.3845,7.0,6.544135183888224e-168,1.0,0.0,0.0,0.0,0.0,0.0,0.0,0.0,0.0,0.0,0.0,2.0
-1.3815,7.0,7.461074410168078e-167,1.0,0.0,0.0,0.0,0.0,0.0,0.0,0.0,0.0,0.0,0.0,2.0
-1.3785,7.0,8.496382705229209e-166,1.0,0.0,0.0,0.0,0.0,0.0,0.0,0.0,0.0,0.0,0.0,2.0
-1.3755,7.0,9.663542309059417e-165,1.0,0.0,0.0,0.0,0.0,0.0,0.0,0.0,0.0,0.0,0.0,2.0
-1.3725,7.0,1.0977212169390373e-163,1.0,0.0,0.0,0.0,0.0,0.0,0.0,0.0,0.0,0.0,0.0,2.0
-1.3695,7.0,1.2453263953761291e-162,1.0,0.0,0.0,0.0,0.0,0.0,0.0,0.0,0.0,0.0,0.0,2.0
-1.3665,7.0,1.4108808508411269e-161,1.0,0.0,0.0,0.0,0.0,0.0,0.0,0.0,0.0,0.0,0.0,2.0
-1.3635,7.0,1.5962211700464565e-160,1.0,0.0,0.0,0.0,0.0,0.0,0.0,0.0,0.0,0.0,0.0,2.0
-1.3605,7.0,1.8033098871121401e-159,1.0,0.0,0.0,0.0,0.0,0.0,0.0,0.0,0.0,0.0,0.0,2.0
-1.3575,7.0,2.03423474987446e-158,1.0,0.0,0.0,0.0,0.0,0.0,0.0,0.0,0.0,0.0,0.0,2.0
-1.3545,7.0,2.291206811603736e-157,1.0,0.0,0.0,0.0,0.0,0.0,0.0,0.0,0.0,0.0,0.0,2.0
-1.3515,7.0,2.576557403363274e-156,1.0,0.0,0.0,0.0,0.0,0.0,0.0,0.0,0.0,0.0,0.0,2.0
-1.3485,7.0,2.8927340975927457e-155,1.0,0.0,0.0,0.0,0.0,0.0,0.0,0.0,0.0,0.0,0.0,2.0
-1.3455,7.0,3.242295830987261e-154,1.0,0.0,0.0,0.0,0.0,0.0,0.0,0.0,0.0,0.0,0.0,2.0
-1.3425,7.0,3.6279074112868904e-153,1.0,0.0,0.0,0.0,0.0,0.0,0.0,0.0,0.0,0.0,0.0,2.0
-1.3395,7.0,4.052333684442958e-152,1.0,0.0,0.0,0.0,0.0,0.0,0.0,0.0,0.0,0.0,0.0,2.0
-1.3365,7.0,4.518433681433142e-151,1.0,0.0,0.0,0.0,0.0,0.0,0.0,0.0,0.0,0.0,0.0,2.0
-1.3335,7.0,5.02915509291812e-150,1.0,0.0,0.0,0.0,0.0,0.0,0.0,0.0,0.0,0.0,0.0,2.0
-1.3305,7.0,5.587529429839897e-149,1.0,0.0,0.0,0.0,0.0,0.0,0.0,0.0,0.0,0.0,0.0,2.0
-1.3275000000000001,7.0,6.196668213825869e-148,1.0,0.0,0.0,0.0,0.0,0.0,0.0,0.0,0.0,0.0,0.0,2.0
-1.3245,7.0,6.859760498137321e-147,1.0,0.0,0.0,0.0,0.0,0.0,0.0,0.0,0.0,0.0,0.0,2.0
-1.3215,7.0,7.580071944015002e-146,1.0,0.0,0.0,0.0,0.0,0.0,0.0,0.0,0.0,0.0,0.0,2.0
-1.3185,7.0,8.360945566212294e-145,1.0,0.0,0.0,0.0,0.0,0.0,0.0,0.0,0.0,0.0,0.0,2.0
-1.3155000000000001,7.0,9.205804114957445e-144,1.0,0.0,0.0,0.0,0.0,0.0,0.0,0.0,0.0,0.0,0.0,2.0
-1.3125,7.0,1.0118153882012346e-142,1.0,0.0,0.0,0.0,0.0,0.0,0.0,0.0,0.0,0.0,0.0,2.0
-1.3094999999999999,7.0,1.11015895117468e-141,1.0,0.0,0.0,0.0,0.0,0.0,0.0,0.0,0.0,0.0,0.0,2.0
-1.3065,7.0,1.2159799173938677e-140,1.0,0.0,0.0,0.0,0.0,0.0,0.0,0.0,0.0,0.0,0.0,2.0
-1.3035,7.0,1.3296569227140302e-139,1.0,0.0,0.0,0.0,0.0,0.0,0.0,0.0,0.0,0.0,0.0,2.0
-1.3005,7.0,1.451578728765525e-138,1.0,0.0,0.0,0.0,0.0,0.0,0.0,0.0,0.0,0.0,0.0,2.0
-1.2974999999999999,7.0,1.5821442440488242e-137,1.0,0.0,0.0,0.0,0.0,0.0,0.0,0.0,0.0,0.0,0.0,2.0
-1.2945,7.0,1.721762120821512e-136,1.0,0.0,0.0,0.0,0.0,0.0,0.0,0.0,0.0,0.0,0.0,2.0
-1.2915,7.0,1.8708497855032145e-135,1.0,0.0,0.0,0.0,0.0,0.0,0.0,0.0,0.0,0.0,0.0,2.0
-1.2885,7.0,2.0298317667694307e-134,1.0,0.0,0.0,0.0,0.0,0.0,0.0,0.0,0.0,0.0,0.0,2.0
-1.2855,7.0,2.199137203919892e-133,1.0,0.0,0.0,0.0,0.0,0.0,0.0,0.0,0.0,0.0,0.0,2.0
-1.2825,7.0,2.3791964493615044e-132,1.0,0.0,0.0,0.0,0.0,0.0,0.0,0.0,0.0,0.0,0.0,2.0
-1.2795,7.0,2.5704367229379287e-131,1.0,0.0,0.0,0.0,0.0,0.0,0.0,0.0,0.0,0.0,0.0,2.0
-1.2765,7.0,2.7732768308609757e-130,1.0,0.0,0.0,0.0,0.0,0.0,0.0,0.0,0.0,0.0,0.0,2.0
-1.2735,7.0,2.988121025213409e-129,1.0,0.0,0.0,0.0,0.0,0.0,0.0,0.0,0.0,0.0,0.0,2.0
-1.2705,7.0,3.215352147042538e-128,1.0,0.0,0.0,0.0,0.0,0.0,0.0,0.0,0.0,0.0,0.0,2.0
-1.2675,7.0,3.455324261378393e-127,1.0,0.0,0.0,0.0,0.0,0.0,0.0,0.0,0.0,0.0,0.0,2.0
-1.2645,7.0,3.708355049706238e-126,1.0,0.0,0.0,0.0,0.0,0.0,0.0,0.0,0.0,0.0,0.0,2.0
-1.2615,7.0,3.974718267903302e-125,1.0,0.0,0.0,0.0,0.0,0.0,0.0,0.0,0.0,0.0,0.0,2.0
-1.2585,7.0,4.254636599356482e-124,1.0,0.0,0.0,0.0,0.0,0.0,0.0,0.0,0.0,0.0,0.0,2.0
-1.2555,7.0,4.548275229231836e-123,1.0,0.0,0.0,0.0,0.0,0.0,0.0,0.0,0.0,0.0,0.0,2.0
-1.2525,7.0,4.855736434184885e-122,1.0,0.0,0.0,0.0,0.0,0.0,0.0,0.0,0.0,0.0,0.0,2.0
-1.2495,7.0,5.1770554225679805e-121,1.0,0.0,0.0,0.0,0.0,0.0,0.0,0.0,0.0,0.0,0.0,2.0
-1.2465,7.0,5.512197577052874e-120,1.0,0.0,0.0,0.0,0.0,0.0,0.0,0.0,0.0,0.0,0.0,2.0
-1.2435,7.0,5.861057151443028e-119,1.0,0.0,0.0,0.0,0.0,0.0,0.0,0.0,0.0,0.0,0.0,2.0
-1.2405,7.0,6.223457365968426e-118,1.0,0.0,0.0,0.0,0.0,0.0,0.0,0.0,0.0,0.0,0.0,2.0
-1.2375,7.0,6.599151741983278e-117,1.0,0.0,0.0,0.0,0.0,0.0,0.0,0.0,0.0,0.0,0.0,2.0
-1.2345,7.0,6.987826429525592e-116,1.0,0.0,0.0,0.0,0.0,0.0,0.0,0.0,0.0,0.0,0.0,2.0
-1.2315,7.0,7.389103220087815e-115,1.0,0.0,0.0,0.0,0.0,0.0,0.0,0.0,0.0,0.0,0.0,2.0
-1.2285,7.0,7.80254290950261e-114,1.0,0.0,0.0,0.0,0.0,0.0,0.0,0.0,0.0,0.0,0.0,2.0
-1.2255,7.0,8.227648684738121e-113,1.0,0.0,0.0,0.0,0.0,0.0,0.0,0.0,0.0,0.0,0.0,2.0
-1.2225,7.0,8.663869250709364e-112,1.0,0.0,0.0,0.0,0.0,0.0,0.0,0.0,0.0,0.0,0.0,2.0
-1.2195,7.0,9.110601480384093e-111,1.0,0.0,0.0,0.0,0.0,0.0,0.0,0.0,0.0,0.0,0.0,2.0
-1.2165,7.0,9.567192450282131e-110,1.0,0.0,0.0,0.0,0.0,0.0,0.0,0.0,0.0,0.0,0.0,2.0
-1.2135,7.0,1.0032940798191105e-108,1.0,0.0,0.0,0.0,0.0,0.0,0.0,0.0,0.0,0.0,0.0,2.0
-1.2105000000000001,7.0,1.0507097395303786e-107,1.0,0.0,0.0,0.0,0.0,0.0,0.0,0.0,0.0,0.0,0.0,2.0
-1.2075,7.0,1.0988865349815886e-106,1.0,0.0,0.0,0.0,0.0,0.0,0.0,0.0,0.0,0.0,0.0,2.0
-1.2045,7.0,1.1477399349524586e-105,1.0,0.0,0.0,0.0,0.0,0.0,0.0,0.0,0.0,0.0,0.0,2.0
-1.2015,7.0,1.1971804313202614e-104,1.0,0.0,0.0,0.0,0.0,0.0,0.0,0.0,0.0,0.0,0.0,2.0
-1.1985000000000001,7.0,1.247113327105026e-103,1.0,0.0,0.0,0.0,0.0,0.0,0.0,0.0,0.0,0.0,0.0,2.0
-1.1955,7.0,1.2974384358612102e-102,1.0,0.0,0.0,0.0,0.0,0.0,0.0,0.0,0.0,0.0,0.0,2.0
-1.1925,7.0,1.348049681566998e-101,1.0,0.0,0.0,0.0,0.0,0.0,0.0,0.0,0.0,0.0,0.0,2.0
-1.1895,7.0,1.3988345958641483e-100,1.0,0.0,0.0,0.0,0.0,0.0,0.0,0.0,0.0,0.0,0.0,2.0
-1.1865,7.0,1.4496737257978805e-99,1.0,0.0,0.0,0.0,0.0,0.0,0.0,0.0,0.0,0.0,0.0,2.0
-1.1835,7.0,1.500439989848389e-98,1.0,0.0,0.0,0.0,0.0,0.0,0.0,0.0,0.0,0.0,0.0,2.0
-1.1804999999999999,7.0,1.55099805041602e-97,1.0,0.0,0.0,0.0,0.0,0.0,0.0,0.0,0.0,0.0,0.0,2.0
-1.1775,7.0,1.6012038020049552e-96,1.0,0.0,0.0,0.0,0.0,0.0,0.0,0.0,0.0,0.0,0.0,2.0
-1.1745,7.0,1.6509040993402193e-95,1.0,0.0,0.0,0.0,0.0,0.0,0.0,0.0,0.0,0.0,0.0,2.0
-1.1715,7.0,1.6999368612329167e-94,1.0,0.0,0.0,0.0,0.0,0.0,0.0,0.0,0.0,0.0,0.0,2.0
-1.1684999999999999,7.0,1.7481316781346046e-93,1.0,0.0,0.0,0.0,0.0,0.0,0.0,0.0,0.0,0.0,0.0,2.0
-1.1655,7.0,1.7953110211515553e-92,1.0,0.0,0.0,0.0,0.0,0.0,0.0,0.0,0.0,0.0,0.0,2.0
-1.1625,7.0,1.841292099728506e-91,1.0,0.0,0.0,0.0,0.0,0.0,0.0,0.0,0.0,0.0,0.0,2.0
-1.1595,7.0,1.8858893514916967e-90,1.0,0.0,0.0,0.0,0.0,0.0,0.0,0.0,0.0,0.0,0.0,2.0
-1.1564999999999999,7.0,1.9289174825659458e-89,1.0,0.0,0.0,0.0,0.0,0.0,0.0,0.0,0.0,0.0,0.0,2.0
-1.1535,7.0,1.9701949237670952e-88,1.0,0.0,0.0,0.0,0.0,0.0,0.0,0.0,0.0,0.0,0.0,2.0
-1.1505,7.0,2.0095475393874477e-87,1.0,0.0,0.0,0.0,0.0,0.0,0.0,0.0,0.0,0.0,0.0,2.0
-1.1475,7.0,2.046812426811208e-86,1.0,0.0,0.0,0.0,0.0,0.0,0.0,0.0,0.0,0.0,0.0,2.0
-1.1445,7.0,2.081841673418277e-85,1.0,0.0,0.0,0.0,0.0,0.0,0.0,0.0,0.0,0.0,0.0,2.0
-1.1415,7.0,2.114505977872182e-84,1.0,0.0,0.0,0.0,0.0,0.0,0.0,0.0,0.0,0.0,0.0,2.0
-1.1385,7.0,2.144698072867674e-83,1.0,0.0,0.0,0.0,0.0,0.0,0.0,0.0,0.0,0.0,0.0,2.0
-1.1355,7.0,2.17233587957772e-82,1.0,0.0,0.0,0.0,0.0,0.0,0.0,0.0,0.0,0.0,0.0,2.0
-1.1325,7.0,2.1973652598452093e-81,1.0,0.0,0.0,0.0,0.0,0.0,0.0,0.0,0.0,0.0,0.0,2.0
-1.1295,7.0,2.2197621054430167e-80,1.0,0.0,0.0,0.0,0.0,0.0,0.0,0.0,0.0,0.0,0.0,2.0
-1.1265,7.0,2.2395333326105782e-79,1.0,0.0,0.0,0.0,0.0,0.0,0.0,0.0,0.0,0.0,0.0,2.0
-1.1235,7.0,2.2567161789241276e-78,1.0,0.0,0.0,0.0,0.0,0.0,0.0,0.0,0.0,0.0,0.0,2.0
-1.1205,7.0,2.2713750943786157e-77,1.0,0.0,0.0,0.0,0.0,0.0,0.0,0.0,0.0,0.0,0.0,2.0
-1.1175,7.0,2.2835955541214232e-76,1.0,0.0,0.0,0.0,0.0,0.0,0.0,0.0,0.0,0.0,0.0,2.0
-1.1145,7.0,2.293474360481095e-75,1.0,0.0,0.0,0.0,0.0,0.0,0.0,0.0,0.0,0.0,0.0,2.0
-1.1115,7.0,2.301106477461064e-74,1.0,0.0,0.0,0.0,0.0,0.0,0.0,0.0,0.0,0.0,0.0,2.0
-1.1085,7.0,2.306569129903499e-73,1.0,0.0,0.0,0.0,0.0,0.0,0.0,0.0,0.0,0.0,0.0,2.0
-1.1055,7.0,2.309904717662527e-72,1.0,0.0,0.0,0.0,0.0,0.0,0.0,0.0,0.0,0.0,0.0,2.0
-1.1025,7.0,2.311104899115636e-71,1.0,0.0,0.0,0.0,0.0,0.0,0.0,0.0,0.0,0.0,0.0,2.0
-1.0995,7.0,2.3100988053645613e-70,1.0,0.0,0.0,0.0,0.0,0.0,0.0,0.0,0.0,0.0,0.0,2.0
-1.0965,7.0,2.3067485666735396e-69,1.0,0.0,0.0,0.0,0.0,0.0,0.0,0.0,0.0,0.0,0.0,2.0
-1.0935000000000001,7.0,2.300855009247751e-68,1.0,0.0,0.0,0.0,0.0,0.0,0.0,0.0,0.0,0.0,0.0,2.0
-1.0905,7.0,2.2921754293275474e-67,1.0,0.0,0.0,0.0,0.0,0.0,0.0,0.0,0.0,0.0,0.0,2.0
-1.0875,7.0,2.280453792849428e-66,1.0,0.0,0.0,0.0,0.0,0.0,0.0,0.0,0.0,0.0,0.0,2.0
-1.0845,7.0,2.2654616834194252e-65,1.0,0.0,0.0,0.0,0.0,0.0,0.0,0.0,0.0,0.0,0.0,2.0
-1.0815000000000001,7.0,2.2470460886979794e-64,1.0,0.0,0.0,0.0,0.0,0.0,0.0,0.0,0.0,0.0,0.0,2.0
-1.0785,7.0,2.2251780321597008e-63,1.0,0.0,0.0,0.0,0.0,0.0,0.0,0.0,0.0,0.0,0.0,2.0
-1.0755,7.0,2.1999945356329534e-62,1.0,0.0,0.0,0.0,0.0,0.0,0.0,0.0,0.0,0.0,0.0,2.0
-1.0725,7.0,2.171825845195286e-61,1.0,0.0,0.0,0.0,0.0,0.0,0.0,0.0,0.0,0.0,0.0,2.0
-1.0695000000000001,7.0,2.141200594888438e-60,1.0,0.0,0.0,0.0,0.0,0.0,0.0,0.0,0.0,0.0,0.0,2.0
-1.0665,7.0,2.108823778912942e-59,1.0,0.0,0.0,0.0,0.0,0.0,0.0,0.0,0.0,0.0,0.0,2.0
-1.0635,7.0,2.0755259664324355e-58,1.0,0.0,0.0,0.0,0.0,0.0,0.0,0.0,0.0,0.0,0.0,2.0
-1.0605,7.0,2.0421867370369023e-57,1.0,0.0,0.0,0.0,0.0,0.0,0.0,0.0,0.0,0.0,0.0,2.0
-1.0575,7.0,2.0096401534489419e-56,1.0,0.0,0.0,0.0,0.0,0.0,0.0,0.0,0.0,0.0,0.0,2.0
-1.0545,7.0,1.9785743140617046e-55,1.0,0.0,0.0,0.0,0.0,0.0,0.0,0.0,0.0,0.0,0.0,2.0
-1.0514999999999999,7.0,1.9494396742653538e-54,1.0,0.0,0.0,0.0,0.0,0.0,0.0,0.0,0.0,0.0,0.0,2.0
-1.0485,7.0,1.9223810897519375e-53,1.0,0.0,0.0,0.0,0.0,0.0,0.0,0.0,0.0,0.0,0.0,2.0
-1.0455,7.0,1.8972060162048415e-52,1.0,0.0,0.0,0.0,0.0,0.0,0.0,0.0,0.0,0.0,0.0,2.0
-1.0425,7.0,1.8733961765475188e-51,1.0,0.0,0.0,0.0,0.0,0.0,0.0,0.0,0.0,0.0,0.0,2.0
-1.0394999999999999,7.0,1.8501630854414374e-50,1.0,0.0,0.0,0.0,0.0,0.0,0.0,0.0,0.0,0.0,0.0,2.0
-1.0365,7.0,1.826540411885319e-49,1.0,0.0,0.0,0.0,0.0,0.0,0.0,0.0,0.0,0.0,0.0,2.0
-1.0335,7.0,1.8014997963117658e-48,1.0,0.0,0.0,0.0,0.0,0.0,0.0,0.0,0.0,0.0,0.0,2.0
-1.0305,7.0,1.7740727937360297e-47,1.0,0.0,0.0,0.0,0.0,0.0,0.0,0.0,0.0,0.0,0.0,2.0
-1.0275,7.0,1.7434609453682607e-46,1.0,0.0,0.0,0.0,0.0,0.0,0.0,0.0,0.0,0.0,0.0,2.0
-1.0245,7.0,1.7091186901629767e-45,1.0,0.0,0.0,0.0,0.0,0.0,0.0,0.0,0.0,0.0,0.0,2.0
-1.0215,7.0,1.6707992356247746e-44,1.0,0.0,0.0,0.0,0.0,0.0,0.0,0.0,0.0,0.0,0.0,2.0
-1.0185,7.0,1.628560342263486e-43,1.0,0.0,0.0,0.0,0.0,0.0,0.0,0.0,0.0,0.0,0.0,2.0
-1.0155,7.0,1.582733722973562e-42,1.0,0.0,0.0,0.0,0.0,0.0,0.0,0.0,0.0,0.0,0.0,2.0
-1.0125,7.0,1.5338670544853382e-41,1.0,0.0,0.0,0.0,0.0,0.0,0.0,0.0,0.0,0.0,0.0,2.0
-1.0095,7.0,1.4826505565033812e-40,1.0,0.0,0.0,0.0,0.0,0.0,0.0,0.0,0.0,0.0,0.0,2.0
-1.0065,7.0,1.4298404672365305e-39,1.0,0.0,0.0,0.0,0.0,0.0,0.0,0.0,0.0,0.0,0.0,2.0
-1.0035,7.0,1.3761898928907158e-38,1.0,0.0,0.0,0.0,0.0,0.0,0.0,0.0,0.0,0.0,0.0,2.0
-1.0005,7.0,1.322394217015701e-37,1.0,0.0,0.0,0.0,0.0,0.0,0.0,0.0,0.0,0.0,0.0,2.0
-0.9975,7.0,1.2690544637862412e-36,1.0,0.0,0.0,0.0,0.0,0.0,0.0,0.0,0.0,0.0,0.0,2.0
-0.9945,7.0,1.216658558948803e-35,1.0,0.0,0.0,0.0,0.0,0.0,0.0,0.0,0.0,0.0,0.0,2.0
-0.9915,7.0,1.16557789021625e-34,1.0,0.0,0.0,0.0,0.0,0.0,0.0,0.0,0.0,0.0,0.0,2.0
-0.9885,7.0,1.1160751653860587e-33,1.0,0.0,0.0,0.0,0.0,0.0,0.0,0.0,0.0,0.0,0.0,2.0
-0.9855,7.0,1.068319231292938e-32,1.0,0.0,0.0,0.0,0.0,0.0,0.0,0.0,0.0,0.0,0.0,2.0
-0.9825,7.0,1.0224029688527258e-31,1.0,0.0,0.0,0.0,0.0,0.0,0.0,0.0,0.0,0.0,0.0,2.0
-0.9795,7.0,9.783612960278409e-31,1.0,0.0,0.0,0.0,0.0,0.0,0.0,0.0,0.0,0.0,0.0,2.0
-0.9765,7.0,9.361874185042327e-30,1.0,0.0,0.0,0.0,0.0,0.0,0.0,0.0,0.0,0.0,0.0,2.0
-0.9735,7.0,8.958462024012397e-29,1.0,0.0,0.0,0.0,0.0,0.0,0.0,0.0,0.0,0.0,0.0,2.0
-0.9705,7.0,8.57284316567027e-28,1.0,0.0,0.0,0.0,0.0,0.0,0.0,0.0,0.0,0.0,0.0,2.0
-0.9675,7.0,8.20438985252035e-27,1.0,0.0,0.0,0.0,0.0,0.0,0.0,0.0,0.0,0.0,0.0,2.0
-0.9645,7.0,7.852423170632561e-26,1.0,0.0,0.0,0.0,0.0,0.0,0.0,0.0,0.0,0.0,0.0,2.0
-0.9615,7.0,7.51616489865184e-25,1.0,0.0,0.0,0.0,0.0,0.0,0.0,0.0,0.0,0.0,0.0,2.0
-0.9585,7.0,7.195083473019752e-24,1.0,0.0,0.0,0.0,0.0,0.0,0.0,0.0,0.0,0.0,0.0,2.0
-0.9555,7.0,6.888680665552807e-23,1.0,0.0,0.0,0.0,0.0,0.0,0.0,0.0,0.0,0.0,0.0,2.0
-0.9525,7.0,6.594419221310136e-22,1.0,0.0,0.0,0.0,0.0,0.0,0.0,0.0,0.0,0.0,0.0,2.0
-0.9495,7.0,6.314770452188072e-21,1.0,0.0,0.0,0.0,0.0,0.0,0.0,0.0,0.0,0.0,0.0,2.0
-0.9465,7.0,6.059234593976196e-20,1.0,0.0,0.0,0.0,0.0,0.0,0.0,0.0,0.0,0.0,0.0,2.0
-0.9435,7.0,5.763102634492994e-19,1.0,0.0,0.0,0.0,0.0,0.0,0.0,0.0,0.0,0.0,0.0,2.0
-0.9405,7.0,5.546274848405925e-18,1.0,0.0,0.0,0.0,0.0,0.0,0.0,0.0,0.0,0.0,0.0,2.0
-0.9375,7.0,5.5213936617321255e-17,1.0,0.0,0.0,0.0,0.0,0.0,0.0,0.0,0.0,0.0,0.0,2.0
-0.9345,7.0,2.855993890409274e-16,0.9999999999999997,0.0,0.0,0.0,0.0,0.0,0.0,0.0,0.0,0.0,0.0,2.0
-0.9315,6.999999999999997,8.831112251073835e-16,0.999999999999999,0.0,0.0,0.0,0.0,0.0,0.0,0.0,0.0,0.0,0.0,2.0
-0.9285,6.999999999999993,2.059633038034595e-15,0.9999999999999977,0.0,0.0,0.0,0.0,0.0,0.0,0.0,0.0,0.0,0.0,2.0
-0.9255,6.999999999999983,4.3140806134679785e-15,0.999999999999995,0.0,0.0,0.0,0.0,0.0,0.0,0.0,0.0,0.0,0.0,2.0
-0.9225,6.999999999999965,8.758364272024528e-15,0.9999999999999899,0.0,0.0,0.0,0.0,0.0,0.0,0.0,0.0,0.0,0.0,2.0
-0.9195,6.99999999999993,1.7435276430714887e-14,0.9999999999999798,0.0,0.0,0.0,0.0,0.0,0.0,0.0,0.0,0.0,0.0,2.0
-0.9165,6.999999999999861,3.439232507973549e-14,0.9999999999999604,0.0,0.0,0.0,0.0,0.0,0.0,0.0,0.0,0.0,0.0,2.0
-0.9135,6.999999999999727,6.748684059467126e-14,0.9999999999999221,0.0,0.0,0.0,0.0,0.0,0.0,0.0,0.0,0.0,0.0,2.0
-0.9105,6.999999999999467,1.3172806053916667e-13,0.999999999999848,0.0,0.0,0.0,0.0,0.0,0.0,0.0,0.0,0.0,0.0,2.0
-0.9075,6.999999999998965,2.557428049633212e-13,0.9999999999997048,0.0,0.0,0.0,0.0,0.0,0.0,0.0,0.0,0.0,0.0,2.0
-0.9045,6.999999999998002,4.941630392795466e-13,0.9999999999994293,0.0,0.0,0.0,0.0,0.0,0.0,0.0,0.0,0.0,0.0,2.0
-0.9015,6.999999999996157,9.506835939389066e-13,0.9999999999989022,0.0,0.0,0.0,0.0,0.0,0.0,0.0,0.0,0.0,0.0,2.0
-0.8985,6.9999999999926406,1.820801372571003e-12,0.9999999999978976,0.0,0.0,0.0,0.0,0.0,0.0,0.0,0.0,0.0,0.0,2.0
-0.8955,6.99999999998597,3.471820216044527e-12,0.9999999999959909,0.0,0.0,0.0,0.0,0.0,0.0,0.0,0.0,0.0,0.0,2.0
-0.8925,6.999999999973365,6.590494762146436e-12,0.9999999999923899,0.0,0.0,0.0,0.0,0.0,0.0,0.0,0.0,0.0,0.0,2.0
-0.8895,6.999999999949666,1.2454576141671743e-11,0.9999999999856185,0.0,0.0,0.0,0.0,0.0,0.0,0.0,0.0,0.0,0.0,2.0
-0.8865,6.99999999990531,2.343039668124204e-11,0.9999999999729443,0.0,0.0,0.0,0.0,0.0,0.0,0.0,0.0,0.0,0.0,2.0
-0.8835,6.999999999822663,4.387921869728092e-11,0.9999999999493326,0.0,0.0,0.0,0.0,0.0,0.0,0.0,0.0,0.0,0.0,2.0
-0.8805,6.999999999669408,8.180078606480685e-11,0.9999999999055442,0.0,0.0,0.0,0.0,0.0,0.0,0.0,0.0,0.0,0.0,2.0
-0.8775,6.99999999938651,1.5179919747878977e-10,0.9999999998247175,0.0,0.0,0.0,0.0,0.0,0.0,0.0,0.0,0.0,0.0,2.0
-0.8745,6.99999999886675,2.804074950984367e-10,0.999999999676213,0.0,0.0,0.0,0.0,0.0,0.0,0.0,0.0,0.0,0.0,2.0
-0.8715,6.9999999979162295,5.15598952621423e-10,0.9999999994046381,0.0,0.0,0.0,0.0,0.0,0.0,0.0,0.0,0.0,0.0,2.0
-0.8685,6.99999999618608,9.436998175318384e-10,0.9999999989103098,0.0,0.0,0.0,0.0,0.0,0.0,0.0,0.0,0.0,0.0,2.0
-0.8655,6.999999993051187,1.7193855927172867e-09,0.9999999980146245,0.0,0.0,0.0,0.0,0.0,0.0,0.0,0.0,0.0,0.0,2.0
-0.8625,6.999999987394979,3.118933468168155e-09,0.9999999963985662,0.0,0.0,0.0,0.0,0.0,0.0,0.0,0.0,0.0,0.0,2.0
-0.8595,6.999999977225702,5.635177922430226e-09,0.999999993493057,0.0,0.0,0.0,0.0,0.0,0.0,0.0,0.0,0.0,0.0,2.0
-0.8565,6.999999958989945,1.0147357976460984e-08,0.9999999882828401,0.0,0.0,0.0,0.0,0.0,0.0,0.0,0.0,0.0,0.0,2.0
-0.8535,6.999999926355471,1.8222296148325505e-08,0.9999999789587047,0.0,0.0,0.0,0.0,0.0,0.0,0.0,0.0,0.0,0.0,2.0
-0.8505,6.999999868125093,3.263057641820116e-08,0.999999962321457,0.0,0.0,0.0,0.0,0.0,0.0,0.0,0.0,0.0,0.0,2.0
-0.8475,6.999999764909637,5.8169779610297644e-08,0.9999999328313255,0.0,0.0,0.0,0.0,0.0,0.0,0.0,0.0,0.0,0.0,2.0
-0.8445,6.999999584434251,1.0282585517065532e-07,0.9999998812669347,0.0,0.0,0.0,0.0,0.0,0.0,0.0,0.0,0.0,0.0,2.0
-0.8415,6.9999992761214305,1.7911349386794562e-07,0.9999997931775656,0.0,0.0,0.0,0.0,0.0,0.0,0.0,0.0,0.0,0.0,2.0
-0.8385,6.99999876686189,3.0512255040889124e-07,0.9999996476748646,0.0,0.0,0.0,0.0,0.0,0.0,0.0,0.0,0.0,0.0,2.0
-0.8355,6.999997960946318,5.045349354743152e-07,0.9999994174133409,0.0,0.0,0.0,0.0,0.0,0.0,0.0,0.0,0.0,0.0,2.0
-0.8325,6.999996746640761,8.049976314783656e-07,0.9999990704690591,0.0,0.0,0.0,0.0,0.0,0.0,0.0,0.0,0.0,0.0,2.0
-0.8295,6.999995009067791,1.2349354267242695e-06,0.9999985740199946,0.0,0.0,0.0,0.0,0.0,0.0,0.0,0.0,0.0,0.0,2.0
-0.8265,6.999992645541425,1.8197565075291915e-06,0.9999978987274566,0.0,0.0,0.0,0.0,0.0,0.0,0.0,0.0,0.0,0.0,2.0
-0.8235,6.999989578994956,2.578529931829144e-06,0.9999970225726231,0.0,0.0,0.0,0.0,0.0,0.0,0.0,0.0,0.0,0.0,2.0
-0.8205,6.9999857675939605,3.521604930842574e-06,0.9999959336066269,0.0,0.0,0.0,0.0,0.0,0.0,0.0,0.0,0.0,0.0,2.0
-0.8175,6.999992140509839,4.422485691078327e-06,0.9999926734159303,0.0,0.0,0.0,0.0,0.0,0.0,0.0,0.0,0.0,0.0,2.0
-0.8145,6.999990944633,4.79306612489171e-06,0.9999914390579675,0.0,0.0,0.0,0.0,0.0,0.0,0.0,0.0,0.0,0.0,2.0
-0.8115,6.999981443329479,5.4412603590349755e-06,0.9999899778203653,7.243407105219987e-06,-3.1833978955759476e-06,5.656488940513452e-07,-1.2556260242636749e-08,0.0,0.0,0.0,0.0,0.0,0.0,6.0
-0.8085,6.999975445392816,6.540591258639217e-06,0.999988542662798,9.336347824022726e-06,-3.2999161266790797e-06,6.054826764876739e-07,-1.0209125282398206e-07,0.0,0.0,0.0,0.0,0.0,0.0,6.0
-0.8055,6.999969679803679,7.841051476266648e-06,0.9999868801218226,1.1296064141784264e-05,-3.5804886756741793e-06,6.861038546906528e-07,-1.7640429665913905e-07,0.0,0.0,0.0,0.0,0.0,0.0,6.0
-0.8025,6.999963943075774,9.277101480342834e-06,0.9999849724048407,1.3327597327275609e-05,-3.992566067326001e-06,8.111468666597581e-07,-2.3506544848334985e-07,0.0,0.0,0.0,0.0,0.0,0.0,6.0
-0.7995,6.999958184384773,1.0827934053838242e-05,0.999982811323817,1.5612498015251778e-05,-4.512650579166873e-06,9.660079338556875e-07,-2.7893675862700224e-07,0.0,0.0,0.0,0.0,0.0,0.0,6.0
-0.7965,6.99995238778426,1.2496709647222478e-05,0.9999803759017191,1.8223310662052217e-05,-5.132152297699497e-06,1.1267247849571403e-06,-3.1111757656008803e-07,0.0,0.0,0.0,0.0,0.0,0.0,6.0
-0.7935,6.999946550847083,1.4288446493557024e-05,0.9999776364557634,2.117347486998199e-05,-5.859342337262504e-06,1.2821996420615767e-06,-3.3734300750200856e-07,0.0,0.0,0.0,0.0,0.0,0.0,6.0
-0.7905,6.9999406221661795,1.623562977337626e-05,0.9999745044917309,2.4574180941663646e-05,-6.732689443271964e-06,1.4332646349579703e-06,-3.606843826366387e-07,0.0,0.0,0.0,0.0,0.0,0.0,6.0
-0.7875,6.999940353972481,1.871912674058048e-05,0.9999699852367265,2.8193397892938804e-05,-7.236202182636625e-06,1.612745967325264e-06,-4.5997139029712674e-07,0.0,0.0,0.0,0.0,0.0,0.0,6.0
-0.7845,6.999928629096553,2.1982693153251787e-05,0.9999656567148256,3.2111952568277544e-05,-8.568864770433905e-06,1.8048433604016336e-06,-4.505099210690744e-07,0.0,0.0,0.0,0.0,0.0,0.0,6.0
-0.7815,6.99991656016516,2.6071228585377872e-05,0.9999601417368326,3.59342398977487e-05,-9.591507652628807e-06,2.064514172830806e-06,-5.331323762608813e-07,0.0,0.0,0.0,0.0,0.0,0.0,6.0
-0.7785,6.999903579458062,3.0126271660300408e-05,0.999954224987822,4.0781579283924175e-05,-1.1181546306628048e-05,2.313345880227475e-06,-5.542664453857716e-07,0.0,0.0,0.0,0.0,0.0,0.0,6.0
-0.7755,6.999887794986643,3.459233869445513e-05,0.9999473169147801,4.646884688626623e-05,-1.2833910126798325e-05,2.592452891455359e-06,-5.855527890713761e-07,0.0,0.0,0.0,0.0,0.0,0.0,6.0
-0.7725,6.999869077027142,3.958697146720253e-05,0.9999393166471778,5.310736066811836e-05,-1.4509368808343943e-05,2.923610601473596e-06,-6.258982841653943e-07,0.0,0.0,0.0,0.0,0.0,0.0,6.0
-0.7695,6.999847402026414,4.525354192382655e-05,0.999930113584187,6.071810120837161e-05,-1.624020852086161e-05,3.3136320443273983e-06,-6.735315548170162e-07,0.0,0.0,0.0,0.0,0.0,0.0,6.0
-0.7665,6.999822724596765,5.1734699230062946e-05,0.99991957768956,6.928790962184644e-05,-1.8105561133270695e-05,3.755748845874057e-06,-7.270297510067483e-07,0.0,0.0,0.0,0.0,0.0,0.0,6.0
-0.7635,6.9997949333947,5.9173945871039436e-05,0.9999075745518171,7.885665089035834e-05,-2.018507881803628e-05,4.240288982665488e-06,-7.846776444507875e-07,0.0,0.0,0.0,0.0,0.0,0.0,6.0
-0.7605,6.999763787014348,6.771809336076377e-05,0.9998939614239217,8.954515800610898e-05,-2.253176545772159e-05,4.760109559838553e-06,-8.456681316461593e-07,0.0,0.0,0.0,0.0,0.0,0.0,6.0
-0.7575,6.9997321583953305,7.75479295105198e-05,0.9998781257559124,0.00010143279600790868,-2.481857736885011e-05,5.3195701404364375e-06,-9.687617578637415e-07,0.0,0.0,0.0,0.0,0.0,0.0,6.0
-0.7545,6.999691355409733,8.881069146191637e-05,0.9998609703103247,0.00011474142095135472,-2.7925455032755122e-05,5.915476099085144e-06,-1.0152878157203581e-06,0.0,0.0,0.0,0.0,0.0,0.0,6.0
-0.7515,6.999647192862655,0.00010164861432564451,0.9998413717003314,0.0001297311244250347,-3.116882015351936e-05,6.544687177263949e-06,-1.0993172141113403e-06,0.0,0.0,0.0,0.0,0.0,0.0,6.0
-0.7485,6.999596542706252,0.00011625075791166944,0.9998193783130696,0.0001465446799845102,-3.482348288012904e-05,7.215694456256892e-06,-1.1781146128533167e-06,0.0,0.0,0.0,0.0,0.0,0.0,6.0
-0.7455,6.999539237691953,0.00013280790329302927,0.9997945970603453,0.0001653761220169615,-3.8845842340077984e-05,7.931455428636346e-06,-1.260131028622423e-06,0.0,0.0,0.0,0.0,0.0,0.0,6.0
-0.7425,6.999474434168836,0.00015153793405590238,0.9997666838926879,0.00018641352412355946,-4.325578768050587e-05,8.692313359445838e-06,-1.3429253755231323e-06,0.0,0.0,0.0,0.0,0.0,0.0,6.0
-0.7395,6.999401177048037,0.00017268296919808364,0.9997352613336825,0.00020986358088032176,-4.806787291664028e-05,9.49285402824166e-06,-1.424067891141654e-06,0.0,0.0,0.0,0.0,0.0,0.0,6.0
-0.7365,6.999318388630418,0.00019651073357685998,0.9996999159052251,0.00023595241500211882,-5.328922801972133e-05,1.0322482752530692e-05,-1.5012174318869838e-06,0.0,0.0,0.0,0.0,0.0,0.0,6.0
-0.7335,6.999224880030172,0.0002233153178012573,0.999660200591423,0.0002649126761562158,-5.892086958621763e-05,1.1168958859539447e-05,-1.5723970837569841e-06,0.0,0.0,0.0,0.0,0.0,0.0,6.0
-0.7305,6.9991193824127045,0.000253415080933478,0.9996156473763623,0.0002969552050251134,-6.496082222247983e-05,1.2024673095045248e-05,-1.6371737611801031e-06,0.0,0.0,0.0,0.0,0.0,0.0,6.0
-0.7275,6.999002316193804,0.00028716177419639685,0.9995655541178965,0.0003321841649186654,-7.121992401361917e-05,1.2898325363119919e-05,-1.7293018798267396e-06,0.0,0.0,0.0,0.0,0.0,0.0,6.0
-0.7245,6.99886789302901,0.0003248972777347453,0.9995100784609313,0.0003706916047358106,-7.816948209675197e-05,1.3809309170744547e-05,-1.7811666934055826e-06,0.0,0.0,0.0,0.0,0.0,0.0,6.0
-0.7215,6.9987184891616,0.0003669740376613122,0.9994482781509435,0.00041251163201107743,-8.540133975827446e-05,1.4791653801391321e-05,-1.8739949114790937e-06,0.0,0.0,0.0,0.0,0.0,0.0,6.0
-0.7185,6.998550907470318,0.0004137908717236689,0.9993799420152268,0.00045761191101124937,-9.309757235625113e-05,1.5890150068586395e-05,-1.996043881795425e-06,0.0,0.0,0.0,0.0,0.0,0.0,6.0
-0.7155,6.998363921999402,0.0004657697398647762,0.9993045224185052,0.0005061059874872678,-0.0001012427991300165,1.7135389048140808e-05,-2.1653731217925965e-06,0.0,0.0,0.0,0.0,0.0,0.0,6.0
-0.7125,6.9981559294127,0.0005233484761974202,0.9992214475441423,0.0005583402771391801,-0.00010992728889705856,1.8531534590577033e-05,-2.375964643803112e-06,0.0,0.0,0.0,0.0,0.0,0.0,6.0
-0.7095,6.997925623792633,0.000586941492552931,0.9991300596989596,0.0006149692943200443,-0.0001193226177446004,2.005050614753184e-05,-2.6010205923014924e-06,0.0,0.0,0.0,0.0,0.0,0.0,6.0
-0.7065,6.99767191819386,0.0006569562435850294,0.9990296148676375,0.0006768497350878321,-0.00012964549668927183,2.1647016299479844e-05,-2.803221902935798e-06,0.0,0.0,0.0,0.0,0.0,0.0,6.0
-0.7035,6.997393288958764,0.0007339055246292278,0.9989192579879631,0.0007447614888540946,-0.00014104978708235383,2.328897987374955e-05,-2.9590747550169027e-06,0.0,0.0,0.0,0.0,0.0,0.0,6.0
-0.7005,6.9970871268765364,0.0008185127553838816,0.9987980010621955,0.0008191993258580832,-0.00015354594934284335,2.4975021975750898e-05,-3.074328106601318e-06,0.0,0.0,0.0,0.0,0.0,0.0,6.0
-0.6975,6.996804084730852,0.0009122221732910756,0.9986550918043385,0.0008879737821396481,-0.0001651356491737662,2.7756667107413052e-05,-3.30841092253476e-06,0.0,0.0,0.0,0.0,0.0,0.0,6.0
-0.6945,6.996625398573505,0.0009579588164364899,0.9985761187342265,0.0009717990662797329,-0.00019075381608766058,2.9196778828104527e-05,-2.4503045107474165e-06,0.0,0.0,0.0,0.0,0.0,0.0,6.0
-0.6915,6.9959996945281855,0.0011187921767290183,0.9983641122877801,0.0010931491674779237,-0.000198729538109557,3.007749461006971e-05,-3.1993734319182363e-06,-1.1738943980977797e-07,1.304413571896706e-07,0.0,0.0,0.0,0.0,8.0
-0.6885,6.995560299399816,0.0012425772248200846,0.9981874171307514,0.0011976448332631545,-0.00021612053311337453,3.2344526684125546e-05,-3.0902984156706406e-06,-2.3810425427287783e-07,1.4384905888689363e-07,0.0,0.0,0.0,0.0,8.0
-0.6855,6.995076120848922,0.0013785093551577535,0.997993442578783,0.0013125042005667211,-0.00023458113300398278,3.430669317135071e-05,-2.8748167313134003e-06,-3.426981681243312e-07,1.4818842048823452e-07,0.0,0.0,0.0,0.0,8.0
-0.6825,6.994543235930113,0.0015277555093012659,0.9977804209909708,0.001438374536247199,-0.0002538369940181031,3.581829514022949e-05,-2.5387467213169097e-06,-4.1855894023007954e-07,1.3745640825521818e-07,0.0,0.0,0.0,0.0,8.0
-0.6795,6.993957161624208,0.0016915179092157125,0.9975468119123643,0.0015751491735803657,-0.00027359197784813396,3.688211912220192e-05,-2.109830549853474e-06,-4.652632410070155e-07,1.1347624282057822e-07,0.0,0.0,0.0,0.0,8.0
-0.6765,6.993312218236297,0.001871114646695765,0.9972913976162012,0.0017217442291673226,-0.000293539836119786,3.770215162454555e-05,-1.669801633982357e-06,-4.990690353586697e-07,8.839793396323958e-08,0.0,0.0,0.0,0.0,8.0
-0.6735,6.99260165111086,0.002067956561246652,0.9970132225058294,0.0018765521766669103,-0.00031343090112046596,3.8598060568643687e-05,-1.3246922102439003e-06,-5.459738095146963e-07,7.979711794913913e-08,0.0,0.0,0.0,0.0,8.0
-0.6705,6.991819821343406,0.002283227750691001,0.9967114336930235,0.0020386953103371636,-0.00033328074930405607,3.978513542572548e-05,-1.122382124586731e-06,-6.244631793059921e-07,9.741834369419732e-08,0.0,0.0,0.0,0.0,8.0
-0.6675,6.990998783608961,0.0025179462285845676,0.9963805549009308,0.002207921419174317,-0.00034998560711052264,4.1334348842305216e-05,-1.5554997227367923e-06,-7.404051957777536e-07,2.0238482493046627e-07,0.0,0.0,0.0,0.0,8.0
-0.6645,6.990035535389921,0.002772117730092972,0.9960332425354357,0.0023875461083941014,-0.00037489948990098094,4.2814705437404686e-05,-7.492196823213873e-07,-8.6617838921411e-07,1.6225314726519675e-07,0.0,0.0,0.0,0.0,8.0
-0.6615,6.989012369570511,0.003046063057407544,0.9956562378164544,0.0025807354649055193,-0.00039912078206582496,4.383476195443325e-05,-8.545209610842343e-08,-9.743827415026934e-07,1.4482587592929845e-07,0.0,0.0,0.0,0.0,8.0
-0.6585,6.987924871270677,0.0033417998600158557,0.9952472265514892,0.0027860032116591863,-0.0004219246853525582,4.4571290484709336e-05,3.331023881300072e-07,-1.076744257368413e-06,1.6247273285742195e-07,0.0,0.0,0.0,0.0,8.0
-0.6555,6.986748052061523,0.0036612475271633462,0.9948070135766226,0.003002029948564831,-0.000444962895832197,4.518332454141306e-05,7.802480291945468e-07,-1.1844177300671373e-06,1.8162769884152957e-07,0.0,0.0,0.0,0.0,8.0
-0.6525,6.9854774750798505,0.004005837217076234,0.9943341534777801,0.0032286870553147203,-0.0004682676884409882,4.567060793334023e-05,1.283286735364504e-06,-1.2972166656691484e-06,1.9827489447663267e-07,0.0,0.0,0.0,0.0,8.0
-0.6495,6.984108405016493,0.004376946050496932,0.9938272105639984,0.0034660112953342494,-0.0004918237520859333,4.5999329853640026e-05,1.8588568876495524e-06,-1.4122505959329024e-06,2.0984002915516127e-07,0.0,0.0,0.0,0.0,8.0
-0.6465,6.982635464130226,0.004775864724487622,0.9932847322899443,0.0037141619903799236,-0.000515534782770472,4.6115625159398805e-05,2.507950689628521e-06,-1.5250800885275842e-06,2.157453450973699e-07,0.0,0.0,0.0,0.0,8.0
-0.6435,6.981052885254737,0.005203837607102805,0.9927052444882156,0.003973237362188624,-0.0005392402087853968,4.5977901219755036e-05,3.220787800958555e-06,-1.6321859878627546e-06,2.1667943089065695e-07,0.0,0.0,0.0,0.0,8.0
-0.6405,6.979354817330154,0.005662100843745074,0.9920872949405904,0.004243155764790066,-0.0005627653721949303,4.557624935469713e-05,3.984680123714524e-06,-1.732417069950004e-06,2.13684435224167e-07,0.0,0.0,0.0,0.0,8.0
-0.6375,6.977550792382367,0.006152046391643864,0.9914274666224793,0.0045231626312005075,-0.0005843756844334425,4.49930331108955e-05,4.532687728223841e-06,-1.8305763903540642e-06,2.391423472002599e-07,0.0,0.0,0.0,0.0,8.0
-0.6345,6.975588880951481,0.006674717395169732,0.9907307274895832,0.004813445120579638,-0.0006087948478221304,4.4190923789421785e-05,5.626304507331029e-06,-1.925340095546312e-06,2.001727061566162e-07,0.0,0.0,0.0,0.0,8.0
-0.6315,6.973503058446057,0.007231042447193466,0.9899905931227829,0.005114428098251886,-0.0006319279035853265,4.313131341787567e-05,6.615075722437844e-06,-2.0136531807804264e-06,1.7668728507327357e-07,0.0,0.0,0.0,0.0,8.0
-0.6285,6.971289365244872,0.007822349816731446,0.9892057345186083,0.005425222959891155,-0.0006536731369218054,4.19180953063001e-05,7.48346096148673e-06,-2.102679202666361e-06,1.713844797134047e-07,0.0,0.0,0.0,0.0,8.0
-0.6255,6.968935334129275,0.008449880179951524,0.9883760095532903,0.005745209171058491,-0.000674826445779096,4.061876164855551e-05,8.356028597504308e-06,-2.1978148276645436e-06,1.70210484071324e-07,0.0,0.0,0.0,0.0,8.0
-0.6225,6.966435866731975,0.009114789487499166,0.987500285411077,0.006074074813552301,-0.000695420216000142,3.926441303429773e-05,9.235382562224694e-06,-2.302385860763773e-06,1.7408625874370837e-07,0.0,0.0,0.0,0.0,8.0
-0.6195,6.963785998947215,0.009818237030705553,0.9865773922956671,0.006411564266600877,-0.0007154673967326842,3.78773937945416e-05,1.0122593761029067e-05,-2.419537379088962e-06,1.8405645056654464e-07,0.0,0.0,0.0,0.0,8.0
-0.6165,6.9609807355235365,0.010561384581851152,0.9856061572732264,0.006757474721396614,-0.0007349872624823535,3.647243482444773e-05,1.1021671961226435e-05,-2.552061956116251e-06,2.00649496721655e-07,0.0,0.0,0.0,0.0,8.0
-0.6135,6.958015151622573,0.011345385866047289,0.984585411016349,0.007111666425219786,-0.0007540106753405257,3.505471817208045e-05,1.1940956710539482e-05,-2.701808669588988e-06,2.235814185125531e-07,0.0,0.0,0.0,0.0,8.0
-0.6105,6.9548844484122085,0.012171373758775486,0.983513993062825,0.007474083065325623,-0.0007725836379610155,3.3612747905367306e-05,1.2895575419852687e-05,-2.8685926188856916e-06,2.512271270624569e-07,0.0,0.0,0.0,0.0,8.0
-0.6075,6.951590761590038,0.013040527893352527,0.9823898359747414,0.007844543533979903,-0.0007900548602165118,3.213571837854574e-05,1.3796967395694113e-05,-3.0504248031007253e-06,2.936901650241018e-07,0.0,0.0,0.0,0.0,8.0
-0.6045,6.948109359660439,0.013953881955649393,0.9812144432135709,0.008223365063368633,-0.0008084802620386322,3.0514178895592844e-05,1.4998075081298915e-05,-3.237907715980991e-06,3.064673923060517e-07,0.0,0.0,0.0,0.0,8.0
-0.6015,6.9444524345325815,0.014912461462706954,0.9799843063868802,0.008610950302755892,-0.0008260586209286048,2.860991477775542e-05,1.6254671882219478e-05,-3.416512601504674e-06,3.160224745056973e-07,0.0,0.0,0.0,0.0,8.0
-0.5985,6.940615756244657,0.015917547776243504,0.9786980219806767,0.009006941201854263,-0.0008425060262506559,2.6331784944120935e-05,1.7572559613630762e-05,-3.5739166074889786e-06,3.177282283196325e-07,0.0,0.0,0.0,0.0,8.0
-0.5955,6.93659094275954,0.016970453984001488,0.9773547319482737,0.009410754315919775,-0.0008578151609238945,2.3599178159527264e-05,1.9000272401182565e-05,-3.69878584957593e-06,3.019745667362004e-07,0.0,0.0,0.0,0.0,8.0
-0.5925,6.9323722422181495,0.018072436421127037,0.9759533706113045,0.009821572672477286,-0.0008716788793692854,2.0381349976231775e-05,2.05238886587219e-05,-3.785004367140769e-06,2.6816030693498576e-07,0.0,0.0,0.0,0.0,8.0
-0.5895,6.927954522163412,0.01922459886020397,0.9744931311791127,0.010238324500179127,-0.0008838698645148384,1.6736890555354856e-05,2.2112962752396307e-05,-3.836089835403042e-06,2.203874472901636e-07,0.0,0.0,0.0,0.0,8.0
-0.5865,6.923333519710286,0.020427798766276043,0.9729735555319827,0.010659823956286398,-0.0008943513028403707,1.2820614308596228e-05,2.3730771817127325e-05,-3.866427003768372e-06,1.6678719584392647e-07,0.0,0.0,0.0,0.0,8.0
-0.5835,6.918505879365648,0.021682659235462837,0.9713944618648682,0.011084949780841161,-0.0009032794741047612,8.851563904225725e-06,2.5342218152201716e-05,-3.898182313629862e-06,1.1782840865366483e-07,0.0,0.0,0.0,0.0,8.0
-0.5805,6.913467862319921,0.02298957972653728,0.9697558627299939,0.01151320032244493,-0.0009109871354369406,4.9712998327412855e-06,2.6928311180006717e-05,-3.948035424894603e-06,8.314903304444973e-08,0.0,0.0,0.0,0.0,8.0
-0.5775,6.909277626847443,0.02437788112093261,0.9678940683932086,0.011703520605367954,-0.0008894216749618545,2.4531571286318815e-05,2.6050440547630402e-05,-5.2220853004932705e-06,3.462762699445894e-07,0.0,0.0,0.0,0.0,8.0
-0.5745,6.906914578536408,0.024964332416567814,0.9669572407187279,0.012373839539598929,-0.0010738364682104755,4.59084452029073e-06,3.892846795166579e-05,-4.58361595405998e-06,-4.842341917694452e-07,0.0,0.0,0.0,0.0,8.0
-0.5715,6.897159782142557,0.027173770094586998,0.9645148472427167,0.012900378701456432,-0.0009362082100347314,-1.0329017136658485e-05,3.102763783532762e-05,-4.2367117688690795e-06,2.5347400006671746e-07,4.0991578564426445e-08,-7.663222366476767e-08,0.0,0.0,10.0
-0.5685,6.891323943753876,0.028697564655109316,0.9626233787604161,0.013334183010508385,-0.0009428036589011725,-1.165652963932286e-05,3.355401168165845e-05,-4.738805030013879e-06,1.7080139191045339e-07,8.103150518045886e-08,-7.258607409099724e-08,0.0,0.0,10.0
-0.5655,6.885273060695405,0.030277892130201697,0.9606650519507896,0.013773510045908887,-0.0009451954566182843,-1.4187594694666116e-05,3.580466834482511e-05,-5.106792204932791e-06,1.1298965391069148e-07,1.1369515455538794e-07,-7.110475296067028e-08,0.0,0.0,10.0
-0.5625,6.878982982626449,0.03191651262537717,0.9586401450793364,0.014219762438076466,-0.0009453891969586724,-1.823346199522248e-05,3.8130108183472064e-05,-5.255620217610025e-06,1.245383252527302e-08,1.3300657610832645e-07,-6.411326613178395e-08,0.0,0.0,10.0
-0.5595,6.872444992013094,0.033617228274456186,0.9565418805772896,0.014681565513619996,-0.000945224560295753,-2.3917687099005616e-05,4.069178205616672e-05,-5.184515858810309e-06,-1.452025257063196e-07,1.392228478259937e-07,-5.0258888262926185e-08,0.0,0.0,10.0
-0.5565,6.865604386853346,0.03539453508389036,0.954350791984075,0.015174426244074656,-0.0009437269866848516,-3.29697273896983e-05,4.3951379120500584e-05,-4.896176255041016e-06,-3.871381719585327e-07,1.4027286906542176e-07,-3.052205490541575e-08,0.0,0.0,10.0
-0.5535,6.8582886964466745,0.037282749541118695,0.9520400130231313,0.01567999492085156,-0.0009203481500655676,-4.944437420325199e-05,4.7153321521854436e-05,-3.992510570733531e-06,-7.328688204926559e-07,1.2539492277871802e-07,-3.6113657973070536e-09,0.0,0.0,10.0
-0.5505,6.85031758243717,0.03928781565371839,0.9496745599563201,0.01601389853385932,-0.0008328140563290019,-6.309724684634589e-05,4.407972506769627e-05,-2.6543113548472947e-06,-6.705416640887802e-07,9.054904855563788e-08,-8.373291746646224e-09,0.0,0.0,10.0
-0.5475,6.843511989583161,0.04117749795876861,0.9474949708072387,0.015796137470860717,-0.0007696308739088724,-7.576343029244781e-06,3.594727463235242e-05,-6.223572089045761e-06,2.5121992831196033e-07,2.5584938972371566e-07,-9.41640655325015e-08,0.0,0.0,10.0
-0.5445,6.838784811841155,0.042363760118059965,0.9457021199805118,0.016798274479141985,-0.0010209915488470426,-5.4359713848991934e-05,5.9214002818773805e-05,-4.071930187946546e-06,-1.2282947463164127e-06,1.3904747882583764e-07,1.3449202414697052e-08,0.0,0.0,10.0
-0.5415,6.828197216551051,0.044968771726027326,0.942830317133068,0.017181234703028996,-0.0008284060661529346,-5.778058724255332e-05,4.516624675987678e-05,-4.094750106917609e-06,-8.1584023766258e-08,1.349289550139347e-07,-5.6636275826048715e-08,0.0,0.0,10.0
-0.5385,6.820172789580956,0.04705723434552244,0.9403455116759398,0.017524141022328982,-0.0008211206181881841,-5.159476326279673e-05,4.880540293293412e-05,-4.742979084929636e-06,-2.5269192465627495e-07,1.7696050318074496e-07,-3.5335645160842334e-08,0.0,0.0,10.0
-0.5355,6.811835032564186,0.04918396879330291,0.9378008620123492,0.017880528337865947,-0.0008138840962641087,-5.128941303825336e-05,5.11067809143595e-05,-4.84161236144557e-06,-2.4606424091958116e-07,1.7109735795035367e-07,-3.7166164389671025e-08,0.0,0.0,10.0
-0.5325,6.803262063907104,0.051363818389760424,0.9352009104597725,0.018256123295049758,-0.0008040407925907091,-5.3641018049441936e-05,5.290726172562333e-05,-4.8707285103787644e-06,-2.464536511597697e-07,1.723147866970855e-07,-4.104251457220568e-08,0.0,0.0,10.0
-0.5295,6.794470342438936,0.053604051013139156,0.9325345581196094,0.018656043197146713,-0.000794743640188925,-5.731552319964823e-05,5.52108736081608e-05,-4.865343343509544e-06,-3.1922752400269626e-07,1.838680062110995e-07,-4.3058221755139867e-08,0.0,0.0,10.0
-0.5265,6.785391306352994,0.05592282144100453,0.9297742890875148,0.019096872097807135,-0.0007859621837852444,-6.446064972288712e-05,5.873646368120738e-05,-4.746177480550134e-06,-5.158248353983339e-07,1.9878298272178282e-07,-4.404135328567133e-08,0.0,0.0,10.0
-0.5235,6.775789114686496,0.058365978432945956,0.9268825961726586,0.019556962037579367,-0.0007532452693158106,-8.046996866541732e-05,6.25116873742194e-05,-3.965087568655297e-06,-8.178093401635621e-07,1.7191042883090269e-07,-3.415346305017947e-08,0.0,0.0,10.0
-0.5205,6.76538112567128,0.06095157650399707,0.9239317111730073,0.019807729167346702,-0.0006403103540413482,-9.380721999092346e-05,5.836125118432154e-05,-2.418204717440419e-06,-6.74329662165366e-07,7.302687945995954e-08,-3.3836316973978385e-08,0.0,0.0,10.0
-0.5175,6.7564957621457244,0.06338821872789918,0.9212217723932242,0.01937100877686643,-0.0005483968796401521,-2.8820847617784685e-05,4.763409377437569e-05,-5.8761102400513076e-06,2.8138840190940356e-07,2.2865373908465344e-07,-1.0067055515953109e-07,0.0,0.0,10.0
-0.5145,6.750657554537398,0.06485600473256675,0.9190437569686408,0.02045435619306409,-0.0008354364452723856,-8.846266116640747e-05,7.486341606912505e-05,-3.0644908026420615e-06,-1.4469846210125262e-06,1.4744143038004836e-07,1.7636691343643427e-09,0.0,0.0,10.0
-0.5115,6.736860814706012,0.06817224650417361,0.9155457230371822,0.020708245967495556,-0.0005961099641535246,-8.823562289570839e-05,5.964353723270476e-05,-3.034996721375723e-06,-4.941184645856686e-07,1.192183388059774e-07,-6.165598034427919e-08,0.0,0.0,10.0
-0.5085,6.726641540336905,0.07078605037232753,0.912554672197293,0.02093365283773392,-0.0005740583692450977,-8.110464238270214e-05,6.338554273728697e-05,-3.3407749165439344e-06,-9.81572812700357e-07,1.2900461561017412e-07,-1.0502111259018391e-08,0.0,0.0,10.0
-0.5055,6.71615693412822,0.07341920819799902,0.9095219705293371,0.02116395023916991,-0.0005546508608944529,-7.865381580993083e-05,6.459118677553435e-05,-3.22011208013123e-06,-9.23930813254215e-07,1.4535551965473704e-07,-7.76556794700436e-09,0.0,0.0,10.0
-0.5025,6.7054871558705305,0.07608953003690316,0.9064602782475427,0.021401998112736974,-0.0005379774902410022,-7.465170867031895e-05,6.5067986297611e-05,-3.508760915406834e-06,-6.669488776273453e-07,1.9170010462136549e-07,-2.7886517759172448e-08,0.0,0.0,10.0
-0.49950000000000006,6.694655956631044,0.0788032140387157,0.9033614073301146,0.02165032229834293,-0.0005244220365043763,-6.95900506946159e-05,6.607562864788777e-05,-4.11345944099777e-06,-4.2831112156201964e-07,2.524403016237138e-07,-5.271224962080942e-08,0.0,0.0,10.0
-0.49649999999999994,6.683680186855588,0.08156211700450638,0.9002111042881328,0.02192028403549084,-0.0005118701211623068,-6.830171578071153e-05,6.840053484434055e-05,-4.430167833270105e-06,-3.952600073865634e-07,2.9236400229004644e-07,-6.142481023418453e-08,0.0,0.0,10.0
-0.49350000000000005,6.672576994493908,0.08436694632204178,0.8969992556332366,0.022217682282214254,-0.0004962763397375446,-7.449893761660445e-05,7.212159529404283e-05,-3.97314285402806e-06,-6.607573222028266e-07,2.875144600513793e-07,-4.0160483047322105e-08,0.0,0.0,10.0
-0.49049999999999994,6.661296157704811,0.08722452914031067,0.8937276926323517,0.02251697690788514,-0.0004722959191475489,-8.509035087012328e-05,7.587232160657696e-05,-2.946482919318214e-06,-1.0558338368547912e-06,2.502490762453766e-07,-2.931844341886012e-09,0.0,0.0,10.0
-0.48750000000000004,6.649982041199362,0.09015420609676673,0.8903776404960583,0.022752437739583763,-0.00041437581259409344,-8.919974236665926e-05,7.423085645599602e-05,-2.2899260386623773e-06,-8.75864883390783e-07,2.2808655753758085e-07,-1.5721314963032157e-08,0.0,0.0,10.0
-0.48449999999999993,6.638033805953869,0.09315321685518671,0.8870360212801512,0.022908662435568043,-0.00037206507480913543,-8.380961983307623e-05,7.315975534852996e-05,-2.400861507357658e-06,-6.955505820081148e-07,2.414476724616059e-07,-3.056504393188708e-08,0.0,0.0,10.0
-0.48150000000000004,6.625652270444044,0.09617995685130737,0.8837013428448599,0.023066898185005274,-0.00035307002574252273,-7.934830114542124e-05,7.477844285031643e-05,-2.4771433416347173e-06,-7.806064352819189e-07,2.5358611832617877e-07,-2.298715396552127e-08,0.0,0.0,10.0
-0.4784999999999999,6.613381612210833,0.09921944029299821,0.8803099204900597,0.02326472229826791,-0.00032559487237077155,-8.066620902283409e-05,7.580596234254816e-05,-2.1640809012710025e-06,-7.981600353580207e-07,2.5095669949282554e-07,-2.2213639086590025e-08,0.0,0.0,10.0
-0.47550000000000003,6.6009823582546785,0.10229957722573073,0.8768757557511413,0.02345107448052602,-0.0002936447626452228,-8.198975420804975e-05,7.665418426652205e-05,-2.0212415274639434e-06,-7.478287315223066e-07,2.622152043377755e-07,-3.076493385570086e-08,0.0,0.0,10.0
-0.4724999999999999,6.5884368288511475,0.10542416901976387,0.8734100112669467,0.02360671740311638,-0.0002571704285008363,-8.320091736846391e-05,7.756772467475873e-05,-1.874661196447129e-06,-7.251804515282139e-07,2.721657063422588e-07,-3.5913670611242024e-08,0.0,0.0,10.0
-0.46950000000000003,6.575742333676928,0.10858723844055666,0.8699305542822664,0.02371192153447958,-0.00021331242137046958,-8.331830905886194e-05,7.749198600279483e-05,-1.4433788006880027e-06,-7.156941692562131e-07,2.536872407056175e-07,-3.1098422541205204e-08,0.0,0.0,10.0
-0.4664999999999999,6.562944590477773,0.11176802948331616,0.866462966098524,0.023766641952194825,-0.0001740130954293144,-7.708147397409375e-05,7.582954104823804e-05,-1.1659023483414737e-06,-5.75008779998234e-07,2.2405852191933893e-07,-2.99470280234899e-08,0.0,0.0,10.0
-0.4635,6.550093062253196,0.11496075801836678,0.8629834309710761,0.023864200393062387,-0.00017307177380315072,-6.199423046630739e-05,7.529472619784139e-05,-2.061248380513678e-06,-2.5759838758905223e-07,2.5349565533177566e-07,-5.3566178005282695e-08,0.0,0.0,10.0
-0.4604999999999999,6.53669650245182,0.11830504549049575,0.8592823471391831,0.02419345339870811,-0.00018870566445955165,-6.63916083454438e-05,8.08676962359661e-05,-2.3866266803601728e-06,-4.2203475161347034e-07,2.944696507858815e-07,-5.189939019125431e-08,0.0,0.0,10.0
-0.4575,6.522722870205687,0.1221883286148513,0.8550218565911625,0.023863584017285437,-5.63936230076907e-05,-5.067082483274192e-05,7.98932109717659e-05,-2.125035925098608e-06,-7.634994705343079e-07,3.0232911542690296e-07,-1.7373568480379144e-08,0.0,0.0,10.0
-0.4544999999999999,6.518101984609727,0.12336228310671521,0.8533119380487115,0.02458601499386825,-0.0003210262065660727,-8.660038085958793e-05,9.661796872408573e-05,-8.886910822823636e-07,-1.8167750901521057e-06,2.7034174482263045e-07,2.4357677086297965e-08,0.0,0.0,10.0
-0.4515,6.497307958231534,0.1281720779867177,0.8485164827205937,0.024527218025178002,-5.404782695213219e-05,-7.181164763364747e-05,7.943195931821057e-05,-7.474125123203846e-07,-3.152359206825864e-07,0.0,0.0,0.0,0.0,8.0
-0.4484999999999999,6.483523111608013,0.13155970556910057,0.8448292762507574,0.02455087215569449,-5.9404840405913666e-05,-6.918384288290757e-05,8.310254411358178e-05,-5.456531235060687e-07,-4.5999521886181183e-07,0.0,0.0,0.0,0.0,8.0
-0.4455,6.4697287827507015,0.13499138195093482,0.8411273137373864,0.024622783307508042,-4.2457250447778425e-05,-6.958993664703654e-05,8.422807193956713e-05,-3.729868788302574e-07,-4.852062214468267e-07,0.0,0.0,0.0,0.0,8.0
-0.4424999999999999,6.455839563839268,0.13846246232920473,0.8374056836163802,0.02469746549683791,-1.4281274362702514e-05,-6.970122641453015e-05,8.515006256088679e-05,-1.4559731787936395e-07,-6.229656234815652e-07,0.0,0.0,0.0,0.0,8.0
-0.4395,6.441807500252309,0.141961810047501,0.8336649415550094,0.02474990068255972,1.912996463446876e-05,-6.951780278408598e-05,8.568932136429536e-05,2.5381769113559507e-07,-7.585290314217767e-07,0.0,0.0,0.0,0.0,8.0
-0.4365000000000001,6.427636630904759,0.14548392151250186,0.8299142288223637,0.02477143966513932,5.00092806513921e-05,-6.630388262044238e-05,8.538580317145247e-05,5.557795989433635e-07,-7.124465110655316e-07,0.0,0.0,0.0,0.0,8.0
-0.4335,6.413259724805998,0.1490490554515924,0.8261246164388409,0.024814936480043032,6.406518112717174e-05,-5.945312616589839e-05,8.520144055230364e-05,4.827775715936765e-07,-5.025675813458947e-07,0.0,0.0,0.0,0.0,8.0
-0.4305000000000001,6.39798919171095,0.15281746377296043,0.8221192134137922,0.02498516513681466,8.893866230137122e-05,-6.573366089945666e-05,8.720710172982462e-05,1.0549604736691718e-06,-5.994608737216289e-07,0.0,0.0,0.0,0.0,8.0
-0.4275,6.3810802402002285,0.15718036971212895,0.8176643524383257,0.024355186920779273,0.00023764914790187956,-3.503971214037759e-05,7.927723957973231e-05,8.23315049928112e-07,-2.033641196852982e-07,0.0,0.0,0.0,0.0,8.0
-0.4245000000000001,6.376427015602674,0.15836980679242624,0.8159489245395296,0.025011624251098357,-3.4440273779847794e-05,-6.842863533316926e-05,9.490373246451704e-05,1.828066927701089e-06,-1.214768287231298e-06,0.0,0.0,0.0,0.0,8.0
-0.4215,6.355231323934799,0.1634539085922795,0.8109479719437171,0.024920018449982543,0.00018700075110954348,-5.092154268438509e-05,8.306879732241232e-05,1.26618014624142e-06,-4.6895326669483687e-07,1.0416224870355016e-07,-4.62009283888369e-08,0.0,0.0,10.0
-0.4185000000000001,6.340370620773757,0.16712572718372223,0.8070876333989316,0.02483782446705287,0.00017225867180682887,-4.3226083706074016e-05,8.58836109616419e-05,1.0064470823364895e-06,-5.711732413975746e-07,1.7420784150395737e-07,-2.965812535292002e-08,0.0,0.0,10.0
-0.4155,6.325377467649714,0.17082299678500748,0.8032241114170648,0.024830342487903626,0.00017113266006118906,-4.131180314559512e-05,8.748667686668633e-05,8.625585177906737e-07,-5.299636825460704e-07,2.3388712742680002e-07,-3.2168821819349635e-08,0.0,0.0,10.0
-0.4125000000000001,6.310274324280347,0.1745582214857506,0.7993352959241765,0.024844361951014703,0.00018387822379605146,-4.3057290915976636e-05,8.924056250899429e-05,9.316349728191945e-07,-5.831516550012092e-07,2.6327104086952973e-07,-3.3572846646260975e-08,0.0,0.0,10.0
-0.4095,6.295010985030232,0.1783283366567062,0.7954233251019549,0.02483814833785262,0.00021561418525023116,-4.9371556508836245e-05,9.017116690868237e-05,1.6666197380767408e-06,-7.441532604652065e-07,2.4197041580431333e-07,-2.1356714350948536e-08,0.0,0.0,10.0
-0.4065000000000001,6.279616926214389,0.1821154325628197,0.7915252112157966,0.02476496333172453,0.00026178714855794755,-5.352690419088653e-05,8.89218789630237e-05,2.7547549167948767e-06,-8.452809145006541e-07,1.8557723264711066e-07,-3.880665893626806e-09,0.0,0.0,10.0
-0.40349999999999997,6.264216178594008,0.1858822123749418,0.7876948074267551,0.024609620315304965,0.0002938682623846694,-4.281085108101899e-05,8.547387260669277e-05,2.6788213611631394e-06,-5.637692765312333e-07,1.742674415504996e-07,-1.90804563626183e-08,0.0,0.0,10.0
-0.4005000000000001,6.249109570673769,0.18958603206018454,0.7839250369245222,0.024485536977163627,0.00027744299691000743,-2.1646666545460803e-05,8.413783998552169e-05,9.918426891081235e-07,-7.787430533788956e-08,2.497665982180346e-07,-6.640862344377098e-08,0.0,0.0,10.0
-0.39749999999999996,6.235456510767998,0.19324935416402303,0.7800103334266189,0.024579831032869152,0.0002488814052488895,-2.4168398987591626e-05,8.999455804188412e-05,7.89688175093961e-07,-4.29677669919813e-07,2.7638539575429885e-07,-4.555095412430814e-08,0.0,0.0,10.0
-0.3945000000000001,6.2209761225144495,0.19700729084969748,0.7759292892709313,0.02480948590981121,0.0002697199234093695,-6.278596712753037e-05,9.705102028551997e-05,4.2310145119811365e-06,-1.4367178954218925e-06,1.3513975112377393e-07,4.703568000027309e-08,0.0,0.0,10.0
-0.39149999999999996,6.202601540731478,0.20116883914502928,0.7719540259046053,0.024444204948151766,0.0003596725507277578,-3.9575180144940516e-05,8.544431979970521e-05,3.4966736294828984e-06,-3.2846851339173493e-07,1.5664380671111555e-07,-3.298238359426943e-08,0.0,0.0,10.0
-0.38850000000000007,6.186621100571837,0.20503764109111583,0.768069068646762,0.024335044923544685,0.00037241495567186245,-3.858293107875185e-05,8.518551508727647e-05,3.969107449125686e-06,-3.7014635696322393e-07,1.339309677309041e-07,-2.2799620110045297e-08,0.0,0.0,10.0
-0.38549999999999995,6.1708256277487115,0.2089220090546763,0.7641952142267726,0.024205524503708095,0.0003842320461600675,-3.2273559153537946e-05,8.449764776583758e-05,3.857590784694171e-06,-3.87854903695745e-07,1.3836718266393937e-07,-1.4448378854993465e-08,0.0,0.0,10.0
-0.38250000000000006,6.155052247033109,0.21280037271589045,0.7603345239155275,0.02407893640710083,0.00039168096783790844,-2.221989940884756e-05,8.344363008154096e-05,3.245888630563462e-06,-2.985932526844614e-07,1.675142643424879e-07,-1.823275014337112e-08,0.0,0.0,10.0
-0.37949999999999995,6.13925331453506,0.21667045133863866,0.7564759565631956,0.023967124999560017,0.00039008448723340153,-1.0981367177309894e-05,8.279451892546452e-05,2.381981163038354e-06,-1.3732229366985604e-07,2.1198514284234188e-07,-3.24415170026081e-08,0.0,0.0,10.0
-0.37650000000000006,6.123462196305799,0.22054152609609662,0.7525991051560534,0.023888898564427476,0.00037936500603715406,-3.804772633871973e-06,8.349914051401842e-05,1.7655208100442517e-06,-5.712179874477265e-08,2.519590770927965e-07,-4.175020398896896e-08,0.0,0.0,10.0
-0.37349999999999994,6.107756270199234,0.22442110684139355,0.7486800641980222,0.02386996593399746,0.0003660569140074635,-6.9237844501567975e-06,8.611823315314685e-05,1.9997689546396227e-06,-2.319012999779155e-07,2.6213659996271593e-07,-2.7641803120599373e-08,0.0,0.0,10.0
-0.37050000000000005,6.092134800276177,0.22832168731321068,0.7447067642002501,0.023900922264880723,0.00036062588081692916,-2.037896657856459e-05,8.981502722914954e-05,3.180423006689725e-06,-6.414999692968748e-07,2.3726570446427868e-07,1.0055812869501861e-08,0.0,0.0,10.0
-0.36749999999999994,6.0766464690887,0.2322900055397629,0.7406585381907942,0.02388052000832866,0.00039303599806084867,-3.023295307813859e-05,8.919039266187607e-05,4.283112680466528e-06,-6.963471848460998e-07,2.1774546765820688e-07,2.2971362806566197e-08,0.0,0.0,10.0
-0.36450000000000005,6.060443960779679,0.23636679701429203,0.7366294358028375,0.023703824332909334,0.0004399026407878016,-2.220476522999361e-05,8.437527173612774e-05,4.102131311715644e-06,-2.651514886851758e-07,2.5064248693183454e-07,-5.3428961031943335e-09,0.0,0.0,10.0
-0.36149999999999993,6.043250568041095,0.24046924291947458,0.7327111877727198,0.02348033716898456,0.00044694530938940366,-8.918015504448984e-06,8.279235226059982e-05,3.41557305777461e-06,-7.033107295001464e-08,3.032558113940282e-07,-2.1540794207894607e-08,0.0,0.0,10.0
-0.35850000000000004,6.026569050877293,0.24449484354131282,0.728782940255821,0.0233809411023158,0.0004450867976568887,-1.0639470384990186e-05,8.411815520692191e-05,3.7919878413306432e-06,-2.4423293834720884e-07,3.133047735119815e-07,-1.0495386867037511e-08,0.0,0.0,10.0
-0.3554999999999999,6.009885784240736,0.24853647074140864,0.724825725355676,0.02328803906585161,0.0004583411732820874,-1.533096835501904e-05,8.434050516045358e-05,4.415644264777225e-06,-3.7131337278841775e-07,3.144751339158369e-07,-4.194692057564738e-09,0.0,0.0,10.0
-0.35250000000000004,5.993175938902858,0.2526015334940791,0.7208543652130188,0.023176267056100656,0.0004821696318126285,-2.0952316260525335e-05,8.396503955719194e-05,5.155316639303537e-06,-4.959971936570402e-07,3.1266162244520327e-07,9.193694029065005e-10,0.0,0.0,10.0
-0.3494999999999999,5.976405828500775,0.2566901923902856,0.716891965534937,0.023021309092179743,0.0005130574508432371,-2.4949716524671404e-05,8.291388567639468e-05,5.856090924855357e-06,-5.996566611277222e-07,3.135550808645274e-07,3.820294295080729e-09,0.0,0.0,10.0
-0.34650000000000003,5.9595387405867175,0.26079279546221085,0.7129685627410017,0.02280294254676564,0.0005466416575067985,-2.36303422725575e-05,8.066134875007883e-05,6.22949563683035e-06,-5.924541010455759e-07,3.2843686982684404e-07,-2.7724517031950538e-09,0.0,0.0,10.0
-0.3434999999999999,5.94259790659612,0.264885820324807,0.7091154164654125,0.02252105935513636,0.0005728264623320067,-1.3549626435534315e-05,7.719680482979952e-05,5.892246922199444e-06,-3.9405006361916523e-07,3.743438283783871e-07,-2.71984039623203e-08,0.0,0.0,10.0
-0.3405,5.925780310082152,0.2689283609974712,0.7053426924540508,0.022228980652341246,0.0005771994653694048,2.751970184001244e-06,7.403158642240363e-05,4.8479188546459e-06,-8.7873711612224e-08,4.5431468606190477e-07,-6.557581094219599e-08,0.0,0.0,10.0
-0.3374999999999999,5.911711870619651,0.2730045347303891,0.7013222655757864,0.0215001118324356,0.0004994549680978044,4.56216841712688e-05,7.924355896809528e-05,2.507993127733402e-06,-3.762855257280266e-07,5.718171936701967e-07,-7.263949747716726e-08,0.0,0.0,10.0
-0.3345,5.907369785149725,0.2741821804357998,0.6996273200153942,0.0220859207687301,0.00023542672642388213,1.3150992413120648e-05,9.329574922756312e-05,3.2148696840092835e-06,-1.195875924269432e-06,5.50384194735836e-07,-5.480704436750277e-08,0.0,0.0,10.0
-0.3314999999999999,5.878654087228994,0.28061097489272774,0.6939674433679167,0.022062021556338178,0.0005496496725565462,2.9893657072812017e-06,7.075813988162217e-05,4.406624266302636e-06,4.223441065107151e-07,0.0,0.0,0.0,0.0,8.0
-0.3285,5.862031455097151,0.28467212579727635,0.6901270375972723,0.021914571127416103,0.0005337460315941284,7.09411025019714e-06,7.153712367751945e-05,4.292911604406271e-06,3.8177188810117875e-07,0.0,0.0,0.0,0.0,8.0
-0.3254999999999999,5.8454327578401895,0.2887617436725759,0.6862579101245136,0.021786166201553478,0.0005229746367772896,7.772039894274614e-06,7.29064491833667e-05,4.385986111006411e-06,2.3794190709913815e-07,0.0,0.0,0.0,0.0,8.0
-0.3225,5.8287383018778405,0.29288522901859915,0.6823581629846255,0.02167173167179085,0.0005218563651255805,3.188028750316453e-06,7.495293537251558e-05,4.843770223540776e-06,-5.778034925825793e-08,0.0,0.0,0.0,0.0,8.0
-0.3194999999999999,5.811878107881554,0.29704048572831193,0.6784377887942925,0.02154909693632105,0.0005358519173018076,-5.946730447432112e-06,7.692572764274566e-05,5.6685474035889676e-06,-4.492808575112156e-07,0.0,0.0,0.0,0.0,8.0
-0.3165,5.794799239816793,0.3012198131733711,0.6745319428031089,0.021367904104204385,0.0005668242501475758,-1.3502587373151559e-05,7.70355335425849e-05,6.508044102331804e-06,-7.22771737231682e-07,0.0,0.0,0.0,0.0,8.0
-0.3134999999999999,5.777439176441729,0.3054112160514432,0.6706955103228003,0.021068715627755946,0.0006102584824346861,-9.73977514022587e-06,7.31705859350793e-05,6.752493333483376e-06,-5.859346624981642e-07,0.0,0.0,0.0,0.0,8.0
-0.3105,5.7599711604361055,0.3095705175687999,0.6669690045448317,0.020673948199842904,0.0006488814772684236,6.752803311512293e-06,6.617828494421066e-05,6.2241777375926915e-06,-5.445849545421288e-08,0.0,0.0,0.0,0.0,8.0
-0.3075000000000001,5.7452666830756165,0.3136934602070775,0.6630668441116978,0.01989831825294445,0.000591549624933388,4.211052123986879e-05,6.842521293692468e-05,4.939734360651493e-06,-2.5201437878603693e-07,0.0,0.0,0.0,0.0,8.0
-0.3045,5.741309282667886,0.3147878774151382,0.6614901275638367,0.020393509347394062,0.0003530278710496947,1.2256823838729713e-05,8.069764784386782e-05,5.5261450121654346e-06,-1.0479014477209208e-06,0.0,0.0,0.0,0.0,8.0
-0.3015000000000001,5.712438546873562,0.32121994543093924,0.6560025776107052,0.02034931954765194,0.0006198010388776351,-2.5117188978686093e-06,6.542261843876157e-05,6.4884299202430075e-06,-2.424054679073241e-07,9.093079079288961e-08,-6.785543192791883e-08,0.0,0.0,10.0
-0.2985,5.6958477755646735,0.32528402520932,0.6523083284529966,0.02010641560994033,0.0006199377820773743,1.7574970778800899e-06,6.507837735906694e-05,6.254099717221247e-06,-3.4618884333703805e-07,1.3507302567621318e-07,-5.921486138306246e-08,0.0,0.0,10.0
-0.2955000000000001,5.679377177946445,0.32934082827987,0.6486458753666251,0.01985506193409036,0.0006167054730631731,7.2746164175477876e-06,6.482223327303985e-05,5.891425264871732e-06,-4.3716955625618026e-07,1.8530479373033904e-07,-5.386929668442691e-08,0.0,0.0,10.0
-0.2925,5.662912189953798,0.33338052013351865,0.6450158619906314,0.019606916154635428,0.0006113021071421363,1.2966205699244929e-05,6.447452274118272e-05,5.469851796483058e-06,-4.937990737987059e-07,2.3962828729246323e-07,-5.328582704811364e-08,0.0,0.0,10.0
-0.2895000000000001,5.646399159688015,0.33739921878544715,0.6414120658511985,0.01936853458980863,0.0006058375882168162,1.7961003059268926e-05,6.387792722398997e-05,5.057067437500721e-06,-5.037222214688952e-07,2.9596322098764184e-07,-5.8073322721128405e-08,0.0,0.0,10.0
-0.2865,5.629844049564004,0.34139869940893386,0.6378290468417057,0.01914162111350485,0.0006002780159829336,2.159167454877845e-05,6.320732707134136e-05,4.708875653926457e-06,-4.899648512482085e-07,3.526971250685297e-07,-6.62668829350163e-08,0.0,0.0,10.0
-0.2835000000000001,5.613298931743727,0.34538077048959154,0.6342629971508615,0.018928496834413697,0.0005936501391575371,2.31317441712957e-05,6.27873997907694e-05,4.476893668412411e-06,-4.918889583853041e-07,4.0860911385783385e-07,-7.472911012519816e-08,0.0,0.0,10.0
-0.28049999999999997,5.596815975168866,0.34934718624348027,0.6307109506983688,0.018730199889350953,0.0005864864679242457,2.2220318309250405e-05,6.268969072138429e-05,4.381071802148365e-06,-5.237469651788778e-07,4.6367264944483396e-07,-8.215849050905141e-08,0.0,0.0,10.0
-0.2775000000000001,5.582797539561028,0.35343174761349844,0.6268841629167923,0.018078018860603225,0.0005385526785388256,4.336995028055855e-05,6.600036463211258e-05,3.452462900415103e-06,-7.682787521973141e-07,5.402655561283539e-07,-8.067460567002294e-08,0.0,0.0,10.0
-0.27449999999999997,5.579113362578843,0.35447793010747525,0.6254120234005792,0.01848937815263383,0.0003315930309183283,1.712372885562393e-05,7.604406233665246e-05,4.032047648079997e-06,-1.3369068596828793e-06,5.36107481396281e-07,-6.876468068185324e-08,0.0,0.0,10.0
-0.2715000000000001,5.548997411483207,0.3611307033714241,0.6200099447500995,0.018285884948478687,0.00063869554103105,7.747496903631447e-06,5.5738098184371854e-05,5.179326822594011e-06,-8.767710843751461e-08,0.0,0.0,0.0,0.0,8.0
-0.26849999999999996,5.532516916312254,0.3650907935045254,0.6165452178049623,0.01803040605506041,0.000635892290863741,8.038857177049267e-06,5.5573126005310994e-05,5.355846523304923e-06,-1.2969424238932043e-07,0.0,0.0,0.0,0.0,8.0
-0.26550000000000007,5.516194224067548,0.3690245880352691,0.6131153622362242,0.017766197404342213,0.0006368315354205779,9.656077259995367e-06,5.4746092668929104e-05,5.430188547279472e-06,-1.1870980418433172e-07,0.0,0.0,0.0,0.0,8.0
-0.26249999999999996,5.499992698001438,0.37293248758052083,0.6097251405354757,0.01749114543053629,0.0006399470857555017,1.2688857153113408e-05,5.3308744169466174e-05,5.398198413339102e-06,-5.788000720014974e-08,0.0,0.0,0.0,0.0,8.0
-0.25950000000000006,5.483881060741536,0.3768152637127265,0.6063769039821225,0.017207153254320564,0.0006434587750278232,1.6751406979927704e-05,5.147902929806669e-05,5.284088870401134e-06,3.442651698227476e-08,0.0,0.0,0.0,0.0,8.0
-0.25649999999999995,5.467871994231349,0.3806688186263273,0.6030710333899887,0.01692294461271278,0.000645097575380039,2.0873967656235517e-05,4.96677298200822e-05,5.141649700457751e-06,1.2220062423467687e-07,0.0,0.0,0.0,0.0,8.0
-0.25350000000000006,5.452045815834809,0.38448148011763494,0.5998053378758815,0.01665515572515671,0.0006421479252796326,2.3481691129274275e-05,4.844909187077406e-05,5.049847824015463e-06,1.5482430000934011e-07,0.0,0.0,0.0,0.0,8.0
-0.25049999999999994,5.436504222661233,0.38824196414895806,0.5965729140196971,0.016420094623763065,0.0006338226525852246,2.3062772128702058e-05,4.8170131249897345e-05,5.081358975213867e-06,1.0040572237131775e-07,0.0,0.0,0.0,0.0,8.0
-0.24750000000000005,5.423635829092936,0.39207485123709684,0.593089540627473,0.01581743038402491,0.0005872088597668635,3.766544243525124e-05,5.1315465277539125e-05,4.644571947616157e-06,-2.1849833403985096e-07,0.0,0.0,0.0,0.0,8.0
-0.24449999999999994,5.42057618253934,0.3929883129967084,0.5918077115609708,0.01614042691610228,0.0004082537928295664,1.6590969888335717e-05,5.948620618990544e-05,4.964691580210447e-06,-7.151827300529103e-07,0.0,0.0,0.0,0.0,8.0
-0.24150000000000005,5.391570919217512,0.3992945464536532,0.5869418418826575,0.015889923649687793,0.0006407503562443384,1.4299301994532025e-05,4.554229602690465e-05,5.065022184372658e-06,4.1099723622482824e-08,6.836996583150216e-08,-5.33435392175168e-08,0.0,0.0,10.0
-0.23849999999999993,5.376020283901359,0.4030009872422704,0.5838357705515249,0.015621570545435002,0.0006291952474958201,1.60328209315751e-05,4.581384709434138e-05,4.864001116463904e-06,-5.055007509900497e-08,9.287532994647601e-08,-4.737188452478882e-08,0.0,0.0,10.0
-0.23550000000000004,5.360716518300472,0.4066698045244615,0.5807555777068358,0.015359650801019099,0.000622990296365134,1.716126912604598e-05,4.556064563226701e-05,4.682336906863596e-06,-9.906133813870306e-08,1.1695937324921128e-07,-4.479105079446773e-08,0.0,0.0,10.0
-0.23249999999999993,5.34561280180923,0.4103018918643826,0.5777082463751441,0.01509975801789011,0.0006196114462144137,1.8047731570188958e-05,4.5019756526827705e-05,4.496126108585586e-06,-1.217205846802482e-07,1.414568755919175e-07,-4.4594661814252545e-08,0.0,0.0,10.0
-0.22950000000000004,5.330676774896352,0.4138975538588357,0.5746994613597534,0.014839683310815949,0.0006169854081949551,1.8873028756585065e-05,4.439428367650718e-05,4.289662423206076e-06,-1.326593818932451e-07,1.6701502080101665e-07,-4.599123234021713e-08,0.0,0.0,10.0
-0.22649999999999992,5.315887042445251,0.4174573136709292,0.571733356972271,0.01457782689129667,0.0006138579046594645,1.9793420642293145e-05,4.379424358987803e-05,4.048449625134143e-06,-1.3836050705559113e-07,1.9426959924326173e-07,-4.865881628387262e-08,0.0,0.0,10.0
-0.22350000000000003,5.301217628370277,0.4209825927669847,0.5688133268703699,0.014312040667714628,0.0006096892907613954,2.104702807176337e-05,4.3232856259886375e-05,3.752711126651721e-06,-1.369987789849438e-07,2.2403156242352333e-07,-5.2789865503747684e-08,0.0,0.0,10.0
-0.22049999999999992,5.2866266178755055,0.42447567188969315,0.5659428296244422,0.01403931364779199,0.0006046354056398538,2.297129823163011e-05,4.260104147921957e-05,3.3747150064870567e-06,-1.1604334061678679e-07,2.57368887413354e-07,-5.9234235765429725e-08,0.0,0.0,10.0
-0.21750000000000003,5.274048058948094,0.42805607590963346,0.5629033797299103,0.013406907942414458,0.0005594755249610769,4.086493351453152e-05,4.449830452182394e-05,2.347769094979102e-06,-2.2361748284815377e-07,3.0485082258947474e-07,-6.1908225185463e-08,0.0,0.0,10.0
-0.2144999999999999,5.271523634405542,0.42883390016958695,0.561821784637356,0.013644126220559345,0.00040981228876237465,2.3840018230586598e-05,5.086989315231371e-05,2.5465498586020425e-06,-5.587104445248149e-07,3.0068777766126683e-07,-5.556682737350788e-08,0.0,0.0,10.0
-0.21150000000000002,5.2448917628041185,0.43466562135235215,0.5574644053357736,0.013340567326972759,0.0006386711898452558,2.231867685169823e-05,3.569126906156193e-05,2.723835824742549e-06,3.6835721577609855e-07,0.0,0.0,0.0,0.0,8.0
-0.2084999999999999,5.230855168939115,0.4380019474000582,0.5547772723583702,0.013056866074898258,0.0006304080494867132,2.301098916176376e-05,3.5315347739608596e-05,2.5392336223051237e-06,3.929751651636861e-07,0.0,0.0,0.0,0.0,8.0
-0.20550000000000002,5.2169996871746225,0.4412890271468645,0.5521386593966219,0.012776997825767201,0.0006228281223137773,2.344015158875748e-05,3.4880728324507175e-05,2.336864654021815e-06,4.2719674550172923e-07,0.0,0.0,0.0,0.0,8.0
-0.2024999999999999,5.203335011847597,0.4445257735068645,0.5495493587755921,0.01249994849033958,0.0006157192773847868,2.3726543024127193e-05,3.440578394954305e-05,2.1113467577493172e-06,4.7053341341094345e-07,0.0,0.0,0.0,0.0,8.0
-0.1995,5.189870939030538,0.447711452075746,0.547009889107259,0.01222506469197714,0.0006088771650606991,2.3940293801461232e-05,3.3915024750177544e-05,1.8584775131095312e-06,5.224181888499473e-07,0.0,0.0,0.0,0.0,8.0
-0.1964999999999999,5.176606857602273,0.45084632067379066,0.5445211568471052,0.011950911334156322,0.000602194295890109,2.421103003381588e-05,3.34076247353567e-05,1.5714277784432535e-06,5.845891436567108e-07,0.0,0.0,0.0,0.0,8.0
-0.1935,5.163524246979422,0.4539322082726155,0.5420847844845119,0.011674553229271488,0.0005957432887576883,2.4792670682634774e-05,3.283940073417703e-05,1.2380018258267524e-06,6.625378661644533e-07,0.0,0.0,0.0,0.0,8.0
-0.1904999999999999,5.150582545864482,0.4569722637750182,0.5397036816001272,0.011391665470415925,0.0005897719743248467,2.60542465985319e-05,3.210960511091734e-05,8.40518607237111e-07,7.665724615988092e-07,0.0,0.0,0.0,0.0,8.0
-0.1875,5.140128639446606,0.46006017296310225,0.5371173698872206,0.01082623114434542,0.0005777099498432676,3.731131038981351e-05,3.061191629186292e-05,1.7756666393934092e-07,9.818928196822581e-07,0.0,0.0,0.0,0.0,8.0
-0.1845000000000001,5.138265621315068,0.46067632064397074,0.5362466672362471,0.010988048934842336,0.0004623941560301843,2.279579657329566e-05,3.488915006127154e-05,3.2529212989574207e-07,8.703937642418134e-07,0.0,0.0,0.0,0.0,8.0
-0.1815,5.115447760021994,0.4656395886180456,0.5326398017102518,0.010742813320289292,0.000634828864426574,1.000879099430266e-05,2.5841115160125876e-05,1.419384054665283e-06,1.3243520902912098e-06,-1.4720450586402449e-07,1.7566272465446276e-08,0.0,0.0,10.0
-0.1785000000000001,5.1031860522186925,0.4684832080013169,0.5304785550358496,0.010432197316389932,0.0006215557618634878,1.1717260049179371e-05,2.634210974541639e-05,1.0152379212813137e-06,1.3368645353754758e-06,-1.655247048828684e-07,2.497959475368153e-08,0.0,0.0,10.0
-0.1755,5.091227843628606,0.47125930926576043,0.5283714388933577,0.010130298434382096,0.0006103571528128579,1.2763328747345515e-05,2.6659824774893676e-05,6.190908442398799e-07,1.374436297294721e-06,-1.868487466730528e-07,3.1778487575343935e-08,0.0,0.0,10.0
-0.1725000000000001,5.079566370537362,0.47396834081473466,0.5263196513638005,0.009835185443218536,0.0006008217620040516,1.3324737768584443e-05,2.6838167712659244e-05,2.2250070213570274e-07,1.4341066563420977e-06,-2.1128790738869607e-07,3.82429371159779e-08,0.0,0.0,10.0
-0.16949999999999998,5.0681988629709736,0.47661065379831397,0.5243238306976854,0.009545508882600221,0.0005926754913601758,1.3525964374927937e-05,2.6911966839643313e-05,-1.816962506123636e-07,1.5139875479141826e-06,-2.389593054705067e-07,4.457865498742169e-08,0.0,0.0,10.0
-0.1665000000000001,5.0571243569095135,0.4791864764798111,0.5223844586375794,0.009260114669166087,0.0005857233642888359,1.3470908971452731e-05,2.6905072797666198e-05,-5.994525686579593e-07,1.6131049141155136e-06,-2.700445972075562e-07,5.0947992966778125e-08,0.0,0.0,10.0
-0.16349999999999998,5.046341636308163,0.48169595348604627,0.5205020134998487,0.008977986379237798,0.0005797895465640788,1.3246592182860045e-05,2.683590676757304e-05,-1.0357436345441954e-06,1.7309915082407938e-06,-3.0478626121393025e-07,5.749326404917058e-08,0.0,0.0,10.0
-0.1605000000000001,5.0358478536345705,0.484139153123342,0.518677070179197,0.008698243938282479,0.0005746810777635302,1.292400946234475e-05,2.6721100854170085e-05,-1.4946488107692813e-06,1.8674063225266321e-06,-3.434880156712515e-07,6.435316816804322e-08,0.0,0.0,10.0
-0.15749999999999997,5.025638122700538,0.4865160692904592,0.5169103127734747,0.008420165870291775,0.0005701829223335437,1.2558433407188542e-05,2.6576619068318832e-05,-1.97936532167428e-06,2.022223621245215e-06,-3.8651723945817144e-07,7.167030435660828e-08,0.0,0.0,10.0
-0.15450000000000008,5.015705947353568,0.4888266401244533,0.5152024710877724,0.008143203028502254,0.0005660780321389553,1.2190823281982567e-05,2.6416831893848755e-05,-2.49222722834804e-06,2.1954615783454236e-06,-4.343074593462959e-07,7.959159831854653e-08,0.0,0.0,10.0
-0.15149999999999997,5.006044021311955,0.4910707914397474,0.513554226332233,0.007866966468973995,0.000562176890618929,1.185072961111043e-05,2.625273410290138e-05,-3.0347573553744366e-06,2.387372384870262e-06,-4.873601386875409e-07,8.826586640398877e-08,0.0,0.0,10.0
-0.14850000000000008,4.996644913300596,0.4932484984878029,0.5119661328914045,0.007591189946506543,0.0005583419673784841,1.1560006561459786e-05,2.6090416282089748e-05,-3.60773491156381e-06,2.5985198259720385e-06,-5.462463372380964e-07,9.78423472234699e-08,0.0,0.0,10.0
-0.14549999999999996,4.987501365298155,0.4953598520915976,0.5104385805003975,0.007315678561007809,0.0005545003229835837,1.1336273125192255e-05,2.5930298064012014e-05,-4.211240236293331e-06,2.8298087076537056e-06,-6.116095896569732e-07,1.0847191538000045e-07,0.0,0.0,10.0
-0.14250000000000007,4.97860618554012,0.49740511596819675,0.5089717955711561,0.007040256783899552,0.0005506455567232823,1.1195312373916391e-05,2.5767039917283907e-05,-4.84464182104817e-06,3.0824682071828013e-06,-6.841713954863218e-07,1.2031072194257804e-07,0.0,0.0,10.0
-0.13949999999999996,4.969951878220785,0.499384767517644,0.5075658658847113,0.006764724846545742,0.0005468342482230978,1.1152068403144293e-05,2.5589786289286446e-05,-5.506505587468127e-06,3.3580078012717647e-06,-7.647402840804119e-07,1.3352523208294763e-07,0.0,0.0,10.0
-0.13650000000000007,4.961530201497405,0.5012995198089328,0.5062207707527402,0.00648882750065022,0.0005431819254105562,1.1220211072393031e-05,2.5382447189763774e-05,-6.1944163257420485e-06,3.6581604863704787e-06,-8.542249472680202e-07,1.4829797001089914e-07,0.0,0.0,10.0
-0.13349999999999995,4.953331838704636,0.5031503242408619,0.5049364028140855,0.0062122375565178455,0.0005398614800065243,1.141016555148219e-05,2.512393171296126e-05,-6.904694985685939e-06,3.984813967264562e-06,-9.53651836480138e-07,1.6483414236458558e-07,0.0,0.0,10.0
-0.13050000000000006,4.945346372968577,0.5049383489743046,0.5037125707263513,0.005934560792763061,0.0005371048415585006,1.17249354846196e-05,2.4788470139996463e-05,-7.631965846311485e-06,4.339914230077458e-06,-1.0641882372821032e-06,1.8337025862528747e-07,0.0,0.0,10.0
-0.12749999999999995,4.937562834969198,0.5066649154047199,0.5025489689301631,0.005655380848527502,0.0005352075022952435,1.2151838413320677e-05,2.434638108158563e-05,-8.36846497249338e-06,4.725307150724054e-06,-1.1871734969786115e-06,2.0418692876776718e-07,0.0,0.0,10.0
-0.12450000000000006,4.929971321523643,0.5083313492303452,0.5014450870419189,0.005374386619087028,0.0005345350584702243,1.2646031204969219e-05,2.3765953051054474e-05,-9.10286423103891e-06,5.142453539428571e-06,-1.3241643508941678e-06,2.2762971822993537e-07,0.0,0.0,10.0
-0.12149999999999994,4.922566688950548,0.5099386537490541,0.500400000395809,0.005091670256576639,0.0005355307127122965,1.309749131055487e-05,2.3017721306557435e-05,-9.818163901556344e-06,5.5918928988225e-06,-1.4770064015529976e-06,2.54145340843587e-07,0.0,0.0,10.0
-0.11850000000000005,4.91535637231039,0.511486817833438,0.49941192024829195,0.004808372949603177,0.0005387219350144181,1.326489011452583e-05,2.2083694630524624e-05,-1.0487775076421494e-05,6.072207588310542e-06,-1.6479554553492393e-06,2.8434749274657223e-07,0.0,0.0,10.0
-0.11549999999999994,4.90837651035523,0.5129733806082837,0.4984772561436477,0.004528034163689265,0.0005447223354645037,1.2643306701699115e-05,2.0976706057893508e-05,-1.106805087682528e-05,6.577987599626934e-06,-1.839895269843982e-06,3.1914091864033576e-07,0.0,0.0,10.0
-0.11250000000000004,4.901724881484465,0.5143904880435382,0.4975886893125153,0.004259362253278381,0.0005542199790783847,1.0199367984244969e-05,1.9780375270710672e-05,-1.1483788188920738e-05,7.095788800621737e-06,-2.0567437674318455e-06,3.599610212051221e-07,0.0,0.0,10.0
-0.10949999999999993,4.895627978660736,0.5157188876776018,0.4967312416077934,0.004021881922505409,0.0005679340139163793,3.839843325113876e-06,1.873085289747144e-05,-1.159971932065106e-05,7.596060940482272e-06,-2.3042306940065785e-06,4.0924352498666744e-07,0.0,0.0,10.0
-0.10650000000000004,4.8905776258387625,0.5169157031284969,0.4958742754128686,0.003857413536637296,0.000586506804469849,-1.065629936328757e-05,1.8382692923726425e-05,-1.1163998131217758e-05,8.017011810432807e-06,-2.591410398079184e-06,4.7135087068138864e-07,0.0,0.0,10.0
-0.10349999999999993,4.887609704389025,0.5178896004922231,0.49495521455437214,0.00385336796354857,0.0006102896264721867,-4.178201097858198e-05,1.9941922958035653e-05,-9.695876241942108e-06,8.232519462181122e-06,-2.9336265762703767e-06,5.543944458517681e-07,0.0,0.0,10.0
-0.10050000000000003,4.888900019255998,0.518446214922855,0.49384980998139144,0.004187384192216341,0.0006395027363856934,-0.00010650092854180188,2.5836896890077575e-05,-6.233612538163368e-06,7.973878135337896e-06,-3.35143314805633e-06,6.723040575304732e-07,0.0,0.0,10.0
-0.09749999999999992,4.893456605581519,0.5183390069085639,0.4929981098922638,0.004910572710726996,0.0004485762773099607,-0.0002061301561849081,6.083472266602564e-05,-1.3158427267420544e-06,5.281494432789906e-06,-3.7500270555363727e-06,9.146391255375414e-07,0.0,0.0,10.0
-0.09450000000000003,4.8920930864763434,0.5187348122605061,0.49253135567037587,0.004895776526774405,0.0003566888537001651,-0.00021328384943768806,7.421530681458771e-05,-3.817971966866022e-06,4.7231771569651674e-06,-3.7394318108955185e-06,1.0003172573406455e-06,0.0,0.0,10.0
-0.09149999999999991,4.8616051762622945,0.5228567525842553,0.49241310971055585,0.0025184025850357203,0.0004075153188508764,5.163371852555182e-06,5.696596966419624e-05,-2.260384887861461e-05,7.696790699205726e-06,-3.098585311161e-06,9.08901886795896e-07,0.0,0.0,10.0
-0.08850000000000002,4.857575133318127,0.5237056134994015,0.49187657669722656,0.0023943277422900783,0.00042208228176479845,-2.268434591223288e-06,5.662342355128912e-05,-2.4613730576379886e-05,8.59482556572689e-06,-3.1912249961703397e-06,9.978688078613495e-07,0.0,0.0,10.0
-0.08549999999999991,4.853744176358043,0.5245079066838748,0.4913584772541956,0.0022884142179596377,0.0004362890175761225,-1.5237474773380336e-05,5.694958286594646e-05,-2.579254531982456e-05,9.545835677825312e-06,-3.4225130550861435e-06,1.0604661329451207e-06,0.0,0.0,10.0
-0.08250000000000002,4.849895823825664,0.5252886465284946,0.49087979688479805,0.002168957003236523,0.0004479824117776496,-2.722582483686592e-05,5.801280915197741e-05,-2.713561609708684e-05,1.045299543911167e-05,-3.698914645947652e-06,1.1247949748261741e-06,0.0,0.0,10.0
-0.0794999999999999,4.846048860109222,0.526046098414715,0.4904387283855206,0.0020386837992802647,0.0004584131365627299,-3.852015828650895e-05,5.960005698810667e-05,-2.8625162592941285e-05,1.1382613747725956e-05,-3.99471744554102e-06,1.1961618575563957e-06,0.0,0.0,10.0
-0.07650000000000001,4.842215020530064,0.526779018951033,0.49003412998651563,0.001899965003706871,0.00046817771027085316,-4.937392018456492e-05,6.16614959457713e-05,-3.0256043868044224e-05,1.234191149925375e-05,-4.311318746963489e-06,1.2747588252164763e-06,0.0,0.0,10.0
-0.0734999999999999,4.838400612188633,0.5274868560296152,0.4896649558708834,0.0017545788455277961,0.0004777965057906518,-6.000001445942634e-05,6.415926514041645e-05,-3.20254839491731e-05,1.3337383452523141e-05,-4.650140938141127e-06,1.3608459734276125e-06,0.0,0.0,10.0
-0.07050000000000001,4.834582354459359,0.5281760504220497,0.48932428188180577,0.0016058914388394768,0.0004883072267845021,-7.091016458093139e-05,6.720486607216014e-05,-3.402426242336642e-05,1.4421939924041725e-05,-5.027233452613712e-06,1.4571804290935227e-06,0.0,0.0,10.0
-0.0674999999999999,4.8295852836661135,0.5290301725075304,0.488954028612296,0.0014032215496285801,0.0005052738639147578,-8.440007608955744e-05,7.062841873662349e-05,-3.585136542409347e-05,1.5659187292836334e-05,-5.625194639550319e-06,1.6328912896613831e-06,0.0,0.0,10.0
-0.0645,4.828694061163092,0.5291988321141715,0.48882167489983064,0.001411625024821641,0.0004995450722595319,-0.00010369335591204319,7.520844337345388e-05,-3.5832609099990136e-05,1.6016404383073716e-05,-6.21868429270036e-06,1.959800867116326e-06,0.0,0.0,10.0
-0.06150000000000011,4.822992016231696,0.5301230929774234,0.48854696013962795,0.0010536784823348155,0.0005246765662894768,-8.960172124037595e-05,7.7054484627813e-05,-4.271701650399391e-05,1.7919252449036097e-05,-5.787101932915492e-06,2.020334761705474e-06,-2.946903528248866e-07,5.340332936954777e-08,12.0
-0.058499999999999996,4.819566942638648,0.5306632147089945,0.48832064390410723,0.000960287639862526,0.0005395573237119475,-0.00011544491383679862,8.214577991960283e-05,-4.2932851757882746e-05,1.921848610734097e-05,-6.633317762448749e-06,2.0073475261990274e-06,-3.5335128255409377e-07,5.414064237557281e-08,12.0
-0.055500000000000105,4.815790543186305,0.5312321857856646,0.4881503206400082,0.0007906342909081505,0.0005553206549640613,-0.000127857329321637,8.73060571491883e-05,-4.5585243469992524e-05,2.0373519807011385e-05,-7.240789700550707e-06,2.1174992270764573e-06,-3.936915147028384e-07,5.713580349301088e-08,12.0
-0.05249999999999999,4.811987064281925,0.5317830084331934,0.48801026043691004,0.0006165595922801659,0.0005747713099880717,-0.00014099927327072866,9.248507061342892e-05,-4.837198097776188e-05,2.1770504247559706e-05,-7.779475899528006e-06,2.2728088449919556e-06,-4.292156174575189e-07,6.138215767034749e-08,12.0
-0.0495000000000001,4.808138348429761,0.5323167322282595,0.48790194408348964,0.0004380631100134039,0.0005969155631646354,-0.00015497056584344322,9.806469634824477e-05,-5.132305979385207e-05,2.324369658823715e-05,-8.353752184177396e-06,2.440079074342962e-06,-4.67317488256095e-07,6.599661107390839e-08,12.0
-0.046499999999999986,4.804227710939093,0.5328350202698141,0.48782557958582784,0.0002546071713887439,0.0006220595904679665,-0.00016988589186482076,0.00010406361078946813,-5.444539059580487e-05,2.4797559197292858e-05,-8.965628803983134e-06,2.6200728506626734e-06,-5.082056799534114e-07,7.100645910359102e-08,12.0
-0.043500000000000094,4.800237243092032,0.533339581149164,0.48778153150817843,6.555374360455522e-05,0.0006505167250408042,-0.0001858649866101866,0.0001105047860368707,-5.77464972225597e-05,2.643653492299365e-05,-9.617198678315649e-06,2.8136047878826047e-06,-5.521027819770863e-07,7.644103340935533e-08,12.0
-0.04049999999999998,4.796147901764831,0.5338321560085867,0.4877703227682922,-0.00012982431797443835,0.0006826112021697181,-0.000203034353107833,0.00011741550269687916,-6.123450651469401e-05,2.8165052827336475e-05,-1.0310634403943621e-05,3.0215414562334734e-06,-5.992462187430109e-07,8.233185235824233e-08,12.0
-0.03750000000000009,4.791939567562408,0.5343145097565873,0.48779263712805965,-0.00033233507626839444,0.000718681400932958,-0.00022152874209706327,0.00012482741951450833,-6.491814791056627e-05,2.9987526486941974e-05,-1.1048183027855479e-05,3.244801437648006e-06,-6.498890331634221e-07,8.87127657957928e-08,12.0
-0.034499999999999975,4.787591071335755,0.5347884259274153,0.4878493227993185,-0.000542862035718351,0.0007590825910967201,-0.0002414924081061167,0.000132776691450636,-6.880676319483265e-05,3.190834577878583e-05,-1.183215848431469e-05,3.484355069861641e-06,-7.043006497020308e-07,9.562009511259858e-08,12.0
-0.031500000000000083,4.7830801870373625,0.5352557048478476,0.4879413976551835,-0.0007623612264541889,0.0008041891887294293,-0.0002630801446641284,0.00014130413286774347,-7.291032941425877e-05,3.3931863561019044e-05,-1.2664931693820147e-05,3.7412238155602123e-06,-7.62767615019166e-07,1.0309276959249432e-07,12.0
-0.02849999999999997,4.778383587008171,0.535718164934169,0.4880700566662982,-0.000991860861434362,0.0008543965156465324,-0.0002864580930412001,0.00015045542763800318,-7.723950065828681e-05,3.60623792163167e-05,-1.3548918421305026e-05,4.016479211856155e-06,-8.255943164140928e-07,1.1117245980855414e-07,12.0
-0.025500000000000078,4.77347675403021,0.5361776470727837,0.48823668235936835,-0.0012324637163367968,0.000910122043499756,-0.00031180431070287093,0.00016028139234855853,-8.180567678009915e-05,3.8304121533199294e-05,-1.4486565062069623e-05,4.311241361274315e-06,-8.931036775176933e-07,1.1990370818641275e-07,12.0
-0.022499999999999964,4.768333842901719,0.5366360221306425,0.4884428592994301,-0.0014853524785297383,0.000971806081269535,-0.00033930907541917735,0.00017083830107407692,-8.662110877906155e-05,4.066123373579688e-05,-1.5480332535035225e-05,4.626676911089969e-06,-9.656378254992582e-07,1.293340555179326e-07,12.0
-0.019500000000000073,4.762927482974377,0.5370952016977141,0.4886903937989204,-0.0017517983624694236,0.0010399118339541168,-0.00036917488564153347,0.00018218827900749184,-9.169905105329983e-05,4.3137763522617734e-05,-1.653267838617383e-05,4.963996426904822e-06,-1.0435587131065918e-06,1.3951415997003797e-07,12.0
-0.01649999999999996,4.757228512160771,0.5375571521863003,0.48898134022554707,-0.0020331732908616122,0.0011149247200104744,-0.0004016160950174483,0.00019439976641139167,-9.705396969825044e-05,4.5737660657948276e-05,-1.7646037024011102e-05,5.324450994878931e-06,-1.1272486612116098e-06,1.5049790183276358e-07,12.0
-0.013500000000000068,4.751205632715973,0.5380239123873446,0.48931803538105745,-0.0023309658767487473,0.0011973507869254857,-0.00043685808936937305,0.00020754804342163602,-0.00010270181318989886,4.846478393175193e-05,-1.882279772757754e-05,5.709327785782237e-06,-1.217110762722253e-06,1.6234246275843258e-07,12.0
-0.010499999999999954,4.744824980341562,0.5384976144671733,0.4897031424011338,-0.002646801269932221,0.0012877140136367106,-0.00047513588371616807,0.0002217157908470343,-0.0001086603469625586,5.132291816803821e-05,-2.0065279715934726e-05,6.119944190102856e-06,-1.3135690568891262e-06,1.7510836246467113e-07,12.0
-0.007500000000000062,4.738049601836068,0.538980508123547,0.4901397054084284,-0.0029824646034538084,0.0013865522488197683,-0.0005166919949651329,0.00023699364393107108,-0.00011494954659329741,5.4315800497813676e-05,-2.137570320644058e-05,6.557640000388468e-06,-1.4170683452561987e-06,1.8885942885434321e-07,12.0
-0.0044999999999999485,4.730838843305496,0.5394749872009343,0.49063121566146645,-0.0033399272897910452,0.001494411529058319,-0.000561773442703552,0.00025348067718063784,-0.00012159203602918858,5.7447153533642736e-05,-2.275615509476556e-05,7.023766992381549e-06,-1.5280734793418037e-06,2.0366266966014922e-07,12.0
-0.0015000000000000568,4.723147660689825,0.5399836175733974,0.4911816891472927,-0.0037213748546061688,0.001611838579972869,-0.0006106277512628904,0.0002712847409344361,-0.00012861354866956036,6.072072174727736e-05,-2.4208547747208758e-05,7.5196751592328235e-06,-1.6470679099641078e-06,2.1958800596857176e-07,12.0
0.0015000000000000568,4.714925876371064,0.5405091646411319,0.4917957544876164,-0.004129234474479921,0.0017393714482734559,-0.0006634978730874642,0.0002905225569455654,-0.00013604338159283223,6.414030664562978e-05,-2.5734569485015925e-05,8.04669480371367e-06,-1.774551254499088e-06,2.36707821500926e-07,12.0
0.0044999999999999485,4.7061174197589,0.541054618344783,0.4924787487074643,-0.0045661999362415885,0.0018775284453985842,-0.0007206160327107372,0.00031131947473012284,-0.00014391480781368064,6.770979647222971e-05,-2.7335625734408243e-05,8.60611371666854e-06,-1.9110356166862123e-06,2.5509627732265544e-07,12.0
0.007500000000000062,4.696659606372106,0.5416232130852355,0.49323681687405707,-0.005035251301458412,0.0020267958877734195,-0.0007821966110485806,0.0003338087966885454,-0.0001522654084592182,7.143318710682716e-05,-2.9012770567749334e-05,9.199148791928737e-06,-2.0570403888331657e-06,2.748283405502512e-07,12.0
0.010499999999999954,4.686482527975045,0.5422184393944138,0.49407700990887227,-0.005539666165247586,0.0021876154693883307,-0.0008484283456672646,0.0003581305989163901,-0.0001611372863707153,7.531459250843848e-05,-3.076662946815083e-05,9.82691166462486e-06,-2.21308528423737e-06,2.959784789636987e-07,12.0
0.013500000000000068,4.675508642324121,0.5428440438890445,0.4950073731849269,-0.00608301921931864,0.002360372457417554,-0.0009194662863618212,0.00038443000326635784,-0.0001705771253180276,7.93582453337706e-05,-3.259731552751822e-05,1.0490368310563718e-05,-2.3796813949282595e-06,3.1861898307450724e-07,12.0
0.01649999999999996,4.663652661453751,0.5435040141179565,0.4960370171061542,-0.006669166973081422,0.002545386185713653,-0.0009954240853876793,0.0004128548910068501,-0.00018063606442213684,8.356849083109502e-05,-3.450434278331643e-05,1.11902929967998e-05,-2.5573201503509576e-06,3.4281789430161804e-07,12.0
0.019500000000000073,4.650821839780879,0.5442025453574287,0.49717615998503895,-0.00730221490882991,0.0027429044407885433,-0.0010763672947548678,0.0004435530861074295,-0.000191369364014434,8.794977896670102e-05,-3.6486541808368654e-05,1.1927217504359444e-05,-2.7464601654384184e-06,3.686365423150804e-07,12.0
0.022499999999999964,4.636916754424472,0.544943987290788,0.49843613346732196,-0.007986465083948836,0.0029531032175365243,-0.0011623083605050277,0.00047666907149022177,-0.0002028358457446795,9.25066602671538e-05,-3.854198373434278e-05,1.2701377107778497e-05,-2.9475121073535945e-06,3.9612672555684567e-07,12.0
0.025500000000000078,4.621832646872736,0.5457327699250676,0.499829341784394,-0.008726343332708907,0.0031760929266777998,-0.0012532039199686536,0.0005123403291060357,-0.00021509709555585628,9.724378952331755e-05,-4.0667919335994534e-05,1.3512655326787446e-05,-3.1608218699626084e-06,4.2532760455649175e-07,12.0
0.02849999999999997,4.605461357099343,0.5465733099264398,0.501369168412316,-0.009526306711742752,0.003411931461528356,-0.0013489548209032502,0.0005506934122402289,-0.00022821642248106735,0.00010216593791081944,-4.286073939757967e-05,1.4360529888467738e-05,-3.386652507612745e-06,4.562624140201924e-07,12.0
0.031500000000000083,4.5876938300941195,0.5474699006358199,0.5030698272820299,-0.010390733608541952,0.003660643642762035,-0.0014494090065538116,0.0005918398658203405,-0.00024225756939670373,0.0001072780083674984,-4.511596118685231e-05,1.5244022575113594e-05,-3.625165524670108e-06,4.889351317766793e-07,12.0
0.034499999999999975,4.568423115272976,0.5484265910869439,0.5049461602842156,-0.011323800832865499,0.00392224557991524,-0.0015543670854481799,0.0006358721104135286,-0.0002572831750319184,0.00011258504192470505,-4.7428243494983014e-05,1.6161655619089058e-05,-3.8764022221762e-06,5.233272648255375e-07,12.0
0.03750000000000009,4.547547718659089,0.5494470610886407,0.5070133879675663,-0.012329353819261715,0.004196771585641198,-0.0016635900807698393,0.0006828594026442582,-0.00027335299167369437,0.00011809219542626399,-4.979142958024091e-05,1.7111417007212323e-05,-4.140265848611394e-06,5.593949198846541e-07,12.0
0.04049999999999998,4.524975115075926,0.5505345005538652,0.509286825367673,-0.013410777520190443,0.0044843006317948665,-0.0017768085880786532,0.0007328439841725458,-0.00029052187245337465,0.00012380466544945068,-5.2198613904591256e-05,1.8090736487594548e-05,-4.416505277013523e-06,5.970663148307365e-07,12.0
0.043500000000000094,4.500625191977662,0.5516915015252655,0.5117815790631541,-0.014570876390837612,0.0047849790926107775,-0.0018937324113519596,0.000785837537358924,-0.00030883755779399346,0.0001297275311547507,-5.464222536719569e-05,1.909647330288203e-05,-4.704700837160996e-06,6.362398582206037e-07,12.0
0.046499999999999986,4.474433385235384,0.552919970642807,0.5145122441366279,-0.015811771835864314,0.005099036755962682,-0.0020140597258683666,0.0008418180797672357,-0.00032833831323452427,0.00013586549179615736,-5.7114117478983744e-05,2.0124915830896277e-05,-5.004252785458603e-06,6.767828803254321e-07,12.0
0.0495000000000001,4.446353283772992,0.5542210681629276,0.5174926202427196,-0.017134824495009544,0.005426793779481628,-0.002137484934559996,0.0009007274492025602,-0.00034905049917351687,0.00014222248347512008,-5.960565517810148e-05,2.117179255599137e-05,-5.314372725823983e-06,7.185310478805371e-07,12.0
0.05249999999999999,4.4163585231685865,0.5555951772733332,0.5207354643160205,-0.01854058683508521,0.005768657307062698,-0.0022637046145374557,0.0009624695493301494,-0.000370986183564133,0.00014880117399069381,-6.210778911887928e-05,2.223229328089143e-05,-5.634078138778585e-06,7.612884452716703e-07,12.0
0.055500000000000105,4.3844438521497135,0.5570419046890085,0.5242522938337532,-0.020028788905474226,0.0061251076531434545,-0.0023924212406883708,0.0010269095331723768,-0.0003941409357397365,0.0001556023525851339,-6.461111128108135e-05,2.3301099336569684e-05,-5.9621900682179e-06,8.048282665154158e-07,12.0
0.058499999999999996,4.350625330628314,0.5585601107720333,0.528053249559019,-0.02159835715819499,0.00649667508989592,-0.0025233446594564177,0.0010938740871187548,-0.00041849195683406153,0.0001626242501536241,-6.71058902305409e-05,2.437242179627337e-05,-6.2973339804328566e-06,8.488940424572957e-07,12.0
0.06150000000000011,4.314939692386266,0.5601479650826894,0.5321470211120689,-0.02324746335573974,0.006883909144027683,-0.0026561915080677567,0.0011631529329773388,-0.00044399670357385174,0.00016986184161660374,-6.958208953360426e-05,2.5440047291298343e-05,-6.637943854300433e-06,8.932013295061528e-07,12.0
0.0645,4.2774429696406555,0.5618030216208142,0.5365408333561353,-0.02497359818125213,0.0072873428020523035,-0.0027906828932147063,0.0012345015871497468,-0.0004705921433704665,0.00017730619227076576,-7.202937767523073e-05,2.64973918112222e-05,-6.9822696702577576e-06,9.374398084487806e-07,12.0
0.0674999999999999,4.2382085235223075,0.5635223071563318,0.5412404871018909,-0.0267736624943207,0.00770745410506599,-0.0029265406510798984,0.0013076453092633036,-0.0004981947385470879,0.000184943911481875,-7.443714132668937e-05,2.753756363883709e-05,-7.328388604463205e-06,9.81275778261471e-07,12.0
0.07050000000000001,4.197324651015151,0.5653024159130777,0.5462504444333698,-0.028644068352839034,0.008144627347205306,-0.003063482432562499,0.001382284050579556,-0.0005267011989094596,0.00019275676889629305,-7.679451512530528e-05,2.855343709118239e-05,-7.674220356697168e-06,1.0243550709100685e-06,12.0
0.0734999999999999,4.154891945651107,0.5671396043168354,0.5515739471644389,-0.030580841936469285,0.008599115604954048,-0.0032012157394446165,0.00145809809367514,-0.0005559899711056543,0.0002007215109464051,-7.909043978677757e-05,2.9537738808364756e-05,-8.017547096089357e-06,1.0663064483160815e-06,12.0
0.07650000000000001,4.111020579025471,0.5690298804168153,0.5572131564608883,-0.03257972129002153,0.009071005774665176,-0.0033394309273887366,0.0015347539787497109,-0.0005859233594987037,0.00020880989088663357,-8.131375628252493e-05,3.0483147796706944e-05,-8.356038452122021e-06,1.1067455620974463e-06,12.0
0.0794999999999999,4.065827646990429,0.5709690838448676,0.5631693022970076,-0.034636243247632655,0.009560186823879878,-0.0034777931261726876,0.0016119102546114958,-0.0006163501067325864,0.00021698889703650458,-8.345333722628333e-05,3.1382409193635964e-05,-8.687281771386724e-06,1.14527955199965e-06,12.0
0.08250000000000002,4.019434692956773,0.5729529536646955,0.5694428328820825,-0.036745815816625095,0.010066321655888891,-0.003615933026039475,0.0016892225841585885,-0.0006471082117204124,0.00022522113476142175,-8.549824801867371e-05,3.222845973616618e-05,-9.008817472031813e-06,1.1815123229832596e-06,12.0
0.08549999999999991,3.9719654863486538,0.5749771829648055,0.5760335561733969,-0.038903774393169735,0.010588822866489432,-0.003753436549575607,0.0017663477792172705,-0.0006780277346156786,0.00023346529125032524,-8.743792041623701e-05,3.301456021450376e-05,-9.318178735896266e-06,1.2150504677888615e-06,12.0
0.08850000000000002,3.923544101938301,0.5770374602852848,0.5829407677425351,-0.041105422080293184,0.01112683270281535,-0.0038898335734609837,0.0018429464378233065,-0.0007089333361887045,0.00024167659154968298,-8.926231109145784e-05,3.37344269398494e-05,-9.612933984314971e-06,1.2455096886117073e-06,12.0
0.09149999999999991,3.874293319068434,0.5791294987461973,0.5901633612601911,-0.04334605578289956,0.011679207659661827,-0.004024586079686085,0.0019186840062095124,-0.0007396463262481326,0.00024980714344243035,-9.096200909014605e-05,3.438235083881996e-05,-9.890729639724135e-06,1.2725214229958313e-06,12.0
0.09450000000000003,3.8243333397551753,0.5812490540864327,0.5976999194945837,-0.04562098057056314,0.012244508317797569,-0.00415707638507923,0.0019932302845362074,-0.0007699860573362837,0.00025780607288122153,-9.2528251344522e-05,3.495328991900591e-05,-1.0149329719006711e-05,1.2957392132296662e-06,12.0
0.09749999999999992,3.7737808103213024,0.5833919329435213,0.605548784918149,-0.047925515144816175,0.012820995201784507,-0.004286596388252331,0.002066257633613913,-0.0007997706021284989,0.0002656193772385882,-9.395280781610941e-05,3.544291960743007e-05,-1.038664808161601e-05,1.3148442108308031e-06,12.0
0.10050000000000003,3.7227481207761945,0.5855539928462878,0.613708109854072,-0.05025499131262848,0.013406631566574262,-0.004412339035641438,0.0021374384051889438,-0.0008288167985324878,0.00027318947624159327,-9.522771088600973e-05,3.584762717716384e-05,-1.0600769008435375e-05,1.3295491301939187e-06,12.0
0.10349999999999993,3.6713429485822564,0.5877311356316808,0.6221758866779856,-0.052604750242571566,0.013999094041324748,-0.004533393382168878,0.002206442379916854,-0.0008569399265987567,0.00028045452114142756,-9.6344829694547e-05,3.61644424009745e-05,-1.0789952590748862e-05,1.3396000186060353e-06,12.0
0.10650000000000004,3.6196680087601036,0.5899192962200843,0.6309499589921332,-0.0549701379068293,0.014595791869761477,-0.004648744636207669,0.0022729352002366044,-0.000883953467984054,0.0002873476234678638,-9.729532880061415e-05,3.6390907317332007e-05,-1.0952623444689062e-05,1.3447754458713786e-06,12.0
0.10949999999999993,3.567820970840894,0.5921144287181181,0.6400280149295938,-0.05734650139243279,0.015193895003289817,-0.004757280357272623,0.002336578852646123,-0.0009096695426027134,0.00029379626577259325,-9.806909666021262e-05,3.6524902857900074e-05,-1.1087344557421156e-05,1.3448831560852286e-06,12.0
0.11250000000000004,3.5158945046592844,0.5943124916081994,0.6494075638470596,-0.05972918672764069,0.01579037050495296,-0.004857803456663688,0.0023970351023566657,-0.0009339006557697992,0.00029972222729994556,-9.865427243607657e-05,3.656446652723934e-05,-1.119278222088315e-05,1.3397548296547146e-06,12.0
0.11549999999999994,3.4639764201758982,0.5965094334424919,0.6590858977098185,-0.06211353774838067,0.01638202569930832,-0.004949051827419736,0.002453972358302098,-0.0009564632658264289,0.0003050423624114587,-9.903702478411808e-05,3.650764898427284e-05,-1.126767213265176e-05,1.3292402643828187e-06,12.0
0.11850000000000005,3.412149869994895,0.5987011801616957,0.6690600386096891,-0.0644948946851654,0.016965555466312444,-0.005029723390824202,0.0025070757631956817,-0.0009771833717951252,0.00030967048119235545,-9.920172841817003e-05,3.635246290462439e-05,-1.1310799572094041e-05,1.3132028203087236e-06,12.0
0.12149999999999994,3.3604935862885927,0.6008836249888062,0.6793266742307769,-0.06686859089121869,0.01753759031774591,-0.005098504305471153,0.0025560594760479683,-0.0009959038531559723,0.00031352039386736767,-9.913163381421095e-05,3.609697023371048e-05,-1.132100675643592e-05,1.2915181722826999e-06,12.0
0.12450000000000006,3.309082126768951,0.6030526217299379,0.6898820837427463,-0.06922994656619123,0.018094741700205526,-0.005154097345949582,0.0026006793515929785,-0.0010124927642320679,0.00031650991949020975,-9.881003410513772e-05,3.573953194232244e-05,-1.12972371221012e-05,1.2640781009177482e-06,12.0
0.12749999999999995,3.2579861079344448,0.6052039821055568,0.7007220574724523,-0.07157425933526838,0.018633641519114855,-0.0051952473218180575,0.0026407437739603564,-0.0010268513391211407,0.00031856538400966286,-9.82218172766539e-05,3.527921013618489e-05,-1.1238619341052115e-05,1.2308001658190004e-06,12.0
0.13050000000000006,3.2072724084359336,0.6073334773818664,0.7118418145866727,-0.07389679284580429,0.01915097415644288,-0.005220761040184488,0.0026761204785620183,-0.0010389202550664647,0.0003196259230128866,-9.735518006550209e-05,3.471627307546826e-05,-1.1144584532297757e-05,1.1916427588429395e-06,12.0
0.13349999999999995,3.157004330573419,0.6094368441901391,0.7232359236827244,-0.07619276581905418,0.019643501009003438,-0.005229520645251067,0.00270673786926322,-0.0010486828428632516,0.0003196468360510486,-9.620320639944094e-05,3.4052719851701764e-05,-1.1015000592922286e-05,1.146623524556895e-06,12.0
0.13650000000000007,3.1072417127147136,0.6115097942246003,0.734898231446709,-0.07845734493512467,0.02010807935823241,-0.005220490866795203,0.0027325804905305286,-0.001056164437120384,0.00031860135570362287,-9.476500546887365e-05,3.3292723862314015e-05,-1.0850300576559657e-05,1.0958378713185757e-06,12.0
0.13949999999999996,3.0580409892176355,0.6135480276286135,0.7468218043020857,-0.08068564526517975,0.020541678677465244,-0.005192722281554116,0.0027536796538959844,-0.0010614278244916308,0.00031648048484185845,-9.304617307114679e-05,3.244289997028941e-05,-1.0651579941432129e-05,1.0394736829955498e-06,12.0
0.14250000000000007,3.0094551975357193,0.6155472502217818,0.7589988872157257,-0.08287274149105368,0.02094139786883516,-0.005145353647942869,0.002770101363315989,-0.0010645655759127057,0.0003132909521877386,-9.105847217457028e-05,3.151232998644098e-05,-1.0420641385254817e-05,9.778186318782003e-07,12.0
0.14549999999999996,2.9615339356066204,0.6175031949822039,0.7714208825962852,-0.08501369179524945,0.021304486237474086,-0.0050776164159175565,0.0027819342940125532,-0.0010656907060791344,0.00030905173282587444,-8.881879140420355e-05,3.0512328180619465e-05,-1.0159975245237091e-05,9.112576872355995e-07,12.0
0.14850000000000008,2.914323277279911,0.6194116480372426,0.7840783506040321,-0.08710357421303143,0.02162836943395999,-0.004988843643291208,0.002789280474851154,-0.0010649274008786862,0.0003037898663104263,-8.634758947666554e-05,2.94559807119511e-05,-9.872675783384492e-06,8.402602368355423e-07,12.0
0.15149999999999997,2.867865659380369,0.6212684786896128,0.7969610303484986,-0.08913753283395752,0.021910679604618802,-0.004878484067157736,0.0027922505495444065,-0.0010624034125582425,0.00029753640335411106,-8.36671294783693e-05,2.8357536319954186e-05,-9.562305863285123e-06,7.653582213921536e-07,12.0
0.15450000000000008,2.822199759671256,0.6230696719103013,0.8100578796117288,-0.09111082915554666,0.022149287205200742,-0.004746120459779259,0.0027909642932164754,-0.0010582452003373487,0.00029032320464707516,-8.079982616663632e-05,2.7231749328337976e-05,-9.23273141046268e-06,6.871183110960062e-07,12.0
0.15749999999999997,2.777360388326878,0.6248113607526113,0.8233571291914296,-0.09301889278712377,0.022342330908488466,-0.004591490114085342,0.002785555792322532,-0.0010525761597617441,0.0002821810463746513,-7.776697260755417e-05,2.6093275174454436e-05,-8.887950575925194e-06,6.06112036821599e-07,12.0
0.1605000000000001,2.73337841466562,0.6264898558289782,0.8368463470022498,-0.09485736601450306,0.02248824206237806,-0.004414504662708563,0.0027761816950373336,-0.001045517554540819,0.00027313914414805026,-7.45880014710723e-05,2.4956195729935463e-05,-8.531940289162745e-06,5.228877711003617e-07,12.0
0.16349999999999998,2.690280745288148,0.6281016696571685,0.850512506908696,-0.0966221384730501,0.022585761170824125,-0.0042152665021405545,0.002763030422117653,-0.0010371912307576142,0.00026322588884613115,-7.128030564144527e-05,2.3833714827422017e-05,-8.168536110098159e-06,4.379476439093047e-07,12.0
0.1665000000000001,2.648090360663065,0.6296435352055664,0.8643420579219525,-0.09830937085609548,0.022633945498950127,-0.0039940797177722,0.0027463302421542207,-0.0010277229623658736,0.00025247037112718543,-6.785952719225318e-05,2.273802443011543e-05,-7.801352238266004e-06,3.5173118246718577e-07,12.0
0.16949999999999998,2.6068264072572647,0.6311124198039968,0.878320990700691,-0.09991550937468516,0.022632168600787997,-0.0037514543145499026,0.002726354556562475,-0.0010172453517923,0.00024090419086986422,-6.43401478590045e-05,2.1680308587966926e-05,-7.433739702332014e-06,2.6460606490510897e-07,12.0
0.1725000000000001,2.5665043344994447,0.632505536990007,0.892434899912104,-0.10143729469175639,0.022580113818038837,-0.0034881034801699843,0.002703423418975342,-0.0010058995072987022,0.0002285630936206343,-6.073618734654005e-05,2.0670831990857732e-05,-7.06877409164741e-06,1.768652060944937e-07,12.0
0.1755,2.5271360622637427,0.6338203592173727,0.9066690425334635,-0.10287176966191004,0.02247776428586016,-0.003204934358885352,0.0026779010323926566,-0.000993835114440066,0.00021548810663127391,-5.7061833210247394e-05,1.9719054367935425e-05,-6.709260701220909e-06,8.872864632894694e-08,12.0
0.1785000000000001,2.488730165523204,0.635054633471852,0.9210083932788268,-0.10421628930731115,0.022325391676780264,-0.0029030333243806224,0.002650189576902111,-0.000981208893843306,0.00020172600962041316,-5.333187354819453e-05,1.8833719205937312e-05,-6.35774465784816e-06,3.4843265786328744e-10,12.0
0.1815,2.4512920669692977,0.6362064000485823,0.9354376988680523,-0.1054685344814966,0.022123545046267828,-0.002583647027429878,0.0026207201464292476,-0.0009681817142704273,0.00018732912546904148,-4.9561864606748794e-05,1.80228810796591e-05,-6.016515801790902e-06,-8.818520437199145e-08,12.0
0.1845000000000001,2.4148242333342598,0.6372740127613661,0.9499415328702339,-0.10662652840578501,0.021873040089379726,-0.002248160610588624,0.002589941805719843,-0.0009549147840034521,0.00017235452817381179,-4.576802550116677e-05,1.7293855630602735e-05,-5.687601855337333e-06,-1.7683769258827e-07,12.0
0.1875,2.3793263745906157,0.6382561574696101,0.9645043525583645,-0.1076886535399236,0.02157494824875816,-0.0018980744703581227,0.0025583098482602038,-0.0009415653930412575,0.00015686283382018148,-4.196690249463493e-05,1.6653095933165625e-05,-5.372747808925715e-06,-2.6562475718088374e-07,12.0
0.1904999999999999,2.3447956458945316,0.6391518655573744,0.9791105588563761,-0.10865366562583247,0.02123058466858318,-0.0015349808230852554,0.002526274282611561,-0.0009282826613174199,0.00014091677227282334,-3.817488136901575e-05,1.6106015854810386e-05,-5.0733837974498185e-06,-3.5460803474770757e-07,12.0
0.1935,2.31122685031666,0.6399605199371956,0.993744560217392,-0.1095207023083747,0.02084149401102077,-0.001160541096649953,0.0024942694328712704,-0.0009152036987262413,0.00012457974324000428,-3.440764706667974e-05,1.5656793272800754e-05,-4.790587510469412e-06,-4.4389124040090084e-07,12.0
0.1964999999999999,2.2786126375121474,0.6406818528515954,1.0083908411655569,-0.11028928511287649,0.020409433510314212,-0.0007764648405794609,0.002462705332965563,-0.0009024505183784059,0.00010791454695119599,-3.0679694821586276e-05,1.530819252580602e-05,-4.525049943243723e-06,-5.336159379584904e-07,12.0
0.1995,2.246943691421973,0.6413159364956051,1.0230340361349637,-0.11095931509230113,0.019936353111319874,-0.0003844904687744422,0.0024319613440855837,-0.0008901279637444183,9.09824473723474e-05,-2.7003986476492526e-05,1.5061445511163507e-05,-4.277054607579687e-06,-6.239556049200285e-07,12.0
0.2024999999999999,2.216208900327259,0.641863168601203,1.0376590089439115,-0.11153106350575819,0.019424372913742147,1.3632203563515536e-05,0.002402382152267182,-0.0008783228025167476,7.38426719303058e-05,-2.3391820170177305e-05,1.4916224071587855e-05,-4.046479760554047e-06,-7.151066134185393e-07,12.0
0.20550000000000002,2.1863955054607853,0.6423242552435856,1.0522509375867177,-0.11200515908946927,0.018875758309078828,0.0004161579145671517,0.002374276036774647,-0.0008671039991135193,5.65523758075618e-05,-1.9852943238236933e-05,1.4870723156478713e-05,-3.83283052191645e-06,-8.072750669773231e-07,12.0
0.2084999999999999,2.157489229056682,0.6427001923401653,1.066795402987813,-0.11238257287670984,0.018292893173894022,0.0008213607787809393,0.0023479150699747546,-0.0008565240133275453,3.916700807731211e-05,-1.6395891760392026e-05,1.4921856170916512e-05,-3.635303053646519e-06,-9.006591703341685e-07,12.0
0.21150000000000002,2.1294743875169035,0.6429922460954266,1.0812784791094479,-0.11266460052035215,0.017678251391691,0.0012275482908924117,0.002323536742479256,-0.000846620812501434,2.17409271928466e-05,-1.302849320602197e-05,1.5065543628554335e-05,-3.4528768989254926e-06,-9.954278782895732e-07,12.0
0.2144999999999999,2.1023339985483096,0.6432019316289038,1.0956868206461021,-0.11285284123188832,0.01703436696592312,0.0016330746535826674,0.00230134642094074,-0.0008374201678021456,4.32804620286755e-06,-9.75843028826603e-06,1.5297057363591127e-05,-3.2844252607392573e-06,-1.0916977552818372e-06,12.0
0.21750000000000003,2.076049891596665,0.643330988697566,1.1100077438227038,-0.1129491722282809,0.01636380315515598,0.0020363533789716226,0.0022815200459543454,-0.0008289377681787538,-1.3017735936189375e-05,-6.593743343266011e-06,1.561136912385307e-05,-3.1288278840722184e-06,-1.1895109795259095e-06,12.0
0.22049999999999992,2.0506028286629245,0.6433813539189929,1.1242292957910958,-0.11295571811785744,0.015669121400194067,0.0024358689641676696,0.00226420655949139,-0.0008211807478321129,-3.0242529472921032e-05,-3.543151552472823e-06,1.600344778660795e-05,-2.9850686797258103e-06,-1.288817938476214e-06,12.0
0.22350000000000003,2.0259726386150043,0.6433551299536573,1.138340308848355,-0.11287481574397484,0.014952851210560334,0.002830187370583764,0.0022495297022956688,-0.0008141483776342279,-4.729300348853515e-05,-6.161017829541269e-07,1.6468455659050106e-05,-2.852301231187146e-06,-1.3894676709343043e-06,12.0
0.22649999999999992,2.002138363896874,0.6432545531989985,1.1523304370260568,-0.11270897617973911,0.014217462469280403,0.00321796503264424,0.0022375890217038058,-0.0008078318847566785,-6.411749661128655e-05,2.177496064472233e-06,1.7001811164506528e-05,-2.729870040164964e-06,-1.4912084645533764e-06,12.0
0.22950000000000004,1.9790784154429102,0.643081962171968,1.1661901742123737,-0.11246084634047876,0.013465341657007735,0.0035979561452115167,0.00222846015202142,-0.0008022135875836566,-8.066756341643724e-05,4.827825329856378e-06,1.7599110168304725e-05,-2.617283105514237e-06,-1.593699354426737e-06,12.0
0.23249999999999993,1.9567707303404085,0.6428397686333681,1.1799108545190955,-0.11213317275290982,0.012698773230130606,0.003969017993637993,0.0022221946381320895,-0.0007972657122503118,-9.689971842784286e-05,7.325924889085953e-06,1.8255926784488147e-05,-2.5141407644315936e-06,-1.6965313849573682e-06,12.0
0.23550000000000004,1.9351929272395516,0.6425304327059803,1.1934846368169427,-0.11172876939551067,0.011919926862152598,0.004330114087141934,0.0022188197291117505,-0.000792949352708676,-0.00011277707126689184,9.664520338998013e-06,1.896754110830881e-05,-2.4200347971942454e-06,-1.7992556712672307e-06,12.0
0.23849999999999993,1.9143224559533136,0.6421564421204943,1.20690447610418,-0.11125049048566324,0.011130850608247944,0.004680314862550155,0.00221833863541937,-0.0007892140299780943,-0.00012827053690279923,1.1838758750094844e-05,1.9728660327078923e-05,-2.3344387368528342e-06,-1.901413896524057e-06,12.0
0.24150000000000005,1.8941367391813793,0.6417202947610511,1.2201640846666182,-0.1107012080501738,0.010333469443310086,0.005018795790219729,0.0022207316963813914,-0.0007859982040746751,-0.00014335935580798387,1.3846683847844782e-05,2.0533206648900128e-05,-2.256613641883683e-06,-2.0025661891598226e-06,12.0
0.24449999999999994,1.8746133051280505,0.641224483244483,1.233257885954777,-0.11008379343631629,0.009529588184209507,0.005344832879023572,0.002225958741602495,-0.0007832309186143347,-0.0001580307604441524,1.5689322660669306e-05,2.1374238144766665e-05,-2.185552443429128e-06,-2.1023114899681174e-06,12.0
0.24750000000000005,1.855729909757915,0.6406714804685802,1.2461809638954822,-0.10940110176148274,0.008720897592126405,0.0056577958499771566,0.002233962674084228,-0.0007808345470158855,-0.00017227875992459438,1.7370316902212423e-05,2.224404717018666e-05,-2.11998028385503e-06,-2.2002965591460207e-06,12.0
0.25049999999999994,1.8374646468389202,0.6400637257387096,1.2589290100810515,-0.10865595858176569,0.007908982434479893,0.005957139588315797,0.0022446740007297994,-0.000778728394220614,-0.00018610216421788013,1.8895114051644456e-05,2.313444822266607e-05,-2.0584186376157987e-06,-2.296211589250843e-06,12.0
0.25350000000000006,1.8197960433376477,0.6394036118782259,1.2714982709822773,-0.10785114853122843,0.007095330389852486,0.00624239481152349,0.002258015748066691,-0.0007768327171793857,-0.00019950211348361368,2.0269822415325256e-05,2.4037227608606445e-05,-1.9993086505739083e-06,-2.3897727928612503e-06,12.0
0.25649999999999995,1.8027031377051375,0.6386934742762103,1.28388549699927,-0.10698940605375128,0.006281340820425529,0.006513159109229235,0.00227390799065401,-0.000775072584686759,-0.00021247949822291262,2.149991743345343e-05,2.4944687338163596e-05,-1.9411757531198147e-06,-2.4806950454029513e-06,12.0
0.25950000000000006,1.7861655393877807,0.6379355828930259,1.296087894767898,-0.1060734084252801,0.005468332569962774,0.006769089535762141,0.002292271142634253,-0.0007733809262341525,-0.00022503273170727898,2.2589047669858268e-05,2.5850182559840605e-05,-1.8828053959164848e-06,-2.5686602918249107e-06,12.0
0.26249999999999996,1.7701634693947574,0.6371321378173359,1.308103083674189,-0.10510577102831825,0.004657550082794559,0.007009897720958679,0.0023130272593230436,-0.0007717001477661162,-0.00023715634485366792,2.35382120837743e-05,2.6748533596340153e-05,-1.8233913984307676e-06,-2.6532894408790655e-06,12.0
0.26550000000000007,1.7546777835193346,0.6362852682397486,1.3199290570341298,-0.10408904444044154,0.0038501673334334924,0.0072353480166709415,0.0023360988808011963,-0.0007699818465015891,-0.00024884079303822424,2.434555065935413e-05,2.7636197914017092e-05,-1.7626167722237236e-06,-2.7341262399069036e-06,12.0
0.26849999999999996,1.7396899813023565,0.6353970339780838,1.3315641479468916,-0.10302571256363477,0.003047289361177849,0.0074452585808305344,0.002361405402533236,-0.0007681844500355087,-0.00026007368156160386,2.5006899845777902e-05,2.8511119396745246e-05,-1.7006343813898894e-06,-2.8106405509767545e-06,12.0
0.2715000000000001,1.7251822046105303,0.6344694282356311,1.3430069995046676,-0.10191819094725257,0.0022499516290316,0.0076395046340089045,0.002388857513511107,-0.000766269016475902,-0.00027084234106514773,2.5517116634706897e-05,2.937223206961795e-05,-1.6379322780175238e-06,-2.8822552189831083e-06,12.0
0.27449999999999997,1.7111372296154201,0.6335043802467477,1.3542565388889352,-0.10076882471622653,0.0014591179119529249,0.007818022550742126,0.002418350790559818,-0.0007641938962961367,-0.0002811373573016626,2.587199196646955e-05,3.0218675134157375e-05,-1.5750942425790716e-06,-2.948395554541621e-06,12.0
0.2775000000000001,1.697538455140867,0.6325037568414019,1.365311954892735,-0.0995798860262963,0.0006756778460505537,0.007980813112027129,0.0024497599412486534,-0.0007619093645775463,-0.0002909563534479208,2.607039445181279e-05,3.104885969993547e-05,-1.5124951286760005e-06,-3.008554257335323e-06,12.0
0.28049999999999997,1.6843698891571208,0.6314693625745017,1.376172678519382,-0.09835357153371595,-9.955450250576813e-05,0.008127942250323318,0.002482935314902306,-0.0007593535570214992,-0.0003003071269726713,2.6116158897852516e-05,3.1859592782953435e-05,-1.4499956703772209e-06,-3.062358907988683e-06,12.0
0.2835000000000001,1.6716161340663143,0.630402938683948,1.3868383664275639,-0.09709200076169462,-0.0008658397712002945,0.008259538001462034,0.0025177030615868125,-0.0007564509750396248,-0.00030920923923520756,2.601920897336143e-05,3.26454880133244e-05,-1.3867141451605781e-06,-3.1096257894967307e-06,12.0
0.2865,1.6592623706807896,0.6293061615580712,1.397308887035052,-0.09579721630345876,-0.0016225092826324887,0.008375783095986342,0.0025538696991108507,-0.0007531144130305719,-0.00031769339114635133,2.579551039724634e-05,3.339885832816752e-05,-1.320945919739207e-06,-3.1503843665193686e-06,12.0
0.2895000000000001,1.6472943405818845,0.6281806415014576,1.407584309013254,-0.0944711864790903,-0.0023689577195113104,0.008476903551978507,0.002591230933332306,-0.0007492504442874014,-0.00032579837780903257,2.5465688650441004e-05,3.4110190698047e-05,-1.250273987011778e-06,-3.1848619975965296e-06,12.0
0.2925,1.6356983267868976,0.6270279224032218,1.4176648917185892,-0.09311581045598795,-0.0031046331615818103,0.008563154580156097,0.0026295835553769497,-0.0007447677258048692,-0.00033356600923293217,2.505246938698194e-05,3.476916285006061e-05,-1.1718682771361194e-06,-3.2134277193075156e-06,12.0
0.2955000000000001,1.6244611331194234,0.62584948254611,1.4275510768875435,-0.0917329251515026,-0.0038290258826292715,0.008634805848070476,0.0026687383750331685,-0.000739586578823672,-0.00034103495624354066,2.4577426218781825e-05,3.5366012735810446e-05,-1.0829200939682124e-06,-3.23650496056554e-06,12.0
0.2985,1.6135700631041416,0.6246467364028496,1.4372434807719214,-0.09032431269405321,-0.004541657728471227,0.008692128456369321,0.0027085317162646675,-0.0007336478305315356,-0.0003482348463496447,2.4057745003635003e-05,3.589296037540437e-05,-9.811165792615946e-07,-3.254472398622494e-06,12.0
0.3015000000000001,1.6030128993869266,0.6234210369837415,1.4467428858947087,-0.08889170700552,-0.005242073873236577,0.008735385729239748,0.0027488331824820017,-0.000726918954879592,-0.00035518194816389406,2.350374856741763e-05,3.6345351068488535e-05,-8.650440745561448e-07,-3.267576414583003e-06,12.0
0.3045,1.5927778845384906,0.62217367820214,1.4560502317930093,-0.08743679824174869,-0.005929838278228698,0.008764829144929867,0.0027895481971324304,-0.0007193961590151572,-0.00036187740706184135,2.2917740694641734e-05,3.67222571910303e-05,-7.344266337059245e-07,-3.2758757696382786e-06,12.0
0.3075000000000001,1.5828537036891521,0.6209058968152876,1.4651666044372966,-0.0859612343072699,-0.006604533404848224,0.008780699639451146,0.002830615024628457,-0.0007111020587434295,-0.00036830833293518883,2.2294373381410954e-05,3.702642509973465e-05,-5.901525267999244e-07,-3.279229813270441e-06,12.0
0.3105,1.5732294689018145,0.6196188737221506,1.4740932243769438,-0.08446661925992952,-0.007265763914394851,0.008783233434734715,0.0028719972080376134,-0.0007020796511944487,-0.00037445131177858476,2.162233592253989e-05,3.726363318048251e-05,-4.341012608029737e-07,-3.277329001026444e-06,12.0
0.3134999999999999,1.5638947046771832,0.6183137346731913,1.4828314339564823,-0.082954508937623,-0.007913163480037334,0.008772670795786152,0.002913673238458026,-0.0006923840749004978,-0.0003802773659213522,2.0886850938557596e-05,3.744167225163985e-05,-2.688345167833837e-07,-3.2697554120188906e-06,12.0
0.3165,1.5548393336307291,0.6169915506838289,1.4913826841144695,-0.08142640444464738,-0.00854640358572,0.008749265896340003,0.002955625553597679,-0.0006820739111538191,-0.00038575719854990484,2.0072346362771306e-05,3.756921974317498e-05,-9.723819554291304e-08,-3.256055384352828e-06,12.0
0.3194999999999999,1.5460536612789597,0.6156533385767272,1.4997485213179513,-0.07988374423440762,-0.009165203256402243,0.008713296237489539,0.002997830647357586,-0.0006712035032945006,-0.00039086575275889017,1.916477548542678e-05,3.7654840334772954e-05,7.780685455048293e-08,-3.235807925572768e-06,12.0
0.3225,1.5375283590912192,0.6143000620716809,1.5079305751337124,-0.07832789554138811,-0.009769338852159599,0.008665070590161623,0.0030402513839094657,-0.0006598171437498469,-0.0003955855624557825,1.8153309012320527e-05,3.7706236767427334e-05,2.53682368763664e-07,-3.208679568349371e-06,12.0
0.3254999999999999,1.5292544455433115,0.6129326336974789,1.5159305468017996,-0.07676014599847539,-0.010358653115998673,0.008604934920279127,0.0030828318781391004,-0.0006479453046626506,-0.0003999088520850714,1.703139773522446e-05,3.77297517641205e-05,4.2821593828308994e-07,-3.174464818794579e-06,12.0
0.3285,1.5212232658241858,0.6115519175596192,1.523750198913028,-0.07518169648761305,-0.01093306245467524,0.00853327599823082,0.003125494793566053,-0.0006356026280219661,-0.0004038386564589833,1.5797384117879805e-05,3.773004051924153e-05,5.998147035613825e-07,-3.1331170198157517e-06,12.0
0.3314999999999999,1.513426471935606,0.6101587327322309,1.5313913458616992,-0.07359365653437673,-0.01149256102134034,0.008450522366874765,0.00316814071921383,-0.0006227872599597478,-0.00040738929024264597,1.4454869082129109e-05,3.770982125133498e-05,7.675775065767087e-07,-3.084774930284934e-06,12.0
0.3345,1.5058560058500647,0.60875385682365,1.5388558442529652,-0.07199704371748272,-0.012037219780691631,0.008357142146042551,0.003210649394696364,-0.0006094812896082848,-0.00041058632004962553,1.3012928051238606e-05,3.7669664596670667e-05,9.313942116597225e-07,-3.0297858303661857e-06,12.0
0.3374999999999999,1.4985040886951875,0.607338029130383,1.5461455822372308,-0.07039278851560182,-0.012567178611930331,0.008253636896709915,0.003252882909562783,-0.000595652455785447,-0.00041346586007222195,1.1486067529431508e-05,3.760787744537317e-05,1.0920076229224282e-06,-2.9687185432403474e-06,12.0
0.3405,1.4913632182083159,0.6059119527361619,1.5532624672885602,-0.06878174572851717,-0.013082629843357015,0.008140530581851865,0.0032946915095378795,-0.0005812577795607267,-0.00041607264375575966,9.893591684366738e-06,3.752063931085317e-05,1.2509787712803193e-06,-2.9023523682961566e-06,12.0
0.3434999999999999,1.4844261748436562,0.6044762949144732,1.5602084134414231,-0.0671647130220458,-0.013583792655592333,0.008018352858268355,0.003335922958710998,-0.0005662500574549861,-0.00041845613817219715,8.257928773459106e-06,3.7402605317535325e-05,1.4104791848810807e-06,-2.831624770929767e-06,12.0
0.34650000000000003,1.477686034280826,0.6030316852949344,1.5669853309559125,-0.0655424560392426,-0.014070879823307392,0.007887617052217417,0.003376435899339723,-0.000550587700037205,-0.00042066429462646484,6.601629693092686e-06,3.7248120369547215e-05,1.5728604799671718e-06,-2.75752742056805e-06,12.0
0.3494999999999999,1.4711361814905892,0.6015787115926389,1.5735951225449085,-0.06391573766817914,-0.014544061274007966,0.007748795508954862,0.0034161158605790277,-0.0005342468881125122,-0.0004227355753683355,4.943313782996942e-06,3.7052940258204335e-05,1.7400397785595347e-06,-2.680960405960978e-06,12.0
0.35250000000000004,1.4647703199476203,0.600117913447336,1.5800396892303108,-0.062285346629676566,-0.015003432073619212,0.0076022978539035235,0.003454890024185441,-0.0005172329210750419,-0.00042469133046576206,3.2936312584784294e-06,3.6815998071211716e-05,1.912864714071983e-06,-2.6025826276877654e-06,12.0
0.3554999999999999,1.4585824697829164,0.5986497761081282,1.5863209449788853,-0.06065211837990061,-0.015448993994192617,0.007448459225205236,0.0034927352837222318,-0.0004995863923118583,-0.0004265314455436464,1.6528096277576966e-06,3.6540520143143284e-05,2.0907046085954484e-06,-2.5227148470163636e-06,12.0
0.35850000000000004,1.45256695079738,0.5971747269989723,1.5924408335322193,-0.05901694059118544,-0.015880658279456908,0.007287544040023727,0.003529675242750358,-0.00048138085256760235,-0.00042823548152953403,1.101285138789042e-08,3.623393148103436e-05,2.271468536839605e-06,-2.441341412215691e-06,12.0
0.36149999999999993,1.4467183498264022,0.5956931388060649,1.5984013360617433,-0.057380736968923866,-0.016298272772221085,0.007119766613109963,0.003565765434865269,-0.0004627117488922666,-0.0004297693846202944,-1.6484077344141507e-06,3.590649909776631e-05,2.452071935151939e-06,-2.3582158913210978e-06,12.0
0.36450000000000005,1.4410314760455263,0.5942053415697746,1.6042044580913175,-0.05574442693368064,-0.016701671175648324,0.006945325373738986,0.0036010699258696905,-0.0004436796538154289,-0.000431095638603844,-3.3439107351152993e-06,3.556922150745306e-05,2.6291699510346416e-06,-2.273028618967988e-06,12.0
0.36749999999999994,1.435501311372124,0.5927116427192335,1.609852191254794,-0.05410886452298605,-0.01709073769567568,0.0067644446976919135,0.003635634403132563,-0.00042437214273662185,-0.0004321838926532725,-5.090624972032042e-06,3.523170870910184e-05,2.7998819604235888e-06,-2.1855710439208917e-06,12.0
0.37050000000000005,1.4301229649439158,0.5912123490115513,1.6153464591812938,-0.0524747676573367,-0.017465476203141827,0.006577416922029883,0.0036694611698277076,-0.00040484820639882975,-0.00043301967245387886,-6.896333002168897e-06,3.490063762576262e-05,2.9622847360754796e-06,-2.0958429724293775e-06,12.0
0.37349999999999994,1.4248916393470112,0.5897077811839442,1.620689070865344,-0.05084265770203018,-0.017826067550433776,0.006384634695256882,0.0037024919548399667,-0.0003851283467363515,-0.0004336096807558954,-8.759226753008626e-06,3.4579039024008e-05,3.1155856493508523e-06,-2.00408172844745e-06,12.0
0.37650000000000006,1.4198026109440625,0.5881982749773802,1.6258817086573083,-0.04921283510941737,-0.018172892786870842,0.006186600800910618,0.0037346048523478476,-0.0003651928113795598,-0.00043398291421614844,-1.0667564058347466e-05,3.426634379944178e-05,3.2600404656749568e-06,-1.9107330679725242e-06,12.0
0.37949999999999995,1.4148512191376215,0.5866841714718534,1.6309259642315157,-0.047585412825603995,-0.018506500577333863,0.005983903929923734,0.0037656289791027425,-0.0003449882771781026,-0.00043418799536448495,-1.2600734100115929e-05,3.3958781454394374e-05,3.3968279318064863e-06,-1.8164226130787896e-06,12.0
0.38250000000000006,1.410032856215956,0.5851658069145348,1.6358234121993747,-0.04596040986396832,-0.018827513060807394,0.005777159133555627,0.0037953741156067054,-0.00032444016201283707,-0.00043428842374588383,-1.4530765282957398e-05,3.364959022131621e-05,3.5281196945726237e-06,-1.7219901544634181e-06,12.0
0.38549999999999995,1.4053429579353915,0.5836435041795383,1.6405757000729915,-0.04433787746819716,-0.019136496078698922,0.005566927664596425,0.0038236687859280437,-0.00030346827797076727,-0.0004343564132348869,-1.6424168083250827e-05,3.3329111314826625e-05,3.657278332826818e-06,-1.6285652311796956e-06,12.0
0.38850000000000007,1.4007770092531986,0.5821175488088434,1.6451846433981074,-0.04271800696237178,-0.019433848823155308,0.005353642005867097,0.0038504033814709252,-0.00028200933006270487,-0.00043446208893718063,-1.8246223023163513e-05,3.2986056446151314e-05,3.788582453075469e-06,-1.5375226449378822e-06,12.0
0.39149999999999996,1.3963305697379758,0.5805881443281492,1.6496523034030623,-0.04110117348603981,-0.019719759936159445,0.005137558773310545,0.003875575300403967,-0.00026005022869334573,-0.0004346541913148391,-1.9970206023895688e-05,3.261137727344342e-05,3.925844299548388e-06,-1.4501518855667137e-06,12.0
0.3945000000000001,1.391999269910707,0.5790554169226285,1.6539809478101923,-0.0394879098300104,-0.019994215362906943,0.004918745698206389,0.0038993168796658223,-0.00023765926858922653,-0.0004349375219286063,-2.1589610728872523e-05,3.2203824853914904e-05,4.070337009536311e-06,-1.3671578464884295e-06,12.0
0.39749999999999996,1.3877787135286717,0.577519564892153,1.6581727882075628,-0.03787885002486121,-0.020256994946313788,0.004697099010407716,0.003921869553963804,-0.00021498268948471868,-0.0004352643119634227,-2.312535616963306e-05,3.177327704486024e-05,4.219714932499777e-06,-1.2884387579667063e-06,12.0
0.4005000000000001,1.3836644086942633,0.5759809761030362,1.662229745885785,-0.036274670325198356,-0.020507696177473028,0.004472414005694475,0.003943494789905775,-0.00019219151828009712,-0.0004355539330222364,-2.461944398134865e-05,3.13380425948083e-05,4.369220559542128e-06,-1.2134239429532358e-06,12.0
0.40349999999999997,1.3796521911574544,0.5744396837597391,1.6661539487278125,-0.03467592156570695,-0.020746022182500608,0.004244546487505461,0.003964388794960847,-0.0001694162024457305,-0.00043573496452953807,-2.611457993079245e-05,3.091678344055296e-05,4.514265400702802e-06,-1.1416192062499111e-06,12.0
0.4065000000000001,1.3757396264910626,0.5728937440606828,1.6699488084759033,-0.03308236637850925,-0.02097242259727599,0.004013513970971491,0.0039847038378558255,-0.00014670326428114518,-0.00043579109406353413,-2.7633957866783285e-05,3.0522175186849074e-05,4.6522631746942595e-06,-1.0730024666725236e-06,12.0
0.4095,1.371927776719752,0.5713377215904524,1.6736184424687541,-0.03149158685594447,-0.02118847584438766,0.003779142200900297,0.004004670866982197,-0.00012394453726231107,-0.00043579967666562165,-2.9185247340517004e-05,3.016577712298831e-05,4.783292839716982e-06,-1.0088735830775139e-06,12.0
0.4125000000000001,1.3680845641808292,0.5697587348717985,1.677321857712709,-0.029893360550449825,-0.021439151272508963,0.0035412683881734797,0.004037887374477556,-0.00010078656170888022,-0.00043862129954889387,-3.081567507840149e-05,3.0296642517263023e-05,4.9154859514339606e-06,-1.0099441657465497e-06,12.0
0.4155,1.3644994335204599,0.5681588188465153,1.680695794989939,-0.028288633810212904,-0.02162110031583412,0.0032952353667606254,0.004051299958450238,-7.65401978908593e-05,-0.00043750164874140963,-3.2530586993347845e-05,2.981865777322591e-05,5.043842737750642e-06,-9.2931725558938e-07,12.0
0.4185000000000001,1.361031348224764,0.5665731842043006,1.68389455890568,-0.02670717393380497,-0.021774712248968528,0.003053265278391144,0.004057320629319721,-5.320384698411715e-05,-0.0004350267165761496,-3.410067030747885e-05,2.914107819514156e-05,5.154695766645792e-06,-8.217883145941962e-07,12.0
0.4215,1.3576055818538695,0.5649913813825078,1.687041295716149,-0.025140288809899332,-0.02194129225367544,0.0028143428790318673,0.00407001016668829,-3.0475158836103824e-05,-0.0004342915304558053,-3.558077446918568e-05,2.8785988595407654e-05,5.254646948938534e-06,-7.598826932897396e-07,12.0
0.4245000000000001,1.3542301553533564,0.5634093317190079,1.6901185713787126,-0.023585407844910845,-0.022112523584269437,0.0025771146839132994,0.004086439761976221,-8.179607213211757e-06,-0.0004345872594645793,-3.6990677663268284e-05,2.862841664705466e-05,5.345218974544576e-06,-7.26118907556866e-07,12.0
0.4275,1.350916497480057,0.5618145189089122,1.6930992513482053,-0.02203348539605217,-0.022276635812175392,0.002337751304542705,0.004102570792940643,1.4335941181589972e-05,-0.0004349719898451222,-3.8409377860385794e-05,2.8504556720938094e-05,5.432365043981443e-06,-6.977053844164838e-07,12.0
0.4305000000000001,1.347661921437937,0.5602029434614142,1.6959750490967829,-0.020482573717262968,-0.02242887037166092,0.0020952167175401198,0.004116883135802192,3.722036896580525e-05,-0.00043509490167128003,-3.985266898484818e-05,2.8352881543006855e-05,5.517588557885903e-06,-6.662269712979248e-07,12.0
0.4335,1.3444638446161954,0.5585783451540376,1.6987402936034617,-0.01893538076272591,-0.022567618698507666,0.0018503363071286538,0.004129091839046161,6.027803274224097e-05,-0.0004349281475392428,-4.129057696785342e-05,2.817194650391454e-05,5.598822900699791e-06,-6.32051621466863e-07,12.0
0.4365000000000001,1.3413201442915537,0.5569450988521228,1.7013905579788366,-0.01739344006173325,-0.02269256110914471,0.0016037515804950427,0.0041391893031162445,8.335473583096242e-05,-0.00043450061482512087,-4.2695820464660584e-05,2.797048142107758e-05,5.673946439818958e-06,-5.970253489665762e-07,12.0
0.4395,1.3382298478189902,0.5553023150315876,1.7039267117407917,-0.015854666394980434,-0.02280490261710242,0.0013551123960748289,0.004147370903023857,0.00010648788184471704,-0.00043384886746491037,-4.40628343240247e-05,2.7755971058227925e-05,5.742198180177231e-06,-5.626459532399497e-07,12.0
0.4424999999999999,1.3350925781337224,0.5536325056127093,1.7064825103271963,-0.014305152327928507,-0.022943065848013044,0.0011012743990522944,0.004165664244930782,0.00013035915170486317,-0.00043545111844333365,-4.5483477715187495e-05,2.7932447543135553e-05,5.812353632862467e-06,-5.845005592860625e-07,12.0
0.4455,1.3321875772781426,0.5519137396524243,1.7087212721066236,-0.01272898123877512,-0.023016272788379023,0.0008348747839350902,0.004164938768514908,0.00015613460048473363,-0.00043330194786250683,-4.705185008380625e-05,2.753328046242398e-05,5.884827481381168e-06,-5.320471658476219e-07,12.0
0.4484999999999999,1.3293974129678476,0.5501666284132468,1.7107841522364717,-0.011145610728328677,-0.023063139461770653,0.0005635217616567163,0.00415767807872888,0.000182618137400036,-0.0004300075955298343,-4.863835032812485e-05,2.698536793250786e-05,5.95153818635832e-06,-4.6399539744386655e-07,12.0
0.4515,1.3265916816890955,0.5484311234529218,1.7128040242318738,-0.009588181091213066,-0.02311391541611209,0.0002992117941479162,0.004152840882816176,0.00020777056758224376,-0.00042723708240359297,-5.0008493243421855e-05,2.6534792352959283e-05,5.996274976960522e-06,-4.121486935436713e-07,12.0
0.4544999999999999,1.3237978345482606,0.5466824067079128,1.714761654181689,-0.008034266057820316,-0.023165988887642448,3.443776102787913e-05,0.004149972017667911,0.0002331502844220021,-0.0004249323714194349,-5.136707271821956e-05,2.617416341075509e-05,6.033480478089388e-06,-3.763702808459563e-07,12.0
0.4575,1.3210210734708983,0.5449124260525458,1.716640788855723,-0.00647603197863486,-0.023212167127766695,-0.00023344938657831376,0.004146248123643029,0.0002593501722559438,-0.00042238192117430003,-5.2803327746407375e-05,2.576485414262662e-05,6.0687540012488e-06,-3.3665923950889924e-07,12.0
0.4604999999999999,1.318261431907511,0.5431179268221472,1.718436615484534,-0.004911753702126857,-0.02325085053407882,-0.0005049907776342993,0.0041410469677173245,0.00028649531087030763,-0.0004194457057369183,-5.4353648066084195e-05,2.5271309860046807e-05,6.103656215351118e-06,-2.881279561080445e-07,12.0
0.4635,1.3155250793226312,0.5412973836128722,1.7201394821377063,-0.003343550195741314,-0.023281358283534805,-0.0007793822156628796,0.004134426544116222,0.000314381010766195,-0.00041623193082213674,-5.601534829535504e-05,2.470853446935987e-05,6.1367005890143805e-06,-2.3370941877158343e-07,12.0
0.4664999999999999,1.3128207116044028,0.5394472776374561,1.7217362590322922,-0.001772487310665653,-0.023302396991863598,-0.0010561030389409287,0.004126366204480076,0.0003428346693433266,-0.00041286081772856246,-5.7789364935131944e-05,2.4097219564206134e-05,6.16717622135276e-06,-1.7712851132592523e-07,12.0
0.46950000000000003,1.3101540275330117,0.5375644868665396,1.7232181170748118,-0.00019816715796613308,-0.02331252385470001,-0.001334943665366941,0.004116766871911528,0.0003717664910246674,-0.00040940445289585763,-5.968168546075841e-05,2.345098643837678e-05,6.196060712346525e-06,-1.203886423986047e-07,12.0
0.4724999999999999,1.3075239116857973,0.5356500619103627,1.7245867195006734,0.0013792107053715243,-0.023311141797424873,-0.0016151808767598552,0.00410575223408514,0.00040101334528789575,-0.0004059365867409816,-6.167974936310289e-05,2.278527053764357e-05,6.2247185953374415e-06,-6.469967085847604e-08,12.0
0.47550000000000003,1.304928604178226,0.5337083516530264,1.7258460572040328,0.002958569189418616,-0.023296925781968725,-0.0018955895188476836,0.004093139061123713,0.00043029710982470305,-0.00040244950854640424,-6.374804088356774e-05,2.210481162173898e-05,6.254134633708284e-06,-9.022544570254851e-09,12.0
0.4784999999999999,1.3023732160393897,0.5317428903821076,1.7269915012854113,0.004539049626594199,-0.023266574593659117,-0.002175274062179544,0.004077917723181516,0.00045932869190888593,-0.00039878738666530286,-6.584742376705084e-05,2.1392237554064887e-05,6.2852322833611756e-06,5.0846684602180396e-08,12.0
0.48150000000000004,1.299864080117864,0.5297543253848083,1.7280151768683527,0.006119754000643391,-0.023217803995338564,-0.0024541645351239096,0.004059034074245463,0.00048787994017144426,-0.00039482760653499393,-6.795096304927448e-05,2.063561130411495e-05,6.319115078962875e-06,1.1791767187527875e-07,12.0
0.48449999999999993,1.29739918678855,0.5277417149981852,1.728917063860463,0.007698369896974428,-0.0231525419516224,-0.0027327398816544613,0.0040363705484892706,0.0005157721688547948,-0.0003906590515989054,-7.00416440287562e-05,1.9856274359717255e-05,6.356661759632641e-06,1.9003255655082923e-07,12.0
0.48750000000000004,1.2949695192808572,0.5257039865693622,1.7297048621848077,0.009271445011459963,-0.023075828175900766,-0.0030115566631508843,0.004010705433346196,0.0005429098471561712,-0.00038651349980636736,-7.210387415625449e-05,1.9100856380586572e-05,6.3984081716676836e-06,2.6117136164825286e-07,12.0
0.49049999999999994,1.2925669838751759,0.5236406411349375,1.7303864064501406,0.010835965577788828,-0.02299208894827395,-0.003290724046025759,0.003983069225541315,0.0005693525898332771,-0.0003825554015856161,-7.411150068402054e-05,1.841430107720919e-05,6.444968292779092e-06,3.2570913200733064e-07,12.0
0.49350000000000005,1.2901879581316578,0.5215525532358457,1.730965840918543,0.012390112515468336,-0.022902721329465078,-0.003569348509224654,0.003954347805567353,0.0005953172722145294,-0.00037874748901232865,-7.601169982053212e-05,1.782450945981432e-05,6.497668334305458e-06,3.813797577317379e-07,12.0
0.49649999999999994,1.2878316574506925,0.5194419662375526,1.7314449794741278,0.013933195919980943,-0.022806343806250302,-0.003845538720991515,0.0039252647323464104,0.0006210979811178849,-0.000374886951392367,-7.772384613589231e-05,1.7346240173888427e-05,6.559026999546203e-06,4.2911639806591047e-07,12.0
0.49950000000000006,1.2854975047731447,0.5173115365299215,1.7318253865511297,0.015465187488240318,-0.022700459894655727,-0.004117069502629047,0.003896354469238319,0.000646909726989337,-0.00037075060717153976,-7.916793938052077e-05,1.6985787997117387e-05,6.631273667710332e-06,4.710750008726081e-07,12.0
0.5025,1.2831836719007434,0.5151629617953418,1.7321093149047777,0.016986337924504335,-0.02258320657580146,-0.004382287571883744,0.0038678620062248276,0.0006727308901565407,-0.00036626344500753004,-8.031500210520625e-05,1.6736869513752134e-05,6.71223669299954e-06,5.080063013775683e-07,12.0
0.5055000000000001,1.2808875419083212,0.5129961128898025,1.7322987655343816,0.018496947961185648,-0.022454075078958132,-0.004640642437096455,0.003839632971220348,0.0006982521812806222,-0.00036156909709214146,-8.122113645325611e-05,1.6571608745801828e-05,6.791728982334133e-06,5.378801037809992e-07,12.0
0.5085000000000002,1.2786077939058675,0.5108091860937497,1.7323928829722024,0.019997134848247607,-0.022313305165348987,-0.00489254819159457,0.003811061422945382,0.0007229889532285372,-0.0003569297010409105,-8.200657251853353e-05,1.6440011399342152e-05,6.85347945390962e-06,5.572978118923615e-07,12.0
0.5114999999999998,1.2763455104480714,0.5085994837815674,1.7323871096779175,0.021486689380969527,-0.02216117907918801,-0.00513886783757879,0.0037813081302699504,0.0007465048654480855,-0.00035255782765835584,-8.278817948856962e-05,1.62907442076379e-05,6.8833273033136905e-06,5.64045747811425e-07,12.0
0.5145,1.2741027629028212,0.5063641183195022,1.7322760332947686,0.02296522172111329,-0.021998217219970206,-0.005380522130336131,0.003749762467688887,0.0007685998394310255,-0.00034853914790775064,-8.362125926457013e-05,1.610153585865764e-05,6.877271858523744e-06,5.580086047135166e-07,12.0
0.5175000000000001,1.2718805398683477,0.5041004269266788,1.7320567993764724,0.024432577199555036,-0.02182571573124292,-0.005618384356392198,0.0037163280200302154,0.000789337420352986,-0.0003448727988692638,-8.449614617259992e-05,1.5889569559444783e-05,6.842265940233755e-06,5.401298568594671e-07,12.0
0.5205000000000002,1.2696782312155874,0.5018063046903204,1.7317293001434932,0.02588949147396002,-0.02164573360794412,-0.0058533093919119665,0.0036813159377285906,0.0008089214712132988,-0.00034154360093273064,-8.537368788186514e-05,1.5690479697929674e-05,6.790751765480524e-06,5.110227216405851e-07,12.0
0.5234999999999999,1.2674945415118606,0.499480243086159,1.7312943343353413,0.027337875238025645,-0.02146022195209869,-0.006086304581460413,0.0036452638050814257,0.0008275124561305306,-0.0003385213939988253,-8.623907134955312e-05,1.554322294126271e-05,6.728750784391877e-06,4.7214687869228464e-07,12.0
0.5265,1.2653297426777539,0.4971187815226848,1.7307561882678253,0.028779274945369252,-0.02126947256088567,-0.0063186673374705455,0.0036085451165742037,0.0008454126210184318,-0.0003357990013457336,-8.71298878218383e-05,1.549268319967294e-05,6.651098471863986e-06,4.2610712249464796e-07,12.0
0.5295000000000001,1.2631924531192757,0.4947092440018741,1.7301239018284327,0.03021719089333713,-0.021071761227323547,-0.006552855197625876,0.0035710652465257855,0.0008637228958676046,-0.0003335549654646591,-8.816312570020715e-05,1.5603062417183007e-05,6.562963695456494e-06,3.666547209775918e-07,12.0
0.5325000000000002,1.260826829786046,0.49210867945258446,1.7295332609999907,0.031739129943481006,-0.02087479216324146,-0.006814041199785812,0.003534496506481628,0.0008870585388003446,-0.00033207596025195134,-8.979910593077107e-05,1.5904912628574053e-05,6.511428352609237e-06,2.847749930706098e-07,12.0
0.5354999999999999,1.258915731718948,0.48989114683796614,1.7284591236177465,0.032974023493591256,-0.020608499946403038,-0.006978548877241714,0.003476287461713507,0.0008928375519594817,-0.00032582341338971215,-8.921601903684162e-05,1.5371777202280532e-05,6.299134568566317e-06,3.25198127451421e-07,12.0
0.5385,1.2568369882045651,0.48742240776751705,1.727662176459893,0.034409278707810374,-0.020440988094083692,-0.007215392443875522,0.0034536014304638383,0.0009127049242457523,-0.00032694312733599267,-9.027568667097727e-05,1.6082178451790128e-05,6.232755321167151e-06,1.9161794705367172e-07,12.0
0.5415000000000001,1.2546400584620754,0.48485928883990886,1.7267002914118321,0.035849668145874224,-0.02020585790397743,-0.0074461770507507075,0.003410007045889331,0.0009315263944241402,-0.0003234808561661983,-9.100606469474665e-05,1.6154089295802616e-05,6.158981815885288e-06,1.3903112150502167e-07,12.0
0.5445000000000002,1.2524721213665087,0.48225203557916835,1.7255654039341648,0.037271675868275136,-0.019941932704712596,-0.0076638399475434495,0.0033622034560696324,0.0009484061845155716,-0.0003191947655548164,-9.126480237159184e-05,1.62471817972054e-05,6.056364215051001e-06,7.046138445187033e-08,12.0
0.5474999999999999,1.250325570891334,0.4796242694872091,1.724322191176535,0.03867736469100349,-0.01966536290188544,-0.007873408733787213,0.003313760794926488,0.0009650076660310987,-0.0003143851345939599,-9.136657654716093e-05,1.6320608015881965e-05,5.933375352174975e-06,-7.3563968991609615e-09,12.0
0.5505,1.2481788982691326,0.4769602705219828,1.7229789805969857,0.04007799158751801,-0.019375297989108285,-0.008077881579662688,0.0032634565104871587,0.0009820949083880952,-0.0003093430194911205,-9.124743735393096e-05,1.622677290286845e-05,5.824329327476397e-06,-9.378895089025852e-08,12.0
0.5535000000000001,1.2460214212310015,0.4742474535793233,1.7215282352528993,0.04147714475402888,-0.019070740187696358,-0.008278669555414417,0.003211560436377988,0.000999393818302493,-0.00030443495505075345,-9.075811193770811e-05,1.5906000348088904e-05,5.764748328032393e-06,-1.9371493979729226e-07,12.0
0.5565000000000002,1.2438517858557205,0.47147618382404693,1.719967719005634,0.042877183603720816,-0.018752381697519773,-0.008478804794575742,0.0031604049886928237,0.0010156386321591596,-0.00029922212525779435,-9.025687151949951e-05,1.553774093530855e-05,5.705936530420564e-06,-2.9531613713789965e-07,12.0
0.5594999999999999,1.2416820691810189,0.4686253339107276,1.7183068827402985,0.044283641451806965,-0.018424706730885823,-0.008679144309762526,0.003110185391810674,0.0010307994104333759,-0.0002934908683209034,-9.02129952631166e-05,1.5329154107213456e-05,5.596005446821257e-06,-3.935558604809307e-07,12.0
0.5625,1.2392571181857777,0.4655255990495334,1.7166485309154615,0.04577524151839712,-0.018082577741897893,-0.008897730718559272,0.003053864085750056,0.001049544392715853,-0.0002867270220034926,-9.098799439313956e-05,1.5100126802127088e-05,5.489443455962238e-06,-4.775355359675219e-07,12.0
0.5655000000000001,1.237219204393879,0.46286555179405847,1.7145629182817017,0.046932139712276104,-0.017686358460795113,-0.009007985442319448,0.002975041084174982,0.0010508663830035628,-0.0002752003481262196,-8.981228229702781e-05,1.3946377601916452e-05,5.230204733260887e-06,-4.333945635267158e-07,12.0
0.5684999999999998,1.2350669318599596,0.4598693929579357,1.7126680406015589,0.04836680705286831,-0.01736941349190058,-0.009227099589667106,0.0029292280809844135,0.0010745774648677124,-0.00027176383047797806,-9.146958923938508e-05,1.4082946903523683e-05,5.169856359129236e-06,-5.853873713525577e-07,12.0
0.5714999999999999,1.232731053025598,0.45675621827466956,1.7106187443873448,0.049775988868662364,-0.016994434253661143,-0.009425223361488284,0.0028667016350055526,0.0010939586455065529,-0.00026443629476144003,-9.289286459514941e-05,1.3196013996644459e-05,5.053594757641392e-06,-5.926317498556342e-07,12.0
0.5745,1.2303985774909916,0.4535678020255136,1.708357130407687,0.05115502321774681,-0.016586688345352717,-0.009601074470760307,0.002800941130059407,0.0011079278005769338,-0.0002589083545117233,-9.464690238055225e-05,1.2311516728008463e-05,4.980721514300038e-06,-5.822120102768582e-07,12.0
0.5775000000000001,1.2280606592232517,0.4503322980072513,1.7059817189403061,0.05252278377316241,-0.016164681938952583,-0.009771941387053527,0.0027287653232002363,0.0011170485187102885,-0.0002545769427373887,-9.615303136458753e-05,1.1787774192005064e-05,5.074359633451834e-06,-5.308814339090362e-07,12.0
0.5804999999999998,1.2256970967631502,0.44703703915531784,1.7035111210483016,0.05389068915285358,-0.015732685768242657,-0.00994573329962672,0.0026508240607574576,0.0011259731692721468,-0.00024823755637657903,-9.622851455144244e-05,1.1895855039303409e-05,5.3750252053518304e-06,-4.341728680688492e-07,12.0
0.5834999999999999,1.2233016195522188,0.44367073647194954,1.7009289379992742,0.05525842295396111,-0.015284606593327824,-0.010115530685533666,0.002572452851973045,0.001137763820399199,-0.00023915795075789167,-9.52601256502717e-05,1.2203806939525606e-05,5.688654514117409e-06,-3.386672926316317e-07,12.0
0.5865,1.2208748938681522,0.44022947647194355,1.698224629849134,0.05662648878124476,-0.014815049956990607,-0.01027843423904403,0.002492288590285671,0.0011494812178899547,-0.000229992813948567,-9.491993547021735e-05,1.1955285104869151e-05,5.773909766401112e-06,-2.932334008048636e-07,12.0
0.5895000000000001,1.218417831768783,0.43671187493529123,1.6953923549320402,0.057993732782335404,-0.014323243969608001,-0.010435296416236648,0.002407884752314405,0.0011592483970672939,-0.0002215265508284793,-9.535040451637144e-05,1.121433711704913e-05,5.693059455786198e-06,-2.776846904769245e-07,12.0
0.5924999999999998,1.215929424451532,0.43311659412694004,1.6924289910467925,0.059358894143980566,-0.01380825908975058,-0.010584534670959909,0.002320417438420258,0.0011682297612065804,-0.000212628819499509,-9.574176389350324e-05,1.0403602354004288e-05,5.604896185753193e-06,-2.5503241993733917e-07,12.0
0.5954999999999999,1.2134072962497284,0.42944210054496684,1.6893332249109376,0.060720476488212216,-0.01327013519136778,-0.01072524672003838,0.002230297267703125,0.001176423880479815,-0.00020331020838599,-9.606450771189817e-05,9.53892042018002e-06,5.50986159491909e-06,-2.265923600278842e-07,12.0
0.5985,1.2108492976510175,0.4256869847811856,1.6861040097432662,0.062076701750693464,-0.012709408618292763,-0.010856736380346274,0.002137930643828644,0.001183827711771165,-0.00019358670589956253,-9.628557441403629e-05,8.640284367823345e-06,5.40967357375737e-06,-1.9358894718767896e-07,12.0
0.6015000000000001,1.2082551839572633,0.42185043985753157,1.6827389511386301,0.06342537491064425,-0.01212671383290594,-0.01097841801543052,0.0020435893026591657,0.0011904076997282934,-0.00018346213632112972,-9.636937385796032e-05,7.726910318379698e-06,5.307000003188627e-06,-1.5661471400338532e-07,12.0
0.6044999999999998,1.2056276429269368,0.4179326106429496,1.6792332542410233,0.06476381429124618,-0.011522461987442634,-0.011089716053094965,0.0019473268339894084,0.001196076626986038,-0.00017291919404390706,-9.628067102804341e-05,6.812650727524726e-06,5.2048281255940115e-06,-1.1532985648629749e-07,12.0
0.6074999999999999,1.2029719453326722,0.4139346083643338,1.6755800056125354,0.06608894786815246,-0.010896772331262187,-0.011190026067763625,0.0018489879597134303,0.001200686431302899,-0.0001619280697179335,-9.598976853262193e-05,5.903634246179009e-06,5.105671841151712e-06,-6.861805221651449e-08,12.0
0.6105,1.2002939596753772,0.4098581705240718,1.6717721996677066,0.06739755953892232,-0.010249786449266881,-0.011278762542435941,0.0017483437661679887,0.00120404019126485,-0.00015047883847665297,-9.547899878801919e-05,5.000018057308528e-06,5.010801681766336e-06,-1.5354780756010208e-08,12.0
0.6135000000000002,1.1975974470040807,0.4057051095913764,1.6678055207492644,0.06868658479325139,-0.009582173898153,-0.011355448693301462,0.0016452910789102897,0.0012059160745377594,-0.0001386232706311032,-9.474803238734237e-05,4.100631554983126e-06,4.919666189715678e-06,4.4524555087817806e-08,12.0
0.6164999999999998,1.1948823805101256,0.40147676471700694,1.663679801576038,0.06995333603404896,-0.008895366791053171,-0.011419756647339869,0.0015399747498779169,0.0012060897833272033,-0.00012649465720361968,-9.381509713990767e-05,3.2063317936008015e-06,4.829626765220696e-06,1.0937462074522878e-07,12.0
0.6194999999999999,1.192145393454652,0.39717364013180717,1.6593978764768038,0.07119557779894167,-0.008191238950502524,-0.011471436999588943,0.001432745816665386,0.0012043472382307757,-0.00011428611864011958,-9.271274632698561e-05,2.319225724158788e-06,4.736095585426153e-06,1.7608849959382022e-07,12.0
0.6225,1.1893818412628743,0.39279531192310935,1.6549626382068638,0.07241144515506373,-0.007471432207819484,-0.011510165792747329,0.0013240112352202816,0.0012004912654564979,-0.00010219968493533631,-9.147951234258682e-05,1.4392616697421719e-06,4.633123931322685e-06,2.4103199056351704e-07,12.0
0.6255000000000002,1.186587969382155,0.3883405694500993,1.6503743423344839,0.07359926371918515,-0.006736807831843171,-0.011535399712902013,0.0012141079129438922,0.001194351821774432,-9.039736972466737e-05,-9.015063376604535e-05,5.620505019736584e-07,4.514378920182025e-06,3.0102410090887713e-07,12.0
0.6284999999999998,1.1837625317925013,0.38380769565607037,1.6456289234643302,0.07475734337529176,-0.005987174961955119,-0.011546287695988571,0.0011032369075204258,0.0011857990983892108,-7.896754485449392e-05,-8.87504172784963e-05,-3.2139026053215865e-07,4.37426045822388e-06,3.5408857542446063e-07,12.0
0.6315,1.1809079637047672,0.3791948021604913,1.6407169856166584,0.07588378086403037,-0.005221182117253702,-0.011541629626417459,0.0009914208298834777,0.0011747501315276553,-6.790444014296795e-05,-8.728729459047534e-05,-1.22448252605136e-06,4.20883444903037e-06,4.000070565606629e-07,12.0
0.6345000000000001,1.1780299664734244,0.3745001389596315,1.6356248690172612,0.07697630257371876,-0.0044366767561306785,-0.011519931100828358,0.0008785731194768689,0.0011611726429620153,-5.7121431106064784e-05,-8.575268830440693e-05,-2.1616703174937992e-06,4.016445331755508e-06,4.4018717599233636e-07,12.0
0.6375000000000002,1.175134236487934,0.3697222689850731,1.6303394637373243,0.07803222471882489,-0.0036318917226074335,-0.011479630967867376,0.0007647837542844825,0.0011450990342859971,-4.651841446527664e-05,-8.412438187446263e-05,-3.1382150048246044e-06,3.7980636129853782e-06,4.763651185794657e-07,12.0
0.6404999999999998,1.172222209256112,0.3648600471704831,1.6248542030758923,0.07904858535951871,-0.0028068159858462925,-0.011419413774190437,0.0006506445448302716,0.0011266424626197359,-3.6063450798820294e-05,-8.23721485180353e-05,-4.138910964346718e-06,3.557352419751336e-06,5.089680443397e-07,12.0
0.6435,1.1692897156890407,0.35991249150463556,1.6191709169782855,0.08002237944909843,-0.00196350550390688,-0.011338370564385072,0.0005372793834418879,0.0011059876013980682,-2.5815921446377587e-05,-8.046153808722998e-05,-5.126742005590834e-06,3.300307945205103e-06,5.366735461330879e-07,12.0
0.6465000000000001,1.166329788406092,0.35487871419095024,1.613295901901609,0.08095074977133683,-0.001105012957601538,-0.011235888494493952,0.0004260122419536195,0.0010833469638745878,-1.5874067360135018e-05,-7.835434329171244e-05,-6.053945815838262e-06,3.034433941737441e-06,5.575168703246148e-07,12.0
0.6495000000000002,1.163336886733934,0.34975799423532533,1.6072340323010865,0.08183105025818911,-0.00023390251432360787,-0.011111397029354611,0.0003179542696610101,0.0010589070268731393,-6.302815354601076e-06,-7.600841421874848e-05,-6.876651770840626e-06,2.7676381525694707e-06,5.703628787588849e-07,12.0
0.6524999999999999,1.1603091703617903,0.34454992707954524,1.6009855963127837,0.08266081722138625,0.0006485301582624435,-0.01096418714214968,0.00021381146593270063,0.0010327956241630704,2.8963367115021342e-06,-7.338046660602657e-05,-7.563445948526437e-06,2.507119162744456e-06,5.754716104541018e-07,12.0
0.6555,1.157248144170733,0.33925453666136524,1.5945467987791817,0.08343772831643338,0.0015421249218476871,-0.010793389668660561,0.00011395004107138289,0.001005079181972644,1.1764746320009693e-05,-7.043281017143118e-05,-8.096436128014747e-06,2.2584080499635895e-06,5.740241912652436e-07,12.0
0.6585000000000001,1.1541596828896572,0.3338723469535768,1.5879084339725609,0.08415954043868383,0.0024480773972635926,-0.01059789986605906,1.8368865737457062e-05,0.0009757576570714915,2.0386288691389836e-05,-6.714003976682464e-05,-8.47548218974839e-06,2.0245035811186956e-06,5.681140456719597e-07,12.0
0.6615000000000002,1.151054800834388,0.328404494257991,1.5810549006992607,0.0848239480700016,0.0033690244421787363,-0.010376320939675564,-7.329829177165248e-05,0.0009447655910545625,2.8884359738761895e-05,-6.349462143269371e-05,-8.720920363849592e-06,1.8053456471601256e-06,5.607206640447471e-07,12.0
0.6644999999999999,1.1479436490381834,0.32285272202749415,1.5739724598092713,0.08542852320098857,0.004307053719656632,-0.01012734407594605,-0.0001612637666891765,0.0009120309996555767,3.7319404248026105e-05,-5.9514176006059594e-05,-8.858373447169236e-06,1.5981366491362479e-06,5.536524073847925e-07,12.0
0.6675,1.14482683310323,0.3172190777855041,1.5666611876509033,0.08597091775263896,0.005260984461247698,-0.009850381825180467,-0.00024492135506240417,0.0008775643175025277,4.5562221428265794e-05,-5.524662396815454e-05,-8.896874179271776e-06,1.3984006186578189e-06,5.450004860105516e-07,12.0
0.6705000000000001,1.141694978254419,0.3115055539766915,1.5591357164817368,0.08644914381275502,0.006226236717012435,-0.00954575124715454,-0.00032286862782411526,0.000841489792458906,5.331150236542079e-05,-5.0765212072899036e-05,-8.826919320519814e-06,1.2011526925445062e-06,5.295262306825643e-07,12.0
0.6735000000000002,1.1385371793793884,0.30571408049180937,1.5514138802113036,0.08686159583923779,0.0071973618077833534,-0.009214248783310553,-0.00039358605959590793,0.0008040053615201878,6.0248827780369386e-05,-4.6153778848999526e-05,-8.638290417128908e-06,1.0018805687274752e-06,5.01795393189891e-07,12.0
0.6764999999999999,1.1353489400804955,0.2998469184945073,1.5435060772410252,0.08720677302602714,0.008170337144495261,-0.008856647589417956,-0.00045602235241880875,0.0007653357915528608,6.617550555932777e-05,-4.1491050894237554e-05,-8.334886492513503e-06,7.974137196898349e-07,4.5888656486447487e-07,12.0
0.6795,1.1321334391916675,0.29390715991622834,1.535413737556078,0.08748294586955219,0.009142840415136449,-0.008473556342529581,-0.0005096632464021054,0.0007257237142824639,7.10394258083605e-05,-3.6841223871607404e-05,-7.934100347384548e-06,5.866295708167945e-07,4.008606059022124e-07,12.0
0.6825000000000001,1.1288977799906739,0.28789905480163713,1.5271346184597414,0.08768799080978533,0.010113092049177371,-0.00806560991404398,-0.0005542591183039938,0.0006854471256708472,7.488235218404379e-05,-3.225202912002316e-05,-7.456787432299147e-06,3.7075367504803164e-07,3.2965786702341145e-07,12.0
0.6855000000000002,1.1256498794089682,0.28182811272608016,1.518667252808608,0.0878194234089921,0.011078953734114307,-0.007633664449418214,-0.0005896246225697854,0.0006448264259510058,7.779078141752071e-05,-2.7757328085697094e-05,-6.920862840840208e-06,1.5307211559858127e-07,2.4810019294075514e-07,12.0
0.6884999999999999,1.1224079051974074,0.27570128012962897,1.5099986166296733,0.08787436278198685,0.01204055875917995,-0.007178231573916466,-0.0006162324128783582,0.0006041575795916884,8.000340447772284e-05,-2.337698750357615e-05,-6.360904594454784e-06,-6.206760237895428e-08,1.6194974913205872e-07,12.0
0.6915,1.119193585205573,0.26952716215291944,1.5011131419419854,0.08784945989747822,0.012998456174027987,-0.006699817450396097,-0.0006347738476455744,0.0005637282842585284,8.180752643035043e-05,-1.912475733867338e-05,-5.8162654000027244e-06,-2.7011898756526433e-07,7.783935840635166e-08,12.0
0.6945000000000001,1.1160094042724524,0.2633153017449964,1.4920231491795986,0.08774154449823399,0.013947503236869883,-0.006200358828509731,-0.0006448146011085716,0.0005239224476419411,8.324470811576326e-05,-1.502349507674796e-05,-5.29000227118883e-06,-4.6674089446508474e-07,-2.42475359887726e-09,12.0
0.6974999999999998,1.1128374445485527,0.2570749716455437,1.4827703232113105,0.08754861452619472,0.014876928440921193,-0.005683446774095868,-0.0006448492777715487,0.00048521961761401755,8.410373930288564e-05,-1.1109851386055885e-05,-4.750265412773324e-06,-6.482336164541922e-07,-8.197553771883724e-08,12.0
0.7004999999999999,1.1096607173665387,0.25081476156254917,1.47339708043904,0.08727015165876706,0.015776416536998773,-0.005153048150643052,-0.0006336087380266643,0.0004480898187291851,8.41862903746902e-05,-7.426193950086948e-06,-4.170720694922152e-06,-8.12018052003489e-07,-1.6387764355346886e-07,12.0
0.7035,1.1064775144624164,0.2445429916589201,1.463927086398019,0.08690673090357245,0.016640030272086447,-0.004612473490615476,-0.0006108198779290434,0.00041292748172189534,8.347486600022729e-05,-4.011622000780162e-06,-3.5540523405301167e-06,-9.567830260490018e-07,-2.481003946679088e-07,12.0
0.7065000000000001,1.1032984260337781,0.2382681523852215,1.4543686440757462,0.08645955637137329,0.017465388287616183,-0.004064362014281176,-0.0005769489589818109,0.0003800642583320409,8.209379764120077e-05,-8.974508731498211e-07,-2.9232448046007832e-06,-1.0821978188223569e-06,-3.3238522788358144e-07,12.0
0.7094999999999998,1.1001371484853613,0.2319989901554932,1.444726177664542,0.08593023585931062,0.018251281094606806,-0.0035111014828247446,-0.000532664052067004,0.0003498038719624618,8.020752176220794e-05,1.8955440825290878e-06,-2.303323807759421e-06,-1.188354120392111e-06,-4.1417970922192176e-07,12.0
0.7124999999999999,1.0970040228378561,0.2257443626288737,1.4350080332712618,0.0853207110123204,0.018996111848322627,-0.002955133147283945,-0.0004785138734456286,0.00032243984491928487,7.795919014214932e-05,4.360343059104178e-06,-1.7095156753554234e-06,-1.2751335070583311e-06,-4.917215056399829e-07,12.0
0.7155,1.0939082997714333,0.2195131340376124,1.4252229733832469,0.08463314627588533,0.01969856404156118,-0.0023987673484915494,-0.0004150602370311122,0.0002982451398922866,7.550400267928777e-05,6.50806067306077e-06,-1.149964481779109e-06,-1.3416840217142304e-06,-5.633837811354711e-07,12.0
0.7185000000000001,1.0908925749790643,0.2133148942125399,1.415335520003574,0.08386920507083136,0.02036595318331073,-0.0018421746368884172,-0.0003444054881862821,0.00027740902094115766,7.335545262134076e-05,8.37809513498884e-06,-6.734208332341382e-07,-1.3862105389512676e-06,-6.217207913935121e-07,12.0
0.7214999999999998,1.0879716468852334,0.20716017495813255,1.4053441071633055,0.08302976628914868,0.020999265727664265,-0.0012866169498630775,-0.0002674306650262929,0.0002601264249568649,7.177910025342431e-05,1.0026229054022011e-05,-2.844064332659984e-07,-1.4064365127556742e-06,-6.63934292400175e-07,12.0
0.7244999999999999,1.08510644127921,0.2010578973567884,1.3953147107415322,0.08211663325388728,0.02158725283990247,-0.0007361205333875953,-0.00018280494673118139,0.00024662372006215065,7.053884816074722e-05,1.1509237334583579e-05,8.71125412204801e-08,-1.399828976684361e-06,-6.95805632751998e-07,12.0
0.7275,1.0822577137087266,0.19501439849856317,1.3853122339171633,0.08113315766465404,0.022119589152482567,-0.00019467350260316611,-8.940009455815538e-05,0.00023707576196672605,6.94110005257081e-05,1.2883305585328275e-05,5.076249618752856e-07,-1.364015625179316e-06,-7.227742358162897e-07,12.0
0.7305000000000001,1.079419183581458,0.18903465457966365,1.3753585241551751,0.08008331044223256,0.022594430596202322,0.00033565505836256773,1.2408839875111333e-05,0.00023155963158769268,6.847298567180442e-05,1.4202000056440994e-05,9.949861735478e-07,-1.2978942286778933e-06,-7.452585464579769e-07,12.0
0.7334999999999998,1.0766048097844574,0.18312321344254284,1.3654491578656265,0.07897096456671893,0.02301493379113603,0.0008540587400050209,0.0001213869220815318,0.00023005474134517987,6.79490726910478e-05,1.5506700963599435e-05,1.5351387836338973e-06,-1.2027908853044986e-06,-7.612982995887294e-07,12.0
0.7364999999999999,1.0738294139014315,0.17728417243950811,1.3555785100569817,0.07779988997470902,0.02338448102171586,0.0013598767937623032,0.0002362462978517281,0.00023244377018960327,6.80088124341852e-05,1.68171228799231e-05,2.106398516926836e-06,-1.0828813145301122e-06,-7.697052381079018e-07,12.0
0.7395,1.0711022185938568,0.17152092562946558,1.345748113367822,0.07657395966273403,0.023705136286395746,0.0018521556790427585,0.0003558742786852082,0.00023851281312879842,6.870505994815754e-05,1.8129109756875066e-05,2.6880660209071847e-06,-9.446360720606856e-07,-7.708458333024133e-07,12.0
0.7425000000000002,1.0684258495356307,0.16583611231493928,1.335967791530846,0.07529725916282014,0.023977480886064145,0.0023295644639147375,0.0004793416537818817,0.00024796406779517875,6.998151578146962e-05,1.942057918826329e-05,3.263955938280576e-06,-7.954809727602789e-07,-7.663537189150341e-07,12.0
0.7454999999999998,1.0658102161199638,0.16023203409579986,1.3262382869405214,0.07397391191942763,0.024203670885316688,0.002791089743649259,0.0006054516918751969,0.00026046471000091545,7.181618386654153e-05,2.0666302760645613e-05,3.8125868890284462e-06,-6.419182091326303e-07,-7.569790162378393e-07,12.0
0.7484999999999999,1.0633471539413486,0.15471298963736066,1.3164596051360473,0.07260663949603713,0.024402990055221493,0.0032395845234196377,0.0007304763509643198,0.00027581315297216556,7.485203569107195e-05,2.186971477773854e-05,4.2419218749908654e-06,-4.872449346671953e-07,-7.339175320335276e-07,12.0
0.7515000000000001,1.0609903172383106,0.1492846559459777,1.306699847306396,0.07119736601084063,0.02456579341201786,0.0036719511990915056,0.0008550675144193546,0.0002936021435322064,7.867800218998652e-05,2.3037378022352045e-05,4.601917234889556e-06,-3.331810435524948e-07,-7.031639444790371e-07,12.0
0.7545000000000002,1.0586512832627464,0.14394919854214358,1.2970778516626449,0.069750490522102,0.024674565965475993,0.004083193368566509,0.000981174979090217,0.00031343805720094226,8.260232763937068e-05,2.4182065504193412e-05,4.9883134099136834e-06,-1.7791650954947446e-07,-6.741214899240786e-07,12.0
0.7574999999999998,1.056313062635067,0.13870787147334854,1.2876241194885323,0.06827130314314422,0.02472745462454069,0.004471691811788849,0.001108616949629772,0.0003351532335979114,8.655404597443342e-05,2.5344990865925714e-05,5.4353899721498055e-06,-1.596837471755077e-08,-6.475650806838964e-07,12.0
0.7605,1.0540000966185674,0.1335636577926724,1.2783176545985626,0.06676421977553501,0.02473147387256018,0.004838013235244559,0.0012360805670269986,0.00035871656013767287,9.08235961489391e-05,2.6588414669264116e-05,5.942335286026831e-06,1.5921497764211488e-07,-6.197109531189953e-07,12.0
0.7635000000000001,1.0517332616322659,0.1285209658516548,1.2691411761581706,0.06523283948638153,0.024693016974933264,0.005182850934779697,0.0013624504487241794,0.00038409525714082967,9.56740357142589e-05,2.7972072908328547e-05,6.50851482003968e-06,3.5262551165874956e-07,-5.874676572456504e-07,12.0
0.7665000000000002,1.0495210533724013,0.12358451465635305,1.2600921812754005,0.06368049378204368,0.02461599553524084,0.005506493878112719,0.0014870015624727194,0.0004111871876298121,0.00010123593002438379,2.9534196590923142e-05,7.135482860007475e-06,5.660931274331316e-07,-5.496140499403233e-07,12.0
0.7694999999999999,1.0473655267740904,0.11875852307694469,1.2511760588893641,0.062110578483865454,0.024502940415856975,0.005808949247956157,0.0016091716129417969,0.0004397955808501926,0.00010752554691133814,3.1281708938751766e-05,7.818820798391899e-06,7.976920718185704e-07,-5.06335819673392e-07,12.0
0.7725,1.0452619633161173,0.11404612680826362,1.242406574406997,0.0605267495195521,0.024354880228974245,0.006089863714540113,0.0017285237556886922,0.0004696062296970755,0.00011443392716001815,3.3187517998634e-05,8.54803089348145e-06,1.0420121418170423e-06,-4.591410885206765e-07,12.0
0.7755000000000001,1.0432287560933595,0.10944952234902233,1.2337709508348786,0.0589327167286323,0.024176789437492133,0.006349578161094709,0.0018440253008471998,0.0005002949610174412,0.00012194160734221086,3.520582320604695e-05,9.29000687731989e-06,1.2918507046334159e-06,-4.082218237708801e-07,12.0
0.7785000000000002,1.0414323838567694,0.1049734423823221,1.225084663606548,0.05733007625766001,0.02399991456479176,0.006593477980104019,0.0019511874515348506,0.0005319914214549838,0.00013098760249510722,3.733115140655929e-05,9.919363658499702e-06,1.5423013213179942e-06,-3.4272215950170565e-07,12.0
0.7814999999999999,1.0396807681491405,0.10062115168776761,1.2165795585995383,0.05572083917201897,0.02379020575258792,0.006814880142840199,0.0020537992557380967,0.0005634888923400922,0.00014008955985507106,3.9453854691548956e-05,1.0535423361424695e-05,1.7823179773824652e-06,-2.7884650548927626e-07,12.0
0.7845,1.0378906615317438,0.09638803405819485,1.2083615431818813,0.05411134550715664,0.02353394887438303,0.0070105041040176294,0.0021533029093352995,0.0005941229780899065,0.00014850538878250744,4.149273715684905e-05,1.1174531833857869e-05,2.006207025662615e-06,-2.238662873816613e-07,12.0
0.7875000000000001,1.0361048822578134,0.09227048355960991,1.2003889814614188,0.0525072000955241,0.02324038129668247,0.007181559829603567,0.0022483587091297035,0.0006237931912231665,0.0001564039310415391,4.343565434260992e-05,1.1807303480250393e-05,2.2144369300798797e-06,-1.7487493962462843e-07,12.0
0.7905000000000002,1.0343646225288103,0.08826759174243054,1.192620565750834,0.05091232047940932,0.02291854015202116,0.007329636179795244,0.0023377873437937942,0.0006524854450655649,0.00016401921877000426,4.530632338212406e-05,1.241701858103909e-05,2.4106389087982e-06,-1.2843142938825416e-07,12.0
0.7934999999999999,1.0326847744319432,0.08437998944369253,1.1850437640940361,0.04932973489688363,0.022573064748620458,0.0074558565765356,0.0024211306185580256,0.0006801903506445193,0.0001714780281868651,4.7146745564217716e-05,1.3010448872310504e-05,2.600215408045384e-06,-8.248269758666293e-08,12.0
0.7965,1.0310675070589193,0.08060929793876122,1.1776590435880903,0.047761980392504226,0.02220672321306838,0.0075612588031966485,0.002498311471218325,0.000706936285294995,0.00017887097181261177,4.900877635532427e-05,1.3604972396457977e-05,2.7893155707893043e-06,-3.561198412024376e-08,12.0
0.7995000000000001,1.0295110764980704,0.07695781170710374,1.1704698525122714,0.046211249849909104,0.021821906019322223,0.007646973520501558,0.0025693879541355182,0.0007327820517602766,0.0001862813179965181,5.094291408552797e-05,1.4218587526179981e-05,2.983535207633385e-06,1.3273583084139832e-08,12.0
0.8025000000000002,1.028004043019886,0.07342786422961635,1.1634893903074013,0.044679625453396495,0.02141954961056643,0.007713949140044128,0.002634613081728082,0.0007577453429488835,0.0001937185496907912,5.298195299109266e-05,1.4867813497670868e-05,3.1864293918970067e-06,6.432251394115978e-08,12.0
0.8054999999999999,1.0265775174351555,0.07002192352214957,1.1566828655050234,0.043168846652889566,0.02100740586812171,0.007764141409817292,0.0026933666862043832,0.0007819726225642111,0.0002014035327641048,5.51539646642207e-05,1.5543242100875568e-05,3.4001557239532463e-06,1.1961726833731697e-07,12.0
0.8085,1.0254859618570489,0.06674714735575107,1.1497681050060868,0.04167755403143102,0.020628313576704856,0.0078047312297194376,0.002740616331423049,0.0008064084587618333,0.00021080645762698507,5.7566551651746945e-05,1.6141594488501924e-05,3.6307812377810123e-06,1.9325957479642491e-07,12.0
0.8115000000000001,1.0243096828757587,0.06360610590223417,1.1432096680142514,0.040206396592734006,0.020217102319803417,0.007826865321100693,0.0027841614651675723,0.000829079515627078,0.0002193876897514239,6.000117231664253e-05,1.681200157663156e-05,3.8611888566368745e-06,2.605700739699605e-07,12.0
0.8144999999999998,1.0230547658776206,0.060590284183756844,1.1370028806746344,0.03876156475374609,0.019776590211931032,0.007830882279355127,0.002823909242919369,0.0008499276867574876,0.00022703852815968538,6.239056717856364e-05,1.753293469302969e-05,4.086147978742383e-06,3.204404210555773e-07,12.0
0.8174999999999999,1.0218115784874,0.05769435728873802,1.1310493205730876,0.037346951716476104,0.019322544040072488,0.007819119054502065,0.002858038088145151,0.0008691532925854794,0.00023413581665112875,6.470832179947546e-05,1.825047651179937e-05,4.302777505845413e-06,3.764957691133373e-07,12.0
0.8205,1.0206151704857784,0.054914220625236286,1.125311834085167,0.03596517885233673,0.01886150264532363,0.007792701199203969,0.0028858002838455057,0.0008866927292641103,0.00024074161096403874,6.691336394648118e-05,1.8934952455993478e-05,4.50717637347419e-06,4.2942911505190916e-07,12.0
0.8235000000000001,1.0194738636798928,0.05224580326226015,1.1197825946244377,0.034618447009506705,0.01839565260955557,0.00775225467313218,0.0029070514620679164,0.0009024063592686935,0.0002467965190646728,6.896933382475841e-05,1.957207682677348e-05,4.6961964722754635e-06,4.788268238496156e-07,12.0
0.8264999999999998,1.0183894721032702,0.04968545003151463,1.1144601434673136,0.03330853713733373,0.017926279676961736,0.007698460321477706,0.0029218798589135246,0.0009161944867758651,0.00025225838125071757,7.08594075515263e-05,2.0156421406759912e-05,4.8685390347988105e-06,5.24439383826795e-07,12.0
0.8294999999999999,1.017361703087757,0.04723038081237024,1.1093439755964474,0.032036704501074785,0.017454622116808115,0.007632206591234342,0.002930517455030173,0.0009280269423521893,0.0002571351472963017,7.258908962360234e-05,2.0689448792785952e-05,5.024842478029604e-06,5.664421721812928e-07,12.0
0.8325,1.0163757792810693,0.04487865771323936,1.1044474331614467,0.0308037733522865,0.016980123333356734,0.007554364582469365,0.002933545884791848,0.0009378918509496072,0.00026141306873377746,7.417542383275599e-05,2.1181243366014298e-05,5.166722316305662e-06,6.047305345280866e-07,12.0
0.8355000000000001,1.0154820006926135,0.04263014079773794,1.09971227812798,0.02960964243357261,0.0165120686387308,0.007467074155016943,0.0029304302261303652,0.000946080002782258,0.0002654547197166584,7.567953610439679e-05,2.162702609654049e-05,5.299083207889437e-06,6.425886753194738e-07,12.0
0.8384999999999998,1.015019980649519,0.04049268193264421,1.094770324448716,0.02844991932019485,0.0161015609609854,0.00737724272708009,0.0029153921083480473,0.0009539164864536665,0.000271105096650125,7.731582518495662e-05,2.195062766755209e-05,5.438124202681761e-06,6.969407070695631e-07,12.0
0.8414999999999999,1.0143184191491896,0.03846794742795666,1.0903294197984925,0.0273233855558555,0.015653323501445087,0.007276002734114712,0.0029006608868158592,0.0009588692384629796,0.00027501797472235774,7.877466850808739e-05,2.2324319522347534e-05,5.55851664191867e-06,7.368099283171849e-07,12.0
0.8445,1.0135319454393454,0.03654643954127138,1.0862182415912072,0.026234498050822126,0.015191832310163342,0.007166276535990665,0.0028840869792001954,0.000961802743709039,0.00027804560748943407,8.013729350223855e-05,2.271272992335263e-05,5.667607690749784e-06,7.696677333011835e-07,12.0
0.8475000000000001,1.0127592718379068,0.034724792730978706,1.0823232019203342,0.025184166879765588,0.0147331152151151,0.007050232773145081,0.002864228695594776,0.0009632006064115157,0.0002807154937862835,8.14461214889419e-05,2.30894438217236e-05,5.768841792427977e-06,8.000883709938549e-07,12.0
0.8504999999999998,1.0120188997824149,0.03299965731550279,1.0786163923902832,0.024172685983848943,0.014281046724452568,0.006928603073664994,0.002841009120455474,0.0009631754526071486,0.0002830946239274193,8.268665580054419e-05,2.3444411805411085e-05,5.8610017554036646e-06,8.284810572892532e-07,12.0
0.8534999999999999,1.0113134999986415,0.03136631694690137,1.0750870883195291,0.023200424879704706,0.013836792236279784,0.006801650489937255,0.0028145951996509082,0.0009617505734616264,0.0002851330312454475,8.382386548951056e-05,2.3769237502251192e-05,5.941402537592272e-06,8.542481379959325e-07,12.0
0.8565,1.0106445629148464,0.029819005514828894,1.0717260249941973,0.022267678705360595,0.013401051728874154,0.006669502199588202,0.002785134328678471,0.0009589298624890943,0.0002867585877750113,8.481720005509564e-05,2.405507471067408e-05,6.007126242715149e-06,8.766611843678471e-07,12.0
0.8595000000000002,1.0100134361709963,0.02835161370480489,1.0685241825582683,0.021374387855284633,0.012974342521467397,0.006532309292716696,0.002752742456161196,0.0009547167255070279,0.0002879038968998277,8.562953507867843e-05,2.4293909777069404e-05,6.055684429992084e-06,8.951016065332794e-07,12.0
0.8624999999999998,1.009404189455413,0.026958173472944692,1.0654905690827041,0.02052003053673901,0.012554773066890514,0.006390182867645545,0.0027178246052386246,0.0009490762622600895,0.0002884465901730709,8.622611423518988e-05,2.448319209893985e-05,6.0847910896900785e-06,9.084865108344186e-07,12.0
0.8654999999999999,1.0088886939785906,0.025634760903490882,1.0625426284181823,0.019702794652834518,0.012152520328598308,0.006244485729167376,0.0026792141488338954,0.0009422731276347389,0.0002887044909328464,8.663232955088337e-05,2.460666424082601e-05,6.097282417706915e-06,9.198545254681058e-07,12.0
0.8685,1.0088977968564452,0.024387632570885984,1.0592251203902063,0.018915502964591532,0.011826409583929002,0.006100885398380937,0.002629249458518028,0.000935586373906121,0.00029063497624273537,8.70696053401584e-05,2.4585476049830824e-05,6.112718381512575e-06,9.476000534671108e-07,12.0
0.8715000000000002,1.0085044422458267,0.023215269568636183,1.056492193240686,0.018155115857026966,0.011451047233627764,0.005951454814032508,0.002584466942106249,0.0009261911005803244,0.00029014134259753156,8.711521960345696e-05,2.4591332396737507e-05,6.0918231891826915e-06,9.537175447291907e-07,12.0
0.8744999999999998,1.0080338885490607,0.02210573424728638,1.0539994698490869,0.017424184589916018,0.01107130568250898,0.005800085665626971,0.0025395377517220424,0.0009154496381036312,0.000288801411395878,8.696175332035064e-05,2.4573804430904986e-05,6.053392129056612e-06,9.528110103230524e-07,12.0
0.8775,1.0075724093738814,0.021056203332906257,1.0516487997143058,0.016720911215374556,0.010699598572950279,0.005648927264925969,0.002493180062993543,0.000903844593680247,0.00028712985277246013,8.669932576172199e-05,2.4525948278572446e-05,6.005498340827879e-06,9.496600284158143e-07,12.0
0.8805000000000001,1.0071257587919367,0.02006389883997303,1.049426050145687,0.01604375156262531,0.010337122769396719,0.005499259830620661,0.002445618833626976,0.0008916203843476288,0.00028527148770360084,8.638127609556149e-05,2.4456900483306493e-05,5.95261386628054e-06,9.455764380852021e-07,12.0
0.8835000000000002,1.0066924465566167,0.019124960761654396,1.0473251137182074,0.015392125549025627,0.009983780088841706,0.005352035085675428,0.0023972799954226267,0.0008790118266959902,0.00028331774204628477,8.605265197288095e-05,2.437756268552272e-05,5.898568109635025e-06,9.413398151831331e-07,12.0
0.8864999999999998,1.0062728691244536,0.018234521024441497,1.0453384399439625,0.014766414250647127,0.00963938104780639,0.005207881787197107,0.0023486077674096063,0.000866254075349363,0.00028133583035645494,8.574939178034593e-05,2.429799641397585e-05,5.846599970115739e-06,9.374776209592323e-07,12.0
0.8895,1.0058697260717773,0.017387074522415648,1.0434564024807937,0.014167749133605004,0.009303756116442219,0.00506708196271659,0.0023000250497484747,0.0008535662638306131,0.00027936574425950467,8.54953221547245e-05,2.4226464577670924e-05,5.7991392971596435e-06,9.342490838310451e-07,12.0
0.8925000000000001,1.0054665993529326,0.01657677996101914,1.0416887995280657,0.013597795475929219,0.00897410499063815,0.0049294331172472375,0.002252276027818758,0.0008410863994640114,0.00027733645655403816,8.529192551936474e-05,2.4172116473403674e-05,5.756808630289153e-06,9.308621419676296e-07,12.0
0.8955000000000002,1.0051599117445227,0.01579989182995651,1.0399291533164234,0.01305740725384283,0.00866255510033171,0.00479535007075832,0.0022039600671790124,0.0008291646239776896,0.0002756117249680059,8.517663477991322e-05,2.412245089943661e-05,5.724067460499476e-06,9.306801972072546e-07,12.0
0.8984999999999999,1.0054707429684822,0.015064666676238637,1.0376364190352736,0.012541430458459077,0.00843685908108121,0.004668465771763447,0.00214569156687676,0.0008189394090864175,0.00027621807523753675,8.535596563459264e-05,2.3992235761941487e-05,5.72213854940397e-06,9.530940813485833e-07,12.0
0.9015,1.00523188037481,0.014370194727381403,1.0359923624059546,0.012049240900028128,0.008144983527234159,0.004540944092109647,0.002098670378049513,0.000807635144118823,0.0002744674685983847,8.532364114449308e-05,2.3963115854833164e-05,5.6993246323931e-06,9.533589636801774e-07,12.0
0.9045000000000001,1.004936280060127,0.013705953717858746,1.034484384386273,0.01158469616779761,0.007852243045221169,0.004414967586326043,0.002053999159898136,0.0007965322610190728,0.00027232622917014947,8.526057612264944e-05,2.3950791774403307e-05,5.676192151188958e-06,9.501047576015176e-07,12.0
0.9075000000000002,1.0046505171462723,0.013073861433955683,1.0330346378284916,0.011144826121461617,0.007568666791272961,0.004290915045569468,0.002010178494143523,0.0007856832110839755,0.0002700667067573777,8.517416883048065e-05,2.3934145111727137e-05,5.653884134371145e-06,9.459502808632714e-07,12.0
0.9104999999999999,1.0043719795663903,0.012476727288820339,1.0316389164485849,0.010725390197771054,0.007295128342162642,0.004168951556107866,0.0019669446670094563,0.0007749381166973903,0.00026769077730916805,8.504622169325572e-05,2.3902804989185908e-05,5.63041820588551e-06,9.409530669970525e-07,12.0
0.9135,1.0040947187971305,0.011916431697686537,1.0303002716380814,0.01032184172956035,0.007031716203670252,0.0040493634587494155,0.001924135483340104,0.00076412881772375,0.00026518968657327917,8.486105129377648e-05,2.384810328589173e-05,5.603788565912795e-06,9.350641100574785e-07,12.0
0.9165000000000001,1.0038150757940267,0.011392759881661916,1.0290235629656288,0.009930066050767754,0.006778253164118381,0.003932495984106695,0.0018816458565945318,0.000753105018994842,0.0002625607391613346,8.460772554177489e-05,2.3763511067822887e-05,5.572355656500329e-06,9.28274250945839e-07,12.0
0.9195000000000002,1.0035325101909263,0.01090251661971799,1.0278140505282973,0.009547101894604408,0.006534311767195922,0.003818640294862803,0.0018394479387023174,0.000741757587864526,0.00025980684977578014,8.427967193463e-05,2.364540185527693e-05,5.534988221365833e-06,9.20603280740405e-07,12.0
0.9224999999999999,1.0032257148887935,0.010438736522201033,1.0267003291416752,0.009171906935328085,0.006296188413578562,0.0037077856989191364,0.00179804872375497,0.0007299945337632483,0.00025684735176763855,8.386470754784831e-05,2.3497203103277132e-05,5.490142507977692e-06,9.112239071122011e-07,12.0
0.9255,1.0030113189727912,0.009992935886681584,1.025572072611229,0.008804657059986528,0.006077284756637363,0.003600401689877937,0.0017555180470965027,0.0007180172501958234,0.0002540980162246269,8.340278784874649e-05,2.3304571462482057e-05,5.442406893615448e-06,9.041690517153641e-07,12.0
0.9285000000000001,1.0035014911424598,0.00956682746686584,1.0238175792058217,0.008441327751783268,0.005953606543415748,0.003499567127074606,0.0017007036200385732,0.0007067875355765996,0.0002537319163896914,8.311243771301492e-05,2.2978520972416082e-05,5.416399712930426e-06,9.208201090592855e-07,12.0
0.9315000000000002,1.0032989798095795,0.00914945350529301,1.0228514386037082,0.00808567376813053,0.005745607131910845,0.0033987297213568077,0.0016599509945584637,0.0006939408718120572,0.000250691168453577,8.249351041198171e-05,2.274185864854528e-05,5.3542717623797625e-06,9.113499073228614e-07,12.0
0.9344999999999999,1.0030671326320293,0.00872151941139013,1.0220032769093879,0.007747412410652609,0.005536315743984384,0.003299300130257979,0.0016214112078363169,0.0006809118199383027,0.000247369098990024,8.177889141021886e-05,2.250473898786634e-05,5.285285536030955e-06,8.99184185202835e-07,12.0
0.9375,1.0028629431623655,0.00828302032376541,1.021207222410145,0.007428598416031225,0.005332491254521563,0.003201156685083908,0.001584171337158555,0.0006678859609040742,0.00024397661674133953,8.099119092555942e-05,2.2265745022857037e-05,5.212549950192854e-06,8.863626457412795e-07,12.0
0.9405000000000001,1.0026859161722392,0.007841322921448526,1.0204493724495178,0.007129207421409007,0.005134509291796333,0.003104226575237542,0.0015481882051860143,0.0006549232272596024,0.00024053478796179405,8.013605075912658e-05,2.20295690701765e-05,5.136782545183832e-06,8.730875072124346e-07,12.0
0.9434999999999998,1.0025280622302257,0.007409023776448791,1.019718433564585,0.006847554034311729,0.004942764527978827,0.0030086875758338415,0.001513326529305445,0.0006420523539105897,0.0002370603499048694,7.921997870590538e-05,2.179841576381788e-05,5.0584599151961215e-06,8.59546133443557e-07,12.0
0.9464999999999999,1.002377141239832,0.007000470372389337,1.019005232990095,0.006581058699278239,0.004757766153344199,0.0029149023238178155,0.0014793449425255507,0.0006292873179937587,0.0002335723992986481,7.825100635731144e-05,2.157169810865586e-05,4.977960247831154e-06,8.45980085214198e-07,12.0
0.9495,1.002219085297469,0.00662813743759672,1.0183038187586344,0.00632709334191377,0.004579928481517252,0.0028233287422253996,0.0014459442734961196,0.0006166393559231664,0.00023009014050685362,7.723869764561769e-05,2.134657923559591e-05,4.895625655792412e-06,8.326644013819237e-07,12.0
0.9525000000000001,1.0020119739203652,0.006299685595336174,1.017641134700584,0.006083752664851304,0.0044057233761668375,0.002734335539250555,0.001413382581108482,0.0006040867621641557,0.00022653099128020775,7.618522415675124e-05,2.1123550545015536e-05,4.810725595286182e-06,8.188921641878063e-07,12.0
0.9554999999999998,1.0018791841990755,0.006019092289860927,1.0168859633522171,0.005848956988789503,0.0042513983415513375,0.0026488792730022244,0.0013789253231420255,0.0005918060097300103,0.0002233449064519986,7.514300641550492e-05,2.087721310912154e-05,4.728518136479106e-06,8.092521298275269e-07,12.0
0.9584999999999999,1.0024707964447568,0.0057974487326611125,1.0153890592090842,0.005615040584051245,0.004197684033266074,0.0025701356891960087,0.0013300245807693015,0.000580481740327455,0.00022267503660519037,7.431740510225879e-05,2.0498913933195175e-05,4.672369251851121e-06,8.251512148654166e-07,12.0
0.9615,1.0022353150431067,0.005625420233697019,1.014719865782476,0.005382648971046242,0.004048176169310338,0.002493824935043923,0.001296343007031634,0.0005681491088593804,0.00021930622155226794,7.326635494286774e-05,2.0235244623719032e-05,4.584995790012932e-06,8.149483974369826e-07,12.0
0.9645000000000001,1.0019569433989068,0.005475358176284105,1.014114862831193,0.005159895857643785,0.0038977885333244255,0.002420976819093125,0.001263662763461063,0.000556004980733383,0.00021576892114917083,7.221877585343283e-05,1.9969016148426097e-05,4.496789071763052e-06,8.036945035815321e-07,12.0
0.9674999999999998,1.0016932784106414,0.005328622224171877,1.0135427318770776,0.00494923341446389,0.0037500809479707963,0.002351135320026654,0.0012316068913738529,0.0005441690985698731,0.00021214594533558266,7.119005007434479e-05,1.9698402442839606e-05,4.410014207109597e-06,7.921254536512513e-07,12.0
0.9704999999999999,1.0014646946798769,0.005165037692479952,1.013007987063117,0.004753380610589322,0.0036045997519820877,0.00228347809951149,0.0012004661586306582,0.0005327218824271361,0.0002084133917519294,7.018104367054618e-05,1.9427350989571858e-05,4.3255911425986905e-06,7.798547078488871e-07,12.0
0.9735,1.0012822762264184,0.00496744813458531,1.0125162223874988,0.004574232211716228,0.0034614289588415473,0.002217176351797152,0.0011704178780255782,0.000521716073029954,0.00020457148482001802,6.91893584531153e-05,1.915772364348397e-05,4.244184364714618e-06,7.666890445764267e-07,12.0
0.9765000000000001,1.0011454702081861,0.00472666947455114,1.012072388564432,0.0044117525787405595,0.003321251893444005,0.0021516706871520658,0.0011414655715625012,0.000511148050086948,0.0002006492202939001,6.821153636678963e-05,1.8888302116622304e-05,4.166070362338239e-06,7.527028624509482e-07,12.0
0.9794999999999998,1.001043943222752,0.00444470153390855,1.011678582542252,0.0042635911776109725,0.0031851381815572867,0.002086807536856447,0.0011134787613760774,0.0005009511591565872,0.0001966930868646438,6.724469921740083e-05,1.8615791271458783e-05,4.09113420554668e-06,7.381515973906528e-07,12.0
0.9824999999999999,1.0009330483086478,0.004134605312865195,1.0113613326846014,0.004125787621173896,0.003050574971365182,0.002022697749975568,0.0010868592434311228,0.0004909905380895557,0.00019265495943850898,6.627972086888777e-05,1.8342049190396112e-05,4.018064523074941e-06,7.223763793388587e-07,12.0
0.9855,1.0009414042426679,0.0038204942966794946,1.0109681280086584,0.0039925273352664475,0.0029363997366712003,0.001960144573374103,0.0010587023604867875,0.00048127199805922936,0.0001890138333696596,6.535099170515046e-05,1.8041548047241028e-05,3.9510060325952226e-06,7.099821701143803e-07,12.0
0.9885000000000002,1.0018432751252786,0.0035460086180686893,1.0097002132547974,0.0038506330695936204,0.0029408805938405083,0.0019022794544671924,0.0010136775932647717,0.000472257974344093,0.00018821327287710853,6.464725026165769e-05,1.7579643089662464e-05,3.913521511989603e-06,7.250686180546558e-07,12.0
0.9914999999999998,1.001748512729297,0.003335716869793897,1.0094193499772735,0.0036965763035942015,0.002831992520948158,0.0018457986928122293,0.000987888743542042,0.00046211454100556355,0.00018441541932738892,6.372518536427825e-05,1.7274835506953893e-05,3.845118141630274e-06,7.097540969250238e-07,12.0
0.9944999999999999,1.0015962456650285,0.0031902782313758438,1.0091674452577255,0.003536297026538795,0.0027280395381729917,0.0017915771663164868,0.000962951606128447,0.0004518820078874435,0.00018061085059729387,6.28029711436375e-05,1.6968650402961785e-05,3.7771948625814523e-06,6.936411716046844e-07,12.0
0.9975,1.0014009175061045,0.0031098052475820414,1.008917472862415,0.003371724038088329,0.002632032196075582,0.0017394316319162514,0.000938241450537351,0.00044161509479228943,0.00017690426722226368,6.18847455678787e-05,1.665529376476544e-05,3.710420222290728e-06,6.778190855104545e-07,12.0
1.0005000000000002,1.0011616689872889,0.0030756306990200486,1.008672154339786,0.0032093807594382492,0.0025430184301761735,0.0016885625268640112,0.0009137717994538913,0.00043141846727199755,0.00017331174476987532,6.0968128223553184e-05,1.633496983657345e-05,3.644949610972071e-06,6.62555693316743e-07,12.0
1.0034999999999998,1.0008941067137125,0.0030560770533971993,1.008433744748485,0.003059068817790983,0.0024591782511538375,0.0016377616001014925,0.0008898034752495941,0.0004214471047554505,0.00016981841686259294,6.005105291477496e-05,1.601223994984111e-05,3.5812419999162924e-06,6.478430313727666e-07,12.0
1.0065,1.0006289570332576,0.0030189849462292405,1.0082001463194072,0.0029302793655035034,0.002378222805027326,0.00158590546578814,0.0008667954513029852,0.0004118430574985442,0.00016637476366123535,5.913375889571377e-05,1.569589243521982e-05,3.519814236290774e-06,6.333324337174491e-07,12.0
1.0095,1.0004003195583384,0.002944700762022056,1.0079661325487639,0.0028280206899761306,0.002297993205307547,0.0015325693245881332,0.0008452110980572881,0.00040265716864086023,0.0001629173186404197,5.822074178068222e-05,1.5395241486599835e-05,3.460814062063528e-06,6.185174869961618e-07,12.0
1.0125000000000002,1.000195528362939,0.002832782293348053,1.0077650035498917,0.0027503515378213355,0.002212324522828994,0.001478368381405219,0.0008260381692056099,0.0003937727004759719,0.00015928743507385434,5.7314429975449146e-05,1.5122302264534063e-05,3.4026450574875578e-06,6.01932513870737e-07,12.0
1.0154999999999998,1.0001914359846766,0.0027001616379428127,1.0074302147499408,0.0026882712747404508,0.002141267303254081,0.001425281715143865,0.0008059202898382486,0.000385083225271159,0.00015598168366691726,5.646160939076123e-05,1.4844740396987486e-05,3.348756332249595e-06,5.884926291576171e-07,12.0
1.0185,1.0012172147693406,0.002577781709394351,1.0061353887964646,0.0026249613995372447,0.0021882208733186373,0.0013771861510955088,0.0007680724574234896,0.00037678881119183,0.0001555179752146382,5.583483037401095e-05,1.4399358782871092e-05,3.3198906055711965e-06,6.027492931659067e-07,12.0
1.0215,1.0011932303818647,0.0024599177230127064,1.0059412175231548,0.0025590325468911775,0.002101116765232656,0.00133168194334738,0.0007518558140125923,0.00036744366419646244,0.0001519269777942732,5.504872801559331e-05,1.4146814694564006e-05,3.258747540940963e-06,5.864648367125506e-07,12.0
1.0245000000000002,1.0011441496756264,0.002311440115769645,1.0058103209507938,0.0025022217173385226,0.002011386732543566,0.001288148247837244,0.0007361683264966037,0.0003580048428492772,0.000148466606091416,5.428415723068089e-05,1.3887961534434703e-05,3.1953119827262564e-06,5.712470983576246e-07,12.0
1.0274999999999999,1.0010575556555208,0.0021254952779812433,1.0057343535117154,0.00245528822164055,0.00192233087364592,0.0012461193191347561,0.0007202362616971139,0.0003484854325716295,0.0001452974990103172,5.3523233467231044e-05,1.36172172437835e-05,3.1290189777380585e-06,5.582988947191149e-07,12.0
1.0305,1.000917170195526,0.0019272465923124463,1.0057097896971632,0.002409640407047039,0.001835069066780684,0.0012066973319497976,0.0007036605531909202,0.00033872841123274745,0.00014250143172685837,5.2743208138540155e-05,1.3339774174226186e-05,3.0575894497551344e-06,5.479079838006101e-07,12.0
1.0335,1.0007178630755467,0.0017675468253208722,1.0057274834278385,0.002349267716022485,0.0017502292817177308,0.0011722882683384353,0.0006859359617369511,0.00032858382206862923,0.00014009487866979204,5.192491068943547e-05,1.3065594693154023e-05,2.9783896624710813e-06,5.397907225475578e-07,12.0
1.0365000000000002,1.0004655841650563,0.0016956282104889507,1.005776713501733,0.0022591610912304876,0.0016688155879789385,0.0011445230714706596,0.0006664886773385628,0.00031819479396086065,0.0001379974223707712,5.105662805315888e-05,1.2805903964431521e-05,2.8902943133957004e-06,5.330489834140361e-07,12.0
1.0394999999999999,1.0001897147751284,0.0017248722914391546,1.0058372411172563,0.002138011437495774,0.0015926632414137198,0.0011212690803690036,0.0006453670557246317,0.0003081410242393108,0.00013601176832756095,5.013263177402389e-05,1.2576516225602747e-05,2.7950935185137925e-06,5.260736030932768e-07,12.0
1.0425,0.9999445242484907,0.001841042718915914,1.005895240168416,0.0019952982585204225,0.0015166253569316886,0.0010981176167189125,0.0006250220242407018,0.00029889962676968226,0.0001336829004677236,4.917081105721882e-05,1.2417224905974205e-05,2.6948355496010424e-06,5.148550743847034e-07,12.0
1.0455,0.9998968370893722,0.0019411200484639377,1.0057506263092253,0.001870925133045079,0.0014618859325669276,0.0010670936347513171,0.0006025209846068816,0.00029117698240180675,0.0001315842514873077,4.820782368698732e-05,1.2283666604839347e-05,2.5977332137623896e-06,5.053778676170807e-07,12.0
1.0485000000000002,1.001068038069671,0.0019678737696309113,1.0043380881238275,0.0017727676294995282,0.0015601969280288333,0.0010301899914830364,0.0005559946851701991,0.00028479532839677474,0.0001329666858633401,4.748804323309598e-05,1.1951842884229621e-05,2.5253978369744053e-06,5.274658818720297e-07,12.0
1.0514999999999999,1.0009124957601272,0.0017938302634672868,1.0042424933842977,0.0017467336558744685,0.0014924985203507402,0.0009774451161128717,0.0005355086575768356,0.0002792233580414991,0.00013076334533258267,4.665433200820197e-05,1.1904514979923056e-05,2.416285550596863e-06,5.09484596314951e-07,12.0
1.0545,1.0006999577827747,0.0015808726433058078,1.004179739377409,0.0017373281006796502,0.001419259119308848,0.0009169922197422139,0.0005137909675698843,0.0002748861267618804,0.0001291406230822112,4.593196026108205e-05,1.1818730974349515e-05,2.2928570790419535e-06,4.885728156644506e-07,12.0
1.0575,1.0005237836646432,0.0014054251705995185,1.0041085404263728,0.0017064251960602858,0.0013335335715788682,0.0008546164063171594,0.0004937185345687443,0.00027199410302992976,0.00012788888040614303,4.5302580084640236e-05,1.167305279299299e-05,2.151677894320292e-06,4.6207773014767775e-07,12.0
1.0605000000000002,1.0004198985699049,0.001291656851047404,1.003990244071399,0.0016343193985736124,0.0012360407243388134,0.0007957445024268355,0.0004773183365677526,0.00027024113455901714,0.00012666390096256,4.470885272286345e-05,1.1448201809419823e-05,1.9939878615125576e-06,4.28547645900425e-07,12.0
1.0635,1.0003802297717148,0.001225987364544838,1.003806788350324,0.0015232710800891199,0.0011319590621888412,0.00074246541867278,0.0004648354861099802,0.0002688913137767728,0.00012518848800030337,4.409000594749752e-05,1.1138906180544084e-05,1.8247587497745446e-06,3.884966214144354e-07,12.0
1.0665,1.000379804911955,0.001177690219129604,1.003556259414392,0.001386816577528721,0.0010258794910012695,0.0006948935438600702,0.0004557388109641559,0.0002672424679141535,0.00012338513704826217,4.343479838300041e-05,1.0761902628069482e-05,1.6499928178768985e-06,3.4409785071106447e-07,12.0
1.0695000000000001,1.000392257234904,0.0011150734871018398,1.0032593361457112,0.0012391180321714712,0.0009201109574949158,0.0006543631277327092,0.0004496755853184283,0.0002648040203356372,0.00012136382654767984,4.279896806952158e-05,1.0339830077402007e-05,1.473224508115923e-06,2.9852677351286305e-07,12.0
1.0724999999999998,1.000338553943837,0.0010360998375159964,1.0028989788699871,0.001025076766389313,0.000796181515822526,0.0006267700313524385,0.00044667308794928715,0.0002601705075909296,0.00011914832436322044,4.23284403774832e-05,9.861297959426516e-06,1.2623315221093816e-06,2.452995115706193e-07,12.0
1.0755,1.0003074404565033,0.0009761864676102966,1.0026936628815626,0.0009249687148752955,0.000739555625797167,0.0006095171242407549,0.00044105388680044266,0.0002565367240709692,0.00011776679358574413,4.176769220089913e-05,9.355013979619748e-06,1.108851337663516e-06,2.1490299333434982e-07,12.0
1.0785,1.0003296751555282,0.0008845486251897562,1.0022522320860692,0.0008054663882739511,0.0007104717055447737,0.0005887327686624198,0.00042556719305808516,0.00025518099738163077,0.00011897549472604242,4.050287088976984e-05,8.34494315404054e-06,0.0,0.0,10.0
1.0815000000000001,1.0002444018677803,0.0007765836593910835,1.0020524461864553,0.0007193144736593772,0.000648558108179845,0.0005681760002307082,0.00042615206450016417,0.0002557089536670559,0.00011672469584578434,3.881863417628301e-05,7.873947232697331e-06,0.0,0.0,10.0
1.0844999999999998,1.0002174512565887,0.0007010583919961169,1.0018231425751352,0.000637514360272549,0.0006126724478931476,0.000562226213683052,0.0004269839207234177,0.00025399703655613914,0.00011394161856273098,3.732102296310977e-05,7.500383108620398e-06,0.0,0.0,10.0
1.0875,1.0002008521474985,0.0006372741395934617,1.0016348410217908,0.0005844542744842674,0.0005978213595619468,0.0005621422690654418,0.0004262569335857057,0.0002508445909013287,0.00011097862214689286,3.597680764859277e-05,7.1874561589904625e-06,0.0,0.0,10.0
1.0905,1.000190079221752,0.0005913565853753114,1.0015090372074265,0.0005588937945441931,0.0005960385903819275,0.0005637952917493477,0.00042392526790395186,0.0002468935461344044,0.00010800851304136997,3.4751076000349304e-05,6.912424115755805e-06,0.0,0.0,10.0
1.0935000000000001,1.0001855371692854,0.0005633836021542492,1.001436136254586,0.000552578821891491,0.0006017327445991103,0.0005659579333947538,0.000420537644389048,0.00024255715237986674,0.00010509269307870982,3.361091367491432e-05,6.661147719990108e-06,0.0,0.0,10.0
1.0964999999999998,1.0001859598833804,0.0005488021177576962,1.0014001504541887,0.0005583265139690512,0.0006116310734480129,0.0005682833641170291,0.0004164770610206372,0.00023800898149462104,0.00010222737837438132,3.252707543395404e-05,6.4242645319516735e-06,0.0,0.0,10.0
1.0995,1.0001896998054431,0.0005428841231375413,1.0013875845939704,0.0005708155291428797,0.0006233835572761811,0.0005703348530754281,0.0004118150239470679,0.00023327042518336098,9.938599109296967e-05,3.147833123372402e-05,6.1960482640940116e-06,0.0,0.0,10.0
1.1025,1.0001994547679263,0.0005418404158918764,1.0013840813919903,0.0005860046540907845,0.000635540583354872,0.0005715753997844572,0.0004064214676780418,0.00022833302993319386,9.656393034448467e-05,3.0455159132593813e-05,5.973177156554009e-06,0.0,0.0,10.0
1.1055000000000001,1.0001961376522548,0.0005425831292565415,1.0014001244015642,0.0006011342226673042,0.0006444575323992947,0.00057158002188732,0.00040065964499739326,0.00022321708386845865,9.371687653375372e-05,2.9455172760171547e-05,5.759305724577949e-06,0.0,0.0,10.0
1.1084999999999998,1.0000292343409252,0.0005407265740805475,1.0015795642081005,0.000615623999145764,0.0006309632139106576,0.0005699610727375537,0.0003976096463851904,0.00021794979349604087,9.045330761993332e-05,2.8466676444662323e-05,5.587065785280863e-06,0.0,0.0,10.0
1.1115,1.000045872828099,0.000534994265620094,1.0015745651254213,0.0006286183830000453,0.0006371604773959597,0.0005667874799531102,0.0003904539031465819,0.00021269615408141872,8.774120037162283e-05,2.7531611686845152e-05,5.385024193330195e-06,0.0,0.0,10.0
1.1145,1.0000649930303798,0.0005267923400215219,1.0015632748679584,0.0006388132925669915,0.0006408824018599348,0.0005621996719611612,0.00038293893967515663,0.00020745256490546242,8.509947562213966e-05,2.6633662961484352e-05,5.191885202432048e-06,0.0,0.0,10.0
1.1175000000000002,1.000085744017265,0.0005157468470522356,1.001545919256553,0.0006463195530588019,0.0006421808246383623,0.0005562941212515896,0.0003751956667456118,0.00020226617065548087,8.25358573630046e-05,2.5774266348046707e-05,5.008509364008668e-06,0.0,0.0,10.0
1.1204999999999998,1.0001080911417317,0.0005019490455584216,1.0015223316214936,0.0006513087100385073,0.0006413210344614736,0.000549190985345302,0.0003673084151172109,0.00019716808069957824,8.00567799170298e-05,2.4953346367054988e-05,4.835125755650638e-06,0.0,0.0,10.0
1.1235,1.0001316617132603,0.00048593015736623016,1.0014927857261466,0.0006538651169864479,0.0006385934335073011,0.000541023148061643,0.00035933184144482463,0.00019217235658622412,7.76654950640694e-05,2.4169461316436885e-05,4.6715388814683186e-06,0.0,0.0,10.0
1.1265,1.000155710181026,0.0004685903378325132,1.0014578876484312,0.0006539287516871074,0.0006342820427008666,0.0005319332432542577,0.00035129318068694704,0.00018727766108622883,7.536314326990015e-05,2.3420153460457764e-05,4.517159274870228e-06,0.0,0.0,10.0
1.1295000000000002,1.0001791906526818,0.00045106161463747465,1.0014185078773465,0.0006513136970947943,0.0006286496898497485,0.0005220725936142883,0.00034319957952225644,0.00018247110684831307,7.31496841492035e-05,2.270236264840933e-05,4.371092331004362e-06,0.0,0.0,10.0
1.1324999999999998,1.0002087348414788,0.0004346039685358408,1.0013679778203657,0.0006457342401697117,0.0006228810682146882,0.0005116059227984006,0.00033489262900060615,0.00017773499895222717,7.104543742930267e-05,2.2013534586385437e-05,4.230571858561017e-06,0.0,0.0,10.0
1.1355,1.0002112775221108,0.0004199690295440017,1.0013392579932463,0.0006371079150347261,0.0006132544112100363,0.0005006619176327773,0.00032701094157210276,0.00017304293519940933,6.896269651864272e-05,2.1347821979932447e-05,4.101578557621391e-06,0.0,0.0,10.0
1.1385,1.0001224589418078,0.00040629309150000826,1.0013967131193364,0.0006261047388306725,0.0005921285025024617,0.0004892664485094528,0.000320837704186685,0.0001683732379058058,6.672809919294432e-05,2.0697318165627845e-05,3.997423533395219e-06,0.0,0.0,10.0
1.1415000000000002,1.0001300133779385,0.0003937899654688844,1.0013549320568602,0.000612840422039119,0.0005825351835470094,0.00047759717500460593,0.00031264125156512166,0.00016376396044250305,6.484284628581588e-05,2.0075511942392917e-05,3.876088103759602e-06,0.0,0.0,10.0
1.1444999999999999,1.0001355603782638,0.00038335680076958005,1.0013127237374821,0.0005970999097930066,0.0005724353484084388,0.00046578884885674804,0.0003044298206875751,0.00015918568905526838,6.30342405132377e-05,1.9472693276185912e-05,3.7589915538282852e-06,0.0,0.0,10.0
1.1475,1.0001396677384917,0.0003743035976004784,1.0012707840498372,0.000579492473516727,0.000561793343827916,0.0004538965209264077,0.00029625009001642245,0.00015464970696977542,6.129352693506009e-05,1.8887775830412667e-05,3.6461598765177227e-06,0.0,0.0,10.0
1.1505,1.0001434823907194,0.0003658342239310144,1.0012289940519112,0.0005607500348367864,0.000550614082505046,0.00044195582251852037,0.00028813834921446525,0.00015017419949451999,5.9612154301286095e-05,1.832010758664247e-05,3.537651020043367e-06,0.0,0.0,10.0
1.1535000000000002,1.000148007844,0.00035725185308181325,1.0011869053681495,0.0005416354663926737,0.0005389080297842898,0.00042999283435783567,0.00028012267124318636,0.00014578118429786863,5.7981470542485055e-05,1.776932519129358e-05,3.4335340904921973e-06,0.0,0.0,10.0
1.1564999999999999,1.000153870514136,0.0003481290943863998,1.00114385659182,0.000522848737060436,0.0005267034692943729,0.0004180341707629309,0.0002722193212942581,0.00014149315053243382,5.6393542880812455e-05,1.7235256830650287e-05,3.333794376876667e-06,0.0,0.0,10.0
1.1595,1.0001612086734462,0.00033843631033806797,1.0010991069118231,0.0005049372836181373,0.0005140547484423906,0.0004061156843067678,0.0002644322790774197,0.00013732976953152861,5.484180493261437e-05,1.6717848686576757e-05,3.2382745044428727e-06,0.0,0.0,10.0
1.1625,1.0001743912264511,0.0003286804011775297,1.0010472961666141,0.0004881887009037301,0.0005016229288293291,0.00039429382682636523,0.0002566608109609841,0.00013330565439003393,5.3333991444380254e-05,1.621743167188132e-05,3.145580200428251e-06,0.0,0.0,10.0
1.1655000000000002,1.0001707796324473,0.00031961473093933095,1.0010096530636734,0.00047272124479055437,0.00048685320657120956,0.0003826220892813689,0.00024933008760771104,0.00012942415768734324,5.180923995837714e-05,1.5732610983302052e-05,3.0602136136275172e-06,0.0,0.0,10.0
1.1684999999999999,0.9999741095283827,0.0003097697157820617,1.001159867934778,0.0004596303323269282,0.0004484938328109243,0.0003709680733054392,0.00024593848364767195,0.00012566822023127343,4.980287787576029e-05,1.5252265871521985e-05,3.0217567348496714e-06,0.0,0.0,10.0
1.1715,0.9999896596951414,0.0003005950755019143,1.0010950797648681,0.0004483734382664275,0.00043630059311961346,0.0003595176922035379,0.0002383366517928792,0.00012210382653450594,4.839190443550623e-05,1.480146710129422e-05,2.936838045992156e-06,0.0,0.0,10.0
1.1745,1.0000033817286387,0.00029555335447971955,1.0010276386653958,0.0004371301113736494,0.00042438220116582695,0.0003484605126565859,0.00023079133671111376,0.00011866330983049988,4.701162284948401e-05,1.4366932839683419e-05,2.8534866115232573e-06,0.0,0.0,10.0
1.1775000000000002,1.0000145471419497,0.0002944671830527304,1.000959316517501,0.0004255405426837094,0.00041279139634644603,0.00033781506703697595,0.00022332289551741906,0.0001153340416027304,4.566223260293907e-05,1.3947946493440241e-05,2.7714583115327754e-06,0.0,0.0,10.0
1.1804999999999999,1.0000236558063667,0.00029614382373030886,1.0008917138340678,0.00041343505463560575,0.0004015946153615512,0.00032755669820475053,0.00021595627855534738,0.00011210377909574802,4.434508125342552e-05,1.3543472856343305e-05,2.6906121439976102e-06,0.0,0.0,10.0
1.1835,1.0000319541052953,0.0002985761294019564,1.0008265638667566,0.0004008387022739404,0.00039080010954665724,0.00031762600906123554,0.00020873099700811836,0.00010896085946644971,4.30609771924918e-05,1.3152185147541892e-05,2.611045694433636e-06,0.0,0.0,10.0
1.1865,1.000041287012176,0.0002994095254690757,1.0007654732691675,0.00038790979998830263,0.0003803620071417007,0.0003079468648798579,0.0002016976090026704,0.00010589375753647966,4.1810070455884116e-05,1.2772596674749347e-05,2.5330636942226076e-06,0.0,0.0,10.0
1.1894999999999998,1.0000538009986228,0.00029647018922149395,1.0007096523472576,0.0003748681542362623,0.00037019645216462084,0.0002984430194526626,0.00019491168660659157,0.00010289123206860122,4.059178693745128e-05,1.2403204990760679e-05,2.4571200273667234e-06,0.0,0.0,10.0
1.1925,1.000080644586622,0.0002882927316217696,1.000650647087318,0.00036189539931087174,0.00036132058421678957,0.00028905638102457375,0.00018824228087067985,9.99443094301291e-05,3.9428743421112264e-05,1.2043073072952457e-05,2.3816061449669627e-06,0.0,0.0,10.0
1.1955,1.0000857131671046,0.0002738822255185819,1.0006254810931186,0.0003493526485821748,0.0003490889858389998,0.0002797103116635054,0.00018247858880462663,9.704320303141096e-05,3.822146021389973e-05,1.1689113788340762e-05,2.3157371293101373e-06,0.0,0.0,10.0
1.1985000000000001,0.9999954561855985,0.00025178793213842857,1.0007063854903913,0.0003382681518685864,0.000324492006673972,0.00027025136437602653,0.00017911156589550068,9.418699955944678e-05,3.677708699698005e-05,1.1336738439518612e-05,2.2771089319210713e-06,0.0,0.0,10.0
1.2014999999999998,1.0000265678936675,0.00022350770763545418,1.0006756171345812,0.00032862662099770524,0.00031419261745166784,0.00026073750050332003,0.0001737370137195893,9.140586516049313e-05,3.5666676571697376e-05,1.0995528325173118e-05,2.2144659196817335e-06,0.0,0.0,10.0
1.2045,1.000060542382389,0.00019298557982769205,1.0006459916810782,0.000319524566844448,0.0003042400998662906,0.00025132294202575287,0.0001686032298026895,8.867721386442167e-05,3.459246758283312e-05,1.0660337174366667e-05,2.1541006245706186e-06,0.0,0.0,10.0
1.2075,1.0000930243978807,0.0001635726404539349,1.0006161878477267,0.00031053039342892485,0.0002947527334178228,0.00024214960781978326,0.0001636233175362201,8.60009594774644e-05,3.35596073135927e-05,1.0331704201933899e-05,2.0950155385025477e-06,0.0,0.0,10.0
1.2105000000000001,1.000120043099517,0.00013896521997275215,1.000584888004521,0.00030104171126346045,0.0002858324813275192,0.00023340007557029504,0.00015870652113326216,8.33747786448039e-05,3.257284179220925e-05,1.0010647044386736e-05,2.0361182494081398e-06,0.0,0.0,10.0
1.2134999999999998,1.0001390834778359,0.00012232101801824846,1.000551063144522,0.00029051132310647725,0.00027748596647386925,0.0002252400813679097,0.00015379047111458262,8.079722727714649e-05,3.1632816462217765e-05,9.698343378875934e-06,1.976683307292287e-06,0.0,0.0,10.0
1.2165,1.0001497906850705,0.00011535341857981846,1.0005140545644962,0.0002786883127380823,0.00026961487190211404,0.00021775692554608343,0.00014885704762578256,7.827193722114768e-05,3.0734501026418746e-05,9.39574617533178e-06,1.9166041862334712e-06,0.0,0.0,10.0
1.2195,1.0001537464633874,0.00011779832191314376,1.0004737234089942,0.0002657275293893793,0.00026205909752115557,0.00021092790662632558,0.0001439277101605004,7.580957636812255e-05,2.9868486685674044e-05,9.103308453960716e-06,1.8563240911748769e-06,0.0,0.0,10.0
1.2225000000000001,1.0001589491408436,0.0001275183633607431,1.000425226912987,0.0002520793810922036,0.0002553332341847747,0.00020464010015949817,0.00013893235275534417,7.342593867261888e-05,2.9038813752273626e-05,8.821156209020829e-06,1.795179498413564e-06,0.0,0.0,10.0
1.2254999999999998,1.0001422943353684,0.00014069624527654327,1.0003952006540366,0.00023846056032318357,0.0002462393903583856,0.00019871256910668404,0.00013441773661593062,7.113526359580349e-05,2.8172530595610804e-05,8.547903842689157e-06,1.7396691083299649e-06,0.0,0.0,10.0
1.2285,0.9998976119062551,0.00014990282166381914,1.0005917160264466,0.0002270146784042901,0.00020939387562689797,0.00019275330509244614,0.00013458788956360133,6.894748358688123e-05,2.6729350211492196e-05,8.275350468402727e-06,1.7396267264645709e-06,0.0,0.0,10.0
1.2315,0.9999080814463883,0.00015166268911628658,1.0005391365929355,0.0002179288584348898,0.00020348509360113928,0.0001867277156371589,0.00012977886877301614,6.690905287257361e-05,2.5954657338376445e-05,8.019535498303358e-06,1.679998950092528e-06,0.0,0.0,10.0
1.2345000000000002,0.9999223318058268,0.00014683753787755272,1.0004900122544196,0.00020963234944549746,0.00019752905367091965,0.00018077976080069558,0.00012512047540103307,6.497034620480141e-05,2.5189267637743933e-05,7.77233316535381e-06,1.6214728824032476e-06,0.0,0.0,10.0
1.2374999999999998,0.9999428113534604,0.00013503677427431128,1.0004446077026539,0.0002018568523039663,0.00019139458988431889,0.00017492111977544637,0.00012066615148758788,6.312094195200333e-05,2.4427071301655882e-05,7.533699547230061e-06,1.56472930692084e-06,0.0,0.0,10.0
1.2405,0.9999711090385405,0.00011809983674218136,1.0004020994670715,0.0001940137145057665,0.00018502581479418195,0.000169210411179046,0.00011645478946948113,6.134829049932865e-05,2.3662891997531815e-05,7.303591619608232e-06,1.5104049822583313e-06,0.0,0.0,10.0
1.2435,1.0000060278921294,9.956351984432841e-05,1.0003613958802517,0.00018527831650258153,0.00017852876741025495,0.00016373689818456963,0.00011247605303018593,5.9639908434998825e-05,2.289812221219507e-05,7.081866506098569e-06,1.4584478836122905e-06,0.0,0.0,10.0
1.2465000000000002,1.0000431146795836,8.345485761389528e-05,1.0003218250615886,0.00017480812657487,0.00017218424086992392,0.0001585920384242739,0.00010865745240323541,5.798552408022546e-05,2.214345513040185e-05,6.868214194892934e-06,1.4077935948827533e-06,0.0,0.0,10.0
1.2494999999999998,1.0000763396423522,7.266879310559287e-05,1.000283301850947,0.00016212068425171066,0.00016633674197413423,0.00015381675101779361,0.00010489431838548672,5.638105690782459e-05,2.1414872820763387e-05,6.662017612549034e-06,1.3567951747400556e-06,0.0,0.0,10.0
1.2525,1.0001115624404313,6.751645472836726e-05,1.0002352116737256,0.0001474909280693318,0.00016255520447299278,0.00014933806041732332,0.00010088516647931362,5.4834881855525497e-05,2.0753340385986906e-05,6.462408851145566e-06,1.3015036605872694e-06,0.0,0.0,10.0
1.2555,1.0001028228780682,6.515621248872479e-05,1.0002209350565336,0.0001322450237311421,0.00015551595010080676,0.000144920276302,9.749761037590911e-05,5.336670458752339e-05,2.0048978048524878e-05,6.266381463245583e-06,1.2523365718519123e-06,0.0,0.0,10.0
1.2585000000000002,0.9999670458954726,6.141111297939629e-05,1.0003238628041697,0.00011836535524191994,0.00013462415836443543,0.0001402442010072455,9.651556122546933e-05,5.200074552878924e-05,1.9072829491703362e-05,6.06978139739611e-06,1.2312489449346827e-06,0.0,0.0,10.0
1.2614999999999998,0.99996469957445,5.790720296119418e-05,1.000289418196205,0.00010547876234785526,0.00013056958610219247,0.00013536555510894075,9.293544498157468e-05,5.075079948737108e-05,1.8458568132004866e-05,5.878723824105273e-06,1.178750933772515e-06,0.0,0.0,10.0
1.2645,0.9999665197737007,6.0003884298512496e-05,1.0002496269696373,9.163747186594956e-05,0.00012654398759900487,0.00013056399392819744,8.960101750653291e-05,4.957967507923861e-05,1.783912463272676e-05,5.690525694118534e-06,1.129683940134191e-06,0.0,0.0,10.0
1.2675,0.9999753970471363,6.830332288735871e-05,1.000203610653427,7.66557338866913e-05,0.00012236583267421553,0.0001258947047703171,8.658517257723248e-05,4.8480708903966565e-05,1.7203149233012688e-05,5.505070786636066e-06,1.0852010904924151e-06,0.0,0.0,10.0
1.2705000000000002,0.9999911761247258,7.761582520265413e-05,1.0001512377858122,6.211583591222468e-05,0.0001180970278362777,0.00012117683780694886,8.389604438673147e-05,4.746868124199617e-05,1.6549682171955765e-05,5.321237544599975e-06,1.0453279285915418e-06,0.0,0.0,10.0
1.2734999999999999,1.0000126026798328,7.917822879309107e-05,1.0000927961871526,5.063012771478587e-05,0.00011395474753390717,0.00011612241556002606,8.151124106346684e-05,4.656680288985245e-05,1.5882161531418888e-05,5.13753951208705e-06,1.009604279533054e-06,0.0,0.0,10.0
1.2765,1.0000393040055755,6.520852208083679e-05,1.0000289296748721,4.4499493460336295e-05,0.00011019309675404735,0.0001105384242575063,7.941294747918973e-05,4.578788991771936e-05,1.5202593951253894e-05,4.953000074636296e-06,9.77667010468168e-07,0.0,0.0,10.0
1.2795,1.0000713413884603,3.301206859411639e-05,0.9999611110049873,4.465312042954172e-05,0.00010709863911790229,0.00010446332161686216,7.757927183719446e-05,4.512298364454654e-05,1.4513082964936406e-05,4.767611057668471e-06,9.490202510672978e-07,0.0,0.0,10.0
1.2825000000000002,1.0001004705896155,-2.7855446189123507e-05,0.9998809189230579,5.2644100723345794e-05,0.00010610239893017558,9.74477357733172e-05,7.552063917649154e-05,4.449682270704395e-05,1.3793908999435693e-05,4.545493687767791e-06,9.094601755194685e-07,0.0,0.0,10.0
1.2854999999999999,1.0001026751265498,-4.320899175755354e-05,0.9998580049422668,5.189433601922971e-05,0.00010384901295319424,9.399859766057449e-05,7.409770151296005e-05,4.383518348833366e-05,1.3246786630166231e-05,4.391180829041898e-06,8.784433025769779e-07,0.0,0.0,10.0
1.2885,0.9998822581326913,-7.361255060658466e-05,1.00009625828076,5.463273104629131e-05,6.256265702989463e-05,9.14739343905276e-05,8.093532697752185e-05,4.254379994744511e-05,1.132310866977094e-05,0.0,0.0,0.0,0.0,8.0
1.2915,0.9999197310556196,-4.9321138557628e-05,1.0000563649757983,3.665102307165351e-05,6.38861852424412e-05,9.48919088557964e-05,7.987950275967677e-05,4.057835214233636e-05,1.0620525505888953e-05,0.0,0.0,0.0,0.0,8.0
1.2945000000000002,0.9999533431762702,-2.5401590479877717e-05,1.0000296177188213,2.3736168385708335e-05,6.71086344639551e-05,9.852838663874348e-05,7.882907879271835e-05,3.8633862042369644e-05,9.93171030471346e-06,0.0,0.0,0.0,0.0,8.0
1.2974999999999999,0.9999779782813271,-7.645327428352905e-06,1.0000160113996088,1.8042809798432217e-05,7.266243090238512e-05,0.00010201065080742669,7.760506315960936e-05,3.6724702245232426e-05,9.275827331831858e-06,0.0,0.0,0.0,0.0,8.0
1.3005,0.9999921554961199,2.014480436218534e-06,1.0000150432064594,2.0143021441694808e-05,8.041492383088257e-05,0.00010506389060676547,7.610448697613845e-05,3.48580269897993e-05,8.66198373331566e-06,0.0,0.0,0.0,0.0,8.0
1.3035,0.9999980153559952,5.601691749660766e-06,1.0000257291630563,2.8974771936438986e-05,8.968269586445032e-05,0.0001075272698891813,7.430626758434063e-05,3.3033783654271094e-05,8.089044632874548e-06,0.0,0.0,0.0,0.0,8.0
1.3065000000000002,0.9999991272351787,6.8048883514414105e-06,1.0000464344040287,4.2561644196311544e-05,9.949426691668685e-05,0.00010929322498554616,7.22325918529599e-05,3.125056849725255e-05,7.551628042168688e-06,0.0,0.0,0.0,0.0,8.0
1.3094999999999999,0.9999985139755825,8.76609370250028e-06,1.0000747380351627,5.8751857589896e-05,0.00010887778746256512,0.00011026643407739618,6.991504407569223e-05,2.9510128466830693e-05,7.04516655992884e-06,0.0,0.0,0.0,0.0,8.0
1.3125,0.9999970667381893,1.3085473291635087e-05,1.0001083331224865,7.564111448915834e-05,0.00011695218316864734,0.00011037050023858748,6.740009442416688e-05,2.7818157402974166e-05,6.565448392191809e-06,0.0,0.0,0.0,0.0,8.0
1.3155000000000001,0.9999986702421579,1.995738777857019e-05,1.00014047442553,9.16886024840414e-05,0.00012361032338194177,0.00010958086280793083,6.46531005559604e-05,2.6182939084256552e-05,6.12068034120581e-06,0.0,0.0,0.0,0.0,8.0
1.3184999999999998,1.0000204218371234,2.8955564400944932e-05,1.0001508677615836,0.00010562216755965124,0.00013070341383670628,0.00010795806767089382,6.136774074409735e-05,2.461324391905702e-05,5.75527335866158e-06,0.0,0.0,0.0,0.0,8.0
1.3215,1.0000198437383196,3.905336947767608e-05,1.0001787815330319,0.00011669481200387667,0.00013306518291307764,0.00010560583573256691,5.844281760925366e-05,2.3115698084789025e-05,5.362215028749537e-06,0.0,0.0,0.0,0.0,8.0
1.3245,1.0000187075641394,4.89877608879963e-05,1.0002008146144579,0.00012466521518792573,0.00013351877329040234,0.00010265482321070472,5.548692362909783e-05,2.1700489894258713e-05,4.998257589000548e-06,0.0,0.0,0.0,0.0,8.0
1.3275000000000001,1.0000168704171553,5.7829072348057854e-05,1.0002164943054426,0.00012955706940355124,0.00013229303825122867,9.92554894607391e-05,5.255235021157072e-05,2.0374237940655336e-05,4.663112943759645e-06,0.0,0.0,0.0,0.0,8.0
1.3304999999999998,1.0000144116418468,6.473833954229668e-05,1.0002261676348205,0.00013173122304951476,0.0001296690118462326,9.554070488146785e-05,4.968446610563204e-05,1.914153492648582e-05,4.355656810693975e-06,0.0,0.0,0.0,0.0,8.0
1.3335,1.0000115954786415,6.906092845301387e-05,1.0002307061263866,0.00013175236746701906,0.00012594347012260368,9.161926680854682e-05,4.691883392492849e-05,1.800394290698466e-05,4.073875052117275e-06,0.0,0.0,0.0,0.0,8.0
1.3365,1.0000087645752507,7.050310141369443e-05,1.0002312309042076,0.00013020709649033828,0.00012140481135430434,8.758223813149906e-05,4.428017173313063e-05,1.6959007797513037e-05,3.81517822210235e-06,0.0,0.0,0.0,0.0,8.0
1.3395000000000001,1.00000621663047,6.925761205673635e-05,1.0002289105731947,0.00012754770011080767,0.00011631972978629632,8.351091529005956e-05,4.178280173350337e-05,1.5999847966284606e-05,3.5769568348226093e-06,0.0,0.0,0.0,0.0,8.0
1.3424999999999998,1.000003219746614,6.59373074482649e-05,1.0002257493475741,0.00012403413426797033,0.00011081184079994838,7.947641045665359e-05,3.9451490871398425e-05,1.5115795003438615e-05,3.354635619346542e-06,0.0,0.0,0.0,0.0,8.0
1.3455,1.0000037920771079,6.138257670956457e-05,1.0002187925342123,0.0001197568513715176,0.00010555505990341395,7.553471117998178e-05,3.7208516158689486e-05,1.4294156655025609e-05,3.1563271350337217e-06,0.0,0.0,0.0,0.0,8.0
1.3485,1.0000272969660737,5.6592152587293396e-05,1.000189530134672,0.00011463910112669374,0.00010306307840778982,7.1731493558368e-05,3.4660755658805356e-05,1.352197294336026e-05,3.0296702750840547e-06,0.0,0.0,0.0,0.0,8.0
1.3515000000000001,1.0000261724932773,5.1937722442730755e-05,1.0001852408649816,0.00010884768082112017,9.767923736842767e-05,6.80590968523844e-05,3.275457637343181e-05,1.2787805151169113e-05,2.8533281940094845e-06,0.0,0.0,0.0,0.0,8.0
1.3544999999999998,1.00002474531654,4.731660956828969e-05,1.0001811116460633,0.00010278776452211316,9.253528296687414e-05,6.448006683602245e-05,3.0969075916343735e-05,1.2087106179416553e-05,2.6904172774251898e-06,0.0,0.0,0.0,0.0,8.0
1.3575,1.0000222018872431,4.3001925964974805e-05,1.0001766310530735,9.674460651294502e-05,8.769935958798324e-05,6.097670437819249e-05,2.9279312975008267e-05,1.1415673817903404e-05,2.541211082939472e-06,0.0,0.0,0.0,0.0,8.0
1.3605,1.0000178899266092,3.953271662211708e-05,1.000171173221007,9.090522326913025e-05,8.319285899257596e-05,5.755332400065463e-05,2.76631151727122e-05,1.0770408938297247e-05,2.405417019279364e-06,0.0,0.0,0.0,0.0,8.0
1.3635000000000002,1.0000117896246425,3.7484828490305666e-05,1.0001643798218012,8.532380294464974e-05,7.897140261518143e-05,5.423654005792872e-05,2.610971026471923e-05,1.0148872318546146e-05,2.2812155996374387e-06,0.0,0.0,0.0,0.0,8.0
1.3664999999999998,1.0000047232848848,3.696547217863664e-05,1.000156432048798,8.001219159995773e-05,7.492186942737667e-05,5.105759109789123e-05,2.4622458418162543e-05,9.550062729973763e-06,2.1650032920467097e-06,0.0,0.0,0.0,0.0,8.0
1.3695,0.9999981022783078,3.7368174895302395e-05,1.0001479754088258,7.505392173039278e-05,7.089103201974571e-05,4.8032744181847415e-05,2.3213722203655077e-05,8.975254517382924e-06,2.052123443548401e-06,0.0,0.0,0.0,0.0,8.0
1.3725,0.9999923573015866,3.78824350235026e-05,1.0001407636092485,7.056039042054251e-05,6.660881878695756e-05,4.5165871846765706e-05,2.1917978566080754e-05,8.42696471986708e-06,1.9353280262013056e-06,0.0,0.0,0.0,0.0,8.0
1.3755000000000002,0.9999924713771413,3.7889932689495036e-05,1.0001308206936421,6.662105673935921e-05,6.257011460032217e-05,4.2451154872543105e-05,2.0643901962250346e-05,7.907852694046635e-06,1.8237318882267531e-06,0.0,0.0,0.0,0.0,8.0
1.3784999999999998,1.0000205293170679,3.6945646868389914e-05,1.0000950711999945,6.32415267543609e-05,6.174211975906874e-05,3.987814384988031e-05,1.8887601097133982e-05,7.419651160318839e-06,1.7792810089272548e-06,0.0,0.0,0.0,0.0,8.0
1.3815,1.0000180939952172,3.4376510127268414e-05,1.000089196374838,6.053511724229868e-05,5.748281348945344e-05,3.7411252281671605e-05,1.7737186424603043e-05,6.961919040652958e-06,1.6652362902032327e-06,0.0,0.0,0.0,0.0,8.0
1.3845,1.0000140090883518,3.000754037938985e-05,1.0000837755924417,5.849042246327405e-05,5.353604156580654e-05,3.503099335068733e-05,1.657189801396048e-05,6.533039232760034e-06,1.5593608932723467e-06,0.0,0.0,0.0,0.0,8.0
1.3875000000000002,1.0000094644301407,2.4721685726669128e-05,1.00007925950184,5.674842711140642e-05,4.98286846336533e-05,3.275971539047986e-05,1.5413516203325845e-05,6.12677409657681e-06,1.4583834265019523e-06,0.0,0.0,0.0,0.0,8.0
1.3904999999999998,1.0000059754097805,1.9844317271808992e-05,1.0000763304614113,5.487301533885834e-05,4.623040376767405e-05,3.063307228186086e-05,1.4287769423730174e-05,5.735606600706603e-06,1.3584427910991131e-06,0.0,0.0,0.0,0.0,8.0
1.3935,1.0000042371203652,1.624043794054406e-05,1.0000754364546784,5.256997168613258e-05,4.265486707319337e-05,2.8671155602137038e-05,1.3201900837165952e-05,5.3532295020477484e-06,1.2580097510136266e-06,0.0,0.0,0.0,0.0,8.0
1.3965,1.0000036564532726,1.4327833923011788e-05,1.000076387275101,4.961182220046356e-05,3.910653743310963e-05,2.6885777254324468e-05,1.2139173722190687e-05,4.974311386881409e-06,1.1585912280936483e-06,0.0,0.0,0.0,0.0,8.0
1.3995000000000002,1.000002578725027,1.45723543111048e-05,1.000078346453556,4.567780023463324e-05,3.567067623643955e-05,2.5299613345897356e-05,1.10661133692186e-05,4.593403152862953e-06,1.0638446112175778e-06,0.0,0.0,0.0,0.0,8.0
1.4024999999999999,0.9999992561052174,1.8321388365822875e-05,1.0000794445777608,3.9091696328657247e-05,3.169277985340339e-05,2.3729373211114007e-05,9.831611252014693e-06,4.116750083162623e-06,9.474758331301818e-07,0.0,0.0,0.0,0.0,8.0
1.4055,0.9999982358513313,1.8723997331447452e-05,1.0000771838184528,3.551701495328706e-05,2.9445428902730945e-05,2.254632220055446e-05,8.89532383130271e-06,3.806297572169114e-06,8.769180368976721e-07,0.0,0.0,0.0,0.0,8.0
1.4085,1.0000113848208234,1.8375997517751132e-05,1.0000492467683184,3.1857694819980756e-05,3.1495829634696936e-05,2.0276781504719557e-05,6.5413392253014445e-06,0.0,0.0,0.0,0.0,0.0,0.0,6.0
1.4115000000000002,1.000005585256841,1.292120843345689e-05,1.0000481758618605,3.111147058181501e-05,2.8433559691620727e-05,1.733052572860028e-05,5.4776509146155665e-06,0.0,0.0,0.0,0.0,0.0,0.0,6.0
1.4144999999999999,1.0000031047380227,1.0713609678826734e-05,1.0000462540946526,2.8956261739249742e-05,2.5035981975121232e-05,1.4697125810485737e-05,4.5835030484117735e-06,0.0,0.0,0.0,0.0,0.0,0.0,6.0
1.4175,1.000002594083068,1.0303172402453319e-05,1.0000430687462316,2.5831766400537702e-05,2.1546579358225386e-05,1.2390345051094681e-05,3.8407097560900105e-06,0.0,0.0,0.0,0.0,0.0,0.0,6.0
1.4205,1.0000025782746196,1.011013322093579e-05,1.000038334309117,2.2285203813410675e-05,1.8233955440844253e-05,1.039984693953017e-05,3.2189605444219986e-06,0.0,0.0,0.0,0.0,0.0,0.0,6.0
1.4235000000000002,1.000002284765281,9.395054258426991e-06,1.0000323247664586,1.8759465254434904e-05,1.52748698257837e-05,8.708957793479716e-06,2.694638358446112e-06,0.0,0.0,0.0,0.0,0.0,0.0,6.0
1.4264999999999999,1.000001641594565,8.184431499811801e-06,1.000025778366481,1.5585222704721977e-05,1.2738809626411763e-05,7.295601021254263e-06,2.252397650809096e-06,0.0,0.0,0.0,0.0,0.0,0.0,6.0
1.4295,1.00000094495044,6.750879510147304e-06,1.0000195006586454,1.3011467850077206e-05,1.0614249747300447e-05,6.126974845204008e-06,1.8822587913165852e-06,0.0,0.0,0.0,0.0,0.0,0.0,6.0
1.4325,1.0000006177698941,4.7188137425571415e-06,1.0000134692687799,1.1072513589023029e-05,8.608414257591107e-06,4.944973424354246e-06,1.4994713615759356e-06,0.0,0.0,0.0,0.0,0.0,0.0,6.0
1.4355000000000002,1.0000005019305895,3.835424862222189e-06,1.0000107542665886,1.002200967403018e-05,7.362203506493642e-06,4.3565932080922765e-06,1.3322508672720173e-06,0.0,0.0,0.0,0.0,0.0,0.0,6.0
1.4385,1.0000012375445408,3.1874883432934187e-06,1.0000089463871042,8.36739695125687e-06,5.4324295841458e-06,0.0,0.0,0.0,0.0,0.0,0.0,0.0,0.0,4.0
1.4415,1.0000013067813034,2.626235892837279e-06,1.0000064568698508,6.810300310470275e-06,4.565643737289142e-06,0.0,0.0,0.0,0.0,0.0,0.0,0.0,0.0,4.0
1.4445000000000001,1.000000978931873,1.8016764422919453e-06,1.0000047484684034,5.8071700365083225e-06,3.955388796357193e-06,0.0,0.0,0.0,0.0,0.0,0.0,0.0,0.0,4.0
1.4474999999999998,1.0000006382950106,1.1337402029451524e-06,1.0000037170144966,5.083348127071284e-06,3.4602356945645598e-06,0.0,0.0,0.0,0.0,0.0,0.0,0.0,0.0,4.0
1.4505,1.0000003822391312,6.726807922049926e-07,1.000003102468597,4.472926363849984e-06,3.0058522920383266e-06,0.0,0.0,0.0,0.0,0.0,0.0,0.0,0.0,4.0
1.4535,1.0000002121456828,3.699974757024844e-07,1.0000027211972018,3.900875398880619e-06,2.5616090850199718e-06,0.0,0.0,0.0,0.0,0.0,0.0,0.0,0.0,4.0
1.4565000000000001,1.0000001137244996,1.7649232406339134e-07,1.0000024948298458,3.3424955133980567e-06,2.1192942119646363e-06,0.0,0.0,0.0,0.0,0.0,0.0,0.0,0.0,4.0
1.4594999999999998,1.000000052735462,7.338250566276218e-08,1.000002377822658,2.784584614122804e-06,1.6827093444873724e-06,0.0,0.0,0.0,0.0,0.0,0.0,0.0,0.0,4.0
1.4625,0.9999997853662095,3.660583381067101e-07,1.000002407826937,1.9758806558439233e-06,1.1200791321614678e-06,0.0,0.0,0.0,0.0,0.0,0.0,0.0,0.0,4.0
1.4655,0.9999998380185211,3.667495757834294e-07,1.0000016769848246,1.6370588980935384e-06,9.80395447823975e-07,0.0,0.0,0.0,0.0,0.0,0.0,0.0,0.0,4.0
1.4685000000000001,1.0000001271903602,2.203002736233506e-07,1.0000002543809368,0.0,0.0,0.0,0.0,0.0,0.0,0.0,0.0,0.0,0.0,2.0
1.4714999999999998,1.0000000318812243,5.5219900803890934e-08,1.0000000637624518,0.0,0.0,0.0,0.0,0.0,0.0,0.0,0.0,0.0,0.0,2.0
1.4745,1.0000000056181324,9.730891011461085e-09,1.0000000112362653,0.0,0.0,0.0,0.0,0.0,0.0,0.0,0.0,0.0,0.0,2.0
1.4775,1.0000000006926748,1.1997476882372977e-09,1.0000000013853492,0.0,0.0,0.0,0.0,0.0,0.0,0.0,0.0,0.0,0.0,2.0
1.4805000000000001,1.0000000000606881,1.0511532178238085e-10,1.000000000121377,0.0,0.0,0.0,0.0,0.0,0.0,0.0,0.0,0.0,0.0,2.0
1.4834999999999998,1.0000000000044493,7.706359562361636e-12,1.0000000000088984,0.0,0.0,0.0,0.0,0.0,0.0,0.0,0.0,0.0,0.0,2.0
1.4865,1.0000000000004454,7.712334360029179e-13,1.0000000000008904,0.0,0.0,0.0,0.0,0.0,0.0,0.0,0.0,0.0,0.0,2.0
1.4895,1.0000000000000664,1.1533535036353584e-13,1.000000000000133,0.0,0.0,0.0,0.0,0.0,0.0,0.0,0.0,0.0,0.0,2.0
1.4925000000000002,1.00000000000001,1.7472325779394434e-14,1.0000000000000202,0.0,0.0,0.0,0.0,0.0,0.0,0.0,0.0,0.0,0.0,2.0
1.4954999999999998,1.0000000000000013,2.388766058492431e-15,1.0000000000000027,0.0,0.0,0.0,0.0,0.0,0.0,0.0,0.0,0.0,0.0,2.0
1.4985,1.0,2.8049053369225095e-16,1.0000000000000002,0.0,0.0,0.0,0.0,0.0,0.0,0.0,0.0,0.0,0.0,2.0
