-1.4985,7.0,2.625671137318175e-212,1.0,0.0,0.0,0.0,0.0,0.0,0.0,0.0,0.0,0.0,0.0,2.0
-1.4955,7.0,2.920923534593758e-211,1.0,0.0,0.0,0.0,0.0,0.0,0.0,0.0,0.0,0.0,0.0,2.0
-1.4925,7.0,3.5078723395977866e-210,1.0,0.0,0.0,0.0,0.0,0.0,0.0,0.0,0.0,0.0,0.0,2.0
-1.4895,7.0,4.206947232424877e-209,1.0,0.0,0.0,0.0,0.0,0.0,0.0,0.0,0.0,0.0,0.0,2.0
-1.4865,7.0,5.035625715323362e-208,1.0,0.0,0.0,0.0,0.0,0.0,0.0,0.0,0.0,0.0,0.0,2.0
-1.4835,7.0,6.015991885843221e-207,1.0,0.0,0.0,0.0,0.0,0.0,0.0,0.0,0.0,0.0,0.0,2.0
-1.4805,7.0,7.173561833227502e-206,1.0,0.0,0.0,0.0,0.0,0.0,0.0,0.0,0.0,0.0,0.0,2.0
-1.4775,7.0,8.537743574041535e-205,1.0,0.0,0.0,0.0,0.0,0.0,0.0,0.0,0.0,0.0,0.0,2.0
-1.4745,7.0,1.0142368507327074e-203,1.0,0.0,0.0,0.0,0.0,0.0,0.0,0.0,0.0,0.0,0.0,2.0
-1.4715,7.0,1.2026288236009902e-202,1.0,0.0,0.0,0.0,0.0,0.0,0.0,0.0,0.0,0.0,0.0,2.0
-1.4685,7.0,1.4234044313719837e-201,1.0,0.0,0.0,0.0,0.0,0.0,0.0,0.0,0.0,0.0,0.0,2.0
-1.4655,7.0,1.68166195575524e-200,1.0,0.0,0.0,0.0,0.0,0.0,0.0,0.0,0.0,0.0,0.0,2.0
-1.4625,7.0,1.983228065763935e-199,1.0,0.0,0.0,0.0,0.0,0.0,0.0,0.0,0.0,0.0,0.0,2.0
-1.4595,7.0,2.3347523011480874e-198,1.0,0.0,0.0,0.0,0.0,0.0,0.0,0.0,0.0,0.0,0.0,2.0
-1.4565,7.0,2.743812999932404e-197,1.0,0.0,0.0,0.0,0.0,0.0,0.0,0.0,0.0,0.0,0.0,2.0
-1.4535,7.0,3.219036026734119e-196,1.0,0.0,0.0,0.0,0.0,0.0,0.0,0.0,0.0,0.0,0.0,2.0
-1.4505,7.0,3.770227795327189e-195,1.0,0.0,0.0,0.0,0.0,0.0,0.0,0.0,0.0,0.0,0.0,2.0
-1.4475,7.0,4.4085242111603207e-194,1.0,0.0,0.0,0.0,0.0,0.0,0.0,0.0,0.0,0.0,0.0,2.0
-1.4445,7.0,5.146557278886899e-193,1.0,0.0,0.0,0.0,0.0,0.0,0.0,0.0,0.0,0.0,0.0,2.0
-1.4415,7.0,5.9986412158914424e-192,1.0,0.0,0.0,0.0,0.0,0.0,0.0,0.0,0.0,0.0,0.0,2.0
-1.4385,7.0,6.980979972538825e-191,1.0,0.0,0.0,0.0,0.0,0.0,0.0,0.0,0.0,0.0,0.0,2.0
-1.4355,7.0,8.111898068558081e-190,1.0,0.0,0.0,0.0,0.0,0.0,0.0,0.0,0.0,0.0,0.0,2.0
-1.4325,7.0,9.412096595925494e-189,1.0,0.0,0.0,0.0,0.0,0.0,0.0,0.0,0.0,0.0,0.0,2.0
-1.4295,7.0,1.0904936093877519e-187,1.0,0.0,0.0,0.0,0.0,0.0,0.0,0.0,0.0,0.0,0.0,2.0
-1.4265,7.0,1.2616747752804805e-186,1.0,0.0,0.0,0.0,0.0,0.0,0.0,0.0,0.0,0.0,0.0,2.0
-1.4235,7.0,1.4577174032825448e-185,1.0,0.0,0.0,0.0,0.0,0.0,0.0,0.0,0.0,0.0,0.0,2.0
-1.4205,7.0,1.681953927369372e-184,1.0,0.0,0.0,0.0,0.0,0.0,0.0,0.0,0.0,0.0,0.0,2.0
-1.4175,7.0,1.93812502125766e-183,1.0,0.0,0.0,0.0,0.0,0.0,0.0,0.0,0.0,0.0,0.0,2.0
-1.4145,7.0,2.230422550732492e-182,1.0,0.0,0.0,0.0,0.0,0.0,0.0,0.0,0.0,0.0,0.0,2.0
-1.4115,7.0,2.5635352384127175e-181,1.0,0.0,0.0,0.0,0.0,0.0,0.0,0.0,0.0,0.0,0.0,2.0
-1.4085,7.0,2.9426967397279976e-180,1.0,0.0,0.0,0.0,0.0,0.0,0.0,0.0,0.0,0.0,0.0,2.0
-1.4055,7.0,3.3737357022671215e-179,1.0,0.0,0.0,0.0,0.0,0.0,0.0,0.0,0.0,0.0,0.0,2.0
-1.4025,7.0,3.8631272434110583e-178,1.0,0.0,0.0,0.0,0.0,0.0,0.0,0.0,0.0,0.0,0.0,2.0
-1.3995,7.0,4.4180451373445735e-177,1.0,0.0,0.0,0.0,0.0,0.0,0.0,0.0,0.0,0.0,0.0,2.0
-1.3965,7.0,5.046413857401627e-176,1.0,0.0,0.0,0.0,0.0,0.0,0.0,0.0,0.0,0.0,0.0,2.0
-1.3935,7.0,5.756959479610838e-175,1.0,0.0,0.0,0.0,0.0,0.0,0.0,0.0,0.0,0.0,0.0,2.0
-1.3905,7.0,6.559258325574438e-174,1.0,0.0,0.0,0.0,0.0,0.0,0.0,0.0,0.0,0.0,0.0,2.0
-1.3875,7.0,7.463782115402464e-173,1.0,0.0,0.0,0.0,0.0,0.0,0.0,0.0,0.0,0.0,0.0,2.0
-1.3845,7.0,8.481938322575687e-172,1.0,0.0,0.0,0.0,0.0,0.0,0.0,0.0,0.0,0.0,0.0,2.0
-1.3815,7.0,9.626104380372428e-171,1.0,0.0,0.0,0.0,0.0,0.0,0.0,0.0,0.0,0.0,0.0,2.0
-1.3785,7.0,1.0909654391168524e-169,1.0,0.0,0.0,0.0,0.0,0.0,0.0,0.0,0.0,0.0,0.0,2.0
-1.3755,7.0,1.234697704147429e-168,1.0,0.0,0.0,0.0,0.0,0.0,0.0,0.0,0.0,0.0,0.0,2.0
-1.3725,7.0,1.3953483531047042e-167,1.0,0.0,0.0,0.0,0.0,0.0,0.0,0.0,0.0,0.0,0.0,2.0
-1.3695,7.0,1.5745604485373796e-166,1.0,0.0,0.0,0.0,0.0,0.0,0.0,0.0,0.0,0.0,0.0,2.0
-1.3665,7.0,1.7740775035892055e-165,1.0,0.0,0.0,0.0,0.0,0.0,0.0,0.0,0.0,0.0,0.0,2.0
-1.3635,7.0,1.9957407516925505e-164,1.0,0.0,0.0,0.0,0.0,0.0,0.0,0.0,0.0,0.0,0.0,2.0
-1.3605,7.0,2.241485153457669e-163,1.0,0.0,0.0,0.0,0.0,0.0,0.0,0.0,0.0,0.0,0.0,2.0
-1.3575,7.0,2.513334149973524e-162,1.0,0.0,0.0,0.0,0.0,0.0,0.0,0.0,0.0,0.0,0.0,2.0
-1.3545,7.0,2.8133932071245967e-161,1.0,0.0,0.0,0.0,0.0,0.0,0.0,0.0,0.0,0.0,0.0,2.0
-1.3515,7.0,3.1438422310500317e-160,1.0,0.0,0.0,0.0,0.0,0.0,0.0,0.0,0.0,0.0,0.0,2.0
-1.3485,7.0,3.506926968864494e-159,1.0,0.0,0.0,0.0,0.0,0.0,0.0,0.0,0.0,0.0,0.0,2.0
-1.3455,7.0,3.904949539577188e-158,1.0,0.0,0.0,0.0,0.0,0.0,0.0,0.0,0.0,0.0,0.0,2.0
-1.3425,7.0,4.340258266275286e-157,1.0,0.0,0.0,0.0,0.0,0.0,0.0,0.0,0.0,0.0,0.0,2.0
-1.3395,7.0,4.815237000819598e-156,1.0,0.0,0.0,0.0,0.0,0.0,0.0,0.0,0.0,0.0,0.0,2.0
-1.3365,7.0,5.332294145615074e-155,1.0,0.0,0.0,0.0,0.0,0.0,0.0,0.0,0.0,0.0,0.0,2.0
-1.3335,7.0,5.8938515829468145e-154,1.0,0.0,0.0,0.0,0.0,0.0,0.0,0.0,0.0,0.0,0.0,2.0
-1.3305,7.0,6.502333720798379e-153,1.0,0.0,0.0,0.0,0.0,0.0,0.0,0.0,0.0,0.0,0.0,2.0
-1.3275000000000001,7.0,7.160156855233121e-152,1.0,0.0,0.0,0.0,0.0,0.0,0.0,0.0,0.0,0.0,0.0,2.0
-1.3245,7.0,7.869719033808115e-151,1.0,0.0,0.0,0.0,0.0,0.0,0.0,0.0,0.0,0.0,0.0,2.0
-1.3215,7.0,8.633390582685777e-150,1.0,0.0,0.0,0.0,0.0,0.0,0.0,0.0,0.0,0.0,0.0,2.0
-1.3185,7.0,9.453505432606875e-149,1.0,0.0,0.0,0.0,0.0,0.0,0.0,0.0,0.0,0.0,0.0,2.0
-1.3155000000000001,7.0,1.0332353345925908e-147,1.0,0.0,0.0,0.0,0.0,0.0,0.0,0.0,0.0,0.0,0.0,2.0
-1.3125,7.0,1.1272173108326046e-146,1.0,0.0,0.0,0.0,0.0,0.0,0.0,0.0,0.0,0.0,0.0,2.0
-1.3094999999999999,7.0,1.227514670401747e-145,1.0,0.0,0.0,0.0,0.0,0.0,0.0,0.0,0.0,0.0,0.0,2.0
-1.3065,7.0,1.3343394441183616e-144,1.0,0.0,0.0,0.0,0.0,0.0,0.0,0.0,0.0,0.0,0.0,2.0
-1.3035,7.0,1.447897093399228e-143,1.0,0.0,0.0,0.0,0.0,0.0,0.0,0.0,0.0,0.0,0.0,2.0
-1.3005,7.0,1.568386177760903e-142,1.0,0.0,0.0,0.0,0.0,0.0,0.0,0.0,0.0,0.0,0.0,2.0
-1.2974999999999999,7.0,1.6959980672944417e-141,1.0,0.0,0.0,0.0,0.0,0.0,0.0,0.0,0.0,0.0,0.0,2.0
-1.2945,7.0,1.830916666911761e-140,1.0,0.0,0.0,0.0,0.0,0.0,0.0,0.0,0.0,0.0,0.0,2.0
-1.2915,7.0,1.9733181096345802e-139,1.0,0.0,0.0,0.0,0.0,0.0,0.0,0.0,0.0,0.0,0.0,2.0
-1.2885,7.0,2.1233703664896333e-138,1.0,0.0,0.0,0.0,0.0,0.0,0.0,0.0,0.0,0.0,0.0,2.0
-1.2855,7.0,2.2812327114086186e-137,1.0,0.0,0.0,0.0,0.0,0.0,0.0,0.0,0.0,0.0,0.0,2.0
-1.2825,7.0,2.4470549718801197e-136,1.0,0.0,0.0,0.0,0.0,0.0,0.0,0.0,0.0,0.0,0.0,2.0
-1.2795,7.0,2.6209764911496602e-135,1.0,0.0,0.0,0.0,0.0,0.0,0.0,0.0,0.0,0.0,0.0,2.0
-1.2765,7.0,2.803124726837781e-134,1.0,0.0,0.0,0.0,0.0,0.0,0.0,0.0,0.0,0.0,0.0,2.0
-1.2735,7.0,2.9936134152904986e-133,1.0,0.0,0.0,0.0,0.0,0.0,0.0,0.0,0.0,0.0,0.0,2.0
-1.2705,7.0,3.192540242007344e-132,1.0,0.0,0.0,0.0,0.0,0.0,0.0,0.0,0.0,0.0,0.0,2.0
-1.2675,7.0,3.399983977017517e-131,1.0,0.0,0.0,0.0,0.0,0.0,0.0,0.0,0.0,0.0,0.0,2.0
-1.2645,7.0,3.616001060509522e-130,1.0,0.0,0.0,0.0,0.0,0.0,0.0,0.0,0.0,0.0,0.0,2.0
-1.2615,7.0,3.840621658110093e-129,1.0,0.0,0.0,0.0,0.0,0.0,0.0,0.0,0.0,0.0,0.0,2.0
-1.2585,7.0,4.073845245889003e-128,1.0,0.0,0.0,0.0,0.0,0.0,0.0,0.0,0.0,0.0,0.0,2.0
-1.2555,7.0,4.315635830473553e-127,1.0,0.0,0.0,0.0,0.0,0.0,0.0,0.0,0.0,0.0,0.0,2.0
-1.2525,7.0,4.5659169567192266e-126,1.0,0.0,0.0,0.0,0.0,0.0,0.0,0.0,0.0,0.0,0.0,2.0
-1.2495,7.0,4.824566700510731e-125,1.0,0.0,0.0,0.0,0.0,0.0,0.0,0.0,0.0,0.0,0.0,2.0
-1.2465,7.0,5.091412883148632e-124,1.0,0.0,0.0,0.0,0.0,0.0,0.0,0.0,0.0,0.0,0.0,2.0
-1.2435,7.0,5.3662287717889716e-123,1.0,0.0,0.0,0.0,0.0,0.0,0.0,0.0,0.0,0.0,0.0,2.0
-1.2405,7.0,5.648729543030554e-122,1.0,0.0,0.0,0.0,0.0,0.0,0.0,0.0,0.0,0.0,0.0,2.0
-1.2375,7.0,5.938569780074614e-121,1.0,0.0,0.0,0.0,0.0,0.0,0.0,0.0,0.0,0.0,0.0,2.0
-1.2345,7.0,6.235342245142361e-120,1.0,0.0,0.0,0.0,0.0,0.0,0.0,0.0,0.0,0.0,0.0,2.0
-1.2315,7.0,6.538578116913514e-119,1.0,0.0,0.0,0.0,0.0,0.0,0.0,0.0,0.0,0.0,0.0,2.0
-1.2285,7.0,6.847748808611769e-118,1.0,0.0,0.0,0.0,0.0,0.0,0.0,0.0,0.0,0.0,0.0,2.0
-1.2255,7.0,7.162269389314398e-117,1.0,0.0,0.0,0.0,0.0,0.0,0.0,0.0,0.0,0.0,0.0,2.0
-1.2225,7.0,7.481503524747536e-116,1.0,0.0,0.0,0.0,0.0,0.0,0.0,0.0,0.0,0.0,0.0,2.0
-1.2195,7.0,7.804769741945635e-115,1.0,0.0,0.0,0.0,0.0,0.0,0.0,0.0,0.0,0.0,0.0,2.0
-1.2165,7.0,8.131348713867824e-114,1.0,0.0,0.0,0.0,0.0,0.0,0.0,0.0,0.0,0.0,0.0,2.0
-1.2135,7.0,8.460491165161045e-113,1.0,0.0,0.0,0.0,0.0,0.0,0.0,0.0,0.0,0.0,0.0,2.0
-1.2105000000000001,7.0,8.791425928153209e-112,1.0,0.0,0.0,0.0,0.0,0.0,0.0,0.0,0.0,0.0,0.0,2.0
-1.2075,7.0,9.123367636904838e-111,1.0,0.0,0.0,0.0,0.0,0.0,0.0,0.0,0.0,0.0,0.0,2.0
-1.2045,7.0,9.455523542642416e-110,1.0,0.0,0.0,0.0,0.0,0.0,0.0,0.0,0.0,0.0,0.0,2.0
-1.2015,7.0,9.787098969418543e-109,1.0,0.0,0.0,0.0,0.0,0.0,0.0,0.0,0.0,0.0,0.0,2.0
-1.1985000000000001,7.0,1.011730100500932e-107,1.0,0.0,0.0,0.0,0.0,0.0,0.0,0.0,0.0,0.0,0.0,2.0
-1.1955,7.0,1.0445340137155049e-106,1.0,0.0,0.0,0.0,0.0,0.0,0.0,0.0,0.0,0.0,0.0,2.0
-1.1925,7.0,1.0770429695761396e-105,1.0,0.0,0.0,0.0,0.0,0.0,0.0,0.0,0.0,0.0,0.0,2.0
-1.1895,7.0,1.1091783142699533e-104,1.0,0.0,0.0,0.0,0.0,0.0,0.0,0.0,0.0,0.0,0.0,2.0
-1.1865,7.0,1.1408609456032398e-103,1.0,0.0,0.0,0.0,0.0,0.0,0.0,0.0,0.0,0.0,0.0,2.0
-1.1835,7.0,1.172010707628932e-102,1.0,0.0,0.0,0.0,0.0,0.0,0.0,0.0,0.0,0.0,0.0,2.0
-1.1804999999999999,7.0,1.2025457106488625e-101,1.0,0.0,0.0,0.0,0.0,0.0,0.0,0.0,0.0,0.0,0.0,2.0
-1.1775,7.0,1.232381666689346e-100,1.0,0.0,0.0,0.0,0.0,0.0,0.0,0.0,0.0,0.0,0.0,2.0
-1.1745,7.0,1.2614313474471912e-99,1.0,0.0,0.0,0.0,0.0,0.0,0.0,0.0,0.0,0.0,0.0,2.0
-1.1715,7.0,1.2896042812487883e-98,1.0,0.0,0.0,0.0,0.0,0.0,0.0,0.0,0.0,0.0,0.0,2.0
-1.1684999999999999,7.0,1.3168068038913984e-97,1.0,0.0,0.0,0.0,0.0,0.0,0.0,0.0,0.0,0.0,0.0,2.0
-1.1655,7.0,1.342942561513367e-96,1.0,0.0,0.0,0.0,0.0,0.0,0.0,0.0,0.0,0.0,0.0,2.0
-1.1625,7.0,1.3679135290204848e-95,1.0,0.0,0.0,0.0,0.0,0.0,0.0,0.0,0.0,0.0,0.0,2.0
-1.1595,7.0,1.3916215544237775e-94,1.0,0.0,0.0,0.0,0.0,0.0,0.0,0.0,0.0,0.0,0.0,2.0
-1.1564999999999999,7.0,1.4139703704989577e-93,1.0,0.0,0.0,0.0,0.0,0.0,0.0,0.0,0.0,0.0,0.0,2.0
-1.1535,7.0,1.434867937587435e-92,1.0,0.0,0.0,0.0,0.0,0.0,0.0,0.0,0.0,0.0,0.0,2.0
-1.1505,7.0,1.454228906770488e-91,1.0,0.0,0.0,0.0,0.0,0.0,0.0,0.0,0.0,0.0,0.0,2.0
-1.1475,7.0,1.4719769362849805e-90,1.0,0.0,0.0,0.0,0.0,0.0,0.0,0.0,0.0,0.0,0.0,2.0
-1.1445,7.0,1.4880465724560542e-89,1.0,0.0,0.0,0.0,0.0,0.0,0.0,0.0,0.0,0.0,0.0,2.0
-1.1415,7.0,1.5023844340075195e-88,1.0,0.0,0.0,0.0,0.0,0.0,0.0,0.0,0.0,0.0,0.0,2.0
-1.1385,7.0,1.514949523461903e-87,1.0,0.0,0.0,0.0,0.0,0.0,0.0,0.0,0.0,0.0,0.0,2.0
-1.1355,7.0,1.5257126291746052e-86,1.0,0.0,0.0,0.0,0.0,0.0,0.0,0.0,0.0,0.0,0.0,2.0
-1.1325,7.0,1.5346549608936674e-85,1.0,0.0,0.0,0.0,0.0,0.0,0.0,0.0,0.0,0.0,0.0,2.0
-1.1295,7.0,1.5417663515224997e-84,1.0,0.0,0.0,0.0,0.0,0.0,0.0,0.0,0.0,0.0,0.0,2.0
-1.1265,7.0,1.5470435181254782e-83,1.0,0.0,0.0,0.0,0.0,0.0,0.0,0.0,0.0,0.0,0.0,2.0
-1.1235,7.0,1.5504889618474477e-82,1.0,0.0,0.0,0.0,0.0,0.0,0.0,0.0,0.0,0.0,0.0,2.0
-1.1205,7.0,1.55211105984495e-81,1.0,0.0,0.0,0.0,0.0,0.0,0.0,0.0,0.0,0.0,0.0,2.0
-1.1175,7.0,1.5519257386183324e-80,1.0,0.0,0.0,0.0,0.0,0.0,0.0,0.0,0.0,0.0,0.0,2.0
-1.1145,7.0,1.5499598187223913e-79,1.0,0.0,0.0,0.0,0.0,0.0,0.0,0.0,0.0,0.0,0.0,2.0
-1.1115,7.0,1.546255718744288e-78,1.0,0.0,0.0,0.0,0.0,0.0,0.0,0.0,0.0,0.0,0.0,2.0
-1.1085,7.0,1.5408767664357137e-77,1.0,0.0,0.0,0.0,0.0,0.0,0.0,0.0,0.0,0.0,0.0,2.0
-1.1055,7.0,1.533911975987376e-76,1.0,0.0,0.0,0.0,0.0,0.0,0.0,0.0,0.0,0.0,0.0,2.0
-1.1025,7.0,1.5254789108201526e-75,1.0,0.0,0.0,0.0,0.0,0.0,0.0,0.0,0.0,0.0,0.0,2.0
-1.0995,7.0,1.5157232476164853e-74,1.0,0.0,0.0,0.0,0.0,0.0,0.0,0.0,0.0,0.0,0.0,2.0
-1.0965,7.0,1.504813942452286e-73,1.0,0.0,0.0,0.0,0.0,0.0,0.0,0.0,0.0,0.0,0.0,2.0
-1.0935000000000001,7.0,1.492933473955752e-72,1.0,0.0,0.0,0.0,0.0,0.0,0.0,0.0,0.0,0.0,0.0,2.0
-1.0905,7.0,1.480263438927086e-71,1.0,0.0,0.0,0.0,0.0,0.0,0.0,0.0,0.0,0.0,0.0,2.0
-1.0875,7.0,1.466966680738191e-70,1.0,0.0,0.0,0.0,0.0,0.0,0.0,0.0,0.0,0.0,0.0,2.0
-1.0845,7.0,1.4531679760217233e-69,1.0,0.0,0.0,0.0,0.0,0.0,0.0,0.0,0.0,0.0,0.0,2.0
-1.0815000000000001,7.0,1.4389359146751937e-68,1.0,0.0,0.0,0.0,0.0,0.0,0.0,0.0,0.0,0.0,0.0,2.0
-1.0785,7.0,1.4242688312618094e-67,1.0,0.0,0.0,0.0,0.0,0.0,0.0,0.0,0.0,0.0,0.0,2.0
-1.0755,7.0,1.4090873928491832e-66,1.0,0.0,0.0,0.0,0.0,0.0,0.0,0.0,0.0,0.0,0.0,2.0
-1.0725,7.0,1.3932357166111937e-65,1.0,0.0,0.0,0.0,0.0,0.0,0.0,0.0,0.0,0.0,0.0,2.0
-1.0695000000000001,7.0,1.3764917731149908e-64,1.0,0.0,0.0,0.0,0.0,0.0,0.0,0.0,0.0,0.0,0.0,2.0
-1.0665,7.0,1.3585865041665658e-63,1.0,0.0,0.0,0.0,0.0,0.0,0.0,0.0,0.0,0.0,0.0,2.0
-1.0635,7.0,1.3392297744023798e-62,1.0,0.0,0.0,0.0,0.0,0.0,0.0,0.0,0.0,0.0,0.0,2.0
-1.0605,7.0,1.318140216328335e-61,1.0,0.0,0.0,0.0,0.0,0.0,0.0,0.0,0.0,0.0,0.0,2.0
-1.0575,7.0,1.295075409882439e-60,1.0,0.0,0.0,0.0,0.0,0.0,0.0,0.0,0.0,0.0,0.0,2.0
-1.0545,7.0,1.2698587687225702e-59,1.0,0.0,0.0,0.0,0.0,0.0,0.0,0.0,0.0,0.0,0.0,2.0
-1.0514999999999999,7.0,1.2423999916362054e-58,1.0,0.0,0.0,0.0,0.0,0.0,0.0,0.0,0.0,0.0,0.0,2.0
-1.0485,7.0,1.2127068814827787e-57,1.0,0.0,0.0,0.0,0.0,0.0,0.0,0.0,0.0,0.0,0.0,2.0
-1.0455,7.0,1.1808875591532552e-56,1.0,0.0,0.0,0.0,0.0,0.0,0.0,0.0,0.0,0.0,0.0,2.0
-1.0425,7.0,1.1471433888982512e-55,1.0,0.0,0.0,0.0,0.0,0.0,0.0,0.0,0.0,0.0,0.0,2.0
-1.0394999999999999,7.0,1.1117540714307236e-54,1.0,0.0,0.0,0.0,0.0,0.0,0.0,0.0,0.0,0.0,0.0,2.0
-1.0365,7.0,1.075057185194265e-53,1.0,0.0,0.0,0.0,0.0,0.0,0.0,0.0,0.0,0.0,0.0,2.0
-1.0335,7.0,1.0374248696407177e-52,1.0,0.0,0.0,0.0,0.0,0.0,0.0,0.0,0.0,0.0,0.0,2.0
-1.0305,7.0,9.99240335058467e-52,1.0,0.0,0.0,0.0,0.0,0.0,0.0,0.0,0.0,0.0,0.0,2.0
-1.0275,7.0,9.608765129261142e-51,1.0,0.0,0.0,0.0,0.0,0.0,0.0,0.0,0.0,0.0,0.0,2.0
-1.0245,7.0,9.226785418999789e-50,1.0,0.0,0.0,0.0,0.0,0.0,0.0,0.0,0.0,0.0,0.0,2.0
-1.0215,7.0,8.849510527247573e-49,1.0,0.0,0.0,0.0,0.0,0.0,0.0,0.0,0.0,0.0,0.0,2.0
-1.0185,7.0,8.47950499739812e-48,1.0,0.0,0.0,0.0,0.0,0.0,0.0,0.0,0.0,0.0,0.0,2.0
-1.0155,7.0,8.118821881347046e-47,1.0,0.0,0.0,0.0,0.0,0.0,0.0,0.0,0.0,0.0,0.0,2.0
-1.0125,7.0,7.769012251529416e-46,1.0,0.0,0.0,0.0,0.0,0.0,0.0,0.0,0.0,0.0,0.0,2.0
-1.0095,7.0,7.43116398308597e-45,1.0,0.0,0.0,0.0,0.0,0.0,0.0,0.0,0.0,0.0,0.0,2.0
-1.0065,7.0,7.105959371056521e-44,1.0,0.0,0.0,0.0,0.0,0.0,0.0,0.0,0.0,0.0,0.0,2.0
-1.0035,7.0,6.793742057942984e-43,1.0,0.0,0.0,0.0,0.0,0.0,0.0,0.0,0.0,0.0,0.0,2.0
-1.0005,7.0,6.494585520824104e-42,1.0,0.0,0.0,0.0,0.0,0.0,0.0,0.0,0.0,0.0,0.0,2.0
-0.9975,7.0,6.208357506086408e-41,1.0,0.0,0.0,0.0,0.0,0.0,0.0,0.0,0.0,0.0,0.0,2.0
-0.9945,7.0,5.934776902513131e-40,1.0,0.0,0.0,0.0,0.0,0.0,0.0,0.0,0.0,0.0,0.0,2.0
-0.9915,7.0,5.6734613459629925e-39,1.0,0.0,0.0,0.0,0.0,0.0,0.0,0.0,0.0,0.0,0.0,2.0
-0.9885,7.0,5.423965225435112e-38,1.0,0.0,0.0,0.0,0.0,0.0,0.0,0.0,0.0,0.0,0.0,2.0
-0.9855,7.0,5.1858086957369e-37,1.0,0.0,0.0,0.0,0.0,0.0,0.0,0.0,0.0,0.0,0.0,2.0
-0.9825,7.0,4.958498850158198e-36,1.0,0.0,0.0,0.0,0.0,0.0,0.0,0.0,0.0,0.0,0.0,2.0
-0.9795,7.0,4.7415444513218184e-35,1.0,0.0,0.0,0.0,0.0,0.0,0.0,0.0,0.0,0.0,0.0,2.0
-0.9765,7.0,4.534465640532428e-34,1.0,0.0,0.0,0.0,0.0,0.0,0.0,0.0,0.0,0.0,0.0,2.0
-0.9735,7.0,4.336799911176982e-33,1.0,0.0,0.0,0.0,0.0,0.0,0.0,0.0,0.0,0.0,0.0,2.0
-0.9705,7.0,4.148105431732327e-32,1.0,0.0,0.0,0.0,0.0,0.0,0.0,0.0,0.0,0.0,0.0,2.0
-0.9675,7.0,3.96796254861744e-31,1.0,0.0,0.0,0.0,0.0,0.0,0.0,0.0,0.0,0.0,0.0,2.0
-0.9645,7.0,3.795973873174876e-30,1.0,0.0,0.0,0.0,0.0,0.0,0.0,0.0,0.0,0.0,0.0,2.0
-0.9615,7.0,3.6317636192578703e-29,1.0,0.0,0.0,0.0,0.0,0.0,0.0,0.0,0.0,0.0,0.0,2.0
-0.9585,7.0,3.474976980130328e-28,1.0,0.0,0.0,0.0,0.0,0.0,0.0,0.0,0.0,0.0,0.0,2.0
-0.9555,7.0,3.325275141037115e-27,1.0,0.0,0.0,0.0,0.0,0.0,0.0,0.0,0.0,0.0,0.0,2.0
-0.9525,7.0,3.182333773185535e-26,1.0,0.0,0.0,0.0,0.0,0.0,0.0,0.0,0.0,0.0,0.0,2.0
-0.9495,7.0,3.0458630396417243e-25,1.0,0.0,0.0,0.0,0.0,0.0,0.0,0.0,0.0,0.0,0.0,2.0
-0.9465,7.0,2.915535660444859e-24,1.0,0.0,0.0,0.0,0.0,0.0,0.0,0.0,0.0,0.0,0.0,2.0
-0.9435,7.0,2.790965889006181e-23,1.0,0.0,0.0,0.0,0.0,0.0,0.0,0.0,0.0,0.0,0.0,2.0
-0.9405,7.0,2.6724349536021872e-22,1.0,0.0,0.0,0.0,0.0,0.0,0.0,0.0,0.0,0.0,0.0,2.0
-0.9375,7.0,2.5588506793440462e-21,1.0,0.0,0.0,0.0,0.0,0.0,0.0,0.0,0.0,0.0,0.0,2.0
-0.9345,7.0,2.4476964097432777e-20,1.0,0.0,0.0,0.0,0.0,0.0,0.0,0.0,0.0,0.0,0.0,2.0
-0.9315,7.0,2.3505981419212135e-19,1.0,0.0,0.0,0.0,0.0,0.0,0.0,0.0,0.0,0.0,0.0,2.0
-0.9285,7.0,2.2614478691283497e-18,1.0,0.0,0.0,0.0,0.0,0.0,0.0,0.0,0.0,0.0,0.0,2.0
-0.9255,7.0,2.061696523473134e-17,1.0,0.0,0.0,0.0,0.0,0.0,0.0,0.0,0.0,0.0,0.0,2.0
-0.9225,7.0,1.6065847355089058e-16,0.9999999999999999,0.0,0.0,0.0,0.0,0.0,0.0,0.0,0.0,0.0,0.0,2.0
-0.9195,6.999999999999999,5.957643267858918e-16,0.9999999999999993,0.0,0.0,0.0,0.0,0.0,0.0,0.0,0.0,0.0,0.0,2.0
-0.9165,6.999999999999995,1.4805207082175196e-15,0.9999999999999983,0.0,0.0,0.0,0.0,0.0,0.0,0.0,0.0,0.0,0.0,2.0
-0.9135,6.999999999999988,3.1811323143850033e-15,0.9999999999999964,0.0,0.0,0.0,0.0,0.0,0.0,0.0,0.0,0.0,0.0,2.0
-0.9105,6.999999999999974,6.4595019605893664e-15,0.9999999999999926,0.0,0.0,0.0,0.0,0.0,0.0,0.0,0.0,0.0,0.0,2.0
-0.9075,6.999999999999949,1.2756443291775657e-14,0.9999999999999852,0.0,0.0,0.0,0.0,0.0,0.0,0.0,0.0,0.0,0.0,2.0
-0.9045,6.9999999999999005,2.4964658094717118e-14,0.999999999999971,0.0,0.0,0.0,0.0,0.0,0.0,0.0,0.0,0.0,0.0,2.0
-0.9015,6.999999999999805,4.854782380103478e-14,0.9999999999999438,0.0,0.0,0.0,0.0,0.0,0.0,0.0,0.0,0.0,0.0,2.0
-0.8985,6.999999999999622,9.378429245255841e-14,0.9999999999998916,0.0,0.0,0.0,0.0,0.0,0.0,0.0,0.0,0.0,0.0,2.0
-0.8955,6.999999999999273,1.801080806089857e-13,0.999999999999792,0.0,0.0,0.0,0.0,0.0,0.0,0.0,0.0,0.0,0.0,2.0
-0.8925,6.999999999998608,3.4403624535031703e-13,0.9999999999996028,0.0,0.0,0.0,0.0,0.0,0.0,0.0,0.0,0.0,0.0,2.0
-0.8895,6.999999999997357,6.540605829886342e-13,0.9999999999992446,0.0,0.0,0.0,0.0,0.0,0.0,0.0,0.0,0.0,0.0,2.0
-0.8865,6.999999999994999,1.237690697867556e-12,0.9999999999985707,0.0,0.0,0.0,0.0,0.0,0.0,0.0,0.0,0.0,0.0,2.0
-0.8835,6.999999999990581,2.3310560025423643e-12,0.9999999999973082,0.0,0.0,0.0,0.0,0.0,0.0,0.0,0.0,0.0,0.0,2.0
-0.8805,6.999999999982341,4.369561730214131e-12,0.9999999999949545,0.0,0.0,0.0,0.0,0.0,0.0,0.0,0.0,0.0,0.0,2.0
-0.8775,6.999999999967051,8.152264261710083e-12,0.9999999999905869,0.0,0.0,0.0,0.0,0.0,0.0,0.0,0.0,0.0,0.0,2.0
-0.8745,6.99999999993882,1.513830348434696e-11,0.9999999999825196,0.0,0.0,0.0,0.0,0.0,0.0,0.0,0.0,0.0,0.0,2.0
-0.8715,6.999999999886926,2.7978935808607996e-11,0.9999999999676924,0.0,0.0,0.0,0.0,0.0,0.0,0.0,0.0,0.0,0.0,2.0
-0.8685,6.999999999791996,5.146781307731325e-11,0.9999999999405701,0.0,0.0,0.0,0.0,0.0,0.0,0.0,0.0,0.0,0.0,2.0
-0.8655,6.99999999961918,9.422985490430012e-11,0.999999999891192,0.0,0.0,0.0,0.0,0.0,0.0,0.0,0.0,0.0,0.0,2.0
-0.8625,6.999999999306052,1.7170822798049933e-10,0.9999999998017282,0.0,0.0,0.0,0.0,0.0,0.0,0.0,0.0,0.0,0.0,2.0
-0.8595,6.999999998741413,3.1141996012714167e-10,0.9999999996404031,0.0,0.0,0.0,0.0,0.0,0.0,0.0,0.0,0.0,0.0,2.0
-0.8565,6.999999997728075,5.621551720031132e-10,0.9999999993508796,0.0,0.0,0.0,0.0,0.0,0.0,0.0,0.0,0.0,0.0,2.0
-0.8535,6.999999995918165,1.0099917745692117e-09,0.9999999988337624,0.0,0.0,0.0,0.0,0.0,0.0,0.0,0.0,0.0,0.0,2.0
-0.8505,6.9999999927010546,1.806020742454632e-09,0.9999999979145869,0.0,0.0,0.0,0.0,0.0,0.0,0.0,0.0,0.0,0.0,2.0
-0.8475,6.99999998701041,3.2140905922590922e-09,0.9999999962886877,0.0,0.0,0.0,0.0,0.0,0.0,0.0,0.0,0.0,0.0,2.0
-0.8445,6.999999976993413,5.692654777912181e-09,0.9999999934266884,0.0,0.0,0.0,0.0,0.0,0.0,0.0,0.0,0.0,0.0,2.0
-0.8415,6.999999959445672,1.0034593090473633e-08,0.9999999884130509,0.0,0.0,0.0,0.0,0.0,0.0,0.0,0.0,0.0,0.0,2.0
-0.8385,6.999999928849141,1.7605272412228805e-08,0.9999999796711827,0.0,0.0,0.0,0.0,0.0,0.0,0.0,0.0,0.0,0.0,2.0
-0.8355,6.999999875744392,3.0745289125248913e-08,0.999999964498399,0.0,0.0,0.0,0.0,0.0,0.0,0.0,0.0,0.0,0.0,2.0
-0.8325,6.999999784018458,5.344157326623208e-08,0.9999999382909877,0.0,0.0,0.0,0.0,0.0,0.0,0.0,0.0,0.0,0.0,2.0
-0.8295,6.999999626524101,9.241131850552102e-08,0.999999893292605,0.0,0.0,0.0,0.0,0.0,0.0,0.0,0.0,0.0,0.0,2.0
-0.8265,6.999999358382006,1.587592792617597e-07,0.999999816680586,0.0,0.0,0.0,0.0,0.0,0.0,0.0,0.0,0.0,0.0,2.0
-0.8235,6.999998907590172,2.703013315305622e-07,0.9999996878829366,0.0,0.0,0.0,0.0,0.0,0.0,0.0,0.0,0.0,0.0,2.0
-0.8205,6.999998163491376,4.5441803227986834e-07,0.9999994752833371,0.0,0.0,0.0,0.0,0.0,0.0,0.0,0.0,0.0,0.0,2.0
-0.8175,6.999996965378415,7.508740998503796e-07,0.9999991329655,0.0,0.0,0.0,0.0,0.0,0.0,0.0,0.0,0.0,0.0,2.0
-0.8145,6.9999950956211805,1.213519018036717e-06,0.9999985987495243,0.0,0.0,0.0,0.0,0.0,0.0,0.0,0.0,0.0,0.0,2.0
-0.8115,6.999992282919355,1.909482193173842e-06,0.999997795121323,0.0,0.0,0.0,0.0,0.0,0.0,0.0,0.0,0.0,0.0,2.0
-0.8085,6.999988220000148,2.9147939024552e-06,0.9999966342892257,0.0,0.0,0.0,0.0,0.0,0.0,0.0,0.0,0.0,0.0,2.0
-0.8055,6.9999825956830986,4.30645131132128e-06,0.9999950273454937,0.0,0.0,0.0,0.0,0.0,0.0,0.0,0.0,0.0,0.0,2.0
-0.8025,6.999975135310198,6.1524146030174585e-06,0.9999928958179382,0.0,0.0,0.0,0.0,0.0,0.0,0.0,0.0,0.0,0.0,2.0
-0.7995,6.999965639040296,8.502131584950226e-06,0.9999901826112333,0.0,0.0,0.0,0.0,0.0,0.0,0.0,0.0,0.0,0.0,2.0
-0.7965,6.9999540060606895,1.138054687020258e-05,0.9999868589245026,0.0,0.0,0.0,0.0,0.0,0.0,0.0,0.0,0.0,0.0,2.0
-0.7935,6.999940233961966,1.4788256583231175e-05,0.9999829240725491,0.0,0.0,0.0,0.0,0.0,0.0,0.0,0.0,0.0,0.0,2.0
-0.7905,6.999924387192368,1.8709260469219252e-05,0.9999783965624723,0.0,0.0,0.0,0.0,0.0,0.0,0.0,0.0,0.0,0.0,2.0
-0.7875,6.999960018328741,2.221628320881791e-05,0.9999640853301361,0.0,0.0,0.0,0.0,0.0,0.0,0.0,0.0,0.0,0.0,2.0
-0.7845,6.999955470932734,2.3578462811277397e-05,0.9999594396478992,0.0,0.0,0.0,0.0,0.0,0.0,0.0,0.0,0.0,0.0,2.0
-0.7815,6.999915297259103,2.5947477336478725e-05,0.9999546644913009,2.6688600433390652e-05,-1.2643599578102273e-05,2.375424218206784e-06,-2.6518293259312794e-09,0.0,0.0,0.0,0.0,0.0,0.0,6.0
-0.7785,6.999891903409031,2.9735894318485955e-05,0.9999494489305711,3.4144547382815355e-05,-1.2848901469956177e-05,2.5099856622703043e-06,-2.492202590630081e-07,0.0,0.0,0.0,0.0,0.0,0.0,6.0
-0.7755,6.999869928670212,3.415230277371781e-05,0.9999434601802067,4.144770927241595e-05,-1.3516473647004366e-05,2.741149587971685e-06,-4.385834654068708e-07,0.0,0.0,0.0,0.0,0.0,0.0,6.0
-0.7725,6.999848901484321,3.916792343110179e-05,0.9999366224234015,4.904038939482035e-05,-1.4674633320747625e-05,3.0403678251928243e-06,-5.769793730477654e-07,0.0,0.0,0.0,0.0,0.0,0.0,6.0
-0.7695,6.999828072221999,4.4787363154837395e-05,0.9999287322596392,5.7369595400732826e-05,-1.631967563339471e-05,3.379809866324601e-06,-6.706972121291829e-07,0.0,0.0,0.0,0.0,0.0,0.0,6.0
-0.7665,6.999806450355244,5.110315036287782e-05,0.9999194870160062,6.68311334630427e-05,-1.8408392654973088e-05,3.7311101635586787e-06,-7.241433812201118e-07,0.0,0.0,0.0,0.0,0.0,0.0,6.0
-0.7635,6.999782717518577,5.833648649194019e-05,0.9999085531817139,7.763012194386775e-05,-2.0830667760129745e-05,4.08049754915209e-06,-7.497288426794038e-07,0.0,0.0,0.0,0.0,0.0,0.0,6.0
-0.7605,6.99975511103422,6.682069805608193e-05,0.9998956561107958,8.961082113082115e-05,-2.339412482700632e-05,4.455343353262494e-06,-7.828364673431763e-07,0.0,0.0,0.0,0.0,0.0,0.0,6.0
-0.7575,6.999742642042097,7.711123277196137e-05,0.9998779748321394,0.00010173086479358279,-2.3842262011000623e-05,4.975509438989841e-06,-1.2056367682160069e-06,0.0,0.0,0.0,0.0,0.0,0.0,6.0
-0.7545,6.999699368804274,8.918024107552003e-05,0.999861799189846,0.00011424377617190394,-2.7208556986181587e-05,5.641596051850171e-06,-1.2147870535635257e-06,0.0,0.0,0.0,0.0,0.0,0.0,6.0
-0.7515,6.999655623003543,0.00010259497241459069,0.9998431203352288,0.00012855181983126713,-3.0679991939283156e-05,6.336795920829287e-06,-1.2660329005856667e-06,0.0,0.0,0.0,0.0,0.0,0.0,6.0
-0.7485,6.999606921748565,0.00011742985821982344,0.9998221264020297,0.00014504899674319164,-3.4732605091007606e-05,7.0309204208343315e-06,-1.2820969051661515e-06,0.0,0.0,0.0,0.0,0.0,0.0,6.0
-0.7455,6.999550721885507,0.0001340219912817199,0.9997982802593548,0.00016365075636105202,-3.910670660858707e-05,7.747544861933682e-06,-1.3177722817230524e-06,0.0,0.0,0.0,0.0,0.0,0.0,6.0
-0.7425,6.999485751355391,0.0001524793047842041,0.9997711392603758,0.00018457820943405424,-4.3742766611178837e-05,8.486401914532291e-06,-1.3870182734888919e-06,0.0,0.0,0.0,0.0,0.0,0.0,6.0
-0.7395,6.999411127787361,0.0001729929098635886,0.9997402689336818,0.00020797564635536116,-4.8637676328238845e-05,9.259693628179615e-06,-1.490113865095322e-06,0.0,0.0,0.0,0.0,0.0,0.0,6.0
-0.7365,6.999326343521834,0.000195858180856425,0.9997052725734841,0.00023395155670561898,-5.3841922852230156e-05,1.0087973614525326e-05,-1.6152125999337177e-06,0.0,0.0,0.0,0.0,0.0,0.0,6.0
-0.7335,6.999231004700121,0.00022145403616097238,0.9996657813524155,0.0002626355722710203,-5.942911796189655e-05,1.0992492154844775e-05,-1.74589188976844e-06,0.0,0.0,0.0,0.0,0.0,0.0,6.0
-0.7305,6.99912455815113,0.00025020882985679307,0.9996214233233727,0.0002942058302743127,-6.547040412347231e-05,1.1987214098022655e-05,-1.8688819855903275e-06,0.0,0.0,0.0,0.0,0.0,0.0,6.0
-0.7275,6.999016319602518,0.0002826587655081115,0.9995704177920225,0.00032861595776794,-7.092978266027848e-05,1.3097688260161434e-05,-2.1569771873716486e-06,0.0,0.0,0.0,0.0,0.0,0.0,6.0
-0.7245,6.99888116880345,0.00031922687265852014,0.9995155758224594,0.00036624917360644093,-7.840730886437026e-05,1.4302170801950694e-05,-2.1976295124263848e-06,0.0,0.0,0.0,0.0,0.0,0.0,6.0
-0.7215,6.998734023502114,0.0003602732407572459,0.9994541656728365,0.00040773922239939627,-8.618537166896126e-05,1.555381115606518e-05,-2.2809461139980063e-06,0.0,0.0,0.0,0.0,0.0,0.0,6.0
-0.7185,6.998569546859899,0.0004062756473290911,0.9993861089666898,0.00045339501245255086,-9.46860300843133e-05,1.6836626430156723e-05,-2.3465900068793253e-06,0.0,0.0,0.0,0.0,0.0,0.0,6.0
-0.7155,6.998386533218682,0.00045770472554737464,0.999310671351881,0.000503609985411812,-0.00010385964472038415,1.8134116499250106e-05,-2.406662615772755e-06,0.0,0.0,0.0,0.0,0.0,0.0,6.0
-0.7125,6.9981830235308635,0.0005150636550922602,0.9992271259398003,0.0005587492919720507,-0.00011371299191321957,1.944003094062259e-05,-2.460486544218326e-06,0.0,0.0,0.0,0.0,0.0,0.0,6.0
-0.7095,6.9979568688015075,0.0005788867787462685,0.9991346809216536,0.0006191724587718612,-0.00012425370176514464,2.0755949357440704e-05,-2.5064673665039207e-06,0.0,0.0,0.0,0.0,0.0,0.0,6.0
-0.7065,6.997705725336988,0.0006497419756602034,0.9990324841144518,0.0006852494317442935,-0.00013549572509082879,2.2089518496459294e-05,-2.544393887585923e-06,0.0,0.0,0.0,0.0,0.0,0.0,6.0
-0.7035,6.997427055953979,0.0007282358401424693,0.9989196229127282,0.0007573748857257732,-0.00014746122214064455,2.345122764997859e-05,-2.576244383552443e-06,0.0,0.0,0.0,0.0,0.0,0.0,6.0
-0.7005,6.997118125763273,0.000815026169095554,0.9987951150963689,0.0008359751749875637,-0.0001601732496922734,2.484528411206449e-05,-2.6033608625752633e-06,0.0,0.0,0.0,0.0,0.0,0.0,6.0
-0.6975,6.996781303678704,0.0009108910042685139,0.9986571650060966,0.0009213631575794942,-0.00017306174015300926,2.6264080797562517e-05,-2.7126012174864643e-06,0.0,0.0,0.0,0.0,0.0,0.0,6.0
-0.6945,6.996400496796488,0.0010166481895155463,0.9985063273022989,0.0010140774179087906,-0.00018744493905885158,2.763490353585668e-05,-2.6601329693639423e-06,0.0,0.0,0.0,0.0,0.0,0.0,6.0
-0.6915,6.995981430005984,0.0011332015534444928,0.9983400354820985,0.001114695207321046,-0.00020219837325379897,2.883410369217088e-05,-2.5723329212876056e-06,0.0,0.0,0.0,0.0,0.0,0.0,6.0
-0.6885,6.995517415810943,0.0012615863671513593,0.9981573899893811,0.001223300116129511,-0.00021740353446163664,2.9769982621369054e-05,-2.3783071077846932e-06,0.0,0.0,0.0,0.0,0.0,0.0,6.0
-0.6855,6.995004819595543,0.0014027934930881845,0.9979573540155876,0.001339258883392393,-0.0002327042153409929,3.0481968534893876e-05,-2.128742014268936e-06,0.0,0.0,0.0,0.0,0.0,0.0,6.0
-0.6825,6.994439198622363,0.0015576941816392222,0.9977395424414717,0.001460823953643688,-0.00024775209572112976,3.124084989978376e-05,-1.9661996943382197e-06,0.0,0.0,0.0,0.0,0.0,0.0,6.0
-0.6795,6.993816322000226,0.0017269661066122587,0.9975040544089824,0.0015857875954264063,-0.00026230760039864425,3.2462425171320624e-05,-2.0836827217983467e-06,0.0,0.0,0.0,0.0,0.0,0.0,6.0
-0.6765,6.9931343523186635,0.0019108935352858565,0.9972509311101935,0.0017136279887995363,-0.0002766876280498323,3.437400507705285e-05,-2.5379214496782613e-06,0.0,0.0,0.0,0.0,0.0,0.0,6.0
-0.6735,6.99239714627283,0.0021090547159851544,0.9969795203253977,0.0018478057430449297,-0.0002922261724546617,3.6662969016766576e-05,-3.0543021492103947e-06,0.0,0.0,0.0,0.0,0.0,0.0,6.0
-0.6705,6.9916118314705615,0.0023208540130226743,0.9966881264180577,0.0019945348702907623,-0.00031067119971521994,3.860540719101744e-05,-3.150897554497834e-06,0.0,0.0,0.0,0.0,0.0,0.0,6.0
-0.6675,6.9908886576294424,0.0025494816832493648,0.9963536572317003,0.002124405015912638,-0.0003307993786312209,4.2545393026819504e-05,-2.4345137612034755e-06,0.0,0.0,0.0,0.0,0.0,0.0,6.0
-0.6645,6.990462100125313,0.0026573694604980465,0.9961710512265155,0.0023014366092084116,-0.00038251070197908036,4.2908694572254126e-05,3.039186666603951e-07,0.0,0.0,0.0,0.0,0.0,0.0,6.0
-0.6615,6.988956047679113,0.0030421059948979026,0.995679880963307,0.0025312512188041696,-0.00037953926307902853,4.182554308237786e-05,-1.564246469999582e-06,-3.6878979535974903e-07,3.5244763012327796e-07,0.0,0.0,0.0,0.0,8.0
-0.6585,6.987910575074414,0.0033309101772112815,0.9952847254804781,0.0027183509761681507,-0.0004028227974558104,4.462644170260385e-05,-1.273224590091762e-06,-6.215751861596451e-07,3.446632210599931e-07,0.0,0.0,0.0,0.0,8.0
-0.6555,6.986783787481728,0.0036401564048056845,0.9948622127056113,0.0029187211867143753,-0.00042863414607796196,4.778087990298203e-05,-9.943801796718646e-07,-9.305782071603454e-07,3.7218472795401907e-07,0.0,0.0,0.0,0.0,8.0
-0.6525,6.985572164532019,0.003970934698770045,0.9944093201562351,0.003135781733168662,-0.00045738994599983554,5.108410292551526e-05,-6.230545255955203e-07,-1.30269966187276e-06,4.308440774174061e-07,0.0,0.0,0.0,0.0,8.0
-0.6495,6.984271911441584,0.004325578335335794,0.9939213291426945,0.0033739438456803104,-0.0004888380968018796,5.3629203311125826e-05,9.939925158620625e-08,-1.670236855232774e-06,4.75577617322643e-07,0.0,0.0,0.0,0.0,8.0
-0.6465,6.982876723244191,0.004707558008487434,0.9933923705830893,0.003637024323877215,-0.000521583747187184,5.401626376672011e-05,1.4524207438717e-06,-1.9023988497772209e-06,4.374665002736155e-07,0.0,0.0,0.0,0.0,8.0
-0.6435,6.981372453465497,0.005121184310039559,0.9928176737953449,0.003923311986590322,-0.0005530606894072477,5.15996117894586e-05,3.374522211739414e-06,-1.9167009840621375e-06,2.938402888514327e-07,0.0,0.0,0.0,0.0,8.0
-0.6405,6.979730705879868,0.005571481994030462,0.9921962470504124,0.004220739989466451,-0.0005800840766391198,4.787495557708596e-05,5.138613057062351e-06,-1.807775532721589e-06,1.4018180762484632e-07,0.0,0.0,0.0,0.0,8.0
-0.6375,6.978029241080761,0.006063960519150784,0.9915173276565674,0.004508273206614734,-0.0005902767162612419,4.6316805943849474e-05,4.1119715887582635e-06,-1.8365556790091443e-06,3.3710481370306944e-07,0.0,0.0,0.0,0.0,8.0
-0.6345,6.975945802144748,0.006594015196877763,0.9908282084041061,0.004790113063841544,-0.0006192805211436312,4.70336214686004e-05,5.611036459206653e-06,-2.0478407005760882e-06,2.6242465222027577e-07,0.0,0.0,0.0,0.0,8.0
-0.6315,6.9737707514912195,0.007151170123915291,0.990096034664873,0.005091996819133679,-0.0006472476515814994,4.680064996010952e-05,6.855384391424149e-06,-2.221134832335375e-06,2.382854848831387e-07,0.0,0.0,0.0,0.0,8.0
-0.6285,6.971572150596991,0.00773711826447719,0.9893099211970836,0.005416884008364761,-0.000670394343341321,4.485815964089878e-05,7.633833051659745e-06,-2.2903772326674147e-06,2.698415592792115e-07,0.0,0.0,0.0,0.0,8.0
-0.6255,6.969235066212,0.008361889317174178,0.9884767794361922,0.005749275620076132,-0.000693205766420646,4.305669357440638e-05,8.506603112489817e-06,-2.37882451747421e-06,2.978572348223838e-07,0.0,0.0,0.0,0.0,8.0
-0.6225,6.966752633666899,0.009026891882489953,0.9875958724738972,0.006088945645600804,-0.0007158195081242002,4.141080598052919e-05,9.498304477308361e-06,-2.4887892909939886e-06,3.2000941184058676e-07,0.0,0.0,0.0,0.0,8.0
-0.6195,6.964116172754615,0.009732711272608427,0.986666039717855,0.006436914195494136,-0.0007378593418555237,3.982072339287965e-05,1.0572739454866823e-05,-2.616423913935253e-06,3.3903912313554866e-07,0.0,0.0,0.0,0.0,8.0
-0.6165,6.961318476935957,0.010479879325868802,0.9856859677093235,0.0067940804042704635,-0.0007589376747502745,3.817765436151297e-05,1.171558359838078e-05,-2.75541242128244e-06,3.5307320580596466e-07,0.0,0.0,0.0,0.0,8.0
-0.6135,6.958354228423938,0.011269232073133467,0.9846543719193845,0.00716068827576243,-0.0007787977243273287,3.636496365502727e-05,1.2931155425402583e-05,-2.8948054664243706e-06,3.5777979873469655e-07,0.0,0.0,0.0,0.0,8.0
-0.6105,6.955218453833988,0.012101885363430013,0.9835700971020189,0.0075362774758101604,-0.000797290998696284,3.42689184487488e-05,1.4217613328771535e-05,-3.021491247922956e-06,3.504557139009677e-07,0.0,0.0,0.0,0.0,8.0
-0.6075,6.951948423772981,0.012979484128711504,0.9824265203937084,0.00791846704430922,-0.0008099935625791604,3.201253216419888e-05,1.4855816459349614e-05,-3.138485333659321e-06,4.1697790872345656e-07,0.0,0.0,0.0,0.0,8.0
-0.6045,6.948409458993971,0.013902623080113126,0.9812403313373033,0.00830744393459015,-0.0008301928470398049,2.9434842968666675e-05,1.6900693932098006e-05,-3.243462330620572e-06,3.102743733387383e-07,0.0,0.0,0.0,0.0,8.0
-0.6015,6.944698707814723,0.014871299326789954,0.9799976269207952,0.008704413186299857,-0.0008478894777558165,2.6516963432782515e-05,1.868651029356088e-05,-3.342297238403687e-06,2.3713744165597162e-07,0.0,0.0,0.0,0.0,8.0
-0.5985,6.940831524899931,0.015886617223735355,0.9786956381048711,0.009106929723368727,-0.0008616243952828525,2.3727037319055715e-05,1.9891568328961132e-05,-3.477013162062934e-06,2.444725290896789e-07,0.0,0.0,0.0,0.0,8.0
-0.5955,6.9367763407065715,0.01694965035117324,0.9773376055386479,0.009513641769637763,-0.0008745955166202611,2.1333696146807772e-05,2.097721174519888e-05,-3.673332389469498e-06,2.8304070090986693e-07,0.0,0.0,0.0,0.0,8.0
-0.5925,6.932527829196791,0.01806137211133641,0.9759225124779783,0.00992553708987793,-0.0008871049437964867,1.9129567181921393e-05,2.206598248531784e-05,-3.913279346837676e-06,3.3650585923974246e-07,0.0,0.0,0.0,0.0,8.0
-0.5895,6.928084314018248,0.0192227296133722,0.97444832321592,0.010345161090178608,-0.0008990996887544983,1.6461026773440365e-05,2.3358074790572213e-05,-4.137317837728018e-06,3.6903021165372784e-07,0.0,0.0,0.0,0.0,8.0
-0.5865,6.92344657698115,0.020434461340679506,0.9729128676854228,0.010775074457300476,-0.0009103643387859037,1.2570151531012581e-05,2.5063763849912776e-05,-4.274562084170845e-06,3.395075525579049e-07,0.0,0.0,0.0,0.0,8.0
-0.5835,6.918611156070923,0.021697833890018805,0.9713147140131934,0.011214196304526141,-0.0009201017774651822,7.299393883119785e-06,2.715908152705559e-05,-4.2999346024727275e-06,2.4240347389518015e-07,0.0,0.0,0.0,0.0,8.0
-0.5805,6.913561212490188,0.02301566867050865,0.9696537479956182,0.011655190714894811,-0.0009265988653933898,1.542973630208367e-06,2.9226490418404943e-05,-4.268904974011003e-06,1.3371463261503808e-07,0.0,0.0,0.0,0.0,8.0
-0.5775,6.908353980191927,0.024391867045060252,0.9679213168101068,0.012086159269872351,-0.0009210798901806297,-3.0537981652008424e-06,2.9630902440413764e-05,-4.289128247739934e-06,2.2153954010646022e-07,0.0,0.0,0.0,0.0,8.0
-0.5745,6.902760969208676,0.02582427521343377,0.9661500592337233,0.012509329855653863,-0.0009272815539581433,-6.830366953331791e-06,3.198338892704867e-05,-4.355700762258882e-06,8.140662273111806e-08,0.0,0.0,0.0,0.0,8.0
-0.5715,6.897014442394522,0.027306933714150362,0.9643131850145465,0.01293585136396787,-0.0009266328744127356,-1.0943706839698033e-05,3.3457974578629016e-05,-4.3889877571968e-06,4.893866761763798e-08,0.0,0.0,0.0,0.0,8.0
-0.5685,6.8910786079350554,0.028839754869973932,0.9624161997176333,0.013364116646053536,-0.0009239355439956125,-1.5059921980423554e-05,3.475339044489604e-05,-4.423958166140499e-06,4.754614659675183e-08,0.0,0.0,0.0,0.0,8.0
-0.5655,6.88492869310424,0.03042581772746421,0.9604612307587278,0.013787747654646607,-0.0009202900336438173,-1.8183499489790612e-05,3.5872166186282486e-05,-4.538380466196232e-06,8.905214451165827e-08,0.0,0.0,0.0,0.0,8.0
-0.5625,6.878565822367737,0.03206588135435861,0.9584484125607322,0.014207316197801046,-0.0009164790723608516,-2.0477003693639996e-05,3.6973278756252103e-05,-4.720102608247858e-06,1.5285171055309965e-07,0.0,0.0,0.0,0.0,8.0
-0.5595,6.871991167092847,0.03376005835527489,0.9563763422921442,0.014627272138352425,-0.0009126860566257089,-2.2925727582848802e-05,3.8309590042216274e-05,-4.8883306904409285e-06,1.9348617348260563e-07,0.0,0.0,0.0,0.0,8.0
-0.5565,6.865208814979195,0.035507765783603186,0.9542428641184132,0.015053251883931227,-0.0009087742071122142,-2.677550998840088e-05,4.0176742220608124e-05,-4.940773957779987e-06,1.5416232426507484e-07,0.0,0.0,0.0,0.0,8.0
-0.5535,6.85821811421496,0.037309221420304066,0.9520464732721252,0.0154858323772761,-0.0009038826651242888,-3.2398585249123534e-05,4.2588732934532964e-05,-4.842459394516846e-06,2.2257835916070077e-08,0.0,0.0,0.0,0.0,8.0
-0.5505,6.850998029403088,0.03916748645012698,0.9497874522816881,0.015915520624461405,-0.0008957973626679101,-3.8499968455466854e-05,4.4976002569669545e-05,-4.683102199630437e-06,-1.233263143209402e-07,0.0,0.0,0.0,0.0,8.0
-0.5475,6.843623308866664,0.041087986096936785,0.947454974593336,0.01632499619077841,-0.0008730182173466794,-4.2556483548888224e-05,4.515136117291175e-05,-4.631492249001515e-06,-3.337681866218595e-09,0.0,0.0,0.0,0.0,8.0
-0.5445,6.835812773906923,0.04306779185257481,0.9450897857214694,0.016716305198967704,-0.0008637959345694791,-4.495571717556561e-05,4.729808168794006e-05,-4.687215123854871e-06,-9.781215174822177e-08,0.0,0.0,0.0,0.0,8.0
-0.5415,6.82782356902065,0.045097204229250974,0.9426646970528271,0.01710827076079801,-0.0008506470010417631,-4.792791738490299e-05,4.900425169059276e-05,-4.6884041933127976e-06,-1.3791056401796552e-07,0.0,0.0,0.0,0.0,8.0
-0.5385,6.819669938740918,0.0471754335939333,0.9401786510538771,0.017502112025213307,-0.0008340045903037279,-5.1805023079475454e-05,5.049492127056515e-05,-4.607042625678009e-06,-1.5888839314229096e-07,0.0,0.0,0.0,0.0,8.0
-0.5355,6.811299720641168,0.049307773100901627,0.9376360775151893,0.01788751286404857,-0.0008157387383674856,-5.5399094899542146e-05,5.1947551482923776e-05,-4.521495482734995e-06,-1.7725854608528193e-07,0.0,0.0,0.0,0.0,8.0
-0.5325,6.802715149416791,0.05149484314718939,0.9350386959890735,0.01826264670463076,-0.0007965680998220331,-5.855797567967963e-05,5.344920445162702e-05,-4.441820467628204e-06,-2.0301835865309025e-07,0.0,0.0,0.0,0.0,8.0
-0.5295,6.793915200148787,0.05373613191978535,0.9323878725876946,0.018627688051042306,-0.0007765231618520918,-6.135496570643142e-05,5.496149007420631e-05,-4.364319176521477e-06,-2.3087900584660382e-07,0.0,0.0,0.0,0.0,8.0
-0.5265,6.784897933740084,0.056030464262608604,0.9296846375878329,0.01898350947108996,-0.0007554198018225221,-6.390733343893403e-05,5.6433816221194637e-05,-4.283519210511273e-06,-2.553991077853196e-07,0.0,0.0,0.0,0.0,8.0
-0.5235,6.775663752370586,0.05837668822141814,0.9269298139797838,0.019330578669289167,-0.0007331875135187583,-6.626409141532857e-05,5.7860194436567655e-05,-4.198313857282796e-06,-2.7752157820291253e-07,0.0,0.0,0.0,0.0,8.0
-0.5205,6.76621440865955,0.06077398367082323,0.9241243251417051,0.019668784868201995,-0.000709985489678729,-6.842359810645636e-05,5.927332994915434e-05,-4.109521694407646e-06,-3.0228629360317035e-07,0.0,0.0,0.0,0.0,8.0
-0.5175,6.756592183065503,0.06322222698751075,0.9212640464960684,0.01999654003918727,-0.0006824036309728305,-7.020955925595268e-05,6.0152155201703644e-05,-4.023892538799224e-06,-2.70136780841432e-07,0.0,0.0,0.0,0.0,8.0
-0.5145,6.746701737246828,0.06572083059831356,0.9183627085952599,0.020313827800554348,-0.000659358171618271,-7.179465453274216e-05,6.179873032182345e-05,-3.936642651051553e-06,-3.2816202567306194e-07,0.0,0.0,0.0,0.0,8.0
-0.5115,6.736603545397802,0.06826861158973115,0.9154139842233953,0.020622145404728197,-0.0006358244118472461,-7.333137036939281e-05,6.344496778509474e-05,-3.833913439330303e-06,-3.882015423400458e-07,0.0,0.0,0.0,0.0,8.0
-0.5085,6.726317577489887,0.07086515073148564,0.9124166726504729,0.020920716436344022,-0.000610347476873688,-7.475903120297936e-05,6.485462236156208e-05,-3.7183365313781414e-06,-4.234318720262943e-07,0.0,0.0,0.0,0.0,8.0
-0.5055,6.715836002902846,0.0735099645756148,0.9093732263384477,0.021208764705892343,-0.0005839547335126697,-7.604024768900377e-05,6.61631112753765e-05,-3.59428897889595e-06,-4.497843008701858e-07,0.0,0.0,0.0,0.0,8.0
-0.5025,6.705157332540925,0.07620234174148902,0.9062853149220325,0.021486057497943113,-0.0005570779779121046,-7.717711395090407e-05,6.742138988618309e-05,-3.4637496517798943e-06,-4.737985890017795e-07,0.0,0.0,0.0,0.0,8.0
-0.49950000000000006,6.6942834327017975,0.07894150306275101,0.9031541787751881,0.021752510650145784,-0.0005298185184455888,-7.817290344604476e-05,6.863528779981687e-05,-3.3277043630874373e-06,-4.966187207088997e-07,0.0,0.0,0.0,0.0,8.0
-0.49649999999999994,6.683216962199656,0.08172666238580004,0.8999809812300773,0.022008033682841825,-0.0005022115441447421,-7.902074860125232e-05,6.98051831368686e-05,-3.1864374036574847e-06,-5.182510169828371e-07,0.0,0.0,0.0,0.0,8.0
-0.49350000000000005,6.671960897065727,0.08455704319896964,0.8967668921365556,0.022252496184320982,-0.0004742944731740553,-7.970375976162157e-05,7.093507638175647e-05,-3.039778270123521e-06,-5.386702094198147e-07,0.0,0.0,0.0,0.0,8.0
-0.49049999999999994,6.660518029528903,0.08743186925964003,0.8935131572330293,0.022485757546315852,-0.0004461551899209922,-8.02031975693618e-05,7.203705257287387e-05,-2.887388032273521e-06,-5.585914402940785e-07,0.0,0.0,0.0,0.0,8.0
-0.48750000000000004,6.648902360036343,0.09035045549282379,0.8902196404978949,0.022707414318497807,-0.00041695113486918124,-8.046228889375076e-05,7.298535157034446e-05,-2.7307145891888357e-06,-5.636078405711277e-07,0.0,0.0,0.0,0.0,8.0
-0.48449999999999993,6.637094323990066,0.09331197663627845,0.8868904858585931,0.022917427058168224,-0.0003886553109177137,-8.051129377079507e-05,7.405552207758675e-05,-2.569693646891374e-06,-5.838557388712042e-07,0.0,0.0,0.0,0.0,8.0
-0.48150000000000004,6.625104192134238,0.09631536998619017,0.8835260734444336,0.023116338072638083,-0.00036075532280907996,-8.040630822060156e-05,7.516509258805375e-05,-2.401402083043022e-06,-6.103213535192677e-07,0.0,0.0,0.0,0.0,8.0
-0.4784999999999999,6.612943503818565,0.09935973778997897,0.8801265813359378,0.023304245449933828,-0.00033261359413019615,-8.015551049678138e-05,7.621174900100006e-05,-2.225975813447432e-06,-6.320310520383536e-07,0.0,0.0,0.0,0.0,8.0
-0.47550000000000003,6.600615655362149,0.10244425333397336,0.8766932283021878,0.023481039428198063,-0.0003042763047110781,-7.975607560933024e-05,7.719063252551616e-05,-2.0448803173306204e-06,-6.487527621706506e-07,0.0,0.0,0.0,0.0,8.0
-0.4724999999999999,6.588122553342461,0.10556805834726742,0.8732274454746674,0.023646677870769035,-0.00027592302647277533,-7.921204125144024e-05,7.81169083386025e-05,-1.8592314102921407e-06,-6.624022019418262e-07,0.0,0.0,0.0,0.0,8.0
-0.46950000000000003,6.575466977148584,0.10873026516646563,0.869730566245222,0.023801187665768695,-0.00024766580367117713,-7.852997119673941e-05,7.899756152090981e-05,-1.669809536990364e-06,-6.739440696136104e-07,0.0,0.0,0.0,0.0,8.0
-0.4664999999999999,6.562652302562931,0.11192997186766829,0.8662038527488365,0.023944625728711425,-0.00021956967341750175,-7.771545201460895e-05,7.983425248442796e-05,-1.4772925072400545e-06,-6.837203412282355e-07,0.0,0.0,0.0,0.0,8.0
-0.4635,6.549682113140873,0.11516626776890493,0.8626485403202218,0.024077065973726452,-0.000191682613863419,-7.677305278976967e-05,8.062721339533063e-05,-1.282324026174808e-06,-6.918893854336995e-07,0.0,0.0,0.0,0.0,8.0
-0.4604999999999999,6.536560039838927,0.11843823503854152,0.8590658555341143,0.024198599782512032,-0.00016404713238517263,-7.570738180531971e-05,8.137650489927831e-05,-1.0854961811604094e-06,-6.985695526220427e-07,0.0,0.0,0.0,0.0,8.0
-0.4575,6.523289875600155,0.12174495194543823,0.8554570014689468,0.024309334121776473,-0.00013669109407629307,-7.45233157065179e-05,8.208047849270496e-05,-8.873432313572812e-07,-7.036785241265595e-07,0.0,0.0,0.0,0.0,8.0
-0.4544999999999999,6.509875034733319,0.1250854931091048,0.8518232248385617,0.02440939685811112,-0.00010967038713797268,-7.322754248945528e-05,8.274159367253272e-05,-6.883069490222108e-07,-7.075551284044074e-07,0.0,0.0,0.0,0.0,8.0
-0.4515,6.496319153251305,0.12845892899632558,0.8481657409969965,0.024498940746217484,-8.3023772067149e-05,-7.182818545664835e-05,8.336025831027495e-05,-4.887158684065304e-07,-7.103094472885445e-07,0.0,0.0,0.0,0.0,8.0
-0.4484999999999999,6.482626147951136,0.13186433323937155,0.8444857238987568,0.024578126131444188,-5.676850103934994e-05,-7.033291100247051e-05,8.393428787434276e-05,-2.888846621120965e-07,-7.117724305983506e-07,0.0,0.0,0.0,0.0,8.0
-0.4455,6.468799918551832,0.13530078553763106,0.8407843405764437,0.02464711230195979,-3.092291334139309e-05,-6.874847362984269e-05,8.446204462581019e-05,-8.915984187029277e-08,-7.118312167089762e-07,0.0,0.0,0.0,0.0,8.0
-0.4424999999999999,6.454844249481309,0.13876736927982017,0.8370627606657439,0.024706061126485716,-5.512815373148636e-06,-6.708126324687093e-05,8.494331315137392e-05,1.1010464135037771e-07,-7.105211945523685e-07,0.0,0.0,0.0,0.0,8.0
-0.4395,6.440762857707662,0.14226316896708902,0.8333221475095605,0.02475514178873093,1.9433789543491047e-05,-6.533777380184991e-05,8.537855554143711e-05,3.0857828447736357e-07,-7.079467226005548e-07,0.0,0.0,0.0,0.0,8.0
-0.4365000000000001,6.426559435934184,0.14578726938165495,0.8295636503915266,0.02479453239062084,4.3891298918525515e-05,-6.35247733292471e-05,8.576825455120685e-05,5.059669481516588e-07,-7.042121577350512e-07,0.0,0.0,0.0,0.0,8.0
-0.4335,6.412237663281819,0.1493387561584264,0.825788401985993,0.024824419367059786,6.783790587287956e-05,-6.164929236257379e-05,8.611270466614671e-05,7.020106372579071e-07,-6.99400789219837e-07,0.0,0.0,0.0,0.0,8.0
-0.4305000000000001,6.397801201278777,0.15291671709568452,0.8219975188230212,0.02484499605187672,9.12551703698571e-05,-5.9718528258279086e-05,8.641206761808802e-05,8.96472135927702e-07,-6.935813748279512e-07,0.0,0.0,0.0,0.0,8.0
-0.4275,6.3832537226169235,0.15652024397696934,0.8181920985695975,0.024856460365284015,0.00011412949907594277,-5.773961122291992e-05,8.666618705111146e-05,1.0891173160744726e-06,-6.867887845240427e-07,0.0,0.0,0.0,0.0,8.0
-0.4245000000000001,6.368598825695993,0.16014843368830672,0.8143732314693893,0.024859013910066324,0.00013644540866738,-5.571967158312943e-05,8.68755016398116e-05,1.279699187166007e-06,-6.791139935583015e-07,0.0,0.0,0.0,0.0,8.0
-0.4215,6.353840091067023,0.1638003882077256,0.8105419945064902,0.024852862701872706,0.00015818893048211944,-5.366590149097253e-05,8.704063831022126e-05,1.4679490070999579e-06,-6.706555970597184e-07,0.0,0.0,0.0,0.0,8.0
-0.4185000000000001,6.338981152287243,0.16747521558464354,0.8066994432521765,0.024838214599341497,0.00017935243263045452,-5.15853201480759e-05,8.716182837051896e-05,1.6535512199951385e-06,-6.614505859918548e-07,0.0,0.0,0.0,0.0,8.0
-0.4155,6.32402566949482,0.17117203082805094,0.802846615392605,0.024815275726869913,0.000199932893261228,-4.948464801414857e-05,8.723919773379311e-05,1.8361194466198556e-06,-6.514928853511794e-07,0.0,0.0,0.0,0.0,8.0
-0.4125000000000001,6.308977278151129,0.17488995537206575,0.7989845375185914,0.024784248789513165,0.00021992876086229313,-4.737049207997088e-05,8.727326226024633e-05,2.015198704429059e-06,-6.407763035859235e-07,0.0,0.0,0.0,0.0,8.0
-0.4095,6.293839573311471,0.1786281154740281,0.7951142281432148,0.024745332005414136,0.00023933978818609536,-4.524970256180837e-05,8.726505827031767e-05,2.1903073239172422e-06,-6.293131462537224e-07,0.0,0.0,0.0,0.0,8.0
-0.4065000000000001,6.278616121652633,0.1823856401865384,0.7912366986026468,0.024698715851975802,0.0002581695468628868,-4.312981059489496e-05,8.721595919966511e-05,2.3610345196133614e-06,-6.171451891622671e-07,0.0,0.0,0.0,0.0,8.0
-0.40349999999999997,6.263310479360496,0.1861616587934563,0.787352955742872,0.024644575416691614,0.0002764295266523691,-4.1019635964312674e-05,8.712735615768174e-05,2.527214713402383e-06,-6.043752805300799e-07,0.0,0.0,0.0,0.0,8.0
-0.4005000000000001,6.247926208507457,0.18995529693468485,0.7834640088937073,0.024583056889481612,0.00029414471012937813,-3.89302079059735e-05,8.700026999775462e-05,2.68918619425471e-06,-5.912291252126634e-07,0.0,0.0,0.0,0.0,8.0
-0.39749999999999996,6.232466901203606,0.19376567039466586,0.7795708816167435,0.0245142578604346,0.00031136090994669666,-3.687594645220056e-05,8.683487085096003e-05,2.8480966865523544e-06,-5.781303845996043e-07,0.0,0.0,0.0,0.0,8.0
-0.3945000000000001,6.216936200235007,0.19759187530991668,0.7756746305962301,0.024438204368654525,0.000328150888369938,-3.4875595651567296e-05,8.663011752243448e-05,3.0061396108683763e-06,-5.657670685744221e-07,0.0,0.0,0.0,0.0,8.0
-0.39149999999999996,6.201337846857194,0.20143297322674758,0.7717763683526908,0.024354832690352133,0.0003446156393117263,-3.295143451394844e-05,8.638344351979906e-05,3.1664996274286784e-06,-5.550647415687976e-07,0.0,0.0,0.0,0.0,8.0
-0.38850000000000007,6.185675777642512,0.2052879686903216,0.7678772879976923,0.024263987771954064,0.00036087268660547927,-3.112405470069363e-05,8.609048104756312e-05,3.332688330271016e-06,-5.46962396542101e-07,0.0,0.0,0.0,0.0,8.0
-0.38549999999999995,6.169954275551793,0.2091557739730553,0.7639786942999713,0.02416545081245363,0.0003770196396176327,-2.9399251448012556e-05,8.574488658650515e-05,3.506948212108996e-06,-5.419017405980202e-07,0.0,0.0,0.0,0.0,8.0
-0.38250000000000006,6.154178206626447,0.213035151530102,0.7600820489703036,0.024059001390208584,0.0003930654804134993,-2.774439669783382e-05,8.533803414275864e-05,3.6875997038375372e-06,-5.389841979332155e-07,0.0,0.0,0.0,0.0,8.0
-0.37949999999999995,6.138353385922048,0.21692462659839903,0.7561890357033585,0.023944507111949054,0.0004088348078781654,-2.6055781217621023e-05,8.485823696637657e-05,3.86570242282881e-06,-5.348962805285621e-07,0.0,0.0,0.0,0.0,8.0
-0.37650000000000006,6.122487040519157,0.22082238349857022,0.7523016266711345,0.023822031872119502,0.0004238702801745044,-2.412765577102325e-05,8.428994050176125e-05,4.022234694802969e-06,-5.230058909553941e-07,0.0,0.0,0.0,0.0,8.0
-0.37349999999999994,6.10658813459176,0.22472621393580874,0.7484220654823105,0.023691981565837884,0.0004373825436074077,-2.1647842894931046e-05,8.361522665281786e-05,4.128009659690435e-06,-4.934425897022833e-07,0.0,0.0,0.0,0.0,8.0
-0.37050000000000005,6.090667037718142,0.22863366479308897,0.7445525834195151,0.023555356770699185,0.0004483151959992277,-1.8257649131099355e-05,8.282219463453073e-05,4.149199250213591e-06,-4.352766228188166e-07,0.0,0.0,0.0,0.0,8.0
-0.36749999999999994,6.074733904979162,0.232542567151691,0.7406946278038208,0.023414194155025707,0.0004555845074914073,-1.3709679983855478e-05,8.192488627705765e-05,4.060554552995782e-06,-3.416520529249012e-07,0.0,0.0,0.0,0.0,8.0
-0.36450000000000005,6.058795689833295,0.236451983250499,0.7368475697221715,0.02327215928078953,0.0004584907375328123,-8.1153133485822e-06,8.099417764694813e-05,3.864940034832969e-06,-2.1738477568061526e-07,0.0,0.0,0.0,0.0,8.0
-0.36149999999999993,6.042853320402608,0.24036318935725015,0.7330073647112784,0.023134991855482682,0.0004571659930893157,-2.190105252284662e-06,8.018808520314311e-05,3.6116476879836494e-06,-8.612645191688619e-08,0.0,0.0,0.0,0.0,8.0
-0.35850000000000004,6.026902550768956,0.24427980361522422,0.7291662182507255,0.023010283712369833,0.0004527780424800794,2.6763931858100787e-06,7.975941627003574e-05,3.40040017216045e-06,7.967179730103047e-09,0.0,0.0,0.0,0.0,8.0
-0.3554999999999999,6.010941549716569,0.24820622028802725,0.7253142873739025,0.02290612107013813,0.0004472258702710592,4.696669139710925e-06,8.001608910371636e-05,3.3591345044563906e-06,8.949289921965943e-09,0.0,0.0,0.0,0.0,8.0
-0.35250000000000004,5.994981272581454,0.2521449347706307,0.7214432738164468,0.022828251775928614,0.0004424551828421823,2.3529870573209595e-06,8.120851320163594e-05,3.5946750013859433e-06,-1.297730697663887e-07,0.0,0.0,0.0,0.0,8.0
-0.3494999999999999,5.979041418832389,0.25609584877987496,0.7175500469244764,0.02277509548199323,0.0004401855095500485,-4.653471321845531e-06,8.330761966653589e-05,4.129715288200951e-06,-4.12892075694734e-07,0.0,0.0,0.0,0.0,8.0
-0.34650000000000003,5.963111335648468,0.26006113298220995,0.7136381691899274,0.022730184659978555,0.00044288209733509747,-1.4419652569307504e-05,8.567499181638849e-05,4.84877018296891e-06,-7.657647613662447e-07,0.0,0.0,0.0,0.0,8.0
-0.3434999999999999,5.947093426086523,0.2640527297180774,0.7097174950978996,0.022656940586378925,0.0004549508447940805,-2.247731762477015e-05,8.687821590979104e-05,5.489974015810929e-06,-1.0203304127918818e-06,0.0,0.0,0.0,0.0,8.0
-0.3405,5.930816823722358,0.26808810504824654,0.7058046005026469,0.02251114814119315,0.0004800236275724197,-2.344904835559245e-05,8.533583361776749e-05,5.746203648966732e-06,-9.890739765494618e-07,0.0,0.0,0.0,0.0,8.0
-0.3374999999999999,5.914592137455823,0.27216813476866375,0.701879007331598,0.022273287938128463,0.0005333025601620948,-1.4323904854901273e-05,7.869195685174906e-05,5.469416158216606e-06,-4.386738946104408e-07,0.0,0.0,0.0,0.0,8.0
-0.3345,5.898333018880638,0.2762567406870724,0.6979919258125372,0.021981919864317495,0.0005840275865630579,9.729564322784114e-07,7.091398204692477e-05,4.8357297334130585e-06,2.658559334595612e-07,0.0,0.0,0.0,0.0,8.0
-0.3314999999999999,5.881670238046797,0.28030059079377967,0.6942205390777302,0.021720383415400144,0.0005825261176701425,1.3674768684524788e-05,6.87685280509849e-05,4.242726356724525e-06,4.940832349676904e-07,0.0,0.0,0.0,0.0,8.0
-0.3285,5.864937348021258,0.28429837072756325,0.6905058299582995,0.021521387783473366,0.0005509248870252775,2.0931153425278287e-05,7.029851702259212e-05,3.863311009480237e-06,3.9803420457358e-07,0.0,0.0,0.0,0.0,8.0
-0.3254999999999999,5.848203541009056,0.2882892291509866,0.6867897148247352,0.0213607186533519,0.0005189560658201496,2.481018081965773e-05,7.210866861854677e-05,3.6410533893420602e-06,2.673468329731836e-07,0.0,0.0,0.0,0.0,8.0
-0.3225,5.831568196559662,0.29227880318420424,0.6830464357457702,0.021242966672289317,0.0004946739867502337,2.4050977128387377e-05,7.384560856108677e-05,3.675654063982659e-06,1.0783659621564693e-07,0.0,0.0,0.0,0.0,8.0
-0.3194999999999999,5.8150482950091655,0.2962705677967706,0.6792686675024616,0.021165800310330073,0.00047872022188268553,1.811573530125854e-05,7.583044815198588e-05,4.011850264642294e-06,-1.245418255005491e-07,0.0,0.0,0.0,0.0,8.0
-0.3165,5.798644172693935,0.30026758566323514,0.675459815192503,0.021115455510076993,0.00047021531307546536,8.104013800053737e-06,7.813116433073035e-05,4.590859594995586e-06,-4.3277493547094993e-07,0.0,0.0,0.0,0.0,8.0
-0.3134999999999999,5.782280747044733,0.3042819860860731,0.6716304505634058,0.021058623722381764,0.0004707491423436942,-2.4827012880058564e-06,7.995702447525023e-05,5.220870058509223e-06,-7.245477826416128e-07,0.0,0.0,0.0,0.0,8.0
-0.3105,5.765751047868121,0.3083395317482178,0.6677972790822673,0.020944050559969816,0.0004847910235527593,-8.270507283952936e-06,7.97516446967627e-05,5.618889610477063e-06,-8.302137680966962e-07,0.0,0.0,0.0,0.0,8.0
-0.3075000000000001,5.749127678897627,0.3124580793876841,0.6639547336646074,0.020732418224454374,0.000524997829627567,-5.020803311867229e-06,7.530810932556002e-05,5.584030679481134e-06,-5.378964779501211e-07,0.0,0.0,0.0,0.0,8.0
-0.3045,5.732419824626951,0.3166066833521676,0.6601407373985915,0.020448746544330397,0.0005729710791861894,4.725006677946523e-06,6.886129034118273e-05,5.23166917593414e-06,-4.469165655364375e-08,0.0,0.0,0.0,0.0,8.0
-0.3015000000000001,5.715577961469493,0.3207119665881766,0.6564171085832414,0.020183143056501755,0.0005882568928169303,1.2093065350696708e-05,6.598381956855303e-05,4.958424743281859e-06,1.479728906448935e-07,0.0,0.0,0.0,0.0,8.0
-0.2985,5.6988894797829985,0.32475739630045286,0.652748994494867,0.01997144234551511,0.0005803817756166871,1.4118737096333576e-05,6.617119069280288e-05,4.912728724123995e-06,6.731757591216339e-08,0.0,0.0,0.0,0.0,8.0
-0.2955000000000001,5.682175253791133,0.32879150801081775,0.6491043545714498,0.019767799541600746,0.0005718957457581479,1.5301854345874175e-05,6.637104962425972e-05,4.891075563724699e-06,-1.6881840979089596e-08,0.0,0.0,0.0,0.0,8.0
-0.2925,5.665503534353421,0.3328112506295009,0.6454733745787139,0.01957245374161307,0.0005671365897863446,1.5787597469804605e-05,6.61450131203617e-05,4.891098247228295e-06,-6.87850669201494e-08,0.0,0.0,0.0,0.0,8.0
-0.2895000000000001,5.648888823162874,0.3368159412817587,0.6418542939353296,0.01938267675413157,0.0005663399681486559,1.5820323215351755e-05,6.550353303940098e-05,4.904517875060677e-06,-8.966585018325517e-08,0.0,0.0,0.0,0.0,8.0
-0.2865,5.632340480807957,0.340807138016674,0.6382482751793578,0.01919426693663183,0.0005682565428987074,1.5689546591074392e-05,6.460277823449882e-05,4.920314611656281e-06,-9.19077966718124e-08,0.0,0.0,0.0,0.0,8.0
-0.2835000000000001,5.615870086282055,0.3447873866335167,0.6346575336628646,0.019003405700481077,0.0005714391776831818,1.5614753111376243e-05,6.359180769615843e-05,4.929498008810358e-06,-8.605009170415083e-08,0.0,0.0,0.0,0.0,8.0
-0.28049999999999997,5.599484270460663,0.34875876496829883,0.6310846615420492,0.01880796149079439,0.0005747851465235114,1.568106577756553e-05,6.255834575319842e-05,4.927221891933623e-06,-7.676132658133537e-08,0.0,0.0,0.0,0.0,8.0
-0.2775000000000001,5.58318171188853,0.3527221670744546,0.6275319722961907,0.018607580555762355,0.0005777529015497449,1.5863073664165378e-05,6.152791310221336e-05,4.912195720429577e-06,-6.404249431882833e-08,0.0,0.0,0.0,0.0,8.0
-0.27449999999999997,5.566955976839294,0.35667748485774237,0.6240009251696543,0.018402822166277727,0.0005804312556106762,1.6073667311300517e-05,6.04860428482339e-05,4.887192159758872e-06,-4.6851137873191304e-08,0.0,0.0,0.0,0.0,8.0
-0.2715000000000001,5.5507981206172365,0.36062421864507466,0.6204921186784765,0.018194059828475065,0.0005834852526702153,1.6168733290301864e-05,5.9408247619217886e-05,4.862760581250515e-06,-2.7166922201173378e-08,0.0,0.0,0.0,0.0,8.0
-0.26849999999999996,5.534696409037541,0.3645617870843829,0.6170061359863679,0.017980710643536575,0.0005879016286778517,1.593987809866163e-05,5.8286138408662356e-05,4.859038735899485e-06,-1.1992261894150501e-08,0.0,0.0,0.0,0.0,8.0
-0.26550000000000007,5.518638025755729,0.36848878202639285,0.6135452702538986,0.017760798502996042,0.0005944310466627676,1.5259228396681055e-05,5.7123251915566154e-05,4.8935566709418945e-06,-8.915984725756084e-09,0.0,0.0,0.0,0.0,8.0
-0.26249999999999996,5.5026167384725095,0.3724010346526373,0.6101160252444703,0.01753037530404119,0.0006027389234045946,1.4514107811203441e-05,5.587590170667188e-05,4.948410312866978e-06,-1.2881667046931438e-08,0.0,0.0,0.0,0.0,8.0
-0.25950000000000006,5.486636573724823,0.3762907248016778,0.6067306212347032,0.017282898560516645,0.0006108507655081453,1.506616955264682e-05,5.436826252969011e-05,4.9393401412349476e-06,7.494159184549787e-09,0.0,0.0,0.0,0.0,8.0
-0.25649999999999995,5.470695007934792,0.3801506986428492,0.6034024697272817,0.01701156604477917,0.0006160020260753071,1.8805447085448155e-05,5.23304207283936e-05,4.747050792948407e-06,9.978511608413184e-08,0.0,0.0,0.0,0.0,8.0
-0.25350000000000006,5.454791750389298,0.383978355038965,0.6001330903437101,0.016723430018111815,0.0006159623661774581,2.570865139939575e-05,4.988213366776034e-05,4.361664109581588e-06,2.628157045867779e-07,0.0,0.0,0.0,0.0,8.0
-0.25049999999999994,5.4391079892285035,0.3877549616620995,0.5969012931770596,0.016470975005928274,0.0006063947344856407,3.0103394234204658e-05,4.8585346447351266e-05,4.069070502306227e-06,3.391230339481392e-07,0.0,0.0,0.0,0.0,8.0
-0.24750000000000005,5.424134479473523,0.3914380266524817,0.5936674529023362,0.016334889188174103,0.000582075747018831,2.3220331726518956e-05,5.083629585553898e-05,4.302840190811478e-06,8.587057059251586e-08,0.0,0.0,0.0,0.0,8.0
-0.24449999999999994,5.409588613324819,0.39511755230640044,0.5903858484697994,0.016222512144973868,0.0005744807303318015,1.2653903039760984e-05,5.263876122584329e-05,4.748570077474254e-06,-1.7305836984886553e-07,0.0,0.0,0.0,0.0,8.0
-0.24150000000000005,5.393002866901076,0.3990200312919227,0.5871687829684624,0.015863265166072688,0.0006012597493456636,2.1942398601833128e-05,4.796520323116154e-05,4.328836317870592e-06,1.3004382833327248e-07,0.0,0.0,0.0,0.0,8.0
-0.23849999999999993,5.377557209710671,0.402721466228772,0.5840233964789051,0.015628815767861143,0.0005996644192504125,2.1399475594531994e-05,4.7139791623224306e-05,4.304743497022586e-06,1.2707595133087124e-07,0.0,0.0,0.0,0.0,8.0
-0.23550000000000004,5.362269732563725,0.4063966958622299,0.5809054186077234,0.01539198210258018,0.0006017845607788428,2.0192127799529784e-05,4.615217813196882e-05,4.321605494350849e-06,1.2760811541905688e-07,0.0,0.0,0.0,0.0,8.0
-0.23249999999999993,5.347143216577683,0.4100491043855515,0.5778230377824696,0.015145128376300018,0.0006061771557389774,1.8762903542182206e-05,4.5138512948699535e-05,4.360151869855836e-06,1.1948996021671058e-07,0.0,0.0,0.0,0.0,8.0
-0.22950000000000004,5.332159717497001,0.41367240059476396,0.5747890234293979,0.014882877428355958,0.0006112924642801836,1.810750084380043e-05,4.400259178637738e-05,4.359151956159946e-06,1.1920000186213276e-07,0.0,0.0,0.0,0.0,8.0
-0.22649999999999992,5.317289605290193,0.4172563921962004,0.571818169020683,0.014598872947587656,0.0006153019195027225,2.0006705343082276e-05,4.2433542779482505e-05,4.209898145164945e-06,1.705763994653689e-07,0.0,0.0,0.0,0.0,8.0
-0.22350000000000003,5.302490159982106,0.42079734574541755,0.5689173243930683,0.01429236376744394,0.0006165349560579594,2.54193549850736e-05,4.028679523568636e-05,3.852523376397255e-06,2.985499744853201e-07,0.0,0.0,0.0,0.0,8.0
-0.22049999999999992,5.287869239213914,0.42428188381309806,0.5660719690261524,0.014000591257194338,0.0006113088462935259,3.055447914298096e-05,3.86048097324185e-05,3.4681858797036504e-06,4.0608734716639403e-07,0.0,0.0,0.0,0.0,8.0
-0.21750000000000003,5.274005506937276,0.42765041907129475,0.5632455325218005,0.013818111274846685,0.0005903509348688539,2.5819971341743843e-05,4.011924800658701e-05,3.5018189496939285e-06,2.3952249631023266e-07,0.0,0.0,0.0,0.0,8.0
-0.2144999999999999,5.26101028193982,0.4309523413289201,0.5603766012357798,0.013706337632497664,0.0005778470964616678,1.3613243537422755e-05,4.254063493457332e-05,3.880118126154496e-06,-4.010320884722908e-08,0.0,0.0,0.0,0.0,8.0
-0.21150000000000002,5.245669221010229,0.43452095370371624,0.5575733998785892,0.013319495776071989,0.0006068558091056994,2.2193879169705284e-05,3.80187525102541e-05,3.3938271511829247e-06,2.4528511957723217e-07,0.0,0.0,0.0,0.0,8.0
-0.2084999999999999,5.231611956764509,0.4378506771736665,0.5548651496835876,0.013058788099763609,0.0006048915237306566,2.1633519051049985e-05,3.721778095689601e-05,3.234222623485546e-06,2.558895180740997e-07,0.0,0.0,0.0,0.0,8.0
-0.20550000000000002,5.217764561202376,0.4411333946676664,0.5522014391045832,0.012798685737872005,0.0006041122884131359,2.07986218787825e-05,3.628928769422202e-05,3.0700382330477772e-06,2.778843935136456e-07,0.0,0.0,0.0,0.0,8.0
-0.2024999999999999,5.204156769678659,0.44437337137040894,0.5495858811478748,0.012535494408156954,0.0006033746150139597,1.997730988053217e-05,3.5345406287830014e-05,2.8912263956764503e-06,3.033286334352978e-07,0.0,0.0,0.0,0.0,8.0
-0.1995,5.190780751020369,0.4475696563920226,0.547021964484093,0.01226919967668179,0.0006021477013566648,1.9207439439628956e-05,3.444048100921056e-05,2.698508997675413e-06,3.282685248034427e-07,0.0,0.0,0.0,0.0,8.0
-0.1964999999999999,5.177619130811221,0.4507179402485634,0.5445109525849127,0.01200082142435714,0.0006006783552147078,1.8454457670461035e-05,3.356159580538798e-05,2.497625951728072e-06,3.537188066087951e-07,0.0,0.0,0.0,0.0,8.0
-0.1935,5.16466194452419,0.4538138024113878,0.5420531260427949,0.011730233385467215,0.0005992652459081756,1.771304756103662e-05,3.269571465570547e-05,2.295988296674376e-06,3.813824727748657e-07,0.0,0.0,0.0,0.0,8.0
-0.1904999999999999,5.151909848176876,0.4568540506410239,0.5396493246510338,0.011456244530536572,0.0005980016630024617,1.7010384771221498e-05,3.184938577116332e-05,2.10066793217399e-06,4.1233286972949883e-07,0.0,0.0,0.0,0.0,8.0
-0.1875,5.1393702809008674,0.4598363818809708,0.5373016340069282,0.011177644110750352,0.000596891394915277,1.640402600235196e-05,3.1034726231125354e-05,1.914533463136174e-06,4.475627779077783e-07,0.0,0.0,0.0,0.0,8.0
-0.1845000000000001,5.127053561332113,0.46275858820286164,0.53501328449117,0.010893846427312412,0.0005958835922067473,1.6009555795742904e-05,3.0254234019297334e-05,1.7312855511189154e-06,4.888536997158868e-07,0.0,0.0,0.0,0.0,8.0
-0.1815,5.114970815690538,0.4656180384495725,0.5327881165701658,0.010604943783449963,0.0005947003224691759,1.602653223847164e-05,2.9495396847205865e-05,1.5326194269364736e-06,5.395863301074388e-07,0.0,0.0,0.0,0.0,8.0
-0.1785000000000001,5.103131894277737,0.46841186142805336,0.5306296902746984,0.010311656466178359,0.0005926789285578014,1.6712102584042154e-05,2.8736630523649518e-05,1.2906192379706525e-06,6.047490386346665e-07,0.0,0.0,0.0,0.0,8.0
-0.1755,5.091540259081362,0.471138308785839,0.5285396827481805,0.0100156436769397,0.0005889391086388813,1.824743610870374e-05,2.796712266482142e-05,9.778783457366947e-07,6.887915318785382e-07,0.0,0.0,0.0,0.0,8.0
-0.1725000000000001,5.08018396900775,0.4737993483286237,0.526515384635179,0.009720212288460331,0.0005829735543090004,2.0481479303195843e-05,2.72199363023575e-05,5.849472175970032e-07,7.908456928256944e-07,0.0,0.0,0.0,0.0,8.0
-0.16949999999999998,5.069031281207399,0.4764025056624618,0.524547679130532,0.009431028416509248,0.0005752701084929221,2.266813411363252e-05,2.6608549649747036e-05,1.3701227212627026e-07,8.99368122921532e-07,0.0,0.0,0.0,0.0,8.0
-0.1665000000000001,5.058057796018034,0.4789565146023926,0.5226228817775711,0.009157013772963728,0.0005669820172648545,2.341710546570762e-05,2.6365854912708428e-05,-3.0449741203470753e-07,9.894809970352078e-07,0.0,0.0,0.0,0.0,8.0
-0.16349999999999998,5.047336161532704,0.48145583563932415,0.5207299445144312,0.008913250628790803,0.0005578628135549706,2.0913463036401147e-05,2.69106010007224e-05,-6.606235400011507e-07,1.0232934664074163e-06,0.0,0.0,0.0,0.0,8.0
-0.1605000000000001,5.0371120790777555,0.4838684666399778,0.5188663552182472,0.008721094591614699,0.000544748388158209,1.3520419625045851e-05,2.87855330653805e-05,-8.710754813886541e-07,9.612534513887981e-07,0.0,0.0,0.0,0.0,8.0
-0.15749999999999997,5.027674871381134,0.4861848057384463,0.5170170333889119,0.00857094847270882,0.0005333519653072615,2.6556491966081703e-06,3.127293592589102e-05,-1.000581696223548e-06,8.61812264163023e-07,0.0,0.0,0.0,0.0,8.0
-0.15450000000000008,5.01832697317086,0.4885285272961292,0.5151780289793265,0.008345263309810794,0.0005450062086732835,-2.3393092805030457e-06,3.119030215170186e-05,-1.412061184906424e-06,9.698077419847218e-07,0.0,0.0,0.0,0.0,8.0
-0.15149999999999997,5.007929542682567,0.49098023863419377,0.5134253206399072,0.007963432494827317,0.0005749304087627342,4.619648632827989e-06,2.78709102073501e-05,-2.3460211522027472e-06,1.3540997272059527e-06,0.0,0.0,0.0,0.0,8.0
-0.14850000000000008,4.998745254762142,0.4931947850588668,0.5117792209874833,0.007690350877410217,0.0005743696694618499,4.418722406290726e-06,2.7957784321351162e-05,-3.088674280153277e-06,1.5252629337066226e-06,0.0,0.0,0.0,0.0,8.0
-0.14549999999999996,4.989582771742635,0.4953381771158234,0.5102139077496405,0.007420956122937794,0.0005679711217347288,3.990252911879644e-06,2.85692359657925e-05,-3.896486032108387e-06,1.6894948264816796e-06,0.0,0.0,0.0,0.0,8.0
-0.14250000000000007,4.980503905533891,0.4973993820536057,0.5087317330606901,0.007154073146281191,0.0005576434613586446,3.4699558744588386e-06,2.950558237422591e-05,-4.788570686843405e-06,1.865965253404709e-06,0.0,0.0,0.0,0.0,8.0
-0.13949999999999996,4.971624412499983,0.4993710666201294,0.5073358477583363,0.0068824226887130675,0.0005450506908678501,3.670588678113325e-06,3.0501513232753752e-05,-5.818235695826094e-06,2.083201726996091e-06,0.0,0.0,0.0,0.0,8.0
-0.13650000000000007,4.962978736648485,0.501259670851446,0.5060311075626179,0.00659222098817956,0.0005312025762275937,6.049987368251225e-06,3.125178083113768e-05,-7.069607424067523e-06,2.3768019283647574e-06,0.0,0.0,0.0,0.0,8.0
-0.13349999999999995,4.954321364135466,0.5031073372461948,0.5048197848185716,0.006254237107230331,0.0005196115416970258,1.3076663812326934e-05,3.112307884017493e-05,-8.663118054507876e-06,2.806168131844282e-06,0.0,0.0,0.0,0.0,8.0
-0.13050000000000006,4.94494958981894,0.5050073458934274,0.5037081229529882,0.0058092869053740556,0.0005183875022263403,2.9164297908198e-05,2.8845156047563427e-05,-1.0785001764211218e-05,3.475394233228011e-06,0.0,0.0,0.0,0.0,8.0
-0.12749999999999995,4.936695608836943,0.507052081206562,0.5024353679154554,0.005117239010990711,0.0005800853991630653,5.42720999239843e-05,1.7112262245123676e-05,-1.3146467645873339e-05,5.009271763185746e-06,0.0,0.0,0.0,0.0,8.0
-0.12450000000000006,4.93594836378967,0.5073418557640058,0.5020303645399078,0.005149642684513346,0.0005351775218826861,4.217974675919952e-05,1.7889429362163883e-05,-1.3360723699991072e-05,5.552986891934708e-06,0.0,0.0,0.0,0.0,8.0
-0.12149999999999994,4.9266228255490825,0.5095841942976898,0.5001509828186831,0.005331562846234273,0.0006268395050861564,-2.743535495415866e-05,2.0140124061193403e-05,-8.297244173377966e-06,5.455058663037025e-06,-7.079885537879026e-07,1.7616533790327776e-07,0.0,0.0,10.0
-0.11850000000000005,4.918440183270105,0.5111469737649253,0.49925063719927126,0.005029565225787919,0.0005937629031751449,-2.9069139756270175e-05,2.4634930963285867e-05,-9.474808322201226e-06,5.649335930767657e-06,-8.25332021026285e-07,1.9556403187290654e-07,0.0,0.0,10.0
-0.11549999999999994,4.910750417207841,0.5126430049907122,0.49837525001406013,0.004756194852322913,0.0005655976402016205,-3.179724899928935e-05,2.887764391180616e-05,-1.0706323218289812e-05,5.908879327368678e-06,-9.520190089236246e-07,2.1563744841519763e-07,0.0,0.0,10.0
-0.11250000000000004,4.903687494507478,0.5140890901920553,0.4975047955381204,0.004500964684959871,0.0005460974724704807,-3.4685729411196974e-05,3.2540303847539675e-05,-1.2022900166021256e-05,6.254857092274746e-06,-1.0888166111741706e-06,2.3577381614373826e-07,0.0,0.0,10.0
-0.10949999999999993,4.897121495299345,0.5154941918146991,0.4966444059902376,0.004256854538940456,0.000533285933224517,-3.720373338351619e-05,3.572537930833078e-05,-1.3439535433450159e-05,6.682147594266671e-06,-1.2368970181674573e-06,2.56602291077715e-07,0.0,0.0,10.0
-0.10650000000000004,4.890840098839666,0.5168576495336552,0.49580811995846963,0.004021209624311656,0.0005239964302233519,-3.921137451253643e-05,3.8614720751761774e-05,-1.4952904041168666e-05,7.180638193209794e-06,-1.397990541021525e-06,2.789992326013593e-07,0.0,0.0,10.0
-0.10349999999999993,4.884688744272305,0.5181729843020992,0.4950094273935335,0.0037917469719891375,0.0005162341217019639,-4.0592566338017004e-05,4.128365691105435e-05,-1.6559086853109183e-05,7.747297791906796e-06,-1.5739500007909289e-06,3.034978590215638e-07,0.0,0.0,10.0
-0.10050000000000003,4.878609917423506,0.5194309355313489,0.49426160425770455,0.003563870064026279,0.000508788301684057,-4.098722701613271e-05,4.372252567412158e-05,-1.8268658972280702e-05,8.385847346011138e-06,-1.766308986774583e-06,3.302641330145095e-07,0.0,0.0,10.0
-0.09749999999999992,4.872626951574815,0.5206196826922035,0.49358036546019457,0.003331450521457315,0.0005001735735425665,-3.976479016995337e-05,4.590891821127588e-05,-2.0111593516163582e-05,9.103201074572876e-06,-1.976036141828675e-06,3.592161648421498e-07,0.0,0.0,10.0
-0.09450000000000003,4.866815907468993,0.5217240969674407,0.4929835183055343,0.0030899701935367414,0.0004881354922853842,-3.621187078248627e-05,4.7855551207539175e-05,-2.2130763568826098e-05,9.906248059402017e-06,-2.2036091044055733e-06,3.9016800618056124e-07,0.0,0.0,10.0
-0.09149999999999991,4.86128414374029,0.5227265005455773,0.49248646791955447,0.002840304121742962,0.0004699134205990279,-2.9896298742177826e-05,4.9637368675143094e-05,-2.4362894914060525e-05,1.0797907269849037e-05,-2.449546673991333e-06,4.2309623363247047e-07,0.0,0.0,10.0
-0.08850000000000002,4.856163337712597,0.5236092698631624,0.4920948926643907,0.002592250886697078,0.000443040826118391,-2.1177641357358593e-05,5.1415759768345556e-05,-2.6807171071124483e-05,1.1771421210276932e-05,-2.7154411775689927e-06,4.5858927523504433e-07,0.0,0.0,10.0
-0.08549999999999991,4.851628351782878,0.524356636519487,0.4917970284542846,0.0023678539148030593,0.0004062745838653002,-1.1788708975932542e-05,5.3471438485424616e-05,-2.938714961035157e-05,1.2803400356373847e-05,-3.0052763208870785e-06,4.9841163659331e-07,0.0,0.0,10.0
-0.08250000000000002,4.847956915472805,0.5249518844622637,0.49155788243106424,0.0022048830799099093,0.0003601874360740672,-5.350378046693265e-06,5.624964596851936e-05,-3.191719875864513e-05,1.384733254292277e-05,-3.3265779521414457e-06,5.460161350555144e-07,0.0,0.0,10.0
-0.0794999999999999,4.845612901492962,0.5253713942766729,0.4913163884442297,0.002158241642744643,0.00030751952294355046,-7.517041534753297e-06,6.036595666092061e-05,-3.4092068221141916e-05,1.4832867231652984e-05,-3.6908096251180454e-06,6.066719620676242e-07,0.0,0.0,10.0
-0.07650000000000001,4.8451978576274835,0.5255954694053058,0.490987383858568,0.0022851343981565926,0.0002550343411338288,-2.4652980998694906e-05,6.631103813506605e-05,-3.5553484697569376e-05,1.5691313805041735e-05,-4.11183253977976e-06,6.861916593530749e-07,0.0,0.0,10.0
-0.0734999999999999,4.846860706040956,0.5256824917848826,0.4904807750252978,0.0025784306166418683,0.00021983304203309262,-5.828528566551677e-05,7.3289994963688e-05,-3.6167091385987395e-05,1.645346368183757e-05,-4.599577685069143e-06,7.859792386701501e-07,0.0,0.0,10.0
-0.07050000000000001,4.84890236464065,0.5259167210800104,0.48976422401414266,0.002835602383170825,0.00023676275173116826,-9.421317337629062e-05,7.725174137624999e-05,-3.656719250237457e-05,1.742279221393206e-05,-5.147420363584818e-06,8.940948774322705e-07,0.0,0.0,10.0
-0.0674999999999999,4.847126050913565,0.52680463154114,0.4889597605195936,0.0026376118877664617,0.00034300606065325133,-0.00010003417019342912,7.149089654555016e-05,-3.829099099596563e-05,1.9156766052741106e-05,-5.727817892364953e-06,9.852162116244322e-07,0.0,0.0,10.0
-0.0645,4.838858826557722,0.5284986330217559,0.4883183176995105,0.0017957518199222487,0.0005191665762782029,-6.0045066633455866e-05,5.5058128244785085e-05,-4.2058643187898276e-05,2.179771200769549e-05,-6.328111593493293e-06,1.0522425358817957e-06,0.0,0.0,10.0
-0.06150000000000011,4.829140069474848,0.5301710716571495,0.4879275102282201,0.000904048308880449,0.0006665366799412269,-2.0211100374410935e-05,4.031604033976624e-05,-4.555021139727655e-05,2.4389539892369438e-05,-6.997701050554215e-06,1.1403567925986665e-06,0.0,0.0,10.0
-0.058499999999999996,4.823004082093744,0.5312098362944422,0.48762167001309636,0.00048708137696839947,0.0007465914838181994,-2.4090425866083173e-05,3.554899338605625e-05,-4.6519106077203885e-05,2.6204178668489646e-05,-7.789500191316681e-06,1.2872157319214494e-06,0.0,0.0,10.0
-0.055500000000000105,4.814817251857561,0.5323832563226885,0.4873908896927621,1.583266425589238e-05,0.0008454760755422896,-3.385056915945643e-05,3.013322652458723e-05,-4.6652903716261736e-05,2.802553800820272e-05,-8.684469051403195e-06,1.4613625609968615e-06,0.0,0.0,10.0
-0.05249999999999999,4.804852196498413,0.5336577354814556,0.4872535326766537,-0.0005326308787991184,0.0009732419303620245,-4.833799297407294e-05,2.2882550121038955e-05,-4.5883220161741256e-05,2.990956138572748e-05,-9.691908648875342e-06,1.662304884436303e-06,0.0,0.0,10.0
-0.0495000000000001,4.793974457417942,0.5349684275097741,0.4872047263040519,-0.0011682620940267271,0.0011420611268787215,-6.688940992728416e-05,1.2477031567849308e-05,-4.4121993895764965e-05,3.191817226834384e-05,-1.0821739038257256e-05,1.8892771968534593e-06,0.0,0.0,10.0
-0.046499999999999986,4.784319779142239,0.536115995667229,0.487193772319529,-0.0017819024506404108,0.0013521199185919448,-9.88274509621959e-05,-1.7520218992722172e-07,-4.077906611268889e-05,3.392590884987045e-05,-1.2094575291677665e-05,2.150629889656669e-06,0.0,0.0,10.0
-0.043500000000000094,4.782492334835319,0.5363895588687009,0.4869930223023823,-0.0018099496012957655,0.0015650025529814896,-0.00019206152513741155,-6.2208800061209755e-06,-3.334355345647536e-05,3.512794101888601e-05,-1.3568835830048897e-05,2.486950198572265e-06,0.0,0.0,10.0
-0.04049999999999998,4.807395020954079,0.533786477596444,0.4858058346391105,0.00046143359370230295,0.001679230321876187,-0.0004919339516541321,2.0764941520823182e-05,-1.448957463158532e-05,3.3168049509099536e-05,-1.5397091374142975e-05,3.0119674490963162e-06,0.0,0.0,10.0
-0.03750000000000009,4.8571088828339635,0.5258432495959475,0.4858072717620712,0.007010154347735457,0.00032802261198794017,-0.0011216932507930651,0.0002431384731120163,1.8677418640313365e-05,1.4819841975238059e-05,-1.7378144357931393e-05,4.4222175890099644e-06,0.0,0.0,10.0
-0.034499999999999975,4.855889342100107,0.5259093218118535,0.4856977114291142,0.007000669094257187,0.00021147843062643856,-0.0011338850404910075,0.00027532811840136323,1.3408488759904854e-05,1.2932815701765322e-05,-1.7671055134092245e-05,5.016858706089727e-06,0.0,0.0,10.0
-0.031500000000000083,4.741203199439917,0.5382965053168788,0.49071648122989453,-0.0038107122096307034,-6.920590812583419e-05,2.906862498055516e-05,0.00023548085823693675,-9.113317775020495e-05,2.465899688039777e-05,-1.2202477238408905e-05,4.56631490224816e-06,-5.499800029836004e-07,1.2624478979039138e-07,12.0
-0.02849999999999997,4.744236724064601,0.5378252182351605,0.4905769975612718,-0.0031147299175001844,0.00010179327103519717,-6.6104613964972e-05,0.0002303346855497972,-9.15374820401489e-05,2.781760833186693e-05,-1.312017849004727e-05,4.766894550502133e-06,-6.199120937802717e-07,1.3288107781353237e-07,12.0
-0.025500000000000078,4.747684996955389,0.5375896168872623,0.49028464899775287,-0.0026371178967846843,0.0003080454797043264,-0.00014690774142163296,0.00022476411437988118,-9.315226066262426e-05,3.1170626137283326e-05,-1.407880882757e-05,4.9899307697844436e-06,-6.967303850245375e-07,1.410699550385965e-07,12.0
-0.022499999999999964,4.75114701204583,0.537576121307649,0.48990437575016593,-0.002378419522364919,0.0005391815330754863,-0.0002148627983299484,0.00021961758980795575,-9.587050854373707e-05,3.4667429888779277e-05,-1.5087610547838044e-05,5.240512867491045e-06,-7.805831704371965e-07,1.506078111416847e-07,12.0
-0.019500000000000073,4.753669555666216,0.5377591895877896,0.4895552301548988,-0.0023296674708702496,0.0007711741892706351,-0.00027100030153234464,0.00021657942551307551,-9.967239131412932e-05,3.821877032526241e-05,-1.614505034248507e-05,5.522451704890552e-06,-8.713365555938554e-07,1.61173964669296e-07,12.0
-0.01649999999999996,4.754344021171866,0.5380884109227825,0.4893462379585978,-0.0024516437059581534,0.0009815630443018395,-0.0003185736309313025,0.0002172089473388426,-0.00010440260208187776,4.173617337476743e-05,-1.7252825957337833e-05,5.838451127231576e-06,-9.684207705150831e-07,1.7239851605349868e-07,12.0
-0.013500000000000068,4.752672714368266,0.5385018495464876,0.4893367908196875,-0.002688193355041121,0.0011597142206143096,-0.0003620044596212618,0.00022216810442127365,-0.00010983584397793032,4.518318179741353e-05,-1.8415919179304084e-05,6.18882621822401e-06,-1.0712463144273134e-06,1.840616726470233e-07,12.0
-0.010499999999999954,4.748652943089964,0.538943347234541,0.48952981350252855,-0.0029848799624485655,0.0013083882461633522,-0.00040551170203424134,0.00023114932607251403,-0.00011575955623029708,4.858290889569204e-05,-1.9641230552362273e-05,6.5720590320588796e-06,-1.179538945719914e-06,1.9616412978300014e-07,12.0
-0.007500000000000062,4.742628573286726,0.5393753594979572,0.4898912805641916,-0.00330308159574301,0.0014384593222908806,-0.00045213241501186537,0.00024331921344417678,-0.0001220317674448336,5.1992302653531874e-05,-2.0935757673956838e-05,6.986315538642055e-06,-1.2934597380950685e-06,2.0887355706262035e-07,12.0
-0.0044999999999999485,4.735076674295274,0.5397836517504995,0.4903764978419743,-0.003625053297021656,0.0015621879685671198,-0.0005034090332407095,0.00025783866479794795,-0.0001285991487357473,5.547064606953151e-05,-2.230527222425768e-05,7.430727157638401e-06,-1.4135477539305997e-06,2.224256320883017e-07,12.0
-0.0015000000000000568,4.726448016670225,0.5401745365796038,0.49094892759818587,-0.00395096523887172,0.0016888564707452927,-0.0005596479494411413,0.00027416941664534534,-0.00013548188117218861,5.9060887093062216e-05,-2.375392555897846e-05,7.905845771029309e-06,-1.5405838714079958e-06,2.370467840920613e-07,12.0
0.0015000000000000568,4.717087660199689,0.5405675602346648,0.49158798250582275,-0.004291682253387125,0.0018235267880120738,-0.0006204706731758429,0.0002921257865640443,-0.00014274195546751408,6.278656381371812e-05,-2.5284584948696242e-05,8.413359301673133e-06,-1.675451060110751e-06,2.5292018910284707e-07,12.0
0.0044999999999999485,4.707212149371603,0.5409869531070226,0.4922886527569412,-0.004661194038296267,0.0019678631853791784,-0.0006853626423382467,0.00031177290990685427,-0.00015045193501827072,6.665784227663853e-05,-2.6899383022047945e-05,8.955473621005218e-06,-1.8190268228484337e-06,2.701839000201361e-07,12.0
0.007500000000000062,4.696915751296364,0.5414544701131725,0.493057141157017,-0.005071282067061931,0.002121674000024131,-0.0007540238206723219,0.0003332888069213002,-0.00015867520614768412,7.067920826406712e-05,-2.860005029611747e-05,9.534340061415324e-06,-1.9721182362093703e-06,2.8894218482371844e-07,12.0
0.010499999999999954,4.68618993525728,0.5419850565529184,0.4939056108161661,-0.005529295079486194,0.00228428116878209,-0.0008264677468826413,0.00035686119257916755,-0.00016746039244515805,7.485456647139477e-05,-3.038789073882816e-05,1.0151719403350987e-05,-2.135437035944609e-06,3.0927758634556854e-07,12.0
0.013500000000000068,4.674948801361014,0.5425855599417813,0.4948478062369512,-0.006038524354881515,0.0024553553475829687,-0.0009029318217643913,0.00038263871036412666,-0.00017684594010436883,7.918894709778614e-05,-3.226350486637868e-05,1.0808885776948342e-05,-2.309603985764994e-06,3.312593739625754e-07,12.0
0.01649999999999996,4.663055899914939,0.5432558281918393,0.49589632528000827,-0.006599977195514283,0.0026352056670894014,-0.0009837116210311388,0.00041072506148064384,-0.00018686817241635363,8.368793418060352e-05,-3.422644873750973e-05,1.1506668611313719e-05,-2.495166789929066e-06,3.549484016067753e-07,12.0
0.019500000000000073,4.650348570344725,0.5439911438948016,0.4970616420463529,-0.007214340453058905,0.002824680322692041,-0.001069017434650064,0.000441194496227587,-0.0001975672184388273,8.835629021639243e-05,-3.6274964367227606e-05,1.224551513811868e-05,-2.6926156384151457e-06,3.803991952974659e-07,12.0
0.022499999999999964,4.6366570711974235,0.5447849788161615,0.498352515173825,-0.007883347627883553,0.003024877737464288,-0.0011589021365721723,0.0004741103323513199,-0.00020898830325821513,9.319675537668776e-05,-3.840581329164039e-05,1.3025496117225733e-05,-2.902385039944755e-06,4.0765951801288325e-07,12.0
0.025500000000000078,4.62181749754413,0.5456313315428547,0.4997771675923314,-0.008610286270119009,0.0032368409926652308,-0.00125326041987937,0.000509536230503758,-0.00022117885519586696,9.820933964427044e-05,-4.061416586908014e-05,1.384623136762342e-05,-3.1248373911446444e-06,4.367672568316044e-07,12.0
0.02849999999999997,4.60567903589969,0.5465262597740503,0.5013446049843322,-0.009399775179017902,0.0034613472385212145,-0.0013518712198166223,0.000547537565048538,-0.0002341835104636489,0.00010339099422256538,-4.289347805559145e-05,1.4706751320863423e-05,-3.3602297797916588e-06,4.6774467642106055e-07,12.0
0.031500000000000083,4.588107007204446,0.5474685261048123,0.5030656017420757,-0.010257123015239573,0.0036988356145720505,-0.0014544507722229958,0.0005881752135156895,-0.0002480392702191859,0.00010873543456326541,-4.52353195124213e-05,1.5605328278067314e-05,-3.6086692355254554e-06,5.005906286232556e-07,12.0
0.034499999999999975,4.568983382348718,0.5484594921437307,0.5049531261372879,-0.011187585270891844,0.003949461304287046,-0.0015606947325900625,0.0006314963064271841,-0.0002627723841121012,0.00011423300412361934,-4.762917635804343e-05,1.6539312534870632e-05,-3.870063145028738e-06,5.352718138499913e-07,12.0
0.03750000000000009,4.548206237841454,0.5495025088873058,0.5070222017737509,-0.012195744208697429,0.004213230489620716,-0.0016703029814589417,0.0006775266168047697,-0.00027839769870002194,0.00011987067614204257,-5.006231092932013e-05,1.7505004276095468e-05,-4.1440718768010246e-06,5.71714440404655e-07,12.0
0.04049999999999998,4.5256891817186515,0.5506020729854758,0.5092893494776095,-0.013285119074423726,0.0044901621874206005,-0.001782992170478577,0.0007262681128616087,-0.0002949206261539663,0.00012563246980866127,-5.2519799566619555e-05,1.8497589036362623e-05,-4.4300707599568945e-06,6.097976150343958e-07,12.0
0.043500000000000094,4.501361292244457,0.551762975017008,0.5117718090950184,-0.01445801641552976,0.0047804316262835145,-0.0018985055019800842,0.0007777033600384653,-0.0003123415894522737,0.00013150062705382585,-5.498487670150008e-05,1.951116363088847e-05,-4.727128707296115e-06,6.493496223333079e-07,12.0
0.046499999999999986,4.4751676864813925,0.5529895896896944,0.5144867245753219,-0.015715569800218303,0.005084466272585793,-0.0020166272406048893,0.0008318063536882024,-0.00033066258186075875,0.00013745781592657127,-5.7439684460900044e-05,2.0538877271628875e-05,-5.034010532754733e-06,6.901480027416467e-07,12.0
0.0495000000000001,4.447070537067466,0.5542853785430624,0.5174504218064367,-0.017057893282633074,0.005402981684035365,-0.0021372035743135367,0.0008885572921444774,-0.0003498951198282905,0.00014349039244713585,-5.986646057746718e-05,2.157320402742294e-05,-5.349208580430054e-06,7.319240339192357e-07,12.0
0.05249999999999999,4.417050205229196,0.5556526127285873,0.5206778472550337,-0.018484273939843407,0.005736955990000534,-0.002260164737076339,0.0009479570612192451,-0.00037006829674315574,0.00014959240124912303,-6.224909785816598e-05,2.2606344326209194e-05,-5.671005947889484e-06,7.743718024482509e-07,12.0
0.055500000000000105,4.385106140652487,0.5570922842063935,0.5241821856173974,-0.019993345004036784,0.006087548943084937,-0.002385538469544619,0.001010036168056716,-0.0003912349956198775,0.00015576960524234042,-6.457488915010044e-05,2.3630725062411657e-05,-5.997568173704811e-06,8.171614533292286e-07,12.0
0.058499999999999996,4.351257274351213,0.5586041563608268,0.5279746436335435,-0.02158320428258246,0.006455976355564448,-0.002513443767057833,0.0010748529555299482,-0.0004134738863669595,0.0001620425197254476,-6.683615766732652e-05,2.463953493359449e-05,-6.327053394351595e-06,8.599554155476199e-07,12.0
0.06150000000000011,4.3155417512306755,0.5601869031676715,0.5320643737324177,-0.02325146731889302,0.006843355513993664,-0.0026440571296156828,0.0011424774719691936,-0.0004368849479228197,0.0001684473114752231,-6.903139813794721e-05,2.562720270405684e-05,-6.657724111064695e-06,9.024255274354341e-07,12.0
0.0645,4.278015972844194,0.5618382927484489,0.536458509838161,-0.02499526734279472,0.0072505424633341736,-0.0027775505374171647,0.0012129603823235185,-0.0004615771353867149,0.00017503360684229753,-7.116555530786917e-05,2.6589711847332184e-05,-6.9880388754595776e-06,9.442682481050809e-07,12.0
0.0674999999999999,4.238753020205397,0.5635553812536186,0.5411622921937493,-0.026811231059695,0.0076779865222444425,-0.002914009225606684,0.0012862903372055385,-0.0004876484475771109,0.0001818587693128922,-7.324916864481089e-05,2.752465507219509e-05,-7.316701561953473e-06,9.852148390923698e-07,12.0
0.07050000000000001,4.197840589938228,0.5653346934623089,0.5461792632491305,-0.028695467351523913,0.008125628494512612,-0.0030533453203940956,0.0013623473481953064,-0.000515160758463306,0.0001889790010550892,-7.529632010338957e-05,2.8430972107077456e-05,-7.64265115194872e-06,1.0250338271516377e-06,12.0
0.0734999999999999,4.1553786064226985,0.5671723757445881,0.5515115192520937,-0.03064360265846446,0.008592864469577258,-0.0031952278015383376,0.0014408627449747514,-0.000544113834185238,0.00019643854117871806,-7.732160977021329e-05,2.9308382235795896e-05,-7.9649866785688e-06,1.063524392817824e-06,12.0
0.07650000000000001,4.111476676976291,0.5690643144940026,0.5571600010702552,-0.03265088244553616,0.009078586177169399,-0.0033390481788411353,0.001521397020063557,-0.0005744242991876219,0.0002042590326416552,-7.933668995678825e-05,3.0156607794856708e-05,-8.282838782495845e-06,1.1005014933855272e-06,12.0
0.0794999999999999,4.066251545381458,0.5710062188444017,0.563124803838297,-0.034712336568875284,0.009581293235635663,-0.003483934279870924,0.0016033444737480326,-0.0006059152802426016,0.0002124315098048887,-8.134711418801384e-05,3.097456255525741e-05,-8.595217124290355e-06,1.1357760593815514e-06,12.0
0.08250000000000002,4.019824675418917,0.5729936710419933,0.5694054804217036,-0.03682298413452918,0.010099255973526917,-0.0036288129300466186,0.0016859679672292197,-0.0006383206197530688,0.000220913142959206,-8.335028961647936e-05,3.175971683458216e-05,-8.900875013774561e-06,1.1691356256929853e-06,12.0
0.08549999999999991,3.972320061074842,0.5750221521166555,0.5760013106309363,-0.0389780372996558,0.010630694252437994,-0.0037725089564715104,0.0017684592785377992,-0.0006713040194271776,0.0002296297556366762,-8.533507805918844e-05,3.2507819034954704e-05,-9.198231794271222e-06,1.2003312214507709e-06,12.0
0.08850000000000002,3.9238623160805295,0.5770870549273327,0.5829115077758195,-0.04117305741785953,0.01117393165597292,-0.003913856865217403,0.001850012762095951,-0.0007044891481483905,0.00023848342691530432,-8.728309138162732e-05,3.32130432572783e-05,-9.485376022636385e-06,1.2290745612362057e-06,12.0
0.09149999999999991,3.874575050881909,0.5791837004554421,0.5901353368460865,-0.04340402176350254,0.011727487806128745,-0.004051796855948691,0.0019298952531888313,-0.0007374932371395522,0.0002473628115228569,-8.917113670513631e-05,3.386847695559191e-05,-9.760142449030171e-06,1.2550458578831823e-06,12.0
0.09450000000000003,3.8245795133050047,0.5813073739690902,0.5976721257766971,-0.0456672748245025,0.012290085142811727,-0.0041854312695233644,0.0020074959951220275,-0.0007699557111691576,0.0002561529552466816,-9.097386038205814e-05,3.4466731329529675e-05,-1.0020226120238596e-05,1.2779084234467597e-06,12.0
0.09749999999999992,3.7739934611547876,0.5834533919940016,0.6055211670990818,-0.04795936639511623,0.01286056926350647,-0.004314030687607301,0.002082347254670174,-0.0008015557763053313,0.0002647419055823306,-9.266566104796148e-05,3.500042557547004e-05,-1.0263283826906713e-05,1.2973237489646606e-06,12.0
0.10050000000000003,3.722930251897457,0.5856171967781567,0.6136815360624878,-0.05027681920790634,0.013437769643275662,-0.004436996157535788,0.002154116600017565,-0.0008320177055977681,0.00027302318001297084,-9.422142830985837e-05,3.546239397702321e-05,-1.0486985836972041e-05,1.3129613796163155e-06,12.0
0.10349999999999993,3.6714981651394853,0.5877944545506595,0.6221518889740042,-0.05261591018782663,0.01402035052620138,-0.004553797748426053,0.0022225806847795907,-0.0008611074148490946,0.00028089524465868434,-9.561636243535151e-05,3.584564267029791e-05,-1.068901329112007e-05,1.3245012550230166e-06,12.0
0.10650000000000004,3.6197999993046586,0.589981116126454,0.6309303324065547,-0.05497256375943573,0.014606705692555134,-0.004663912732394158,0.0022875934791683076,-0.0008886262228571107,0.0002882603615029845,-9.682561513470608e-05,3.614323026968292e-05,-1.0867028684008307e-05,1.3316301528772256e-06,12.0
0.10949999999999993,3.567932988531101,0.592173395252951,0.6400144416556756,-0.057342413039796064,0.015194925056163775,-0.004766777298674797,0.0023490583836048807,-0.000914406445933522,0.0002950247722706913,-9.782443918194959e-05,3.634826302677807e-05,-1.1018657373145122e-05,1.3340360536283361e-06,12.0
0.11250000000000004,3.5159890596637107,0.5943676392814965,0.6494014426342102,-0.05972098699245829,0.015782812349826595,-0.004861749889163443,0.002406906910337833,-0.0009383100142373892,0.0003011005536485472,-9.858898368199392e-05,3.645406988080936e-05,-1.1141501217618664e-05,1.3314037525776597e-06,12.0
0.11549999999999994,3.4640553761596995,0.596560109010058,0.6590884792549981,-0.062103886005649554,0.016367892662217,-0.004948073446945177,0.002461081576413256,-0.0009602282716287622,0.0003064078521645635,-9.909724864317936e-05,3.6454457317683526e-05,-1.1233177282583669e-05,1.323413238928592e-06,12.0
0.11850000000000005,3.412214946092165,0.5987467528645602,0.6690728174760263,-0.064486802985559,0.016947358115313702,-0.005024827770986191,0.0025115200007408203,-0.0009800805184920324,0.0003108758830300192,-9.932955543766077e-05,3.634388723263429e-05,-1.1291362286698028e-05,1.3097418401525588e-06,12.0
0.12149999999999994,3.360546713066038,0.6009231680355829,0.6793518296733785,-0.06686538377171053,0.017517976333148586,-0.005090880368292475,0.002558139606196825,-0.0009978108245620224,0.0003144424524704811,-9.92684148963826e-05,3.6117545769860417e-05,-1.1313843519274886e-05,1.290073724047697e-06,12.0
0.12450000000000006,3.309123941704355,0.6030850834805488,0.6899226989138282,-0.06923516992923907,0.01807608695528271,-0.0051448546651754745,0.0026008238726600145,-0.0010133861590669003,0.00031705400136863577,-9.88984769644332e-05,3.577147593821258e-05,-1.1298617095941987e-05,1.264125290655233e-06,12.0
0.12749999999999995,3.258009168983089,0.6052297642105453,0.7007820453474729,-0.07159210858624686,0.018617837603401147,-0.005185107510387578,0.0026394085627043265,-0.001026802757823683,0.0003186696156232168,-9.82074517743515e-05,3.53029869643363e-05,-1.124409504245261e-05,1.2316979908515876e-06,12.0
0.13050000000000006,3.207245202380849,0.6073583260809678,0.7119260384701561,-0.07393400581622395,0.019139658982993184,-0.005209656361064219,0.0026736638236072078,-0.0010381079721177979,0.000319270994134988,-9.718795870040466e-05,3.47112876293002e-05,-1.1149439505422602e-05,1.192762038990303e-06,12.0
0.13349999999999995,3.1568499308881726,0.6094769466324089,0.7233513318553676,-0.0762617525824901,0.01963855471503618,-0.005216098113843932,0.002703294168768566,-0.001047425590257125,0.0003188719456473599,-9.58392047701224e-05,3.399813445271317e-05,-1.1014905729092117e-05,1.1475307216246228e-06,12.0
0.13650000000000007,3.106853363872836,0.6115879150733471,0.7350542835437714,-0.07857288984565777,0.020110734831337535,-0.005202366851117497,0.0027281301560563597,-0.0010548834372879849,0.0003174925545209672,-9.416992710755079e-05,3.316981468112209e-05,-1.084177757572573e-05,1.0963173445401353e-06,12.0
0.13949999999999996,3.057466510573836,0.6136495985771958,0.7470185721414386,-0.08082891287829798,0.020545733482464943,-0.005170962566230871,0.002749001092859451,-0.0010601639702469995,0.00031501314761509045,-9.221431712922083e-05,3.224653397522927e-05,-1.0631096098584594e-05,1.0386341683669533e-06,12.0
0.14250000000000007,3.0091852263085084,0.6155431656169839,0.7592026052665528,-0.08292523249480459,0.02092069920681617,-0.00513365095397974,0.0027687948429972764,-0.001061980814313907,0.0003109970464700607,-9.005615587116785e-05,3.127624771498691e-05,-1.0382179138262705e-05,9.719881643239437e-07,12.0
0.14549999999999996,2.9618868893787433,0.6173265780023022,0.7715727834053722,-0.08490050277131739,0.021251202782310116,-0.005087674486788174,0.0027862329878618726,-0.0010609846481477476,0.0003057865394738131,-8.775743674206122e-05,3.027576055945388e-05,-1.0103067558726501e-05,8.988466270165947e-07,12.0
0.14850000000000008,2.9135775134524686,0.6195021382046741,0.7842827557953725,-0.08717486448533301,0.021615596736531448,-0.004978001150812166,0.0027899739928012694,-0.0010633665142001916,0.00030140762799188946,-8.512868118032286e-05,2.9133089632519455e-05,-9.817087394654032e-06,8.329311386578185e-07,12.0
0.15149999999999997,2.8671494415871686,0.6213631864300901,0.7971339332462926,-0.0891871393929072,0.021903275714203,-0.004873174270809892,0.0027941980374316575,-0.0010612414387754798,0.0002953087975887626,-8.246135156072771e-05,2.8024601944975572e-05,-9.503784755923219e-06,7.579005937711745e-07,12.0
0.15450000000000008,2.821545959054593,0.6231875886800817,0.8101828074189165,-0.09116664509030176,0.02216084947052963,-0.004744416969292602,0.0027926673020939236,-0.0010580193836070883,0.0002886452443376313,-7.967516735392648e-05,2.6900051604683146e-05,-9.17992238026995e-06,6.823111271275451e-07,12.0
0.15749999999999997,2.77678985735346,0.6249491416999405,0.8234453925969851,-0.09309777292642832,0.022376392335048116,-0.00459147495329635,0.0027861829719109652,-0.0010533726362703987,0.0002812008698576702,-7.678468170521126e-05,2.5786655506895204e-05,-8.849590637819923e-06,6.056971531826292e-07,12.0
0.1605000000000001,2.7328511855303637,0.6266428204020685,0.8369351888275333,-0.09498062894726529,0.022542686542256263,-0.004411697556214458,0.0027748069257364453,-0.001047251372042918,0.0002728419176435867,-7.376857821507554e-05,2.469531041722733e-05,-8.516348859517642e-06,5.282446558558109e-07,12.0
0.16349999999999998,2.6897426886667386,0.6282699786940809,0.8506384911698546,-0.09680926115425834,0.022657564672244904,-0.004204439846591372,0.002758418523804143,-0.0010396298840471838,0.0002634943904133585,-7.059608804631508e-05,2.3625935795571687e-05,-8.182118010199644e-06,4.5037754884622973e-07,12.0
0.1665000000000001,2.6474862675332185,0.6298410051885209,0.8645090206617934,-0.09855734777796701,0.022716547056566047,-0.003971309273152478,0.00273764530870836,-0.0010308028889969374,0.00025325429836155737,-6.728705882831536e-05,2.2590039576756845e-05,-7.852317823712728e-06,3.7344207621756057e-07,12.0
0.16949999999999998,2.6059457548020957,0.6314147417092463,0.878496433845915,-0.1002140686527778,0.022716130561824605,-0.0037110903778924467,0.0027143146883129216,-0.0010225308438656573,0.00024257206963764969,-6.38456080386338e-05,2.159200071768875e-05,-7.540730575407754e-06,3.020705072169346e-07,12.0
0.1725000000000001,2.558766630387017,0.6329861079660538,0.8944522923294944,-0.10173029923985515,0.02225195248604834,-0.003344397484630921,0.002719613190084364,-0.001012267252894735,0.0002245771588283331,-5.92514159395802e-05,2.0741810364527472e-05,-7.2018244887596565e-06,1.9788851923609792e-07,12.0
0.1755,2.5327033130977057,0.6324662327303588,0.9058966868269063,-0.10162639487871641,0.022362134417775677,-0.003403602450352401,0.0027051451672706604,-0.0009791779312568038,0.00021286728914588756,-5.798239060223745e-05,2.0286761967640485e-05,-6.909873770025111e-06,1.2734113541030577e-07,12.0
0.1785000000000001,2.491038727536646,0.6351028797919058,0.9205074862982927,-0.10431122864017935,0.022512621747314436,-0.0029298597581940105,0.0026451408014101954,-0.000990947585804008,0.0002060892885054744,-5.3175152405192096e-05,1.8954611060529333e-05,-6.712054599577323e-06,1.1751540977502938e-07,12.0
0.1815,2.4524250970450514,0.6362189948608421,0.9352680399011449,-0.10560576581379813,0.022227382097974778,-0.00259625229823216,0.0026262939982760083,-0.0009787750036100071,0.0001912522540097761,-4.956079833245118e-05,1.8210774124532885e-05,-6.4315194174074624e-06,5.583936146051442e-08,12.0
0.1845000000000001,2.415358516546749,0.6372017897050536,0.9499056416987988,-0.10672171295038742,0.02195635606106444,-0.002267229806307018,0.0025941232774150873,-0.0009645829625581181,0.00017798943917973057,-4.6498904969962596e-05,1.7440027839066663e-05,-6.1442211532713e-06,1.6021048778657166e-08,12.0
0.1875,2.379599432259285,0.6381459283965824,0.9645226862087733,-0.10774979229235665,0.0216557989289208,-0.0019200760024615656,0.0025581803351858185,-0.0009513568053414773,0.00016502929714503646,-4.3799372465398055e-05,1.6832016427718124e-05,-5.858312810719378e-06,-1.350115446150173e-08,12.0
0.1904999999999999,2.344853708825292,0.6390618454269033,0.9791786512435486,-0.10870343892203707,0.021299236106760926,-0.0015509231939325834,0.002523251197925832,-0.0009395890465136046,0.00015189359474872933,-4.13805976018234e-05,1.6478435730416104e-05,-5.586593949916182e-06,-3.8038819678713054e-08,12.0
0.1935,2.311041801045701,0.6399492426510336,0.9938557642882243,-0.10958471769778237,0.020897798576829215,-0.0011667212621691782,0.0024900888566316472,-0.0009286147257973618,0.00013827936138491808,-3.910097162186416e-05,1.6350627236289388e-05,-5.340088667398915e-06,-5.699678635114172e-08,12.0
0.1964999999999999,2.278070218831794,0.6408362481286594,1.008540162659478,-0.11043024990159835,0.020475430313087403,-0.0007684968972652572,0.0024568981665441963,-0.0009185587370695246,0.0001240301523576393,-3.669917512254431e-05,1.6329161713891104e-05,-5.112841051364182e-06,-6.909352411267312e-08,12.0
0.1995,2.2456209908918523,0.6418209000145536,1.023273067941124,-0.1113296874398909,0.020049610787054133,-0.00033882557886394474,0.002420121477707108,-0.0009123416439275871,0.00010994149085525032,-3.392937678013441e-05,1.6283362430502957e-05,-4.895952252231901e-06,-7.128551542075212e-08,12.0
0.2024999999999999,2.2082843772359664,0.6423696136996463,1.0404209684665848,-0.11176859512445818,0.018960524329838586,0.0001621449708721354,0.002452378755546347,-0.0008970893472092715,8.151530245943005e-05,-3.068306691543663e-05,1.7228543705504523e-05,-4.59954609411027e-06,-1.79433969335352e-07,12.0
0.20550000000000002,2.188746915105229,0.640928088373808,1.0520095418416309,-0.11053880366129709,0.018669234621056824,9.455065456387934e-05,0.0024290715633677137,-0.0008402496757158558,6.499383321951635e-05,-3.2544718897092855e-05,1.8039646642596302e-05,-4.215311118520707e-06,-2.256760727227826e-07,12.0
0.2084999999999999,2.159861034281334,0.6425607359310906,1.0660247293998906,-0.1120812072710343,0.01849708080130185,0.0006633699711962635,0.0023512464463011605,-0.0008564607774469537,5.612353816976989e-05,-2.8032493058802295e-05,1.7669733071751238e-05,-4.0844830762845815e-06,-1.556333574080961e-07,12.0
0.21150000000000002,2.13155018275186,0.6431822517124617,1.0807372821562278,-0.11273422746797453,0.017802589494267,0.0011824142009660026,0.0023422526825844646,-0.0008596470187315154,3.249152826080404e-05,-2.307986595916035e-05,1.877183806259869e-05,-3.8970548127329845e-06,-2.441546059693042e-07,12.0
0.2144999999999999,2.1037274597193103,0.6434697662170502,1.0954398072153126,-0.11306431364121002,0.017077324571353667,0.0016681078251895038,0.002315713062754755,-0.0008564551743413888,1.057728366938587e-05,-1.7394534090332812e-05,1.9718560777919313e-05,-3.722113341766635e-06,-3.5235933789182976e-07,12.0
0.21750000000000003,2.0768099128193076,0.6434904190522416,1.109919574394016,-0.11313139664598885,0.01636272271306307,0.0021043716864685997,0.002275266066904162,-0.0008433995170203123,-7.613502721202761e-06,-1.177193725029409e-05,2.0082351482380725e-05,-3.5738767507900657e-06,-4.575976163754612e-07,12.0
0.22049999999999992,2.050829095858196,0.6433985625218249,1.1242055367749981,-0.1130563435875199,0.01563812962615309,0.0025109060995899112,0.002238377135574088,-0.0008244814375153954,-2.476923374454886e-05,-6.888046022484635e-06,1.9844196952449865e-05,-3.4569189706631085e-06,-5.633422854947076e-07,12.0
0.22350000000000003,2.025788210642016,0.6433193424507672,1.1383241028008064,-0.11292162671683673,0.014902394516430321,0.0029008328491287017,0.0022106462232864303,-0.0008063234082292621,-4.300571048392656e-05,-2.8066072037242038e-06,1.921777520843702e-05,-3.343346689737503e-06,-6.669151225243339e-07,12.0
0.22649999999999992,2.0015821749421128,0.6433125131093879,1.1523068938266021,-0.11279271297710465,0.014173019541613107,0.003287909372815783,0.002188961643603215,-0.0007920556941398,-6.167921555271548e-05,9.844929454961667e-07,1.849412927882866e-05,-3.1805534187323526e-06,-7.547785453143249e-07,12.0
0.22950000000000004,1.9780743938539878,0.6433697703275022,1.1662180660934374,-0.11270438369649916,0.013462557429078538,0.0036908346632784296,0.0021697692595527523,-0.0007816940919361933,-7.945750516087714e-05,4.7990245153438295e-06,1.7868613616100052e-05,-2.941889365709968e-06,-8.209284955738044e-07,12.0
0.23249999999999993,1.9532893125757687,0.642991342102427,1.1814143849354592,-0.11223983003245147,0.012302267068609948,0.00411132109996745,0.002228851579936348,-0.000766490395725895,-0.00011092091740383022,7.909913292035824e-06,1.8975133854849273e-05,-2.596408856866262e-06,-1.036426353573955e-06,12.0
0.23550000000000004,1.9354115723164866,0.6415160414871997,1.1937182911948385,-0.11080829773801042,0.011593182236087896,0.004195819749022095,0.00222702022069436,-0.0007216196196407308,-0.0001304252875537705,6.953965445830511e-06,1.9181861215790148e-05,-2.0711541170860836e-06,-1.1402152813702387e-06,12.0
0.23849999999999993,1.9151806242737028,0.6418097476084199,1.2064140449304257,-0.11084967452866526,0.011189790394538783,0.004605022315640751,0.0021545176718568548,-0.0007293463501005169,-0.0001356871465320344,9.889155906472209e-06,1.7753473662664024e-05,-1.77399332816752e-06,-1.037961712776314e-06,12.0
0.24150000000000005,1.8952012540636778,0.6417083758530255,1.2198169564967052,-0.11055275545509803,0.010365972789217586,0.004998911344605795,0.0021764338699943857,-0.0007343549012858774,-0.00015745610093070291,1.2353304685349066e-05,1.8756973122761833e-05,-1.4355837419347674e-06,-1.1493197478156727e-06,12.0
0.24449999999999994,1.8754034411370846,0.6414801603286021,1.2332605571533497,-0.11017389540070502,0.009471276678732248,0.005396361383755614,0.00221646548446561,-0.0007431437159852225,-0.0001808473186327968,1.4968757506032787e-05,2.042065537238343e-05,-1.1064783869331464e-06,-1.2905491834809317e-06,12.0
0.24750000000000005,1.8562867172647812,0.6410199593311381,1.24628837886388,-0.10963470221848251,0.008640993502678967,0.005755383845693748,0.002246211891502988,-0.0007518840464453187,-0.00020061937554161248,1.736979122509548e-05,2.2084805059045802e-05,-7.865262881947605e-07,-1.4024251634342448e-06,12.0
0.25049999999999994,1.8378267845145684,0.6403707737042559,1.2589480804820596,-0.10894632187042956,0.007873019700115063,0.006076195787936574,0.0022632820476229084,-0.0007610809306068207,-0.00021671951096850382,1.9695792976934418e-05,2.3690316862736318e-05,-5.019808745973205e-07,-1.491936311905186e-06,12.0
0.25350000000000006,1.8199667845548813,0.639623451456608,1.271398654086922,-0.10813403934695642,0.007134421072742626,0.006364082192788186,0.0022706163446199897,-0.0007712273186567753,-0.00022985498910937097,2.2194653462785125e-05,2.528874586353748e-05,-2.8157156476627165e-07,-1.578184341560575e-06,12.0
0.25649999999999995,1.802709499615458,0.638840764039698,1.283743513195348,-0.10721817658955475,0.006393574823620445,0.0066190603217291385,0.00227202144416127,-0.000781047618955156,-0.0002403448224450667,2.4948959527259984e-05,2.6871267374241034e-05,-1.4144309447031224e-07,-1.6721359643745153e-06,12.0
0.25950000000000006,1.7861074905165883,0.6380164405466188,1.2959877733999605,-0.10620511423340025,0.00562206758293095,0.006836285262986891,0.0022747080239342,-0.0007874958507581963,-0.00024880645938019633,2.774333343111628e-05,2.8428058143106316e-05,-7.891089216354978e-08,-1.7824844370564398e-06,12.0
0.26249999999999996,1.7700918339488765,0.6371093932933427,1.3081454758807973,-0.10509848997276325,0.004784276930307809,0.0070177802355910045,0.002291473262836946,-0.0007878427740389361,-0.0002570499948483364,3.0213825014076275e-05,3.0061249991601875e-05,-8.011263461854134e-08,-1.9277289280546024e-06,12.0
0.26550000000000007,1.7546613611563113,0.6361710843297093,1.3200618341838897,-0.10397385753977346,0.0039365580742653575,0.007180379932374846,0.002315659584233974,-0.0007831442858636901,-0.00026367423773330823,3.221018804065315e-05,3.1416986044681384e-05,-1.428021613651966e-07,-2.0725587288574223e-06,12.0
0.26849999999999996,1.7396739935174916,0.6353053353513222,1.3316782207556972,-0.10292934211888263,0.003138921200425522,0.0073550839585869105,0.0023366901146049455,-0.0007778283448018385,-0.0002671473521051196,3.386246636249088e-05,3.211173229932366e-05,-2.761991251027836e-07,-2.1730364741798295e-06,12.0
0.2715000000000001,1.7252312247948371,0.6343654662746078,1.34305197382471,-0.1018299355518013,0.002343262447392156,0.007522039351674474,0.002368788856606417,-0.0007692681374120529,-0.0002714600837977781,3.462378275538234e-05,3.259349070128473e-05,-4.364049327258193e-07,-2.276117516012659e-06,12.0
0.27449999999999997,1.7111473480005148,0.6333942620203086,1.3542967147140046,-0.10069538213369643,0.001536750565037535,0.007693575997312608,0.0024122050048555653,-0.0007610309285317883,-0.0002779011779524791,3.466476131757647e-05,3.2985118565035594e-05,-6.154127766777096e-07,-2.3885882357038e-06,12.0
0.2775000000000001,1.6974529968014587,0.6324013813315593,1.3653944180057722,-0.09952430134517726,0.0007250901220520826,0.007864430608815724,0.0024619439886587034,-0.0007546283003271523,-0.00028656397094079195,3.409232923485041e-05,3.332910111060886e-05,-7.946447078122295e-07,-2.5067131337692602e-06,12.0
0.28049999999999997,1.6842148561496593,0.63139223576075,1.3762844641534298,-0.09832100025345311,-7.846016070013929e-05,0.008026309214309014,0.0025112186746285483,-0.0007505660386706078,-0.00029666306358059214,3.306458445381469e-05,3.359968503771789e-05,-9.558003929908163e-07,-2.6185105252939695e-06,12.0
0.2835000000000001,1.6714488979972657,0.6303619471911168,1.3869366130024292,-0.09708506328044313,-0.0008690761918177244,0.008172794066601648,0.0025567697805143415,-0.0007483526557619843,-0.00030747166910166266,3.176212152072985e-05,3.381018698433044e-05,-1.0820040395618341e-06,-2.7170793816115818e-06,12.0
0.2865,1.6591295957492498,0.6292971295522555,1.3973528876943893,-0.09580817429118405,-0.0016478888874182029,0.008300348792937758,0.0025990258388956227,-0.0007467693759894259,-0.0003184920600417366,3.0359551495511234e-05,3.4019760639969516e-05,-1.1581808158311735e-06,-2.801925045916607e-06,12.0
0.2895000000000001,1.647214083135709,0.6281894682035551,1.4075474184284156,-0.09448452790772428,-0.002414204311552184,0.008409131000401238,0.002639543792014281,-0.0007446566648578168,-0.000329258655354779,2.902549565529473e-05,3.428099565016706e-05,-1.1746167220093814e-06,-2.873506185580487e-06,12.0
0.2925,1.6356277485695616,0.6270495334447743,1.4175542302810098,-0.09312366005435928,-0.003167089894117442,0.008504669159720684,0.0026798352158309067,-0.0007418565816039493,-0.0003394178835679235,2.793492093626365e-05,3.461820718976761e-05,-1.1330300354482975e-06,-2.931768955907389e-06,12.0
0.2955000000000001,1.6243314920945318,0.6258915176467179,1.427388941015339,-0.0917383461435109,-0.0039016086012145577,0.00859147699607016,0.0027196998097505916,-0.0007386944247531295,-0.000348614601557137,2.7172533075975536e-05,3.4998298056154416e-05,-1.0440307467285858e-06,-2.9738695217218625e-06,12.0
0.2985,1.613381472245768,0.6247040988471891,1.437022006187651,-0.09031963667117225,-0.0046108057105480205,0.008664831862042081,0.002758005198410002,-0.0007346323690574626,-0.0003566790271684416,2.6613628969587873e-05,3.537562969748236e-05,-9.167676321116143e-07,-2.999237540650379e-06,12.0
0.3015000000000001,1.6028303273419477,0.623474212538574,1.446432170926217,-0.08885676930605096,-0.005292897106953974,0.008718711510152284,0.002794230426911005,-0.0007291124574784966,-0.00036371908989869974,2.6078926360385255e-05,3.5727299951512445e-05,-7.609031942459559e-07,-3.010935664249835e-06,12.0
0.3045,1.592627884199223,0.6222233085046996,1.4556528268086664,-0.08736869920400601,-0.005952065754352634,0.008757073109310062,0.0028282604211593313,-0.0007230718115947366,-0.0003698256130072548,2.5561990061426758e-05,3.602444294184008e-05,-5.941875500443894e-07,-3.009035937597941e-06,12.0
0.3075000000000001,1.582731717042727,0.6209556651340797,1.4647233422133128,-0.08586093141443603,-0.0065998685265444825,0.008780932840473906,0.002862246085306416,-0.0007167914014635779,-0.0003754807817356908,2.5027549896118288e-05,3.631802888801947e-05,-4.263898621621389e-07,-3.0013167184523895e-06,12.0
0.3105,1.5731217091141327,0.619671817731078,1.4736579258054017,-0.0843375545035442,-0.007242377297421296,0.008790337802053147,0.002897299751908895,-0.0007102998374903144,-0.0003808989157902963,2.445222108120266e-05,3.663580596095447e-05,-2.6313900781096386e-07,-2.991426324327973e-06,12.0
0.3134999999999999,1.5638022494468176,0.6183675553306898,1.4824436943378612,-0.0828002623974171,-0.007879967009788717,0.00878401119938978,0.0029334824917184965,-0.0007033235287462905,-0.0003860634739065374,2.3801791432968143e-05,3.697855840429028e-05,-1.064179475711476e-07,-2.9794900762361333e-06,12.0
0.3165,1.554782369413331,0.6170360178010533,1.4910586843382203,-0.08124909836598573,-0.008511338322049266,0.008760312301201455,0.002970720071010434,-0.0006954215323729956,-0.0003909258024725917,2.303212832709113e-05,3.7341024537389096e-05,4.4311764705903584e-08,-2.9652764455284107e-06,12.0
0.3194999999999999,1.5460551210563955,0.6156753196780476,1.499487370376177,-0.07968737656500227,-0.009134777738097675,0.00871930490906581,0.003008872879185912,-0.0006863365029606011,-0.000395411095614627,2.2122796464170376e-05,3.77063732887647e-05,1.896941980643083e-07,-2.9476037311545213e-06,12.0
0.3225,1.5375755708958792,0.6142947227880499,1.5077407273914525,-0.07812551501421544,-0.00975126131806305,0.008664768596430398,0.0030483530789395838,-0.0006763449477514152,-0.0003995279693033879,2.1114342607265273e-05,3.805872064551837e-05,3.281695547633611e-07,-2.925680661776944e-06,12.0
0.3254999999999999,1.529314930609813,0.612904535541696,1.5158192311423362,-0.07657164003872344,-0.010356893994313622,0.008600185050991907,0.003088364847203711,-0.0006657037139600918,-0.00040306592915935447,2.0050998715218523e-05,3.8343488263025235e-05,4.5927373414903857e-07,-2.8944129345601347e-06,12.0
0.3285,1.5212966134372299,0.6115015208369088,1.5236937060480122,-0.07501928277204424,-0.010942534611559173,0.008524367339727265,0.0031271674511245758,-0.0006539524093617095,-0.0004057104288442055,1.8900142882953945e-05,3.849459219404021e-05,5.883721930759225e-07,-2.847934168996862e-06,12.0
0.3314999999999999,1.5135350191974741,0.610079556024758,1.5313524171373285,-0.0734574579224869,-0.011504861683026621,0.008435743998121553,0.00316475078987785,-0.0006405736653543855,-0.00040753515839089984,1.761439139708781e-05,3.850878717931309e-05,7.218328986256698e-07,-2.7880343067272667e-06,12.0
0.3345,1.505992460883315,0.6086463890093502,1.5388250661137661,-0.07188658180208578,-0.012048682829802702,0.008337430300031874,0.003202893882392442,-0.0006258838525771957,-0.0004089342473150039,1.6226318223578565e-05,3.843125801407296e-05,8.594513399027919e-07,-2.7212732012249374e-06,12.0
0.3374999999999999,1.4986369807292557,0.6072068535643748,1.5461415105184777,-0.07030571736451552,-0.012580512172916428,0.008231712943309339,0.003243644930969777,-0.0006101923394453822,-0.0004103721830154218,1.4757344129344857e-05,3.832640176558134e-05,9.998131874666908e-07,-2.6556638873216097e-06,12.0
0.3405,1.491463524773863,0.605765255156572,1.55330566364755,-0.06871551080614105,-0.013100732971083868,0.008119715363528872,0.0032869733372231104,-0.0005937854082671497,-0.00041192509470288377,1.3221987703875317e-05,3.820589062999376e-05,1.140259135416608e-06,-2.5917928380777957e-06,12.0
0.3434999999999999,1.4844859837850146,0.6043240217293339,1.5603028987648042,-0.06711699660568052,-0.013606138339628178,0.008001271705143904,0.003331479705308742,-0.0005768373330654025,-0.00041344853456496506,1.1619804413524876e-05,3.805123427826628e-05,1.278825750159152e-06,-2.526277312758232e-06,12.0
0.34650000000000003,1.4777213686340005,0.6028807385176594,1.5671174926413562,-0.06550844146866693,-0.014095296863548386,0.007874766010047152,0.0033760557929585727,-0.000559286331466455,-0.00041492493924577344,9.921312151426417e-06,3.7864289612528954e-05,1.416554312541071e-06,-2.458906124069301e-06,12.0
0.3494999999999999,1.471176571435823,0.601431066806474,1.573742170678194,-0.06388736239296207,-0.014569510951375823,0.007738375867224172,0.0034202188093312323,-0.0005409887744383839,-0.00041649489165718835,8.088258773141562e-06,3.7667160487065366e-05,1.5564605029148419e-06,-2.392863603377145e-06,12.0
0.35250000000000004,1.4647675914131741,0.5999817224815585,1.5802498695111267,-0.06226138143210557,-0.015048220669577377,0.007595956531952314,0.0034682997776967848,-0.0005226186666577958,-0.00041918536854267276,6.172937633503312e-06,3.760383503344441e-05,1.6971135316114283e-06,-2.347023796184027e-06,12.0
0.3554999999999999,1.4585310408501049,0.598547839818385,1.5865733719143396,-0.06064628216074432,-0.015506584079485531,0.007449801161090782,0.003511734680782901,-0.0005047511898631065,-0.0004213368928376139,4.258876769847047e-06,3.73924834349659e-05,1.8328082995388442e-06,-2.28542096342926e-06,12.0
0.35850000000000004,1.4525358773009664,0.5971205588877564,1.592635349331963,-0.05903850107788397,-0.015922569749742828,0.00729643218021896,0.0035436540526876366,-0.00048680745055041595,-0.0004216636543760815,2.3134106241432605e-06,3.682151842166695e-05,1.965735976159035e-06,-2.1815712541945187e-06,12.0
0.36149999999999993,1.446759060408148,0.5956683041057845,1.5984850375452557,-0.05741480696659203,-0.016316716144098894,0.007130237885224507,0.003570822008624176,-0.00046750585714769386,-0.0004216805401122666,2.1029639318955397e-07,3.613821459792851e-05,2.1070207053094376e-06,-2.068700693758109e-06,12.0
0.36450000000000005,1.441104740794971,0.5942071080019593,1.604208316077014,-0.05579178586970526,-0.016707078158177766,0.006958702304153958,0.003598711456274385,-0.0004478861119987399,-0.00042238704077468645,-1.8984326003435381e-06,3.549998681782925e-05,2.2490743981991403e-06,-1.9657408769346184e-06,12.0
0.36749999999999994,1.4355692689126558,0.592738583049256,1.6098138178963826,-0.05417306611111182,-0.01709469563631526,0.006783126231356085,0.003628643127712879,-0.00042806514961414636,-0.00042396776947500577,-3.956835691943519e-06,3.496141703009572e-05,2.3911696740125462e-06,-1.8784971817448034e-06,12.0
0.37050000000000005,1.430178351847414,0.5912650134859931,1.6152758440824069,-0.052561764749529484,-0.01747058124863064,0.00660370771290529,0.003658921000471374,-0.0004081113241905585,-0.0004259278654404189,-5.925560862227766e-06,3.447908667135403e-05,2.5332398367632396e-06,-1.7992942083815371e-06,12.0
0.37349999999999994,1.4249434548410844,0.5897848716669839,1.6205805130624467,-0.05095631416048556,-0.017829208440033793,0.006419621670854945,0.0036885249398076092,-0.0003879935060513263,-0.0004278462600603779,-7.812024866230288e-06,3.402484206313811e-05,2.6763403280333717e-06,-1.721535058453084e-06,12.0
0.37650000000000006,1.419864540622422,0.5882879999427113,1.625730653012256,-0.04934736015083866,-0.018171479470294193,0.006228499937679705,0.003717925357428006,-0.0003674721475487002,-0.0004295882622036462,-9.680769970105487e-06,3.361291628859397e-05,2.821977263896215e-06,-1.6436468175622634e-06,12.0
0.37949999999999995,1.4149520114684204,0.5867471105523601,1.6307527524320418,-0.047725001267570205,-0.018503324949281526,0.006028360936654957,0.0037485172044649487,-0.00034632930386070524,-0.0004312445148709133,-1.1604660768381523e-05,3.327654675435227e-05,2.9705632192211015e-06,-1.5670379433032457e-06,12.0
0.38250000000000006,1.409048285351917,0.584889071779176,1.6366919975078578,-0.04581553272351366,-0.01903309336045899,0.005775527644668617,0.003828304181615352,-0.0003177446626413648,-0.0004408175025754662,-1.4431006111525705e-05,3.410207397968294e-05,3.2040645252004723e-06,-1.6267122113855778e-06,12.0
0.38549999999999995,1.406130573350881,0.5837136616411939,1.6398581618730446,-0.04446797355722286,-0.019093063250331915,0.0055998064278963595,0.003811942773846852,-0.0003016182747315239,-0.00043583083910127935,-1.580197681394872e-05,3.323914752663298e-05,3.323144111460956e-06,-1.5199249189917377e-06,12.0
0.38850000000000007,1.4010814795729085,0.5819616177068738,1.644855539927149,-0.04273293190076983,-0.019439181260540127,0.005366165272021079,0.0038411564913324757,-0.0002771358434895578,-0.0004345673925282717,-1.7968303936653106e-05,3.2563114153646584e-05,3.435072256164829e-06,-1.4415308274787727e-06,12.0
0.39149999999999996,1.3966995371033153,0.5803755291175136,1.649266847439404,-0.04104848793191855,-0.019682114935482,0.005142497226786591,0.003855413635793477,-0.0002558918659866126,-0.0004325920252458969,-1.9654612768881814e-05,3.182988243131483e-05,3.38089008039865e-06,-1.3838666365632255e-06,12.0
0.3945000000000001,1.39243485173363,0.5788531796719101,1.653576178686895,-0.03944320913339611,-0.01994991536977699,0.004933780667640209,0.003880752981075829,-0.000236758409345916,-0.0004332362835700227,-2.1081224386099843e-05,3.1543736480016146e-05,3.372423666322328e-06,-1.328889497642346e-06,12.0
0.39749999999999996,1.3882279670011073,0.577327916887206,1.6578057463468479,-0.03783915125270647,-0.020216725027773774,0.004722147811703279,0.003907622231765687,-0.00021736982338786069,-0.00043449579006291436,-2.2445430153843405e-05,3.1379778894499414e-05,3.3917709117912324e-06,-1.271508600905237e-06,12.0
0.4005000000000001,1.3840958975428794,0.5757947305837379,1.661925330843685,-0.036237664078093285,-0.020472139026377616,0.004506364180436207,0.003932704411865437,-0.00019756723532131585,-0.000435647238899122,-2.3769579005431456e-05,3.120936166986918e-05,3.419540862524777e-06,-1.2125514081967962e-06,12.0
0.40349999999999997,1.3800490172930844,0.5742633546925361,1.6659197342456182,-0.034647956989062395,-0.02071284060872963,0.004287865396006332,0.003955210835561728,-0.00017767628108596276,-0.00043653867519885975,-2.5028876410719684e-05,3.1017095272004314e-05,3.444529203380724e-06,-1.1530666908930964e-06,12.0
0.4065000000000001,1.3760868326672637,0.5727432890650715,1.6697827133953216,-0.033073014449204546,-0.02093912980378723,0.004066073695893836,0.0039753934410484346,-0.00015765307045275399,-0.0004371768959769582,-2.625595748301613e-05,3.0839344531412765e-05,3.4629037445979717e-06,-1.093196081109132e-06,12.0
0.4095,1.3722117956364837,0.5712260039411635,1.6735218396539882,-0.03150699481869642,-0.021155208821311007,0.0038386183478321453,0.003994238463324648,-0.00013702299285952855,-0.00043771803086470367,-2.7548123227769525e-05,3.08153388897124e-05,3.3984768256554924e-06,-1.0081529117401593e-06,12.0
0.4125000000000001,1.3674301472872066,0.569374108056864,1.6780573501073237,-0.029655564835722598,-0.021541845697928177,0.0035396235679637507,0.004057685701747345,-0.00010524412789639768,-0.000447135892810277,-2.8558072682561582e-05,3.1008159308980353e-05,3.689318731463755e-06,-1.0549132750047612e-06,12.0
0.4155,1.3652205722705197,0.5682057259824657,1.6801766315293223,-0.02837937910237974,-0.02150671172149229,0.003350946940400426,0.00402008766488981,-9.24289488475884e-05,-0.00043604826851076307,-2.8946287549273164e-05,2.906804593138446e-05,3.6635246001493036e-06,-8.603734329442217e-07,12.0
0.4185000000000001,1.3614414142319493,0.5664534685618431,1.6836791423490929,-0.026692311649206314,-0.021721860384817798,0.0030674284800292517,0.00403566605039549,-5.916422419935767e-05,-0.0004355509884766744,-3.351217088470778e-05,2.8599194564160327e-05,3.6214060805530848e-06,-8.656126740516813e-07,12.0
0.4215,1.35795615834876,0.5648712599020891,1.6868864016483105,-0.02511039527379281,-0.021884559467175914,0.0028199285411630443,0.00404561216442262,-3.874041348384288e-05,-0.000436628248858662,-3.46991285449187e-05,2.8668820916667316e-05,3.908803356066355e-06,-7.475620138516831e-07,12.0
0.4245000000000001,1.3545432812428289,0.5632914827412352,1.689978180387546,-0.02356018357206168,-0.022056815726552503,0.0025685737638103615,0.004060154285698067,-1.467450347345041e-05,-0.00043513419607259273,-3.41965846905076e-05,2.9529108433008267e-05,4.425429475748876e-06,-5.935531866605642e-07,12.0
0.4275,1.3511762450820013,0.5616886230850564,1.6929591712869982,-0.022004908168468864,-0.02221905970512175,0.002312254525621808,0.004074663186959066,9.858473540374999e-06,-0.00043440769785963953,-3.542095392624794e-05,2.9226801015166917e-05,4.4475900574697935e-06,-5.550314723835134e-07,12.0
0.4305000000000001,1.347873402737795,0.5600760682200357,1.6958220259768864,-0.020450926941081516,-0.02237255999973316,0.0020553799315530044,0.004088650880949529,3.4450203118469497e-05,-0.00043348225995235127,-3.666477513951321e-05,2.890461661783234e-05,4.455113197831871e-06,-5.203746200505125e-07,12.0
0.4335,1.3446411452250235,0.5584554738021527,1.6985684055676018,-0.018898884423328714,-0.02252040624549006,0.0018006129443182922,0.004102584150324235,5.932846676781293e-05,-0.00043273844696064385,-3.787163858306501e-05,2.8582538947952495e-05,4.458831172398968e-06,-4.98880894375032e-07,12.0
0.4365000000000001,1.341477309977177,0.5568233817088166,1.7012031765071047,-0.017349404464075055,-0.02266189687705276,0.0015486637716057496,0.0041167280409518045,8.48431243837994e-05,-0.0004323388588660507,-3.9079939020419015e-05,2.8270611450655047e-05,4.4698709033301e-06,-4.949768398880518e-07,12.0
0.4395,1.338369830000962,0.5551834239890707,1.7037316747293216,-0.015805963091711093,-0.02279125185716001,0.0012990243365794646,0.004130506526291695,0.00011094759451883205,-0.00043209195651981546,-4.036895386391179e-05,2.7958713452262366e-05,4.48882633835002e-06,-5.048253216591152e-07,12.0
0.4424999999999999,1.3349819336151667,0.5534915741200533,1.7065040544883423,-0.014226925752098546,-0.022988557887113657,0.0010393640563553688,0.004168690424605549,0.00013949353598379245,-0.0004366666991385999,-4.2114337557553954e-05,2.839319590907719e-05,4.537517591095491e-06,-6.20706305869337e-07,12.0
0.4455,1.3322225458909658,0.5518082556179899,1.7084763045037303,-0.012660716866232683,-0.02298075993262734,0.0007788961741993642,0.004146247438639393,0.00016694115459581378,-0.0004289043731943325,-4.377649991714752e-05,2.68707493765063e-05,4.550495954064211e-06,-4.733295434153251e-07,12.0
0.4484999999999999,1.3294347697013986,0.5501460802955639,1.7105660546543124,-0.01111555992810705,-0.02303829241909747,0.0005255533822737865,0.0041503961156923235,0.00019231492516530926,-0.0004272811559829255,-4.537737885017958e-05,2.6433906908565467e-05,4.546112606745597e-06,-4.7681670357530664e-07,12.0
0.4515,1.3265541361786353,0.5484975895951587,1.712733942294282,-0.009583276364059756,-0.023129248238480574,0.000273879163770832,0.0041645164646154816,0.0002169651729194196,-0.00042759184818409897,-4.708488521336901e-05,2.6277496257552036e-05,4.544649907549837e-06,-5.103069247304311e-07,12.0
0.4544999999999999,1.3237007498529556,0.5468018389706997,1.7147984823901974,-0.0080269640114772,-0.023208091512384503,1.0141061038507961e-05,0.004172748273754834,0.00024372756712182325,-0.00042661713044402576,-4.919872946458526e-05,2.586867545858638e-05,4.572169947162185e-06,-5.002716338895657e-07,12.0
0.4575,1.3208961446854142,0.5450618445026133,1.7167206606228553,-0.006464368297207871,-0.023269555503014436,-0.0002579837294516587,0.004174861512626028,0.00027133754498646483,-0.0004245665038452278,-5.151132939751985e-05,2.5274153123876614e-05,4.617096948705294e-06,-4.5661039571634044e-07,12.0
0.4604999999999999,1.3181367208585966,0.543285508495048,1.7185126810656826,-0.004906573367565856,-0.023316166362447738,-0.0005241929890752012,0.004173741803009136,0.00029855424562517225,-0.0004223384784236388,-5.385917695682966e-05,2.4674649557386937e-05,4.6733140409887576e-06,-4.032198870786475e-07,12.0
0.4635,1.3154135331276706,0.5414751807950547,1.7201935022245571,-0.0033508997259680973,-0.023347926891479777,-0.0007887069802227177,0.00416980166003959,0.0003248152876615537,-0.000420356250505094,-5.620371420885085e-05,2.4147164365430406e-05,4.744733729805653e-06,-3.479585866305457e-07,12.0
0.4664999999999999,1.3127177682526947,0.5396346258592107,1.7217701102488898,-0.0017954904965918502,-0.02336508862732694,-0.001054697444055405,0.004161445840843802,0.00034978857134065737,-0.0004185563589455524,-5.849730172268666e-05,2.3690133771400283e-05,4.834794732430944e-06,-2.8793574632242706e-07,12.0
0.46950000000000003,1.31004005489317,0.5377720721275502,1.7232389618050918,-0.00024674922769986514,-0.02336914488129672,-0.0013230815777075873,0.004147396469548464,0.00037341020245183613,-0.0004164190733631168,-6.0556566757843735e-05,2.3281451711548333e-05,4.942609935634762e-06,-2.1620703015854662e-07,12.0
0.4724999999999999,1.3072534186248497,0.5358746207252107,1.724744205154173,0.0013033729123223385,-0.0233990588298404,-0.0015959084574649121,0.004140745969164309,0.00039735177413100837,-0.0004156381147970316,-6.22461636736253e-05,2.3316905065177905e-05,5.07994646898318e-06,-1.8090126819493098e-07,12.0
0.47550000000000003,1.3047222294626692,0.5339226518036225,1.7258524630761167,0.0028679488479379837,-0.02334078569734543,-0.0018730988526483362,0.004108348436152555,0.00042302814719297985,-0.00040850599375676533,-6.342935041356197e-05,2.264076280649509e-05,5.230382056798193e-06,-2.723626253978434e-08,12.0
0.4784999999999999,1.3022850826219527,0.5319170141766333,1.7268347630574716,0.004447387509470685,-0.02327676814988948,-0.002152242166666605,0.004080634495703106,0.0004507460990349547,-0.0004016976752503586,-6.43418959497073e-05,2.2270135201049766e-05,5.366262912585e-06,8.02827508903198e-08,12.0
0.48150000000000004,1.2998041446690054,0.5299208442022435,1.7278074593361996,0.005995932925159292,-0.023222240987145554,-0.0024192090165043633,0.004058846856911172,0.000476942912723405,-0.0003958081166273999,-6.50700898105427e-05,2.1956058920848277e-05,5.4157151339793685e-06,1.513537089693411e-07,12.0
0.48449999999999993,1.2973303838393715,0.5278967979577115,1.7287195834736904,0.007549375567034526,-0.023164242954170557,-0.002688440833119067,0.004036930738280903,0.0005033711303448392,-0.00039036141683344134,-6.621108815290745e-05,2.1447208392393548e-05,5.382575089373358e-06,2.071904800392371e-07,12.0
0.48750000000000004,1.2948808420218971,0.5258417342498007,1.7295444954315515,0.009109180020220486,-0.023095081166571132,-0.0029613214369316704,0.004011637365381169,0.0005302408216931684,-0.00038474663512579163,-6.776560915519283e-05,2.0679328721135713e-05,5.29123807320924e-06,2.695644827219525e-07,12.0
0.49049999999999994,1.2924615215172692,0.5237610763945002,1.7302726010089227,0.01066615111208639,-0.023014574982769116,-0.0032343115415340564,0.003983864537244859,0.0005573849310802367,-0.0003790521407888159,-6.952108213598633e-05,1.9782615366567518e-05,5.171265437577705e-06,3.371922582622266e-07,12.0
0.49350000000000005,1.2900729344274708,0.5216585257768355,1.7308991444936817,0.012214878912139944,-0.022923611800626843,-0.003504787457308295,0.003955168001225651,0.0005847219532009893,-0.00037364943730482965,-7.133297513504597e-05,1.8865287185727364e-05,5.043909414614135e-06,4.0172084015721736e-07,12.0
0.49649999999999994,1.2877177106481381,0.5195346833376507,1.7314205754732463,0.013758427182417729,-0.02282197375266704,-0.003772860618292611,0.003926727220404816,0.000612423101045683,-0.00036892518241824114,-7.314354603743734e-05,1.799020331370672e-05,4.928000340256532e-06,4.5534043131666404e-07,12.0
0.49950000000000006,1.2853986846487315,0.5173924588551028,1.7318371565489976,0.015300190384198655,-0.022708413554987376,-0.0040388698481426425,0.003898946873681302,0.0006403013547710966,-0.0003650585765587039,-7.490293276547438e-05,1.7188346889245788e-05,4.836687795484735e-06,4.952138471587973e-07,12.0
0.5025,1.282993895632855,0.5152265613784084,1.7322821356739182,0.016845046419899368,-0.02261125359193718,-0.004305453559861097,0.003879900339384596,0.0006681521600867403,-0.00036357489296041007,-7.664372857149142e-05,1.670987986984976e-05,4.7804881649298135e-06,4.92219508382695e-07,12.0
0.5055000000000001,1.2807754997867669,0.5130512923456252,1.7324106728773345,0.018374789032117575,-0.02244370157583735,-0.004565202252883243,0.0038408503356748887,0.0006933448293004286,-0.0003586402158776713,-7.809824036141649e-05,1.5666342352442282e-05,4.7335275588234e-06,5.716223705582301e-07,12.0
0.5085000000000002,1.2786142854296976,0.5108427364853831,1.732467435095562,0.019904001699040212,-0.022294820240710663,-0.00482841413523792,0.0038120762873916185,0.0007174196602541222,-0.0003571711039164533,-7.953028879460663e-05,1.5321519687215527e-05,4.718885295773786e-06,5.553305104957856e-07,12.0
0.5114999999999998,1.2764249803937062,0.5086553336921772,1.7324578985816645,0.021386405201155367,-0.022151560337897298,-0.00508134725705615,0.0037840784583369484,0.0007379813053117258,-0.00035621299840011335,-8.057987968488595e-05,1.5138190142601532e-05,4.713943673847491e-06,5.286480952511528e-07,12.0
0.5145,1.2742366956491322,0.5064338967758926,1.7323368099241272,0.022863413759159214,-0.022001688128268908,-0.00533540342651755,0.0037529857143647244,0.0007581829823303481,-0.00035452642575595585,-8.147901396961137e-05,1.4978458553131796e-05,4.742701632220137e-06,5.133502148434308e-07,12.0
0.5175000000000001,1.2720365106415918,0.5041705173999109,1.732110559108344,0.02433726500515791,-0.021843526226223074,-0.005586651100824135,0.0037201600465759078,0.0007784237765543699,-0.00035197402007845416,-8.210752235062982e-05,1.490269819226462e-05,4.798365909918163e-06,5.021706948517435e-07,12.0
0.5205000000000002,1.2698302429576536,0.5018696730334868,1.7317861256934124,0.02580154147528511,-0.021676376722425176,-0.0058292164053351005,0.003687718756772465,0.0007981893259475881,-0.000348901968201586,-8.237433105322942e-05,1.499817170153752e-05,4.859975911109981e-06,4.774525740057997e-07,12.0
0.5234999999999999,1.2676295415218148,0.49953561945014374,1.7313697985601226,0.027253768952339018,-0.021499420075719648,-0.006062045854445589,0.003656082886423934,0.0008170611672196056,-0.0003456922215151389,-8.240967267987243e-05,1.5233584790241015e-05,4.901489304489645e-06,4.294601689571064e-07,12.0
0.5265,1.2654383143935914,0.497172902936552,1.7308652400626827,0.02869452163541193,-0.021312571473782738,-0.006287805295601118,0.0036242678612803223,0.0008348429720725871,-0.00034268185597241356,-8.246290800390915e-05,1.5495506037392558e-05,4.898528735371577e-06,3.565002452183701e-07,12.0
0.5295000000000001,1.2632436202020916,0.49479463674801233,1.7302718833249162,0.03011800109868198,-0.021114982948618553,-0.006507369732770068,0.0035903026198405514,0.0008511849643927197,-0.00033983023551719765,-8.265091524058012e-05,1.565132762634076e-05,4.837416557617529e-06,2.678340176765704e-07,12.0
0.5325000000000002,1.260881271322694,0.49238934025547393,1.7297558711160474,0.03153384286081253,-0.020944311782641528,-0.0067278968890166005,0.003564261499663849,0.0008674729105226675,-0.00033909920224418677,-8.310635117490755e-05,1.59945835554018e-05,4.740824444332825e-06,1.2871426306705054e-07,12.0
0.5354999999999999,1.2587316711908636,0.48992975030112323,1.728852657995557,0.032957583105422766,-0.020689110999724734,-0.006947358652517505,0.0035117662544128184,0.0008833480610719387,-0.0003335489368390691,-8.362660454898997e-05,1.5502950028362685e-05,4.617686641400101e-06,8.711842143341295e-08,12.0
0.5385,1.2567132177930609,0.4873795229697997,1.7277874221927765,0.034414644870153235,-0.02043130492761144,-0.0071783567739593206,0.003462883510260704,0.0009015405703417227,-0.0003299933336064226,-8.445909994142185e-05,1.5438203737000703e-05,4.5116953358603695e-06,-2.9570475831937866e-08,12.0
0.5415000000000001,1.2546174238563212,0.4848609134923226,1.7267031676055014,0.03581112069474384,-0.020181345559784757,-0.0073932572800666065,0.0034145752728300736,0.0009169679302663621,-0.00032641478207145726,-8.494872618062406e-05,1.5322558905996483e-05,4.3841764474579984e-06,-1.3681040276092712e-07,12.0
0.5445000000000002,1.2524996616462454,0.482302014860918,1.72556002694255,0.037207569838301605,-0.019931100967196202,-0.007612229305354063,0.0033656575649106575,0.0009336577957111704,-0.0003225859630333111,-8.562674529213566e-05,1.5143973122925423e-05,4.277038231142727e-06,-2.309198071785933e-07,12.0
0.5474999999999999,1.2503609515017458,0.4796903186939101,1.7243351401941438,0.03860899715262673,-0.0196733688194935,-0.007834682801928554,0.003315319388691738,0.0009516792722622981,-0.00031818571849819124,-8.64860174713759e-05,1.4877968819127513e-05,4.190952543943593e-06,-3.0334053549295083e-07,12.0
0.5505,1.248201938118694,0.4770199398932302,1.723006359489392,0.04001094591234579,-0.01940357542912309,-0.008055349044212502,0.0032649220426655,0.0009703600517804292,-0.00031350578251439134,-8.738383738589638e-05,1.4622783099788654e-05,4.120938921284702e-06,-3.623242140231325e-07,12.0
0.5535000000000001,1.2460209031239367,0.47428678868651875,1.7215611114996257,0.04141006480635658,-0.019115699963389823,-0.008269467364477734,0.0032149984990341115,0.000989201084001713,-0.0003087461992811598,-8.820283215485493e-05,1.4439317328280779e-05,4.070229190710377e-06,-4.120155429948535e-07,12.0
0.5565000000000002,1.2438135540232111,0.4714918751355639,1.720003609442694,0.04280510922197839,-0.018803941500363432,-0.008474112318129534,0.0031644782503947094,0.0010077050691042811,-0.00030384694973872644,-8.888686661836447e-05,1.4313569324553801e-05,4.049455708702099e-06,-4.4996292556907793e-07,12.0
0.5594999999999999,1.241576635036012,0.4686406664952846,1.718342861672972,0.04419803407208773,-0.018467144847358445,-0.00866886425562881,0.0031116772770031975,0.0010249823306762852,-0.000298670799539696,-8.938824168603131e-05,1.4187779383184675e-05,4.064407311672123e-06,-4.7125455829255306e-07,12.0
0.5625,1.2390993145191596,0.46565748958243236,1.7167263389028256,0.04564144485494992,-0.018126264403818967,-0.00887306519984228,0.003058723319351418,0.0010428470865106968,-0.00029359577094584325,-8.996497771976438e-05,1.403607464486413e-05,4.132070684115769e-06,-4.737989566154955e-07,12.0
0.5655000000000001,1.236895466933677,0.46276203715538117,1.7146610838807237,0.046973444250491436,-0.017701915461656913,-0.009029758538775573,0.002980351685858962,0.0010499539975708954,-0.0002840586115856595,-8.928615937829352e-05,1.315665715562785e-05,4.143404757712494e-06,-3.7062336317199236e-07,12.0
0.5684999999999998,1.2347888679194943,0.4597167471358966,1.712594701395604,0.04839346760084154,-0.017325997922396977,-0.009223865289309888,0.0029210244960580375,0.0010636665725497123,-0.0002799325009722616,-8.950991283348245e-05,1.331226892888502e-05,4.267277152165234e-06,-4.175715133735197e-07,12.0
0.5714999999999999,1.2324939151423855,0.45664409004023193,1.710525080280956,0.049786447801033154,-0.01693711891069092,-0.009413403159917563,0.002851739568783148,0.0010767059034311282,-0.00027288247747948234,-8.939064615620479e-05,1.2998176797629657e-05,4.421290248359888e-06,-3.942361647261283e-07,12.0
0.5745,1.2301499357199719,0.45347003745321074,1.7083177914324077,0.05118919054318666,-0.01652409132381323,-0.009600650112560585,0.002778041241089756,0.0010903020473498307,-0.00026457913768726077,-8.881328376080327e-05,1.267031669671563e-05,4.598553312527044e-06,-3.7692044240379684e-07,12.0
0.5775000000000001,1.2277930590279578,0.45022374804330617,1.7059619934559005,0.05258246321437428,-0.01609115850914491,-0.009779596803655729,0.0027033558278698566,0.0011039063492428104,-0.0002552814407645253,-8.788157149552187e-05,1.2342752575986079e-05,4.766544272195629e-06,-3.691183588881285e-07,12.0
0.5804999999999998,1.225424116478374,0.44691642758263483,1.7034847342843278,0.0539706631198945,-0.015643601028301965,-0.0099549618751208,0.0026279437639240423,0.0011176555372830685,-0.00024499626821238723,-8.706569133146151e-05,1.187837262536397e-05,4.881881245338868e-06,-3.5762775175117704e-07,12.0
0.5834999999999999,1.2230393207389958,0.44354341775174005,1.7008974103766374,0.05535920509603063,-0.015182650519663084,-0.010128826453929493,0.0025501207756937045,0.001130877710588781,-0.00023410644546206793,-8.66182034804943e-05,1.1192944412885549e-05,4.906779449600351e-06,-3.442523128171921e-07,12.0
0.5865,1.220646119153291,0.4400883028563993,1.6981966962037731,0.05675038181727554,-0.014708578998664398,-0.010299778112694268,0.002468677419111026,0.0011432228238247321,-0.0002231225311350454,-8.653667179834669e-05,1.0318272001558706e-05,4.845861307331563e-06,-3.415273244806378e-07,12.0
0.5895000000000001,1.2182544235958281,0.4365346428901979,1.6953750015061482,0.05814645839192767,-0.01422156984102717,-0.010466428222438965,0.0023840636748992112,0.0011550108682647046,-0.00021233759987463802,-8.672090174936012e-05,9.363456989291869e-06,4.7333046401886765e-06,-3.5896253206706596e-07,12.0
0.5924999999999998,1.215657218103999,0.4328181023740641,1.6925048950806951,0.059580305639754146,-0.013714085217794084,-0.010638037667530686,0.00229363270409758,0.0011679285259959488,-0.00020067725217143566,-8.719220206084003e-05,8.183581813383456e-06,4.601986999901079e-06,-3.606948983249257e-07,12.0
0.5954999999999999,1.2132183292168317,0.4292619258138403,1.6892645779767212,0.06083832107943641,-0.013152030319829432,-0.01074242181501162,0.0021897594852356966,0.0011693967888624372,-0.00018656312258600986,-8.642076879457094e-05,6.553637491970607e-06,4.351233682885955e-06,-3.073999399159762e-07,12.0
0.5985,1.2108545875483732,0.42552516498290527,1.686055080899247,0.06220960789991571,-0.012643828325966661,-0.010888520317057943,0.0021119670276268146,0.0011805654119949143,-0.00017899880068010778,-8.707909857253694e-05,6.034229591078779e-06,4.18482937629449e-06,-4.161980957621832e-07,12.0
0.6015000000000001,1.2082878853121728,0.4217236972793654,1.6828260711075496,0.06357172077611797,-0.012107417145727384,-0.011027049230527169,0.0020229295043479494,0.001191302257981897,-0.00016833150386067033,-8.786476137139285e-05,4.830903491533468e-06,4.00574345195575e-06,-4.2270199086827284e-07,12.0
0.6044999999999998,1.205640131671132,0.41779413913095736,1.6794217926564843,0.06493961119611498,-0.011531817393539616,-0.01115331362197485,0.0019288323151903783,0.0012006368590000063,-0.00015744958291998286,-8.873393601114146e-05,3.5656170328255274e-06,3.8153337008213725e-06,-4.209522020032502e-07,12.0
0.6074999999999999,1.2029534159291078,0.4137778092675952,1.6758196609963578,0.06627829104585979,-0.010925301231140692,-0.011257207903222842,0.0018333742586399422,0.0012067315884160797,-0.00014748112964469272,-8.963159377524488e-05,2.3771651595696506e-06,3.620011810299495e-06,-4.235640791459413e-07,12.0
0.6105,1.2002481861222813,0.4097001066657997,1.6720317284884234,0.06758549936765577,-0.010291900321950338,-0.011342921230932269,0.001734554631285469,0.0012094589082483336,-0.0001382043377273322,-9.06038688161115e-05,1.2157223768295643e-06,3.443091909233291e-06,-4.12868769571415e-07,12.0
0.6135000000000002,1.197528579172125,0.40557190924717695,1.6680576642328995,0.06886204029483993,-0.009633073282519502,-0.01141431201666416,0.0016297561186289747,0.001208676539019445,-0.0001288426312449651,-9.136480200280994e-05,1.0546365608519582e-07,3.3018554309754245e-06,-3.757278466260983e-07,12.0
0.6164999999999998,1.1947924058337065,0.40139074715658063,1.6638877762291235,0.07010649730963969,-0.008949572460070438,-0.011471730906455648,0.00152034450061838,0.0012055106249103697,-0.00011849816079933712,-9.146690234655983e-05,-8.42175650354156e-07,3.211001241343475e-06,-3.0932174489756994e-07,12.0
0.6194999999999999,1.1920668048755665,0.39711621528561486,1.6595118401167552,0.07134168866007964,-0.008242114922829027,-0.011519643738412536,0.0014114860081511807,0.0012031650965380245,-0.0001072329536314934,-9.093061924987261e-05,-1.4449535934142815e-06,3.1678051024070045e-06,-2.384184204587069e-07,12.0
0.6225,1.1886093052493178,0.3917102757823592,1.6545273628295196,0.07287318871307938,-0.007303934489445763,-0.011603839127088655,0.0012634308684038855,0.0012090447945350173,-8.983381763093602e-05,-9.079292212802245e-05,-2.488307433220355e-06,3.1764232318657624e-06,-1.164584514961645e-07,12.0
0.6255000000000002,1.1866858706710919,0.38878843800861723,1.6506010427333822,0.07329460257911954,-0.006821477715418823,-0.01147875272910308,0.00119925681884617,0.0011857797125489767,-8.220070392706271e-05,-8.777303514501952e-05,-2.7146929199594777e-06,2.9315920303253925e-06,-4.554115336186283e-08,12.0
0.6284999999999998,1.1839649838454585,0.38406185286247957,1.645849755456329,0.07477774468504965,-0.006080780776280331,-0.011578197694099504,0.0011005266381010482,0.0011946816205009826,-7.265684252767265e-05,-8.797077492741624e-05,-3.0817614318996424e-06,2.8072528324590527e-06,-3.65153253640071e-08,12.0
0.6315,1.1809407942542172,0.3791751704599099,1.6406855815432608,0.07598382390944185,-0.005231205249170516,-0.011576783045804158,0.0009745895400564428,0.001186966824121444,-5.840858041658244e-05,-8.68379464117735e-05,-4.304277752721698e-06,2.5257079052924106e-06,1.3996416393897957e-09,12.0
0.6345000000000001,1.1780426120955785,0.3743611278551552,1.63534723036667,0.07706480328642175,-0.004402979688492537,-0.011538683987251814,0.0008580974221512887,0.0011734738535257852,-4.650283125352662e-05,-8.547364934058208e-05,-5.347728179373497e-06,2.196921627708896e-06,1.8513822118893934e-08,12.0
0.6375000000000002,1.1751885107733786,0.36955275371222557,1.6298945985277151,0.07807634325169002,-0.003587252614824971,-0.01148148865315981,0.000746288210385784,0.0011568336079180873,-3.582951041519085e-05,-8.403354251398237e-05,-6.276803887086572e-06,1.884096823302576e-06,3.769074874734548e-08,12.0
0.6404999999999998,1.1723235240028826,0.36469154804390413,1.624323972255711,0.07905057075956781,-0.002767231796749728,-0.011408209486717835,0.0006361340391276377,0.0011375178988401345,-2.5652058061276413e-05,-8.241544138938509e-05,-7.156056998866753e-06,1.5744395436840586e-06,5.698647225978965e-08,12.0
0.6435,1.169418842360501,0.35975485166897386,1.61861014665263,0.07999282430813731,-0.0019370341838473152,-0.011317062075133819,0.0005275054462608698,0.0011158319751748101,-1.5598105355638265e-05,-8.048472877254212e-05,-8.006716593738228e-06,1.2685505970002629e-06,7.647689625093361e-08,12.0
0.6465000000000001,1.1664516584937292,0.35475090311333085,1.6127378203711347,0.08089717633210407,-0.0010931571738019654,-0.011205675355612092,0.0004208244809780217,0.0010919017953954458,-5.502313247030729e-06,-7.818077591619726e-05,-8.816677284051601e-06,9.568809597406636e-07,9.752016973669476e-08,12.0
0.6495000000000002,1.1634188308221043,0.3496794032231303,1.6066898417513964,0.08176253397527844,-0.0002305317163369164,-0.011073996259328001,0.00031644252792464086,0.0010664766220919088,4.29825524594053e-06,-7.549811916263274e-05,-9.593682571705606e-06,6.788280323973375e-07,1.0577987710271848e-07,12.0
0.6524999999999999,1.159406873324845,0.343276690702103,1.5997963769663455,0.08286672767441584,0.0009207797353231946,-0.01093024765894721,0.00016894097325833432,0.0010404585245474638,1.9557986042044235e-05,-7.263983665777948e-05,-1.0738661386149838e-05,3.471678814774657e-07,1.5762404143551927e-07,12.0
0.6555,1.1571719811844752,0.33972343145929984,1.5946299386269427,0.08296537834110337,0.0014644576032501419,-0.010679530723420844,0.00012056871462497225,0.0010013107139257805,2.2817008257049435e-05,-6.837134416893632e-05,-1.0787599849515747e-05,-3.480306340217169e-08,1.5383759073240355e-07,12.0
0.6585000000000001,1.1541750550657006,0.33416290803830156,1.5880395504033598,0.08404663113283707,0.002416807660475477,-0.010563734813678973,2.0946533102749224e-05,0.0009827167746183402,3.1473963356502536e-05,-6.600875658221205e-05,-1.1291083324094919e-05,-2.691730549323492e-07,1.779811822678803e-07,12.0
0.6615000000000002,1.150933105436735,0.328431206061395,1.5809409413124986,0.0847765867512239,0.0034390077581577926,-0.010326083826021295,-8.01345088828025e-05,0.0009486624134678406,3.943679994358975e-05,-6.253179931555278e-05,-1.1765745301917358e-05,-5.325222736830843e-07,2.1689143552148142e-07,12.0
0.6644999999999999,1.1478569307126554,0.32282086960812806,1.5737194255611344,0.08536748030079717,0.004415372574277169,-0.010055573254801222,-0.00016302077555350086,0.0009118998553529873,4.448661237094537e-05,-5.8898317105425385e-05,-1.1810639570862795e-05,-6.926549823851292e-07,2.4841611690906227e-07,12.0
0.6675,1.1448289314798799,0.31721615202217474,1.5664170296171207,0.08591059028270862,0.00537206445744186,-0.009779597091539978,-0.00024053799282407632,0.0008759975964150175,4.954881624298048e-05,-5.527963042704927e-05,-1.1865814767247652e-05,-8.292324441256623e-07,2.841002848120627e-07,12.0
0.6705000000000001,1.141784736208504,0.31153983271456015,1.5589800003165148,0.08642550797125871,0.006330748897484779,-0.009491773080971976,-0.0003145410782246934,0.0008406935207494487,5.5325863465431517e-05,-5.1363646450400286e-05,-1.189032674587869e-05,-9.675143802202795e-07,3.1292824877179946e-07,12.0
0.6735000000000002,1.138699904126404,0.3057584265918489,1.5513526200387324,0.08689425252693923,0.007294183863856489,-0.009180364913627066,-0.00038209803538646073,0.0008047464616748967,6.087493919687594e-05,-4.734509197837538e-05,-1.1919382814555375e-05,-1.1590792657771096e-06,3.130134227869882e-07,12.0
0.6764999999999999,1.135564498428892,0.29987545933176246,1.5435221927479053,0.0872956990730098,0.008258614598227245,-0.00883997023145714,-0.000442077991324533,0.0007672534704360257,6.55416212962548e-05,-4.335045243917769e-05,-1.1920517093934235e-05,-1.3865876155996187e-06,2.8795021359322107e-07,12.0
0.6795,1.1323592546146775,0.29392436953836404,1.535495554477374,0.08760259826141804,0.009221091516344065,-0.008467706247556377,-0.000495620977434108,0.0007277851613372901,6.952545183528545e-05,-3.932109684822707e-05,-1.1872679566128187e-05,-1.6127685203805463e-06,2.5544627984487924e-07,12.0
0.6825000000000001,1.129040170953554,0.28787893151363153,1.5272464258575533,0.08782789464335568,0.01020017526742557,-0.008068788220633989,-0.0005488176359486861,0.0006876759793522941,7.433528022822886e-05,-3.5265195382286056e-05,-1.1916278719305655e-05,-1.7995884807168031e-06,2.505437299104564e-07,12.0
0.6855000000000002,1.1255400449327702,0.28174273030566305,1.5189443115050134,0.0879651730793679,0.011140719920824943,-0.0076505495659458,-0.0005852573522925142,0.0006474587003229099,7.624258330686564e-05,-3.1218390498747716e-05,-1.1439727511284436e-05,-1.944264432195929e-06,1.9454947501133805e-07,12.0
0.6884999999999999,1.122281425067235,0.27556202827065346,1.5102076521768681,0.08799513391291669,0.01209198116188647,-0.007195111309563064,-0.0006124425620918489,0.0006056456045474668,7.673528563732113e-05,-2.708241776157673e-05,-1.0672206722983987e-05,-2.051725302914016e-06,1.1583207421707452e-07,12.0
0.6915,1.1191556138147603,0.2694415549496804,1.501171170219258,0.08787908127508369,0.013034035134444831,-0.0067042580445273855,-0.0006329382353400249,0.0005624259024955013,7.725446624815866e-05,-2.289996190539284e-05,-9.948739788463894e-06,-2.1240869288737214e-06,6.102991553697028e-08,12.0
0.6945000000000001,1.1161075319849967,0.26331272212554013,1.4919479614407505,0.08768423196806248,0.013960112415988664,-0.0062020386417499795,-0.0006470755551710571,0.0005215360933260622,7.809310716147437e-05,-1.906957845232807e-05,-9.34972138220342e-06,-2.145217815666131e-06,3.777927513877975e-08,12.0
0.6974999999999998,1.1130481762915378,0.25714347977089086,1.4826311942971468,0.08743473622002973,0.014863987731782963,-0.0056946272757109374,-0.0006533921145099274,0.0004830276240529461,7.872570136668401e-05,-1.552576975572057e-05,-8.772480817980857e-06,-2.13180317236162e-06,2.718041259290245e-08,12.0
0.7004999999999999,1.109928300971162,0.25092345197787225,1.4732603420507453,0.08712843655951695,0.0157401702121401,-0.005177782937127352,-0.0006488326345538302,0.00044542695798068546,7.82253627757397e-05,-1.203749866184585e-05,-8.03692263922893e-06,-2.1078259873137553e-06,1.349776592382935e-09,12.0
0.7035,1.1067499374721426,0.24465807548404217,1.463828653047004,0.08675690925970499,0.016586096583392187,-0.0046477022018059175,-0.0006317436588462346,0.0004081811874906533,7.632165538279311e-05,-8.508216898538061e-06,-7.088366184003735e-06,-2.0827890453789165e-06,-4.842867613307614e-08,12.0
0.7065000000000001,1.1035419785710274,0.23836397489601424,1.4543183598535263,0.0863142634320475,0.017398917164540898,-0.0041053781028035944,-0.000602046318417033,0.00037210923763809537,7.343028352460805e-05,-4.997163500271429e-06,-5.995772531268659e-06,-2.0535435560062498e-06,-1.1349370113363668e-07,12.0
0.7094999999999998,1.1003329699508584,0.23206280925783493,1.4447227441158634,0.08579752315626572,0.018174205200243446,-0.0035549087758242662,-0.0005602916121648172,0.00033856860258760316,7.019835521459693e-05,-1.5990832160280005e-06,-4.860205755388347e-06,-2.016156028509552e-06,-1.8193718139164584e-07,12.0
0.7124999999999999,1.0971389308505903,0.2257750249935378,1.4350481862080982,0.08520539877854566,0.018907508825178315,-0.00300058213288542,-0.0005069773404120123,0.00030871362657000666,6.71575003957199e-05,1.62802975391972e-06,-3.7563518732975203e-06,-1.9720697442259986e-06,-2.469051505340175e-07,12.0
0.7155,1.09398370845529,0.21951670411837387,1.4252831219019872,0.08453733962970456,0.019600728843740017,-0.0024442582287189357,-0.0004432158358100061,0.00028321259766555965,6.479427378540188e-05,4.661350369494923e-06,-2.7515071072317426e-06,-1.927065728887492e-06,-3.037714937408555e-07,12.0
0.7185000000000001,1.0909541150556161,0.21330092036294118,1.4153305370207336,0.08379212444174447,0.020273982621272977,-0.0018826363459973727,-0.0003729415296557046,0.00026221726893989176,6.403607861204594e-05,7.4960907450083804e-06,-1.9832021470880404e-06,-1.88810081616325e-06,-3.3981896444170056e-07,12.0
0.7214999999999998,1.0880567522244293,0.2071388049159782,1.4051980430096778,0.08296841354434235,0.020928504607802146,-0.0013162407211402495,-0.0002965111662686771,0.0002457185158307691,6.485339547971134e-05,1.0107920934092505e-05,-1.4599077068919225e-06,-1.8608911041965296e-06,-3.5726057047226e-07,12.0
0.7244999999999999,1.0851980237988983,0.20103589869641997,1.395028507868688,0.08206873668032375,0.02154109270515063,-0.0007520402648597711,-0.0002102448710845263,0.00023369369635203394,6.615148430786376e-05,1.2450252447571063e-05,-1.0392577518442167e-06,-1.8467736490659024e-06,-3.7435024575825294e-07,12.0
0.7275,1.082309752985331,0.19499244776105368,1.3849387625710199,0.08109968628001211,0.022094184621718846,-0.00019687102855965973,-0.0001119869256382417,0.00022603617198556909,6.707994856333195e-05,1.4494333304699667e-05,-6.00470043891134e-07,-1.8402910410790851e-06,-4.034830159030632e-07,12.0
0.7305000000000001,1.0793987382275945,0.18900676012358375,1.3749517248438359,0.08006877678373707,0.022587341105745853,0.00034601679297701076,-2.8946362175864972e-06,0.0002225617067565272,6.754390996263026e-05,1.6255632983189202e-05,-1.0821645871570365e-07,-1.830038928409894e-06,-4.437359592971326e-07,12.0
0.7334999999999998,1.076505740888546,0.18307699337276187,1.3650429107385111,0.0789820768333372,0.023027552289542896,0.0008754947410458742,0.00011449850736825383,0.00022305989222389295,6.782413675000967e-05,1.7787547557652913e-05,4.357756555541014e-07,-1.802128716788248e-06,-4.880360397731772e-07,12.0
0.7364999999999999,1.073664198649414,0.17720178974755257,1.3551883742585713,0.07784331703470732,0.02342005045373949,0.001390715930531294,0.0002379090995947475,0.00022730404837362287,6.820779741713702e-05,1.9164697116278008e-05,1.0336861023840095e-06,-1.7436643623959047e-06,-5.295871350792653e-07,12.0
0.7395,1.070888792409774,0.17138162546749694,1.3453773702387124,0.07665356609839723,0.023766249818080207,0.0018906085635139597,0.00036556178592024444,0.0002350247005070626,6.890267182922459e-05,2.0469621415448592e-05,1.6942513462644229e-06,-1.6451307844522076e-06,-5.634192922891281e-07,12.0
0.7425000000000002,1.0681940884107093,0.1656205151527511,1.3355906186348367,0.07541137225136511,0.024068234085521896,0.0023746955347719693,0.000495403186805607,0.0002459007563201921,7.018859008608649e-05,2.1780881552669237e-05,2.404932978347189e-06,-1.5020181716487092e-06,-5.842536303349769e-07,12.0
0.7454999999999998,1.065522017345222,0.15992506189183697,1.3258943190366694,0.07411480313755212,0.024313371211600765,0.002839467689977028,0.0006275398984721032,0.00025947317811221825,7.17802969070888e-05,2.3144243672403528e-05,3.204115229814188e-06,-1.3165768811207684e-06,-5.957745373207706e-07,12.0
0.7484999999999999,1.063100148202948,0.15430779214564122,1.316007689617444,0.07276021370513908,0.0245492472207762,0.003294759223949342,0.000753295432521336,0.0002757702503837695,7.565315570148941e-05,2.4636961517908292e-05,3.846288457936714e-06,-1.0923347689064132e-06,-5.709052301031042e-07,12.0
0.7515000000000001,1.0608042963821316,0.14878756525472403,1.3060867586284461,0.07134280024849154,0.02474925380211208,0.003735409361134741,0.0008754441901755431,0.0002942194365409105,8.09642345675069e-05,2.6287842156916578e-05,4.424655117779867e-06,-8.404827357784767e-07,-5.233199394726703e-07,12.0
0.7545000000000002,1.0584498577945707,0.14337523364005728,1.2963715562446256,0.06986570910262177,0.02487521852061066,0.004153292491427651,0.000999120517902624,0.00031429592384613016,8.632974295402658e-05,2.8092694054854575e-05,5.094987889949273e-06,-5.716188477338786e-07,-4.7400555322455294e-07,12.0
0.7574999999999998,1.0560155438413321,0.13807739566981028,1.2869097148712954,0.0683368813824893,0.02492382245137488,0.004547478860440922,0.0011249340127319292,0.00033592440254119176,9.16081778712536e-05,3.0060048053834004e-05,5.867582960394292e-06,-2.927557333171316e-07,-4.269155841260883e-07,12.0
0.7605,1.0535630632176087,0.13289744595116715,1.2776526540104938,0.0667670129243421,0.024908556976049143,0.004920199332865773,0.001251499589705668,0.00035928547352067876,9.719515957985761e-05,3.2187134998879204e-05,6.6854560894156925e-06,-1.022744385799749e-08,-3.7898951600356053e-07,12.0
0.7635000000000001,1.0511494420226126,0.12783401512400053,1.2685593358498024,0.06516950366694314,0.0248412096018394,0.005272483174652442,0.001377891470344065,0.00038456758038099266,0.00010328643659010641,3.442586386345121e-05,7.500750549003519e-06,2.6808650162466226e-07,-3.2973920043121764e-07,12.0
0.7665000000000002,1.04881100275328,0.12288257040228501,1.259610688963075,0.06355887288750246,0.02472910781848974,0.005603624700951113,0.0015037548120613348,0.0004118422023012245,0.00010979079152357592,3.668524097064806e-05,8.284098742433012e-06,5.331802085758615e-07,-2.819070855929243e-07,12.0
0.7694999999999999,1.0465686291508958,0.11804042275791132,1.250796867195441,0.061947320419435174,0.024577441935162658,0.005912233774771098,0.0016286753631505268,0.0004409776453587926,0.00011649100064515443,3.8861763497926956e-05,9.01412743075758e-06,7.766005131415552e-07,-2.389847604271413e-07,12.0
0.7725,1.0444348532630527,0.11331048514278527,1.2421052519128173,0.060342060517610485,0.024391703133618218,0.006197289476773191,0.0017516578317222364,0.00047160793092323913,0.0001232109346323312,4.087116956975664e-05,9.668307282226383e-06,9.92039948723284e-07,-2.0294469826666348e-07,12.0
0.7755000000000001,1.0424883783991272,0.10870120625009391,1.233436578860126,0.05874483834421518,0.024191112798145047,0.006460879119850937,0.0018694405723719376,0.0005034295745446259,0.00013035359390108954,4.2684876188200946e-05,1.0178682170931696e-05,1.1776973880040963e-06,-1.681723580840013e-07,12.0
0.7785000000000002,1.0410847909898675,0.10422875729079836,1.2243682014028814,0.057150183450650344,0.024044833989204418,0.006714966448640101,0.001972050812179819,0.0005370452410731827,0.00014027673336635053,4.440938314261773e-05,1.0316713188314302e-05,1.340916858535841e-06,-1.0684430244634888e-07,12.0
0.7814999999999999,1.039621325131529,0.099901024966229,1.2155919253847176,0.055555500639593636,0.02384904034354872,0.006939444391927456,0.0020713591953289605,0.0005695147213127446,0.00014896924051064836,4.587330787486681e-05,1.043758825246151e-05,1.4685036519437093e-06,-6.24651947327199e-08,12.0
0.7845,1.0379298407278792,0.0957058270621448,1.2072999432624543,0.05396878432631885,0.023580253194239377,0.007128135175110559,0.002169522895331312,0.0005998651476261831,0.000155383077891514,4.700687438031195e-05,1.0627595142771555e-05,1.5624821083045754e-06,-4.377879911397075e-08,12.0
0.7875000000000001,1.0361327819566353,0.09163844415060296,1.1993526684852207,0.05239324261285193,0.023266272080693574,0.00728549625575571,0.0022623297685038088,0.000628271339135582,0.00016050574156507873,4.7879940199918246e-05,1.0811548251134133e-05,1.634559177350105e-06,-3.737006289433414e-08,12.0
0.7905000000000002,1.034323994557043,0.08770348019134344,1.1916549745918616,0.05082677625363703,0.02292656131067527,0.0074158994942630915,0.0023469150683396835,0.0006548307037351685,0.00016513672640525317,4.860493204624612e-05,1.0954410873154593e-05,1.6974793500405088e-06,-3.273189604728785e-08,12.0
0.7934999999999999,1.0325403680643452,0.08391011048748089,1.1841901901477028,0.04926549407254772,0.022567151132687074,0.007522247917046765,0.002422566833870802,0.0006795340319348204,0.00016965984391831474,4.930765376221724e-05,1.107630421958202e-05,1.7641454830593998e-06,-2.454793564173541e-08,12.0
0.7965,1.0308002052744862,0.08026608758556551,1.176970745175978,0.0477070449205074,0.022188733947562364,0.0076067986739252825,0.0024897317612506843,0.0007024885765404736,0.0001743086299107511,5.012079784772496e-05,1.1222236003411533e-05,1.847821236747696e-06,-9.760081882781474e-09,12.0
0.7995000000000001,1.029119070402648,0.07677152155315947,1.1700109605975224,0.04615306229201428,0.021791232791546333,0.007671425768633184,0.002549398895131276,0.0007240081893566712,0.00017928908620645185,5.117048298270587e-05,1.1442050437519306e-05,1.9609528726608573e-06,1.3703049079999345e-08,12.0
0.8025000000000002,1.0275000604277085,0.07341533244712464,1.1633290800162743,0.04460984403455292,0.021373565292726042,0.007717386710597662,0.00260304868831306,0.0007445287640923987,0.00018471631860372836,5.2554528723950464e-05,1.178454709603833e-05,2.1129172259271773e-06,4.630257351691041e-08,12.0
0.8054999999999999,1.026015341742266,0.07017798967877978,1.1568506250135655,0.043086199387510155,0.02094734533375359,0.007747550371844365,0.002650853078230467,0.0007648359400441844,0.00019107496779149872,5.436401620320497e-05,1.2256363075737814e-05,2.3106594537043836e-06,9.139828161355484e-08,12.0
0.8085,1.0254061551354858,0.06705099001282187,1.1497422026558288,0.04158310027230315,0.02063183873651469,0.007780897549572846,0.002679789548026417,0.0007883038502297173,0.0002026921918741029,5.695254184626163e-05,1.2586105261537599e-05,2.5761891930467563e-06,1.8826491528932396e-07,12.0
0.8115000000000001,1.0244866238155637,0.06402014045682602,1.1432904660486294,0.04010480265414068,0.02023958234182272,0.00779137038901653,0.0027134117527090294,0.0008100561586824848,0.00021258013114246088,5.978732714167e-05,1.323784612417124e-05,2.867754386743663e-06,2.6964220287720894e-07,12.0
0.8144999999999998,1.023312657144604,0.061055014108842634,1.1373998789031212,0.03866673253520837,0.019783848496642033,0.007780485967480562,0.0027516036218361893,0.0008307307608761932,0.00022092234235156975,6.277912614863492e-05,1.4161252197571067e-05,3.177170376140386e-06,3.35961325463862e-07,12.0
0.8174999999999999,1.0221191155313896,0.05815206296185501,1.1317700454529012,0.03727354969809625,0.019307200131764922,0.00775446405054415,0.0027897025955102676,0.0008512845334850083,0.00022896594212469388,6.590733619430198e-05,1.5218414493209496e-05,3.4989998965822076e-06,3.981334908294004e-07,12.0
0.8205,1.0209721747173204,0.055326028088893926,1.126290174792087,0.035923776812505095,0.01882557791317344,0.007715895474723816,0.0028255091836889034,0.0008716360249098127,0.00023697235244397644,6.90655948923931e-05,1.632416538412915e-05,3.8208634716800144e-06,4.585426269831202e-07,12.0
0.8235000000000001,1.0198663698515908,0.05260061815406875,1.1209379634676313,0.03461389923013445,0.018343713304713526,0.0076658563484903455,0.002857761993217155,0.0008911955949096464,0.00024478342043717557,7.211273645002576e-05,1.741603426732588e-05,4.127808500410307e-06,5.161868618442604e-07,12.0
0.8264999999999998,1.0187836075524304,0.05000138073080011,1.1157177331822097,0.03334020491483618,0.017864068539334,0.007605265261796222,0.0028853006632307333,0.0009092068503889933,0.00025217171111401087,7.491508649548904e-05,1.844050970720755e-05,4.40572368842228e-06,5.697497082534708e-07,12.0
0.8294999999999999,1.0177081726114914,0.04754927444246403,1.1106443597909539,0.032099784955686994,0.017388589790925724,0.007535196005906331,0.002907062517579099,0.0009249229381298437,0.0002589366472862651,7.736744786684217e-05,1.9354913852207924e-05,4.64330771629887e-06,6.183262590448884e-07,12.0
0.8325,1.0166080394807615,0.045255174687770065,1.1057613409699405,0.030891288523712337,0.01691536766445666,0.007456447971197875,0.0029226498395538173,0.0009376608713941629,0.0002648168098075223,7.939285769836391e-05,2.01374574533122e-05,4.832479685960905e-06,6.604738845369151e-07,12.0
0.8355000000000001,1.0155995376743772,0.04311888027810989,1.1009613965292373,0.029714053765674837,0.016462245662963167,0.007372159112375586,0.0029294956414113575,0.0009475178043940538,0.0002703535576834111,8.103104310270976e-05,2.0746829417897567e-05,4.975907250293488e-06,7.020177995284776e-07,12.0
0.8384999999999998,1.0157287408097544,0.04114743705091637,1.0951518676352692,0.028557962245994207,0.01617888184084187,0.007300260879604414,0.002908718569714505,0.0009581047880722885,0.00028085473524774336,8.285042566685634e-05,2.0934731868058564e-05,5.11980864080758e-06,7.921852897216837e-07,12.0
0.8414999999999999,1.0149932234877035,0.03931677266559206,1.0904945242450044,0.027424947297522734,0.015770322651651403,0.007210556278338308,0.0028964858602138904,0.0009617979606229258,0.0002859832441019627,8.38847575568859e-05,2.1218867762475743e-05,5.182504051146894e-06,8.37276957220308e-07,12.0
0.8445,1.0139831156474006,0.03756438579523748,1.086395528576251,0.02633460353384022,0.015316406072545011,0.0071101273759130905,0.002884210716509499,0.0009617337088433628,0.0002886756092785326,8.447074838578262e-05,2.1497777295300825e-05,5.199809747535692e-06,8.639069718535733e-07,12.0
0.8475000000000001,1.0130013830133124,0.035849796556496547,1.0825601175548816,0.025294597433866358,0.014854785054910554,0.0070027154652037215,0.002867928640999281,0.0009596254959598978,0.0002904115982174057,8.483514944630075e-05,2.1743527945498887e-05,5.195261037196866e-06,8.853650406070548e-07,12.0
0.8504999999999998,1.0121159841688192,0.0341431122092501,1.0789354524493846,0.024308590532198388,0.014390335548885294,0.006888835362984558,0.0028476465606804544,0.0009562162171211971,0.00029149162812492615,8.508930266547413e-05,2.197849077229518e-05,5.181238390682878e-06,9.041504638386098e-07,12.0
0.8534999999999999,1.0113404024220665,0.032428536447059696,1.075511183978101,0.023376372311557314,0.013923629091083158,0.006768790160893536,0.002823820128273681,0.0009519620424084215,0.00029201928931612105,8.531194462620303e-05,2.222161424376757e-05,5.166192950750677e-06,9.209344071123812e-07,12.0
0.8565,1.0106654323647848,0.030706566791102653,1.0722815139975599,0.02249362158574455,0.013456591250138098,0.006643292581060539,0.0027966354384841427,0.0009471370100323782,0.00029208965704225273,8.5559786402968e-05,2.2476946338898306e-05,5.155544265179957e-06,9.362606327249597e-07,12.0
0.8595000000000002,1.0100656780808042,0.02899194601178579,1.0692396212860524,0.021653035836870452,0.012992867531408622,0.006513369306184515,0.0027660317431829696,0.0009418724028288626,0.00029180113364431144,8.586525454271275e-05,2.2735478693304642e-05,5.1518202080094774e-06,9.505906021464134e-07,12.0
0.8624999999999998,1.0094683048545137,0.0273092192120577,1.0664158250949825,0.020846259177998254,0.01253175155765916,0.006379676465419953,0.002732577966116401,0.0009360763399272481,0.00029106034633242226,8.621733894233789e-05,2.2988700330514186e-05,5.153422308558605e-06,9.624736508200656e-07,12.0
0.8654999999999999,1.009023460266835,0.02569347922183821,1.0636022846194866,0.02006294079573488,0.012103172556937,0.006245429961635312,0.002692908750607648,0.0009302520548027858,0.00029077468258565216,8.669525328462249e-05,2.3184427472403646e-05,5.166688097910538e-06,9.794768121165454e-07,12.0
0.8685,1.009994853631427,0.024212373641007683,1.0594356493640855,0.019278365218630605,0.011886393817079852,0.006126464475136294,0.00262366808035946,0.0009278576972155978,0.00029676148398304774,8.790804772193873e-05,2.3070738053499654e-05,5.244787169640048e-06,1.0544446340374447e-06,12.0
0.8715000000000002,1.0095861514442726,0.022906520181772076,1.056770075420748,0.018482609508575387,0.011507232984421953,0.005996167981231772,0.002574054759820756,0.0009198544225652347,0.0002965316509912205,8.849762874575434e-05,2.3133335782418357e-05,5.2590542748460336e-06,1.072643506290848e-06,12.0
0.8744999999999998,1.0088725328133872,0.021772415968339315,1.0544597922746362,0.017686030765716447,0.011115062374728457,0.005864087543195355,0.002525704434198763,0.0009099727124944824,0.000295001999673849,8.893284573247808e-05,2.317380841760909e-05,5.257318901183856e-06,1.0781588905515138e-06,12.0
0.8775,1.0080717028957453,0.02080780474379768,1.0522648130714678,0.016892164696327767,0.010739293650638814,0.0057319456995213,0.002475226145363329,0.0008988769492049986,0.0002931415470048692,8.928166829537775e-05,2.3150525132816074e-05,5.247641894939228e-06,1.079632543850883e-06,12.0
0.8805000000000001,1.0072225962148285,0.019973368320523297,1.0501597099437294,0.01611484976729683,0.010380237177248676,0.005598138578681893,0.0024232329639114055,0.0008868785492144468,0.0002909929488084546,8.9520020749344e-05,2.306831647720198e-05,5.23075479740268e-06,1.0773926947821674e-06,12.0
0.8835000000000002,1.006371249133211,0.019199612799317256,1.0481376763145576,0.015376703371752466,0.010034773554544614,0.005459910882966669,0.002371000000769644,0.0008745017775847617,0.0002885196753140229,8.962624251402356e-05,2.2945574146377253e-05,5.208692967547608e-06,1.0710993992642921e-06,12.0
0.8864999999999998,1.0055751017511818,0.01841522171344694,1.0461903612048924,0.014700279199906126,0.009699193108258225,0.0053147660968831415,0.00231989101719836,0.0008623130886552154,0.00028568927942335294,8.959679149014534e-05,2.280694627823143e-05,5.184538287672252e-06,1.0605232454123977e-06,12.0
0.8895,1.0048817957865366,0.017580338238842606,1.0443074424752445,0.014097450201526718,0.009370158497077551,0.0051619385265921445,0.0022709200749866532,0.0008506441744165057,0.0002824963580133624,8.945146951281953e-05,2.2674757784665807e-05,5.160955001303122e-06,1.045825165029132e-06,12.0
0.8925000000000001,1.0042791232580497,0.016703963101225235,1.0425172761352353,0.013563647209393388,0.0090403433830898,0.0050029501536381065,0.0022251950477080278,0.0008393360950741797,0.0002788200339842415,8.921668951705667e-05,2.2569033650884207e-05,5.137468365064193e-06,1.0262408908763027e-06,12.0
0.8955000000000002,1.0039929749400909,0.01583222588066373,1.0405850976792013,0.01308082470821512,0.008737864470455449,0.004843157552931907,0.0021785105248155055,0.0008285469309534234,0.00027564133900146516,8.904387784753768e-05,2.2456326517499175e-05,5.123906679169378e-06,1.0114183032650323e-06,12.0
0.8984999999999999,1.0058194758983947,0.015046777759581772,1.0366688833938191,0.012611905161901587,0.008697727646854652,0.004700496207961024,0.002097391452031029,0.0008216413358889148,0.00028019162927200506,8.975061918514482e-05,2.203924451904512e-05,5.198688397008539e-06,1.0697826608101109e-06,12.0
0.9015,1.0056981153953402,0.01435907468572558,1.0349088618080542,0.012147749728743685,0.008393179500156759,0.004551834712734964,0.002054149689838212,0.0008086907004936934,0.00027660297264000514,8.969162689644042e-05,2.1945743801609227e-05,5.178532134174227e-06,1.0532336399562977e-06,12.0
0.9045000000000001,1.005455293489228,0.01369355929357903,1.0334293667039054,0.011712782968498451,0.008069747110753995,0.004407274986155011,0.0020149743386689354,0.0007947798282276126,0.00027252080571304056,8.96532184414286e-05,2.1873992314326096e-05,5.150594452781953e-06,1.0329364347263677e-06,12.0
0.9075000000000002,1.005193544146552,0.012994435288697417,1.0321008927396955,0.011317030642433393,0.007750808497813347,0.0042676434391806335,0.0019760625472694518,0.0007803835960375697,0.00026876084780896804,8.970433689671377e-05,2.178142830458032e-05,5.121380544510661e-06,1.0161753473235125e-06,12.0
0.9104999999999999,1.0048709770582096,0.01224656294374538,1.0309375591974255,0.010957763000383883,0.007440789985291255,0.0041341577040383635,0.0019361099148630615,0.0007653169955867152,0.00026545741385026236,8.984787047407158e-05,2.1649526902083717e-05,5.088162235653221e-06,1.0036174828050465e-06,12.0
0.9135,1.0044510999946208,0.011507772092004568,1.02994913886424,0.010613238493589396,0.007143063897199161,0.004009861118084696,0.0018937524671341149,0.0007489835650542035,0.00026260596363435077,9.007944892662124e-05,2.1460808810303913e-05,5.045104367682927e-06,9.944425209132201e-07,12.0
0.9165000000000001,1.0039049140780163,0.010893400525151425,1.0291402727846544,0.010250280428977285,0.006859966467241384,0.003898248352654598,0.0018476181662219068,0.0007306279314180096,0.0002601210277587846,9.038252708982027e-05,2.119717128871826e-05,4.9847444393001875e-06,9.869817765819053e-07,12.0
0.9195000000000002,1.0032288057372032,0.010509620679235884,1.0285083304028737,0.00984414741841816,0.0065921116431316,0.003800299166250407,0.0017969263503764014,0.0007099075358775493,0.00025786820337380176,9.07154794007137e-05,2.085308956100883e-05,4.900881208526498e-06,9.789873072612437e-07,12.0
0.9224999999999999,1.0024940299994256,0.010338989088875686,1.027927722675935,0.009360430578605023,0.006316689682003307,0.0037052777008760845,0.0017397973917272803,0.0006857081520601641,0.00025556086777190923,9.121452120892306e-05,2.056015104761598e-05,4.7877358351929876e-06,9.537953617409223e-07,12.0
0.9255,1.0022490788614766,0.01019148876096556,1.0272649957302622,0.009004424226487041,0.00609022564897657,0.0035970707685621887,0.001681603733943946,0.0006667760555090025,0.0002539689609656222,9.077331461785672e-05,2.0317850083014667e-05,4.704043046786233e-06,9.236218101021662e-07,12.0
0.9285000000000001,1.0041384327214382,0.010136661116771296,1.0241109793376113,0.00868774155882756,0.006266391832462378,0.003502096700018081,0.001561275038108713,0.0006550017080368532,0.0002642409561937153,9.136654136438186e-05,1.9644467498066545e-05,4.525327975080683e-06,9.29436658850982e-07,12.0
0.9315000000000002,1.0036348467599951,0.009569298228537413,1.0237111996265078,0.008613257695163731,0.006053099901745742,0.003328044995718446,0.0015026120429713777,0.0006493753411477961,0.00026424664865125667,9.023622011848555e-05,1.9078464537901333e-05,4.062168428965556e-06,8.30574505986711e-07,12.0
0.9344999999999999,1.0031751148630945,0.009107914526548015,1.0234006299083227,0.008496953783216953,0.0058030898894901204,0.003150212856790241,0.0014486194333792586,0.0006442274431997503,0.00026308946222054985,8.846999411519051e-05,1.8398580846701255e-05,3.6082735832252187e-06,7.398951510659608e-07,12.0
0.9375,1.002905836810774,0.008808840078955694,1.0230310807551735,0.00830030536582506,0.0055311457818922535,0.002982300598875801,0.0014009636561114886,0.0006394114605739037,0.00026160013568423497,8.673506824845397e-05,1.7815562589539907e-05,3.1865817055866594e-06,6.571251064649588e-07,12.0
0.9405000000000001,1.0028014228712634,0.008623613980599893,1.0225263911041147,0.00801302497289649,0.0052435112829765495,0.002829920496405104,0.0013611365723886783,0.0006349451731357814,0.00025972172192873687,8.498352120835073e-05,1.7274533993345718e-05,2.7637340076947776e-06,5.744467533944042e-07,12.0
0.9434999999999998,1.0027820674461754,0.008456210794254213,1.0218330438082253,0.007649801090008796,0.004952632901193958,0.0026956852452579196,0.0013291452240012267,0.000630935515815914,0.0002575991808655437,8.327574365137555e-05,1.6791776816486956e-05,2.3417532354980427e-06,4.919659796386714e-07,12.0
0.9464999999999999,1.0027729166130948,0.008225466307280025,1.0209331509438768,0.007234399966610534,0.00467081019193304,0.0025800123718359457,0.0013041211170936877,0.0006273969548176623,0.00025537250737118036,8.164945333972392e-05,1.6370058859719085e-05,1.921274306152479e-06,4.0960560277522526e-07,12.0
0.9495,1.0027343066976158,0.00789520521715737,1.0198455892280187,0.006790871144427123,0.0044067129216021055,0.002481335588615381,0.0012846763515649137,0.0006242474774850442,0.00025309372356474395,8.009441683039157e-05,1.601220903671233e-05,1.4996340988983215e-06,3.275168021486397e-07,12.0
0.9525000000000001,1.0026248774112347,0.0073688872811613956,1.018387867755853,0.006254611825240343,0.004123170816825582,0.002389487241796335,0.0012707127593033832,0.0006210630119823504,0.0002502462880991375,7.886229173729448e-05,1.5670838568090195e-05,1.062344441435793e-06,2.2555859508360157e-07,12.0
0.9554999999999998,1.002542504653866,0.007077472221911902,1.0175906991657788,0.005956416989427207,0.003966499465353718,0.0023322412516010105,0.0012563761638641128,0.0006164302784614183,0.0002480089699242116,7.76947886910708e-05,1.5021071269623013e-05,7.652953016232665e-07,1.6122236066979318e-07,12.0
0.9584999999999999,1.0018914641136143,0.0064868523844819,1.016659554421086,0.005488129990724689,0.0036795953545695685,0.002260228208930046,0.0012547970635666062,0.0006127990427101165,0.00024408161536252485,7.58000498889593e-05,1.4335359110040201e-05,0.0,0.0,10.0
0.9615,1.0017652545066984,0.0059525457584484924,1.0153996368770515,0.005085048749337354,0.0034876504059579354,0.002196927807962918,0.0012421941082927555,0.0006076912085648013,0.00024085457604662363,7.420438860427058e-05,1.4030940135285527e-05,0.0,0.0,10.0
0.9645000000000001,1.0016857702810236,0.005463316844699276,1.0142393825990723,0.004732997656634094,0.003324528396833513,0.0021389697557303764,0.0012279505842426152,0.0006017990958414669,0.00023776980334590283,7.278729696590665e-05,1.3773379294123912e-05,0.0,0.0,10.0
0.9674999999999998,1.001621649130201,0.005015702839299114,1.013184992334526,0.00441763662953275,0.003176912306191945,0.00208310724729356,0.0012121023885007655,0.0005949495796529515,0.0002344545091308623,7.13684758343288e-05,1.3520139188700936e-05,0.0,0.0,10.0
0.9704999999999999,1.001572073133552,0.004616025494808671,1.0122421008928884,0.004138274251737601,0.003043757604881755,0.002029202933214277,0.0011946083250832466,0.0005872381403890256,0.00023094433463887752,6.995518294611051e-05,1.3269447387094235e-05,0.0,0.0,10.0
0.9735,1.001534452337379,0.0042662095153682645,1.0114078527609025,0.0038927838855665206,0.0029243362036587106,0.0019775888725461575,0.0011756404374156967,0.0005788099629979635,0.00022728273228703365,6.855405190382233e-05,1.3019712618044847e-05,0.0,0.0,10.0
0.9765000000000001,1.0015052719548052,0.003965390497037511,1.0106747923110997,0.0036783205284753773,0.002817987854917404,0.0019287713806743125,0.0011554913670415784,0.0005698269154759312,0.0002235106027247776,6.716911642414602e-05,1.2769434085224896e-05,0.0,0.0,10.0
0.9794999999999998,1.0014811926751488,0.0037107787646020276,1.0100327515139702,0.003491715966681132,0.0027239192745877193,0.0018831742012729224,0.0011344862872441897,0.0005604430455162611,0.0002196619601487105,6.580176672961714e-05,1.2517439167631918e-05,0.0,0.0,10.0
0.9824999999999999,1.0014829507815868,0.0034983928894361713,1.009446678610007,0.003329517623947375,0.00264392761376597,0.001841008189686374,0.001112464138025777,0.0005508068119727696,0.00021583528862959033,6.4457579667006e-05,1.2259480817516772e-05,0.0,0.0,10.0
0.9855,1.0014152951754651,0.003322325531645566,1.0089975916229494,0.0031886394761171917,0.0025649296055109292,0.0018018948481974848,0.0010914772836302118,0.0005409291584619106,0.0002117484430865097,6.310886824078521e-05,1.2010607191686157e-05,0.0,0.0,10.0
0.9885000000000002,1.0011385597058162,0.0031732348764783613,1.0088117069563691,0.0030674456934661086,0.002467965370328449,0.0017649095761802284,0.0010743994553022288,0.0005307643373583218,0.0002069716599664821,6.171671323331197e-05,1.1794647728050545e-05,0.0,0.0,10.0
0.9914999999999998,1.0010945855782407,0.003045306457139722,1.008435879568884,0.0029626841244978146,0.0024059958956501194,0.0017299714274781955,0.0010526772056090664,0.0005207149361242134,0.00020288855539071134,6.0391926949292136e-05,1.1541643293671235e-05,0.0,0.0,10.0
0.9944999999999999,1.0010607884242515,0.0029359088175049093,1.008082386314613,0.0028700146271258614,0.0023496538257223344,0.0016960661809611493,0.001030669367084312,0.0005105525416117387,0.00019878219696832186,5.906799925622569e-05,1.1287660145168014e-05,0.0,0.0,10.0
0.9975,1.0010307103235447,0.0028404850053647644,1.007749885925388,0.0027868074412472107,0.002296661382260716,0.0016624075284656543,0.0010085173000919333,0.0005002480003846919,0.00019461742994851354,5.77367377775928e-05,1.103441536978955e-05,0.0,0.0,10.0
1.0005000000000002,1.0010047567111187,0.0027556465043164775,1.0074321718018548,0.0027107181903102784,0.002246032509141747,0.0016284063684213893,0.0009862256154779209,0.0004897811222554831,0.00019038663330825473,5.639342027243327e-05,1.0782099447970745e-05,0.0,0.0,10.0
1.0034999999999998,1.0009829240180523,0.0026791811923777544,1.0071252903541859,0.0026396417067802228,0.0021971927737022548,0.0015937230700538967,0.0009638163224878717,0.00047914585045555943,0.0001860908010158999,5.503600793128639e-05,1.0530621425164884e-05,0.0,0.0,10.0
1.0065,1.000964589412808,0.002609824562400481,1.0068274879572752,0.0025716936853076773,0.002149890411220788,0.0015582778334150204,0.0009413340880271841,0.00046835599635917024,0.00018174078097668545,5.366574519626729e-05,1.0279742376729663e-05,0.0,0.0,10.0
1.0095,1.0009486540529515,0.002546860387381958,1.0065388164888502,0.00250523523333413,0.002104080523675949,0.001522216996615787,0.0009188414545148197,0.0004574462069273178,0.00017735685894130704,5.228722754259894e-05,1.002921070509051e-05,0.0,0.0,10.0
1.0125000000000002,1.0009465908005806,0.002489769395524801,1.0062479506825082,0.002438878635378438,0.002061361553197075,0.0014858730943601004,0.0008961634456408106,0.00044647805501103033,0.0001730049895426024,5.09107208891357e-05,9.776681672641014e-06,0.0,0.0,10.0
1.0154999999999998,1.0008994659950778,0.0024370263277249176,1.00601476399616,0.0023719548416385344,0.002014559323867044,0.0014495459649035728,0.0008745201589391032,0.0004354789063578904,0.00016854133772186105,4.953327422370489e-05,9.532617778989905e-06,0.0,0.0,10.0
1.0185,1.000250731480196,0.0023788676931302583,1.006396039475987,0.002308030027620753,0.0018948909014048644,0.0014125426623157718,0.0008649525277535059,0.0004241836822434024,0.00016232813096459734,4.8051259907316275e-05,9.398690805547823e-06,0.0,0.0,10.0
1.0215,1.0002609555600468,0.0023132308740179885,1.006137553208297,0.0022470728994681494,0.0018574819483814927,0.0013766661587709859,0.0008428247639461402,0.0004135588832744333,0.00015818872547950405,4.673999995063605e-05,9.1502936939995e-06,0.0,0.0,10.0
1.0245000000000002,1.000287224152257,0.002245237866135054,1.0058827449484098,0.0021857629571321565,0.0018223084289160634,0.0013419222329795245,0.0008208711588430308,0.00040317091916679634,0.00015419447111605038,4.5470590590233616e-05,8.903332109095461e-06,0.0,0.0,10.0
1.0274999999999999,1.000319878382125,0.0021716756679187044,1.0056436342451966,0.0021252664364362303,0.0017873024016485705,0.0013084128961968892,0.0007994448923926496,0.0003930815047879782,0.0001503214497483385,4.4248207877578406e-05,8.66227593640437e-06,0.0,0.0,10.0
1.0305,1.0003617696218825,0.002089815048154979,1.005418448346459,0.002066985321434935,0.0017519699259431509,0.0012761281957763303,0.0007786390819375299,0.00038334851242193506,0.00014657671084603808,4.3078411563743904e-05,8.42933868534245e-06,0.0,0.0,10.0
1.0335,1.0004152516996248,0.001998011770650359,1.0052041419636295,0.002012281338271166,0.001715941684892725,0.0012449489314988967,0.000758523649591927,0.0003740140150102168,0.0001429611442422882,4.196426024066566e-05,8.206479949323815e-06,0.0,0.0,10.0
1.0365000000000002,1.0004814330092424,0.0018961880141081,1.0049968643466314,0.0019621917390877023,0.0016790360164814166,0.0012146874592608198,0.00073913522843093,0.00036510095552006556,0.00013947105942182657,4.090638626886415e-05,7.995091441598114e-06,0.0,0.0,10.0
1.0394999999999999,1.000559654626544,0.0017862062404454015,1.0047925201214656,0.0019171317389795437,0.001641303334224682,0.0011851468390050833,0.0007204661199650012,0.0003566103471821372,0.00013610055436948966,3.9903349518199757e-05,7.79570192642882e-06,0.0,0.0,10.0
1.0425,1.0006751411363848,0.0016724207359032947,1.0045596241224253,0.0018764640585731932,0.0016064673956832024,0.0011562336396700298,0.0007019060386109394,0.0003485333652235655,0.00013292511480216513,3.895692818853956e-05,7.602379489504767e-06,0.0,0.0,10.0
1.0455,1.0007098125254104,0.0015601129411258392,1.0044083148051701,0.00183908213408401,0.0015610839448665084,0.0011277669050261314,0.0006855778241501821,0.0003407645886173734,0.00012961131514768788,3.804385083426184e-05,7.435396398708451e-06,0.0,0.0,10.0
1.0485000000000002,1.0004977927782153,0.0014523985754696493,1.0044962566080269,0.0018047220136552934,0.00148614449680355,0.0010994368689418075,0.0006744955030908574,0.00033318249791639405,0.00012569849888239328,3.7134266996606194e-05,7.3240708945022376e-06,0.0,0.0,10.0
1.0514999999999999,1.0005534457277707,0.00135679062412231,1.0043055969293804,0.0017704788266444046,0.0014462783487574806,0.001071892563423489,0.0006582219544336178,0.00032599765317958715,0.00012269510042887467,3.6309129500312174e-05,7.163849763827707e-06,0.0,0.0,10.0
1.0545,1.000599667611488,0.0012820467924936848,1.0041085001538377,0.0017321234720490838,0.0014085832115223011,0.0010452887212624752,0.000641956236678901,0.00031896863965384843,0.00011980946918759836,3.551835747416982e-05,7.004435693968136e-06,0.0,0.0,10.0
1.0575,1.000629525336805,0.001229863613642438,1.003911920063853,0.0016880712195862623,0.0013728365934060711,0.0010197139524944082,0.0006256737166621932,0.00031203982983622037,0.00011702508414973597,3.475644879008461e-05,6.844411088133958e-06,0.0,0.0,10.0
1.0605000000000002,1.000643003275618,0.0011977731080851292,1.0037195582241578,0.0016379981814195993,0.0013390067387233913,0.0009951335247226603,0.0006093360306281941,0.0003051784315751184,0.00011433218659982572,3.401866648731984e-05,6.682545422017365e-06,0.0,0.0,10.0
1.0635,1.000643169792048,0.001179867091456821,1.0035349714881685,0.0015827491125369655,0.0013068139297914077,0.0009713948765423387,0.0005929655724759178,0.0002983714693645265,0.00011171689802786713,3.3300589381997034e-05,6.5185880809870235e-06,0.0,0.0,10.0
1.0665,1.0006351979321104,0.0011686043509587182,1.0033610776701514,0.0015238899266717119,0.0012758077957937307,0.000948282323169556,0.0005766314699215341,0.0002916195146249608,0.00010916235635585389,3.259830258132179e-05,6.3530946959602975e-06,0.0,0.0,10.0
1.0695000000000001,1.0006251373022768,0.0011568833057824996,1.0031996672859673,0.0014631625448468695,0.0012454854366136746,0.0009255784397965887,0.0005604274721971652,0.0002849299666532614,0.0001066504999452268,3.1908517554403495e-05,6.187160182738008e-06,0.0,0.0,10.0
1.0724999999999998,1.0006339198663845,0.001139681334395453,1.003036040870075,0.0014020216802108072,0.0012172577688861264,0.0009031180295341266,0.0005441516422991026,0.0002783193183414666,0.00010420629586799295,3.123061109400086e-05,6.019079025138449e-06,0.0,0.0,10.0
1.0755,1.000596453861118,0.0011136124797285745,1.002938289808402,0.0013419711353318804,0.0011822760154144537,0.0008806603388519015,0.0005292702560950646,0.0002717747308930124,0.00010161806017514491,3.055286019362682e-05,5.8646616285117435e-06,0.0,0.0,10.0
1.0785,0.9998357324182049,0.0010678846404775348,1.0035795389340059,0.0012889399160646465,0.001057100372694931,0.0008569979434954906,0.0005293545226329144,0.0002650909275377061,9.696915199059646e-05,2.9784670098403742e-05,5.867138468094592e-06,0.0,0.0,10.0
1.0815000000000001,0.9998979144075014,0.0010044324937128325,1.003419157841122,0.0012431769789103743,0.0010314279917988944,0.0008330396371747296,0.0005137289531217411,0.00025894356175636113,9.460091552399652e-05,2.912695284164299e-05,5.706658146739317e-06,0.0,0.0,10.0
1.0844999999999998,0.9999726701677376,0.0009366603302852497,1.0032558430542493,0.0011996928358525118,0.0010066398233206171,0.0008088799464516086,0.0004983442744640959,0.00025293623371276354,9.224298340127188e-05,2.8472441991873265e-05,5.549387874800793e-06,0.0,0.0,10.0
1.0875,1.000049023016789,0.0008698937398579028,1.003091699342435,0.0011577783223545091,0.0009825888849174138,0.0007846039056588363,0.0004832146722224365,0.0002470693706554791,8.989295891871353e-05,2.7820194706065908e-05,5.395382058182995e-06,0.0,0.0,10.0
1.0905,1.0001202312571016,0.00081142133650282,1.002924425024337,0.0011158572414830682,0.0009597611189386596,0.000760451209623478,0.0004682433129124479,0.00024132768560689504,8.75661014657955e-05,2.7170781495769257e-05,5.243266963254871e-06,0.0,0.0,10.0
1.0935000000000001,1.0001814117235162,0.0007686357225710952,1.0027523567428829,0.00107204005184279,0.0009384867272658443,0.0007367113034741537,0.00045338127036192375,0.00023568490591534995,8.527452866843639e-05,2.6524939303862154e-05,5.092262531918307e-06,0.0,0.0,10.0
1.0964999999999998,1.0002314083577528,0.0007463972086898721,1.0025744299072898,0.001024984371560153,0.0009188501600714973,0.0007135634561035893,0.0004386711100012835,0.00023011383351583645,8.302469355235077e-05,2.5882396260526905e-05,4.942880850813241e-06,0.0,0.0,10.0
1.0995,1.0002726936724742,0.0007450458378592623,1.0023902474877264,0.0009745562323520814,0.0009007301947148743,0.0006909478801513301,0.00042425190204747963,0.00022459174763419566,8.082125024388612e-05,2.524067009621322e-05,4.7969307001593995e-06,0.0,0.0,10.0
1.1025,1.0003431498748745,0.0007605782201763406,1.0021666982184378,0.0009217409542342196,0.0008880537942376206,0.0006685923189456048,0.00040964706474457316,0.00021910733173907467,7.876738168823388e-05,2.459826504594365e-05,4.649474383557725e-06,0.0,0.0,10.0
1.1055000000000001,1.0003092543262815,0.0007841480333457765,1.0020409652481836,0.0008692383242569109,0.0008638273388218883,0.0006459161289468095,0.0003977730334463472,0.00021360310476342358,7.65091870714937e-05,2.3933506580831546e-05,4.5321562221248436e-06,0.0,0.0,10.0
1.1084999999999998,0.9999879558288624,0.0008011152813269213,1.0021984750792252,0.0008225130074363859,0.0008049613495668791,0.0006220991848294058,0.00039246939077851724,0.00020804582741508053,7.356922115457392e-05,2.3220869781157547e-05,4.487122861963081e-06,0.0,0.0,10.0
1.1115,1.0000008234563358,0.0008027190788886365,1.002025963159548,0.0007846109502762108,0.000786194929330139,0.0005972191023295838,0.00038150063500099287,0.0002026334541027553,7.16529173451451e-05,2.251954634996643e-05,4.380424151919985e-06,0.0,0.0,10.0
1.1145,1.0000282322547231,0.0007862683700120502,1.0018479648782455,0.000756128505123011,0.0007660398471822424,0.0005716001727880443,0.00037141413807192014,0.00019726234581940642,6.985884387054131e-05,2.1795928868710546e-05,4.283999822003228e-06,0.0,0.0,10.0
1.1175000000000002,1.0000797588120895,0.0007479964838050982,1.0016668117042231,0.000737940308614586,0.0007425468720750114,0.0005458327891989587,0.0003622502393493697,0.00019196080884521563,6.815639731274568e-05,2.1054175486840424e-05,4.199290288611547e-06,0.0,0.0,10.0
1.1204999999999998,1.0001648156270886,0.0006869122912042909,1.001487107962229,0.0007281227247453775,0.0007144229060303908,0.0005207742676264461,0.00035394005219748333,0.00018674665357330654,6.651621274984821e-05,2.0301920465458717e-05,4.126001281801935e-06,0.0,0.0,10.0
1.1235,1.0002832681866947,0.0006052309271984335,1.0013173305349896,0.0007217746847980695,0.0006816661761971661,0.0004973538334682714,0.0003462465182833852,0.00018162362258713395,6.492819530468751e-05,1.954899364521856e-05,4.0605224952137076e-06,0.0,0.0,10.0
1.1265,1.000419458854137,0.0005111798572236785,1.001165217165225,0.0007119417903859883,0.0006458795441586985,0.00047642623095992806,0.0003387194646614831,0.0001765912179292165,6.34100225546967e-05,1.8806920060158207e-05,3.995306324692527e-06,0.0,0.0,10.0
1.1295000000000002,1.0005448111546023,0.00041991650241412375,1.0010310775157578,0.0006918329727520861,0.0006097706893821478,0.00045860458060922166,0.0003307914157662537,0.0001716668223870806,6.199185556648102e-05,1.8088315873717706e-05,3.920907474194482e-06,0.0,0.0,10.0
1.1324999999999998,1.0006447221030033,0.0003416690173107326,1.0008886802631944,0.0006592172658652942,0.0005784135674305596,0.000443777767045637,0.0003215874419382875,0.00016693735503762336,6.07468437628861e-05,1.7405545557594292e-05,3.82477097949996e-06,0.0,0.0,10.0
1.1355,1.0006264384787302,0.0002808207781255582,1.000807449219099,0.0006144392665770501,0.0005430301342568771,0.00043152498870622325,0.0003126935872794983,0.00016246833823402844,5.942498253658926e-05,1.6761431816293054e-05,3.7235904862391752e-06,0.0,0.0,10.0
1.1385,0.9997333744367156,0.00022735410579465172,1.0015457034886668,0.0005634983352775166,0.0004090731516754703,0.0004204483834050933,0.0003198840664747294,0.00015821885366425832,5.590839456767525e-05,1.6099849339459088e-05,3.793587391327676e-06,0.0,0.0,10.0
1.1415000000000002,0.9997577626235193,0.00018865866591395874,1.0013634894102592,0.0005044806997178275,0.0003886434361164765,0.00041068100746911206,0.00030869519154368743,0.0001545633535875998,5.4835687874838523e-05,1.5555212558760214e-05,3.645544276560593e-06,0.0,0.0,10.0
1.1444999999999999,0.9998068383568498,0.00017591881965926083,1.0011823097523764,0.00043231886938425936,0.00036622502864397513,0.00040188134430476806,0.00029848691820131163,0.0001513041722686174,5.36490290394506e-05,1.504244402166858e-05,3.4946024740802803e-06,0.0,0.0,10.0
1.1475,0.9998744752495466,0.0001857705085253632,1.0009995554933198,0.00034727961342085207,0.00034228411640864937,0.00039377417306951087,0.00028949677465562224,0.0001484821985683891,5.237171611525627e-05,1.4543771918363806e-05,3.3390378232973706e-06,0.0,0.0,10.0
1.1505,0.9999407404265577,0.0002017573081854165,1.00080574981445,0.00025467521137751765,0.00031930293155054817,0.0003860537644545284,0.00028171698404960206,0.00014618625866497575,5.103799066422338e-05,1.4037083946926929e-05,3.1752403768873734e-06,0.0,0.0,10.0
1.1535000000000002,0.9999878513493576,0.00020901130915453465,1.0005926135359475,0.00016346639681252495,0.00030075573631741306,0.0003784231656938902,0.0002750577828507988,0.0001445160205068681,4.963791977459483e-05,1.3503344435482639e-05,2.9996869091218284e-06,0.0,0.0,10.0
1.1564999999999999,1.0000144756300398,0.00019649216649319563,1.0003588127845113,8.574829030923369e-05,0.00028960630852368477,0.0003700484127365838,0.0002696392925549462,0.00014347591138569486,4.810366344149434e-05,1.2932265033227008e-05,2.81000305343502e-06,0.0,0.0,10.0
1.1595,1.0000415424051947,0.00014866356260413726,1.0001121862780948,3.590407527011997e-05,0.00028596925041276324,0.00035947965269820186,0.0002660781250114829,0.00014274298807154484,4.6389421572208294e-05,1.2312231000870093e-05,2.606539492097676e-06,0.0,0.0,10.0
1.1625,1.0001058839295023,3.217733665343409e-05,0.9998434227797454,3.110355518880479e-05,0.00029105671493892906,0.00034542424653698055,0.00026361454936827143,0.00014189039638702036,4.477567894104293e-05,1.159405298482989e-05,2.3659453196382815e-06,0.0,0.0,10.0
1.1655000000000002,1.0001124482457109,-7.999842841277256e-05,0.9997308204045606,4.23085617340759e-05,0.0002793317134251987,0.00033585203983395377,0.00026509061726030027,0.00013979130144998832,4.2765878727215824e-05,1.0755957451541694e-05,2.1469490860231106e-06,0.0,0.0,10.0
1.1684999999999999,0.9998738190391145,-0.00011498548765825996,1.0000101276262399,2.568242564039543e-05,0.00021852304798414097,0.00033940626472796795,0.0002755172307780251,0.00013565490879785563,3.9269011152882e-05,9.831014511150099e-06,2.0674971571853197e-06,0.0,0.0,10.0
1.1715,0.999962203185785,-6.985296426758046e-05,0.9998861370561681,-2.1820733595215595e-05,0.0002282021933284194,0.00035518225274084263,0.0002737102429088936,0.00012967949866377399,3.693356599300873e-05,8.930415372741307e-06,1.8854104549445427e-06,0.0,0.0,10.0
1.1745,0.9999903845017485,-7.864200256341629e-05,0.9997995782779133,-3.0105831296937378e-05,0.00025138537412991376,0.00036841677436794503,0.00026901204753584983,0.00012306368390959557,3.4548013229817e-05,8.012333318688355e-06,1.7105605651798462e-06,0.0,0.0,10.0
1.1775000000000002,0.9999813531030044,-0.00010343516026997615,0.9997863175806376,-2.924910978261965e-06,0.00028038235917247564,0.0003761408392334742,0.0002615159848955328,0.00011624925895300417,3.2273432534281437e-05,7.093932629634352e-06,1.536025248651456e-06,0.0,0.0,10.0
1.1804999999999999,0.9999667737025226,-0.00011026888929589393,0.9998446151582842,4.4839381061453065e-05,0.0003086657007691505,0.0003787673358281643,0.00025240348812936164,0.00010966038971075929,3.0205896445981082e-05,6.200603388364609e-06,1.3647045634157494e-06,0.0,0.0,10.0
1.1835,0.9999594602192245,-9.129114351469255e-05,0.9999531664800257,0.00010139326561755665,0.00033361584656791375,0.0003779438846876656,0.00024270727614437355,0.00010358487688552802,2.8360693253840076e-05,5.345867313486691e-06,1.196948699686812e-06,0.0,0.0,10.0
1.1865,0.9999591829398253,-5.308053289322294e-05,1.0000878731309695,0.00015884939192499126,0.0003547054432229684,0.00037509149172440943,0.0002328472820363699,9.816002261387427e-05,2.6662511719366486e-05,4.538463631216291e-06,1.0279507791067687e-06,0.0,0.0,10.0
1.1894999999999998,0.9999604812000701,-3.200031630642956e-06,1.0002295535572787,0.0002115477700539918,0.00037284155878799434,0.00037093641093505035,0.00022295431952063877,9.345338446598992e-05,2.5015576519744145e-05,3.7899127158285803e-06,8.521533082090595e-07,0.0,0.0,10.0
1.1925,0.9999748499042557,5.619478318834393e-05,1.0003842051899594,0.0002762963292792329,0.00039528953758532484,0.0003624808072722221,0.00021165280306701612,8.92457752869105e-05,2.3236486734621333e-05,2.979076514952693e-06,6.341039034003178e-07,0.0,0.0,10.0
1.1955,0.9999822803247306,8.560942085505126e-05,1.0004575112486747,0.00030129185129271603,0.0004001987116516166,0.00035628122415912536,0.00020573564300561376,8.633025429253287e-05,2.151244802596261e-05,2.425833529448338e-06,5.187415660362495e-07,0.0,0.0,10.0
1.1985000000000001,1.0000579895818522,0.00013385095038334914,1.0005036677388974,0.00033504158993828166,0.00041388347867883315,0.0003513345281987155,0.00019924424359304854,8.154754007362979e-05,1.90758512252586e-05,0.0,0.0,0.0,0.0,8.0
1.2014999999999998,1.0000629792792115,0.00017592234015018042,1.0005966259362786,0.0003643882711495598,0.00042403002541063767,0.00034574248196682063,0.0001904664604310044,7.654842826646689e-05,1.772293903920025e-05,0.0,0.0,0.0,0.0,8.0
1.2045,1.0000607662726222,0.00020774749846067756,1.0006845008418979,0.00038847801820243976,0.0004279545327442974,0.00033732523751956996,0.00018205156525126387,7.229781072168419e-05,1.664440262996427e-05,0.0,0.0,0.0,0.0,8.0
1.2075,1.0000581185106685,0.00022990270937724017,1.000755071758997,0.0004045719105101474,0.0004273738816762124,0.000328002930662589,0.00017433709600975307,6.85581889533188e-05,1.572201055189457e-05,0.0,0.0,0.0,0.0,8.0
1.2105000000000001,1.000055903628029,0.00024279227087016183,1.0008097280876742,0.00041463747376265094,0.000423667125383413,0.00031820721833428325,0.00016712842048135544,6.512514469933582e-05,1.4886863309359675e-05,0.0,0.0,0.0,0.0,8.0
1.2134999999999998,1.0000542156600725,0.00024797796176211887,1.000850560552286,0.00041996373475557824,0.0004172865595905526,0.000307933185164772,0.00016022526066817057,6.188916638721277e-05,1.4106633465265149e-05,0.0,0.0,0.0,0.0,8.0
1.2165,1.0000525281672956,0.00024730793184313255,1.0008786883775969,0.0004213650908830236,0.00040859420231723824,0.0002972880929873127,0.0001535657934217715,5.8824005013297216e-05,1.3372704021851752e-05,0.0,0.0,0.0,0.0,8.0
1.2195,1.0000499088188597,0.0002427456288273365,1.0008950674444874,0.00041962690446818214,0.00039807418013400135,0.00028646735607931035,0.00014714675776309353,5.5932355623195137e-05,1.268429269606672e-05,0.0,0.0,0.0,0.0,8.0
1.2225000000000001,1.000041578460981,0.0002361290376118019,1.0009043976954852,0.0004154819196814429,0.00038577369014433915,0.0002756471216811305,0.00014103870185194536,5.321690195002898e-05,1.2031264168901085e-05,0.0,0.0,0.0,0.0,8.0
1.2254999999999998,1.0000428256330995,0.00022925162147607067,1.0008917685279093,0.0004094047506610906,0.0003741257673296763,0.0002649791981793427,0.0001349030602394029,5.067686336769131e-05,1.1454117597801862e-05,0.0,0.0,0.0,0.0,8.0
1.2285,1.0001298127127607,0.0002247488239822635,1.0007825448035497,0.0004010839182604889,0.00037287220597363946,0.00025466437462551744,0.00012718033917970845,4.830776129927245e-05,1.1148883859563696e-05,0.0,0.0,0.0,0.0,8.0
1.2315,1.0001141751572187,0.00022350259695643927,1.000765440658395,0.0003906619928560356,0.00035928914920840723,0.0002447457528730786,0.00012163492955181174,4.607327437755067e-05,1.0623648737602078e-05,0.0,0.0,0.0,0.0,8.0
1.2345000000000002,1.0000955564897225,0.00022455513180535584,1.0007443046996014,0.00037877652426332556,0.000345628001979444,0.00023522578145595147,0.00011626886523223016,4.397562782569043e-05,1.0130747339822232e-05,0.0,0.0,0.0,0.0,8.0
1.2374999999999998,1.000075371134622,0.0002269760626847732,1.0007210298474738,0.0003656959176895027,0.0003319711578718024,0.00022610364094922128,0.00011107819967006078,4.200051251417249e-05,9.665064639816489e-06,0.0,0.0,0.0,0.0,8.0
1.2405,1.0000552263043738,0.00022873205922201444,1.0006973768138276,0.0003520069655116201,0.00031831338504533733,0.00021731865765380935,0.00010607130110929527,4.013741305418673e-05,9.220537370125074e-06,0.0,0.0,0.0,0.0,8.0
1.2435,1.0000366535014107,0.00022733458640161066,1.0006746104460154,0.0003384964443731782,0.0003046269248908896,0.00020877478521837852,0.00010125956491443725,3.837940512152933e-05,8.791487983078981e-06,0.0,0.0,0.0,0.0,8.0
1.2465000000000002,1.0000206991798832,0.00022088994889619973,1.0006534491801484,0.00032584435338764493,0.0002909060310004762,0.0002003904095129544,9.66486255760904e-05,3.672045721328508e-05,8.373836521362265e-06,0.0,0.0,0.0,0.0,8.0
1.2494999999999998,1.0000077320966685,0.00020895368628900919,1.0006341887003936,0.00031433062108715163,0.00027718703321817704,0.00019214462798108794,9.223294426117959e-05,3.515246268271168e-05,7.965791739535794e-06,0.0,0.0,0.0,0.0,8.0
1.2525,0.9999935975383586,0.00019264856119844808,1.00062091323883,0.00030376663480761985,0.0002630410539766581,0.00018408755239885448,8.808013653149313e-05,3.366401861039214e-05,7.556952914873193e-06,0.0,0.0,0.0,0.0,8.0
1.2555,0.999995494766457,0.0001742550751979447,1.0005963991969296,0.00029355654207415503,0.00025065917261342006,0.00017632641519126337,8.3827267337964e-05,3.224314372259722e-05,7.192578599035846e-06,0.0,0.0,0.0,0.0,8.0
1.2585000000000002,1.0000947422141893,0.00015711370277976948,1.0004798849655632,0.00028252905714094487,0.0002500769259701809,0.00016902774513421643,7.782599281891768e-05,3.0878656662523895e-05,7.082616320500762e-06,0.0,0.0,0.0,0.0,8.0
1.2614999999999998,1.0000896557123957,0.000142140329387114,1.0004708544118404,0.00027048083027883345,0.00023694737905893853,0.00016215288818072037,7.411473371818772e-05,2.9544655688854195e-05,6.714212006387931e-06,0.0,0.0,0.0,0.0,8.0
1.2645,1.0000840150492238,0.00012813837710457673,1.0004645086627566,0.0002580578316404554,0.00022448896115024054,0.00015554647539265661,7.055537157747555e-05,2.8247074961356095e-05,6.36476231888752e-06,0.0,0.0,0.0,0.0,8.0
1.2675,1.0000751427620338,0.00011523883358356365,1.0004601324078086,0.0002453873808683781,0.00021314174929773621,0.00014907674509349623,6.712476358052334e-05,2.697702383992632e-05,6.0429811659442755e-06,0.0,0.0,0.0,0.0,8.0
1.2705000000000002,1.0000604317194555,0.00010482687125280322,1.0004561834140833,0.00023253013244092208,0.00020323873448934552,0.0001426608256506266,6.380784781255191e-05,2.5724515415117554e-05,5.7551521934240705e-06,0.0,0.0,0.0,0.0,8.0
1.2734999999999999,1.0000389115957975,9.938164965588391e-05,1.0004504014118727,0.00021960057873125882,0.0001947961188964015,0.00013630282044295536,6.0616211170827613e-05,2.4480952884341398e-05,5.500460543816691e-06,0.0,0.0,0.0,0.0,8.0
1.2765,1.000012472629699,0.00010052436146652485,1.0004409858443435,0.0002070448689917628,0.0001874264306656588,0.00013005332740955588,5.760110759167343e-05,2.3242949128134514e-05,5.269054367861924e-06,0.0,0.0,0.0,0.0,8.0
1.2795,0.9999859703308864,0.00010685265926857896,1.0004282364970074,0.00019569392835011096,0.00018046175251304822,0.00012394443191383097,5.484368011233885e-05,2.2014018622538356e-05,5.044780316415666e-06,0.0,0.0,0.0,0.0,8.0
1.2825000000000002,0.9999619663267494,0.00011555345641757711,1.0004191903558524,0.0001859668116741532,0.00017264516719754544,0.00011804178959409161,5.252223562264883e-05,2.079744058597783e-05,4.7976710224831145e-06,0.0,0.0,0.0,0.0,8.0
1.2854999999999999,0.9999613474981759,0.00012232431440773372,1.0003985525679298,0.00017835503940239147,0.0001660546476515854,0.00011235267108177054,5.023971611353801e-05,1.9604296332290368e-05,4.570401783230221e-06,0.0,0.0,0.0,0.0,8.0
1.2885,1.0000698951737377,0.0001232885225794549,1.000278175839472,0.0001732418142672524,0.00017209446650829038,0.00010687113379438203,4.60391454011601e-05,1.8452976092609224e-05,4.601145169183365e-06,0.0,0.0,0.0,0.0,8.0
1.2915,1.0000611149580514,0.00011538570625434741,1.0002748027539161,0.00017142524772159585,0.00016470391525232896,0.00010152852983015275,4.4146137508411234e-05,1.7347636156274433e-05,4.343946020910981e-06,0.0,0.0,0.0,0.0,8.0
1.2945000000000002,1.0000470883600776,0.00010139855122801327,1.0002736030169286,0.00017244584960468437,0.00015840891562929693,9.6452544586659e-05,4.2087156270012716e-05,1.629152035591793e-05,4.0987764625670225e-06,0.0,0.0,0.0,0.0,8.0
1.2974999999999999,1.0000328474301263,8.6424388515672e-05,1.0002765132631481,0.00017512611130159224,0.00015277048693168919,9.174845710828164e-05,3.990303556244406e-05,1.5270378174419668e-05,3.847611329558585e-06,0.0,0.0,0.0,0.0,8.0
1.3005,1.0000233586907072,7.554737058186427e-05,1.000285165533289,0.00017794369743023158,0.00014719174311640171,8.743068041790948e-05,3.7650316117857585e-05,1.426260887753475e-05,3.575266753896392e-06,0.0,0.0,0.0,0.0,8.0
1.3035,1.0000203481505445,7.053455158459893e-05,1.0002990364833024,0.00017949408385740077,0.00014115948425575067,8.340404784500197e-05,3.534528769707671e-05,1.3246473065367312e-05,3.277781111964787e-06,0.0,0.0,0.0,0.0,8.0
1.3065000000000002,1.0000218528051033,7.062446890993712e-05,1.0003155654462907,0.00017842794318309412,0.0001343662034787367,7.957954588891593e-05,3.2953867813901646e-05,1.2203514812330793e-05,2.963169497982046e-06,0.0,0.0,0.0,0.0,8.0
1.3094999999999999,1.0000228473688708,7.543849850863027e-05,1.0003314480984096,0.00017325780853201368,0.00012684794593423188,7.600286861954724e-05,3.0401362993751786e-05,1.1120180225071456e-05,2.649133410577713e-06,0.0,0.0,0.0,0.0,8.0
1.3125,1.0000167872620742,8.97990722494565e-05,1.0003427955985866,0.0001586263182944544,0.00011684221383685983,7.243885952387083e-05,2.734038274265439e-05,9.72392395927059e-06,2.2599986913292235e-06,0.0,0.0,0.0,0.0,8.0
1.3155000000000001,1.000014991619957,9.234847753210394e-05,1.0003381106543061,0.00015032043623666052,0.00011128814563293732,6.947896486412172e-05,2.4788928278468365e-05,8.826863959398114e-06,2.0491510432604107e-06,0.0,0.0,0.0,0.0,8.0
1.3184999999999998,1.0000359086836197,9.24689451511801e-05,1.0002785024352958,0.000141744649929008,0.00011459150545899721,6.336264960060663e-05,1.877809983568226e-05,0.0,0.0,0.0,0.0,0.0,0.0,6.0
1.3215,1.0000224225276904,7.994720628632862e-05,1.0002721047798193,0.00013888377980731358,0.00010548504774692188,5.542143937322411e-05,1.5990850354901827e-05,0.0,0.0,0.0,0.0,0.0,0.0,6.0
1.3245,1.0000175977411045,7.486803599050433e-05,1.000259216154201,0.0001306867669818289,9.496443121726221e-05,4.832548332820625e-05,1.368989755517713e-05,0.0,0.0,0.0,0.0,0.0,0.0,6.0
1.3275000000000001,1.000016980733595,7.242195527154424e-05,1.0002390649154136,0.0001187655112387937,8.381222233393787e-05,4.204817801030667e-05,1.1786829936406568e-05,0.0,0.0,0.0,0.0,0.0,0.0,6.0
1.3304999999999998,1.000016974259188,6.903060474634913e-05,1.0002126382393703,0.00010505265951720818,7.279515104150231e-05,3.650560700994431e-05,1.0175379434612512e-05,0.0,0.0,0.0,0.0,0.0,0.0,6.0
1.3335,1.000016091086503,6.34772050981379e-05,1.0001825539374274,9.12298410591912e-05,6.244929229957967e-05,3.1615824901624616e-05,8.780008996280961e-06,0.0,0.0,0.0,0.0,0.0,0.0,6.0
1.3365,1.0000144652887333,5.5844345981817634e-05,1.0001517850183765,7.851608419370266e-05,5.304671069142572e-05,2.731358796838094e-05,7.563341551532092e-06,0.0,0.0,0.0,0.0,0.0,0.0,6.0
1.3395000000000001,1.000013075459117,4.64046859334411e-05,1.0001226944471184,6.766809029856548e-05,4.462556875353869e-05,2.353795647729762e-05,6.514981605396412e-06,0.0,0.0,0.0,0.0,0.0,0.0,6.0
1.3424999999999998,1.0000121061236482,3.330403477265139e-05,1.0000931983921368,5.801815595031829e-05,3.648953531701809e-05,1.9745924831639424e-05,5.459281432730927e-06,0.0,0.0,0.0,0.0,0.0,0.0,6.0
1.3455,1.0000113449008925,2.546935904056602e-05,1.000075885476529,5.140981182623612e-05,3.006908380063339e-05,1.736321125231399e-05,4.695007241298451e-06,0.0,0.0,0.0,0.0,0.0,0.0,6.0
1.3485,1.0000036353666368,1.9983601955969132e-05,1.000077596842813,4.314238110218267e-05,2.138476926457877e-05,1.5746761061246845e-05,4.358414520309315e-06,0.0,0.0,0.0,0.0,0.0,0.0,6.0
1.3515000000000001,1.0000059106468449,1.8502285788191513e-05,1.000060986758148,3.358555197228332e-05,1.683753696785538e-05,1.3992028179879275e-05,3.88876089954426e-06,0.0,0.0,0.0,0.0,0.0,0.0,6.0
1.3544999999999998,1.000006057538538,1.5199562388282209e-05,1.0000470207410384,2.651564472260898e-05,1.361988671413932e-05,1.2410861893448472e-05,3.4692546758045026e-06,0.0,0.0,0.0,0.0,0.0,0.0,6.0
1.3575,1.0000049958583277,1.1255273980012048e-05,1.0000359627434285,2.1343128889328432e-05,1.1249165379799955e-05,1.0854881183265705e-05,3.0500882397968996e-06,0.0,0.0,0.0,0.0,0.0,0.0,6.0
1.3605,1.0000035800585267,7.664495601409478e-06,1.0000277673464493,1.755906534756997e-05,9.453680465489336e-06,9.31964699913925e-06,2.631642353398866e-06,0.0,0.0,0.0,0.0,0.0,0.0,6.0
1.3635000000000002,1.0000022721806108,4.974639131921692e-06,1.0000220846918715,1.4742799932087235e-05,8.031974984092306e-06,7.798725849143815e-06,2.2138938060323497e-06,0.0,0.0,0.0,0.0,0.0,0.0,6.0
1.3664999999999998,1.0000011521887036,3.3546346845212375e-06,1.0000182708690097,1.2550298621503532e-05,6.854825974455268e-06,6.286496597490828e-06,1.7966453698725052e-06,0.0,0.0,0.0,0.0,0.0,0.0,6.0
1.3695,1.0000000811433003,2.7846333237474564e-06,1.0000156177947555,1.0711208959631304e-05,5.832044831865518e-06,4.790933945507894e-06,1.3757906771718083e-06,0.0,0.0,0.0,0.0,0.0,0.0,6.0
1.3725,0.9999988669649371,3.5602844178121764e-06,1.0000133467542007,8.565477201403193e-06,4.7131207670937685e-06,3.0918265116802516e-06,9.016767844520252e-07,0.0,0.0,0.0,0.0,0.0,0.0,6.0
1.3755000000000002,0.9999987070233338,3.5860457707071733e-06,1.000011289141283,7.543444417067519e-06,3.912595500115968e-06,2.023077941627125e-06,5.904337098473893e-07,0.0,0.0,0.0,0.0,0.0,0.0,6.0
1.3784999999999998,1.0000017128369494,2.9667376085321755e-06,1.000003425706669,0.0,0.0,0.0,0.0,0.0,0.0,0.0,0.0,0.0,0.0,2.0
1.3815,1.0000009578524245,1.6590491426008029e-06,1.0000019157061797,0.0,0.0,0.0,0.0,0.0,0.0,0.0,0.0,0.0,0.0,2.0
1.3845,1.0000004604946306,7.976001151437105e-07,1.000000920989593,0.0,0.0,0.0,0.0,0.0,0.0,0.0,0.0,0.0,0.0,2.0
1.3875000000000002,1.000000188031907,3.2568081874310205e-07,1.0000003760638732,0.0,0.0,0.0,0.0,0.0,0.0,0.0,0.0,0.0,0.0,2.0
1.3904999999999998,1.0000000649535223,1.1250280128177903e-07,1.0000001299070527,0.0,0.0,0.0,0.0,0.0,0.0,0.0,0.0,0.0,0.0,2.0
1.3935,1.000000018989817,3.289132808190447e-08,1.0000000379796348,0.0,0.0,0.0,0.0,0.0,0.0,0.0,0.0,0.0,0.0,2.0
1.3965,1.0000000047124282,8.162166270360812e-09,1.000000009424858,0.0,0.0,0.0,0.0,0.0,0.0,0.0,0.0,0.0,0.0,2.0
1.3995000000000002,1.0000000009978374,1.728305715614241e-09,1.0000000019956756,0.0,0.0,0.0,0.0,0.0,0.0,0.0,0.0,0.0,0.0,2.0
1.4024999999999999,1.000000000182024,3.152752891811547e-10,1.0000000003640486,0.0,0.0,0.0,0.0,0.0,0.0,0.0,0.0,0.0,0.0,2.0
1.4055,1.0000000000291551,5.049785031080755e-11,1.0000000000583094,0.0,0.0,0.0,0.0,0.0,0.0,0.0,0.0,0.0,0.0,2.0
1.4085,1.000000000004257,7.373534349141725e-12,1.0000000000085139,0.0,0.0,0.0,0.0,0.0,0.0,0.0,0.0,0.0,0.0,2.0
1.4115000000000002,1.0000000000006033,1.0458667768275102e-12,1.0000000000012077,0.0,0.0,0.0,0.0,0.0,0.0,0.0,0.0,0.0,0.0,2.0
1.4144999999999999,1.0000000000000895,1.549355130728234e-13,1.0000000000001787,0.0,0.0,0.0,0.0,0.0,0.0,0.0,0.0,0.0,0.0,2.0
1.4175,1.0000000000000144,2.464739977575693e-14,1.0000000000000282,0.0,0.0,0.0,0.0,0.0,0.0,0.0,0.0,0.0,0.0,2.0
1.4205,1.0000000000000024,4.045058976730834e-15,1.0000000000000047,0.0,0.0,0.0,0.0,0.0,0.0,0.0,0.0,0.0,0.0,2.0
1.4235000000000002,1.0000000000000002,6.398739733161686e-16,1.0000000000000009,0.0,0.0,0.0,0.0,0.0,0.0,0.0,0.0,0.0,0.0,2.0
1.4264999999999999,1.0,7.107525517158402e-17,1.0,0.0,0.0,0.0,0.0,0.0,0.0,0.0,0.0,0.0,0.0,2.0
1.4295,1.0,3.0933458079574158e-18,1.0,0.0,0.0,0.0,0.0,0.0,0.0,0.0,0.0,0.0,0.0,2.0
1.4325,1.0,9.920666610124707e-20,1.0,0.0,0.0,0.0,0.0,0.0,0.0,0.0,0.0,0.0,0.0,2.0
1.4355000000000002,1.0,3.470888901901582e-21,1.0,0.0,0.0,0.0,0.0,0.0,0.0,0.0,0.0,0.0,0.0,2.0
1.4385,1.0,1.1785460649459279e-22,1.0,0.0,0.0,0.0,0.0,0.0,0.0,0.0,0.0,0.0,0.0,2.0
1.4415,1.0,4.080776738821043e-24,1.0,0.0,0.0,0.0,0.0,0.0,0.0,0.0,0.0,0.0,0.0,2.0
1.4445000000000001,1.0,1.4071891817477276e-25,1.0,0.0,0.0,0.0,0.0,0.0,0.0,0.0,0.0,0.0,0.0,2.0
1.4474999999999998,1.0,4.905416624829391e-27,1.0,0.0,0.0,0.0,0.0,0.0,0.0,0.0,0.0,0.0,0.0,2.0
1.4505,1.0,1.7384283134560632e-28,1.0,0.0,0.0,0.0,0.0,0.0,0.0,0.0,0.0,0.0,0.0,2.0
1.4535,1.0,6.331610892334016e-30,1.0,0.0,0.0,0.0,0.0,0.0,0.0,0.0,0.0,0.0,0.0,2.0
1.4565000000000001,1.0,2.3657822181456965e-31,1.0,0.0,0.0,0.0,0.0,0.0,0.0,0.0,0.0,0.0,0.0,2.0
1.4594999999999998,1.0,8.9530027789499e-33,1.0,0.0,0.0,0.0,0.0,0.0,0.0,0.0,0.0,0.0,0.0,2.0
1.4625,1.0,3.3715373683896965e-34,1.0,0.0,0.0,0.0,0.0,0.0,0.0,0.0,0.0,0.0,0.0,2.0
1.4655,1.0,1.2472770517519613e-35,1.0,0.0,0.0,0.0,0.0,0.0,0.0,0.0,0.0,0.0,0.0,2.0
1.4685000000000001,1.0,4.511865619811547e-37,1.0,0.0,0.0,0.0,0.0,0.0,0.0,0.0,0.0,0.0,0.0,2.0
1.4714999999999998,1.0,1.6008134811775073e-38,1.0,0.0,0.0,0.0,0.0,0.0,0.0,0.0,0.0,0.0,0.0,2.0
1.4745,1.0,5.613656855734874e-40,1.0,0.0,0.0,0.0,0.0,0.0,0.0,0.0,0.0,0.0,0.0,2.0
1.4775,1.0,1.9625448412031622e-41,1.0,0.0,0.0,0.0,0.0,0.0,0.0,0.0,0.0,0.0,0.0,2.0
1.4805000000000001,1.0,6.8884153921249e-43,1.0,0.0,0.0,0.0,0.0,0.0,0.0,0.0,0.0,0.0,0.0,2.0
1.4834999999999998,1.0,2.4386150229052067e-44,1.0,0.0,0.0,0.0,0.0,0.0,0.0,0.0,0.0,0.0,0.0,2.0
1.4865,1.0,8.727251159004607e-46,1.0,0.0,0.0,0.0,0.0,0.0,0.0,0.0,0.0,0.0,0.0,2.0
1.4895,1.0,3.157496955885708e-47,1.0,0.0,0.0,0.0,0.0,0.0,0.0,0.0,0.0,0.0,0.0,2.0
1.4925000000000002,1.0,1.1523909349376634e-48,1.0,0.0,0.0,0.0,0.0,0.0,0.0,0.0,0.0,0.0,0.0,2.0
1.4954999999999998,1.0,4.226106171123355e-50,1.0,0.0,0.0,0.0,0.0,0.0,0.0,0.0,0.0,0.0,0.0,2.0
1.4985,1.0,1.6061350348455348e-51,1.0,0.0,0.0,0.0,0.0,0.0,0.0,0.0,0.0,0.0,0.0,2.0
