-1.4985,7.0,2.1738996328517767e-174,1.0,0.0,0.0,0.0,0.0,0.0,0.0,0.0,0.0,0.0,0.0,2.0
-1.4955,7.0,2.48768768911905e-173,1.0,0.0,0.0,0.0,0.0,0.0,0.0,0.0,0.0,0.0,0.0,2.0
-1.4925,7.0,3.0495284356430724e-172,1.0,0.0,0.0,0.0,0.0,0.0,0.0,0.0,0.0,0.0,0.0,2.0
-1.4895,7.0,3.7124935260663044e-171,1.0,0.0,0.0,0.0,0.0,0.0,0.0,0.0,0.0,0.0,0.0,2.0
-1.4865,7.0,4.486170363761058e-170,1.0,0.0,0.0,0.0,0.0,0.0,0.0,0.0,0.0,0.0,0.0,2.0
-1.4835,7.0,5.38099965318473e-169,1.0,0.0,0.0,0.0,0.0,0.0,0.0,0.0,0.0,0.0,0.0,2.0
-1.4805,7.0,6.406617161507495e-168,1.0,0.0,0.0,0.0,0.0,0.0,0.0,0.0,0.0,0.0,0.0,2.0
-1.4775,7.0,7.57137229777087e-167,1.0,0.0,0.0,0.0,0.0,0.0,0.0,0.0,0.0,0.0,0.0,2.0
-1.4745,7.0,8.88181678255172e-166,1.0,0.0,0.0,0.0,0.0,0.0,0.0,0.0,0.0,0.0,0.0,2.0
-1.4715,7.0,1.0342170792857658e-164,1.0,0.0,0.0,0.0,0.0,0.0,0.0,0.0,0.0,0.0,0.0,2.0
-1.4685,7.0,1.195378794497827e-163,1.0,0.0,0.0,0.0,0.0,0.0,0.0,0.0,0.0,0.0,0.0,2.0
-1.4655,7.0,1.3714644384354862e-162,1.0,0.0,0.0,0.0,0.0,0.0,0.0,0.0,0.0,0.0,0.0,2.0
-1.4625,7.0,1.5618880140629846e-161,1.0,0.0,0.0,0.0,0.0,0.0,0.0,0.0,0.0,0.0,0.0,2.0
-1.4595,7.0,1.7656422489988576e-160,1.0,0.0,0.0,0.0,0.0,0.0,0.0,0.0,0.0,0.0,0.0,2.0
-1.4565,7.0,1.9812721027897575e-159,1.0,0.0,0.0,0.0,0.0,0.0,0.0,0.0,0.0,0.0,0.0,2.0
-1.4535,7.0,2.206862225287405e-158,1.0,0.0,0.0,0.0,0.0,0.0,0.0,0.0,0.0,0.0,0.0,2.0
-1.4505,7.0,2.4400407565637936e-157,1.0,0.0,0.0,0.0,0.0,0.0,0.0,0.0,0.0,0.0,0.0,2.0
-1.4475,7.0,2.6780012704381057e-156,1.0,0.0,0.0,0.0,0.0,0.0,0.0,0.0,0.0,0.0,0.0,2.0
-1.4445,7.0,2.9175438926909564e-155,1.0,0.0,0.0,0.0,0.0,0.0,0.0,0.0,0.0,0.0,0.0,2.0
-1.4415,7.0,3.155135703517647e-154,1.0,0.0,0.0,0.0,0.0,0.0,0.0,0.0,0.0,0.0,0.0,2.0
-1.4385,7.0,3.386989509003606e-153,1.0,0.0,0.0,0.0,0.0,0.0,0.0,0.0,0.0,0.0,0.0,2.0
-1.4355,7.0,3.6091589985158573e-152,1.0,0.0,0.0,0.0,0.0,0.0,0.0,0.0,0.0,0.0,0.0,2.0
-1.4325,7.0,3.817647263114904e-151,1.0,0.0,0.0,0.0,0.0,0.0,0.0,0.0,0.0,0.0,0.0,2.0
-1.4295,7.0,4.0085247077826383e-150,1.0,0.0,0.0,0.0,0.0,0.0,0.0,0.0,0.0,0.0,0.0,2.0
-1.4265,7.0,4.178051619224345e-149,1.0,0.0,0.0,0.0,0.0,0.0,0.0,0.0,0.0,0.0,0.0,2.0
-1.4235,7.0,4.322800115363883e-148,1.0,0.0,0.0,0.0,0.0,0.0,0.0,0.0,0.0,0.0,0.0,2.0
-1.4205,7.0,4.439769953049709e-147,1.0,0.0,0.0,0.0,0.0,0.0,0.0,0.0,0.0,0.0,0.0,2.0
-1.4175,7.0,4.526492739081042e-146,1.0,0.0,0.0,0.0,0.0,0.0,0.0,0.0,0.0,0.0,0.0,2.0
-1.4145,7.0,4.581119486489015e-145,1.0,0.0,0.0,0.0,0.0,0.0,0.0,0.0,0.0,0.0,0.0,2.0
-1.4115,7.0,4.602487169153037e-144,1.0,0.0,0.0,0.0,0.0,0.0,0.0,0.0,0.0,0.0,0.0,2.0
-1.4085,7.0,4.590160915634635e-143,1.0,0.0,0.0,0.0,0.0,0.0,0.0,0.0,0.0,0.0,0.0,2.0
-1.4055,7.0,4.544449688474203e-142,1.0,0.0,0.0,0.0,0.0,0.0,0.0,0.0,0.0,0.0,0.0,2.0
-1.4025,7.0,4.4663946418602895e-141,1.0,0.0,0.0,0.0,0.0,0.0,0.0,0.0,0.0,0.0,0.0,2.0
-1.3995,7.0,4.357730750984678e-140,1.0,0.0,0.0,0.0,0.0,0.0,0.0,0.0,0.0,0.0,0.0,2.0
-1.3965,7.0,4.220823668603011e-139,1.0,0.0,0.0,0.0,0.0,0.0,0.0,0.0,0.0,0.0,0.0,2.0
-1.3935,7.0,4.058584999365168e-138,1.0,0.0,0.0,0.0,0.0,0.0,0.0,0.0,0.0,0.0,0.0,2.0
-1.3905,7.0,3.874370211444522e-137,1.0,0.0,0.0,0.0,0.0,0.0,0.0,0.0,0.0,0.0,0.0,2.0
-1.3875,7.0,3.671864165152347e-136,1.0,0.0,0.0,0.0,0.0,0.0,0.0,0.0,0.0,0.0,0.0,2.0
-1.3845,7.0,3.4549596876798364e-135,1.0,0.0,0.0,0.0,0.0,0.0,0.0,0.0,0.0,0.0,0.0,2.0
-1.3815,7.0,3.2276347435528704e-134,1.0,0.0,0.0,0.0,0.0,0.0,0.0,0.0,0.0,0.0,0.0,2.0
-1.3785,7.0,2.9938335477222167e-133,1.0,0.0,0.0,0.0,0.0,0.0,0.0,0.0,0.0,0.0,0.0,2.0
-1.3755,7.0,2.757356471119898e-132,1.0,0.0,0.0,0.0,0.0,0.0,0.0,0.0,0.0,0.0,0.0,2.0
-1.3725,7.0,2.521762845104954e-131,1.0,0.0,0.0,0.0,0.0,0.0,0.0,0.0,0.0,0.0,0.0,2.0
-1.3695,7.0,2.29028984424054e-130,1.0,0.0,0.0,0.0,0.0,0.0,0.0,0.0,0.0,0.0,0.0,2.0
-1.3665,7.0,2.065789587889001e-129,1.0,0.0,0.0,0.0,0.0,0.0,0.0,0.0,0.0,0.0,0.0,2.0
-1.3635,7.0,1.8506855244948407e-128,1.0,0.0,0.0,0.0,0.0,0.0,0.0,0.0,0.0,0.0,0.0,2.0
-1.3605,7.0,1.646948119238297e-127,1.0,0.0,0.0,0.0,0.0,0.0,0.0,0.0,0.0,0.0,0.0,2.0
-1.3575,7.0,1.4560889186521156e-126,1.0,0.0,0.0,0.0,0.0,0.0,0.0,0.0,0.0,0.0,0.0,2.0
-1.3545,7.0,1.279171264988165e-125,1.0,0.0,0.0,0.0,0.0,0.0,0.0,0.0,0.0,0.0,0.0,2.0
-1.3515,7.0,1.1168353136583708e-124,1.0,0.0,0.0,0.0,0.0,0.0,0.0,0.0,0.0,0.0,0.0,2.0
-1.3485,7.0,9.693345877563457e-124,1.0,0.0,0.0,0.0,0.0,0.0,0.0,0.0,0.0,0.0,0.0,2.0
-1.3455,7.0,8.365810873657526e-123,1.0,0.0,0.0,0.0,0.0,0.0,0.0,0.0,0.0,0.0,0.0,2.0
-1.3425,7.0,7.18195946636022e-122,1.0,0.0,0.0,0.0,0.0,0.0,0.0,0.0,0.0,0.0,0.0,2.0
-1.3395,7.0,6.135627752956457e-121,1.0,0.0,0.0,0.0,0.0,0.0,0.0,0.0,0.0,0.0,0.0,2.0
-1.3365,7.0,5.218811017393987e-120,1.0,0.0,0.0,0.0,0.0,0.0,0.0,0.0,0.0,0.0,0.0,2.0
-1.3335,7.0,4.422177154620686e-119,1.0,0.0,0.0,0.0,0.0,0.0,0.0,0.0,0.0,0.0,0.0,2.0
-1.3305,7.0,3.735541492793042e-118,1.0,0.0,0.0,0.0,0.0,0.0,0.0,0.0,0.0,0.0,0.0,2.0
-1.3275000000000001,7.0,3.1482900987538773e-117,1.0,0.0,0.0,0.0,0.0,0.0,0.0,0.0,0.0,0.0,0.0,2.0
-1.3245,7.0,2.649743261719385e-116,1.0,0.0,0.0,0.0,0.0,0.0,0.0,0.0,0.0,0.0,0.0,2.0
-1.3215,7.0,2.2294551204350497e-115,1.0,0.0,0.0,0.0,0.0,0.0,0.0,0.0,0.0,0.0,0.0,2.0
-1.3185,7.0,1.8774491305718633e-114,1.0,0.0,0.0,0.0,0.0,0.0,0.0,0.0,0.0,0.0,0.0,2.0
-1.3155000000000001,7.0,1.5843921334405616e-113,1.0,0.0,0.0,0.0,0.0,0.0,0.0,0.0,0.0,0.0,0.0,2.0
-1.3125,7.0,1.341712123759326e-112,1.0,0.0,0.0,0.0,0.0,0.0,0.0,0.0,0.0,0.0,0.0,2.0
-1.3094999999999999,7.0,1.1416664226451798e-111,1.0,0.0,0.0,0.0,0.0,0.0,0.0,0.0,0.0,0.0,0.0,2.0
-1.3065,7.0,9.773678901503643e-111,1.0,0.0,0.0,0.0,0.0,0.0,0.0,0.0,0.0,0.0,0.0,2.0
-1.3035,7.0,8.4277714295588e-110,1.0,0.0,0.0,0.0,0.0,0.0,0.0,0.0,0.0,0.0,0.0,2.0
-1.3005,7.0,7.326685829161539e-109,1.0,0.0,0.0,0.0,0.0,0.0,0.0,0.0,0.0,0.0,0.0,2.0
-1.2974999999999999,7.0,6.4257750659728115e-108,1.0,0.0,0.0,0.0,0.0,0.0,0.0,0.0,0.0,0.0,0.0,2.0
-1.2945,7.0,5.687347697745711e-107,1.0,0.0,0.0,0.0,0.0,0.0,0.0,0.0,0.0,0.0,0.0,2.0
-1.2915,7.0,5.079945303207832e-106,1.0,0.0,0.0,0.0,0.0,0.0,0.0,0.0,0.0,0.0,0.0,2.0
-1.2885,7.0,4.5775957988758676e-105,1.0,0.0,0.0,0.0,0.0,0.0,0.0,0.0,0.0,0.0,0.0,2.0
-1.2855,7.0,4.159077734799148e-104,1.0,0.0,0.0,0.0,0.0,0.0,0.0,0.0,0.0,0.0,0.0,2.0
-1.2825,7.0,3.8072213192678317e-103,1.0,0.0,0.0,0.0,0.0,0.0,0.0,0.0,0.0,0.0,0.0,2.0
-1.2795,7.0,3.5082636273405364e-102,1.0,0.0,0.0,0.0,0.0,0.0,0.0,0.0,0.0,0.0,0.0,2.0
-1.2765,7.0,3.2512684101152974e-101,1.0,0.0,0.0,0.0,0.0,0.0,0.0,0.0,0.0,0.0,0.0,2.0
-1.2735,7.0,3.027615216913707e-100,1.0,0.0,0.0,0.0,0.0,0.0,0.0,0.0,0.0,0.0,0.0,2.0
-1.2705,7.0,2.830558141652153e-99,1.0,0.0,0.0,0.0,0.0,0.0,0.0,0.0,0.0,0.0,0.0,2.0
-1.2675,7.0,2.6548513034834497e-98,1.0,0.0,0.0,0.0,0.0,0.0,0.0,0.0,0.0,0.0,0.0,2.0
-1.2645,7.0,2.49643601924779e-97,1.0,0.0,0.0,0.0,0.0,0.0,0.0,0.0,0.0,0.0,0.0,2.0
-1.2615,7.0,2.3521833471723297e-96,1.0,0.0,0.0,0.0,0.0,0.0,0.0,0.0,0.0,0.0,0.0,2.0
-1.2585,7.0,2.219685099000449e-95,1.0,0.0,0.0,0.0,0.0,0.0,0.0,0.0,0.0,0.0,0.0,2.0
-1.2555,7.0,2.097086361860443e-94,1.0,0.0,0.0,0.0,0.0,0.0,0.0,0.0,0.0,0.0,0.0,2.0
-1.2525,7.0,1.9829528901044223e-93,1.0,0.0,0.0,0.0,0.0,0.0,0.0,0.0,0.0,0.0,0.0,2.0
-1.2495,7.0,1.876167291897419e-92,1.0,0.0,0.0,0.0,0.0,0.0,0.0,0.0,0.0,0.0,0.0,2.0
-1.2465,7.0,1.7758486401037734e-91,1.0,0.0,0.0,0.0,0.0,0.0,0.0,0.0,0.0,0.0,0.0,2.0
-1.2435,7.0,1.6812908993781166e-90,1.0,0.0,0.0,0.0,0.0,0.0,0.0,0.0,0.0,0.0,0.0,2.0
-1.2405,7.0,1.5919163191354484e-89,1.0,0.0,0.0,0.0,0.0,0.0,0.0,0.0,0.0,0.0,0.0,2.0
-1.2375,7.0,1.507240650566777e-88,1.0,0.0,0.0,0.0,0.0,0.0,0.0,0.0,0.0,0.0,0.0,2.0
-1.2345,7.0,1.4268476749956676e-87,1.0,0.0,0.0,0.0,0.0,0.0,0.0,0.0,0.0,0.0,0.0,2.0
-1.2315,7.0,1.3503710626540729e-86,1.0,0.0,0.0,0.0,0.0,0.0,0.0,0.0,0.0,0.0,0.0,2.0
-1.2285,7.0,1.2774820076125422e-85,1.0,0.0,0.0,0.0,0.0,0.0,0.0,0.0,0.0,0.0,0.0,2.0
-1.2255,7.0,1.2078814071833403e-84,1.0,0.0,0.0,0.0,0.0,0.0,0.0,0.0,0.0,0.0,0.0,2.0
-1.2225,7.0,1.1412955814475401e-83,1.0,0.0,0.0,0.0,0.0,0.0,0.0,0.0,0.0,0.0,0.0,2.0
-1.2195,7.0,1.0774746761405241e-82,1.0,0.0,0.0,0.0,0.0,0.0,0.0,0.0,0.0,0.0,0.0,2.0
-1.2165,7.0,1.016192980693546e-81,1.0,0.0,0.0,0.0,0.0,0.0,0.0,0.0,0.0,0.0,0.0,2.0
-1.2135,7.0,9.572504466811232e-81,1.0,0.0,0.0,0.0,0.0,0.0,0.0,0.0,0.0,0.0,0.0,2.0
-1.2105000000000001,7.0,9.004747346739419e-80,1.0,0.0,0.0,0.0,0.0,0.0,0.0,0.0,0.0,0.0,0.0,2.0
-1.2075,7.0,8.457231713470493e-79,1.0,0.0,0.0,0.0,0.0,0.0,0.0,0.0,0.0,0.0,0.0,2.0
-1.2045,7.0,7.928840797473212e-78,1.0,0.0,0.0,0.0,0.0,0.0,0.0,0.0,0.0,0.0,0.0,2.0
-1.2015,7.0,7.418770617983436e-77,1.0,0.0,0.0,0.0,0.0,0.0,0.0,0.0,0.0,0.0,0.0,2.0
-1.1985000000000001,7.0,6.926519618483566e-76,1.0,0.0,0.0,0.0,0.0,0.0,0.0,0.0,0.0,0.0,0.0,2.0
-1.1955,7.0,6.451864126271351e-75,1.0,0.0,0.0,0.0,0.0,0.0,0.0,0.0,0.0,0.0,0.0,2.0
-1.1925,7.0,5.9948204256085445e-74,1.0,0.0,0.0,0.0,0.0,0.0,0.0,0.0,0.0,0.0,0.0,2.0
-1.1895,7.0,5.555595846221064e-73,1.0,0.0,0.0,0.0,0.0,0.0,0.0,0.0,0.0,0.0,0.0,2.0
-1.1865,7.0,5.134532511449183e-72,1.0,0.0,0.0,0.0,0.0,0.0,0.0,0.0,0.0,0.0,0.0,2.0
-1.1835,7.0,4.732048106869205e-71,1.0,0.0,0.0,0.0,0.0,0.0,0.0,0.0,0.0,0.0,0.0,2.0
-1.1804999999999999,7.0,4.348578146685687e-70,1.0,0.0,0.0,0.0,0.0,0.0,0.0,0.0,0.0,0.0,0.0,2.0
-1.1775,7.0,3.984523754704587e-69,1.0,0.0,0.0,0.0,0.0,0.0,0.0,0.0,0.0,0.0,0.0,2.0
-1.1745,7.0,3.6402080537492546e-68,1.0,0.0,0.0,0.0,0.0,0.0,0.0,0.0,0.0,0.0,0.0,2.0
-1.1715,7.0,3.315843053229704e-67,1.0,0.0,0.0,0.0,0.0,0.0,0.0,0.0,0.0,0.0,0.0,2.0
-1.1684999999999999,7.0,3.0115076496941493e-66,1.0,0.0,0.0,0.0,0.0,0.0,0.0,0.0,0.0,0.0,0.0,2.0
-1.1655,7.0,2.7271362079141743e-65,1.0,0.0,0.0,0.0,0.0,0.0,0.0,0.0,0.0,0.0,0.0,2.0
-1.1625,7.0,2.4625163209468056e-64,1.0,0.0,0.0,0.0,0.0,0.0,0.0,0.0,0.0,0.0,0.0,2.0
-1.1595,7.0,2.2172938371588965e-63,1.0,0.0,0.0,0.0,0.0,0.0,0.0,0.0,0.0,0.0,0.0,2.0
-1.1564999999999999,7.0,1.9909830955430622e-62,1.0,0.0,0.0,0.0,0.0,0.0,0.0,0.0,0.0,0.0,0.0,2.0
-1.1535,7.0,1.7829804686878042e-61,1.0,0.0,0.0,0.0,0.0,0.0,0.0,0.0,0.0,0.0,0.0,2.0
-1.1505,7.0,1.5925796748188624e-60,1.0,0.0,0.0,0.0,0.0,0.0,0.0,0.0,0.0,0.0,0.0,2.0
-1.1475,7.0,1.4189877716214374e-59,1.0,0.0,0.0,0.0,0.0,0.0,0.0,0.0,0.0,0.0,0.0,2.0
-1.1445,7.0,1.2613411813578483e-58,1.0,0.0,0.0,0.0,0.0,0.0,0.0,0.0,0.0,0.0,0.0,2.0
-1.1415,7.0,1.118721444119564e-57,1.0,0.0,0.0,0.0,0.0,0.0,0.0,0.0,0.0,0.0,0.0,2.0
-1.1385,7.0,9.901706154550442e-57,1.0,0.0,0.0,0.0,0.0,0.0,0.0,0.0,0.0,0.0,0.0,2.0
-1.1355,7.0,8.747063127075695e-56,1.0,0.0,0.0,0.0,0.0,0.0,0.0,0.0,0.0,0.0,0.0,2.0
-1.1325,7.0,7.7133639466743e-55,1.0,0.0,0.0,0.0,0.0,0.0,0.0,0.0,0.0,0.0,0.0,2.0
-1.1295,7.0,6.790731705960928e-54,1.0,0.0,0.0,0.0,0.0,0.0,0.0,0.0,0.0,0.0,0.0,2.0
-1.1265,7.0,5.969469205267291e-53,1.0,0.0,0.0,0.0,0.0,0.0,0.0,0.0,0.0,0.0,0.0,2.0
-1.1235,7.0,5.2401840735028135e-52,1.0,0.0,0.0,0.0,0.0,0.0,0.0,0.0,0.0,0.0,0.0,2.0
-1.1205,7.0,4.593900003220545e-51,1.0,0.0,0.0,0.0,0.0,0.0,0.0,0.0,0.0,0.0,0.0,2.0
-1.1175,7.0,4.0221502404683823e-50,1.0,0.0,0.0,0.0,0.0,0.0,0.0,0.0,0.0,0.0,0.0,2.0
-1.1145,7.0,3.5170499899735205e-49,1.0,0.0,0.0,0.0,0.0,0.0,0.0,0.0,0.0,0.0,0.0,2.0
-1.1115,7.0,3.071345415348091e-48,1.0,0.0,0.0,0.0,0.0,0.0,0.0,0.0,0.0,0.0,0.0,2.0
-1.1085,7.0,2.6784382925853976e-47,1.0,0.0,0.0,0.0,0.0,0.0,0.0,0.0,0.0,0.0,0.0,2.0
-1.1055,7.0,2.332386944456889e-46,1.0,0.0,0.0,0.0,0.0,0.0,0.0,0.0,0.0,0.0,0.0,2.0
-1.1025,7.0,2.0278856668759566e-45,1.0,0.0,0.0,0.0,0.0,0.0,0.0,0.0,0.0,0.0,0.0,2.0
-1.0995,7.0,1.7602262766566244e-44,1.0,0.0,0.0,0.0,0.0,0.0,0.0,0.0,0.0,0.0,0.0,2.0
-1.0965,7.0,1.5252464842658128e-43,1.0,0.0,0.0,0.0,0.0,0.0,0.0,0.0,0.0,0.0,0.0,2.0
-1.0935000000000001,7.0,1.3192703680888514e-42,1.0,0.0,0.0,0.0,0.0,0.0,0.0,0.0,0.0,0.0,0.0,2.0
-1.0905,7.0,1.1390462127465676e-41,1.0,0.0,0.0,0.0,0.0,0.0,0.0,0.0,0.0,0.0,0.0,2.0
-1.0875,7.0,9.816864071599928e-41,1.0,0.0,0.0,0.0,0.0,0.0,0.0,0.0,0.0,0.0,0.0,2.0
-1.0845,7.0,8.446131243879048e-40,1.0,0.0,0.0,0.0,0.0,0.0,0.0,0.0,0.0,0.0,0.0,2.0
-1.0815000000000001,7.0,7.255122956868689e-39,1.0,0.0,0.0,0.0,0.0,0.0,0.0,0.0,0.0,0.0,0.0,2.0
-1.0785,7.0,6.222970431423836e-38,1.0,0.0,0.0,0.0,0.0,0.0,0.0,0.0,0.0,0.0,0.0,2.0
-1.0755,7.0,5.330802927151677e-37,1.0,0.0,0.0,0.0,0.0,0.0,0.0,0.0,0.0,0.0,0.0,2.0
-1.0725,7.0,4.5615492122506855e-36,1.0,0.0,0.0,0.0,0.0,0.0,0.0,0.0,0.0,0.0,0.0,2.0
-1.0695000000000001,7.0,3.899789303390896e-35,1.0,0.0,0.0,0.0,0.0,0.0,0.0,0.0,0.0,0.0,0.0,2.0
-1.0665,7.0,3.331632790190392e-34,1.0,0.0,0.0,0.0,0.0,0.0,0.0,0.0,0.0,0.0,0.0,2.0
-1.0635,7.0,2.8446112866607045e-33,1.0,0.0,0.0,0.0,0.0,0.0,0.0,0.0,0.0,0.0,0.0,2.0
-1.0605,7.0,2.427585116401716e-32,1.0,0.0,0.0,0.0,0.0,0.0,0.0,0.0,0.0,0.0,0.0,2.0
-1.0575,7.0,2.0706674319501706e-31,1.0,0.0,0.0,0.0,0.0,0.0,0.0,0.0,0.0,0.0,0.0,2.0
-1.0545,7.0,1.765162230330041e-30,1.0,0.0,0.0,0.0,0.0,0.0,0.0,0.0,0.0,0.0,0.0,2.0
-1.0514999999999999,7.0,1.5035101076677773e-29,1.0,0.0,0.0,0.0,0.0,0.0,0.0,0.0,0.0,0.0,0.0,2.0
-1.0485,7.0,1.279247671069289e-28,1.0,0.0,0.0,0.0,0.0,0.0,0.0,0.0,0.0,0.0,0.0,2.0
-1.0455,7.0,1.0869935827560167e-27,1.0,0.0,0.0,0.0,0.0,0.0,0.0,0.0,0.0,0.0,0.0,2.0
-1.0425,7.0,9.224318571504555e-27,1.0,0.0,0.0,0.0,0.0,0.0,0.0,0.0,0.0,0.0,0.0,2.0
-1.0394999999999999,7.0,7.821753875675966e-26,1.0,0.0,0.0,0.0,0.0,0.0,0.0,0.0,0.0,0.0,0.0,2.0
-1.0365,7.0,6.633805957228611e-25,1.0,0.0,0.0,0.0,0.0,0.0,0.0,0.0,0.0,0.0,0.0,2.0
-1.0335,7.0,5.6318922518306115e-24,1.0,0.0,0.0,0.0,0.0,0.0,0.0,0.0,0.0,0.0,0.0,2.0
-1.0305,7.0,4.784424897836149e-23,1.0,0.0,0.0,0.0,0.0,0.0,0.0,0.0,0.0,0.0,0.0,2.0
-1.0275,7.0,4.061643864201195e-22,1.0,0.0,0.0,0.0,0.0,0.0,0.0,0.0,0.0,0.0,0.0,2.0
-1.0245,7.0,3.442581167773182e-21,1.0,0.0,0.0,0.0,0.0,0.0,0.0,0.0,0.0,0.0,0.0,2.0
-1.0215,7.0,2.920285844615364e-20,1.0,0.0,0.0,0.0,0.0,0.0,0.0,0.0,0.0,0.0,0.0,2.0
-1.0185,7.0,2.4917143882855806e-19,1.0,0.0,0.0,0.0,0.0,0.0,0.0,0.0,0.0,0.0,0.0,2.0
-1.0155,7.0,2.1158067091951194e-18,1.0,0.0,0.0,0.0,0.0,0.0,0.0,0.0,0.0,0.0,0.0,2.0
-1.0125,7.0,1.7113742368223418e-17,1.0,0.0,0.0,0.0,0.0,0.0,0.0,0.0,0.0,0.0,0.0,2.0
-1.0095,7.0,1.2271638651107424e-16,1.0,0.0,0.0,0.0,0.0,0.0,0.0,0.0,0.0,0.0,0.0,2.0
-1.0065,7.0,3.9078649361078777e-16,0.9999999999999994,0.0,0.0,0.0,0.0,0.0,0.0,0.0,0.0,0.0,0.0,2.0
-1.0035,7.0,8.410971900607846e-16,0.9999999999999988,0.0,0.0,0.0,0.0,0.0,0.0,0.0,0.0,0.0,0.0,2.0
-1.0005,6.999999999999995,1.5664723705205531e-15,0.999999999999998,0.0,0.0,0.0,0.0,0.0,0.0,0.0,0.0,0.0,0.0,2.0
-0.9975,6.99999999999999,2.5956919763600205e-15,0.9999999999999968,0.0,0.0,0.0,0.0,0.0,0.0,0.0,0.0,0.0,0.0,2.0
-0.9945,6.999999999999984,4.171774641202503e-15,0.999999999999995,0.0,0.0,0.0,0.0,0.0,0.0,0.0,0.0,0.0,0.0,2.0
-0.9915,6.9999999999999725,6.7601264110962e-15,0.9999999999999921,0.0,0.0,0.0,0.0,0.0,0.0,0.0,0.0,0.0,0.0,2.0
-0.9885,6.999999999999957,1.09456722490564e-14,0.999999999999987,0.0,0.0,0.0,0.0,0.0,0.0,0.0,0.0,0.0,0.0,2.0
-0.9855,6.999999999999929,1.7696105957524804e-14,0.9999999999999795,0.0,0.0,0.0,0.0,0.0,0.0,0.0,0.0,0.0,0.0,2.0
-0.9825,6.9999999999998845,2.8462816443805885e-14,0.9999999999999671,0.0,0.0,0.0,0.0,0.0,0.0,0.0,0.0,0.0,0.0,2.0
-0.9795,6.999999999999819,4.553461564276269e-14,0.999999999999947,0.0,0.0,0.0,0.0,0.0,0.0,0.0,0.0,0.0,0.0,2.0
-0.9765,6.999999999999707,7.239900058571456e-14,0.9999999999999165,0.0,0.0,0.0,0.0,0.0,0.0,0.0,0.0,0.0,0.0,2.0
-0.9735,6.999999999999539,1.1435022892153698e-13,0.9999999999998676,0.0,0.0,0.0,0.0,0.0,0.0,0.0,0.0,0.0,0.0,2.0
-0.9705,6.9999999999992735,1.7946411874955027e-13,0.9999999999997927,0.0,0.0,0.0,0.0,0.0,0.0,0.0,0.0,0.0,0.0,2.0
-0.9675,6.999999999998868,2.800810997123531e-13,0.9999999999996764,0.0,0.0,0.0,0.0,0.0,0.0,0.0,0.0,0.0,0.0,2.0
-0.9645,6.999999999998246,4.3460707431362445e-13,0.9999999999994976,0.0,0.0,0.0,0.0,0.0,0.0,0.0,0.0,0.0,0.0,2.0
-0.9615,6.999999999997292,6.704327386582849e-13,0.9999999999992256,0.0,0.0,0.0,0.0,0.0,0.0,0.0,0.0,0.0,0.0,2.0
-0.9585,6.999999999995846,1.0282283040507786e-12,0.9999999999988124,0.0,0.0,0.0,0.0,0.0,0.0,0.0,0.0,0.0,0.0,2.0
-0.9555,6.999999999993662,1.5679476469108228e-12,0.9999999999981897,0.0,0.0,0.0,0.0,0.0,0.0,0.0,0.0,0.0,0.0,2.0
-0.9525,6.99999999999039,2.3777092707413292e-12,0.9999999999972543,0.0,0.0,0.0,0.0,0.0,0.0,0.0,0.0,0.0,0.0,2.0
-0.9495,6.999999999985504,3.5862104347193304e-12,0.9999999999958592,0.0,0.0,0.0,0.0,0.0,0.0,0.0,0.0,0.0,0.0,2.0
-0.9465,6.999999999978256,5.380103637320079e-12,0.9999999999937875,0.0,0.0,0.0,0.0,0.0,0.0,0.0,0.0,0.0,0.0,2.0
-0.9435,6.99999999996755,8.029004215939716e-12,0.9999999999907286,0.0,0.0,0.0,0.0,0.0,0.0,0.0,0.0,0.0,0.0,2.0
-0.9405,6.999999999951824,1.1920500995384322e-11,0.9999999999862351,0.0,0.0,0.0,0.0,0.0,0.0,0.0,0.0,0.0,0.0,2.0
-0.9375,6.999999999928837,1.7608346352727125e-11,0.9999999999796674,0.0,0.0,0.0,0.0,0.0,0.0,0.0,0.0,0.0,0.0,2.0
-0.9345,6.999999999895408,2.5879691810581988e-11,0.9999999999701165,0.0,0.0,0.0,0.0,0.0,0.0,0.0,0.0,0.0,0.0,2.0
-0.9315,6.999999999847043,3.7847628876081687e-11,0.9999999999562965,0.0,0.0,0.0,0.0,0.0,0.0,0.0,0.0,0.0,0.0,2.0
-0.9285,6.999999999777407,5.507757135064512e-11,0.9999999999364015,0.0,0.0,0.0,0.0,0.0,0.0,0.0,0.0,0.0,0.0,2.0
-0.9255,6.999999999677662,7.975878485380978e-11,0.9999999999079019,0.0,0.0,0.0,0.0,0.0,0.0,0.0,0.0,0.0,0.0,2.0
-0.9225,6.999999999535492,1.1493574348821847e-10,0.9999999998672836,0.0,0.0,0.0,0.0,0.0,0.0,0.0,0.0,0.0,0.0,2.0
-0.9195,6.999999999333892,1.6481869337698035e-10,0.9999999998096839,0.0,0.0,0.0,0.0,0.0,0.0,0.0,0.0,0.0,0.0,2.0
-0.9165,6.99999999904946,2.351966853066824e-10,0.9999999997284189,0.0,0.0,0.0,0.0,0.0,0.0,0.0,0.0,0.0,0.0,2.0
-0.9135,6.999999998650221,3.3398356272284604e-10,0.9999999996143489,0.0,0.0,0.0,0.0,0.0,0.0,0.0,0.0,0.0,0.0,2.0
-0.9105,6.9999999980926955,4.719354731589674e-10,0.9999999994550559,0.0,0.0,0.0,0.0,0.0,0.0,0.0,0.0,0.0,0.0,2.0
-0.9075,6.999999997318146,6.635870164937916e-10,0.9999999992337555,0.0,0.0,0.0,0.0,0.0,0.0,0.0,0.0,0.0,0.0,2.0
-0.9045,6.999999996247653,9.284655529552438e-10,0.9999999989279,0.0,0.0,0.0,0.0,0.0,0.0,0.0,0.0,0.0,0.0,2.0
-0.9015,6.999999994775787,1.2926568367049464e-09,0.9999999985073689,0.0,0.0,0.0,0.0,0.0,0.0,0.0,0.0,0.0,0.0,2.0
-0.8985,6.999999992762523,1.7908115171578116e-09,0.9999999979321489,0.0,0.0,0.0,0.0,0.0,0.0,0.0,0.0,0.0,0.0,2.0
-0.8955,6.999999990022853,2.4687034435581083e-09,0.999999997149387,0.0,0.0,0.0,0.0,0.0,0.0,0.0,0.0,0.0,0.0,2.0
-0.8925,6.9999999863137266,3.3864752199583617e-09,0.9999999960896349,0.0,0.0,0.0,0.0,0.0,0.0,0.0,0.0,0.0,0.0,2.0
-0.8895,6.99999998131744,4.622735019146609e-09,0.9999999946621253,0.0,0.0,0.0,0.0,0.0,0.0,0.0,0.0,0.0,0.0,2.0
-0.8865,6.999999974620872,6.279704797682302e-09,0.9999999927488219,0.0,0.0,0.0,0.0,0.0,0.0,0.0,0.0,0.0,0.0,2.0
-0.8835,6.999999965689442,8.489662033850371e-09,0.9999999901969822,0.0,0.0,0.0,0.0,0.0,0.0,0.0,0.0,0.0,0.0,2.0
-0.8805,6.999999953834631,1.1422966148611388e-08,0.999999986809895,0.0,0.0,0.0,0.0,0.0,0.0,0.0,0.0,0.0,0.0,2.0
-0.8775,6.999999938173796,1.529801872551919e-08,0.999999982335369,0.0,0.0,0.0,0.0,0.0,0.0,0.0,0.0,0.0,0.0,2.0
-0.8745,6.999999917580357,2.039357377564766e-08,0.9999999764515286,0.0,0.0,0.0,0.0,0.0,0.0,0.0,0.0,0.0,0.0,2.0
-0.8715,6.999999890622584,2.7063890567870867e-08,0.9999999687493113,0.0,0.0,0.0,0.0,0.0,0.0,0.0,0.0,0.0,0.0,2.0
-0.8685,6.999999855488559,3.575730917141086e-08,0.9999999587110153,0.0,0.0,0.0,0.0,0.0,0.0,0.0,0.0,0.0,0.0,2.0
-0.8655,6.999999809894438,4.703892683479575e-08,0.9999999456841265,0.0,0.0,0.0,0.0,0.0,0.0,0.0,0.0,0.0,0.0,2.0
-0.8625,6.999999750973164,6.161816170116452e-08,0.9999999288494764,0.0,0.0,0.0,0.0,0.0,0.0,0.0,0.0,0.0,0.0,2.0
-0.8595,6.99999967513956,8.03821115598427e-08,0.9999999071827348,0.0,0.0,0.0,0.0,0.0,0.0,0.0,0.0,0.0,0.0,2.0
-0.8565,6.999999577927955,1.0443574613462279e-07,0.9999998794079913,0.0,0.0,0.0,0.0,0.0,0.0,0.0,0.0,0.0,0.0,2.0
-0.8535,6.999999453797314,1.3515011390135847e-07,0.9999998439420973,0.0,0.0,0.0,0.0,0.0,0.0,0.0,0.0,0.0,0.0,2.0
-0.8505,6.999999295898665,1.7421989784498094e-07,0.9999997988282008,0.0,0.0,0.0,0.0,0.0,0.0,0.0,0.0,0.0,0.0,2.0
-0.8475,6.999999095798622,2.2373181990339596e-07,0.9999997416567636,0.0,0.0,0.0,0.0,0.0,0.0,0.0,0.0,0.0,0.0,2.0
-0.8445,6.999998843152308,2.8624556920525464e-07,0.9999996694721158,0.0,0.0,0.0,0.0,0.0,0.0,0.0,0.0,0.0,0.0,2.0
-0.8415,6.999998525318198,3.6488911545753083e-07,0.999999578662389,0.0,0.0,0.0,0.0,0.0,0.0,0.0,0.0,0.0,0.0,2.0
-0.8385,6.999998126906391,4.634704686532619e-07,0.9999994648304781,0.0,0.0,0.0,0.0,0.0,0.0,0.0,0.0,0.0,0.0,2.0
-0.8355,6.999997629251367,5.866081516720462e-07,0.9999993226433757,0.0,0.0,0.0,0.0,0.0,0.0,0.0,0.0,0.0,0.0,2.0
-0.8325,6.9999970097990065,7.398828596846525e-07,0.9999991456570603,0.0,0.0,0.0,0.0,0.0,0.0,0.0,0.0,0.0,0.0,2.0
-0.8295,6.999996241397263,9.300129793592214e-07,0.999998926113823,0.0,0.0,0.0,0.0,0.0,0.0,0.0,0.0,0.0,0.0,2.0
-0.8265,6.999995291478905,1.1650568118306856e-06,0.9999986547087598,0.0,0.0,0.0,0.0,0.0,0.0,0.0,0.0,0.0,0.0,2.0
-0.8235,6.999994121124278,1.4546444743257564e-06,0.9999983203220013,0.0,0.0,0.0,0.0,0.0,0.0,0.0,0.0,0.0,0.0,2.0
-0.8205,6.999992683991737,1.8102425467150665e-06,0.9999979097131315,0.0,0.0,0.0,0.0,0.0,0.0,0.0,0.0,0.0,0.0,2.0
-0.8175,6.999990925103072,2.245454607871399e-06,0.9999974071741612,0.0,0.0,0.0,0.0,0.0,0.0,0.0,0.0,0.0,0.0,2.0
-0.8145,6.999988779470602,2.7763609363013044e-06,0.9999967941372894,0.0,0.0,0.0,0.0,0.0,0.0,0.0,0.0,0.0,0.0,2.0
-0.8115,6.999986170551745,3.4219009077024192e-06,0.9999960487333625,0.0,0.0,0.0,0.0,0.0,0.0,0.0,0.0,0.0,0.0,2.0
-0.8085,6.999983008514914,4.204302067960319e-06,0.9999951452964458,0.0,0.0,0.0,0.0,0.0,0.0,0.0,0.0,0.0,0.0,2.0
-0.8055,6.9999791882982825,5.149560470111139e-06,0.9999940538092054,0.0,0.0,0.0,0.0,0.0,0.0,0.0,0.0,0.0,0.0,2.0
-0.8025,6.999974587440274,6.287977489159441e-06,0.9999927392830866,0.0,0.0,0.0,0.0,0.0,0.0,0.0,0.0,0.0,0.0,2.0
-0.7995,6.999969063659062,7.65475873374209e-06,0.9999911610668101,0.0,0.0,0.0,0.0,0.0,0.0,0.0,0.0,0.0,0.0,2.0
-0.7965,6.999962452158569,9.290680635973834e-06,0.9999892720767372,0.0,0.0,0.0,0.0,0.0,0.0,0.0,0.0,0.0,0.0,2.0
-0.7935,6.99995456264068,1.1242829748407715e-05,0.9999870179433006,0.0,0.0,0.0,0.0,0.0,0.0,0.0,0.0,0.0,0.0,2.0
-0.7905,6.999945176006743,1.3565418889455071e-05,0.9999843360687525,0.0,0.0,0.0,0.0,0.0,0.0,0.0,0.0,0.0,0.0,2.0
-0.7875,6.999934040735322,1.6320683425639306e-05,0.9999811545924107,0.0,0.0,0.0,0.0,0.0,0.0,0.0,0.0,0.0,0.0,2.0
-0.7845,6.999920868924651,1.9579860505602622e-05,0.9999773912601922,0.0,0.0,0.0,0.0,0.0,0.0,0.0,0.0,0.0,0.0,2.0
-0.7815,6.999905331988482,2.342425405519209e-05,0.9999729521952022,0.0,0.0,0.0,0.0,0.0,0.0,0.0,0.0,0.0,0.0,2.0
-0.7785,6.999887055993222,2.7946388522367415e-05,0.9999677305659566,0.0,0.0,0.0,0.0,0.0,0.0,0.0,0.0,0.0,0.0,2.0
-0.7755,6.999865616624972,3.325125421192329e-05,0.9999616051489773,0.0,0.0,0.0,0.0,0.0,0.0,0.0,0.0,0.0,0.0,2.0
-0.7725,6.999840533778658,3.945764610793988e-05,0.9999544387836309,0.0,0.0,0.0,0.0,0.0,0.0,0.0,0.0,0.0,0.0,2.0
-0.7695,6.999811265769316,4.6699596210878e-05,0.9999460767191994,0.0,0.0,0.0,0.0,0.0,0.0,0.0,0.0,0.0,0.0,2.0
-0.7665,6.99977720317536,5.512789688075308e-05,0.999936344857191,0.0,0.0,0.0,0.0,0.0,0.0,0.0,0.0,0.0,0.0,2.0
-0.7635,6.999737662336537,6.491170969860489e-05,0.9999250478952251,0.0,0.0,0.0,0.0,0.0,0.0,0.0,0.0,0.0,0.0,2.0
-0.7605,6.999691874653043,7.624023888289442e-05,0.9999119679173655,0.0,0.0,0.0,0.0,0.0,0.0,0.0,0.0,0.0,0.0,2.0
-0.7575,6.999879560323004,8.652089619151758e-05,0.9998576404918763,0.0,0.0,0.0,0.0,0.0,0.0,0.0,0.0,0.0,0.0,2.0
-0.7545,6.999865732000851,9.067747188170915e-05,0.9998432825122272,0.0,0.0,0.0,0.0,0.0,0.0,0.0,0.0,0.0,0.0,2.0
-0.7515,6.99973861143543,9.7710336405469e-05,0.9998287911675409,8.480730685092668e-05,-4.0504437975156424e-05,7.596624187819024e-06,-1.043531749706836e-07,1.3497671437299323e-07,-1.3665606611742765e-07,0.0,0.0,0.0,0.0,8.0
-0.7485,6.999662404220734,0.00010969679213017404,0.9998117866853831,0.0001109119485393876,-4.19716050671028e-05,7.45242751797225e-06,-5.778391499097653e-07,1.8699323552473915e-07,-8.816704014948147e-08,0.0,0.0,0.0,0.0,8.0
-0.7455,6.9995890958041755,0.00012429604384231617,0.9997910395198151,0.0001362071721782985,-4.420870793039437e-05,7.681066193260811e-06,-9.277205958693528e-07,2.174169245203872e-07,-5.7485526009628565e-08,0.0,0.0,0.0,0.0,8.0
-0.7425,6.999514924907687,0.00014147132769233025,0.9997665387427511,0.00016165912737493593,-4.715346807905148e-05,8.170513034180671e-06,-1.1933665559711025e-06,2.3408067977437405e-07,-3.8459074856328754e-08,0.0,0.0,0.0,0.0,8.0
-0.7395,6.999436975652582,0.0001612831413198329,0.9997381518229101,0.0001880193971339413,-5.076298249479403e-05,8.845906445552448e-06,-1.4020773165401753e-06,2.420480620148595e-07,-2.6886713800446773e-08,0.0,0.0,0.0,0.0,8.0
-0.7365,6.999352887862556,0.00018386897932420564,0.9997056519365789,0.00021589132815757757,-5.501073586689362e-05,9.657928717906506e-06,-1.5724862941073672e-06,2.44496180526055e-07,-1.9935426056702056e-08,0.0,0.0,0.0,0.0,8.0
-0.7335,6.999260656748194,0.00020942919270012576,0.9996687354490174,0.0002457778443368607,-5.9883195172966035e-05,1.0574591630934018e-05,-1.7171129232961323e-06,2.433308043646949e-07,-1.571282839327934e-08,0.0,0.0,0.0,0.0,8.0
-0.7305,6.999158489573652,0.00023821737351060115,0.9996270334130977,0.0002781155739032143,-6.537700570201989e-05,1.1575491329146353e-05,-1.844176031576022e-06,2.396109121688032e-07,-1.2967782158529549e-08,0.0,0.0,0.0,0.0,8.0
-0.7275,6.999044702928467,0.0002705340183636797,0.999580118873297,0.0003132990568893071,-7.149668972851438e-05,1.2647814273451308e-05,-1.958874410836637e-06,2.3383919470723336e-07,-1.0882209521876194e-08,0.0,0.0,0.0,0.0,8.0
-0.7245,6.9989176487986455,0.00030672255064011775,0.9995275112558175,0.0003516977834849689,-7.825275416190837e-05,1.3783576867086028e-05,-2.064285919749467e-06,2.2615901504952473e-07,-8.927499604785761e-09,0.0,0.0,0.0,0.0,8.0
-0.7215,6.9987756609950225,0.00034716702744133903,0.9994686787608572,0.0003936680541360976,-8.56601257284769e-05,1.497772918564571e-05,-2.1619948124703803e-06,2.1648660509772732e-07,-6.7664019570108106e-09,0.0,0.0,0.0,0.0,8.0
-0.7185,6.998617015939342,0.00039229103827486767,0.999403039412302,0.00043956109477601927,-9.37368454462022e-05,1.622686045329723e-05,-2.252526369155847e-06,2.045988142476558e-07,-4.18677961605877e-09,0.0,0.0,0.0,0.0,8.0
-0.7155,6.998439903559581,0.0004425574324571719,0.9993299612338427,0.0004897284584641032,-0.00010250296523347533,1.7528320588168936e-05,-2.3356458843674684e-06,1.9019070107598197e-07,-1.0575078039904859e-09,0.0,0.0,0.0,0.0,8.0
-0.7125,6.998242405296733,0.0004984686047939278,0.9992487618873892,0.0005445254556841461,-0.00011197959839674,1.88796267898657e-05,-2.4105633284684713e-06,1.7291298553325434e-07,2.7004130179689564e-09,0.0,0.0,0.0,0.0,8.0
-0.7095,6.998022477125796,0.000560567136371821,0.9991587080148457,0.000604313144936336,-0.00012218808393635251,2.0278063458935587e-05,-2.476073526047846e-06,1.5239632378504688e-07,7.132454206630901e-09,0.0,0.0,0.0,0.0,8.0
-0.7065,6.997777936149622,0.0006294366377352801,0.9990590144576234,0.0006694592591755796,-0.00013314923311598606,2.1720412354144068e-05,-2.530653098770196e-06,1.2826716215424547e-07,1.2262313281840426e-08,0.0,0.0,0.0,0.0,8.0
-0.7035,6.997506449801171,0.0007057026798857621,0.9989488434821594,0.0007403383282811117,-0.00014488263534733753,2.3202770665503164e-05,-2.5725289281266177e-06,1.0015833933730465e-07,1.8099181146793063e-08,0.0,0.0,0.0,0.0,8.0
-0.7005,6.997205527029424,0.0007900337265825572,0.9988273041081621,0.0008173311750711529,-0.00015740600814873485,2.4720429404824233e-05,-2.599728125916521e-06,6.771648883454941e-08,2.4642091790178748e-08,0.0,0.0,0.0,0.0,8.0
-0.6975,6.996872511077653,0.0008831420009513355,0.9986934516145518,0.0009008239060297778,-0.00017073458197391117,2.6267794570001755e-05,-2.6101161675401128e-06,3.060753363511306e-08,3.188238309859029e-08,0.0,0.0,0.0,0.0,8.0
-0.6945,6.996504573618311,0.0009857842324089603,0.998546287282632,0.0009912064814206038,-0.00018488051497729868,2.7838340157155027e-05,-2.601427623756265e-06,-1.1478934586746006e-08,3.980494201978947e-08,0.0,0.0,0.0,0.0,8.0
-0.6915,6.996098710111339,0.0010987622386528476,0.9983847584246663,0.0010888709266848044,-0.00019985233574848287,2.9424586336872767e-05,-2.571292480713449e-06,-5.8825920305005415e-08,4.838868045825568e-08,0.0,0.0,0.0,0.0,8.0
-0.6885,6.99565173632123,0.0012229233039002792,0.9982077587374529,0.0011942092331366759,-0.00021565441431492803,3.101809877522326e-05,-2.5172600783999137e-06,-1.1168566361930297e-07,5.760654372332975e-08,0.0,0.0,0.0,0.0,8.0
-0.6855,6.9951602859751505,0.0013591603199697687,0.9980141290138059,0.0013076109878217119,-0.000232286463631783,3.2609506700972846e-05,-2.4368220367770087e-06,-1.702765091227291e-07,6.74252603895672e-08,0.0,0.0,0.0,0.0,8.0
-0.6825,6.994620809576603,0.0015084116617413408,0.9978026582393921,0.0014294607681234492,-0.00024974307544682806,3.4188538248166976e-05,-2.327435066296256e-06,-2.3477993289266648e-07,7.78049816757567e-08,0.0,0.0,0.0,0.0,8.0
-0.6795,6.994029574409476,0.0016716607731327268,0.9975720850974157,0.0015601353350992529,-0.00026801329575720296,3.574407209009186e-05,-2.186544213663975e-06,-3.053377008153117e-07,8.869891753329044e-08,0.0,0.0,0.0,0.0,8.0
-0.6765,6.993382665777902,0.0018499354439524313,0.9973210998986382,0.00170000065965175,-0.00028708024594478146,3.726420461985873e-05,-2.0116068352185543e-06,-3.82049161942717e-07,1.000530470805893e-07,0.0,0.0,0.0,0.0,8.0
-0.6735,6.9926759895298005,0.0020443067618594003,0.9970483469487543,0.0018494088167093183,-0.00030692079605607834,3.873633205560181e-05,-1.8001173882798397e-06,-4.6496870667462006e-07,1.1180595695272696e-07,0.0,0.0,0.0,0.0,8.0
-0.6705,6.991905275907766,0.002255887727317479,0.996752427359191,0.00200869478400456,-0.0003275052966687466,4.014724691476671e-05,-1.5496329616792025e-06,-5.541034443221949e-07,1.238888393222431e-07,0.0,0.0,0.0,0.0,8.0
-0.6675,6.991066084762566,0.002485831523090832,0.9964319023010287,0.0021781731834667117,-0.0003487973754306844,4.1483248311347906e-05,-1.2577993291533359e-06,-6.494111759269545e-07,1.362256625260803e-07,0.0,0.0,0.0,0.0,8.0
-0.6645,6.990153812152838,0.0027353294336866225,0.9960852966953115,0.0023581350045560226,-0.000370753803847811,4.2730265451179354e-05,-9.223771931171916e-07,-7.507987518705103e-07,1.487335114185702e-07,0.0,0.0,0.0,0.0,8.0
-0.6615,6.989163698341318,0.003005608414323598,0.9957111033266638,0.0025488443500290307,-0.00039332443923147516,4.3873993508128703e-05,-5.412682055911969e-07,-8.581209066873941e-07,1.6132308434930658e-07,0.0,0.0,0.0,0.0,8.0
-0.6585,6.988090837183528,0.00329792831348645,0.9953077873610611,0.0027505352455804493,-0.00041645224596078027,4.4900040760552947e-05,-1.125403013027838e-07,-9.711796553224617e-07,1.7389932834923495e-07,0.0,0.0,0.0,0.0,8.0
-0.6555,6.986930186889553,0.0036135787578219776,0.9948737912428518,0.002963408555460619,-0.0004400733993282033,4.579408548335449e-05,3.6554814411056017e-07,-1.0897243183321263e-06,1.8636219321755607e-07,0.0,0.0,0.0,0.0,8.0
-0.6525,6.985676582123674,0.003953875712895166,0.9944075399406584,0.003187629046350413,-0.0004641174741911763,4.6542040675281376e-05,8.945258169462983e-07,-1.213452222251022e-06,1.9860748702918978e-07,0.0,0.0,0.0,0.0,8.0
-0.6495,6.984324747390246,0.004320157738005822,0.9939074465066301,0.003423322641322928,-0.0004885077194379224,4.713022430314831e-05,1.4756880985857558e-06,-1.342010099516721e-06,2.1052781842998957e-07,0.0,0.0,0.0,0.0,8.0
-0.6465,6.982869311637519,0.004713781957743833,0.9933719179086813,0.0036705739045071817,-0.00051316141790492,4.75455324032569e-05,2.110079271632534e-06,-1.4749961927288723e-06,2.2201361351646904e-07,0.0,0.0,0.0,0.0,8.0
-0.6435,6.981304823994669,0.0051361197771397585,0.9927993610909324,0.003929423795036162,-0.0005379903298755544,4.777561212040091e-05,2.798477704251143e-06,-1.6119630516983167e-06,2.3295419680319458e-07,0.0,0.0,0.0,0.0,8.0
-0.6405,6.979625770541243,0.005588552371082345,0.9921881892136659,0.004199867726015187,-0.0005629012167228966,4.780903160019081e-05,3.5413843728073056e-06,-1.7524209980791776e-06,2.432389258627399e-07,0.0,0.0,0.0,0.0,8.0
-0.6375,6.977826591993289,0.006072465982069188,0.9915368280208613,0.004481853960647368,-0.0005877964396795814,4.763544358849686e-05,4.339015021172964e-06,-1.895842219345674e-06,2.527583682036425e-07,0.0,0.0,0.0,0.0,8.0
-0.6345,6.975901702176768,0.006589247063282943,0.9908437222808485,0.004775282373386868,-0.0006125746272075546,4.7245739638527894e-05,5.1912961733340064e-06,-2.0416654386549683e-06,2.614055064556585e-07,0.0,0.0,0.0,0.0,8.0
-0.6315,6.973845507146954,0.00714027730639502,0.9901073422439268,0.005080003599149749,-0.0006371314030703637,4.6632191985047445e-05,6.097865108381864e-06,-2.1893010867915937e-06,2.6907695397711353e-07,0.0,0.0,0.0,0.0,8.0
-0.6285,6.971652424802567,0.007726928595341431,0.9893261900599831,0.00539581858829556,-0.0006613601660415446,4.578858041380913e-05,7.0580737734867575e-06,-2.338136874918792e-06,2.756741573381419e-07,0.0,0.0,0.0,0.0,8.0
-0.6255,6.969316904835727,0.00835055792854991,0.9884988060992004,0.00572247857935348,-0.0006851529112031083,4.471030181919003e-05,8.070996450355318e-06,-2.487543632465753e-06,2.8110455566591285e-07,0.0,0.0,0.0,0.0,8.0
-0.6225,6.966833448853431,0.00901250235268229,0.9876237751199859,0.006059685495341782,-0.0007084010820247536,4.339446056883739e-05,9.135440826063828e-06,-2.636881236186353e-06,2.852826592090649e-07,0.0,0.0,0.0,0.0,8.0
-0.6195,6.964196630503516,0.009714073950852428,0.9866997322302172,0.006407092762989617,-0.0007309964417294661,4.183993822345525e-05,1.0249961964828334e-05,-2.785504420321242e-06,2.8813100281572085e-07,0.0,0.0,0.0,0.0,8.0
-0.6165,6.96140111543797,0.010456554927456452,0.9857253685909221,0.0067643065471159145,-0.0007528319517532976,4.0047441516060425e-05,1.1412878568896071e-05,-2.932768231708709e-06,2.8958092487862224e-07,0.0,0.0,0.0,0.0,8.0
-0.6135,6.958441680949195,0.011241192830167394,0.9846994368156039,0.007130887384712449,-0.0007738026442041399,3.801952769709422e-05,1.262229087671703e-05,-3.078032884383102e-06,2.895731202773009e-07,0.0,0.0,0.0,0.0,8.0
-0.6105,6.9553132351205065,0.012069195947260695,0.983620756023712,0.007506352194769562,-0.0007938064740052878,3.576060634093726e-05,1.3876099593240734e-05,-3.220667777989941e-06,2.8805791648371e-07,0.0,0.0,0.0,0.0,8.0
-0.6075,6.952010835340879,0.012941728915210672,0.9824882165132856,0.00789017663053567,-0.0008127451348201815,3.327691648095498e-05,1.5172025368674953e-05,-3.360054468438606e-06,2.8499522425702004e-07,0.0,0.0,0.0,0.0,8.0
-0.6045,6.948529706045967,0.013859908567410506,0.9813007840255578,0.008281797730918982,-0.0008305248210338029,3.05764775772955e-05,1.6507628498932182e-05,-3.4955884064829216e-06,2.8035411612792346e-07,0.0,0.0,0.0,0.0,8.0
-0.6015,6.944865255562517,0.014824800049951408,0.9800575035831595,0.008680616817780394,-0.0008470569164447938,2.7669012510574766e-05,1.7880328653840818e-05,-3.6266792781827977e-06,2.741119854260432e-07,0.0,0.0,0.0,0.0,8.0
-0.5985,6.941013091951258,0.01583741322476439,0.9787575028930956,0.009086002577247973,-0.000862258589645739,2.4565840819306378e-05,1.9287424482161308e-05,-3.752749787576976e-06,2.6625323793106294e-07,0.0,0.0,0.0,0.0,8.0
-0.5955,6.936969037763848,0.01689869937433904,0.9773999953150994,0.009497294257961557,-0.0008760532774090351,2.1279741106128642e-05,2.072611285553868e-05,-3.873232734944003e-06,2.567674754286614e-07,0.0,0.0,0.0,0.0,8.0
-0.5925,6.932729143651278,0.018009548216121204,0.9759842824041731,0.009913804920036528,-0.0008883710420323017,1.7824783263073247e-05,2.219350731040159e-05,-3.987566310865193e-06,2.4564716099500013e-07,0.0,0.0,0.0,0.0,8.0
-0.5895,6.9282897007827025,0.01917078522912906,0.974509756041696,0.010334824678379295,-0.0008991487977366989,1.4216134129923862e-05,2.3686655012594894e-05,-4.0951877169938256e-06,2.328848293267518e-07,0.0,0.0,0.0,0.0,8.0
-0.5865,6.923647252053964,0.02038316929093451,0.9729759001709941,0.010759623904776633,-0.0009083304153670207,1.0469844392740575e-05,2.520255142120307e-05,-4.195525608255111e-06,2.184700410263306e-07,0.0,0.0,0.0,0.0,8.0
-0.5835,6.9187986020821555,0.02164739062036244,0.9713822921501155,0.011187456384596438,-0.0009158667332377626,6.602629599522937e-06,2.673815190299393e-05,-4.287992455856277e-06,2.023864799007951e-07,0.0,0.0,0.0,0.0,8.0
-0.5805,6.913740825997179,0.02296406901993417,0.9697286037274498,0.01161756246182477,-0.0009217155225320054,2.6316633758170725e-06,2.829037988895215e-05,-4.371978697980947e-06,1.8460983658449357e-07,0.0,0.0,0.0,0.0,8.0
-0.5775,6.908471277055787,0.02433375241115125,0.9680146016378036,0.012049172241661299,-0.0009258414739214503,-1.4255947797218012e-06,2.9856131683562228e-05,-4.446851308568207e-06,1.6510735794730364e-07,0.0,0.0,0.0,0.0,8.0
-0.5745,6.902987593124568,0.02575691565287414,0.9662401478130362,0.012481508940262743,-0.0009282162826078598,-5.551512426571652e-06,3.143227848061995e-05,-4.511959922776402e-06,1.438400976950631e-07,0.0,0.0,0.0,0.0,8.0
-0.5715,6.8972877021158,0.027233959624866754,0.9644051992095469,0.012913792463224414,-0.0009288189070658524,-9.728313463440642e-06,3.3015666142927753e-05,-4.566653661664404e-06,1.2076891346766062e-07,0.0,0.0,0.0,0.0,8.0
-0.5685,6.891369826526306,0.028765210541302818,0.9625098072813045,0.013345243250330393,-0.0009276360610061724,-1.3938002049298439e-05,3.460311254415769e-05,-4.610311183840088e-06,9.586509710110503e-08,0.0,0.0,0.0,0.0,8.0
-0.5655,6.885232487333214,0.030350919430447938,0.9605541171736431,0.013775086349415008,-0.0009246629728283686,-1.8162163093583533e-05,3.6191400692760824e-05,-4.64238539529951e-06,6.912624557822652e-08,0.0,0.0,0.0,0.0,8.0
-0.5625,6.878874507637952,0.03199126167928938,0.9585383667714663,0.014202555601754452,-0.0009199044225485316,-2.238162401424715e-05,3.7777263921484555e-05,-4.662463065399342e-06,4.059768594507245e-08,0.0,0.0,0.0,0.0,8.0
-0.5595,6.872295016588268,0.03368633650692787,0.9564628857817393,0.014626897780905852,-0.0009133760559952369,-2.6575963911343273e-05,3.935735830965753e-05,-4.670338786497384e-06,1.0399541169753138e-08,0.0,0.0,0.0,0.0,8.0
-0.5565,6.865493454168655,0.03543616622284361,0.9543280950201012,0.01504737658528375,-0.00090510598753419,-3.07228603043848e-05,4.092821911039575e-05,-4.666102393060163e-06,-2.1240714936155828e-08,0.0,0.0,0.0,0.0,8.0
-0.5535,6.858469577292431,0.03724069518640978,0.9521345059425499,0.015463276595648072,-0.000895136726695262,-3.479728113988134e-05,4.248620460652748e-05,-4.650238404649535e-06,-5.395101041799438e-08,0.0,0.0,0.0,0.0,8.0
-0.5505,6.851223467058147,0.03909978856522002,0.949882720146455,0.0158739076910774,-0.0008835274663522381,-3.87705792016905e-05,4.402744445698359e-05,-4.623733466414428e-06,-8.717532175501696e-08,0.0,0.0,0.0,0.0,8.0
-0.5475,6.843755535845216,0.04101323134140776,0.9475734280146053,0.016278610919472872,-0.000870356692079984,-4.2609647160328945e-05,4.554783035097616e-05,-4.588180632230104e-06,-1.2013858230185777e-07,0.0,0.0,0.0,0.0,8.0
-0.5445,6.836066531017634,0.04298072855033432,0.9452074049182567,0.01667676728654705,-0.0008557248513087118,-4.627645146138859e-05,4.704311104315966e-05,-4.545855871627156e-06,-1.5182834234030716e-07,0.0,0.0,0.0,0.0,8.0
-0.5415,6.828157529560823,0.04500190838302913,0.9427855025928611,0.017067811090183307,-0.0008397564303256898,-4.9728455827284523e-05,4.8509172351370134e-05,-4.499723548440899e-06,-1.8101308439493006e-07,0.0,0.0,0.0,0.0,8.0
-0.5385,6.820029915651729,0.047076330336913136,0.9403086328017901,0.017451248932136613,-0.0008226002880411204,-5.292059189535953e-05,4.99425801697572e-05,-4.4533102133272375e-06,-2.0632257974618568e-07,0.0,0.0,0.0,0.0,8.0
-0.5355,6.811685332185431,0.04920350070445631,0.9377777407284693,0.01782668405917858,-0.0008044266737609484,-5.5809404477951214e-05,5.134142270022977e-05,-4.410382091182278e-06,-2.2641386676477254e-07,0.0,0.0,0.0,0.0,8.0
-0.5325,6.803125599273389,0.05138289691088435,0.9351937672361933,0.018193843116397487,-0.0007854193104508034,-5.835964527336526e-05,5.270639391762786e-05,-4.37438614506245e-06,-2.4023148386385026e-07,0.0,0.0,0.0,0.0,8.0
-0.5295,6.794352599107056,0.053614000215767954,0.9325576024922676,0.018552599105282702,-0.0007657615723611941,-6.055283032697317e-05,5.40419189679019e-05,-4.347677823471033e-06,-2.4733960875431667e-07,0.0,0.0,0.0,0.0,8.0
-0.5265,6.785368137587647,0.055896333124260594,0.9298700380967667,0.01890298136190262,-0.0007456172888391389,-6.239620394640995e-05,5.535697004768454e-05,-4.3306556760256715e-06,-2.482611540935417e-07,0.0,0.0,0.0,0.0,8.0
-0.5235,6.776173806835971,0.05822949419443813,0.9271317294632566,0.019245162347893852,-0.0007251088761176412,-6.392950301975792e-05,5.666512888112819e-05,-4.32102595456839e-06,-2.4471912635119076e-07,0.0,0.0,0.0,0.0,8.0
-0.5205,6.766770884685513,0.06061318014291838,0.9243431825887128,0.019579413743935254,-0.0007042976907972459,-6.52264403347821e-05,5.79835065938291e-05,-4.313479820999397e-06,-2.396611659654189e-07,0.0,0.0,0.0,0.0,8.0
-0.5175,6.757160311549794,0.06304718493969438,0.921504777191912,0.019906031700774176,-0.0006831727196925252,-6.638848282019367e-05,5.9330395370401575e-05,-4.300028490747465e-06,-2.3698075589906942e-07,0.0,0.0,0.0,0.0,8.0
-0.5145,6.747342776469485,0.06553136922093551,0.9186168302701302,0.020225242166438426,-0.0006616530000137092,-6.753052038291272e-05,6.072197842388941e-05,-4.271080497344093e-06,-2.409347028948396e-07,0.0,0.0,0.0,0.0,8.0
-0.5115,6.737318921138267,0.06806560082015797,0.9156796915936721,0.020537108428968706,-0.00063960607353437,-6.876097795415619e-05,6.216892168378641e-05,-4.217089878049188e-06,-2.5537501179824026e-07,0.0,0.0,0.0,0.0,8.0
-0.5085,6.727089636896983,0.07064967676565917,0.9126938495572419,0.020841468793288756,-0.0006168798391401826,-7.016165922330197e-05,6.367395728039909e-05,-4.130350014284108e-06,-2.8301366317773794e-07,0.0,0.0,0.0,0.0,8.0
-0.5055,6.7166563927827125,0.07328324563135545,0.9096600179627365,0.021137927055796243,-0.0005933398603547745,-7.177359223139055e-05,6.523137205757958e-05,-4.0063876271256e-06,-3.249580659974615e-07,0.0,0.0,0.0,0.0,8.0
-0.5025,6.706021501633888,0.07596575344971539,0.9065791767980632,0.02142589984867184,-0.0005689004933510938,-7.359324584537566e-05,6.682850802545103e-05,-3.84452834048491e-06,-3.806519061977753e-07,0.0,0.0,0.0,0.0,8.0
-0.49950000000000006,6.695188214766232,0.07869643435922839,0.9034525542932342,0.021704697343471722,-0.0005435379531815224,-7.557887723805631e-05,6.844817101228486e-05,-3.6475570716255277e-06,-4.4814999685526975e-07,0.0,0.0,0.0,0.0,8.0
-0.49649999999999994,6.684160545881031,0.08147435792701939,0.9002815594993603,0.021973589817372664,-0.0005172778155179893,-7.766143451020168e-05,7.006986160161424e-05,-3.4208343523945467e-06,-5.244462319637148e-07,0.0,0.0,0.0,0.0,8.0
-0.49350000000000005,6.672942781929116,0.08429852845436238,0.8970676957346007,0.02223181050843598,-0.0004901587351778123,-7.975173075321635e-05,7.1667911151281e-05,-3.1714945468699667e-06,-6.055166993026342e-07,0.0,0.0,0.0,0.0,8.0
-0.49049999999999994,6.661538764737674,0.08716800822290866,0.8938124952688352,0.022478480148817055,-0.00046218709438644774,-8.17386040923395e-05,7.320662600507718e-05,-2.908204757681897e-06,-6.85962979125657e-07,0.0,0.0,0.0,0.0,8.0
-0.48750000000000004,6.649951213962604,0.09008201155891822,0.8905175069831641,0.022712507343876122,-0.0004333095548852478,-8.348171696861806e-05,7.463604742969921e-05,-2.6413733538284143e-06,-7.58613866408924e-07,0.0,0.0,0.0,0.0,8.0
-0.48449999999999993,6.63818152191659,0.09303990428255189,0.8871843406803566,0.02293258592222804,-0.00040343341673772676,-8.481278098764852e-05,7.589479894870386e-05,-2.3829858643133512e-06,-8.148824739895449e-07,0.0,0.0,0.0,0.0,8.0
-0.48150000000000004,6.626230408949621,0.09604106648669158,0.883814733691407,0.02313741202485758,-0.00037250790254623507,-8.556134329214958e-05,7.692533200207462e-05,-2.145023022592727e-06,-8.466111564846536e-07,0.0,0.0,0.0,0.0,8.0
-0.4784999999999999,6.6140994301696745,0.09908464954991412,0.8804105775808704,0.023326129659654145,-0.0003406405907249774,-8.56083879279693e-05,7.769957813917948e-05,-1.936185214424091e-06,-8.492578519273354e-07,0.0,0.0,0.0,0.0,8.0
-0.47550000000000003,6.601792656293127,0.10216935583372765,0.8769738491507146,0.02349881383755471,-0.0003081801803325236,-8.494606386384354e-05,7.824232203991812e-05,-1.7582155386921792e-06,-8.249085362549074e-07,0.0,0.0,0.0,0.0,8.0
-0.4724999999999999,6.589317374032825,0.10529341638585372,0.8735064414956207,0.023656658453157682,-0.00027568749902454244,-8.370296593508679e-05,7.86340967961969e-05,-1.6043239356595656e-06,-7.828323006319204e-07,0.0,0.0,0.0,0.0,8.0
-0.46950000000000003,6.576682959027423,0.1084548591093816,0.870009965968693,0.023801627037738294,-0.0002437713967453588,-8.210419751370843e-05,7.898381416628555e-05,-1.461631284505344e-06,-7.36267568207622e-07,0.0,0.0,0.0,0.0,8.0
-0.4664999999999999,6.563898264586811,0.11165195876170557,0.8664856408610633,0.023935670921889696,-0.00021286540293945588,-8.037751662829678e-05,7.938228656847859e-05,-1.3169510942952809e-06,-6.967135820878536e-07,0.0,0.0,0.0,0.0,8.0
-0.4635,6.550969288470129,0.1148835903386814,0.862934325671507,0.0240599735237541,-0.00018307159253651604,-7.866080495548039e-05,7.98632082633301e-05,-1.1625058842138394e-06,-6.690088909838343e-07,0.0,0.0,0.0,0.0,8.0
-0.4604999999999999,6.537890028620557,0.11814917844796956,0.8593577829603617,0.024174884396872744,-0.00015488144204773224,-7.699681009055634e-05,8.049836514663473e-05,-9.968011238132326e-07,-6.611155054587385e-07,0.0,0.0,0.0,0.0,8.0
-0.4575,6.524877452496024,0.12145060504071373,0.8557298765303513,0.024274617833280443,-0.00011102582180351137,-7.449865685843978e-05,7.886124739712402e-05,-8.51906686045138e-07,-4.1381096433979243e-07,0.0,0.0,0.0,0.0,8.0
-0.4544999999999999,6.511664945644109,0.12478962394583158,0.8520848461329483,0.024353792260176012,-7.165633731203179e-05,-7.098314638210127e-05,7.767201186679758e-05,-7.591351609281549e-07,-2.149899532048218e-07,0.0,0.0,0.0,0.0,8.0
-0.4515,6.497991167948212,0.12816153542650086,0.848457056992444,0.02442254971909116,-5.702099772472457e-05,-6.781369785462437e-05,7.970890016210302e-05,-6.670416724513745e-07,-3.578751193784201e-07,0.0,0.0,0.0,0.0,8.0
-0.4484999999999999,6.4840967944894725,0.13156115134534258,0.8448181921657288,0.024491987019260923,-4.9061790850490425e-05,-6.571998721719547e-05,8.253394536012539e-05,-5.207639451560922e-07,-5.855535019329735e-07,0.0,0.0,0.0,0.0,8.0
-0.4455,6.470147431080262,0.13498809683795895,0.8411483893388999,0.02456143956112222,-3.533235143709031e-05,-6.434970743661945e-05,8.446961641839196e-05,-3.2839126857586523e-07,-7.226052611953327e-07,0.0,0.0,0.0,0.0,8.0
-0.4424999999999999,6.456149493096944,0.13844344913675377,0.8374477917163994,0.024626399022297223,-1.576825149962739e-05,-6.322617915782854e-05,8.55220914989899e-05,-1.1555239041842588e-07,-7.708284968307001e-07,0.0,0.0,0.0,0.0,8.0
-0.4395,6.442069270442501,0.1419276142224239,0.8337218479804664,0.02468386939595514,6.624794729365607e-06,-6.210149589432728e-05,8.610631163271667e-05,1.0171974001779014e-07,-7.742423837811499e-07,0.0,0.0,0.0,0.0,8.0
-0.4365000000000001,6.427885425083492,0.14544023801377906,0.829974555757554,0.02473269054840775,2.9909917668007926e-05,-6.0895834840025356e-05,8.648420667016063e-05,3.172661949710222e-07,-7.603092363319293e-07,0.0,0.0,0.0,0.0,8.0
-0.4335,6.413590422715395,0.14898058364540237,0.826208169201587,0.0247726246053889,5.330202549984187e-05,-5.959787950380526e-05,8.67582867424703e-05,5.295143722420974e-07,-7.396361682902305e-07,0.0,0.0,0.0,0.0,8.0
-0.4305000000000001,6.39918334044726,0.15254780038597476,0.8224240997483472,0.024803717194099614,7.654319276788541e-05,-5.8210967654522936e-05,8.696004365274358e-05,7.380569229008587e-07,-7.154318291836132e-07,0.0,0.0,0.0,0.0,8.0
-0.4275,6.3846658550989615,0.15614106478580295,0.8186234687928584,0.02482600691863878,9.952885438860579e-05,-5.673122734926526e-05,8.710212277937756e-05,9.421734952901e-07,-6.890195964584539e-07,0.0,0.0,0.0,0.0,8.0
-0.4245000000000001,6.370040787682846,0.1597596389274661,0.814807334016606,0.02483944237731943,0.00012216430208002667,-5.5143438530490394e-05,8.719742999873509e-05,1.1405157810341868e-06,-6.6180485486988e-07,0.0,0.0,0.0,0.0,8.0
-0.4215,6.355311516911346,0.1634028679941571,0.8109767697961339,0.024843917981755982,0.00014433187687783877,-5.342750531155435e-05,8.726209514639382e-05,1.3314638385235e-06,-6.355137517817829e-07,0.0,0.0,0.0,0.0,8.0
-0.4185000000000001,6.340481568940688,0.16707013915510247,0.8071328874941254,0.02483936355084653,0.00016590334226995032,-5.156925243427586e-05,8.731213068701115e-05,1.5137427672806487e-06,-6.117769921646171e-07,0.0,0.0,0.0,0.0,8.0
-0.4155,6.325554298139247,0.17076083111023216,0.8032768267011888,0.024825828722745448,0.00018676466349318673,-4.956931451719181e-05,8.735909369195436e-05,1.6869246027757365e-06,-5.916474032560253e-07,0.0,0.0,0.0,0.0,8.0
-0.4125000000000001,6.3105327263668745,0.17447427929446135,0.7994097329149196,0.024803523006352,0.00020683537846129856,-4.744621130290949e-05,8.740755238455697e-05,1.8515907915336512e-06,-5.753534879290754e-07,0.0,0.0,0.0,0.0,8.0
-0.4095,6.2954195566260465,0.17820976644235353,0.795532732631395,0.024772803095094158,0.00022607558427320144,-4.523324965709639e-05,8.745514329510725e-05,2.0091404672327324e-06,-5.623575213262865e-07,0.0,0.0,0.0,0.0,8.0
-0.4065000000000001,6.280217298415148,0.1819665329602938,0.791646912526067,0.024734123741880318,0.0002444819290256471,-4.2971539675562186e-05,8.749455952327508e-05,2.1613815990722676e-06,-5.516257986866731e-07,0.0,0.0,0.0,0.0,8.0
-0.40349999999999997,6.264928414374517,0.1857437946916244,0.7877533050332626,0.024687977016385965,0.00026207798915605756,-4.070216553226699e-05,8.751625321935153e-05,2.3100830497230146e-06,-5.419634591137586e-07,0.0,0.0,0.0,0.0,8.0
-0.4005000000000001,6.2495554232077195,0.18954075776073792,0.7838528800425554,0.02463483957479939,0.0002789041096082529,-3.845983343063622e-05,8.751083084047724e-05,2.4566222615574985e-06,-5.322955551036745e-07,0.0,0.0,0.0,0.0,8.0
-0.39749999999999996,6.234100939631582,0.19335662653024757,0.7799465419884062,0.02457513723556741,0.0002950093320227961,-3.626910455187501e-05,8.747063283848715e-05,2.601791752886423e-06,-5.218379976698289e-07,0.0,0.0,0.0,0.0,8.0
-0.3945000000000001,6.218567667201994,0.19719060619584092,0.77603513216468,0.02450922766963106,0.0003104457170343791,-3.414331553887848e-05,8.739044355029042e-05,2.745767550047402e-06,-5.101552627994146e-07,0.0,0.0,0.0,0.0,8.0
-0.39149999999999996,6.2029583720791965,0.20104190370270794,0.7721194362912949,0.024437397736633483,0.0003252642914740194,-3.208569677242645e-05,8.726752209758163e-05,2.888205946854985e-06,-4.97131165632076e-07,0.0,0.0,0.0,0.0,8.0
-0.38850000000000007,6.187275859776113,0.20490972982773742,0.768200196666984,0.02435987092301508,0.00033951191062271414,-3.009192923193621e-05,8.710121000124139e-05,3.028417753032007e-06,-4.828881799331337e-07,0.0,0.0,0.0,0.0,8.0
-0.38549999999999995,6.171522963909288,0.20879330315038253,0.764278127073476,0.024276820643516026,0.0003532288455186838,-2.8153311198641153e-05,8.689234310968837e-05,3.165565850534632e-06,-4.676884482544631e-07,0.0,0.0,0.0,0.0,8.0
-0.38250000000000006,6.155702545152155,0.21269185485752598,0.7603539277548335,0.024188385761305414,0.0003664472909626639,-2.6259783218351937e-05,8.664263925261036e-05,3.298839570260672e-06,-4.518420583864083e-07,0.0,0.0,0.0,0.0,8.0
-0.37949999999999995,6.139817493824348,0.2166046326755772,0.7564282978317316,0.024094685343364057,0.00037919101377756424,-2.440226403996462e-05,8.635417523025071e-05,3.427575685214779e-06,-4.3563844769645117e-07,0.0,0.0,0.0,0.0,8.0
-0.37650000000000006,6.123870730173188,0.22053090262512468,0.7525019434203408,0.023995830521240165,0.00039147611774540444,-2.257403623182081e-05,8.602901282413277e-05,3.551316050782119e-06,-4.1930683773832657e-07,0.0,0.0,0.0,0.0,8.0
-0.37349999999999994,6.1078651996925535,0.2244699482136526,0.7485755810610403,0.02389193238783021,0.00040331261457799165,-2.077120636945966e-05,8.566898597160903e-05,3.669809902298227e-06,-4.030032701602315e-07,0.0,0.0,0.0,0.0,8.0
-0.37050000000000005,6.091803864147963,0.2284210675495831,0.7446499372598275,0.02378310593169953,0.00041470633576102004,-1.8992469429199248e-05,8.527562524168122e-05,3.7829795792453784e-06,-3.8681666303720765e-07,0.0,0.0,0.0,0.0,8.0
-0.36749999999999994,6.075689690866401,0.23238356933581314,0.7407257456231432,0.023669470824565456,0.00042566075057195985,-1.7238488777042135e-05,8.485017603279396e-05,3.890870504640252e-06,-3.7078482920796955e-07,0.0,0.0,0.0,0.0,8.0
-0.36450000000000005,6.059525643081033,0.2363567687278516,0.736803743143526,0.023551150267566594,0.00043617841595479335,-1.55111734118282e-05,8.439366391529244e-05,3.993601684626185e-06,-3.549128393883022e-07,0.0,0.0,0.0,0.0,8.0
-0.36149999999999993,6.043314673243206,0.2403399837614687,0.7328846668299204,0.023428269070473136,0.0004462619754656928,-1.3813040283023754e-05,8.390696983257271e-05,4.09132568441621e-06,-3.391889796509591e-07,0.0,0.0,0.0,0.0,8.0
-0.35850000000000004,6.027059719981347,0.24433253266982377,0.7289692513313992,0.023300951820976787,0.00045591476615922745,-1.2146745093172918e-05,8.339089261902336e-05,4.184200501813775e-06,-3.2359639324923146e-07,0.0,0.0,0.0,0.0,8.0
-0.3554999999999999,6.010763708368311,0.24833373208115375,0.7250582277017632,0.023169321581802797,0.00046514115145578,-1.051478661753229e-05,8.284619033745507e-05,4.272371837320402e-06,-3.081204451367501e-07,0.0,0.0,0.0,0.0,8.0
-0.35250000000000004,5.9944295526046725,0.25234289589217923,0.7211523231197993,0.02303349918529726,0.00047394668771941906,-8.919349358978758e-06,8.227360169516181e-05,4.3559630025865285e-06,-2.927527309257815e-07,0.0,0.0,0.0,0.0,8.0
-0.3494999999999999,5.978060160116966,0.25635933455103554,0.717252261239108,0.02289360296343502,0.00048233818871596187,-7.3622406052002464e-06,8.167385346165145e-05,4.435070109028799e-06,-2.774927606417243e-07,0.0,0.0,0.0,0.0,8.0
-0.34650000000000003,5.961658436250106,0.26038235451586106,0.7133587628491768,0.02274974867043234,0.0004903237104401349,-5.8448861449415875e-06,8.10476604778296e-05,4.509761068263956e-06,-2.6234810571423133e-07,0.0,0.0,0.0,0.0,8.0
-0.3434999999999999,5.9452272890255315,0.26441125773045787,0.7094725466185505,0.022602049390327623,0.0004979124583296259,-4.368360984447584e-06,8.039572333241494e-05,4.580077572872532e-06,-2.4733352547973247e-07,0.0,0.0,0.0,0.0,8.0
-0.3405,5.928769633712323,0.26844534103670964,0.7055943298008084,0.022450615316615987,0.00050511462095852,-2.9334402006193495e-06,7.971872671025794e-05,4.646039420539483e-06,-2.3246942359671114e-07,0.0,0.0,0.0,0.0,8.0
-0.3374999999999999,5.9122883971543185,0.2724838955024741,0.7017248288748293,0.022295553391807582,0.0005119411487260325,-1.540659141199618e-06,7.901733976671427e-05,4.70765046870757e-06,-2.177799196202526e-07,0.0,0.0,0.0,0.0,8.0
-0.3345,5.895786521901405,0.27652620567705405,0.6978647601456003,0.022136966865948,0.0005184035100607636,-1.9037341598409093e-07,7.829221894345854e-05,4.7649054135452605e-06,-2.0329079493138015e-07,0.0,0.0,0.0,0.0,8.0
-0.3314999999999999,5.879266970227014,0.2805715487977154,0.6940148403509757,0.02197495486127713,0.0005245134625812603,1.1171899202007849e-06,7.754401323141123e-05,4.817796620903056e-06,-1.8902753560717757e-07,0.0,0.0,0.0,0.0,8.0
-0.3285,5.862732728105001,0.28461919396797425,0.6901757873135815,0.021809612020327357,0.0005302828703420922,2.3818963177201877e-06,7.677337165218387e-05,4.8663203927572514e-06,-1.7501363512905784e-07,0.0,0.0,0.0,0.0,8.0
-0.3254999999999999,5.846186809193072,0.28866840131949895,0.6863483206584172,0.021641028282220993,0.0005357235839714787,3.603685382389498e-06,7.598095240305039e-05,4.91048224148845e-06,-1.6126925199618502e-07,0.0,0.0,0.0,0.0,8.0
-0.3225,5.829632258844092,0.2927184211603493,0.6825331625966833,0.021469288793907745,0.0005408473838511693,4.782568453215805e-06,7.516743264358531e-05,4.950300885757282e-06,-1.478102613657497e-07,0.0,0.0,0.0,0.0,8.0
-0.3194999999999999,5.813072158148615,0.2967684931060486,0.678731038761757,0.021294473932680316,0.0005456659728131347,5.918636696289649e-06,7.433351745293657e-05,4.985810758390708e-06,-1.3464770457617287e-07,0.0,0.0,0.0,0.0,8.0
-0.3165,5.796509628003954,0.3008178451874901,0.6749426790764724,0.021116659400006097,0.0005501909973451326,7.012072398159881e-06,7.347994629883735e-05,5.017062870615137e-06,-1.2178762051831558e-07,0.0,0.0,0.0,0.0,8.0
-0.3134999999999999,5.7799478332042264,0.3048656929302584,0.6711688186311203,0.020935916344830104,0.0005544340756596146,8.06315637732486e-06,7.260749561061774e-05,5.0441239670834835e-06,-1.0923122643593107e-07,0.0,0.0,0.0,0.0,8.0
-0.3105,5.763389986549006,0.3089112384023367,0.6674101985563737,0.02075231148326804,0.0005584068157691286,9.072266516978451e-06,7.171697674415565e-05,5.067074062208096e-06,-9.697539424135207e-08,0.0,0.0,0.0,0.0,8.0
-0.3075000000000001,5.746839352972195,0.3129536692301175,0.6636675668818252,0.020565907195628844,0.0005621208143860712,1.0039865542237082e-05,7.080922958684104e-05,5.086002650000315e-06,-8.50133419900771e-08,0.0,0.0,0.0,0.0,8.0
-0.3045,5.730299253695461,0.31699215758525323,0.659941679376757,0.020376761595937258,0.0005655876353442635,1.0966479311244555e-05,6.988511298555471e-05,5.1010040676701026e-06,-7.333543669148365e-08,0.0,0.0,0.0,0.0,8.0
-0.3015000000000001,5.713773070411453,0.3210258591467227,0.6562333003738268,0.020184928580076922,0.0005688187722603813,1.185266919626232e-05,6.894549381132398e-05,5.1121726016350045e-06,-6.192999427884951e-08,0.0,0.0,0.0,0.0,8.0
-0.2985,5.697264249500669,0.32505391204350137,0.6525432035781236,0.019990457864763344,0.0005718256032645994,1.2699003121256166e-05,6.799123663849587e-05,5.119597913135785e-06,-5.078397163133525e-08,0.0,0.0,0.0,0.0,8.0
-0.2955000000000001,5.680776306283142,0.32907543578355697,0.6488721728638223,0.019793395030919658,0.0005746193458199051,1.3506029485366577e-05,6.702319571566095e-05,5.123361231878049e-06,-3.988347321815854e-08,0.0,0.0,0.0,0.0,8.0
-0.2925,5.664312829302444,0.33308953017485765,0.6452210030590524,0.019593781582935562,0.0005772110176797906,1.4274256904603044e-05,6.604221028361088e-05,5.123532560950197e-06,-2.921403389638529e-08,0.0,0.0,0.0,0.0,8.0
-0.2895000000000001,5.6478774846356,0.3370952742439234,0.6415905007173389,0.019391655031473703,0.0005796114070270213,1.5004141000638939e-05,6.504910356569972e-05,5.12016891457108e-06,-1.876067921065041e-08,0.0,0.0,0.0,0.0,8.0
-0.2865,5.6314740202185405,0.34109172515740427,0.6379814848716626,0.019187049003545637,0.0005818310518557817,1.5696077885645036e-05,6.404468512043639e-05,5.113313427120145e-06,-8.507795901455089e-09,0.0,0.0,0.0,0.0,8.0
-0.2835000000000001,5.615106270173134,0.3450779171523396,0.6343947877651982,0.01897999338060344,0.0005838802264452946,1.6350402891726746e-05,6.302975583395851e-05,5.102995060985492e-06,1.5611371596159705e-09,0.0,0.0,0.0,0.0,8.0
-0.28049999999999997,5.598778159118422,0.34905286048118755,0.6308312555512574,0.018770514463848725,0.0005857689316209505,1.6967392599061065e-05,6.200511467842373e-05,5.08922860846423e-06,1.146390422506081e-08,0.0,0.0,0.0,0.0,8.0
-0.2775000000000001,5.5824937064454385,0.3530155403783897,0.6272917489538372,0.018558635165783217,0.0005875068853303514,1.7547268257517948e-05,6.097156643006699e-05,5.072014713840259e-06,2.1219948665547288e-08,0.0,0.0,0.0,0.0,8.0
-0.27449999999999997,5.566257030531886,0.356964916056108,0.6237771438792856,0.018344375227822316,0.0005891035105743221,1.809019908841019e-05,5.992992974383661e-05,5.051339709256245e-06,3.085077826188725e-08,0.0,0.0,0.0,0.0,8.0
-0.2715000000000001,5.550072352869635,0.36089991973778424,0.6202883319687931,0.018127751465077245,0.0005905679185545203,1.8596304487379222e-05,5.88810452317211e-05,5.027175135231713e-06,4.038036355271161e-08,0.0,0.0,0.0,0.0,8.0
-0.26849999999999996,5.533944002074711,0.36481945573928337,0.6168262210805223,0.017908778040767934,0.0005919088857285363,1.906565465979193e-05,5.782578342035038e-05,4.999476883999366e-06,4.9835525971125955e-08,0.0,0.0,0.0,0.0,8.0
-0.26550000000000007,5.51787641774581,0.36872239960856434,0.6133917356891483,0.01768746677387761,0.0005931348241093595,1.9498269610789005e-05,5.6765052633143364e-05,4.96818395108773e-06,5.9246321628900986e-08,0.0,0.0,0.0,0.0,8.0
-0.26249999999999996,5.501874154133711,0.3726075973360609,0.6099858171893642,0.017463827484498897,0.0005942537445415314,1.9894116654351065e-05,5.569980694419979e-05,4.933216806236817e-06,6.86464317943445e-08,0.0,0.0,0.0,0.0,8.0
-0.25950000000000006,5.485941883580136,0.3764738646492355,0.6066094240885492,0.017237868381836254,0.0005952732128481628,2.0253106719327017e-05,5.4631054394976275e-05,4.894475402461398e-06,7.80735732237354e-08,0.0,0.0,0.0,0.0,8.0
-0.25649999999999995,5.470084399680753,0.3803199864060772,0.6032635320723734,0.01700959650008226,0.0005962002987273406,2.0575089756696964e-05,5.355986566861035e-05,4.851836837696126e-06,8.756994173833479e-08,0.0,0.0,0.0,0.0,8.0
-0.25350000000000006,5.4543066201232815,0.3841447161036291,0.5999491339256905,0.016779018187439713,0.0005970415171512142,2.085984953669745e-05,5.2487383397954844e-05,4.8051526724240726e-06,9.718270193087488e-08,0.0,0.0,0.0,0.0,8.0
-0.25049999999999994,5.438613589148049,0.38794677551890955,0.5966672392897616,0.016546139653461824,0.0005978027618342651,2.1107098104194215e-05,5.141483225550055e-05,4.754245892949652e-06,1.0696453546616743e-07,0.0,0.0,0.0,0.0,8.0
-0.24750000000000005,5.4230104795750185,0.39172485450079914,0.5934188742357487,0.016310967579650212,0.000598489230116999,2.1316470161834084e-05,5.0343529943871496e-05,4.698907495688426e-06,1.1697426065723104e-07,0.0,0.0,0.0,0.0,8.0
-0.24449999999999994,5.407502594338081,0.39547761093253847,0.5902050806336206,0.016073509797870693,0.0005991053383696272,2.1487517689544647e-05,4.92748991772714e-05,4.6388926537376404e-06,1.2727753715378473e-07,0.0,0.0,0.0,0.0,8.0
-0.24150000000000005,5.392095367464256,0.39920367088539227,0.5870269152952532,0.015833776040572133,0.0005996546267505082,2.161970519668576e-05,4.821048071653559e-05,4.5739164128178605e-06,1.3794767183572374e-07,0.0,0.0,0.0,0.0,8.0
-0.23849999999999993,5.376794364431651,0.40290162898474,0.5838854488707126,0.015591778765950979,0.0006001396518475593,2.1712406148289555e-05,4.7151947490624645e-05,4.503648848656586e-06,1.4906654549714954e-07,0.0,0.0,0.0,0.0,8.0
-0.23550000000000004,5.361605281834985,0.40657004901036686,0.5807817644776512,0.015347534059968528,0.0006005618653774222,2.1764901320898444e-05,4.6101119801152856e-05,4.427709600973653e-06,1.6072568484064335e-07,0.0,0.0,0.0,0.0,8.0
-0.23249999999999993,5.3465339462789805,0.4102074647531106,0.5777169560456538,0.01510106261530012,0.000600921476705214,2.1776380145296507e-05,4.505998155826048e-05,4.345661679066769e-06,1.7302751102589716e-07,0.0,0.0,0.0,0.0,8.0
-0.22950000000000004,5.331586312405773,0.4138123811503924,0.5746921263605657,0.014852390784583948,0.0006012172964727538,2.174594651230811e-05,4.403069742785875e-05,4.2570044088852045e-06,1.8608680514414597e-07,0.0,0.0,0.0,0.0,8.0
-0.22649999999999992,5.316768459937592,0.41738327572382,0.5717083847987707,0.014601551701247014,0.000601446558079025,2.167263110495203e-05,4.301563067019722e-05,4.16116535895029e-06,2.0003244355755392e-07,0.0,0.0,0.0,0.0,8.0
-0.22350000000000003,5.302086589573303,0.4209186003434439,0.5687668447487693,0.014348586454990545,0.0006016047131393059,2.1555413152671234e-05,4.201736130059207e-05,4.057491038916788e-06,2.1500947365442198e-07,0.0,0.0,0.0,0.0,8.0
-0.22049999999999992,5.287547017505098,0.4244167833462349,0.5658686207282257,0.014093545299569549,0.0006016851963577671,2.1393255702458376e-05,4.1038703978623025e-05,3.945236104648138e-06,2.3118162571559644e-07,0.0,0.0,0.0,0.0,8.0
-0.21750000000000003,5.2731561682007735,0.4278762320423556,0.5630148252203725,0.013836488856056156,0.0006016791545008307,2.118516024831799e-05,4.008272469193015e-05,3.823550719538229e-06,2.487343930150893e-07,0.0,0.0,0.0,0.0,8.0
-0.2144999999999999,5.258920564897141,0.4312953356543388,0.5602065652763417,0.013577489252633324,0.000601575133405785,2.0930249124435505e-05,3.915275478428096e-05,3.691465602117625e-06,2.6787886552030365e-07,0.0,0.0,0.0,0.0,8.0
-0.21150000000000002,5.244846816922021,0.4346724687556132,0.5574449389626179,0.013316631107944336,0.0006013587163534245,2.0627887846378486e-05,3.825240009121978e-05,3.54787411838509e-06,2.888565808734518e-07,0.0,0.0,0.0,0.0,8.0
-0.2084999999999999,5.230941602426596,0.43800599531311013,0.5547310317797121,0.013054012212522049,0.0006010121069869469,2.0277865174596315e-05,3.738554174652452e-05,3.391510529994914e-06,3.1194577205392376e-07,0.0,0.0,0.0,0.0,8.0
-0.20550000000000002,5.217211644240266,0.4412942735056739,0.5520659132458355,0.012789743681404786,0.0006005136508896342,1.9880656974488425e-05,3.655632338457873e-05,3.220923151179246e-06,3.374695629591386e-07,0.0,0.0,0.0,0.0,8.0
-0.2024999999999999,5.2036636751552985,0.4445356616044848,0.5494506339380316,0.012523949224055699,0.000599837293005226,1.9437812344896947e-05,3.5769116637619406e-05,3.034440644466858e-06,3.6580691986753994e-07,0.0,0.0,0.0,0.0,8.0
-0.1995,5.190304386693259,0.4477285253930746,0.5468862234292725,0.01225676297863967,0.0005989519750383903,1.8952519152059054e-05,3.5028452463679185e-05,2.8301289144166672e-06,3.9740755317734035e-07,0.0,0.0,0.0,0.0,8.0
-0.1964999999999999,5.177140351806487,0.4508712479179791,0.5443736897804776,0.011988325044445141,0.0005978209904677378,1.8430434480730583e-05,3.433889907986764e-05,2.6057349070390478e-06,4.3281255039303203e-07,0.0,0.0,0.0,0.0,8.0
-0.1935,5.164177906258837,0.45396224286568015,0.5419140215858758,0.011718773351839582,0.0005964013388124112,1.7880909114698197e-05,3.3704856756474205e-05,2.3586118764539377e-06,4.7268342007606217e-07,0.0,0.0,0.0,0.0,8.0
-0.1904999999999999,5.151422964406093,0.45699997366403783,0.5395081941022054,0.011448229726347585,0.0005946431613243329,1.7318802947297213e-05,3.3130223269067733e-05,2.0856179897339557e-06,5.17843618470583e-07,0.0,0.0,0.0,0.0,8.0
-0.1875,5.138880730826157,0.45998298167765833,0.5371571818375648,0.011176776756735805,0.0005924894070736419,1.676719503837206e-05,3.261785780842613e-05,1.7829759234245926e-06,5.693388161237688e-07,0.0,0.0,0.0,0.0,8.0
-0.1845000000000001,5.126555246523987,0.4629099288949465,0.5348619813317407,0.01090442006897197,0.0005898759891137954,1.626146314555958e-05,3.216872941769127e-05,1.4460743674028574e-06,6.285256574578911e-07,0.0,0.0,0.0,0.0,8.0
-0.1815,5.114448671690904,0.4657796638066,0.5326236500525123,0.01063102731314986,0.0005867328801706412,1.5855487409986842e-05,3.178056743613413e-05,1.0691813490940711e-06,6.972044937070557e-07,0.0,0.0,0.0,0.0,8.0
-0.1785000000000001,5.102560146216078,0.4685913247157467,0.5304433709111003,0.010356229629520323,0.0005829869382638049,1.5631201731333295e-05,3.1445715413940574e-05,6.450208870290299e-07,7.778212171839457e-07,0.0,0.0,0.0,0.0,8.0
-0.1755,5.0908839660671985,0.4713445043050017,0.5283225578161237,0.010079261812191043,0.0005785678874248397,1.5713519756917596e-05,3.1147688690088815e-05,1.6413301955159388e-07,8.737799736363506e-07,0.0,0.0,0.0,0.0,8.0
-0.1725000000000001,5.079406635935408,0.4740395161246007,0.5262630276203712,0.00979870073957738,0.0005734200573824702,1.629405458679186e-05,3.085558353280533e-05,-3.861171085409065e-07,9.899375195942619e-07,0.0,0.0,0.0,0.0,8.0
-0.16949999999999998,5.068102054052794,0.4766778327384761,0.5242672807134874,0.009512033058136736,0.0005675245461232275,1.7669432031002312e-05,3.051488325441731e-05,-1.0231081242445662e-06,1.1333994418755083e-06,0.0,0.0,0.0,0.0,8.0
-0.1665000000000001,5.056923586240886,0.4792628121460253,0.5223389612368637,0.00921493692110074,0.000560939573631536,2.030385808867072e-05,3.0032249101584408e-05,-1.771486406912656e-06,1.3148173520875063e-06,0.0,0.0,0.0,0.0,8.0
-0.16349999999999998,5.045791064021991,0.48180089428680617,0.5204836137833849,0.00890009701555708,0.0005538705787260495,2.493119593650866e-05,2.9250534954394882e-05,-2.6672407810228492e-06,1.5504982574875167e-06,0.0,0.0,0.0,0.0,8.0
-0.1605000000000001,5.034564296192079,0.48430343746613,0.5187104782352102,0.008555434597050984,0.000546637966590583,3.2707499089717644e-05,2.7920037892212057e-05,-3.7641425923412798e-06,1.8649545952817866e-06,0.0,0.0,0.0,0.0,8.0
-0.15749999999999997,5.0259475391008595,0.4868427122817046,0.5167148146258279,0.007983799029263402,0.0005733971634926422,4.729487587222058e-05,2.1088359528493408e-05,-4.939192588750616e-06,2.6926747336588436e-06,0.0,0.0,0.0,0.0,8.0
-0.15450000000000008,5.0247330693085175,0.487289614658709,0.5160736979546169,0.008080015511756682,0.0004942409648410501,3.446775365093863e-05,2.3081615490534432e-05,-4.777632614962617e-06,2.9305949360780594e-06,0.0,0.0,0.0,0.0,8.0
-0.15149999999999997,5.00845582953435,0.49098370797303437,0.5132890216853192,0.008027930908841803,0.0006260802188023188,-3.0439336029245203e-06,1.9318926115211646e-05,-1.6321953341096442e-06,2.953844857631872e-06,-4.3530713430279133e-07,1.488507524294033e-07,-2.760255631386183e-08,3.176157789224215e-09,12.0
-0.14850000000000008,4.998694855801786,0.49319745648073743,0.5117179962816013,0.007712565967781297,0.0006113434199134595,-1.4935931115209942e-06,2.0527649588720455e-05,-2.2001425772083062e-06,3.0222394562411274e-06,-5.023713081273516e-07,1.6479339256603382e-07,-2.987284358912435e-08,3.4914763766594555e-09,12.0
-0.14549999999999996,4.989257784256336,0.49533607119227047,0.5102053848893355,0.007406657999749828,0.0005985950807461386,-4.698966013367499e-07,2.1552035752817234e-05,-2.789596941481006e-06,3.1225481384439622e-06,-5.725418363987304e-07,1.8111363095772416e-07,-3.245902322715422e-08,3.871499861610572e-09,12.0
-0.14250000000000007,4.980144216541745,0.49739962045615466,0.5087507887583367,0.007110134621767459,0.0005874147434130237,-1.626639311538443e-08,2.2457659268160204e-05,-3.392388643315743e-06,3.24981356308958e-06,-6.469421296752389e-07,1.9826969541736717e-07,-3.53406300842129e-08,4.297773169907011e-09,12.0
-0.13949999999999996,4.9713406093241055,0.49938969987826665,0.5073541494017515,0.0068217375756327485,0.00057743713214925,-2.8357971533562153e-08,2.328887806339098e-05,-4.014450113455408e-06,3.4019764585871088e-06,-7.258536853866013e-07,2.1648734829201976e-07,-3.853569614798402e-08,4.7683179783057265e-09,12.0
-0.13650000000000007,4.962835552142177,0.5013077013985516,0.5060152408779323,0.006540545406123285,0.0005683753096234164,-4.280806629102566e-07,2.408148725422099e-05,-4.660547561092202e-06,3.5776369710309178e-06,-8.096033976505832e-07,2.3596625550646827e-07,-4.206336111068815e-08,5.282603679020208e-09,12.0
-0.13349999999999995,4.954619364829966,0.5031548873277726,0.5047336662430113,0.006265898028759623,0.0005600097178781686,-1.1579406608629566e-06,2.4864257986360757e-05,-5.334555573881137e-06,3.775928698771969e-06,-8.985562124744823e-07,2.5688720709261744e-07,-4.594401160393277e-08,5.841242793538143e-09,12.0
-0.13050000000000006,4.946683649361464,0.5049324529760679,0.5035088683915265,0.0059973311013013005,0.0005521765202889643,-2.1761256245037466e-06,2.5660330390831947e-05,-6.039703417279093e-06,3.996410959502251e-06,-9.931075077271726e-07,2.7941785723599085e-07,-5.0199442867319916e-08,6.44575903023471e-09,12.0
-0.12749999999999995,4.939020878845677,0.5066415746144416,0.5023401467749813,0.005734524366121128,0.0005447567365814671,-3.4527558282730903e-06,2.6488426977097567e-05,-6.778754727568074e-06,4.238975226640143e-06,-1.0936771203773314e-06,3.0371744259910795e-07,-5.485296643872609e-08,7.098395746164781e-09,12.0
-0.12450000000000006,4.931624049186887,0.5082834450559163,0.5012266753223212,0.0054772618152540645,0.0005376670488179871,-4.967072990202278e-06,2.7363836129716136e-05,-7.55413123312785e-06,4.50376709550146e-06,-1.2007044492597358e-06,3.2994039561238916e-07,-5.992946654456765e-08,7.8019654346563e-09,12.0
-0.12149999999999994,4.924486401224104,0.5098592993077179,0.5001675191265208,0.0052254011869214845,0.0005308525501873469,-6.705338212142552e-06,2.8299160588842427e-05,-8.367991175847324e-06,4.791122431335265e-06,-1.314644062405405e-06,3.582388945044038e-07,-6.545540765164707e-08,8.559735597664469e-09,12.0
-0.11850000000000005,4.917601208165371,0.5113704325135089,0.4991616491874339,0.004978850483070718,0.0005242812814881113,-8.65924307286491e-06,2.930485700488977e-05,-9.222271632134716e-06,5.101514670457849e-06,-1.4359613192871976e-06,3.8876447359477544e-07,-7.145879479248793e-08,9.375343260417933e-09,12.0
-0.11549999999999994,4.91096161692243,0.512818211995434,0.4982079554535054,0.0047375496233710394,0.0005179402062616162,-1.0824682838192302e-05,3.0389606061025428e-05,-1.0118702226160947e-05,5.435509877222728e-06,-1.5651276536952962e-06,4.216688492169398e-07,-7.79690886831295e-08,1.0252729960268175e-08,12.0
-0.11250000000000004,4.904560530874153,0.5142040847755266,0.4973052587506788,0.004501455821007088,0.0005118322523014502,-1.3200786018937858e-05,3.15605542526304e-05,-1.1058796639569322e-05,5.793726773789711e-06,-1.7026153471728437e-06,4.57104123449642e-07,-8.50170806060989e-08,1.119609049621705e-08,12.0
-0.10949999999999993,4.898390523204846,0.5155295815867971,0.49645232218844104,0.004270531670112072,0.0005059741133159911,-1.5789135058534483e-05,3.282346550152489e-05,-1.204382833533468e-05,6.176800165500377e-06,-1.8488918635885708e-06,4.952225364947813e-07,-9.26347384994259e-08,1.2209831179080474e-08,12.0
-0.10650000000000004,4.892443772443281,0.5167963181020727,0.4956478624951814,0.004044735235874066,0.0005003946009833936,-1.859314830230058e-05,3.418281848691805e-05,-1.3074798224743228e-05,6.585347725744806e-06,-2.0044141251693292e-06,5.361759672124702e-07,-1.0085504630549074e-07,1.329853621392474e-08,12.0
-0.10349999999999993,4.886712014175553,0.5180059939085125,0.49489056157554695,0.0038240116392170864,0.0004951334335239878,-2.1617625062073613e-05,3.564188640961459e-05,-1.4152404600904264e-05,7.019941854284422e-06,-2.1696234973637566e-06,5.801154380598364e-07,-1.0971187355056762e-07,1.4466943920253145e-08,12.0
-0.10050000000000003,4.881186504741189,0.5191603896209628,0.4941790784520217,0.0036082857486036623,0.0004902404305040347,-2.486848506565181e-05,3.720284039159411e-05,-1.5277029339128664e-05,7.481090211450586e-06,-2.344942708782608e-06,6.271909647753898e-07,-1.1923993084059768e-07,1.5719937643932232e-08,12.0
-0.09749999999999992,4.875857994009562,0.5202613624398228,0.4935120616633804,0.0033974556558281892,0.0004857751525446646,-2.8352761314954562e-05,3.886692501364156e-05,-1.64487587154889e-05,7.969230464775742e-06,-2.530776435585873e-06,6.775521942277624e-07,-1.294748880424573e-07,1.7062559325489626e-08,12.0
-0.09450000000000003,4.870716705177149,0.5213108404039477,0.4928881621376639,0.003191386642936792,0.0004818070789752948,-3.2078930128743246e-05,4.0634762807161746e-05,-1.7667461559660665e-05,8.484746593132734e-06,-2.727517770784413e-06,7.313503802011495e-07,-1.404537527852042e-07,1.8500056541184155e-08,12.0
-0.09149999999999991,4.865752320058983,0.5223108155558357,0.4923060465246475,0.0029899053632245075,0.00047841645466116257,-3.605768073963032e-05,4.2506851269184066e-05,-1.8932950890213186e-05,9.028015496449504e-06,-2.935563189736752e-06,7.887423336817139e-07,-1.5221562369666705e-07,2.0037976047149685e-08,12.0
-0.08850000000000002,4.8609539686818195,0.5232633362182553,0.4917644109500137,0.0027927939785842124,0.0004756959543697229,-4.030323423148596e-05,4.448431795468153e-05,-2.024525645383697e-05,9.599493266643327e-06,-3.1553387957391513e-06,8.498970223858384e-07,-1.6480294045793393e-07,2.168231789784238e-08,12.0
-0.08549999999999991,4.856310222197672,0.5241704985748208,0.49126199512990854,0.0025997840356828793,0.0004737533009313121,-4.483531140798192e-05,4.6569992784559925e-05,-2.160503327762237e-05,1.0199849818560822e-05,-3.3873404464566305e-06,9.150054509951146e-07,-1.7826334556348406e-07,2.343976344095077e-08,12.0
-0.08250000000000002,4.851809088267369,0.5250344377499376,0.4907975967513517,0.0024105499416315784,0.0004727149218196003,-4.968181437494641e-05,4.876983821330236e-05,-2.301412398797059e-05,1.0830158175761807e-05,-3.63218968501647e-06,9.842942966832266e-07,-1.926522449889026e-07,2.5317987278515466e-08,12.0
-0.0794999999999999,4.847438008136458,0.5258573185953316,0.4903700859734282,0.0022247020317424718,0.0004727306275074106,-5.4882220925146084e-05,5.109474420803373e-05,-2.4476279032442382e-05,1.1492140157938049e-05,-3.890706118854634e-06,1.0580434791339667e-06,-2.0803610249861923e-07,2.7326057149654867e-08,12.0
-0.07650000000000001,4.843183854651308,0.5266413264109825,0.4899784198298745,0.002041779419379593,0.0004739791370976468,-6.049159041231105e-05,5.3562644359865e-05,-2.5998018434376097e-05,1.218846333795019e-05,-4.163994957975034e-06,1.136607400760898e-06,-2.2449642358718817e-07,2.947491648859546e-08,12.0
-0.0734999999999999,4.839032930449558,0.5273886578577655,0.48962165621128095,0.0018612430845842522,0.0004766740620813859,-6.658494534460323e-05,5.620084247153534e-05,-2.7589591670399452e-05,1.2923075083902549e-05,-4.453545895196102e-06,1.2204390152636921e-06,-2.42134282844199e-07,3.177793250670119e-08,12.0
-0.07050000000000001,4.834970965515036,0.5281015123570119,0.48929896697429487,0.0016824699849908378,0.00048106969789062093,-7.326163159983107e-05,5.904835950476872e-05,-2.9265960388129956e-05,1.3701548891529472e-05,-4.761336567656627e-06,1.310115215226015e-06,-2.610751310971946e-07,3.4251479042985675e-08,12.0
-0.0674999999999999,4.830983113223817,0.5287820843166413,0.4890096495722371,0.001504749332613851,0.00048746568920442684,-8.064908736978633e-05,6.215802665417225e-05,-3.104769525475651e-05,1.4531407184667327e-05,-5.089930809708561e-06,1.4063613492608572e-06,-2.8147350005645166e-07,3.6915509805542875e-08,12.0
-0.0645,4.827053943938557,0.5294325565701109,0.48875313644227286,0.001327282524538573,0.0004962093686032552,-8.89052911078454e-05,6.559797353205489e-05,-3.296164811209602e-05,1.5422374961179543e-05,-5.442559254714573e-06,1.5100720926594475e-06,-3.0351712143696613e-07,3.9794066244210385e-08,12.0
-0.06150000000000011,4.823167435148479,0.530055095455027,0.4885290012467992,0.0011491884719738313,0.0005076943747672918,-9.821904469722729e-05,6.945210659826614e-05,-3.5041239948449204e-05,1.6386512105357095e-05,-5.823168120354091e-06,1.6223255272561234e-06,-3.2742991664396757e-07,4.291565772271572e-08,12.0
-0.058499999999999996,4.819306957121415,0.5306518479799621,0.488336960992614,0.0009695161468814317,0.0005223541040502886,-0.00010880721838584497,7.381915975837272e-05,-3.7326200706778394e-05,1.743817101019912e-05,-6.2364217857527335e-06,1.7443872604723184e-06,-3.5347331347398805e-07,4.631345235752659e-08,12.0
-0.055500000000000105,4.8154552530543056,0.5312249415127241,0.4881768730948927,0.0007872659516204603,0.0005406487110070861,-0.00012090817826614402,7.8809943790038e-05,-3.986161489134997e-05,1.8593732241643828e-05,-6.687646515060214e-06,1.8777018294847756e-06,-3.8194542427990815e-07,5.0025226681970114e-08,12.0
-0.05249999999999999,4.811594412803247,0.5317764863485362,0.4880487266762451,0.0006014209099035525,0.0005630448153516373,-0.00013477086848144346,8.454253745314785e-05,-4.269617177639792e-05,1.987108553919794e-05,-7.182706668065459e-06,2.0238695420146647e-06,-4.1317778237493913e-07,5.409304180909399e-08,12.0
-0.0495000000000001,4.807705839464612,0.5323085813580933,0.48795262785526683,0.00041098759697680076,0.0005899878375308036,-0.00015063944697992081,9.113535658341811e-05,-4.587959200963041e-05,2.1288846579987875e-05,-7.727810912815504e-06,2.184608273770607e-06,-4.475295732676946e-07,5.856264199752545e-08,12.0
-0.046499999999999986,4.8037702083746225,0.532823322652242,0.487888779529626,0.00021504514815325683,0.0006218679727331147,-0.00016873396879946067,9.869830239587381e-05,-4.945930031962732e-05,2.286533028436591e-05,-8.329253873768082e-06,2.3617014595376686e-06,-4.853795922678237e-07,6.348260560721028e-08,12.0
-0.043500000000000094,4.799767418481052,0.5333228148219379,0.48785745720653534,1.2798670333432991e-05,0.0006589821623557086,-0.00018922833468634006,0.00010732250642887517,-5.34765284258224e-05,2.4617336066757374e-05,-8.993107459967818e-06,2.556935379062082e-06,-5.271164730166388e-07,6.89033137702672e-08,12.0
-0.04049999999999998,4.7956765364630245,0.5338091838294486,0.48785898373216774,-0.0001963688883624072,0.0007014958957909757,-0.00021222749759534318,0.00011706952146427443,-5.796214948343982e-05,2.6558834935210524e-05,-9.724884626284157e-06,2.772030581878363e-06,-5.731280149183561e-07,7.487583289292904e-08,12.0
-0.03750000000000009,4.791475734324531,0.5342845900803748,0.4878937071971177,-0.0004128545636287037,0.0007494100578685303,-0.00023774663129451885,0.0001279611063786029,-6.29326478050212e-05,2.8699677330379742e-05,-1.0529205139293033e-05,3.0085736193316536e-06,-6.237906402399182e-07,8.1450827245317e-08,12.0
-0.034499999999999975,4.787142221294784,0.5347512396755186,0.4879619876329196,-0.0006368127471147046,0.0008025390463409458,-0.00026569547379468093,0.00013997096128292655,-6.83866957928272e-05,3.104445849297406e-05,-1.140949669278146e-05,3.2679558821420425e-06,-6.794600888524853e-07,8.867762217167876e-08,12.0
-0.031500000000000083,4.7826521705077,0.5352113914475776,0.4880641990639643,-0.0008681626137032011,0.0008605067050525102,-0.0002958712169819772,0.00015301983151097773,-7.430282620744356e-05,3.359168022934289e-05,-1.2367764392863519e-05,3.551326083433067e-06,-7.404643813988451e-07,9.660352380798348e-08,12.0
-0.02849999999999997,4.777980639839289,0.5356673572844135,0.48820075368202054,-0.0011066351816713534,0.0009227659600587523,-0.0003279629970449342,0.00016697527125709053,-8.063863976743914e-05,3.633333143024241e-05,-1.3404456721473645e-05,3.8595617187476875e-06,-8.07099846032506e-07,1.052734678205996e-07,12.0
-0.025500000000000078,4.773101484185104,0.536121493595787,0.48837215401346556,-0.0013518666437859666,0.0009886462094587738,-0.0003615701750030464,0.00018165701999936696,-8.733187234929159e-05,3.9254974680326175e-05,-1.4518446860877585e-05,4.19326278128851e-06,-8.796306353149353e-07,1.1473002163984961e-07,12.0
-0.022499999999999964,4.767987253139773,0.5365761827377734,0.488579076695673,-0.001603539502807001,0.0010574294724288759,-0.0003962351912109094,0.0001968484102082641,-9.430347082338509e-05,4.233637619222722e-05,-1.5707135811038648e-05,4.552768386399749e-06,-9.582917125762469e-07,1.2501370974141923e-07,12.0
-0.019500000000000073,4.762609063433568,0.5370338048349442,0.48882248781976256,-0.0018615660304600328,0.0011284522468252899,-0.0004314899404011762,0.0002123135427477984,-0.00010146261140322338,4.555265760834164e-05,-1.6966669844849225e-05,4.938194170628693e-06,-1.0432948361186049e-06,1.361635801521715e-07,12.0
-0.01649999999999996,4.756936429881596,0.5374967026569393,0.48910378499155704,-0.002126300398256181,0.0012012254108448174,-0.0004669125543239898,0.00022781921921528816,-0.00010871336783570969,4.887588949391772e-05,-1.8292251704224822e-05,5.349485842923166e-06,-1.1348366967628566e-06,1.4821789356524655e-07,12.0
-0.013500000000000068,4.750937032945113,0.5379671447291421,0.48942495593076746,-0.0023987577395472495,0.0012755600164409105,-0.0005021894890424999,0.00024315991215461438,-0.00011596253132786945,5.227699655441008e-05,-1.967851467361823e-05,5.786482504525665e-06,-1.2331081393534062e-06,1.61214803228118e-07,12.0
-0.010499999999999954,4.744576397058632,0.5384472941768517,0.48978873851607385,-0.0026808119765517483,0.0013516832918419942,-0.0005371762269067575,0.0002581834928590149,-0.00012312792996793654,5.572781120427253e-05,-2.111992288302973e-05,6.248982606285808e-06,-1.3383033620751901e-06,1.7519290836309315e-07,12.0
-0.007500000000000062,4.737817454010611,0.5389391922542581,0.490198763828759,-0.002975341155064526,0.0014303274396942802,-0.0005719490375562285,0.00027281511544438385,-0.00013014651452991426,5.920309945998199e-05,-2.261116059885497e-05,6.736805750701638e-06,-1.4506281368156306e-06,1.9019160395294253e-07,12.0
-0.0044999999999999485,4.73061997202796,0.5394447654507936,0.4906596630594706,-0.003286290703265128,0.0015127745671117327,-0.0006068403377207427,0.00028707663581919166,-0.00013698147998480987,6.268239172918992e-05,-2.414747751701231e-05,7.249844809215371e-06,-1.5703063833973281e-06,2.0625120609029312e-07,12.0
-0.0015000000000000568,4.722939844787156,0.5399658630843555,0.4911771219246188,-0.003618632275692161,0.0016008446573383792,-0.000642451352538391,0.0003010992431678297,-0.00014362777510145642,6.615147779387506e-05,-2.572496491826182e-05,7.78810465890766e-06,-1.6975847807494032e-06,2.234128902901303e-07,12.0
0.0015000000000000568,4.714728255028913,0.5405043283183454,0.49175787268039556,-0.003978208438781007,0.001696819753030201,-0.0006796379561229037,0.0003151275735572629,-0.00015011550260126628,6.960346444145036e-05,-2.7340747182893508e-05,8.351725800468424e-06,-1.832735415829478e-06,2.4171852353463344e-07,12.0
0.0044999999999999485,4.705930753812866,0.5410620998815268,0.4924096232326747,-0.0043714698732851215,0.001803305792359514,-0.0007194685411995507,0.00032951439627217966,-0.00015651090827995798,7.303933901143208e-05,-2.8993082763544704e-05,8.94099278985984e-06,-1.9760566743114665e-06,2.6121048456360556e-07,12.0
0.007500000000000062,4.696486326933468,0.5416413351707079,0.4931409335800734,-0.004805129285511513,0.0019230426655918987,-0.0007631561828171682,0.00034470592060728734,-0.00016291487490641116,7.646802631948049e-05,-3.0681376869117077e-05,9.556328529955081e-06,-2.1278726182332093e-06,2.81931542785868e-07,12.0
0.010499999999999954,4.68632655038734,0.5422445391791969,0.49396105958871883,-0.005285771500688846,0.0020586815803248708,-0.0008119707566769499,0.0003612187517734247,-0.00016945905217601696,7.990596544031939e-05,-3.240611405667575e-05,1.0198275948030635e-05,-2.28853097748094e-06,3.0392480648027155e-07,12.0
0.013500000000000068,4.675374960158167,0.5428746794657711,0.49487979047882713,-0.005819469059680625,0.0022125552162046637,-0.0008671395356031241,0.00037961040995783754,-0.00017629994765388005,8.337626416568836e-05,-3.4168722541197896e-05,1.0867468534192065e-05,-2.458399656531206e-06,3.272336694634187e-07,12.0
0.01649999999999996,4.663546771810748,0.5435352664675425,0.4959073075204662,-0.006411454567114411,0.002386469111202299,-0.0009297466524829444,0.0004004460067961832,-0.00018361145905625042,8.690751152438219e-05,-3.5971383668339834e-05,1.1564590865544246e-05,-2.637861409671509e-06,3.5190160389517175e-07,12.0
0.019500000000000073,4.650749079353386,0.5442303813501794,0.49705408646970267,-0.007065893897222645,0.002581541460852357,-0.001000642357878539,0.0004242640637263305,-0.00019157643259900745,9.053234231525675e-05,-3.781680023381636e-05,1.2290329862156113e-05,-2.8273061573877944e-06,3.779715894560509e-07,12.0
0.022499999999999964,4.636881639056158,0.5449646399940721,0.4983308559121222,-0.007785789005028399,0.0027981129834556543,-0.0010803720789278404,0.00045154450731513436,-0.00020037787846158503,9.428585271683875e-05,-3.970793674745579e-05,1.3045317331322008e-05,-3.027120375845186e-06,4.0548495625946433e-07,12.0
0.025500000000000078,4.621838303032365,0.5457430905373216,0.4997486101228374,-0.008573018315312875,0.0030357394654863647,-0.00116913299610218,0.00048268158368663965,-0.00021019046239225227,9.820396388522136e-05,-4.164774378043781e-05,1.3830064468560835e-05,-3.237673123153053e-06,4.34479460821641e-07,12.0
0.02849999999999997,4.605509113598384,0.5465710513048546,0.5013186614803197,-0.009428500506449217,0.0032932684898386794,-0.0012667625248515627,0.0005179638431956217,-0.00022117282796556997,0.00010232182257864472,-4.3638877524637364e-05,1.4644889399244756e-05,-3.4592985536380523e-06,4.649865067431278e-07,12.0
0.031500000000000083,4.5877830082438615,0.5474539040624862,0.5030527072176041,-0.010352448425378677,0.0035689905164678986,-0.0013727592173136043,0.0005575625426680544,-0.00023346119838637872,0.00010667231615229766,-4.568342484079494e-05,1.5489839474825686e-05,-3.6922751569049517e-06,4.970275464497382e-07,12.0
0.034499999999999975,4.568551023203998,0.5483968628329576,0.5049628808724393,-0.011344667558025831,0.003860844805197849,-0.001486332762746673,0.0006015289055277182,-0.0002471645739797299,0.00011128476548234716,-4.7782643477990494e-05,1.6364610747510167e-05,-3.936802361019644e-06,5.306098303457507e-07,12.0
0.03750000000000009,4.5477098281228985,0.5494047402653738,0.5070617611691086,-0.012404849977357975,0.004166654157400289,-0.0016064765131838777,0.0006497997841321173,-0.0002623616953658002,0.00011618384463451346,-4.993672678258272e-05,1.726846769821798e-05,-4.192975478879242e-06,5.65721776847648e-07,12.0
0.04049999999999998,4.525165381746104,0.5504817319211022,0.5093623193889374,-0.01353281996152139,0.004484359970492742,-0.001732053718162412,0.000702210484982261,-0.0002790997945515229,0.00012138876071496392,-5.214460190889877e-05,1.8200166772973305e-05,-4.460760196791919e-06,6.023282997359446e-07,12.0
0.043500000000000094,4.500836474400594,0.5516312347326144,0.5118777982536779,-0.014728699597195744,0.004812230740736734,-0.0018618876572017542,0.0007585129231605351,-0.00029739501657223463,0.00012691271111365146,-5.4403770012190424e-05,1.9157887522300725e-05,-4.739967883034985e-06,6.403664394432128e-07,12.0
0.046499999999999986,4.474657920769698,0.5528557105803248,0.5146215279406144,-0.01599297853545302,0.005149022300581738,-0.00199484614257873,0.0008183969155527401,-0.0003172342718367129,0.00013276261809774475,-5.67101958418429e-05,2.013917511030961e-05,-5.030232945724648e-06,6.797416074686616e-07,12.0
0.0495000000000001,4.4465831874216875,0.5541566006128547,0.5176066952475505,-0.017326488216691287,0.005494075616021776,-0.0021299122756080276,0.0008815123226755048,-0.0003385781829371659,0.00013893912287177082,-5.905825235838482e-05,2.1140897677125427e-05,-5.330993332017617e-06,7.203246837076235e-07,12.0
0.05249999999999999,4.4165862823356825,0.5555342914060817,0.5208460882226374,-0.01873029442043188,0.005847346547327869,-0.002266235590129257,0.0009474898990370841,-0.00036136472804446963,0.00014543680409010953,-6.144072346932779e-05,2.215922154091683e-05,-5.641475080444546e-06,7.619501250124906e-07,12.0
0.055500000000000105,4.384662793939428,0.5569881306285718,0.5243518401336265,-0.020205531110255123,0.0062093702862688754,-0.002403160443561273,0.0010159590797259978,-0.0003855131629371937,0.0001522445713588635,-6.384886492585639e-05,2.318960656883184e-05,-5.9606816533670285e-06,8.04415167486143e-07,12.0
0.058499999999999996,4.350830037769021,0.5585164874844981,0.5281351940606629,-0.021753202690927266,0.006581170164522825,-0.0025402313338230803,0.001086561461778328,-0.0004109278280898374,0.00015934617458429859,-6.627252018613438e-05,2.4226823280782213e-05,-6.287388607858302e-06,8.474801456659604e-07,12.0
0.06150000000000011,4.315126340909658,0.5601168515527487,0.5322063040907061,-0.023373981502681204,0.0069641254755345204,-0.002677177371982407,0.0011589593608472162,-0.00043750151328542184,0.0001667207666233648,-6.870028497449499e-05,2.5264992406993542e-05,-6.620144010532622e-06,8.908699107941758e-07,12.0
0.0645,4.277609559094243,0.5617859623866253,0.5365740828166082,-0.025068023814652687,0.007359815534417961,-0.0028138801345812896,0.0012328394554679352,-0.0004651181509447567,0.00017434345998494383,-7.111971158227219e-05,2.629764670210503e-05,-6.957274847093138e-06,9.342763017527758e-07,12.0
0.0674999999999999,4.2383549717977775,0.5635199611030023,0.5412460991379887,-0.026834822084391852,0.0077698574262589125,-0.0029503303610865375,0.0013079120926016432,-0.0004936547266255814,0.00018218582751468556,-7.3517541756175e-05,2.731781380843756e-05,-7.296899494077806e-06,9.773615955043154e-07,12.0
0.07050000000000001,4.197452732921193,0.5653145540494539,0.5462285261823696,-0.02867310498068859,0.008195753051675893,-0.003086579371110892,0.0013839072515172664,-0.0005229824138739309,0.0001902163103117623,-7.587995531350942e-05,2.83181178505037e-05,-7.636946086208447e-06,1.0197628291492096e-06,12.0
0.0734999999999999,4.155005067868843,0.5671651775794747,0.5515261367430552,-0.03058079043788862,0.00863875767407124,-0.0032226906957359,0.0014605684036207562,-0.0005529670438021161,0.00019840051137325664,-7.819282045826156e-05,2.92908962713808e-05,-7.975176323816786e-06,1.0610968387627776e-06,12.0
0.07650000000000001,4.111123403427161,0.5690671523067273,0.5571423425578332,-0.03255499132434212,0.009099777853971706,-0.003358696402079982,0.001537645548478857,-0.0005834690936483583,0.00020670136859098732,-8.044193133461702e-05,3.022832730728349e-05,-8.309213945470231e-06,1.1009658059045629e-06,12.0
0.0794999999999999,4.065925597249915,0.5710158154611424,0.5630792732772936,-0.034592068506196255,0.009579302130172565,-0.0034945611743797465,0.0016148885673700792,-0.0006143434154571468,0.00021507921432463483,-8.261321897204871e-05,3.112256263410125e-05,-8.63657679560029e-06,1.1389630553913448e-06,12.0
0.08250000000000002,4.019533401423839,0.5730066216939607,0.5693378903747559,-0.036687722485676304,0.010077363739439179,-0.003630155663113021,0.001692041758995756,-0.0006454389260400564,0.0002234917402874469,-8.469292379025613e-05,3.196585933202195e-05,-8.954711218424216e-06,1.1746788273681266e-06,12.0
0.08549999999999991,3.972070252492723,0.5750352061867455,0.5759181301464681,-0.03883711266285706,0.010593531563552666,-0.0037652391725207573,0.0017688400700144064,-0.0006765984499769817,0.00023189389597798958,-8.666772139564087e-05,3.2750705572598696e-05,-9.261027473705543e-06,1.207705770292612e-06,12.0
0.08850000000000002,3.9236594334436337,0.5770974089024602,0.5828190683676545,-0.04103499264763345,0.01112692360997557,-0.003899450622418448,0.0018450071758236374,-0.0007076588601139719,0.00024023775642278966,-8.852479831264983e-05,3.346993538077983e-05,-9.552935025444694e-06,1.2376439749161973e-06,12.0
0.09149999999999991,3.8744226093044083,0.5791892641909057,0.5900390973998852,-0.04327585055862397,0.011676236642115015,-0.004032306024222864,0.0019202552694266755,-0.0007384516058364834,0.00024847239995005085,-9.02518799814956e-05,3.411682935298627e-05,-9.827876872771093e-06,1.2641054809890944e-06,12.0
0.09450000000000003,3.8244787057043608,0.5813069642277023,0.5975761049441238,-0.045554044231406673,0.012239785826877996,-0.004163200507881281,0.0019942862248524505,-0.0007688036660034997,0.0002565438378790172,-9.183721901585749e-05,3.4685200089119336e-05,-1.0083362493823629e-05,1.2867183114073425e-06,12.0
0.09749999999999992,3.773943083795609,0.5834468068086642,0.6054276425461721,-0.04786392224582119,0.012815549123604664,-0.004291413180924965,0.0020667937331334254,-0.0007985389157797866,0.00026439503452550545,-9.32695565163679e-05,3.516946302461132e-05,-1.0316999360531106e-05,1.3051301914317263e-06,12.0
0.10050000000000003,3.722926963233455,0.5856051377446079,0.6135910717710963,-0.050199922778554756,0.013401212305954521,-0.004416113641402551,0.0021374660460857413,-0.0008274798593950806,0.0002719660483540998,-9.453807245837487e-05,3.5564695014589175e-05,-1.0526523275023385e-05,1.3190121696671615e-06,12.0
0.10349999999999993,3.6715370502498272,0.5877782963286288,0.622063677083237,-0.052556644055062135,0.01399421178818917,-0.004536369585090372,0.0022059890635926097,-0.0008554496587951111,0.00027919431541074724,-9.563234228734672e-05,3.586668413217784e-05,-1.0709827930882883e-05,1.32806236244945e-06,12.0
0.10650000000000004,3.619875333315784,0.5899625700713963,0.6308427371423978,-0.05492888302544035,0.014591773683737819,-0.004651155446091103,0.002272049614724828,-0.0008822743828583277,0.0002860150864066413,-9.654231560472263e-05,3.60719744772859e-05,-1.0864994095956333e-05,1.3320099951772764e-06,12.0
0.10949999999999993,3.5680390120183754,0.5921541626265768,0.6399255502766349,-0.057311642580863645,0.015190948637973815,-0.004759362287596215,0.002335338874669601,-0.0009077854089538214,0.00029236201982412797,-9.725832933725656e-05,3.617790928037963e-05,-1.099031864787628e-05,1.3306198207307566e-06,12.0
0.11250000000000004,3.5161205270541496,0.5943491765770745,0.6493094146637671,-0.059700111347270476,0.015788642846055228,-0.0048598092258260615,0.002395555910966815,-0.0009318219190481194,0.00029816792471147087,-9.777116262577244e-05,3.6182674355746645e-05,-1.1084343391250821e-05,1.3236968699546998e-06,12.0
0.11549999999999994,3.4642076626378446,0.5965436105104238,0.6589915683484521,-0.06208962297954241,0.01638164623696233,-0.004951256597502708,0.0024524113639459192,-0.0009542334377650335,0.0003033656377745036,-9.807213476503308e-05,3.6085342310323076e-05,-1.1145883200670487e-05,1.3110913529080197e-06,12.0
0.11850000000000005,3.4123836972390835,0.5987333678397937,0.6689690978406712,-0.06447560346252884,0.016966659085726008,-0.005032420945369539,0.0025056312471757203,-0.0009748823562716461,0.00030788901014394395,-9.815324189364285e-05,3.5885916220508506e-05,-1.1174052646828513e-05,1.2927034082426576e-06,12.0
0.12149999999999994,3.360727583027793,0.6009142735398911,0.6792388262164035,-0.0668535151800377,0.017540318352919883,-0.005101991746612228,0.002554960817813471,-0.0009936463758012696,0.00031167397085064233,-9.800732361455125e-05,3.558537008546235e-05,-1.1168289958237036e-05,1.268487316309244e-06,12.0
0.12450000000000006,3.3093141375756,0.6030820946205747,0.6897971922702397,-0.06921880565980378,0.01809922488945965,-0.0051586496706755944,0.002600168428415311,-0.0010104207932524034,0.0003146596278067699,-9.762824782255739e-05,3.5185682475573406e-05,-1.1128377009235462e-05,1.2384547646924525e-06,12.0
0.12749999999999995,3.2582142331857384,0.60523256069593,0.7006401315311189,-0.07156686723112042,0.01863997231999417,-0.005201086038321451,0.002641049243721568,-0.001025120543803096,0.0003167893637544804,-9.70111008541725e-05,3.4689859512209906e-05,-1.1054454030107986e-05,1.2026767850070415e-06,12.0
0.13050000000000006,3.207494970485919,0.6073613821259044,0.7117629681934723,-0.07389301165145593,0.019159177967554657,-0.005228023068719309,0.0026774286963438523,-0.0010376819153154028,0.00031801188439552794,-9.615237048113296e-05,3.4101943613884435e-05,-1.094702789583296e-05,1.1612840575425554e-06,12.0
0.13349999999999995,3.157219824491901,0.6094642645473083,0.7231603246567567,-0.07619246140314681,0.019653515664258984,-0.005238234446621736,0.0027091655661499684,-0.0010480638578455627,0.00031828217851180655,-9.505011086384676e-05,3.342700520860738e-05,-1.0806973130842185e-05,1.1144653895341648e-06,12.0
0.13650000000000007,3.107448753760774,0.611536919864825,0.7348260528194224,-0.07846035716793473,0.02011974978803834,-0.005230565714484985,0.0027361545956226937,-0.0010562488282922899,0.00031756235484280625,-9.370408089555348e-05,3.267111567243473e-05,-1.0635525121451011e-05,1.0624642954942509e-06,12.0
0.13949999999999996,3.0582382666097763,0.6135750747394872,0.7467531888789696,-0.08069177923771512,0.020554769459875406,-0.005203953991568454,0.00275832858999559,-0.0010622431330564927,0.00031582232719335124,-9.211584994151327e-05,3.184130092528353e-05,-1.0434265408175266e-05,1.0055737282820579e-06,12.0
0.14250000000000007,3.0096414424734874,0.6155744781959849,0.7589339313737685,-0.08288177948689893,0.02095562160048347,-0.00515744654227598,0.002775659988018112,-0.0010660767575320692,0.0003130403270507817,-9.028886743727973e-05,3.094547623234264e-05,-1.0205099297264474e-05,9.441291159166527e-07,12.0
0.14549999999999996,2.9617079109118762,0.6175309101631534,0.7713596406665979,-0.08502542005608237,0.02131954151705719,-0.005090217759769525,0.002788161919603893,-0.0010678026970039787,0.00030920323127226097,-8.822849491318206e-05,2.9992363701411554e-05,-9.95022635655323e-06,8.784999452683183e-07,12.0
0.14850000000000008,2.9144837950751574,0.6194401926202561,0.7840208570136176,-0.08711781500248897,0.021643979866166667,-0.005001584198397606,0.0027958887858786957,-0.0010674958261917271,0.00030430670062912564,-8.594200064893582e-05,2.8991394662548465e-05,-9.672104629776441e-06,8.090801981443874e-07,12.0
0.15149999999999997,2.8680116300846725,0.6212982046382806,0.7969073337233085,-0.0891541717078744,0.02192662517680038,-0.004891017377088209,0.0027989364037133493,-0.001065251362186013,0.0002983551327585601,-8.343851832979525e-05,2.7952599541745374e-05,-9.373409610628329e-06,7.362779897333151e-07,12.0
0.15450000000000008,2.8223302693817147,0.6231009020836673,0.8100080816086014,-0.09112982961981118,0.02216542155062282,-0.004758154178370043,0.0027974417515380418,-0.0010611829868384908,0.00029136144008074243,-8.072897183772855e-05,2.6886488004278517e-05,-9.056989164205964e-06,6.605047873143216e-07,12.0
0.15749999999999997,2.7774747933435573,0.6248443421839119,0.823311420910131,-0.09304029477289079,0.022358581607125658,-0.00460280477236563,0.002791582338395307,-0.001055420699661008,0.00028334666928524443,-7.782596876244365e-05,2.5803922077515575e-05,-8.725815672676822e-06,5.821646020414307e-07,12.0
0.1605000000000001,2.7334764342562083,0.6265247126094666,0.8368050370894261,-0.09488126936870175,0.02250459513731632,-0.004424958087411933,0.0027815751967372277,-0.0010481084715595857,0.00027433948392033324,-7.474366546064565e-05,2.4715984713573367e-05,-8.382936717654396e-06,5.016435508920183e-07,12.0
0.16349999999999998,2.6903625301352094,0.6281383642478563,0.8504760373540556,-0.09664867641165756,0.022602234215701743,-0.0042247849146530795,0.0027676754745176403,-0.0010394017643335844,0.0002643755353140789,-7.149760662988163e-05,2.3633845876957307e-05,-8.0314255966491e-06,4.193001804121808e-07,12.0
0.1665000000000001,2.6481565171280894,0.6296818464567482,0.8643110054834721,-0.09833867996535763,0.022650555664343562,-0.004002638762602768,0.002750174576954096,-0.0010294649721842774,0.00025349674942946984,-6.810454249459975e-05,2.25686278101331e-05,-7.674332907848178e-06,3.354569280974047e-07,12.0
0.16949999999999998,2.6068779666635007,0.6311519432933824,0.8782960534547112,-0.09994770199751724,0.022648901756004407,-0.0037590545658484557,0.0027293977866833536,-0.0010184688310846425,0.00024175055825830148,-6.45822269167097e-05,2.1531270718664907e-05,-7.3146403304737114e-06,2.5039306939607596e-07,12.0
0.1725000000000001,2.56654266954767,0.6325457090348013,0.8924168694599007,-0.10147243701418243,0.02259689989769888,-0.003494745305097531,0.0027057012773625084,-0.0010065878314890419,0.00022918910398665097,-6.094920010880835e-05,2.053239980769114e-05,-6.955217583919142e-06,1.6433945619125796e-07,12.0
0.1755,2.527162765275824,0.63386050123428,0.9066587630530877,-0.10290986573854435,0.022494461779014777,-0.0032105965276334296,0.002679468435081173,-0.0009939976612510855,0.0002158684424595831,-5.7224560168631654e-05,1.9582194464188225e-05,-6.598783377772099e-06,7.747529414756978e-08,12.0
0.1785000000000001,2.488746911314754,0.6350940096132668,0.9210067092146227,-0.10425726895914013,0.022341782140252123,-0.0029076586883715412,0.0026511054190538966,-0.00098087270031681,0.0002018477695149015,-5.34277283266075e-05,1.869026046132833e-05,-6.24787097940798e-06,-1.0072869612773902e-08,12.0
0.1815,2.451300484338775,0.6362442792715027,0.9354453939168521,-0.10551224235893457,0.02213933695963548,-0.002587137184911289,0.0026210359312591074,-0.0009673835878178228,0.00018718868966269473,-4.957821349010634e-05,1.7865506370545554e-05,-5.904798840164086e-06,-9.822986985367783e-08,12.0
0.1845000000000001,2.4148258035835775,0.637309727008183,0.9499592641752637,-0.10667271266381324,0.021887880525630864,-0.00225037995555852,0.0025896952242669253,-0.0009536948858401874,0.00017195454151924369,-4.569538220219446e-05,1.7116025864748013e-05,-5.571646548367962e-06,-1.8696838583773017e-07,12.0
0.1875,2.379322365730357,0.6382891499664005,0.9645325854871873,-0.10773695486799488,0.021588440597750627,-0.001898862560192997,0.002557523453511655,-0.0009399628715972175,0.00015620978859038113,-4.1798240313125826e-05,1.6448988199037355e-05,-5.250236228295262e-06,-2.763032870175871e-07,12.0
0.1904999999999999,2.3447870810457827,0.6391817263061432,0.9791495089828851,-0.10870360968438542,0.021242310709181873,-0.0015341707722828217,0.0025249585661524724,-0.0009263334991534295,0.0001400194777722243,-3.7905232325411707e-05,1.5870539746476045e-05,-4.94211938446999e-06,-3.662841220084795e-07,12.0
0.1935,2.311214501776971,0.6399870081272049,0.9937941496089283,-0.10957169982738273,0.02085103865763265,-0.0011579808666062252,0.002492429001032576,-0.0009129405806176343,0.00012344876175989224,-3.403406344534066e-05,1.5385719916894215e-05,-4.648569101162704e-06,-4.569861186421817e-07,12.0
0.1964999999999999,2.278597035838936,0.6407049073444517,1.0084506753675855,-0.11034064336141784,0.020416410380552176,-0.0007720379711848796,0.0024603465388223188,-0.000899904241951887,0.0001065624760196631,-3.0201547910791076e-05,1.4998394978955309e-05,-4.370577442554146e-06,-5.485001514943208e-07,12.0
0.1995,2.2469251413674267,0.6413356756095471,1.0231034062283788,-0.11101026221699686,0.01994042871009601,-0.00037813303670150697,0.0024290996748583533,-0.0008873297077076161,8.942475675898568e-05,-2.6423485356206012e-05,1.4711213155630565e-05,-4.108857850319814e-06,-6.409221935145152e-07,12.0
0.2024999999999999,2.2161875004312144,0.6418798796355131,1.037736919999917,-0.11158078412484665,0.01942528692251552,2.1920866205635343e-05,0.0023990478799772747,-0.0008753064605758812,7.209868406747695e-05,-2.271456510687565e-05,1.4525583835238819e-05,-3.863852290280256e-06,-7.343427932917133e-07,12.0
0.20550000000000002,2.1863711727835593,0.6423383733954673,1.0523361613720281,-0.11205283663715807,0.018873337486957607,0.00042631210669868687,0.0023705170635318685,-0.0008639078055357444,5.4645934577823824e-05,-1.9088296683077795e-05,1.4441682852989549e-05,-3.6357428463644926e-06,-8.288371056136374e-07,12.0
0.2084999999999999,2.157461732689847,0.6427122686407779,1.0668865496361104,-0.11242743253475479,0.018287056917254924,0.0008332530600454423,0.0023437964618860546,-0.0008531908460675343,3.7126430770876926e-05,-1.5556963706805913e-05,1.44584846210709e-05,-3.4244673896478876e-06,-9.24455951112104e-07,12.0
0.21150000000000002,2.129443393369693,0.6430029050433548,1.081374080334116,-0.1127059466664065,0.017669008069947353,0.0012410008700949832,0.0023191370560844238,-0.0008431968541415757,1.9597979167790854e-05,-1.2131597988929647e-05,1.4573820529144937e-05,-3.229738859622243e-06,-1.021218295941042e-06,12.0
0.2144999999999999,2.1022991243040043,0.6432118210509167,1.0957854162831868,-0.11289008502067638,0.017021801551320808,0.0016478757086097503,0.0022967514902057086,-0.0008339519900403608,2.115896416494762e-06,-8.821970828585745e-06,1.4784461637820294e-05,-3.0510675882024553e-06,-1.119105433345379e-06,12.0
0.21750000000000003,2.0760107665582783,0.6433407262945662,1.110107964031171,-0.11298184748526434,0.016348058050500543,0.002052276000167287,0.0022768153353483127,-0.0008254683061243237,-1.5267370365293208e-05,-5.6365993290623865e-06,1.5086222390966408e-05,-2.8877859853334786e-06,-1.2180570270248025e-06,12.0
0.22049999999999992,2.0505591504508267,0.6433914761403974,1.124329932735854,-0.1129834862204945,0.01565037338276831,0.002452690285927582,0.0022594694402342636,-0.000817744953375466,-3.250261591642253e-05,-2.582766574289097e-06,1.5474081015836493e-05,-2.7390748044785425e-06,-1.3179690540288556e-06,12.0
0.22350000000000003,2.0259242185307085,0.6433660487547753,1.138440373619841,-0.11289746181456882,0.014931287812121115,0.0028477056175226527,0.002244823040817466,-0.0008107695027736798,-4.954422385282694e-05,3.334444686600677e-07,1.594231157407607e-05,-2.6039901344435293e-06,-1.418693574777184e-06,12.0
0.22649999999999992,2.002085155170904,0.6432665248658334,1.152429199413422,-0.11272639939004138,0.014193260854715261,0.0032360125813129356,0.002232957274593746,-0.000804519295736816,-6.635046816781495e-05,3.1071027054732325e-06,1.6484622340381936e-05,-2.4814902367227953e-06,-1.5200401696466495e-06,12.0
0.22950000000000004,1.9790205223995958,0.6430950702483907,1.166287184438844,-0.11247304662075955,0.013438652294805682,0.0036164072347487975,0.0022239287601765276,-0.0007989627481693749,-8.28837497600882e-05,5.734365406908096e-06,1.7094295330164837e-05,-2.370461375352113e-06,-1.6217788213238563e-06,12.0
0.23249999999999993,1.9567084001430053,0.6428539208240601,1.180005947100624,-0.11214023524905346,0.01266970963236656,0.003987790377844005,0.0022177729525207105,-0.00079406054935459,-9.911075204145148e-05,8.212398725964198e-06,1.7764322320304976e-05,-2.2697418727787624e-06,-1.723643990158505e-06,12.0
0.23550000000000004,1.935126528040139,0.6425453701377404,1.1935779174368466,-0.11173084723005972,0.011888561687672619,0.0043491646776731285,0.0022145070578728026,-0.000789766717741628,-0.00011500250511636771,1.0539282240480494e-05,1.8487533493329297e-05,-2.1781437671007774e-06,-1.8253396203339337e-06,12.0
0.23849999999999993,1.9142524455312688,0.6421717588340297,1.2069962929930447,-0.11124778614014137,0.011097217664909554,0.0046996302124276065,0.002214132377005057,-0.0007860294983279815,-0.0001305343542409288,1.27138986592825e-05,1.925671572573123e-05,-2.0944716339640424e-06,-1.926544816744383e-06,12.0
0.24150000000000005,1.8940636270314728,0.6417354656089925,1.2202549865756809,-0.1106939540263787,0.010297570660783528,0.00503837900885217,0.0022166360280528714,-0.0007827921087726347,-0.00014568583404072648,1.473581128531067e-05,2.006471836303928e-05,-2.017538357434722e-06,-2.0269199322129398e-06,12.0
0.24449999999999994,1.8745376095836062,0.6412388989637011,1.233348569437472,-0.11007223348523613,0.009491404412277428,0.005364689120567556,0.002221992071642177,-0.0007799933618989831,-0.00016044045435266945,1.6605133479900626e-05,2.090454493432739e-05,-1.9461778727149656e-06,-2.1261127898070974e-06,12.0
0.24750000000000005,1.8556521112543594,0.6406844889599721,1.2462722131887936,-0.10938547446372106,0.008680402008601986,0.005677918742989255,0.002230162115531258,-0.0007775682093983218,-0.00017478540617487396,1.8322396076208007e-05,2.1769429587983778e-05,-1.8792551422309256e-06,-2.2237647298990688e-06,12.0
0.25049999999999994,1.8373851394488225,0.6400746781120511,1.2590216332910735,-0.10863648508131139,0.007866155330011762,0.005977500789583194,0.002241095512795207,-0.0007754482638897145,-0.0001887111973858285,1.9888420264080813e-05,2.2652897116632943e-05,-1.8156738451848526e-06,-2.319516122023484e-06,12.0
0.25350000000000006,1.8197150890254892,0.6394119105830812,1.2715930364511905,-0.10782802566759486,0.007050174096956591,0.0062629382671398354,0.0022547292893759295,-0.0007735623624369294,-0.00020221122858651833,2.1304204666052943e-05,2.3548805433922196e-05,-1.7543824352971368e-06,-2.413010936731224e-06,12.0
0.25649999999999995,1.802620830403991,0.6386986190301583,1.2839830736706586,-0.10696280518236126,0.006233893593578021,0.006533800684408237,0.002270987948079868,-0.0007718372324275594,-0.00021528132090850073,2.257083582866337e-05,2.445136950448794e-05,-1.6943793245472485e-06,-2.5038999630486754e-06,12.0
0.25950000000000006,1.7860817876924007,0.6379372087773956,1.2961888001509003,-0.1060434792124654,0.005418680352549546,0.006789721606955283,0.00228978330073279,-0.0007701983088096159,-0.00022791921103419715,2.3689430814286602e-05,2.5355166261216255e-05,-1.634717953573833e-06,-2.5918423173650614e-06,12.0
0.26249999999999996,1.77007800628323,0.6371300394830788,1.3082076427205904,-0.10507264880618121,0.004605835344811875,0.007030397331072159,0.002311014479530135,-0.0007685707292758922,-0.00024012403441116343,2.4661118691975776e-05,2.6255121145123984e-05,-1.574512388186111e-06,-2.6765050466012918e-06,12.0
0.26550000000000007,1.7545902085802831,0.6362794050557234,1.3200373749080017,-0.10405285949989133,0.0037965945047414604,0.007255586495664029,0.0023345682705223306,-0.0007668805018941549,-0.0002518958250356171,2.5487064350744685e-05,2.7146478581889342e-05,-1.512943826335596e-06,-2.7575608890177826e-06,12.0
0.26849999999999996,1.7395998358194609,0.6353875131756869,1.3316760991985848,-0.10298660000963723,0.0029921267343913475,0.007465110296260301,0.0023603198917640867,-0.0007650558009975208,-0.000263235067390057,2.6168533339231687e-05,2.8024760756928764e-05,-1.4492680249390344e-06,-2.8346845963291614e-06,12.0
0.2715000000000001,1.7250890736478,0.6344564662759159,1.3431222353871672,-0.10187630020247468,0.0021935298556183046,0.0076588528315128255,0.0023881343005674825,-0.0007630283075136777,-0.000274142340477715,2.670699088072744e-05,2.8885721051707046e-05,-1.3828232062436872e-06,-2.9075485844141286e-06,12.0
0.27449999999999997,1.7110408594601756,0.6334882461030774,1.3543745132962957,-0.10072432813273115,0.0014018252862392098,0.007836761028200799,0.002417868055809506,-0.0007607344770320018,-0.0002846180926263455,2.710422268777418e-05,2.9725299918413334e-05,-1.3130375555745612e-06,-2.97581898499133e-06,12.0
0.2775000000000001,1.6974388705370564,0.6324847039190393,1.3654319675871713,-0.09953298612638933,0.0006179524601346002,0.007998843584535828,0.0024493716850944613,-0.0007581166012301599,-0.00029466257686397093,2.736246080633764e-05,3.053959127640979e-05,-1.2394350752308525e-06,-3.0391533277082867e-06,12.0
0.28049999999999997,1.6842674936557713,0.6314475579685755,1.3762939320785799,-0.09830450611617392,-0.00015723586184962837,0.008145168463849155,0.0024824924222153,-0.0007551235329735496,-0.00030427595985353325,2.74844955588172e-05,3.1324826371506414e-05,-1.1616384146077428e-06,-3.097201017900719e-06,12.0
0.2835000000000001,1.6715117787572986,0.6303783990658335,1.386960031052664,-0.09704104465395824,-0.0009229762791189779,0.008275858664853466,0.002517077102871827,-0.000751710976097821,-0.0003134585943353287,2.7473755539515736e-05,3.2077379421398324e-05,-1.0793674327281953e-06,-3.1496074567002695e-06,12.0
0.2865,1.6591573810297018,0.6292787041532774,1.3974301655489278,-0.09574467822879214,-0.0016785945453658326,0.008391086270833787,0.0025529749533092496,-0.0007478412958690536,-0.00032221141944002377,2.7334341789953907e-05,3.279379562286509e-05,-9.924326944422232e-07,-3.1960221006370227e-06,12.0
0.2895000000000001,1.647190497012197,0.628149856636181,1.4077044936099636,-0.09441739966240671,-0.002423501965853836,0.008491065094903263,0.002590039992298484,-0.0007434828775993532,-0.0003305364300310697,2.7071009253033458e-05,3.34708378938336e-05,-9.007238151303867e-07,-3.236110060545014e-06,12.0
0.2925,1.635597800744659,0.6269931713868865,1.4177834046998599,-0.09306111639938455,-0.0031571883938107323,0.008576042530928737,0.002628132799618699,-0.0007386091358604698,-0.00033843714050156294,2.6689097159187866e-05,3.41055449339447e-05,-8.041934382292493e-07,-3.269566124805115e-06,12.0
0.2955000000000001,1.6243663855027726,0.6258099217100246,1.4276674898196293,-0.0916776514187435,-0.0038792123462080214,0.00864629142369739,0.0026671214822080827,-0.0007331973393703844,-0.0003459189642296723,2.6194418410839467e-05,3.469529067264022e-05,-7.028384867260669e-07,-3.2961295112095666e-06,12.0
0.2985,1.6134837154105752,0.6246013653542015,1.4373575098963993,-0.09026874724171592,-0.00458918921147554,0.008702102831626963,0.002706881781015405,-0.0007272274518830455,-0.00035298943919474427,2.5593124455591395e-05,3.523783458190864e-05,-5.966809831979597e-07,-3.3155973437367677e-06,12.0
0.3015000000000001,1.602937589531576,0.6233687668442007,1.4468543655605475,-0.08883607309369958,-0.005286778818360792,0.008743780440738246,0.002747296388755475,-0.0007206811868453297,-0.0003596582525045285,2.4891565058700154e-05,3.573135393088202e-05,-4.857510146005303e-07,-3.327834907950887e-06,12.0
0.3045,1.592716119309331,0.6221134139011135,1.456159071293672,-0.0873812347263551,-0.005971673726545834,0.008771637105854452,0.002788253669678247,-0.0007135414304327862,-0.0003659370486475115,2.4096161030731228e-05,3.61744526595636e-05,-3.7007422567436063e-07,-3.3327811833189555e-06,12.0
0.3075000000000001,1.5828077188186502,0.6208366263771995,1.4652727361358786,-0.0859057857885751,-0.0066435894794881385,0.008785993589241998,0.0028296460668463383,-0.0007057921101843538,-0.0003718390429669043,2.3213302558701704e-05,3.656614651119507e-05,-2.4966555419508974e-07,-3.3304489227509626e-06,12.0
0.3105,1.5732011064097058,0.6195397568230219,1.4741965518534563,-0.08441123906335593,-0.007302257761840514,0.008787179116259085,0.0028713685346012717,-0.0006974184896094822,-0.0003773784967538011,2.224927755571231e-05,3.6905829408953085e-05,-1.2452987579484768e-07,-3.3209195142689873e-06,12.0
0.3134999999999999,1.5638853159809156,0.6182241824462256,1.4829317879818862,-0.08289907550294168,-0.007947422987223797,0.008775532968946858,0.002913317334456592,-0.0006884077733246988,-0.000382570136907601,2.1210225383054327e-05,3.719323064700563e-05,5.330998304124679e-09,-3.3043338290299757e-06,12.0
0.3165,1.5548497161064252,0.616891288814727,1.4914797918200147,-0.08137074894575995,-0.008578842374426613,0.008751406088188168,0.002955389478752128,-0.0006787498344518824,-0.00038742861565249355,2.0102103746244344e-05,3.742837518498388e-05,1.399066803276709e-07,-3.2808810272001307e-06,12.0
0.3194999999999999,1.546084035254964,0.615542446272873,1.4998419905726044,-0.07982768480589553,-0.009196289111637768,0.008715161627665386,0.002997483001619661,-0.000668437844774801,-0.00039196810059999846,1.8930652660579556e-05,3.761155934520341e-05,2.7916446159993486e-07,-3.2507876733781904e-06,12.0
0.3225,1.5375783910595076,0.6141789807703815,1.5080198926287443,-0.0782712719376874,-0.009799557805820544,0.00866717363230155,0.00303949809123677,-0.000657468609268357,-0.0003962020615977078,1.7701340533966923e-05,3.774335112916791e-05,4.2303631590143717e-07,-3.2143093839405603e-06,12.0
0.3254999999999999,1.5293233208618033,0.6128021416957865,1.5160150854801482,-0.076702848230888,-0.010388471103169598,0.008607823480210062,0.0030813389481616554,-0.0006458424798073623,-0.000400143280855754,1.6419283896968515e-05,3.782461842134746e-05,5.714092019023973e-07,-3.171726564361982e-06,12.0
0.3285,1.5213098096317195,0.6114130702894751,1.523829228920284,-0.0751236820860316,-0.010962886177980212,0.008537494352199323,0.0031229160664862105,-0.0006335628355562097,-0.0004038040630412899,1.5089143045145494e-05,3.785658044733291e-05,7.241203467587206e-07,-3.1233446878265418e-06,12.0
0.3314999999999999,1.5135293101845495,0.6100127730698915,1.5314640436732825,-0.07353495342627414,-0.011522699754089157,0.008456564647067764,0.003164148499013889,-0.0006206352460232174,-0.00040719657190873545,1.37150084781411e-05,3.7840869557659984e-05,8.80957932319436e-07,-3.069498228839994e-06,12.0
0.3345,1.505973749928644,0.6086021051003657,1.5389212971347859,-0.07193773891024179,-0.012067850478329478,0.00836540178316317,0.003204965599129389,-0.0006070665459103182,-0.0004103331811541886,1.2300304218404365e-05,3.7779583726081935e-05,1.0416662416904838e-06,-3.0105561027670025e-06,12.0
0.3374999999999999,1.4986355187622011,0.6071817674764519,1.5462027890880912,-0.07033300611641305,-0.012598317831004341,0.008264358055995725,0.0032453077611165884,-0.0005928641162496238,-0.00041322671099167465,1.0847740272570304e-05,3.767530718067671e-05,1.2059532001005219e-06,-2.9469256209455436e-06,12.0
0.3405,1.491507434640112,0.6057523218445523,1.5533103407563709,-0.0687216203930841,-0.013114117326454327,0.008153770037372129,0.003285125824736618,-0.0005780356578237436,-0.0004158904369261691,9.3593446332785e-06,3.7531079015054316e-05,1.3734976809904525e-06,-2.8790518612381106e-06,12.0
0.3434999999999999,1.4845826868300704,0.6043142220338894,1.5602457901566338,-0.06710436577143138,-0.01361529247158289,0.008033962364051482,0.0033243790631328207,-0.0005625896487986049,-0.00041833780585061135,7.836593789960489e-06,3.735029816783779e-05,1.5439541595328106e-06,-2.807410158075254e-06,12.0
0.34650000000000003,1.47785476155342,0.6028678593085038,1.5670109954146711,-0.06548197811262678,-0.014101904698861061,0.007905255746264028,0.0033630319999543496,-0.0005465365078406786,-0.0004205818711040387,6.280640511924196e-06,3.7136567063728444e-05,1.7169533128495167e-06,-2.732491105845135e-06,12.0
0.3494999999999999,1.4713173596239244,0.601413614013645,1.5736078456930918,-0.06385518513643872,-0.014574023111092781,0.007767977823935461,0.0034010506362724927,-0.000529890269049492,-0.00042263454757277837,4.692612185502678e-06,3.689349303021099e-05,1.8920987947478781e-06,-2.6547797551125155e-06,12.0
0.35250000000000004,1.4649643195371447,0.599951903480094,1.5800382771130146,-0.06222474505492886,-0.015031716186264074,0.007622474408208745,0.003438398923389652,-0.000512670368524434,-0.0004245058678126542,3.073928218827621e-06,3.662448235553321e-05,2.0689622391801765e-06,-2.574733019350689e-06,12.0
0.3554999999999999,1.4587895608096793,0.5984832150208199,1.5863042891152637,-0.060591474191398965,-0.015475047436687133,0.007469118011498027,0.0034750364038385355,-0.0004949030080721279,-0.0004262034646682691,1.426568462932019e-06,3.6332571680343916e-05,2.2470800056508015e-06,-2.4927609877893624e-06,12.0
0.35850000000000004,1.452787060111626,0.5970081145499678,1.5924079557539683,-0.05895625500593059,-0.015904076323271628,0.007308310695360243,0.0035109177917240796,-0.00047662155892455956,-0.0004277324923043963,-2.4677652193927915e-07,3.602034074847927e-05,2.4259556840477497e-06,-2.409218138124463e-06,12.0
0.36149999999999993,1.4469508665107669,0.595527226064209,1.5983514269599068,-0.057320019705438714,-0.01631886454984395,0.007140479313858657,0.003545994856904373,-0.00045786563327914614,-0.0004290961143775263,-1.942723507757084e-06,3.568993660436009e-05,2.6050714930641044e-06,-2.324408859752626e-06,12.0
0.36450000000000005,1.4412751526989604,0.5940411843965504,1.604136917041735,-0.05568371068070704,-0.01671948641926687,0.006966063121406241,0.0035802203699588915,-0.00043867877703882604,-0.00043029654228896204,-3.6573942082640147e-06,3.534321267499746e-05,2.7839093491843365e-06,-2.2386081947757665e-06,12.0
0.36749999999999994,1.4357542884229668,0.5925505717462192,1.6097666813016716,-0.054048226101379264,-0.01710604058539443,0.006785496066033193,0.003613553192937484,-0.0004191051602668448,-0.0004313364282508018,-5.386751962121057e-06,3.498195181532568e-05,2.9619789659100747e-06,-2.1520938959315834e-06,12.0
0.37050000000000005,1.4303829135961574,0.5910558551269767,1.6152429857494415,-0.052414365052685756,-0.01747865972801022,0.006599188233120018,0.003645963067882365,-0.00039918604404272866,-0.0004322202590558048,-7.126986329952981e-06,3.460810978938381e-05,3.13884681907142e-06,-2.0651810996288308e-06,12.0
0.37349999999999994,1.4251559852129285,0.5895573443679776,1.6205680781672158,-0.05078278922164252,-0.017837514815868958,0.006407512020207048,0.0036774334841123526,-0.0003789570320025381,-0.0004329553197840317,-8.874823317015809e-06,3.422399700417464e-05,3.314157520832674e-06,-1.9782479090042724e-06,12.0
0.37650000000000006,1.4200687768993034,0.58805518656783,1.6257441697675983,-0.04915401541253711,-0.018182811900422598,0.0062107980024161125,0.003707961359973403,-0.0003584470347809137,-0.00043355185541438425,-1.0627644667768685e-05,3.3832322746289476e-05,3.4876394025296195e-06,-1.891740707581843e-06,12.0
0.37949999999999995,1.4151168231239017,0.5865494026130552,1.6307734344188505,-0.047528444643329074,-0.01851478162266445,0.006009342842577883,0.003737553166469972,-0.0003376794283398088,-0.000434022269155547,-1.2383350510783916e-05,3.343606248712774e-05,3.659089624865459e-06,-1.8061529593644583e-06,12.0
0.38250000000000006,1.4102958188168588,0.5850399568152104,1.6356580269831273,-0.04590642107417115,-0.018833664197345442,0.005803427521176736,0.003766218340212911,-0.0003166751534166133,-0.00043437951669929217,-1.4139987212910006e-05,3.303816860266084e-05,3.82834043130412e-06,-1.721979854267787e-06,12.0
0.38549999999999995,1.4056015031643785,0.5835268367710675,1.640400115235016,-0.04428830168346931,-0.019139694610398238,0.005593339930943191,0.0037939619636263786,-0.0002954567172387106,-0.000434635180266321,-1.589525920253121e-05,3.264120904192352e-05,3.995215328816135e-06,-1.639660766080433e-06,12.0
0.38850000000000007,1.4010295659667273,0.5820101132480855,1.6450019137622716,-0.04267451070521182,-0.019433093175540338,0.005379393277174895,0.003820779230807252,-0.00027405154785019786,-0.00043479789604654936,-1.7646109901441294e-05,3.2247060151069406e-05,4.1594891211836795e-06,-1.559528135541714e-06,12.0
0.39149999999999996,1.3965756103770817,0.5804899537981634,1.649465706029202,-0.041065555495819604,-0.01971406496408674,0.0051619322293619055,0.0038466538091744295,-0.0002524932005008173,-0.00043487274997893794,-1.93885567966844e-05,3.1856775417456666e-05,4.320866110521549e-06,-1.4817814135785336e-06,12.0
0.3945000000000001,1.3922351867183107,0.5789665791728036,1.6537938439943347,-0.039461993212229825,-0.01998280832060127,0.00494132270941533,0.003871560861941231,-0.00023081960423706137,-0.0004348619296055344,-2.111788704603756e-05,3.147069458222045e-05,4.478985363637183e-06,-1.4064967958464166e-06,12.0
0.39749999999999996,1.3880038850214256,0.5774401731778694,1.6579887225474594,-0.03786435615075836,-0.020239528954810324,0.004717927282357482,0.003895473686908109,-0.000209068644766193,-0.00043476643262829674,-2.2829187311308257e-05,3.108876560004028e-05,4.63345231421521e-06,-1.3336700461651473e-06,12.0
0.4005000000000001,1.3838774504555367,0.5759107751870082,1.662052735405831,-0.03627305999807788,-0.02048445360535812,0.004492073777375094,0.003918371431646338,-0.00018727244197029418,-0.0004345881927130488,-2.4518050221090468e-05,3.071096409927783e-05,4.783886101918327e-06,-1.2632763555077996e-06,12.0
0.40349999999999997,1.3798518769206367,0.5743781913646971,1.6659882257904703,-0.034688325902228076,-0.020717837233511296,0.004264027372115655,0.0039402448774063245,-0.00016545220129338473,-0.0004343317988563769,-2.618123119637211e-05,3.0337652906573585e-05,4.929966476528811e-06,-1.1953242037150157e-06,12.0
0.4065000000000001,1.375923444191565,0.5728419522330636,1.6697974461325402,-0.033110140862510865,-0.020939960220896576,0.004033974643463281,0.003961098093536296,-0.00014361524059466714,-0.00043400515187872683,-2.7817057113717216e-05,2.9969749482585637e-05,5.071465493732427e-06,-1.1298831265981975e-06,12.0
0.4095,1.3720886881286336,0.5713013246545147,1.6734825360360015,-0.03153826465052106,-0.021151115940308617,0.00380202291207003,0.003980945462756889,-0.00012175486012043828,-0.0004336188404937132,-2.9425497924195863e-05,2.960864972622723e-05,5.208256777302081e-06,-1.0670767234176134e-06,12.0
0.4125000000000001,1.3683443196710676,0.5697553652791308,1.677045519527094,-0.02997227343156849,-0.021351592501292493,0.003568212205683789,0.003999805333744385,-9.985260668766104e-05,-0.000433184512949376,-3.100794778733315e-05,2.92559523416431e-05,5.340304864705868e-06,-1.0070464017888322e-06,12.0
0.4155,1.364687124433469,0.5682029898637242,1.6804883153757249,-0.028411618943246564,-0.021541653947967584,0.003332533204942509,0.0040176925612519215,-7.788172018132535e-05,-0.0004327128364172379,-3.256685782258734e-05,2.891309320474681e-05,5.4676442721856515e-06,-9.499014091367585e-07,12.0
0.4185000000000001,1.3611138750012493,0.5666430331856688,1.6838127510784582,-0.026855681669796263,-0.021721525344270257,0.0030949441293810355,0.004034612101073213,-5.581043891220713e-05,-0.0004322116572168847,-3.410538005931206e-05,2.858100854315944e-05,5.590359477328579e-06,-8.956726102122712e-07,12.0
0.4215,1.3576212755488428,0.5650742849292008,1.6870205724793483,-0.025303804976908893,-0.02189138385948724,0.0028553821535322594,0.0040505548961824326,-3.3604302650190485e-05,-0.0004316847493423871,-3.5627128950718704e-05,2.8259905987476482e-05,5.708573388865912e-06,-8.442819565965262e-07,12.0
0.4245000000000001,1.3542059419598431,0.5634955006533137,1.6901134451181117,-0.023755308621456427,-0.022051355557269676,0.0026137686738346455,0.0040654961472639676,-1.122727810781141e-05,-0.00043113122916443663,-3.7136084452836155e-05,2.794916378240568e-05,5.822445988956319e-06,-7.955309901996267e-07,12.0
0.4275,1.350864408729656,0.561905396741342,1.6930929475455594,-0.022209488446768958,-0.022201516178909177,0.0023700105675553895,0.0040793952837183635,1.135793346305912e-05,-0.0004305454849705788,-3.863659500182026e-05,2.7647332868248496e-05,5.932180044522041e-06,-7.491048542893199e-07,12.0
0.4305000000000001,1.3475931503046823,0.5603026410378721,1.6959605591961318,-0.020665611702241495,-0.022341894070956055,0.002124000523896914,0.004092196769321853,3.418985248863432e-05,-0.0004299173973471975,-4.0133413772528946e-05,2.7352200285394083e-05,6.0380289158376305e-06,-7.045856915952726e-07,12.0
0.4335,1.3443886075222118,0.5586858480846989,1.6987176456944704,-0.019122915318767968,-0.02247247409749015,0.0018756188645447202,0.004103831149331279,5.730799044859953e-05,-0.0004292326829803157,-4.163171304127527e-05,2.706088139809154e-05,6.14030229739621e-06,-6.614705183901877e-07,12.0
0.4365000000000001,1.3412472151819395,0.5570535830363508,1.701365443581048,-0.017580610564923164,-0.022593202219787813,0.0016247379553200956,0.004114216162343344,8.075221163462541e-05,-0.0004284732992516413,-4.3137048732920894e-05,2.6769927601544994e-05,6.239367732200978e-06,-6.191914627006806e-07,12.0
0.4395,1.3381654308760687,0.5554043744734268,1.7039050454568485,-0.016037894340001396,-0.02270399095112175,0.001371229194723174,0.004123258048786269,0.00010456166493402618,-0.00042761792913187976,-4.465527086137681e-05,2.647545154564552e-05,6.335647506391748e-06,-5.771385423632794e-07,12.0
0.4424999999999999,1.3351397666904559,0.5537367345430894,1.7063373860734952,-0.014493965897550315,-0.022804725994624152,0.0011149719965322003,0.004130853300988226,0.00012877336403358387,-0.00042664259756408033,-4.6192387160227625e-05,2.6173277669974793e-05,6.429611403814858e-06,-5.346860157321239e-07,12.0
0.4455,1.3321668248289442,0.552049184665438,1.708663229965949,-0.012948047671641176,-0.022895274190488753,0.0008558640649904244,0.0041368910619550186,0.00015342051427219385,-0.00042552146145406565,-4.7754388617755655e-05,2.5859123588204433e-05,6.521765888801102e-06,-4.912229656485116e-07,12.0
0.4484999999999999,1.3292433367304533,0.5503402854559383,1.71088316168464,-0.011399409271731125,-0.022975492662910234,0.0005938323341461674,0.004141256287453417,0.00017853067111538976,-0.0004242277905875705,-4.93470428279267e-05,2.5528812362700367e-05,6.612640023128373e-06,-4.4618787971982383e-07,12.0
0.4515,1.326366203332898,0.5486086698028494,1.7129975807956943,-0.00984739400064562,-0.023045239045335137,0.00032884401240714287,0.004143833749559642,0.0002041238059024688,-0.00042273514386381955,-5.0975658930260154e-05,2.5178512185687914e-05,6.702768195463362e-06,-3.9910634449071785e-07,12.0
0.4544999999999999,1.3235325312608093,0.5468530779369858,1.7150067065915466,-0.008291447182825986,-0.023104383243967713,6.091716259072148e-05,0.004144513109238777,0.00023021036443852315,-0.00042101877332786,-5.2644828815209334e-05,2.480500365408584e-05,6.7926697768036215e-06,-3.496313454172777e-07,12.0
0.4575,1.3207396554118447,0.5450723928526434,1.7169106025115624,-0.006731145145958385,-0.02315282255696734,-0.00020986985539620087,0.00414319568332446,0.0002567894355559165,-0.0004190573709784304,-5.4358153912494325e-05,2.4405988130300464e-05,6.88282621585407e-06,-2.975874341689427e-07,12.0
0.4604999999999999,1.3179851349807863,0.5432656737196512,1.718709234601227,-0.005166222976004401,-0.02319050323979795,-0.00048337093930358766,0.0041398038982185725,0.0002838471954875903,-0.0004168353513166295,-5.6117974585651356e-05,2.3980464093840093e-05,6.973656785049629e-06,-2.4302191147015274e-07,12.0
0.4635,1.3152667141530645,0.5414321842501764,1.7204025730181107,-0.003596598434001146,-0.023217450285237022,-0.0007593678578373033,0.004134293937679522,0.0003113558396985197,-0.00041434576293789666,-5.79251265967154e-05,2.3529183454188653e-05,7.065494790647489e-06,-1.862642679770594e-07,12.0
0.4664999999999999,1.3125822576790667,0.5395714128435635,1.721990720924738,-0.0020223892011690067,-0.02323380055812748,-0.001037569985371939,0.004126669860614298,0.00033927320989145487,-0.0004115934554219777,-5.9778749562697355e-05,2.3055125001614144e-05,7.15856587783973e-06,-1.2798504276332143e-07,12.0
0.46950000000000003,1.3099297024498342,0.5376830822565672,1.723474014248286,-0.00044392147928194964,-0.023239823385271283,-0.001317618712911837,0.004116993768247519,0.0003675432142740521,-0.00040859734989782764,-6.167615923875084e-05,2.2563796189985385e-05,7.252968601914758e-06,-6.922810328176303e-08,12.0
0.4724999999999999,1.3073070891339622,0.5357671486114479,1.7248530045048862,0.0011382699896724015,-0.02323590444516719,-0.001599095946781398,0.004105383796514603,0.0003960969168806029,-0.0004053900675014719,-6.361277025456742e-05,2.206307809494417e-05,7.348655184122871e-06,-1.1377195189743276e-08,12.0
0.47550000000000003,1.30471272513295,0.5338237919629236,1.7261282522544643,0.002723448052389718,-0.023222473610685145,-0.001881534721565814,0.004091993198839041,0.00042485393269284596,-0.00040201347714195285,-6.558203312064198e-05,2.1562379858410678e-05,7.445409025165478e-06,4.3975209415967874e-08,12.0
0.4784999999999999,1.3021454702488175,0.5318534019338457,1.7272999372178979,0.00431068185206008,-0.023199879700797524,-0.002164429213423351,0.004076971072092341,0.00045372368238005156,-0.00039851025544088663,-6.757535027145294e-05,2.1071122164245993e-05,7.542817046601396e-06,9.52536335620932e-08,12.0
0.48150000000000004,1.29960505349008,0.5298565609267801,1.7283674026060998,0.005898855877686211,-0.02316824632804179,-0.002447242142888341,0.004060415594982767,0.00048260625997951747,-0.00039491373050721195,-6.95819718905705e-05,2.0596930164819514e-05,7.640239712708038e-06,1.4116657759932307e-07,12.0
0.48449999999999993,1.2970922740002668,0.527834024288437,1.7293288290622597,0.007486680698582534,-0.023127364500795673,-0.0027294096674864237,0.004042337856695555,0.0005113930977645669,-0.00039123981671606493,-7.158893027850232e-05,2.0144172288427762e-05,7.73678761057727e-06,1.809255479824824e-07,12.0
0.48750000000000004,1.2946089540348513,0.5257866932428361,1.73018121931135,0.009072710664248567,-0.0230766731644248,-0.0030103462988914083,0.00402265308564532,0.0005399680369863368,-0.0003874846042416151,-7.358111772186336e-05,1.9713444304052726e-05,7.831317120013609e-06,2.143314911960851e-07,12.0
0.49049999999999994,1.2921575991772827,0.523715574684811,1.7309207627602068,0.010655375634335808,-0.02301534720907238,-0.003289453628072613,0.004001205864872123,0.0005682095517434083,-0.0003836290347703088,-7.554161389129636e-05,1.9302247981354112e-05,7.922456151291454e-06,2.416921206120807e-07,12.0
0.49350000000000005,1.2897408375738215,0.5216217234225752,1.7315434949292001,0.01223303191915003,-0.02294246921273732,-0.0035661357988496095,0.00397782180896278,0.000595994598870676,-0.0003796491330437017,-7.745231536958387e-05,1.8906623874771917e-05,8.008664113736326e-06,2.636016194802703e-07,12.0
0.49649999999999994,1.287360795971432,0.51950616679831,1.732046049407006,0.013804032508731134,-0.022857228582698147,-0.003839822055709144,0.003952367491750101,0.0006232039947913137,-0.00037552801164774627,-7.929483375897529e-05,1.8523121871226325e-05,8.088321059666257e-06,2.806669904424363e-07,12.0
0.49950000000000006,1.2850185862648822,0.5173698169224743,1.7324262745791779,0.015366810476579985,-0.022759084853397227,-0.0041099936241972,0.003924798145382689,0.0006497286320866798,-0.00037126538006425976,-8.105154920713214e-05,1.815040684585312e-05,8.159833355741129e-06,2.9327832848301113e-07,12.0
0.5025,1.282714022879,0.5152133797722808,1.732683555190435,0.016919964729178727,-0.022647850873570498,-0.004376210136680483,0.003895178907700771,0.000675475516760319,-0.00036688159827504555,-8.270666662000298e-05,1.7790007130928993e-05,8.221740190258768e-06,3.0149214497782985e-07,12.0
0.5055000000000001,1.2804456024258246,0.5130372716583084,1.7328187962856674,0.018462335732368825,-0.02252368418499469,-0.004638130603448064,0.0038636761486027524,0.000700372649621253,-0.00036241557518611276,-8.424713321642257e-05,1.744608265234242e-05,8.27280721490617e-06,3.050463504845032e-07,12.0
0.5085000000000002,1.2782106955118073,0.5108415519321663,1.7328341368789097,0.01999306068138133,-0.022387005120968237,-0.004895525394580799,0.0038305253832462576,0.0007243721210702964,-0.0003579179097118191,-8.56633252875271e-05,1.7124434113645128e-05,8.31209890033e-06,3.034779431699735e-07,12.0
0.5114999999999998,1.2760058555381184,0.5086258772970971,1.7327325224285985,0.021511601726316384,-0.02223837696836041,-0.005148278000288251,0.003795987795205196,0.0007474512518424242,-0.00035344182650374047,-8.694947320701686e-05,1.6831164880447635e-05,8.339027087743538e-06,2.962879366369195e-07,12.0
0.5145,1.2738271470016704,0.5063894791395815,1.7325172691002895,0.023017745731517172,-0.022078384440962665,-0.005396377503221134,0.003760307601552987,0.0007696120050402303,-0.00034903448821699647,-8.810384313396238e-05,1.657141243054281e-05,8.353377573837179e-06,2.830970649727856e-07,12.0
0.5175000000000001,1.2716704237157144,0.5041311621253635,1.7321917146918784,0.02451157827754495,-0.02190753623852049,-0.005639904080461359,0.0037236789013677125,0.0007908791094401197,-0.0003447304901929019,-8.912871933843851e-05,1.6348438308957952e-05,8.355318481874566e-06,2.637532814711432e-07,12.0
0.5205000000000002,1.2695315258450346,0.5018493204843113,1.7317589973756733,0.025993437484926347,-0.021726202960006068,-0.0058790103003989215,0.0036862257139207402,0.0008112973623719335,-0.00034054828205149016,-9.00302333429439e-05,1.6163190229113587e-05,8.345393976602068e-06,2.3837619527177598e-07,12.0
0.5234999999999999,1.267406397240479,0.49954196791899774,1.7312219567787244,0.027463854661461014,-0.0215345893020974,-0.006113900713035701,0.0036479947108028366,0.0008309284822500608,-0.0003364893556667559,-9.081807370645542e-05,1.601430034912128e-05,8.324505543431473e-06,2.0734423103681832e-07,12.0
0.5265,1.2652911431904474,0.49720677750833525,1.7305831240547311,0.02892348904842108,-0.021332732378349647,-0.00634481161910801,0.0036089577117883378,0.0008498477353594027,-0.00033253951140406555,-9.150509346773863e-05,1.5898396579951454e-05,8.293881553787164e-06,1.712423138349487e-07,12.0
0.5295000000000001,1.2631820533835394,0.4948411288374033,1.72984475922569,0.03037306346144869,-0.021120516170552956,-0.006571992257649002,0.0035690203629779866,0.0008681404309350529,-0.0003286713697684366,-9.21068185037794e-05,1.5810580247715262e-05,8.255034806647895e-06,1.3079106247960783e-07,12.0
0.5325000000000002,1.2610756102892446,0.4924421604583062,1.7290088993460666,0.03181330669207922,-0.02089769381442107,-0.006795688141758071,0.0035280339638703983,0.0008858982942004523,-0.00032484741210886815,-9.264085291830947e-05,1.5744943765725326e-05,8.20970739790317e-06,8.677552270034544e-08,12.0
0.5354999999999999,1.2589684949719284,0.49000682643027643,1.728077392542999,0.03324490731048261,-0.0206639124879048,-0.007016126930038317,0.0034858084421974765,0.0009032156937902249,-0.0003210230617233631,-9.312617759298812e-05,1.5695041686996945e-05,8.159802587758464e-06,3.998575498772158e-08,12.0
0.5385,1.2568575947762384,0.487531956004435,1.727051904998195,0.0346684820406357,-0.020418738505458545,-0.0072335070003198484,0.0034421254498650054,0.0009201857085180915,-0.000317149541274813,-9.358234423491871e-05,1.565426890989825e-05,8.107304177786839e-06,-8.824311704152093e-09,12.0
0.5415000000000001,1.254740012382857,0.48501431550974,1.7259338975252547,0.03608456019472836,-0.020161682043998895,-0.007447988730728855,0.003396751200366507,0.0009368960556681407,-0.0003131764056841823,-9.402857824240004e-05,1.5616131291041353e-05,8.054185137599092e-06,-5.8958107192759475e-08,12.0
0.5445000000000002,1.2526130736513705,0.482450671211043,1.7247245749126128,0.03749358382817238,-0.01989222163932642,-0.007659688350499252,0.003349448945061206,0.0009534249574206404,-0.0003090537400696652,-9.448281802445501e-05,1.5574414315277185e-05,8.002308712497788e-06,-1.0977936689913561e-07,12.0
0.5474999999999999,1.2504743316741056,0.4798378514236489,1.7234248152108826,0.03889592145753238,-0.019609828481123137,-0.007868674090825896,0.003299990979504933,0.0009698370844198676,-0.00030473404443102605,-9.496073436181052e-05,1.5523266647366985e-05,7.953326851249482e-06,-1.6070047794131535e-07,12.0
0.5505,1.2483215655357989,0.4771728055824758,1.7220350884707307,0.04029189157900348,-0.019313989998597555,-0.008074964259570482,0.0032481699102754557,0.0009861797770591846,-0.0003001738233376799,-9.54747887952571e-05,1.545722029959808e-05,7.90858231143171e-06,-2.1116103895363268e-07,12.0
0.5535000000000001,1.2461527735625109,0.474452657411737,1.7205553756456478,0.041681791060341485,-0.01900423161769161,-0.008278526804726216,0.0031938087158067184,0.0010024797956876745,-0.0002953348803066616,-9.603340208985782e-05,1.5371170233449596e-05,7.869021955989094e-06,-2.6060193541766027e-07,12.0
0.5565000000000002,1.2439661618422455,0.4716747489902529,1.718985098633229,0.04306592294212871,-0.018680135126745195,-0.008479279933758237,0.0031367689893542585,0.0010187408788424196,-0.00029018529748830893,-9.664030943868221e-05,1.5260334974706084e-05,7.835129240366707e-06,-3.084402007474108e-07,12.0
0.5594999999999999,1.2417601293279652,0.4688366725407291,1.7173230716359986,0.04444461837431089,-0.01834135194403474,-0.008677093415293475,0.0030769567130783026,0.0010349423818109135,-0.0002847000707808552,-9.72941753837971e-05,1.5120217062227146e-05,7.806883425171474e-06,-3.5404943165292113e-07,12.0
0.5625,1.2395332509427361,0.4659362873463364,1.7155674820145452,0.045818248312044625,-0.017987609782373515,-0.008871790284160488,0.003014325004479175,0.0010510392172295802,-0.00027886137334154636,-9.798852663188675e-05,1.4946578364741957e-05,7.783751463800845e-06,-3.9674959455676673e-07,12.0
0.5655000000000001,1.237284259968086,0.4629717203908488,1.7137159055546014,0.04718722206315768,-0.01761871172905148,-0.009063148768154861,0.002948873498503798,0.0010669632225101008,-0.0002726584379773043,-9.871203501827325e-05,1.4735440934973059e-05,7.764715820178584e-06,-4.358087778628464e-07,12.0
0.5684999999999998,1.235012030795622,0.4599413510677453,1.711765356812194,0.04855197159075733,-0.017234527525852094,-0.009250904325278433,0.0028806443540472966,0.0010826259428015873,-0.0002660870791451151,-9.944914811764096e-05,1.4483119579580635e-05,7.748337909136376e-06,-4.704579426110547e-07,12.0
0.5714999999999999,1.2327155629769329,0.4568437823767737,1.7097123704675699,0.04991292236292311,-0.016834977724147222,-0.00943475170911041,0.0028097152534593763,0.0010979226608082231,-0.0002591489130453397,-0.00010018102600136359,1.4186288068644125e-05,7.732852885278886e-06,-4.999181610843457e-07,12.0
0.5745,1.2303939674271593,0.4536778030335349,1.7075531051655397,0.05127045325804138,-0.01642001225862371,-0.009614346975576534,0.0027361901330314937,0.0011127373526423885,-0.0002518503714674806,-0.00010088670565363348,1.3842077033867633e-05,7.716287758647967e-06,-5.234383646614959e-07,12.0
0.5775000000000001,1.2280464555311479,0.450442346380774,1.7052834579797975,0.05262484938970073,-0.015989585680785737,-0.009789309334899651,0.00266018867109471,0.0011269481319432114,-0.0002442016320718957,-0.00010154438627578712,1.3448198000494805e-05,7.696591949743963e-06,-5.40340371815708e-07,12.0
0.5804999999999998,1.2256723316291045,0.4471364524616238,1.7028991761272858,0.05397625259669275,-0.015543631695000708,-0.00995922277346557,0.002581835707747489,0.0011404326884908627,-0.0002362155959172222,-0.00010213271469603132,1.3003084414231138e-05,7.671767962920251e-06,-5.500670163391555e-07,12.0
0.5834999999999999,1.2232709888203899,0.4437592388153915,1.700395953288175,0.05532461470716705,-0.015082039673192696,-0.010123637445985158,0.0025012517409292896,0.0011530732463625125,-0.00022790702712832588,-0.00010263195330087644,1.2506036811854163e-05,7.63999015006162e-06,-5.522285959431652e-07,12.0
0.5865,1.220841907237892,0.44030988348761196,1.6977695008394893,0.05666965852981268,-0.014604635490278644,-0.010282070965017256,0.002418545438722354,0.0011647606570342867,-0.00021929193039606966,-0.00010302493267927758,1.1957355653340126e-05,7.599701501557341e-06,-5.466426548505202e-07,12.0
0.5895000000000001,1.2183846530887208,0.436787620738795,1.6950155890088419,0.058010850865520915,-0.014111168399818864,-0.010434009854496058,0.0023338087681692467,0.0011753973837490281,-0.00021038718697909603,-0.0001032977232711953,1.1358442493597975e-05,7.549681630841976e-06,-5.333623504286846e-07,12.0
0.5924999999999998,1.2158988761399683,0.433191746605079,1.6921300585443113,0.059347390695960955,-0.013601304898241786,-0.010578911522236433,0.0022471149390247817,0.0011848992911637907,-0.00020121041194119983,-0.00010343999786125132,1.0711849237531973e-05,7.489082943329015e-06,-5.126893860937009e-07,12.0
0.5954999999999999,1.2133843032978973,0.4295216285735003,1.6891088089176034,0.06067821413914079,-0.013074629772321905,-0.01071620707590501,0.00215851898317098,0.0011931962915826136,-0.00019177994953993078,-0.00010344509204217456,1.0021257374551719e-05,7.417435641736944e-06,-4.851687497769331e-07,12.0
0.5985,1.210840726730913,0.4257767119111916,1.6859477732858232,0.06200201586643509,-0.012530653933844761,-0.01084530511619925,0.002068060514286138,0.0012002319865362294,-0.00018211490273649811,-0.00010330979633710659,9.291375096500052e-06,7.334625070487341e-06,-4.515642448868035e-07,12.0
0.6015000000000001,1.2082679866337285,0.42195651513039506,1.6826428926154797,0.06331728463060052,-0.01196882829963637,-0.010965596300105955,0.0019757680846737057,0.0012059624677503741,-0.00017223510311296982,-0.00010303392807698327,8.527749987122743e-06,7.240846576473498e-06,-4.128159080291089e-07,12.0
0.6044999999999998,1.2056659509308887,0.4180606088161054,1.6791901010864303,0.06462234862626542,-0.011388562867575093,-0.011076458048251168,0.001881664580517045,0.0012103544137022487,-0.00016216096676865242,-0.0001026197338160832,7.736507400903569e-06,7.13654356242134e-06,-3.699826402392194e-07,12.0
0.6074999999999999,1.2030344964050423,0.41408857532193133,1.6755853321615024,0.06591542491763315,-0.010789250176802538,-0.01117725839644021,0.001785773233704354,0.0012133825649182266,-0.0001519132393783392,-0.00010207116800209994,6.924037675308804e-06,7.022334068939213e-06,-3.241754262467338e-07,12.0
0.6105,1.200373497199844,0.4100399510379345,1.671824549981846,0.06719466644121846,-0.010170292376338447,-0.01126735780407413,0.0016881240085756851,0.001215026620679322,-0.00014151269345188345,-0.0001013930868169035,6.096666419585075e-06,6.8989305790075125e-06,-2.764880517696058e-07,12.0
0.6135000000000002,1.1976828267463657,0.4059141572299836,1.6679038048280506,0.06845820035245627,-0.009531131014754722,-0.011346107846553809,0.001588760269283726,0.0012152676064687373,-0.00013097988599105885,-0.00010059039346949198,5.260348905725596e-06,6.767057331352775e-06,-2.279329753752668e-07,12.0
0.6164999999999998,1.1949623775405571,0.4017104289907092,1.6638193052918415,0.06970415279217029,-0.008871278319799348,-0.011412846180498874,0.0014877456894379219,0.0012140838337111812,-0.0001203351021231982,-9.966717633508859e-05,4.420430372740489e-06,6.627369594980809e-06,-1.7938980063173936e-07,12.0
0.6194999999999999,1.1922120999536454,0.39742775391095514,1.659567494628674,0.07093065734460159,-0.00819034818347753,-0.011466887927775535,0.001385171308447062,0.0012114467045778701,-0.00010959859416371117,-9.862589396073391e-05,3.5815082446208122e-06,6.480380101824085e-06,-1.3157259617607936e-07,12.0
0.6225,1.189432056979116,0.3930648322213144,1.6551451155338575,0.0721358471779955,-0.007488084448673243,-0.011507514527995023,0.0012811624903637004,0.00120731677227156,-9.879117876824926e-05,-9.746667679367326e-05,2.747420428509113e-06,6.3263988117407914e-06,-8.502023466298925e-08,12.0
0.6255000000000002,1.1866224874952296,0.3886200682354001,1.6505492471107563,0.07331783359645463,-0.0067643836441803615,-0.0115339619443911,0.0011758853596452996,0.0012016406002479617,-8.793518767327849e-05,-9.618682732534663e-05,1.921367585920551e-06,6.1654928023638045e-06,-4.011119196752417e-08,12.0
0.6284999999999998,1.1837838673991286,0.3840915991580352,1.6457773005146612,0.07447467595399271,-0.006019309297733642,-0.01154541064940469,0.0010695521502304603,0.0011943490176056267,-7.705569475458709e-05,-9.478060038452706e-05,1.1061588302493225e-06,5.997472703215164e-06,2.89882250012081e-09,12.0
0.6315,1.1809169568476217,0.379477362223769,1.6408269655845351,0.07560434915143606,-0.005253095569244794,-0.011540979892485597,0.0009624248780043909,0.001185357301824538,-6.618187916764816e-05,-9.323932796261195e-05,3.0455229244408827e-07,5.821910295592521e-06,4.382107715779553e-08,12.0
0.6345000000000001,1.1780228233676389,0.3747751954860309,1.6356961090381479,0.07670471501685187,-0.004466139238900077,-0.011519728299782829,0.0008548168687957315,0.0011745676228509582,-5.53483436247484e-05,-9.155191716751406e-05,-4.803530247174239e-07,5.638188636423962e-06,8.246716814290755e-08,12.0
0.6375000000000002,1.1751028346566657,0.36998296234901584,1.6303826342306427,0.0777735027724098,-0.0036589809096210105,-0.011480661942065606,0.0007470919349410485,0.001161873779375239,-4.459619533927054e-05,-8.970570024229397e-05,-1.2447275097520423e-06,5.445581764747753e-06,1.1858063045569045e-07,12.0
0.6404999999999998,1.1721586206436247,0.3650986861551721,1.6248843213517719,0.07880830175612082,-0.0028322783038872107,-0.011422749819975247,0.0006396613366765414,0.0011471679067078177,-3.397371510172237e-05,-8.768756148577052e-05,-1.983679825812166e-06,5.2433565348767136e-06,1.517766516856732e-07,12.0
0.6435,1.1691920104132898,0.36012067975217993,1.619198673435645,0.07980656698475662,-0.0019867762967954,-0.011344945508368839,0.0005329790006544877,0.0011303485113072368,-2.353648128313053e-05,-8.548521923829253e-05,-2.6910367278441328e-06,5.03088538566168e-06,1.8149917150642016e-07,12.0
0.6465000000000001,1.1662049542479456,0.3550476566164523,1.6133227961710563,0.08076563543814712,-0.001123279378895551,-0.011246212723231843,0.000427535698875624,0.0011113289613365722,-1.334686943742361e-05,-8.308851268736985e-05,-3.359275311772575e-06,4.807756776513495e-06,2.0700285215505688e-07,12.0
0.6495000000000002,1.163199442824076,0.3498788149557199,1.6072533374794222,0.08168274847396872,-0.000242632269271653,-0.011125552001818728,0.00032385293968117344,0.001090045482338903,-3.4729015285277298e-06,-8.04905396145509e-05,-3.9796336547094065e-06,4.573870085932761e-06,2.2736464098632287e-07,12.0
0.6524999999999999,1.160177433673019,0.34461389371641776,1.6009865064576432,0.08255507380306644,0.0006542866715412079,-0.010982025585274002,0.00022247715585507107,0.001066463781302815,6.0135401268839545e-06,-7.768851259080702e-05,-4.5424083220762984e-06,4.329503930703856e-06,2.4152638349798113e-07,12.0
0.6555,1.157140789552253,0.3392532082561896,1.5945181818661796,0.08337971918043201,0.0015665565436884655,-0.01081477792897761,0.00012397442196884778,0.0010405836236675194,1.5039096461392926e-05,-7.468424179615842e-05,-5.03743058681877e-06,4.075350580868151e-06,2.48366710230266e-07,12.0
0.6585000000000001,1.1540912258116887,0.3337976815055507,1.5878441098063378,0.08415372970730527,0.0024931892682728742,-0.010623049962714282,2.8925486396245206e-05,0.0010124409681963773,2.353186679795749e-05,-7.148420343120394e-05,-5.454699002821005e-06,3.8125135975186383e-06,2.4679759310175906e-07,12.0
0.6615000000000002,1.1510302568417872,0.3282488910446106,1.5809601804572726,0.0848740619652419,0.0034330913138375836,-0.010406186238583066,-6.20794918547199e-05,0.0009821075797949832,3.142483849711002e-05,-6.809920490203792e-05,-5.7851334109441205e-06,3.5424702320884734e-06,2.3587858260044287e-07,12.0
0.6644999999999999,1.147959128763502,0.3226091508171547,1.5738627658544784,0.08553753197547843,0.00438501574073197,-0.010163635478234975,-0.00014844728462828184,0.0009496883701015783,3.86597117182506e-05,-6.454370674902297e-05,-6.021401133238595e-06,3.267004048419094e-06,2.149394315232016e-07,12.0
0.6675,1.1448787301137104,0.31688163598833613,1.5665490946411167,0.08614074107953273,0.005347509593509873,-0.00989494684054996,-0.0002295895990863673,0.000915317066325718,4.5190915978954984e-05,-6.083490651621535e-05,-6.158745520149372e-06,2.9881166273307622e-06,1.8369902238673395e-07,12.0
0.6705000000000001,1.1417894863066174,0.31107054035239706,1.5590176345131757,0.08667999448083054,0.006318862021184494,-0.009599766435113831,-0.0003049326957075846,0.0008791511880494517,5.098943698298336e-05,-5.6991733016615224e-05,-6.195718097122752e-06,2.7079302597992308e-06,1.4236499439213467e-07,12.0
0.6735000000000002,1.1386912656166324,0.30518123061403124,1.5512684476954102,0.0871512399053816,0.0072970583905122765,-0.009277840813400209,-0.0003739275957725481,0.0008413676814799806,5.6045848713272414e-05,-5.3033937921363675e-05,-6.134683366815296e-06,2.4285961525044902e-06,9.169492704237743e-08,12.0
0.6764999999999999,1.135583347877384,0.29922033802572706,1.543303479548203,0.08755006464844273,0.00827974540443403,-0.008929035468305254,-0.00043605884345273107,0.0008021607933146426,6.0371764603581914e-05,-4.898149205427833e-05,-5.981945195794874e-06,2.1522240617071275e-06,3.299847041294209e-08,12.0
0.6795,1.1324645206586692,0.2931957163687281,1.5351267379851545,0.08787179183020749,0.009264212011751528,-0.008553375441798612,-0.0004908492305206924,0.0007617436450633757,6.399891949873283e-05,-4.4854471971381995e-05,-5.747359271123691e-06,1.8808478178546537e-06,-3.193646806070353e-08,12.0
0.6825000000000001,1.1293333581149256,0.2871162080032463,1.5267443265243723,0.08811170424542902,0.01024739053246944,-0.008151110782356027,-0.0005378583182825643,0.0007203542674784764,6.697540681195834e-05,-4.067353253061783e-05,-5.443369497399614e-06,1.6164350704587188e-06,-1.0099874920336338e-07,12.0
0.6855000000000002,1.1261886962431336,0.2809912033883875,1.5181643111838852,0.08826539345860071,0.011225881447305469,-0.007722801634303108,-0.0005766743012780032,0.0006782654965181812,6.93592707574328e-05,-3.646089495896712e-05,-5.083542011840375e-06,1.3609380617759953e-06,-1.7197588916259996e-07,12.0
0.6884999999999999,1.1230302485539814,0.2748300486616113,1.5093964321165816,0.0883291872452264,0.012196003171592636,-0.007269407875633553,-0.0006069015156018652,0.0006357963569475474,7.12105655452599e-05,-3.2241567199999274e-05,-4.680840888905701e-06,1.1163672419695623e-06,-2.4280524027264136e-07,12.0
0.6915,1.1198592289559368,0.2686414292836283,1.5004517090987406,0.08830056437761268,0.013153864685057899,-0.006792360132630316,-0.0006281487794692768,0.0005933209812845943,7.258381809760315e-05,-2.804432852982826e-05,-4.246032381391924e-06,8.848561718771533e-07,-3.1179891985304346e-07,12.0
0.6945000000000001,1.116678798498689,0.26243290244559175,1.491342022854362,0.08817844288849322,0.01409545469267021,-0.006293587207041248,-0.0006400253571933593,0.0005512705520107787,7.352314116502336e-05,-2.390195165553352e-05,-3.7866431695586658e-06,6.686813220024786e-07,-3.7778437202064936e-07,12.0
0.6974999999999998,1.1134941637001388,0.25621073610450623,1.4820797659517781,0.08796324439554937,0.01501673738459693,-0.005775482510643946,-0.0006421503819710767,0.0005101248498041455,7.406171878886668e-05,-1.985027598597077e-05,-3.3067810112971833e-06,4.7020934994643083e-07,-4.401213163511767e-07,12.0
0.7004999999999999,1.1103122402188734,0.24998012825057003,1.4726776369109629,0.08765669653028162,0.015913743466381077,-0.005240808239193012,-0.0006341777209554995,0.0004703927395364279,7.422604268866603e-05,-1.5926079661810795e-05,-2.8078666515918305e-06,2.917669968918252e-07,-4.985929566044889e-07,12.0
0.7035,1.1071409349638175,0.24374575013293273,1.4631486012278216,0.08726142028536017,0.016782647008984807,-0.00469255532035149,-0.0006158326513275483,0.0004325844751630534,7.404357178541463e-05,-1.2164116759445478e-05,-2.2900146337540204e-06,1.3545742510628336e-07,-5.532113161204753e-07,12.0
0.7065000000000001,1.1039882376036316,0.2375124349672135,1.453505980557918,0.08678042435635552,0.017619823545017864,-0.0041337914614074005,-0.0005869516997733662,0.0003971816000853711,7.355116239757294e-05,-8.59401333942724e-06,-1.7535732508634836e-06,2.9693622672814297e-09,-6.040050687277055e-07,12.0
0.7094999999999998,1.1008613844667623,0.2312857777238185,1.4437635831797773,0.08621665862767912,0.018421890846159996,-0.0035675320604174566,-0.0005475150530258981,0.00036461109999488844,7.280133146061069e-05,-5.237793729516637e-06,-1.200300960304929e-06,-1.045691435955921e-07,-6.508594908453287e-07,12.0
0.7124999999999999,1.097766324528221,0.22507245280612903,1.4339357790102913,0.08557274761662739,0.019185738120354755,-0.0029966579125079843,-0.0004976632023236513,0.00033522884005460956,7.186433933687189e-05,-2.108589365152883e-06,-6.338365063892325e-07,-1.8665550569882598e-07,-6.934515043931565e-07,12.0
0.7155,1.0947075894990115,0.2188801765928457,1.4240374582238233,0.08485094657271487,0.019908549634119237,-0.0024238848290602426,-0.0004376949016801546,0.0003093139233228317,7.082574817458559e-05,7.893331348657325e-07,-5.9420809363512754e-08,-2.433875433670482e-07,-7.3128191443482e-07,12.0
0.7185000000000001,1.0916885084024788,0.2127173809707678,1.4140838770205193,0.08405327678223384,0.020587824998240318,-0.0018517726201088165,-0.0003680494428423793,0.00028707204227409805,6.978068843967178e-05,3.459503428336194e-06,5.168996500027759e-07,-2.753687630736578e-07,-7.637720819195766e-07,12.0
0.7214999999999998,1.088711591673043,0.2065927547232154,1.4040904501845377,0.0831817430630269,0.021221393847486426,-0.0012827518970292147,-0.00028928008489757275,0.0002686437246983066,6.882686424246524e-05,5.911651125473155e-06,1.0892317345974284e-06,-2.8358029615516047e-07,-7.903778596988406e-07,12.0
0.7244999999999999,1.0857788966738906,0.20051481676243563,1.3940725595099044,0.08223853447495222,0.02180742233165478,-0.0007191485454376911,-0.00020202622207892646,0.00025411327885885857,6.805821348393323e-05,8.16008086054074e-06,1.652636845261804e-06,-2.6925485408722304e-07,-8.106805889930252e-07,12.0
0.7275,1.0828922711425684,0.19449162309283788,1.384045401210751,0.08122614785155091,0.02234441449530173,-0.00016319362468570964,-0.00010699019110445862,0.00024351577345301624,6.756046760693227e-05,1.0222327305799092e-05,2.203586651615403e-06,-2.337745904100525e-07,-8.244334945019839e-07,12.0
0.7305000000000001,1.0800534836698088,0.18853062579528593,1.3740238366279627,0.08014742338108513,0.022831217494495085,0.00038298439729491865,-4.9215740516290385e-06,0.0002368414225681977,6.740903164646807e-05,1.2118170216576643e-05,2.7400369629205364e-06,-1.7859843864113202e-07,-8.315614347119465e-07,12.0
0.7334999999999998,1.077264300459523,0.18263864295643137,1.3640222082298594,0.07900551576028042,0.023267035829900428,0.0009173806839720623,0.0001033918879172886,0.00023403821576023381,6.766878301734056e-05,1.3868934741719506e-05,3.2612166087655678e-06,-1.0521354717261603e-07,-8.32127928793054e-07,12.0
0.7364999999999999,1.0745265279019454,0.176821880881763,1.3540541521536538,0.07780383456200524,0.023651445848226017,0.0014381392945715418,0.0002171308898497546,0.00023501405106010823,6.839471681956042e-05,1.549695256304635e-05,3.7673162733864846e-06,-1.5102402270609647e-08,-8.262929268425911e-07,12.0
0.7395,1.07184199791036,0.17108596487259092,1.3441324803793053,0.0765459796474065,0.02398439549184692,0.001943574221361719,0.00033545294389067436,0.0002396391983441267,6.96323538221397e-05,1.7025090140449088e-05,4.259244531920635e-06,9.028055738635769e-08,-8.1428146299719e-07,12.0
0.7425000000000002,1.069216133085558,0.1654360282766656,1.3342646619926621,0.0752356362754866,0.024266965137376178,0.0024323577949625693,0.00045738335221550503,0.0002477535073667965,7.144767385441055e-05,1.8477016777506985e-05,4.734780876010112e-06,2.0955265277820586e-07,-7.959263198186461e-07,12.0
0.7454999999999998,1.0666375932962013,0.1598763979270767,1.3244777013403746,0.07387674457365156,0.02449704698474491,0.0029025659034708357,0.0005824775117656745,0.00025914471208182596,7.376309246567873e-05,1.9872902746347675e-05,5.208520181238627e-06,3.412440383354085e-07,-7.730410880429964e-07,12.0
0.7484999999999999,1.0638804062920448,0.15440574824091582,1.315059719825378,0.07247672995402338,0.024628441487312844,0.003342551544671827,0.0007168785173566243,0.0002732201656067112,7.478902442155335e-05,2.1184384107977845e-05,5.895957724591774e-06,4.821298995556944e-07,-7.71286762796145e-07,12.0
0.7515000000000001,1.0610375022163876,0.14901885959932662,1.3059089937428114,0.07104516727403899,0.024682617912045502,0.003754884653625055,0.0008568409822629578,0.0002899702428923049,7.523616280378335e-05,2.242108429625054e-05,6.708764615717967e-06,6.334163917438455e-07,-7.803537358996872e-07,12.0
0.7545000000000002,1.0583318553681766,0.14371967701534344,1.2967629561778027,0.06958532116646507,0.02470727195307323,0.004148760384394952,0.000994828673243876,0.00030957823651185407,7.685468792665823e-05,2.3642243358200323e-05,7.443919066779382e-06,7.966945816809793e-07,-7.763037008495756e-07,12.0
0.7574999999999998,1.055823650764628,0.1385164679078859,1.2875563434946338,0.06809720315503094,0.024715640142852234,0.004526657646029265,0.0011283801943360436,0.0003318588437340263,8.011476595251738e-05,2.489469552149677e-05,8.053386608798375e-06,9.70730734889218e-07,-7.53441390305119e-07,12.0
0.7605,1.0534615760614552,0.133414966483279,1.2783591801266914,0.06658214394870149,0.02469833936701087,0.004886189796245024,0.001258371931850028,0.0003563861950475226,8.460155806710052e-05,2.6197649718003445e-05,8.589140546935774e-06,1.153109369494611e-06,-7.178925714803975e-07,12.0
0.7635000000000001,1.0511938007891302,0.12841795054688376,1.2692415287762984,0.06504321721680488,0.024646517163210695,0.005224929850278816,0.0013856577230521969,0.0003827408457135995,8.988903723608134e-05,2.755931598790305e-05,9.100603707125317e-06,1.3418832775240377e-06,-6.755326309088173e-07,12.0
0.7665000000000002,1.0489961722891024,0.12352681497100955,1.2602392579818689,0.0634842731607265,0.024557365190013343,0.005541695773032379,0.0015102773537993754,0.00041057495305540367,9.576256522629168e-05,2.8987100386165586e-05,9.6110432804133e-06,1.5357717482307796e-06,-6.291944264269602e-07,12.0
0.7694999999999999,1.0468608564621344,0.11874236492322232,1.25136791265098,0.06190942624160765,0.024431615213007647,0.00583608088997604,0.0016318158915562405,0.00043958840823307287,0.00010213227249188728,3.0488313079376084e-05,1.012857358489011e-05,1.7338681382626e-06,-5.799578453467037e-07,12.0
0.7725,1.0447852121905743,0.1140648549490897,1.242636101284749,0.06032300752381201,0.024271269531652647,0.006107967152439435,0.0017497231920792305,0.0004695073583340714,0.00010895064869886163,3.206847895800305e-05,1.0655667173637795e-05,1.935441559418666e-06,-5.282735718779842e-07,12.0
0.7755000000000001,1.0427670828347528,0.10949369241910956,1.234050894374935,0.058729700365341315,0.024078735639415715,0.006357304920146441,0.0018634317763133376,0.0005000804298598276,0.0001161819880785458,3.373012748189735e-05,1.1192538046002853e-05,2.1398738392395533e-06,-4.7436891223040514e-07,12.0
0.7785000000000002,1.0408032511203509,0.10502703612855091,1.2256192665147212,0.057134706885982454,0.023856629860119907,0.0065840304187147645,0.0019723815190847978,0.0005310834094412355,0.00012379684562100482,3.547222724572995e-05,1.1737757105977849e-05,2.3466529431130103e-06,-4.1832668766529585e-07,12.0
0.7814999999999999,1.038888984949893,0.10066151229917984,1.2173482904419366,0.05554383046847518,0.023607753739045705,0.006788042192521128,0.0020760235625048745,0.0005623236851760327,0.00013177258677475972,3.729016577633684e-05,1.2288287556719367e-05,2.555369054902387e-06,-3.600921405546247e-07,12.0
0.7845,1.0370182243636592,0.09639234139908885,1.209244935526371,0.05396334556478497,0.023335056105963495,0.00696922573141899,0.002173831067172757,0.0005936385344091192,0.00014009259407160379,3.917638163333055e-05,1.2839773108025456e-05,2.7656845297748587e-06,-2.9950379931326065e-07,12.0
0.7875000000000001,1.0351844975937672,0.09221414097471942,1.2013156652467218,0.05239955353399395,0.023041517022116917,0.0071275325018118705,0.0022653255017473415,0.0006248837118049842,0.0001487414894654564,4.1121727009709285e-05,1.338734172571725e-05,2.9772648602063134e-06,-2.3637813088309167e-07,12.0
0.7905000000000002,1.0333825667487924,0.08812245831851433,1.1935659313438727,0.05085802893703363,0.02272994649723617,0.007263105713963063,0.002350117026822562,0.0006559125088892323,0.00015769622238251017,4.311736642854799e-05,1.3926868179326895e-05,3.1896763357834614e-06,-1.706425862273934e-07,12.0
0.7934999999999999,1.0316104642721613,0.08411573544124407,1.1859997106927807,0.049342718279231576,0.022402738653055056,0.007376420171071021,0.0024279489465485844,0.0006865503787887756,0.00016691512983929948,4.515667649459446e-05,1.4456362937576167e-05,3.4022769818155846e-06,-1.0248221207774503e-07,12.0
0.7965,1.0298712543194566,0.08019708055397161,1.1786192677254246,0.0478551855431033,0.02206165833013739,0.00746838486595831,0.002498730755685788,0.0007165741708974397,0.00017632878001364038,4.7236427009905475e-05,1.4976985388391213e-05,3.6141409610937446e-06,-3.2446978271041966e-08,12.0
0.7995000000000001,1.0281737657243066,0.07637511628748132,1.171425289369571,0.04639432034267757,0.021707743246355077,0.007540358646768823,0.002562545210847248,0.0007457054568627771,0.00018583663395934215,4.935665928488352e-05,1.5493221564506158e-05,3.824053064207635e-06,3.8528795136339937e-08,12.0
0.8025000000000002,1.0265318077101697,0.07266340597575076,1.1644174251705635,0.04495669785772614,0.021341372284773067,0.007594055120118817,0.0026196227140555563,0.0007736233410600573,0.00019531190893964237,5.151912676207785e-05,1.6012035127688534e-05,4.030587546666592e-06,1.0921557352179857e-07,12.0
0.8054999999999999,1.0249619153366285,0.06907845745657817,1.1575951165975984,0.04353754871089569,0.02096249126430025,0.007631353100962421,0.002670287940340848,0.0007999950274278026,0.00020461410220660263,5.372472870121964e-05,1.6541183526465973e-05,4.232253795782836e-06,1.782669432005221e-07,12.0
0.8085,1.0234802350628929,0.06563684417571487,1.1509584869111786,0.04213206803841966,0.02057092883475874,0.007654064516772518,0.002714893671257705,0.000824515587719794,0.0002136057730293964,5.59707684990011e-05,1.708720731200791e-05,4.4276656716029465e-06,2.444345348027588e-07,12.0
0.8115000000000001,1.0220994822072846,0.062352309657380305,1.1445090422529673,0.04073667467735718,0.02016670423427803,0.007663725827471777,0.002753760621605237,0.0008469450958202313,0.00022216871172048264,5.8248908757952104e-05,1.765370196254554e-05,4.6156841241670935e-06,3.067557650994574e-07,12.0
0.8144999999999998,1.020826840901719,0.059233691454127865,1.1382500138237588,0.03934987250055653,0.019750237999395657,0.007661466412121526,0.0027871383633689727,0.0008671328798556061,0.00023021513478997525,6.054437909139062e-05,1.8240335966555142e-05,4.795495749247066e-06,3.646650345089843e-07,12.0
0.8174999999999999,1.0196632907565606,0.05628415618466301,1.1321863067743432,0.037972533345045384,0.019322418552187158,0.007647976337677723,0.0028151936630139473,0.0008850239143097192,0.00023769162409390608,6.283650456730194e-05,1.884277742578928e-05,4.966614982656614e-06,4.180098437400887e-07,12.0
0.8205,1.018604334862684,0.05350176031770773,1.1263241463616254,0.03660762713698386,0.018884530426796293,0.007623562335141894,0.0028380230671230552,0.0009006485853242122,0.00024457609827378005,6.51002038212007e-05,1.945338522684737e-05,5.128822335636592e-06,4.669852212979271e-07,12.0
0.8235000000000001,1.017641692331319,0.050880950451234336,1.120670572887163,0.03525958098284126,0.01843809144393038,0.00758825870350849,0.0028556802826176586,0.0009141015685244966,0.0002508700704802508,6.730791802917014e-05,2.006233459898669e-05,5.282066229668258e-06,5.120201336715519e-07,12.0
0.8264999999999998,1.016765336675557,0.048414422705622774,1.1152329198493658,0.03393350793771683,0.01798466387318558,0.007541955006679337,0.002868207407133027,0.0009255170612219485,0.00025658921727008495,6.94314947375872e-05,2.0658823860311035e-05,5.426358932746753e-06,5.536535181266503e-07,12.0
0.8294999999999999,1.0159653143957332,0.04609478846623393,1.1100183394485625,0.03263451288617695,0.017525698655857652,0.0074845117082735346,0.0028756615380314417,0.0009350463981205437,0.00026175491250037333,7.144376823903483e-05,2.123211147663937e-05,5.561690736417598e-06,5.924286208587939e-07,12.0
0.8325,1.0152329810710539,0.043915671629772134,1.1050333606400853,0.031367197003160936,0.017062450673809543,0.0074158502222131835,0.002878132545342085,0.0009428414245404935,0.0002663883431131851,7.33198147826769e-05,2.1772281619934008e-05,5.687976053630893e-06,6.288198795175062e-07,12.0
0.8355000000000001,1.01456153465445,0.04187209179192578,1.1002834176867657,0.03013538978845341,0.016595977313419212,0.007336017225121523,0.002875751696900855,0.0009490442998018731,0.0002705076750536553,7.503801022850021e-05,2.2270759835244832e-05,5.805035044981293e-06,6.631935616951155e-07,12.0
0.8384999999999998,1.013945923875263,0.039960190069944064,1.0957722912791932,0.028942070731731925,0.016127209934324652,0.0072452298949516065,0.002868693158711267,0.000953782568032034,0.00027412785911299677,7.658103825682917e-05,2.2720660195349692e-05,5.912607007067265e-06,6.957954662974514e-07,12.0
0.8414999999999999,1.0133823266387887,0.0381764902170065,1.0915014543556447,0.027789412318079253,0.01565707212801714,0.007143908639128244,0.002857171014960643,0.0009571676226848013,0.0002772621959420736,7.793691026272866e-05,2.311704126156285e-05,6.010387384216164e-06,7.267565204073866e-07,12.0
0.8445,1.0128674309575756,0.03651695102709077,1.0874693863340905,0.026678876783899817,0.015186610813934983,0.007032699499513392,0.0028414339239466358,0.0009592948725466927,0.00027992467221250774,7.909992356526952e-05,2.3457105009718764e-05,6.098078209824228e-06,7.561083000817873e-07,12.0
0.8475000000000001,1.012397730844288,0.03497606761747504,1.0836709809582787,0.02561131758778264,0.014717105901798816,0.006912483436377937,0.0028217586171980632,0.0009602445534786433,0.00028213221357553523,8.007137045662748e-05,2.3740322721346635e-05,6.175441374638528e-06,7.838031451870239e-07,12.0
0.8504999999999998,1.0119689963118492,0.03354623449766124,1.0800971981128817,0.0245870599568679,0.014250130517409943,0.006784367029694694,0.002798442747823698,0.0009600828153537647,0.0002839062540715949,8.085976714691543e-05,2.3968440178946286e-05,6.24234511159522e-06,8.097359951440242e-07,12.0
0.8534999999999999,1.0115760095015298,0.032217507561444786,1.0767350869519003,0.023605954450875037,0.013787545152243343,0.00664965003003278,0.002771797341250906,0.0009588631920261505,0.0002852733098619438,8.148041700537724e-05,2.4145313090674263e-05,6.298796454986744e-06,8.337666221455698e-07,12.0
0.8565,1.011212591197864,0.03097781049705569,1.073568242118776,0.02266740964921758,0.013331423291544027,0.0065097691211068115,0.002742139219625323,0.0009566287436880773,0.0002862645145394527,8.195424135654371e-05,2.4276550008286632e-05,6.344955922086178e-06,8.557415648630147e-07,12.0
0.8595000000000002,1.010871882831551,0.029813539960092575,1.070577666394448,0.021770414931982708,0.012883920189682985,0.006366222537670299,0.002709784012354221,0.0009534150791115404,0.0002869142908557205,8.230596431509934e-05,2.436898162189921e-05,6.381134565470035e-06,8.755150861562106e-07,12.0
0.8624999999999998,1.0105468054959184,0.028710449591931454,1.0677429277242894,0.020913563891169617,0.012447107524722221,0.006220484837621491,0.002675040482579213,0.0009492542209245975,0.00028725847777209005,8.256187859406364e-05,2.4430016236904424e-05,6.407776869335591e-06,8.929682518140269e-07,12.0
0.8654999999999999,1.010230594244629,0.02765464876792942,1.0650434395277373,0.020095085600875303,0.012022802446596639,0.006073923641729214,0.0026382067653422147,0.0009441789907678888,0.00028733229107774525,8.274750769467131e-05,2.4466968066975143e-05,6.4254348994047056e-06,9.080250223304826e-07,12.0
0.8685,1.00991730451613,0.026633544308922275,1.0624596743795807,0.019312886860406466,0.01161241916127774,0.005927729890309144,0.0025995687505152043,0.000938227368503401,0.0002871684726804508,8.288549593698232e-05,2.448645072359118e-05,6.434739383147623e-06,9.206642240466785e-07,12.0
0.8715000000000002,1.0096022055507652,0.025636580387159717,1.0599741443426345,0.018564605035692544,0.011216865313922037,0.005782870384118372,0.002559400378840375,0.0009314461887356505,0.0002867958949783799,8.29940029451073e-05,2.4493913220307854e-05,6.43637229544046e-06,9.309264818204391e-07,12.0
0.8744999999999998,1.0092820072073756,0.024655684113927382,1.0575720373440531,0.017847669044498218,0.01083649590497063,0.005640066978227588,0.0025179652042849688,0.0009238935987914727,0.00028623876061834936,8.308577316120451e-05,2.449336587743292e-05,6.431043690386888e-06,9.389156296818958e-07,12.0
0.8775,1.0089549036478644,0.023685387891429616,1.0552414720317402,0.017159365551919988,0.010471126746102259,0.005499801954653711,0.002475518321428125,0.0009156398894420213,0.0002855164067239471,8.316792344310815e-05,2.448730747011702e-05,6.4194735945604654e-06,9.447946731877763e-07,12.0
0.8805000000000001,1.0086204518224402,0.02272265991395601,1.0529734055760638,0.01649690825377231,0.01012009989800073,0.005362344910679509,0.0024323077066219097,0.0009067665666514003,0.00028464361471300853,8.324237323584024e-05,2.4476831524799267e-05,6.4023781979628735e-06,9.487769223766726e-07,12.0
0.8835000000000002,1.00827932813454,0.021766519325748954,1.0507612845005112,0.015857509553163337,0.009782386847773508,0.0052277937488323465,0.002388574162133878,0.0008973637940965993,0.00028363126042973535,8.3306755615149e-05,2.446186539481291e-05,6.380458556562562e-06,9.511133254990957e-07,12.0
0.8864999999999998,1.0079330195559542,0.02081753562574108,1.0486005581511086,0.01523845515626148,0.009456712161519536,0.005096121392389586,0.0023445493371624846,0.0008875265485085782,0.00028248712005687676,8.335560555958088e-05,2.4441483968674657e-05,6.354389624194018e-06,9.520772505980636e-07,12.0
0.8895,1.0075835054651212,0.01987731188614215,1.0464881752844086,0.014637182411101238,0.009141680814524598,0.004967220591692232,0.002300451673037917,0.0008773499637352106,0.00028121666886431136,8.338162368420173e-05,2.4414240600434582e-05,6.324807670008126e-06,9.51948001254712e-07,12.0
0.8925000000000001,1.0072329760365455,0.01894803226506136,1.044422160557794,0.014051362212309054,0.008835895463585961,0.004840941199781782,0.0022564805267679443,0.0008669243913441195,0.0002798237581199314,8.337684918947694e-05,2.4378468453155874e-05,6.292294965950068e-06,9.509942863880621e-07,12.0
0.8955000000000002,1.0068836162898387,0.018032123540222787,1.0424013283019815,0.013478982090258435,0.008538054334233705,0.004717116953410322,0.002212809112603644,0.0008563306901838788,0.0002783111134408729,8.333362963431743e-05,2.4332521725972334e-05,6.257361903994648e-06,9.494587710981874e-07,12.0
0.8984999999999999,1.0065374665725326,0.01713204648494168,1.040425146730732,0.012918425249995527,0.008247024936840167,0.004595581444985915,0.0021695772094533785,0.0008456361959157979,0.0002766806505421422,8.324533191709813e-05,2.4274943716191898e-05,6.2204281520991836e-06,9.47544759165972e-07,12.0
0.9015,1.0061963543079633,0.016250203385915946,1.038493726856174,0.012368537685899045,0.007961892616279942,0.004476175083509681,0.002126884758940176,0.0008348917324400602,0.00027493364200028187,8.310678691286141e-05,2.4204563660425888e-05,6.181805708304025e-06,9.454059864209759e-07,12.0
0.9045000000000001,1.0058618808886672,0.015388927972449028,1.0366078841583117,0.011828673998931503,0.007681985559512447,0.004358746105014093,0.0020847874829528486,0.000824129921168514,0.0002730707877313044,8.291449357993455e-05,2.4120534554779906e-05,6.141687387037418e-06,9.4314038455879e-07,12.0
0.9075000000000002,1.0055354425808318,0.014550515578920648,1.0347692109298756,0.011298712905908979,0.007406879344549588,0.004243149032884733,0.0020432954637107253,0.0008133649254831343,0.00027109224404845735,8.266662641525834e-05,2.4022329019918733e-05,6.100144109778602e-06,9.407884460309813e-07,12.0
0.9104999999999999,1.0052182647128578,0.013737253786284369,1.032980102691188,0.010779035947798067,0.007136384704379942,0.004129243538574367,0.002002375271090806,0.0008025936386246721,0.0002689976562328483,8.236289597797513e-05,2.39097104164418e-05,6.0571333228166875e-06,9.383364497325354e-07,12.0
0.9135,1.0049114327659079,0.012951424332689926,1.0312436995332825,0.010270467323698206,0.0068705222832375805,0.004016895679421384,0.0019619557448370046,0.0007917981887813031,0.000266786223296659,8.200431034405315e-05,2.3782693291831673e-05,6.012519115303231e-06,9.357243131992794e-07,12.0
0.9165000000000001,1.0046159103789682,0.012195261941730502,1.029563727233507,0.00977417832203701,0.0066094880937862385,0.003905982307271858,0.001921937024728356,0.0007809495062756754,0.00026445680617523805,8.159287992508721e-05,2.3641502556045538e-05,5.966102541526955e-06,9.3285729138104e-07,12.0
0.9195000000000002,1.0043325409287427,0.011470870979195578,1.0279442475599947,0.009291565355950288,0.006353613301327191,0.0037963983380252153,0.001882201962228342,0.0007700115908415663,0.0002620080756596284,8.113130177551596e-05,2.3486536042411944e-05,5.917658733501387e-06,9.296202495706987e-07,12.0
0.9224999999999999,1.00406203486789,0.010780113257973095,1.0263893471825418,0.008824114917972773,0.006103321866786905,0.003688065757775285,0.00184262872485057,0.0007589460499989363,0.0002594386861552361,8.062265343594294e-05,2.331833136022617e-05,5.86697605967852e-06,9.258929052096143e-07,12.0
0.9255,1.0038049485949914,0.010124487752375321,1.0249028065708004,0.008373270861777101,0.005859089377950745,0.0035809428210428055,0.0018031032724879442,0.0007477164664927615,0.0002567474566904804,8.007012049927145e-05,2.313753569608064e-05,5.813892132381397e-06,9.215643358851694e-07,12.0
0.9285000000000001,1.003561662047374,0.009505024698265127,1.0234877928605335,0.007940318799718592,0.005621405978622612,0.0034750318721533343,0.0017635304556568821,0.0007362921986020514,0.00025393354129870163,7.94767759735973e-05,2.2944876503141757e-05,5.7583219668399e-06,9.165452119589125e-07,12.0
0.9315000000000002,1.0033323616853183,0.008922213078424533,1.0221466146683018,0.007526299203645679,0.00539074561691808,0.003370384511904077,0.0017238427304485,0.0007246513150533855,0.00025099657587248313,7.884542281466018e-05,2.274113151447836e-05,5.7002749064542575e-06,9.107765969238525e-07,12.0
0.9344999999999999,1.0031170336187039,0.00837597335717059,1.0208805645987737,0.007131955729387933,0.005167542918380325,0.003267103311170421,0.0016840058448620988,0.0007127824985978733,0.0002479367960597997,7.81785038162364e-05,2.2527097724955596e-05,5.639858743539406e-06,9.04234685645642e-07,12.0
0.9375,1.0029154690019328,0.007865678604911492,1.0196898599217916,0.006757719459651127,0.004952177972761479,0.003165339804824046,0.0016440212536413927,0.0007006858945770468,0.0002447551285608503,7.747807594501602e-05,2.2303560368569573e-05,5.577271396679217e-06,8.96931416681128e-07,12.0
0.9405000000000001,1.0027272811604873,0.007390218922552518,1.0185736768390226,0.006403724380675432,0.004744968373368626,0.0030652889700404614,0.0016039253959694664,0.000688373007773724,0.00024145326416584787,7.674584001902928e-05,2.2071264021665058e-05,5.512782189771576e-06,8.889114011925481e-07,12.0
0.9434999999999998,1.002551931751378,0.006948097955388672,1.0175302615419028,0.006069845479213794,0.0045461671222669356,0.0029671807327294433,0.0015637862728795568,0.0006758658423824749,0.0002380337234750461,7.59832121681507e-05,2.1830888491871028e-05,5.446705947501009e-06,8.802459852685867e-07,12.0
0.9464999999999999,1.002388761944015,0.006537547125090776,1.016557093536423,0.005755748953012955,0.00435596461514903,0.002871269233496016,0.0015236979637087262,0.0006631955250764195,0.00023449992484354205,7.51914213136878e-05,2.1583031994971437e-05,5.379373651345841e-06,8.7102546961372e-07,12.0
0.9495,1.0022370242776648,0.006156643012127904,1.0156510740677203,0.005460944249537091,0.00417449287028977,0.0027778206411528342,0.0014837738206388874,0.0006504006494661681,0.00023085625918965654,7.437161705891102e-05,2.1328203332757566e-05,5.311103305292357e-06,8.613505520174592e-07,12.0
0.9525000000000001,1.0020959114627177,0.005803415413505719,1.014808714568837,0.005184829612200345,0.004001830416137036,0.0026871002735726146,0.001444139090456141,0.0006375255405858774,0.00022710816934818726,7.352497453985963e-05,2.1066823549713902e-05,5.242174068945945e-06,8.513239624580038e-07,12.0
0.9554999999999998,1.0019645797483068,0.005475936956195799,1.0140263058075456,0.0049267258560025,0.003838006700254748,0.002599359723756895,0.0014049236536666447,0.000624618575420539,0.00022326222462653735,7.265278624872709e-05,2.0799236132502032e-05,5.172805820103065e-06,8.41043071068823e-07,12.0
0.9584999999999999,1.0018421662556307,0.005172388773026521,1.013300056252504,0.0046858964607569735,0.003683005408964491,0.00251482463129957,0.0013662554639940663,0.0006117306272567909,0.00021932617609435372,7.175653475181761e-05,2.0525723523833952e-05,5.1031453168131745e-06,8.305940103635065e-07,12.0
0.9615,1.0017278014646556,0.004891099986692357,1.0126261963327434,0.004461555102318337,0.0035367665850080817,0.0024336836994807575,0.0013282551334461636,0.0005989136438144144,0.00021530897631194767,7.083794375752826e-05,2.0246526836974612e-05,5.033259222744449e-06,8.200476031807135e-07,12.0
0.9645000000000001,1.0016206194222237,0.004630561382523763,1.0120010519787346,0.004252864003801501,0.003399187824547135,0.002356079524048915,0.0012910319527167633,0.0005862193335019117,0.00021122074918949508,6.9899007528125e-05,1.996186540206787e-05,4.963133568908386e-06,8.094571541511053e-07,12.0
0.9674999999999998,1.0015197689052544,0.004389415791833526,1.0114210947374196,0.004058927808677602,0.0032701250847454386,0.0022821017421441325,0.001254681474423462,0.0005736979264734589,0.00020707270098976148,6.89419998704337e-05,1.9671953266539756e-05,4.8926788134632905e-06,7.988579617799079e-07,12.0
0.9704999999999999,1.0014244286570848,0.004166429524087675,1.0108829761766258,0.003878788119338337,0.00314939372427313,0.002211782896791527,0.0012192846288337235,0.000561396996343738,0.0002028769708129047,6.796946394957522e-05,1.9377010981442122e-05,4.821739526633891e-06,7.882682490389857e-07,12.0
0.9735,1.001333829128582,0.003960450651731961,1.0103835515067576,0.0037114236177089935,0.0030367703275260426,0.0021450972246413926,0.00118490820221395,0.0005493603667973761,0.00019864642634800667,6.698418335597566e-05,1.9077272746103725e-05,4.750107808399847e-06,7.776910964844281e-07,12.0
0.9765000000000001,1.0012472822508525,0.0037703607958197564,1.0099198925785506,0.0035557600185237345,0.002931995633148927,0.002081962317789514,0.0011516064022164263,0.0005376271720401942,0.00019439441628488384,6.598913388011989e-05,1.8772990910616496e-05,4.677539738397746e-06,7.67116896077703e-07,12.0
0.9794999999999998,1.0011642198316248,0.0035950270287283064,1.0094892855484003,0.003410693112376937,0.0028347785302949534,0.0020222433219911863,0.0011194231738621801,0.0005262311751753361,0.0001901344932713679,6.498741506962343e-05,1.84644414656549e-05,4.60377433603433e-06,7.565258318225402e-07,12.0
0.9824999999999999,1.0010842398891966,0.003433259830724877,1.0090892054845932,0.0032751267170263074,0.0027448006992234777,0.0019657590827692317,0.0010883949107911265,0.0005152004580900205,0.00018588012101353413,6.398216152159461e-05,1.8151934890222647e-05,4.528554556968553e-06,7.458899476693266e-07,12.0
0.9855,1.0010071576852926,0.0032837827478827165,1.0087172603757673,0.0031480251151747535,0.0026617212414215517,0.0019122895291234982,0.0010585532059863107,0.0005045575676481749,0.00018164437857752356,6.297643636420599e-05,1.7835835965991103e-05,4.4516496898622796e-06,7.351745029433634e-07,12.0
0.9885000000000002,1.0009330532456262,0.003145221042960383,1.0083711007664795,0.0030284761065630947,0.00258518079776979,0.001861583676771061,0.0010299272662593576,0.0004943201311999086,0.00017743967810688772,6.197311337509531e-05,1.751659348143017e-05,4.3728781312002204e-06,7.243385547236842e-07,12.0
0.9914999999999998,1.000862299518232,0.0030161210024943585,1.0080482980165937,0.0029157561198919543,0.002514805327387736,0.0018133679645656994,0.0010025455494025246,0.0004845018486142187,0.0001732775215958689,6.097475888707711e-05,1.7194776306610925e-05,4.2921289858560085e-06,7.133350282813194e-07,12.0
0.9944999999999999,1.0007955473008705,0.002895016786497609,1.0077462028526767,0.0028093838679939995,0.0024502107640603913,0.0017673551075395421,0.0009764360975085452,0.00047511365598702933,0.00016916833522295617,5.9983528576717475e-05,1.6871107329154663e-05,4.209380455001065e-06,7.021108636678999e-07,12.0
0.9975,1.0007336407200826,0.0027805618399494715,1.007461805210275,0.002709146083832556,0.0023910106136799105,0.0017232539932881706,0.0009516250389636741,0.00046616478359617154,0.00016512142529124545,5.900109556500338e-05,1.6546483596225047e-05,4.1247128055664154e-06,6.906080141896676e-07,12.0
1.0005000000000002,1.0006774493317816,0.002671727904963024,1.0071916251613733,0.002615081179943841,0.0023368283025200502,0.001680781003916253,0.0009281329784563088,0.0004576634469172442,0.00016114508208103778,5.802862355613061e-05,1.6221972608301256e-05,4.038314133154838e-06,6.78765954545508e-07,12.0
1.0034999999999998,1.000627637326059,0.0025680392013840243,1.0069316717432697,0.002527416857173483,0.00228731388305533,0.0016396722630368865,0.0009059696232910669,0.0004496170379936823,0.00015724680536717022,5.706679219591759e-05,1.589878279754991e-05,3.950478218984779e-06,6.665258485698791e-07,12.0
1.0065,1.0005844456436725,0.0024697541813761582,1.0066775100028857,0.0024464755137769568,0.002242160386587948,0.0015996948066941054,0.0008851279797932292,0.00044203189324990255,0.00015343354351269863,5.6115873954344495e-05,1.557821945564926e-05,3.86159529112616e-06,6.538357353972404e-07,12.0
1.0095,1.0005476233318211,0.002377849479174553,1.0064244730000642,0.0023725821973852933,0.0022011098199262555,0.0015606531199351995,0.0008655805184698923,0.00043491291983241767,0.0001497117549927606,5.517585613007627e-05,1.5261650893803023e-05,3.772137899961153e-06,6.406553223745295e-07,12.0
1.0125000000000002,1.000516681325237,0.002293631636165923,1.0061680375179167,0.0023060258402381475,0.0021639352011500416,0.0015223865404185325,0.0008472803606927215,0.00042826349211571966,0.00014608705655972087,5.424659851260716e-05,1.4950517489085623e-05,3.6826449806916484e-06,6.269585480339299e-07,12.0
1.0154999999999998,1.0004916222391518,0.002217838112959119,1.0059043385838224,0.0022471272627736503,0.002130386797433806,0.0014847529938213893,0.0008301702444113326,0.0004220860928985457,0.0001425632459304324,5.332801040402504e-05,1.4646415257358667e-05,3.5937076193649096e-06,6.127320944455711e-07,12.0
1.0185,1.0004741937815067,0.0021492211182966925,1.005630721770475,0.002196449070066795,0.002100101313397747,0.0014475955468345727,0.0008142003056908267,0.00041638421269673853,0.0001391405990605819,5.242021090830035e-05,1.4351274262666133e-05,3.5059604169682404e-06,5.979684244780139e-07,12.0
1.0215,1.000469484561631,0.0020828630017925604,1.0053461428297328,0.0021551298863003183,0.0020724937328304937,0.0014106922816793737,0.0007993519946541708,0.00041116580931597926,0.00013581360840876275,5.152361107199181e-05,1.4067619601418522e-05,3.4200815059826724e-06,5.826532775443707e-07,12.0
1.0245000000000002,1.0004872740432262,0.0020088760799684417,1.0050511919753984,0.0021252128872962122,0.0020466805019156986,0.0013737030351245686,0.0007856588881569201,0.0004064473103993704,0.00013256892828601927,5.063887500206884e-05,1.3798814988457015e-05,3.3367975067955444e-06,5.667521362520004e-07,12.0
1.0274999999999999,1.00054195205745,0.001912659814729049,1.0047476556123658,0.0021096492466301897,0.00202151019612972,0.001336155539804566,0.0007732057593096154,0.0004022536165288104,0.0001293853960910239,4.976685877691696e-05,1.3549009960676796e-05,3.256870908153495e-06,5.502108068802462e-07,12.0
1.0305,1.0006493207941474,0.0017782306225289813,1.0044378762577264,0.0021114696810085086,0.0019957811678618584,0.0012975496785153427,0.0007620798893869786,0.0003986047373871463,0.00012623917268378667,4.890888860398474e-05,1.3322305438951857e-05,3.181021084192054e-06,5.329987984708982e-07,12.0
1.0335,1.0008191182644248,0.0015954831929776583,1.0041245143945587,0.0021317328481719766,0.001968666303349006,0.001257651674659995,0.0007522583631931996,0.0003954799906204091,0.00012311638198210222,4.806784517310893e-05,1.3120734948770287e-05,3.109730205949939e-06,5.152212200357215e-07,12.0
1.0365000000000002,1.0010450567393436,0.0013694618409671195,1.0038110971503824,0.0021667469136972995,0.0019402090572216797,0.0012169135381757522,0.0007434631815866848,0.0003927675152285003,0.00012003007014361984,4.7249892427425776e-05,1.2941547339675138e-05,3.0429716744544873e-06,4.972718058827107e-07,12.0
1.0394999999999999,1.001299559433757,0.001125008623112753,1.0035025367292094,0.0022067494283773675,0.0019115435549071512,0.0011766696592886592,0.0007350995026581633,0.0003902427127050819,0.00011702755783942894,4.646507713448213e-05,1.2776030133200008e-05,2.980084336711236e-06,4.798892948867292e-07,12.0
1.0425,1.0014999786837386,0.0008508624143629199,1.003183696031026,0.002240130223565881,0.0018779698431071518,0.001132151434813133,0.000724317067205843,0.00038741097495577034,0.00011407151699039732,4.5617771928916594e-05,1.2574898102683846e-05,2.9163200077997763e-06,4.646059083788097e-07,12.0
1.0455,1.0015206341495146,0.0007906615633616207,1.0030718059784636,0.0022227244179284233,0.0018528170168065359,0.0011094578303168453,0.0007155626194710378,0.0003842019018470872,0.00011183989877502886,4.493857226996818e-05,1.2358087484960485e-05,2.8598214864505228e-06,4.5514711071240574e-07,12.0
1.0485000000000002,0.9988487931424399,0.0006386205900167867,1.0058155420513217,0.002224566860842314,0.00143048653810239,0.0010791434309370966,0.0007748844823056543,0.0003773267026221617,9.830594913491952e-05,0.0,0.0,0.0,0.0,8.0
1.0514999999999999,0.9990844113028352,0.0007584691284750184,1.0055388165288341,0.0021124544927677495,0.0014025441547453872,0.0010762832188280788,0.0007657329075763156,0.0003689982521545835,9.55908585576635e-05,0.0,0.0,0.0,0.0,8.0
1.0545,0.9993751234047953,0.0009343943673115343,1.0052601529065552,0.0019782849746276796,0.0013691652496855937,0.0010767618034651153,0.0007580616952531192,0.00036040381525310366,9.264074580318902e-05,0.0,0.0,0.0,0.0,8.0
1.0575,0.9996808941029435,0.0011280790224277696,1.0049734811285318,0.0018308477816471455,0.001333608636411708,0.0010800427220472788,0.0007513493471817397,0.00035148109759352143,8.947915041416397e-05,0.0,0.0,0.0,0.0,8.0
1.0605000000000002,0.9999558649216708,0.0012893209348425576,1.00466925960091,0.001684722773342115,0.0013012537574695266,0.0010846238112970444,0.0007445083331559545,0.00034224936567781706,8.621819386807534e-05,0.0,0.0,0.0,0.0,8.0
1.0635,1.0001667322759666,0.0013829046217300573,1.0043457233486315,0.0015524364643821021,0.0012761361162449715,0.0010889628327328802,0.0007365634843141878,0.0003327235421339329,8.295149784413298e-05,0.0,0.0,0.0,0.0,8.0
1.0665,1.0003032550768927,0.0013999777859277614,1.004010531836534,0.0014408531458970878,0.0012597462694332396,0.001091910274239435,0.0007269015474695972,0.00032288205175469296,7.971797971775077e-05,0.0,0.0,0.0,0.0,8.0
1.0695000000000001,1.000374959470669,0.001354289543468119,1.0036789381964768,0.0013515380610754544,0.001251217728868228,0.0010926780266808012,0.0007152538441687619,0.00031268044273942105,7.651076778997741e-05,0.0,0.0,0.0,0.0,8.0
1.0724999999999998,1.000401674791709,0.001271307905493566,1.0033694253727878,0.0012827680268308486,0.0012482008788513679,0.0010906536613129569,0.0007015681476241253,0.0003020806852447547,7.330383791668283e-05,0.0,0.0,0.0,0.0,8.0
1.0755,1.0004045641660262,0.0011775569517604916,1.003098670227481,0.0012313482159065962,0.0012477809722952074,0.00108528407379777,0.0006858952499754008,0.0002910731938118462,7.007452212335371e-05,0.0,0.0,0.0,0.0,8.0
1.0785,1.0004005371840332,0.0010936726614412984,1.0028776049385393,0.0011936409595490634,0.0012471393749504496,0.0010760744658041338,0.0006683316389460303,0.00027968499693255055,6.681454394856652e-05,0.0,0.0,0.0,0.0,8.0
1.0815000000000001,1.000400060966121,0.0010315318338546555,1.0027095796386571,0.001166011783897413,0.0012439269402210553,0.0010626467125569325,0.0006490045069081236,0.00026797769489928023,6.353183029285403e-05,0.0,0.0,0.0,0.0,8.0
1.0844999999999998,1.000407294582181,0.0009944094728773253,1.0025907041522875,0.0011450506510989984,0.0012364262998670501,0.0010447949874470338,0.0006280733984047479,0.0002560406689735163,6.0247659745756515e-05,0.0,0.0,0.0,0.0,8.0
1.0875,1.0004214850189053,0.000978913142612757,1.0025117612683496,0.0011277545334873135,0.00122358303326219,0.0010225126653819734,0.0006057332479153504,0.00024398280714355364,5.699222155813673e-05,0.0,0.0,0.0,0.0,8.0
1.0905,1.0004388758682317,0.0009776679144840334,1.0024608050446748,0.0011116812879411306,0.001204958566291313,0.0009959944831648083,0.0005822151193177155,0.00023192387214901553,5.379986060544549e-05,0.0,0.0,0.0,0.0,8.0
1.0935000000000001,1.0004546197272224,0.0009819903020619203,1.0024256387234864,0.0010950261528225298,0.0011806376239626238,0.0009656259533598922,0.0005577853868586492,0.00021998592177151558,5.0704504669891e-05,0.0,0.0,0.0,0.0,8.0
1.0964999999999998,1.000464332178022,0.000984023653612405,1.0023956510698768,0.0010766011863210568,0.0011511143941757296,0.0009319658081788589,0.0005327431858449751,0.00020828537689053997,4.773574452714128e-05,0.0,0.0,0.0,0.0,8.0
1.0995,1.0004650642979478,0.0009780460082192627,1.002362815049448,0.0010557432676733577,0.0011171765208970357,0.0008957196849761552,0.0005074142541979273,0.00019692652676460998,4.49160974000282e-05,0.0,0.0,0.0,0.0,8.0
1.1025,1.0004556384377796,0.0009609088801640376,1.002321911830452,0.0010321948247561854,0.0010797993177102875,0.0008577014126983505,0.00048213943291216946,0.00018599705211629574,4.225978253314202e-05,0.0,0.0,0.0,0.0,8.0
1.1055000000000001,1.0004364563585502,0.0009317769411368343,1.0022701945333286,0.0010059908409583926,0.0010400547057405674,0.0008187818267062648,0.0004572579946911839,0.0001755656604813272,3.9772940795996233e-05,0.0,0.0,0.0,0.0,8.0
1.1084999999999998,1.0004089949785646,0.0008914614372085533,1.0022067563629369,0.0009773646523529892,0.0009990334422902611,0.0007798300679584091,0.0004330881425025334,0.0001656814926236339,3.7454879169117794e-05,0.0,0.0,0.0,0.0,8.0
1.1115,1.0003752245339703,0.0008416539878841343,1.0021318444535474,0.0009466707850399045,0.0009577773051023949,0.000741655277665807,0.0004099081472342232,0.00015637478800721832,3.529978882605013e-05,0.0,0.0,0.0,0.0,8.0
1.1145,1.000337129224753,0.000784293681644264,1.0020462950638735,0.0009143207446710125,0.0009172195602586874,0.000704956340710064,0.0003879413059116707,0.0001476583832773907,3.329847938261745e-05,0.0,0.0,0.0,0.0,8.0
1.1175000000000002,1.0002964199557938,0.0007211854299146944,1.001951183505973,0.0008807323058274894,0.0008781351057424528,0.0006702848339639936,0.00036734665712457194,0.00013952980622281998,3.143987903750242e-05,0.0,0.0,0.0,0.0,8.0
1.1204999999999998,1.0002544428443616,0.0006538774883834856,1.001847702343674,0.0008462968515944068,0.0008411039546723462,0.0006380233241590481,0.00034821593563905416,0.000131973858024364,2.971223942135755e-05,0.0,0.0,0.0,0.0,8.0
1.1235,1.0002122306196153,0.0005837300962862184,1.0017372174456498,0.0008113683720643907,0.0008064920754325067,0.0006083788953357002,0.00033057614420151874,0.00012496557726731554,2.8104080184920428e-05,0.0,0.0,0.0,0.0,8.0
1.1265,1.0001706227905869,0.0005120741758100405,1.0016214124936806,0.0007762724045087122,0.000774452109253502,0.000581390596823547,0.00031439655510359394,0.00011847338177985486,2.6604911381373874e-05,0.0,0.0,0.0,0.0,8.0
1.1295000000000002,1.000130387206165,0.0004403631392419405,1.0015024229570788,0.0007413270317439564,0.0007449438966259085,0.0005569490036229206,0.0002995988195242915,0.00011246207711431941,2.5205728807430957e-05,0.0,0.0,0.0,0.0,8.0
1.1324999999999998,1.000092298139342,0.00037024941482865847,1.0013828790053487,0.0007068646608729403,0.0007177719452478632,0.0005348256893297963,0.0002860689397009453,0.00010689538636691573,2.389924297686772e-05,0.0,0.0,0.0,0.0,8.0
1.1355,1.0000571529711313,0.00030355659585467855,1.0012658157643946,0.0006732443490558755,0.0006926346485655174,0.00051470978433143,0.00027366997314508934,0.00010173773046330488,2.2679807954148525e-05,0.0,0.0,0.0,0.0,8.0
1.1385,1.0000257329957274,0.00024215623166210954,1.0011544561892256,0.0006408492111509155,0.0006691786393063881,0.0004962479887367687,0.000262254424564624,9.695515008407659e-05,2.1543062078334823e-05,0.0,0.0,0.0,0.0,8.0
1.1415000000000002,0.9999987294148046,0.0001877863681268317,1.0010519125140565,0.0006100696439745269,0.0006470513326055282,0.00047908378615493184,0.00025167536866869397,9.251545172422327e-05,2.048535581799575e-05,0.0,0.0,0.0,0.0,8.0
1.1444999999999999,0.9999766617587463,0.00014186198167173104,1.0009608753744728,0.0005812781658796575,0.0006259454752858654,0.0004628915620900625,0.00024179549928940788,8.838781640357963e-05,1.950309318277902e-05,0.0,0.0,0.0,0.0,8.0
1.1475,0.9999598136255394,0.00010532470845439154,1.0008833601468983,0.0005548038665696984,0.0006056311784130473,0.0004474020785412613,0.00023249355689374744,8.454218653265657e-05,1.8592131252633434e-05,0.0,0.0,0.0,0.0,8.0
1.1505,0.9999482021351507,7.856409481443003e-05,1.0008205603946343,0.0005309134259256142,0.0005859730850747303,0.0004324172004826467,0.0002236679369757934,8.094873409448897e-05,1.7747361819328047e-05,0.0,0.0,0.0,0.0,8.0
1.1535000000000002,0.9999415863987544,6.142114425579136e-05,1.000772826878085,0.0005098022829918748,0.0005669325733224106,0.0004178135596271408,0.00021523766067637904,7.757763145718333e-05,1.6962549777773458e-05,0.0,0.0,0.0,0.0,8.0
1.1564999999999999,0.9999395099783351,5.326412055927642e-05,1.0007397583347892,0.0004915954044649828,0.0005485567953326875,0.0004035365243973718,0.00020714121270163738,7.439923061478216e-05,1.6230442424505213e-05,0.0,0.0,0.0,0.0,8.0
1.1595,0.9999413652219041,5.31119166348561e-05,1.0007203666973363,0.0004763538054750377,0.000530957638799955,0.000389587045729191,0.00019933395127196316,7.138464314587443e-05,1.554310968318429e-05,0.0,0.0,0.0,0.0,8.0
1.1625,0.9999464647502306,5.9774554806963765e-05,1.0007132696793348,0.0004640815545481998,0.0005142843260560165,0.0003760044825475901,0.00019178483635955677,6.850662588354266e-05,1.489243932237832e-05,0.0,0.0,0.0,0.0,8.0
1.1655000000000002,0.9999541068597078,7.198322101319388e-05,1.0007168679118237,0.00045472869291375567,0.0004986934483999354,0.00036284840936719084,0.00018447312084230445,6.574062535345968e-05,1.4270696599701874e-05,0.0,0.0,0.0,0.0,8.0
1.1684999999999999,0.9999636258633415,8.84910170545723e-05,1.0007294780906597,0.00044818782701803214,0.00048431996123142923,0.00035018185590652304,0.00017738545217397603,6.30658148826892e-05,1.3671061217535237e-05,0.0,0.0,0.0,0.0,8.0
1.1715,0.9999744236613667,0.00010813670162981097,1.000749411959782,0.00044428516974263525,0.0004712522031912362,0.00033805766378716153,0.00017051360239641732,6.046596401437733e-05,1.3088069574843329e-05,0.0,0.0,0.0,0.0,8.0
1.1745,0.999985983552112,0.0001298737230394965,1.0007750076378568,0.00044276947200597817,0.00045951342533870386,0.0003265088731428745,0.0001638528387381327,5.7930003015145956e-05,1.2517910850284713e-05,0.0,0.0,0.0,0.0,8.0
1.1775000000000002,0.999997870467794,0.000152773602915216,1.0008046307725729,0.0004433037848215975,0.00044905161458989217,0.0003155433955193883,0.00015740080350853144,5.545218144300045e-05,1.195854737813347e-05,0.0,0.0,0.0,0.0,8.0
1.1804999999999999,1.0000097231272642,0.00017601541837032215,1.0008366666679378,0.00044546492723867773,0.00043973852745368024,0.00030514272902411674,0.00015115670469133526,5.303176694078464e-05,1.1409651259785838e-05,0.0,0.0,0.0,0.0,8.0
1.1835,1.0000212432750533,0.00019887219684780648,1.0008695215255006,0.00044875399210527904,0.00043137781181947356,0.00029526411415122693,0.00014512062097616724,5.0672286391143736e-05,1.0872369580912876e-05,0.0,0.0,0.0,0.0,8.0
1.1865,1.0000321857888836,0.00022070170886213537,1.0009016434832931,0.0004526186875337932,0.0004237209683082712,0.00028584528539593476,0.0001392927768196379,4.838037142254422e-05,1.034894930704219e-05,0.0,0.0,0.0,0.0,8.0
1.1894999999999998,1.0000423516385362,0.0002409448987181519,1.0009315650922501,0.0004564855090947314,0.0004164888583132421,0.0002768108275410803,0.000133672719197126,4.616432582021696e-05,9.842268452670983e-06,0.0,0.0,0.0,0.0,8.0
1.1925,1.0000515840208088,0.0002591313356065666,1.0009579609103743,0.00045979740909265056,0.0004093957159927098,0.0002680790985588598,0.0001282584046671657,4.403257379914454e-05,9.35533034835197e-06,0.0,0.0,0.0,0.0,8.0
1.1955,1.0000597668306554,0.0002748884602146752,1.000979708889081,0.0004620513421947386,0.0004021723504611293,0.00025956874598246813,0.00012304526652613166,4.199216679047953e-05,8.890780780387384e-06,0.0,0.0,0.0,0.0,8.0
1.1985000000000001,1.0000668240866788,0.0002879503803659322,1.000995942951222,0.00046283008073186944,0.00039458552070353756,0.0002512040265295414,0.00011802536893052173,4.0047518174289546e-05,8.450502530471216e-06,0.0,0.0,0.0,0.0,8.0
1.2014999999999998,1.0000727189526482,0.0002981623979404788,1.0010060863260704,0.0004618239208560807,0.0003864512846960235,0.00024291842512652844,0.0001131867673373767,3.819950204016147e-05,8.03532914396101e-06,0.0,0.0,0.0,0.0,8.0
1.2045,1.0000774514096427,0.00030547887252782314,1.0010098597264834,0.0004588399642727211,0.0003776412943409797,0.00023465641889629138,0.00010851318697616454,3.6445000896127005e-05,7.644901983338354e-06,0.0,0.0,0.0,0.0,8.0
1.2075,1.0000810542161371,0.0003099538547112647,1.0010072638559893,0.00045379901699520636,0.00036808227643405153,0.00022637358378359824,0.00010398410955665385,3.477692884175584e-05,7.277675151962888e-06,0.0,0.0,0.0,0.0,8.0
1.2105000000000001,1.0000835873466556,0.00031172560220920416,1.0009985405909898,0.0004467222446065607,0.00035775004118603407,0.0002180355299511623,9.957532803481008e-05,3.318470168592451e-05,6.931055116284229e-06,0.0,0.0,0.0,0.0,8.0
1.2134999999999998,1.0000851314865893,0.00031099723666065714,1.0009841204520826,0.0004377111392560746,0.00034666008247717927,0.00020961632121103556,9.525999220583738e-05,3.165508163343909e-05,6.601648368685704e-06,0.0,0.0,0.0,0.0,8.0
1.2165,1.000085781322961,0.0003080162384381307,1.0009645651814212,0.0004269248772944441,0.0003348570682805113,0.00020109705255292977,9.101012390303201e-05,3.0173294984874903e-05,6.2855824375551565e-06,0.0,0.0,0.0,0.0,8.0
1.2195,1.000085639321952,0.0003030552522395803,1.0009405134754081,0.0004145588003133551,0.00032240527341184205,0.00019246512939855576,8.67985288757528e-05,2.8724306181475964e-05,5.978862761231803e-06,0.0,0.0,0.0,0.0,8.0
1.2225000000000001,1.0000848104867122,0.00029639597924814354,1.0009126357160927,0.00040082674797470134,0.00030938139013126997,0.0001837145452615756,8.260097441015341e-05,2.7294127357209397e-05,5.677729237596784e-06,0.0,0.0,0.0,0.0,8.0
1.2254999999999998,1.0000833983272726,0.000288317023096706,1.000881600652794,0.00038594862793208637,0.0002958703402419869,0.00017484714765284004,7.839844315927928e-05,2.587104584484413e-05,5.3789801690757095e-06,0.0,0.0,0.0,0.0,8.0
1.2285,1.0000815020264553,0.00027908568677945193,1.0008480541583913,0.00037014326231747766,0.0002819638984451261,0.00016587458330723665,7.417922494694098e-05,2.444666073505725e-05,5.080236641252678e-06,0.0,0.0,0.0,0.0,8.0
1.2315,1.0000792146063218,0.00026895306811957297,1.0008126079991402,0.0003536254771788717,0.0002677612889809258,0.00015682038795305285,6.99405829507586e-05,2.301663361511502e-05,4.780126487763017e-06,0.0,0.0,0.0,0.0,8.0
1.2345000000000002,1.0000766218128438,0.0002581514604224322,1.0007758353257346,0.00033660576876426,0.0002533705480521569,0.00014772158120245093,6.568974138463016e-05,2.1581079560826655e-05,4.478373850605958e-06,0.0,0.0,0.0,0.0,8.0
1.2374999999999998,1.0000738014377506,0.0002468930296651559,1.0007382693574207,0.0003192907350857693,0.00023890939445760323,0.00013862916574884374,6.144399609910908e-05,2.014455393406493e-05,4.175788150143577e-06,0.0,0.0,0.0,0.0,8.0
1.2405,1.0000708228616952,0.00023536894005692766,1.0007004023139716,0.0003018827421799349,0.0002245045920320209,0.00012960710342318588,5.722984596682619e-05,1.8715628543478562e-05,3.8741550891626245e-06,0.0,0.0,0.0,0.0,8.0
1.2435,1.0000677466991181,0.00022374843174142558,1.0006626827456437,0.0002845778669082743,0.0002102892365241079,0.00012072961188016547,5.308116960743251e-05,1.730609448928223e-05,3.576041712317557e-06,0.0,0.0,0.0,0.0,8.0
1.2465000000000002,1.0000646245208704,0.00021217771056314578,1.0006255106745128,0.0002675618527257171,0.00019639794069024674,0.0001120769375987929,4.9036608035771766e-05,1.5929872911447385e-05,3.284536534096894e-06,0.0,0.0,0.0,0.0,8.0
1.2494999999999998,1.0000614987021381,0.00020077880352512953,1.000589231086753,0.00025100446666923135,0.00018296040275227359,0.00010373004867037667,4.513643365505898e-05,1.4601751490179277e-05,3.0029529408489763e-06,0.0,0.0,0.0,0.0,8.0
1.2525,1.0000584024784491,0.0001896487117047153,1.0005541270895446,0.0002350531251909423,0.00017009422176564816,9.576489629395111e-05,4.141926556822149e-05,1.333608662279159e-05,2.7345280480078074e-06,0.0,0.0,0.0,0.0,8.0
1.2555,1.0000553602902307,0.00017885923822415494,1.0005204143669726,0.00021982688820676452,0.00015789800314945852,8.824697798836173e-05,3.791901386425509e-05,1.2145613644924967e-05,2.4821489562463143e-06,0.0,0.0,0.0,0.0,8.0
1.2585000000000002,1.0000523884642196,0.0001684577970915736,1.0004882384453966,0.0002054118904773907,0.00014644576010475576,8.122688631741903e-05,3.466239653434703e-05,1.1040488985417403e-05,2.248133677536732e-06,0.0,0.0,0.0,0.0,8.0
1.2614999999999998,1.0000494962306,0.00015846935572252067,1.0004576758074,0.00019185902745486876,0.00013578338951684193,7.473736080543e-05,3.1667280134316e-05,1.0027651784080408e-05,2.0340855797347583e-06,0.0,0.0,0.0,0.0,8.0
1.2645,1.0000466870222033,0.0001488994761251042,1.000428739224752,0.00017918431797653183,0.00012592764731977248,6.879211697843192e-05,2.8941968184274153e-05,9.11054498215064e-06,1.8408294946331102e-06,0.0,0.0,0.0,0.0,8.0
1.2675,1.0000439599584676,0.0001397382423227773,1.0004013869798978,0.00016737192474028083,0.00011686764941127121,6.338645681676266e-05,2.6485424537879672e-05,8.28918599262658e-06,1.6684265546671625e-06,0.0,0.0,0.0,0.0,8.0
1.2705000000000002,1.000041311390679,0.00013096472993382065,1.0003755350559822,0.00015637941639222032,0.0001085685600872136,5.8499421022228044e-05,2.4288297507559815e-05,7.5605335123442015e-06,1.5162552611105071e-06,0.0,0.0,0.0,0.0,8.0
1.2734999999999999,1.0000387363795935,0.00012255160815552476,1.0003510709954684,0.00014614457042426272,0.00010097686264953784,5.409706585533561e-05,2.233452386642831e-05,6.919066611841146e-06,1.3831396973891668e-06,0.0,0.0,0.0,0.0,8.0
1.2765,1.0000362299906773,0.00011446946854989865,1.0003278679972065,0.0001365928788852174,9.40264700744779e-05,5.013635793907437e-05,2.060325033408003e-05,6.357478435524225e-06,1.267502924664663e-06,0.0,0.0,0.0,0.0,8.0
1.2795,1.0000337883212256,0.0001066905387217778,1.0003057979261756,0.000127644929578629,8.764493038669602e-05,4.6569181039707274e-05,1.9070814064053345e-05,5.867389549537189e-06,1.1675243782284852e-06,0.0,0.0,0.0,0.0,8.0
1.2825000000000002,1.0000314092106803,9.919154255712246e-05,1.000284742192422,0.00011922296621252404,8.175908868535205e-05,4.334602373938178e-05,1.7712564644189057e-05,5.440001996204125e-06,1.0812837921800635e-06,0.0,0.0,0.0,0.0,8.0
1.2854999999999999,1.0000290926236393,9.195558884653484e-05,1.0002645998372846,0.00011125613727714818,7.629974645585295e-05,4.041903946903768e-05,1.650437443930422e-05,5.066639345195411e-06,1.0068796696621994e-06,0.0,0.0,0.0,0.0,8.0
1.2885,1.0000268407283566,8.497308530143652e-05,1.0002452925659593,0.00010368417644827124,7.120506484962532e-05,3.774431060961137e-05,1.542375642755227e-05,4.7391448436367615e-06,9.425163306424719e-07,0.0,0.0,0.0,0.0,8.0
1.2915,1.000024657718242,7.824176919570348e-05,1.0002267668206346,9.645947479924954e-05,6.642265316368825e-05,3.528327978909907e-05,1.4450575535524872e-05,4.450134249018316e-06,8.865590192194552e-07,0.0,0.0,0.0,0.0,8.0
1.2945000000000002,1.0000225494383042,7.176601051431864e-05,1.000208993256829,8.954767814848392e-05,6.191043957010854e-05,3.300341554895946e-05,1.3567391521611138e-05,4.1931187073677156e-06,8.375606941502669e-07,0.0,0.0,0.0,0.0,8.0
1.2974999999999999,1.00002052288328,6.55555771237181e-05,1.0001919641518497,8.292705806475213e-05,5.7636525044397684e-05,3.087824730395973e-05,1.2759504319670014e-05,3.962524581841886e-06,7.942666288492413e-07,0.0,0.0,0.0,0.0,8.0
1.3005,1.0000185856311494,5.962405812362903e-05,1.0001756893445943,7.658696270586719e-05,5.3578272935014387e-05,2.8886935857368245e-05,1.2014786607409021e-05,3.753641585627103e-06,7.5560385336895e-07,0.0,0.0,0.0,0.0,8.0
1.3035,1.0000167452676088,5.3987128303487406e-05,1.0001601912999327,7.052566353935406e-05,4.972089428712385e-05,2.7013546864950043e-05,1.1323386637410034e-05,3.562529270083472e-06,7.206620915886218e-07,0.0,0.0,0.0,0.0,8.0
1.3065000000000002,1.000015008846213,4.8660811321518254e-05,1.0001454998338313,6.474789031194618e-05,4.6055765970568445e-05,2.524617499532791e-05,1.0677372160643495e-05,3.3859068135410996e-06,6.886716265270498e-07,0.0,0.0,0.0,0.0,8.0
1.3094999999999999,1.0000133824175883,4.3659868578679693e-05,1.0001316469505024,5.926230373010831e-05,4.257867847774249e-05,2.3576035930841882e-05,1.0070368860373106e-05,3.2210441575083834e-06,6.589819227238623e-07,0.0,0.0,0.0,0.0,8.0
1.3125,1.0000118706504564,3.899640947751025e-05,1.0001186621482268,5.407910475824478e-05,3.928816419000634e-05,2.1996609998819872e-05,9.497228517919711e-06,3.0656655215573607e-06,6.310432268778803e-07,0.0,0.0,0.0,0.0,8.0
1.3155000000000001,1.0000104765579458,3.4678789386575904e-05,1.0001065684569106,4.920792886195689e-05,3.6184012614501936e-05,2.0502890718998133e-05,8.953746158279453e-06,2.917870335776151e-06,6.043920149446699e-07,0.0,0.0,0.0,0.0,8.0
1.3184999999999998,1.0000092013347777,3.071083501722448e-05,1.0000953793829328,4.46561268013489e-05,3.326604052889965e-05,1.909076679503023e-05,8.436433208549217e-06,2.7760722329251138e-06,5.786401839050672e-07,0.0,0.0,0.0,0.0,8.0
1.3215,1.0000080443042534,2.7091412945929992e-05,1.0000850968565445,4.042749189257294e-05,3.0533153276953454e-05,1.7756547763150028e-05,7.942345547519529e-06,2.638954036126738e-06,5.534673184404856e-07,0.0,0.0,0.0,0.0,8.0
1.3245,1.000007002968197,2.3814335327708966e-05,1.000075710203713,3.652145678377249e-05,2.798270804245373e-05,1.6496630914104376e-05,7.468960710193313e-06,2.505435429779024e-06,5.286151396075803e-07,0.0,0.0,0.0,0.0,8.0
1.3275000000000001,1.0000060731480758,2.0868577343240304e-05,1.0000671960977279,3.293275023057074e-05,2.561016958491375e-05,1.5307298855056432e-05,7.014096505585014e-06,2.3746498117162545e-06,5.038832680783791e-07,0.0,0.0,0.0,0.0,8.0
1.3304999999999998,1.000005249201371,1.8238763983234247e-05,1.0000595193873079,2.9651476002189628e-05,2.3409032533013415e-05,1.4184631762491688e-05,6.57586291828862e-06,2.245927260498307e-06,4.79125603392918e-07,0.0,0.0,0.0,0.0,8.0
1.3335,1.0000045242941367,1.5905870185914195e-05,1.0000526346496095,2.6663552409448136e-05,2.137097129665565e-05,1.3124514897944368e-05,6.152639559155553e-06,2.118781239164674e-06,4.5424684136711007e-07,0.0,0.0,0.0,0.0,8.0
1.3365,1.0000038907087543,1.3848069036191596e-05,1.000046488281325,2.3951432976056933e-05,1.9486168887762065e-05,1.2122719666896082e-05,5.743071541924932e-06,1.992897329426331e-06,4.291988576211294e-07,0.0,0.0,0.0,0.0,8.0
1.3395000000000001,1.000003340165413,1.2041658493134026e-05,1.0000410209214357,2.1495017510753698e-05,1.7743769708205565e-05,1.1175035160587655e-05,5.346077201960979e-06,1.8681228009761005e-06,4.0397683832673085e-07,0.0,0.0,0.0,0.0,8.0
1.3424999999999998,1.000002864136911,1.0461998292320877e-05,1.0000361699964981,1.927265899702902e-05,1.6132399028584786e-05,1.0277426774253534e-05,4.960861481335016e-06,1.74445612751921e-06,3.7861512789290427e-07,0.0,0.0,0.0,0.0,8.0
1.3455,1.0000024541387869,9.084395040276549e-06,1.0000318721933241,1.7262175403640473e-05,1.4640693623860238e-05,9.426199305764595e-06,4.5869291741994435e-06,1.622035699014049e-06,3.5318279505183854e-07,0.0,0.0,0.0,0.0,8.0
1.3485,1.0000021019804661,7.884884263598531e-06,1.0000280656922904,1.5441786086065703e-05,1.3257793732714024e-05,8.618144043627293e-06,4.224092710162145e-06,1.501127025923743e-06,3.2777891380259057e-07,0.0,0.0,0.0,0.0,8.0
1.3515000000000001,1.0000017999675241,6.840872010629219e-06,1.0000246920337823,1.3790908541707606e-05,1.197375560970302e-05,7.850652765939046e-06,3.872469902341737e-06,1.3821077740809498e-06,3.0252753725569485e-07,0.0,0.0,0.0,0.0,8.0
1.3544999999999998,1.0000015410498588,5.93161395668926e-06,1.0000216975357608,1.2290771024146336e-05,1.0779855556016511e-05,7.1217861320319105e-06,3.5324681874208428e-06,1.2654500812271519e-06,2.7757233208241266e-07,0.0,0.0,0.0,0.0,8.0
1.3575,1.000001318915184,5.138525234011758e-06,1.000019034227206,1.092481777519381e-05,9.668769300286414e-06,6.430289323780321e-06,3.2047533377435956e-06,1.1516998300785868e-06,2.5307085342872705e-07,0.0,0.0,0.0,0.0,8.0
1.3605,1.0000011280311891,4.445327958564392e-06,1.0000166603057896,9.678904278734407e-06,8.634623688576325e-06,5.775553518118582e-06,2.890202343400797e-06,1.0414528913622838e-06,2.291884797496039e-07,0.0,0.0,0.0,0.0,8.0
1.3635000000000002,1.0000009636428964,3.838054571081909e-06,1.000014540164757,8.541298130618225e-06,7.672929644491715e-06,5.1575273105956254e-06,2.5898419798193118e-06,9.353287712584316e-07,2.0609209057243e-07,0.0,0.0,0.0,0.0,8.0
1.3664999999999998,1.000000821733809,3.3049329862621354e-06,1.000012644061297,7.502515458380569e-06,6.780415244117158e-06,4.5765870312218324e-06,2.3047762909587372e-06,8.339425422912934e-07,1.8394364635842293e-07,0.0,0.0,0.0,0.0,8.0
1.3695,1.0000006989604915,2.836183915007844e-06,1.0000109475154089,6.5550324734017785e-06,5.954784794564213e-06,4.0333785448832405e-06,2.0361076179992256e-06,7.378763337026821e-07,1.6289390350842498e-07,0.0,0.0,0.0,0.0,8.0
1.3725,1.0000005925702982,2.423761782500157e-06,1.0000094305345506,5.692916428895684e-06,5.194433624398519e-06,3.5286452928713482e-06,1.7848567109921552e-06,6.476519382447741e-07,1.4307655349514682e-07,0.0,0.0,0.0,0.0,8.0
1.3755000000000002,1.000000500311192,2.061068878427087e-06,1.000008076756292,4.9114202495648255e-06,4.49814886048722e-06,3.063057868318168e-06,1.5518877617659673e-06,5.637062051007777e-07,1.2460310027418437e-07,0.0,0.0,0.0,0.0,8.0
1.3784999999999998,1.0000004203412982,1.7426684269239284e-06,1.0000068725906084,4.206581077274043e-06,3.864824095091875e-06,2.637059374039418e-06,1.3378438551941997e-06,4.863708072495555e-07,1.0755877725747806e-07,0.0,0.0,0.0,0.0,8.0
1.3815,1.000000351144128,1.4640169236219862e-06,1.0000058064276844,3.5748559225194487e-06,3.2932111032036676e-06,2.25073840934559e-06,1.1430974061321848e-06,4.1585770026334857e-07,9.19997531744361e-08,0.0,0.0,0.0,0.0,8.0
1.3845,1.0000002914536301,1.2212301069115337e-06,1.0000048679584352,3.0128186595076105e-06,2.781725417964522e-06,1.9037381346416018e-06,9.67718757096454e-07,3.5225116128718776e-07,7.795179092981482e-08,0.0,0.0,0.0,0.0,8.0
1.3875000000000002,1.0000002401914425,1.0108909797237834e-06,1.0000040476357475,2.5169329045241405e-06,2.3283154385060337e-06,1.595205917074493e-06,8.114644404599166e-07,2.9550676715541805e-07,6.541041585361425e-08,0.0,0.0,0.0,0.0,8.0
1.3904999999999998,1.000000196417222,8.299029102700507e-07,1.000003336286459,2.08340592286798e-06,1.9303976555824265e-06,1.323784039531582e-06,6.737848650515918e-07,2.4545710716294576e-07,5.434253377414875e-08,0.0,0.0,0.0,0.0,8.0
1.3935,1.0000001592916399,6.753863870538803e-07,1.0000027248688794,1.7081204729090077e-06,1.5848542340817758e-06,1.087638295485532e-06,5.538495754006292e-07,2.018234982193655e-07,4.4689329681215375e-08,0.0,0.0,0.0,0.0,8.0
1.3965,1.0000001280507358,5.446146839436998e-07,1.0000022043590162,1.3866350206886996e-06,1.2880841346233231e-06,8.845183430480067e-07,4.5058692131902285e-07,1.6423253823697446e-07,3.637018769447658e-08,0.0,0.0,0.0,0.0,8.0
1.3995000000000002,1.0000001019897695,4.349815659038864e-07,1.0000017657410052,1.1142383660498995e-06,1.036095509228606e-06,7.118416822239996e-07,3.6273408458859966e-07,1.3223604075749114e-07,2.9287312101757763e-08,0.0,0.0,0.0,0.0,8.0
1.4024999999999999,1.0000000804544114,3.439931619943999e-07,1.0000014000735196,8.860424710332823e-07,8.246253675179736e-07,5.66792142391581e-07,2.8889299339213993e-07,1.0533276153223784e-07,2.3330702265702427e-08,0.0,0.0,0.0,0.0,8.0
1.4055,1.00000006283715,2.692760828428745e-07,1.0000010986035892,6.970969981577652e-07,6.49272394724074e-07,4.4642378505573113e-07,2.2758770307501381e-07,8.29903551780146e-08,1.838314153723787e-08,0.0,0.0,0.0,0.0,8.0
1.4085,1.0000000485769538,2.085945519020739e-07,1.0000008529017301,5.425104027173246e-07,5.056300366720313e-07,3.4776199421156746e-07,1.7731927303891908e-07,6.466616665562139e-08,1.4324897446873089e-08,0.0,0.0,0.0,0.0,8.0
1.4115000000000002,1.0000000371605489,1.5987051063876365e-07,1.000000654996617,4.1756492860634004e-07,3.8940920012003876e-07,2.678950225044915e-07,1.366149199848905e-07,4.982573339157783e-08,1.1037890199662797e-08,0.0,0.0,0.0,0.0,8.0
1.4144999999999999,1.0000000281240555,1.212021065097913e-07,1.0000004974929182,3.178160430292659e-07,2.9654273637459614e-07,2.0405112943426797e-07,1.0406915589798768e-07,3.795820691901198e-08,8.409159652561095e-09,0.0,0.0,0.0,0.0,8.0
1.4175,1.0000000210541216,9.087748157749929e-08,1.0000003736616094,2.391702505754161e-07,2.23266882111772e-07,1.5365843306434414e-07,7.837560241203562e-08,2.8588254568678756e-08,6.33353799506484e-09,0.0,0.0,0.0,0.0,8.0
1.4205,1.0000000155880147,6.738218307693541e-08,1.000000277497428,1.7793846067858977e-07,1.661776846041508e-07,1.1438647688409486e-07,5.834910223177977e-08,2.1284333426907687e-08,4.71550794984044e-09,0.0,0.0,0.0,0.0,8.0
1.4235000000000002,1.0000000114124976,4.9399701172250826e-08,1.0000002037426197,1.30864857487493e-07,1.222628901452294e-07,8.417011989797168e-08,4.293853889741944e-08,1.5663510870906306e-08,3.4702881133747026e-09,0.0,0.0,0.0,0.0,8.0
1.4264999999999999,1.0000000082614842,3.5805546860039136e-08,1.0000001478796592,9.513336384654068e-08,8.891164796210843e-08,6.121758563725857e-08,3.12313793367493e-08,1.1393219909343075e-08,2.5242336240599556e-09,0.0,0.0,0.0,0.0,8.0
1.4295,1.000000005912658,2.5655893915713764e-08,1.0000001060979298,6.835523451161683e-08,6.390563849316854e-08,4.400531347612864e-08,2.2451345057355325e-08,8.190475886103965e-09,1.814670510448748e-09,0.0,0.0,0.0,0.0,8.0
1.4325,1.0000000041833337,1.8172145223065166e-08,1.0000000752405958,4.854208230761554e-08,4.539587791031131e-08,3.126265672187325e-08,1.595080697702511e-08,5.81914629337704e-09,1.2892960348796207e-09,0.0,0.0,0.0,0.0,8.0
1.4355000000000002,1.0000000029258518,1.2722886447986562e-08,1.0000000527382449,3.4068827594475866e-08,3.1869567341617445e-08,2.1949520784354465e-08,1.119951211154055e-08,4.085867338776095e-09,9.052773925832131e-10,0.0,0.0,0.0,0.0,8.0
1.4385,1.0000000020228077,8.804612809475279e-09,1.0000000365354655,2.36307952231123e-08,2.2111068014901557e-08,1.522981097675291e-08,7.771126853387075e-09,2.8351539169248255e-09,6.281705139167124e-10,0.0,0.0,0.0,0.0,8.0
1.4415,1.0000000013823498,6.022421934417754e-09,1.0000000250156977,1.61986100632812e-08,1.516051266646383e-08,1.0443152021663637e-08,5.328867990214475e-09,1.9441699339711624e-09,4.3076278263127186e-10,0.0,0.0,0.0,0.0,8.0
1.4445000000000001,1.000000000933766,4.0716075411819484e-09,1.0000000169285244,1.0973801357272562e-08,1.0272853374167525e-08,7.0768358885853824e-09,3.6112292616875673e-09,1.3175291205124515e-09,2.9192201842039394e-10,0.0,0.0,0.0,0.0,8.0
1.4474999999999998,1.0000000006234728,2.720811003533086e-09,1.0000000113224323,7.347235068425719e-09,6.879383755549424e-09,4.7394245366957e-09,2.4185385461505497e-09,8.823959023108307e-10,1.95511584582942e-10,0.0,0.0,0.0,0.0,8.0
1.4505,1.0000000004114948,1.7971279948811621e-09,1.0000000074849098,4.8617427662870405e-09,4.553060897664306e-09,3.136935332155926e-09,1.600823611834961e-09,5.840617335254777e-10,1.2941061338658333e-10,0.0,0.0,0.0,0.0,8.0
1.4535,1.0000000002684701,1.1733432779821083e-09,1.0000000048907811,3.1796650596821434e-09,2.9783344969831257e-09,2.052106079772643e-09,1.0472428636888962e-09,3.8209121857311326e-10,8.466036173051105e-11,0.0,0.0,0.0,0.0,8.0
1.4565000000000001,1.0000000001731553,7.572881534536719e-10,1.0000000031589327,2.0555077817868992e-09,1.9256926425396694e-09,1.326893004226373e-09,6.771618197739757e-10,2.470677838795279e-10,5.4743294409293844e-11,0.0,0.0,0.0,0.0,8.0
1.4594999999999998,1.0000000001104108,4.831915000399693e-10,1.0000000020170017,1.3135286753807536e-09,1.2307747904389104e-09,8.481031310801593e-10,4.3282620285980344e-10,1.5792136147569685e-10,3.499107364683205e-11,0.0,0.0,0.0,0.0,8.0
1.4625,1.0000000000696092,3.0481734789204914e-10,1.0000000012732595,8.298218989552199e-10,7.77661993181241e-10,5.358962400916387e-10,2.734974716364911e-10,9.97893183520278e-11,2.2110670205980187e-11,0.0,0.0,0.0,0.0,8.0
1.4655,1.0000000000433955,1.9013901503696472e-10,1.000000000794735,5.183293855718513e-10,4.858192492285031e-10,3.3479817744907656e-10,1.7086885355197843e-10,6.234430468344611e-11,1.3813888962787929e-11,0.0,0.0,0.0,0.0,8.0
1.4685000000000001,1.0000000000267555,1.1729304486755224e-10,1.0000000004905474,3.2015643133012093e-10,3.001168051058513e-10,2.0683115323539765e-10,1.0556074969430177e-10,3.8515833253804045e-11,8.534139807579545e-12,0.0,0.0,0.0,0.0,8.0
1.4714999999999998,1.0000000000163163,7.156666920569069e-11,1.0000000002994764,1.9557969980956857e-10,1.8336117513121542e-10,1.2637154489074023e-10,6.44973821570286e-11,2.3533234140430072e-11,5.214386186821463e-12,0.0,0.0,0.0,0.0,8.0
1.4745,1.0000000000098437,4.319816404196395e-11,1.0000000001808615,1.1818729316429895e-10,1.1081699710391971e-10,7.637717195575306e-11,3.898183370439326e-11,1.4223427653316707e-11,3.151569134107633e-12,0.0,0.0,0.0,0.0,8.0
1.4775,1.0000000000058769,2.5800454990929982e-11,1.0000000001080742,7.066341497730721e-11,6.626423263476938e-11,4.567204202185772e-11,2.3310659121259557e-11,8.505482153724564e-12,1.8846145323764528e-12,0.0,0.0,0.0,0.0,8.0
1.4805000000000001,1.0000000000034721,1.5251024683236528e-11,1.000000000063914,4.181176252786161e-11,3.921286858404892e-11,2.7027957257494594e-11,1.3795026498282515e-11,5.033487855163207e-12,1.1153043698101372e-12,0.0,0.0,0.0,0.0,8.0
1.4834999999999998,1.0000000000020313,8.924705200613867e-12,1.0000000000374174,2.4490473244084687e-11,2.29705418281625e-11,1.5833154804182956e-11,8.08130169050854e-12,2.9486962793272997e-12,6.5336453993543e-13,0.0,0.0,0.0,0.0,8.0
1.4865,1.0000000000011762,5.171671087307725e-12,1.000000000021692,1.4204222817690433e-11,1.3323956091056685e-11,9.18418998590994e-12,4.6876947530109125e-12,1.7104476410274308e-12,3.7899710142878396e-13,0.0,0.0,0.0,0.0,8.0
1.4895,1.0000000000006748,2.9684932344640487e-12,1.0000000000124567,8.160141544008834e-12,7.655182055153279e-12,5.2768300954762655e-12,2.693371896114867e-12,9.827615715493983e-13,2.177580839421711e-13,0.0,0.0,0.0,0.0,8.0
1.4925000000000002,1.0000000000003837,1.6882808122144658e-12,1.0000000000070886,4.644947014374192e-12,4.358057521518475e-12,3.0041062099125896e-12,1.533354713851129e-12,5.59495568300028e-13,1.239720242764694e-13,0.0,0.0,0.0,0.0,8.0
1.4954999999999998,1.0000000000002163,9.513711274283253e-13,1.0000000000039997,2.620609628869036e-12,2.459308365467172e-12,1.6952302582483559e-12,8.652855131328235e-13,3.1573101007990287e-13,6.995931344625323e-14,0.0,0.0,0.0,0.0,8.0
1.4985,1.0000000000001212,5.30709079757528e-13,1.0000000000022402,1.4655587946167968e-12,1.376310773468216e-12,9.486203824276831e-13,4.841789967031739e-13,1.7667615504030532e-13,3.9149394219259115e-14,0.0,0.0,0.0,0.0,8.0
