-2.7485,1.999305756106294,0.501005246555281,0.9972350356171649,0.0016772788433152435,-0.0008658251601936752,0.0002668408076658102,-2.3782722800213162e-05,-1.764115815128875e-05,5.923101740952643e-06,3.272471278913962e-07,-1.4397582228536072e-07,0.0,0.0,10.0
-2.7455,1.9992603122585504,0.5010530577913886,0.9971469868588162,0.0017233258860410688,-0.0008796555029439464,0.0002675378998654265,-2.2162765820657512e-05,-1.8401525866768417e-05,5.984830868265427e-06,3.9872060738334693e-07,-1.7076792658266473e-07,0.0,0.0,10.0
-2.7425,1.9992152846345148,0.5011031621286335,0.9970532326365205,0.0017707144122326907,-0.0008928433519026005,0.00026796661591541596,-2.059577447385417e-05,-1.912149281814085e-05,6.03592498032468e-06,4.753700266049477e-07,-1.993531635916391e-07,0.0,0.0,10.0
-2.7395,1.9991690401407816,0.5011551845519193,0.996954977331492,0.0018194482242537937,-0.000905523906682931,0.00026807194937881383,-1.9042045859894002e-05,-1.9803600741565224e-05,6.074713189842308e-06,5.572486290226025e-07,-2.2962331449677367e-07,0.0,0.0,10.0
-2.7365,1.999120787834546,0.501208865074212,0.9968532588850725,0.0018694522742367956,-0.0009178046366904714,0.0002677787781360009,-1.7435589808033076e-05,-2.046486144217125e-05,6.104361782966569e-06,6.431322296951883e-07,-2.612250311693682e-07,0.0,0.0,10.0
-2.7335,1.9990709690510007,0.501263974113009,0.9967487152603833,0.0019206019736543163,-0.0009297178530632857,0.00026698700892896726,-1.5685518071478203e-05,-2.1140023659610374e-05,6.134927991630408e-06,7.299997158833219e-07,-2.934858118056037e-07,0.0,0.0,10.0
-2.7305,1.9990207632019488,0.5013201066997582,0.9966416923645935,0.0019728985586976344,-0.0009413042090595892,0.0002655904445036509,-1.3688991173248935e-05,-2.187295234825932e-05,6.1803021969949595e-06,8.135117778335471e-07,-3.2540570566673927e-07,0.0,0.0,10.0
-2.7275,1.9989718456552044,0.5013765371290179,0.9965322693572026,0.0020267161068422013,-0.0009527599529004786,0.00026354088646501537,-1.1372889598202456e-05,-2.269478845733161e-05,6.250757931712495e-06,8.897453495358985e-07,-3.5590239819286985e-07,0.0,0.0,10.0
-2.7245,1.9989264534025846,0.5014321835538108,0.9964202295434069,0.002082996235545606,-0.0009645790888323601,0.00026092198523417306,-8.73957438610486e-06,-2.360025328094614e-05,6.344903985240218e-06,9.571669105620565e-07,-3.841212832473627e-07,0.0,0.0,10.0
-2.7215,1.998887474478641,0.5014856184379703,0.9963051703730623,0.0021432014685667986,-0.0009775505300464715,0.00025795382730425456,-5.8733029694232634e-06,-2.4541308410592408e-05,6.447354000213175e-06,1.0173052251835666e-06,-4.095652793688344e-07,0.0,0.0,10.0
-2.7185,1.9988583530407715,0.5015350625009994,0.9961869374557316,0.002208882608778119,-0.0009925218914013077,0.00025488789371057356,-2.88697966180821e-06,-2.5448190695056575e-05,6.534948669601142e-06,1.0737384765254194e-06,-4.32050677514449e-07,0.0,0.0,10.0
-2.7155,1.9988427622647031,0.5015783702339557,0.9960663295677211,0.00228098777846432,-0.001010052920707382,0.00025186330345657916,1.5760272762381118e-07,-2.626671891643119e-05,6.5875918916620085e-06,1.1306094124283645e-06,-4.517455877628114e-07,0.0,0.0,10.0
-2.7125,1.9988440969564747,0.501613117493563,0.9959456182064946,0.002359361740846971,-0.0010302444558231666,0.0002488608587573932,3.2914030674438484e-06,-2.6987295777360314e-05,6.596693717750735e-06,1.1918992062803906e-06,-4.6940753449536373e-07,0.0,0.0,10.0
-2.7095,1.998864673068954,0.5016370740458903,0.9958281993164692,0.0024428217478790998,-0.0010528726374790698,0.000245804193678574,6.604658227267937e-06,-2.7646416064837747e-05,6.567054561393159e-06,1.2611826895577169e-06,-4.865156635407188e-07,0.0,0.0,10.0
-2.7065,1.9989036253510946,0.5016497020911859,0.9957170621920899,0.0025294640349186374,-0.0010775358136214126,0.0002427211259165763,1.0151147385622504e-05,-2.8302040358501288e-05,6.5143770002771605e-06,1.340909069055392e-06,-5.050643237162679e-07,0.0,0.0,10.0
-2.7035,1.9989506345366732,0.5016558441772163,0.9956129141343051,0.0026156880082181338,-0.0011033088947037322,0.00023997569475545604,1.3798282693059424e-05,-2.9016134188512286e-05,6.4703646343960025e-06,1.4320911765902731e-06,-5.280547159237945e-07,0.0,0.0,10.0
-2.7005,1.9989734631643126,0.5016718757130559,0.9955140071661449,0.002692440157467054,-0.001127853145263858,0.0002388156800227851,1.7004963890749794e-05,-2.9896618456917754e-05,6.511522891819288e-06,1.5373338530458164e-06,-5.627285372675023e-07,0.0,0.0,10.0
-2.6975,1.998813110306292,0.501727118790437,0.9954691997578345,0.002742837994201577,-0.0011599216210742228,0.00024171374396654438,2.0894461202966765e-05,-3.116520155284862e-05,6.516706433787248e-06,1.6660626132437037e-06,-5.973894194176405e-07,0.0,0.0,10.0
-2.6945,1.9984935434620663,0.50183876722452,0.9954514021929287,0.0027572133154407535,-0.0011913795431292703,0.0002502073173772443,2.3925964855889496e-05,-3.2946975060215626e-05,6.6830883014465755e-06,1.8230082304796163e-06,-6.517419830887363e-07,0.0,0.0,10.0
-2.6915,1.9981896116305018,0.5019631416796845,0.9954205082638222,0.0027659369547658125,-0.001220403998068777,0.00025942939233066236,2.6646203990715953e-05,-3.4764838191101163e-05,6.880756491764021e-06,1.981297771977278e-06,-7.103177605338864e-07,0.0,0.0,10.0
-2.6885,1.9981192142076942,0.5020289979717767,0.9953382175585506,0.00281697269734699,-0.0012494022646025577,0.00026169380413081875,3.075541124815756e-05,-3.5877510204948794e-05,6.806778030475227e-06,2.1001869888748983e-06,-7.39259305374926e-07,0.0,0.0,10.0
-2.6855,1.998127291927061,0.5020977275503773,0.9952173378647474,0.0028648379856185515,-0.0012708181026137098,0.00026482664872562494,3.3789181268690025e-05,-3.7057977159183986e-05,6.856038359884673e-06,2.2211955508028493e-06,-7.819112924792169e-07,0.0,0.0,10.0
-2.6825,1.9981631599656862,0.5021622606923788,0.9950751663231794,0.0029136082038226595,-0.001288125850021931,0.0002683061032931249,3.6358019873365885e-05,-3.826688648066202e-05,6.949767631146134e-06,2.3416355795473202e-06,-8.305875767412684e-07,0.0,0.0,10.0
-2.6795,1.9981925192387517,0.5022177773263049,0.9949251992668172,0.0029674746615089235,-0.0013036043713348978,0.00027157151264032404,3.884645611241141e-05,-3.946297788802195e-05,7.037089875797227e-06,2.458579378264849e-06,-8.804296235249056e-07,0.0,0.0,10.0
-2.6765,1.998206702906428,0.502264641316773,0.9947754209017812,0.0030288740067169833,-0.0013183766341128718,0.00027424211131704446,4.1418937883451934e-05,-4.0622957825251905e-05,7.093222516950171e-06,2.5698324025416737e-06,-9.291833901070071e-07,0.0,0.0,10.0
-2.6735,1.9982106037051512,0.5023063194936948,0.9946305334540803,0.0030983432200531106,-0.00133326870574665,0.0002760867088576279,4.414837775100232e-05,-4.174180198182422e-05,7.103392069497949e-06,2.6740024126299354e-06,-9.75605022280028e-07,0.0,0.0,10.0
-2.6705,1.998211145107176,0.5023460433396334,0.9944921051944929,0.0031749118225064786,-0.001349008234714646,0.0002769543463897369,4.7040586389321015e-05,-4.2828513094308805e-05,7.059904265579261e-06,2.7704032347724253e-06,-1.0191418157071726e-06,0.0,0.0,10.0
-2.6675,1.9982117960673402,0.5023855734132043,0.9943587626476154,0.003256414194819845,-0.0013661110051816374,0.0002767871609382881,5.0029802560769176e-05,-4.390406051643032e-05,6.9643646020340676e-06,2.859253292069157e-06,-1.0600651006431564e-06,0.0,0.0,10.0
-2.6645,1.9982114112822575,0.5024261185279248,0.9942277323581498,0.0033398746045807297,-0.0013847289527466479,0.0002757003792033052,5.2996292696533046e-05,-4.4997894150581847e-05,6.829909949150918e-06,2.942132717981457e-06,-1.0995157792176377e-06,0.0,0.0,10.0
-2.6615,1.9982049074828578,0.5024696797531336,0.9940967037077326,0.003422004916068516,-0.0014045380559860698,0.00027405814517035863,5.58021801008475e-05,-4.6140511840953744e-05,6.682388260102766e-06,3.0224419340131937e-06,-1.1393761405799583e-06,0.0,0.0,10.0
-2.6585,1.9981848141824425,0.5025194144152473,0.9939647517359155,0.0034996980825829733,-0.001424781313205136,0.0002724548225446204,5.832950505141763e-05,-4.7354301535737854e-05,6.557991464036802e-06,3.1053405807595785e-06,-1.1818917304009097e-06,0.0,0.0,10.0
-2.6555,1.9981438948393448,0.5025786584136084,0.9938321080223701,0.003570590022276766,-0.0014445388599735928,0.00027154371752188106,6.051199698025348e-05,-4.864617206186595e-05,6.494248012602428e-06,3.196575257926885e-06,-1.2289800623600672e-06,0.0,0.0,10.0
-2.6525,1.9980787262060102,0.5026491110829433,0.9936993608623056,0.00363381791966062,-0.0014631306066616222,0.00027175536446629703,6.236139862927014e-05,-5.0003002056307146e-05,6.515182626375728e-06,3.3002434980107025e-06,-1.2813348314570782e-06,0.0,0.0,10.0
-2.6495,1.9979927520094423,0.502729266757241,0.9935667462797748,0.0036907089663955565,-0.0014804302166309153,0.0002730570167911402,6.398462561171482e-05,-5.1389890808569215e-05,6.618022423491697e-06,3.416655939178955e-06,-1.337721883467988e-06,0.0,0.0,10.0
-2.6465,1.9978963804938474,0.50281433703127,0.9934338974387256,0.0037446969429491867,-0.0014968889393218122,0.00027493078046093324,6.557070376570897e-05,-5.2754736320006185e-05,6.7717750082182635e-06,3.541922860972719e-06,-1.3950632835435102e-06,0.0,0.0,10.0
-2.6435,1.9978028465517077,0.5028982054439907,0.9933000854155127,0.003799998302048536,-0.0015132318351934672,0.0002766336121930033,6.732731388070859e-05,-5.40440961168486e-05,6.931972550585147e-06,3.669881888564063e-06,-1.449637677822638e-06,0.0,0.0,10.0
-2.6405,1.9977218653950457,0.502976401903918,0.9931647040740818,0.0038596143325728216,-0.0015300160152927744,0.0002775918050402142,6.938844146273145e-05,-5.5226076557167265e-05,7.063310703763398e-06,3.7951466696900516e-06,-1.498860476037102e-06,0.0,0.0,10.0
-2.6375,1.997655547420471,0.5030479114432349,0.993027700971628,0.003924115957143645,-0.0015473863101149352,0.00027764545668188163,7.1764438015325e-05,-5.630332653297671e-05,7.153417536686923e-06,3.915102193470171e-06,-1.542300751308239e-06,0.0,0.0,10.0
-2.6345,1.9975992587211524,0.5031144246950837,0.9928898824252834,0.003992184919074777,-0.0015652456958940256,0.0002769704606187291,7.439044462416698e-05,-5.7302846059941386e-05,7.207175145716618e-06,4.029661298959795e-06,-1.5809759923512192e-06,0.0,0.0,10.0
-2.6315,1.9975454951374432,0.50317804848756,0.9927531142330249,0.004062220238474065,-0.0015836696015268474,0.00027580498102637503,7.723350976490318e-05,-5.8251870448866816e-05,7.229236771407974e-06,4.1396357817661974e-06,-1.6156157823465499e-06,0.0,0.0,10.0
-2.6285,1.997486965548982,0.50323982504055,0.9926201492609457,0.004133376386995053,-0.0016031070793130755,0.00027426798450972783,8.034752842326357e-05,-5.916338343962147e-05,7.21364529281329e-06,4.245520630661144e-06,-1.6457075771846386e-06,0.0,0.0,10.0
-2.6255,1.997418007705827,0.5033000001844562,0.9924936655757716,0.004205373967439856,-0.0016241076824316347,0.00027238763879607785,8.38186987708452e-05,-6.00405072285208e-05,7.149905699656785e-06,4.347441817393791e-06,-1.6702059508401649e-06,0.0,0.0,10.0
-2.6225,1.9973360801685658,0.503358926387414,0.9923746924162797,0.004277862433322059,-0.0016467936417388683,0.00027020929439526184,8.765869939717115e-05,-6.088720408782229e-05,7.036947302090602e-06,4.445588927686142e-06,-1.6889944591284154e-06,0.0,0.0,10.0
-2.6195,1.9972433103051823,0.5034174741494344,0.9922614748074238,0.004350125696291797,-0.0016705173723213322,0.00026784696132231296,9.173916090365895e-05,-6.171306501352498e-05,6.891623515177372e-06,4.540414027371406e-06,-1.7037506310040527e-06,0.0,0.0,10.0
-2.6165,1.997145942941885,0.503476974190299,0.992149816193501,0.004421117088639137,-0.0016939583195097333,0.0002654770628760061,9.580909513853833e-05,-6.253284040127996e-05,6.746470728454274e-06,4.632603017392809e-06,-1.7177213229514424e-06,0.0,0.0,10.0
-2.6135,1.997051320961962,0.5035389582536515,0.9920348259493084,0.004489638446782501,-0.0017155981506828536,0.0002633049639443748,9.957990106474246e-05,-6.336380542137496e-05,6.638917334785235e-06,4.722969515743601e-06,-1.7346490683137029e-06,0.0,0.0,10.0
-2.6105,1.9969646185182446,0.5036047277107276,0.9919129405732886,0.004554644717371192,-0.0017342900587991852,0.0002615095620792609,0.00010282954403434039,-6.422111944787953e-05,6.597899877287922e-06,4.812252484617376e-06,-1.7574353117040504e-06,0.0,0.0,10.0
-2.6075,1.9968874288009735,0.5036748818597148,0.9917830575346878,0.004615581175188705,-0.0017496154392582658,0.00026018403996161757,0.00010547181829425364,-6.511252451608482e-05,6.634695335392469e-06,4.900861167421724e-06,-1.7872137789331671e-06,0.0,0.0,10.0
-2.6045,1.9968186179527394,0.5037490079992132,0.9916463975510372,0.004672609219512943,-0.0017619023399030164,0.0002592979363135207,0.00010756577653616503,-6.603466912757355e-05,6.74130533920734e-06,4.988677748255884e-06,-1.8231718648765887e-06,0.0,0.0,10.0
-2.6015,1.9967562672190409,0.5038257125861783,0.9915055180225522,0.0047265921834162145,-0.001771982033099095,0.0002587013164666266,0.00010927481467269019,-6.697320368755881e-05,6.895484192067199e-06,5.075039954375425e-06,-1.863042247067343e-06,0.0,0.0,10.0
-2.5985,1.9966991801246934,0.5039030357778673,0.991363190927021,0.004778809517791283,-0.0017808517134566865,0.00025817481636094413,0.00011080278443539396,-6.790725652328854e-05,7.0691264216513605e-06,5.158951852404256e-06,-1.903946865235717e-06,0.0,0.0,10.0
-2.5955,1.9966472098877905,0.5039790943369876,0.9912216470637824,0.004830507559575392,-0.001789388876306218,0.00025750629562760585,0.00011233425316269157,-6.881660277860322e-05,7.236492339042353e-06,5.239444691695248e-06,-1.943240338933189e-06,0.0,0.0,10.0
-2.5925,1.9966006846242155,0.5040526582445665,0.9910823077712667,0.004882494348169723,-0.001798190923942571,0.0002565590712144277,0.00011399645799337414,-6.968818380592869e-05,7.3797279374788504e-06,5.315913231649408e-06,-1.9790866118423697e-06,0.0,0.0,10.0
-2.5895,1.9965597014068246,0.5041233923319391,0.9909458616635346,0.004934968448273062,-0.0018075460005950654,0.00025530025778999527,0.00011584880695093171,-7.051888679097344e-05,7.490592136000216e-06,5.3882607097578194e-06,-2.010645976810955e-06,0.0,0.0,10.0
-2.5865,1.9965238492849426,0.5041916895930607,0.9908124801365924,0.0049876346582726225,-0.0018174971844328771,0.0002537808372643479,0.00011789508165043166,-7.131370444171229e-05,7.568866743626787e-06,5.4568019319103575e-06,-2.0379137684118706e-06,0.0,0.0,10.0
-2.5835,1.9964923745800913,0.5042582602761552,0.9906820312082653,0.005039992240572835,-0.0018279435271015007,0.0002520869163991132,0.00012010625797850227,-7.208110847772137e-05,7.619123634116169e-06,5.522019692186073e-06,-2.0613834350808116e-06,0.0,0.0,10.0
-2.5805,1.9964644324179028,0.5043237516591849,0.9905542409760592,0.0050916026298430655,-0.0018387273050924898,0.00025029460775603004,0.0001224409226151185,-7.282875658685927e-05,7.647786023052034e-06,5.584339689212684e-06,-2.0817389879041937e-06,0.0,0.0,10.0
-2.5775,1.9964391168011695,0.5043885897203121,0.990428803565136,0.00514220156111815,-0.0018496819383127232,0.0002484511742097733,0.0001248559200561782,-7.356172258209713e-05,7.66161967590536e-06,5.644040201267636e-06,-2.099698437431457e-06,0.0,0.0,10.0
-2.5745,1.996415264680942,0.5044530455291233,0.9903054510517848,0.00519165255249007,-0.0018606447242955188,0.0002465829743791036,0.00012730804541532685,-7.428330371726178e-05,7.667546428605713e-06,5.701298978138993e-06,-2.115997169448967e-06,0.0,0.0,10.0
-2.5715,1.9963912525194034,0.5045173914038779,0.9901839923601291,0.005239835714451118,-0.0018714563045731454,0.000244714487652367,0.00012975277808874698,-7.499688398548412e-05,7.672871945217823e-06,5.756295933054472e-06,-2.1314144307459693e-06,0.0,0.0,10.0
-2.5685000000000002,1.99636497806234,0.5045820025881822,0.9900643348196689,0.00528657301058193,-0.001881968716480351,0.0002428814378052842,0.00013214593516595456,-7.570721201709282e-05,7.685042296604794e-06,5.809284275265337e-06,-2.1467488327092705e-06,0.0,0.0,10.0
-2.5655,1.9963340491969823,0.5046473374842907,0.9899465084791998,0.0053316374673018545,-0.0018920722546757422,0.0002411299388834587,0.00013445063215203877,-7.642031729168543e-05,7.710588379764797e-06,5.860589297977832e-06,-2.1627074230284035e-06,0.0,0.0,10.0
-2.5625,1.9962960820553854,0.5047138111748299,0.9898307023225976,0.005374836920511271,-0.0019017366607747169,0.0002395030969941373,0.00013664803703841946,-7.71422057046503e-05,7.75350324408389e-06,5.910542699088802e-06,-2.17973502362833e-06,0.0,0.0,10.0
-2.5595,1.996249019320722,0.5047816238566469,0.989717287838595,0.005416130166964251,-0.001911048696414152,0.000238022039774715,0.0001387474907749866,-7.787699914044594e-05,7.81370273017544e-06,5.959387078828332e-06,-2.197852116506074e-06,0.0,0.0,10.0
-2.5564999999999998,1.9961914492659156,0.5048506218098363,0.9896067724222802,0.0054557220882604784,-0.001920220101659075,0.0002366703200086509,0.0001407901769492892,-7.862536187912257e-05,7.886392062167583e-06,6.007193423926313e-06,-2.2165861837470065e-06,0.0,0.0,10.0
-2.5535,1.996122935837279,0.5049202594155108,0.989499630870334,0.0054940903623564965,-0.001929544759711619,0.00023538963965462944,0.00014284171167507992,-7.938396163602241e-05,7.962986375032789e-06,6.05382911458651e-06,-2.2350628903588356e-06,0.0,0.0,10.0
-2.5505,1.9960443223375104,0.5049896940847144,0.9893960248907082,0.00553192153889648,-0.001939305596775395,0.00023409052845982189,0.00014497345779533399,-8.014632025016643e-05,8.03363074241291e-06,6.098994812062659e-06,-2.252262159750151e-06,0.0,0.0,10.0
-2.5475,1.9959578897900507,0.505057990080899,0.9892955084980297,0.005569972844850725,-0.001949661751334551,0.00023267501424985193,0.0001472384440415813,-8.090480799398416e-05,8.090542851871347e-06,6.1423196491178715e-06,-2.2673608315497926e-06,0.0,0.0,10.0
-2.5445,1.9958672212063806,0.5051243577591237,0.9891968683605846,0.0056089102747867384,-0.0019605657535259565,0.00023106257528341333,0.00014965183996289375,-8.165300522438749e-05,8.130838820223864e-06,6.183478314381158e-06,-2.2800262751589566e-06,0.0,0.0,10.0
-2.5415,1.9957766994409634,0.5051883393259992,0.9890982143561426,0.0056491840406466985,-0.0019717532661693076,0.00022920908926710575,0.00015218491649284205,-8.2387495728897e-05,8.15761221378148e-06,6.222284886801998e-06,-2.290535540179901e-06,0.0,0.0,10.0
-2.5385,1.9956907200197556,0.505249880895067,0.9889973257903572,0.005690982304441789,-0.0019828154846638626,0.00022711220234043785,0.00015477534996739605,-8.310847515348136e-05,8.17882482930661e-06,6.258732059325275e-06,-2.2996733619067035e-06,0.0,0.0,10.0
-2.5355,1.9956128373375763,0.5053092872903682,0.9888921363462617,0.005734264578863346,-0.001993324909899793,0.0002248034605733086,0.00015734899687406216,-8.381917711526873e-05,8.204597195620883e-06,6.292973019967306e-06,-2.3084659974082663e-06,0.0,0.0,10.0
-2.5325,1.9955450996414985,0.5053671074558469,0.9887811776758592,0.00577884058002058,-0.002002961719962325,0.00022233358960633583,0.00015984332758373727,-8.452467214634801e-05,8.24416677622365e-06,6.325269849253689e-06,-2.3178771493694405e-06,0.0,0.0,10.0
-2.5295,1.9954877522537031,0.5054240158475808,0.9886638285958184,0.005824448669100698,-0.00201159226269934,0.00021975906356162675,0.00016222308442632926,-8.523076474341799e-05,8.30376384787522e-06,6.355941602295977e-06,-2.3285916195108322e-06,0.0,0.0,10.0
-2.5265,1.9954393531713859,0.5054807338088082,0.9885403096079481,0.00587080372676875,-0.002019277800877996,0.00021713509229917414,0.00016448359469809452,-8.594344795947552e-05,8.386032728059255e-06,6.385333980685974e-06,-2.3409506554134884e-06,0.0,0.0,10.0
-2.5235,1.9953972212738904,0.5055379945927264,0.9884114652912245,0.005917613199809447,-0.002026223605015254,0.00021451492401206577,0.00016664329900663148,-8.666890018430583e-05,8.4908211341911e-06,6.413810918600723e-06,-2.3550224037831806e-06,0.0,0.0,10.0
-2.5205,1.9953580680457683,0.5055965247059042,0.9882784414121752,0.005964582089528836,-0.0020326993702080407,0.0002119514249752935,0.0001687311555986075,-8.741364830357304e-05,8.616615643849724e-06,6.44175185836819e-06,-2.370736188760485e-06,0.0,0.0,10.0
-2.5175,1.995318653930605,0.505657009182773,0.9881423717867065,0.00601143104611535,-0.0020389648234775026,0.00020949629719210712,0.00017077517714175332,-8.818446665195369e-05,8.761820531382041e-06,6.469536260041892e-06,-2.388001295773421e-06,0.0,0.0,10.0
-2.5145,1.9952763415617358,0.5057200262702959,0.9880041550253881,0.006057938614937612,-0.0020452229931978367,0.00020719463597007747,0.00017279612438233672,-8.898779902766285e-05,8.925373998244695e-06,6.497507432848442e-06,-2.4067608845323237e-06,0.0,0.0,10.0
-2.5115,1.995229466002734,0.5057859625301017,0.9878643506794847,0.0061039999512385755,-0.00205160707738583,0.00020507589380170838,0.00017480714160975368,-8.982880523111178e-05,9.106626027213478e-06,6.525922583104139e-06,-2.42697489085028e-06,0.0,0.0,10.0
-2.5085,1.9951774879082074,0.5058549375992153,0.9877231821739532,0.006149680754585094,-0.0020581934731426052,0.00020314480716628403,0.00017681754323389177,-9.071036843436657e-05,9.304740550863608e-06,6.554906618142628e-06,-2.448559520499519e-06,0.0,0.0,10.0
-2.5055,1.9951209305755297,0.505926771330157,0.9875806119526102,0.0061952422661266165,-0.002065027363453227,0.0002013764837654365,0.00017883786511620637,-9.163246389981442e-05,9.51802134344235e-06,6.5844294476848895e-06,-2.4713241087277323e-06,0.0,0.0,10.0
-2.5025,1.9950611279557493,0.5060010147245696,0.9874364516450576,0.006241121072222387,-0.0020721481215859503,0.00019971860076611086,0.0001808836473113763,-9.259217774876002e-05,9.743500096310715e-06,6.614320132653269e-06,-2.4949391791834626e-06,0.0,0.0,10.0
-2.4995,1.994999834245479,0.5060770448556557,0.9872904787645282,0.0062878627122961925,-0.0020796069921093026,0.00019810112381624375,0.00018297667412859824,-9.358442972716168e-05,9.976939885017958e-06,6.644318896965351e-06,-2.518949960766388e-06,0.0,0.0,10.0
-2.4965,1.9949387693012117,0.5061542009552116,0.987142542188088,0.006336024840475309,-0.002087475554307516,0.0001964511280145428,0.00018514383054099692,-9.4603188920963e-05,1.0213198704109904e-05,6.674154365514616e-06,-2.5428277513939275e-06,0.0,0.0,10.0
-2.4935,1.9948791922510447,0.5062319234816752,0.9869926450568451,0.00638607708139599,-0.002095847381726807,0.00019470835562366472,0.0001874146690431861,-9.564278617916714e-05,1.0446761404152963e-05,6.703623973275113e-06,-2.5660372261876998e-06,0.0,0.0,10.0
-2.4905,1.9948215978076937,0.5063098573864742,0.9868409942093905,0.00643832557067209,-0.002104835632494451,0.00019283695891681002,0.00018981884750540414,-9.669890578660917e-05,1.0672239502909064e-05,6.732654584850704e-06,-2.588096887011313e-06,0.0,0.0,10.0
-2.4875,1.9947656078388805,0.5063878955989785,0.9866880032238589,0.006492879910726188,-0.0021145667725503987,0.0001908305437595732,0.00019238390933665628,-9.776899255853474e-05,1.0884744027274188e-05,6.761328534697428e-06,-2.6086211206757094e-06,0.0,0.0,10.0
-2.4845,1.9947100851169581,0.5064661619553782,0.9865342379432935,0.0065496638033137764,-0.0021251678478418842,0.00018871032126706574,0.00019513299714229217,-9.885206241295623e-05,1.1080177801431102e-05,6.789873662582195e-06,-2.627347669732854e-06,0.0,0.0,10.0
-2.4815,1.9946534373785598,0.5065449531666312,0.9863803041903194,0.006608455918501341,-0.0021367446168286887,0.00018651855102509287,0.00019808171712546447,-9.994812860329091e-05,1.1255569254152542e-05,6.818628057313804e-06,-2.6441632060775333e-06,0.0,0.0,10.0
-2.4785,1.9945940258211685,0.506624667740137,0.9862266967874711,0.006668941254320818,-0.002149351648359951,0.00018431042177726034,0.00020123387383787157,-0.00010105754739496225,1.140952144839724e-05,6.847995713666212e-06,-2.659135886759345e-06,0.0,0.0,10.0
-2.4755,1.994530562162308,0.5067057439658494,0.9860736492457634,0.0067307569592932,-0.0021629615145939197,0.00018214682285519704,0.00020457692754433576,-0.00010218052083605799,1.1542704532829453e-05,6.878406652750301e-06,-2.6725497115789985e-06,0.0,0.0,10.0
-2.4725,1.9944623850391525,0.5067886148392292,0.9859210329448944,0.006793526457965765,-0.0021774446834768473,0.00018008879950071123,0.00020807904643819073,-0.00010331683269642697,1.1658175752681838e-05,6.910287134915552e-06,-2.6849210392910055e-06,0.0,0.0,10.0
-2.4695,1.994389549420324,0.5068736744521659,0.9857683449091807,0.006856885209856505,-0.0021925711459306178,0.00017819297410398072,0.0002116897723869142,-0.00010446574087422187,1.1761274491346795e-05,6.944037518898597e-06,-2.6969735244998077e-06,0.0,0.0,10.0
-2.4665,1.9943127267888963,0.5069612450834132,0.985614795387749,0.006920505451537584,-0.0022080384050142798,0.0001765066940917962,0.00021534532570985953,-0.00010562588646389226,1.185895307446871e-05,6.980011296249067e-06,-2.7095585228910384e-06,0.0,0.0,10.0
-2.4635,1.994232974715779,0.5070515382849415,0.9854594714716891,0.0069841247535032975,-0.0022235208243196053,0.00017506226502476401,0.00021897785689310704,-0.0001067951224733972,1.1958618446514879e-05,7.0184900967640715e-06,-2.7235290342451304e-06,0.0,0.0,10.0
-2.4605,1.9941514687556556,0.5071446126090319,0.9853015264641665,0.0070475768970415485,-0.002238727025860786,0.00017387082077902083,0.00022252635204415283,-0.00010797026939079027,1.2066766954912947e-05,7.059654316094208e-06,-2.739595808329289e-06,0.0,0.0,10.0
-2.4575,1.994069285862608,0.5072403390871886,0.9851403382117923,0.007110817690082518,-0.0022534489074229054,0.00017291740699781297,0.0002259461821263365,-0.00010914690186107413,1.2187792030108777e-05,7.103554355622532e-06,-2.758204085367114e-06,0.0,0.0,10.0
-2.4545,1.9939872922721205,0.5073383884633397,0.9849755947693102,0.007173936187203434,-0.002267589084704232,0.0001721591429067471,0.00022921474371305242,-0.00011031930779006481,1.2323290812852649e-05,7.150090542671409e-06,-2.7794642561015577e-06,0.0,0.0,10.0
-2.4515000000000002,1.9939061392034148,0.5074382501483484,0.9848072943338847,0.007237144370062104,-0.002281161326542704,0.00017152773861455123,0.00023233199596188746,-0.00011148072245103951,1.2472023076630413e-05,7.199009297238118e-06,-2.803152509263794e-06,0.0,0.0,10.0
-2.4485,1.9938263293557827,0.5075392838141854,0.9846356753164973,0.0073007444319619155,-0.0022942673055521235,0.00017093644511542293,0.00023531632992732259,-0.00011262384653094981,1.2630463957391998e-05,7.249919360792823e-06,-2.8287760743353435e-06,0.0,0.0,10.0
-2.4455,1.993748300670294,0.5076407944030761,0.9844611107000367,0.007365079732341864,-0.0023070593587127637,0.00017029020574501374,0.00023819747493754076,-0.00011374155205085096,1.2793725085798416e-05,7.302326530623877e-06,-2.8556803170537215e-06,0.0,0.0,10.0
-2.4425,1.9936724820976206,0.5077421143083249,0.9842840039911602,0.007430480338847911,-0.0023197011217945276,0.00016949688430172044,0.0002410086678464279,-0.0001148276104274183,1.2956549777141595e-05,7.355680560501792e-06,-2.883167143099629e-06,0.0,0.0,10.0
-2.4395,1.9935992985938351,0.5078426754070818,0.9841047146205841,0.007497214889706284,-0.002332335985656426,0.00016847730344355172,0.00024378004887315444,-0.00011587727300995858,1.3114124599598006e-05,7.409425563181365e-06,-2.91059694113674e-06,0.0,0.0,10.0
-2.4365,1.9935291253313807,0.5079420586871236,0.9839235252266297,0.007565457118379344,-0.002345068876373374,0.00016717244977258925,0.0002465344537911892,-0.00011688759664955765,1.3262560066871752e-05,7.46304606258018e-06,-2.9374567440577147e-06,0.0,0.0,10.0
-2.4335,1.9934622050783264,0.508040017839709,0.9837406487091707,0.007635269531354475,-0.0023579619441471316,0.0001655472709009787,0.0002492858310432202,-0.00011785750453100848,1.3399025038144733e-05,7.516103961656029e-06,-2.9633903438018692e-06,0.0,0.0,10.0
-2.4305,1.9933985471225433,0.5081364812691621,0.9835562634385189,0.007706601248265217,-0.0023710410355001466,0.00016359150671712717,0.000252039772242851,-0.00011878765816180819,1.3521622759154017e-05,7.568265243200856e-06,-2.9881967822586593e-06,0.0,0.0,10.0
-2.4275,1.99333782625046,0.508231540926207,0.9833705612612864,0.007779294366820816,-0.0023843080930562965,0.00016131853265980591,0.0002547952938705507,-0.00011968025001963524,1.362914241195548e-05,7.619317358254738e-06,-3.0118089482477177e-06,0.0,0.0,10.0
-2.4245,1.9932793017916668,0.5083254350330884,0.9831837932654788,0.007853094219273597,-0.0023977547056931716,0.0001587631009896415,0.0002575470366018482,-0.00012053879636494559,1.372080819885241e-05,7.669178206119553e-06,-3.0342637387333436e-06,0.0,0.0,10.0
-2.4215,1.99322178090587,0.508418526872051,0.9829963004229978,0.007927662343675024,-0.0024113731656108294,0.00015597834164093904,0.00026028730039152946,-0.00012136793875942263,1.3796100932781657e-05,7.717896053916647e-06,-3.0556715129651396e-06,0.0,0.0,10.0
-2.4185,1.9931636529722032,0.5085112768813993,0.9828085190356546,0.008002594455426042,-0.0024251627816182972,0.00015303183147909625,0.0002630076162036686,-0.00012217319453678078,1.3854675079935314e-05,7.76563832230403e-06,-3.0761883260953104e-06,0.0,0.0,10.0
-2.4154999999999998,1.9931030164765495,0.5086042036039468,0.9826209546924536,0.008077446897243748,-0.0024391304275954233,0.00015000033551214244,0.00026569974718808955,-0.00012296057140650659,1.3896358899831628e-05,7.812667425467923e-06,-3.0959917953780017e-06,0.0,0.0,10.0
-2.4125,1.9930379018932545,0.5086978317885749,0.9824341242381661,0.008151773089581477,-0.00245328540107368,0.00014696311097394784,0.0002683561043309093,-0.00012373599595438427,1.3921211662154994e-05,7.859304311260736e-06,-3.1152608506629915e-06,0.0,0.0,10.0
-2.4095,1.9929665657353353,0.5087926318347655,0.9822484733455092,0.008225167288262888,-0.0024676298452512044,0.00014399430147591817,0.00027096962175416907,-0.00012450458538067237,1.3929611245407227e-05,7.905884178388435e-06,-3.1341600680060647e-06,0.0,0.0,10.0
-2.4065,1.9928878011328992,0.5088889607813741,0.9820642861069073,0.008297308563312846,-0.0024821472703866567,0.00014115559954280368,0.0002735332285479113,-0.0001252698797389735,1.392234618298466e-05,7.952712334466577e-06,-3.152829464752905e-06,0.0,0.0,10.0
-2.4035,1.992801191569065,0.5089870180784936,0.9818816093113939,0.008367995522215878,-0.002496792732625725,0.00013849067780651945,0.0002760391754510626,-0.0001260332079138956,1.3900683576119e-05,8.000029553655382e-06,-3.1713799144825877e-06,0.0,0.0,10.0
-2.4005,1.9927072372061387,0.5090868277149547,0.9817002142025479,0.008437163185469927,-0.0025114883961341408,0.000136022688362902,0.00027847855885341046,-0.00012679335843248106,1.386638234694355e-05,8.047994619558074e-06,-3.1898930669232623e-06,0.0,0.0,10.0
-2.3975,1.9926073103965047,0.5091882522110805,0.9815196108312263,0.008504877462258819,-0.002526127101168376,0.00013375543629513551,0.0002808413547916871,-0.0001275466637541674,1.3821627819388906e-05,8.096687196936637e-06,-3.208423683619919e-06,0.0,0.0,10.0
-2.3945,1.9925034413288165,0.5092910356217322,0.9813391161908126,0.008571308488581897,-0.0025405843121165768,0.0001316778763091063,0.0002831171089719702,-0.00012828750492862605,1.3768882277907216e-05,8.146128104933831e-06,-3.227002255126929e-06,0.0,0.0,10.0
-2.3915,1.9923979814227077,0.5093948649865022,0.9811579617432732,0.008636689640916998,-0.00255473615379827,0.0001297706956017885,0.00028529617928604975,-0.000129009136524407,1.3710672176037488e-05,8.196308634029213e-06,-3.245636664067247e-06,0.0,0.0,10.0
-2.3885,1.9922932245199207,0.509499435257822,0.9809754144247227,0.008701272431408074,-0.002568479185743297,0.00012801324529542138,0.00028737119652199255,-0.00012970465261595706,1.364935453971911e-05,8.247218170882301e-06,-3.264313030468805e-06,0.0,0.0,10.0
-2.3855,1.9921910729853385,0.5096045029846336,0.9807908820130997,0.008765287679655037,-0.0025817469325300465,0.000126389133298603,0.0002893382954820761,-0.00013036788584967315,1.3586911779571298e-05,8.29886160164091e-06,-3.282997129138926e-06,0.0,0.0,10.0
-2.3825,1.9920928163503107,0.509709918547031,0.9806039797466292,0.008828920500564415,-0.002594519198662181,0.00012488933436771886,0.0002911977295681183,-0.00013099406349532318,1.3524813389633675e-05,8.351263892434396e-06,-3.301638378198751e-06,0.0,0.0,10.0
-2.3795,1.991999052863729,0.5098156336513087,0.9804145476226285,0.008892301978487957,-0.002606822394942144,0.0001235124622692093,0.0002929537073186672,-0.00013158013253245797,1.3463963862435551e-05,8.404465095114617e-06,-3.320177883539326e-06,0.0,0.0,10.0
-2.3765,1.9919097436446407,0.5099216874906798,0.9802226222154932,0.008955515563915809,-0.0026187216248896457,0.00012226261103582002,0.0002946135750107769,-0.00013212477697000297,1.3404740048222412e-05,8.458510084912103e-06,-3.3385600350012092e-06,0.0,0.0,10.0
-2.3735,1.991824358786007,0.5100281790567408,0.9800283789476308,0.00901861234231803,-0.002630307162842425,0.00012114574347956924,0.0002961866271374971,-0.00013262821474953695,1.3347108865089372e-05,8.513431898459413e-06,-3.356743846239031e-06,0.0,0.0,10.0
-2.3705,1.9917420623949604,0.51013523347913,0.9798320680807369,0.009081626636515981,-0.0026416784168744266,0.00012016587186787007,0.00029768272528507366,-0.0001330918174900936,1.329079726491262e-05,8.569219775790949e-06,-3.37470689638863e-06,0.0,0.0,10.0
-2.3675,1.9916618881239645,0.5102429685220659,0.9796339675941914,0.009144582953989127,-0.0026529275966252594,0.00011932206399822957,0.00029911071102851525,-0.00013351749753543374,1.3235458777278692e-05,8.625762958861202e-06,-3.392434500321842e-06,0.0,0.0,10.0
-2.3645,1.9915828703736147,0.5103514674836894,0.9794343634750877,0.009207491142436842,-0.0026641251321709125,0.00011860664726631194,0.0003004767962506002,-0.00013390687297943425,1.3180771534251229e-05,8.682780953199479e-06,-3.40989431648288e-06,0.0,0.0,10.0
-2.3615,1.9915041122693535,0.51046076779046,0.9792335431410555,0.009270341714840322,-0.0026753124157891444,0.00011800463985786059,0.0003017839491417469,-0.00013426064476698972,1.312645280858543e-05,8.739791434327834e-06,-3.427013800147185e-06,0.0,0.0,10.0
-2.3585,1.991424793094849,0.5105708705279144,0.9790317746293596,0.009333125978283242,-0.0026865129322869207,0.00011749549076918138,0.00030303389850146016,-0.00013457912938837077,1.3072281633827236e-05,8.796196373951044e-06,-3.443693895628292e-06,0.0,0.0,10.0
-2.3555,1.9913441487440853,0.5106817538835875,0.978829278200056,0.009395888006140172,-0.0026977686825985763,0.00011705967918992569,0.00030423199604672743,-0.00013486456919153055,1.3018275380821533e-05,8.851518169738536e-06,-3.4598798205391646e-06,0.0,0.0,10.0
-2.3525,1.9912614655303038,0.5107933617364037,0.9786262463584365,0.009458764073789455,-0.0027091829204531986,0.00011668971009081912,0.0003053916027887958,-0.00013512394198695438,1.2964994190593019e-05,8.905654687604019e-06,-3.475647996095494e-06,0.0,0.0,10.0
-2.3495,1.9911760510193095,0.5109056035292685,0.9784229055861957,0.009521944622421187,-0.0027209169660982694,0.00011639430489903618,0.00030653263664433007,-0.0001353686510513442,1.2913556077346028e-05,8.95885812673194e-06,-3.4911936981962867e-06,0.0,0.0,10.0
-2.3465,1.991087077891686,0.5110184830869883,0.9782194480468315,0.009585576421085066,-0.002733103013131111,0.00011617804472992573,0.00030767348869745176,-0.00013560831923099226,1.286480940785515e-05,9.011250695824464e-06,-3.506629025140219e-06,0.0,0.0,10.0
-2.3435,1.9909935008135766,0.5111322707898589,0.9780157602413356,0.009649754719519696,-0.0027457402348026708,0.00011599850678842031,0.00030882589635578586,-0.00013584221281792014,1.2817741804887019e-05,9.062197979181452e-06,-3.5216897727858973e-06,0.0,0.0,10.0
-2.3405,1.9908947516436661,0.5112472075344657,0.9778113672369152,0.009714732576866834,-0.002758740564528312,0.00011574153621288241,0.0003100057499316443,-0.00013605798047446984,1.2768270791410539e-05,9.110292036810305e-06,-3.5356399855680675e-06,0.0,0.0,10.0
-2.3375,1.990791905423997,0.5113629515326581,0.9776058152790884,0.009780952431851132,-0.002772063005725632,0.00011529282988922514,0.0003112336024445186,-0.0001362455154603809,1.2712727143949228e-05,9.154361805087713e-06,-3.5478367872322843e-06,0.0,0.0,10.0
-2.3345000000000002,1.9906829609457852,0.5114797581044978,0.9774001719247224,0.009847989313619441,-0.0027858592398168442,0.00011475372995736424,0.0003125171878549434,-0.00013642262500803307,1.2654298521699903e-05,9.195037837546753e-06,-3.5585968295060327e-06,0.0,0.0,10.0
-2.3315,1.9905646657309792,0.5115991756088328,0.9771949631991397,0.009914517758671484,-0.002799967800108998,0.00011439248438759282,0.0003137855762052781,-0.00013662500798143867,1.260857793708334e-05,9.233897784913243e-06,-3.569544754785601e-06,0.0,0.0,10.0
-2.3285,1.990443845557995,0.5117186674392037,0.9769890790489068,0.009982467503415457,-0.00281454958707558,0.00011388732416650823,0.00031512775505706544,-0.00013682782653038437,1.2563339188602196e-05,9.269136177701887e-06,-3.5791834275237832e-06,0.0,0.0,10.0
-2.3255,1.99031911811604,0.5118394782386122,0.976781929139801,0.0100512358688476,-0.0028293444505414315,0.00011331341444848325,0.0003165049386664631,-0.000137044147572076,1.2526430572966506e-05,9.300797015801866e-06,-3.5880912768830337e-06,0.0,0.0,10.0
-2.3225,1.9901914134439709,0.511961721704703,0.9765730826408824,0.010120784823777528,-0.0028442324512988936,0.00011266570577836847,0.00031791304992855474,-0.000137280965360824,1.2501257153340511e-05,9.328598404650104e-06,-3.596381359594012e-06,0.0,0.0,10.0
-2.3195,1.9900617996723082,0.5120855033880827,0.9763620248200808,0.010191074759988978,-0.002859064465583223,0.0001119377379203984,0.0003193438847165025,-0.00013754492869486195,1.249163392310623e-05,9.352231327616492e-06,-3.6041968325736743e-06,0.0,0.0,10.0
-2.3165,1.989931317562279,0.512210931647425,0.9761482137432727,0.010262076738370197,-0.002873686662333814,0.00011112290618437793,0.00032078690332399876,-0.00013784132469342033,1.250101143145173e-05,9.371444972379443e-06,-3.611684779757801e-06,0.0,0.0,10.0
-2.3135,1.98980085665217,0.5123381401115351,0.975931138919819,0.010333774762842557,-0.0028879695930321986,0.00011021725906735912,0.00032223150158094873,-0.0001381729929694751,1.2531594229795126e-05,9.386144633018023e-06,-3.6189674120709894e-06,0.0,0.0,10.0
-2.3105,1.9896710912204871,0.5124672879015577,0.9757103616313266,0.010406163322646007,-0.0029018245445168846,0.00010922066957313424,0.0003236680191605534,-0.00013853933256470743,1.2583780371274958e-05,9.3964279186293e-06,-3.626119079745781e-06,0.0,0.0,10.0
-2.3075,1.9895424569772564,0.5125985287538178,0.9754855597382858,0.010479231087668774,-0.0029151995723673573,0.00010813454215588783,0.00032508769355965453,-0.00013893559700714982,1.2656000964609744e-05,9.40251506843122e-06,-3.6331318090638744e-06,0.0,0.0,10.0
-2.3045,1.9894151699075135,0.5127319685524698,0.975256583909494,0.010552924175997704,-0.002928054951237133,0.00010695567686239765,0.00032648233763905496,-0.00013935265355387107,1.2744880989378554e-05,9.404607228162143e-06,-3.63987225434982e-06,0.0,0.0,10.0
-2.3015,1.989289266695282,0.5128676438397584,0.9750234896878971,0.010627113169079322,-0.0029403341662866157,0.00010566855738709138,0.000327845434881486,-0.00013977781934102358,1.284563980595405e-05,9.402806511270604e-06,-3.6460736104625485e-06,0.0,0.0,10.0
-2.2984999999999998,1.9891646341437306,0.5130055391867424,0.9747864939261981,0.010701615373977617,-0.0029519645481938047,0.00010424338007867159,0.0003291766620073434,-0.0001401980713818411,1.2952792545792446e-05,9.397271034884018e-06,-3.6514275431779493e-06,0.0,0.0,10.0
-2.2955,1.9890410355112462,0.5131456114134036,0.9745458807892717,0.010776289245790075,-0.0029629128806493038,0.00010264937027816284,0.00033048909800956097,-0.00014060618607664448,1.3061277378150002e-05,9.388639570586596e-06,-3.6557940631329176e-06,0.0,0.0,10.0
-2.2925,1.9889181565410983,0.5132877724260951,0.9743019714347304,0.01085111935032105,-0.0029732620743666486,0.00010088119121231611,0.0003318128971593488,-0.0001410067408695146,1.3167737429469112e-05,9.378422087260802e-06,-3.659411509665831e-06,0.0,0.0,10.0
-2.2895,1.9887955540951037,0.513431919206986,0.9740551331886703,0.01092617331875529,-0.002983202055953644,9.896946198192068e-05,0.00033318740902452425,-0.0001414147352925603,1.3270896849764577e-05,9.36877149437318e-06,-3.662855391856013e-06,0.0,0.0,10.0
-2.2865,1.988672312689876,0.513578221677687,0.9738055304666178,0.011001461442216288,-0.0029928603840801366,9.693723368084973e-05,0.000334643135813058,-0.0001418420726594728,1.3369869305860322e-05,9.361348524924406e-06,-3.666585445340562e-06,0.0,0.0,10.0
-2.2835,1.9885469286406592,0.5137273867872866,0.9735526299013126,0.011076963774870515,-0.0030021194040634647,9.471424964188892e-05,0.00033619321258238316,-0.00014228012004569536,1.3460720637349251e-05,9.35604464096012e-06,-3.670327111263471e-06,0.0,0.0,10.0
-2.2805,1.9884189195775388,0.5138797996549372,0.9732953952665384,0.01115305885099176,-0.003010758993925926,9.209495791307903e-05,0.00033785888544891185,-0.00014269733211343049,1.3533446788526902e-05,9.351094789377195e-06,-3.6728676403573106e-06,0.0,0.0,10.0
-2.2775,1.9882925724868756,0.5140342105061151,0.9730327253232751,0.011230576604303842,-0.0030186190170808694,8.88900616546998e-05,0.0003396484023849281,-0.000143064877655489,1.3580481333092702e-05,9.345232406529767e-06,-3.6734017900839962e-06,0.0,0.0,10.0
-2.2745,1.988161806071663,0.514190395957804,0.9727687653582392,0.011308630703325925,-0.003026440627429909,8.53420639711798e-05,0.0003416122594503024,-0.00014340314887066906,1.3596437047839183e-05,9.341111060487395e-06,-3.672145220407337e-06,0.0,0.0,10.0
-2.2715,1.9880190812278522,0.5143512724364504,0.9725051855724376,0.011384379426245825,-0.0030339911850879664,8.206779907682909e-05,0.00034356308085798097,-0.00014376017164165222,1.3605771344321614e-05,9.343576460663599e-06,-3.672659721358781e-06,0.0,0.0,10.0
-2.2685,1.9878758236344587,0.5145121552930962,0.9722401232513845,0.011461376257579004,-0.0030416361211594227,7.85346803633276e-05,0.00034561107409867284,-0.00014405868807040208,1.3577010935786602e-05,9.351138157283857e-06,-3.6724861582100574e-06,0.0,0.0,10.0
-2.2655,1.9877266291115558,0.5146757755364302,0.971973071170094,0.011538388625096702,-0.0030490884930518066,7.49403837489153e-05,0.00034766194600176095,-0.00014429718491685108,1.351457327929402e-05,9.365317159188785e-06,-3.6726365588232657e-06,0.0,0.0,10.0
-2.2625,1.987571232794118,0.5148424280436299,0.9717038328294133,0.011615381601371573,-0.003056308567173933,7.124514383345446e-05,0.0003497391586069091,-0.00014448074878327657,1.3420032962927054e-05,9.385020314736903e-06,-3.6727566218921822e-06,0.0,0.0,10.0
-2.2595,1.9874098262354982,0.515012188183106,0.9714321234256444,0.01169224522971078,-0.0030630556059803677,6.730172699058185e-05,0.0003519170877494813,-0.00014464587459551658,1.3308355698874486e-05,9.405950991862778e-06,-3.6720940143874782e-06,0.0,0.0,10.0
-2.2565,1.9872426867849686,0.5151847735883532,0.9711578688491025,0.011768823290026383,-0.003068948790785814,6.286363849527358e-05,0.00035431922580561083,-0.00014485610816775552,1.3205644811578265e-05,9.42104018679853e-06,-3.6695099509957542e-06,0.0,0.0,10.0
-2.2535,1.9870703350609984,0.5153596011857637,0.9708812611712349,0.011844978700338777,-0.0030736128220478173,5.767071821709234e-05,0.00035707569008944847,-0.0001451792499924633,1.3139960699743096e-05,9.42277066681863e-06,-3.663817798709088e-06,0.0,0.0,10.0
-2.2505,1.9868937960208277,0.5155359517694191,0.9706025649884379,0.011920736403583692,-0.0030768508534918205,5.156644336934957e-05,0.0003602591905126539,-0.00014565634274487282,1.3130025713396649e-05,9.4060143125529e-06,-3.6542314796235357e-06,0.0,0.0,10.0
-2.2475,1.9867144799599568,0.5157131912133144,0.9703218076079595,0.011996423105793819,-0.0030787453467019383,4.4568600610755186e-05,0.00036384380591284257,-0.00014628254620138354,1.3179029942209557e-05,9.369353138150808e-06,-3.640542261946989e-06,0.0,0.0,10.0
-2.2445,1.9865335909215827,0.5158910790762155,0.970038473641743,0.01207265867454568,-0.0030795992122554933,3.684088772288837e-05,0.00036771769264544766,-0.0001470135103274092,1.3277466477294543e-05,9.314104213292282e-06,-3.622916954914404e-06,0.0,0.0,10.0
-2.2415000000000003,1.9863512258702973,0.5160701629811223,0.9697513202666084,0.012150146414756284,-0.0030797398072199183,2.8586150993960726e-05,0.00037174104841257373,-0.00014779257180473667,1.3412123934853509e-05,9.242296014905442e-06,-3.6016111629374817e-06,0.0,0.0,10.0
-2.2385,1.9861656195014288,0.5162520451374557,0.9694584813567569,0.012229368118757253,-0.0030793351791753086,1.9948976093016414e-05,0.0003758077696940496,-0.00014858067346280776,1.3574551733357444e-05,9.155533904503839e-06,-3.576962402677838e-06,0.0,0.0,10.0
-2.2355,1.9859734203115185,0.5164389833968638,0.9691581912541581,0.012310355900136497,-0.0030784046154751876,1.1016046436359738e-05,0.000379871654276159,-0.0001493728449092415,1.3764378978479621e-05,9.055442038440848e-06,-3.549679784840954e-06,0.0,0.0,10.0
-2.2325,1.9857719779364593,0.5166322499346032,0.9688504091017949,0.012392673611997427,-0.0030770919537351778,1.9202607413087213e-06,0.0003839327702858268,-0.000150196766696174,1.3987238914506892e-05,8.9447225931964e-06,-3.521058937724507e-06,0.0,0.0,10.0
-2.2295,1.9855634956696113,0.516829576120007,0.9685386062003496,0.012475782138765866,-0.003076039008187859,-7.077146904585133e-06,0.0003880164555964176,-0.00015109504278766468,1.4248377176826462e-05,8.827314397428793e-06,-3.492616506022976e-06,0.0,0.0,10.0
-2.2265,1.9853585444490258,0.5170237489572554,0.9682292223794522,0.01256007188486887,-0.0030764648549747556,-1.5740565318210147e-05,0.00039218188151383634,-0.00015208703818874215,1.4541116219651309e-05,8.706499313278687e-06,-3.4647217447399584e-06,0.0,0.0,10.0
-2.2235,1.9851740258482302,0.5172053628275561,0.9679268428898149,0.012648051717042169,-0.0030795693505413515,-2.4257157118799164e-05,0.0003965373225716889,-0.00015311674238915733,1.4834734326295586e-05,8.58136313063776e-06,-3.434764657630728e-06,0.0,0.0,10.0
-2.2205,1.9850174155892213,0.517372242170772,0.9676289573384057,0.012741968055219504,-0.0030852364992927524,-3.309235796328606e-05,0.0004010846909302515,-0.00015406712684279007,1.5094395857654405e-05,8.4466853908381e-06,-3.3988043680214093e-06,0.0,0.0,10.0
-2.2175000000000002,1.9848381836856048,0.5175443461829607,0.9673367156252718,0.012833392326106512,-0.0030925492169583814,-4.125502290885462e-05,0.0004055358340484454,-0.0001549562020567478,1.533292630960025e-05,8.30408676517762e-06,-3.3579687378622265e-06,0.0,0.0,10.0
-2.2145,1.9845350490127676,0.5177578363148932,0.9670638727692465,0.012901735208033218,-0.0031012880266671054,-4.564090787897651e-05,0.0004093874068301031,-0.00015603810415802232,1.562299151482727e-05,8.16903905640512e-06,-3.320945779012397e-06,0.0,0.0,10.0
-2.2115,1.9842149549679258,0.5179994575305051,0.9667742878796923,0.012955267306757279,-0.003105141659858068,-4.719736053976438e-05,0.0004117761148775545,-0.0001571824282819481,1.6041060152433362e-05,8.035388138313558e-06,-3.2945482497167957e-06,0.0,0.0,10.0
-2.2085,1.9840521541364506,0.5182054476690953,0.9664437206018487,0.013034467318585999,-0.003106650236859898,-5.220995365063549e-05,0.0004141169886585407,-0.0001577637444412577,1.6331141688787137e-05,7.873734223738054e-06,-3.252108023011088e-06,0.0,0.0,10.0
-2.2055,1.983906595844763,0.518412489038036,0.9661005469229925,0.013112421335842393,-0.0031056914954078574,-5.6373800299002656e-05,0.00041559839875495873,-0.00015819983066662574,1.664029484951551e-05,7.710451855352308e-06,-3.2117261545308333e-06,0.0,0.0,10.0
-2.2025,1.9837306409957758,0.5186146598706004,0.9657645363878264,0.013192150914604451,-0.003105871530916623,-6.040455179227999e-05,0.0004168056050778335,-0.00015841997715130464,1.689002729206905e-05,7.546535596628706e-06,-3.1676089312139655e-06,0.0,0.0,10.0
-2.1995,1.9835177267016793,0.5188110164803579,0.9654391128543254,0.013274174944216168,-0.003107178123626338,-6.454924187901235e-05,0.0004177160300986616,-0.0001583906520118325,1.707966160104464e-05,7.3830886974018575e-06,-3.121081407419736e-06,0.0,0.0,10.0
-2.1965,1.9832876190129682,0.5190052017108482,0.9651211510491157,0.013356991264038732,-0.003108749710922525,-6.871045898726784e-05,0.00041820118635903334,-0.00015810843926744784,1.7222865983297477e-05,7.221526323628273e-06,-3.074580930044982e-06,0.0,0.0,10.0
-2.1935000000000002,1.9830615360170443,0.5192021812174538,0.9648083386055623,0.01343850394058543,-0.003110236330178819,-7.265671607255899e-05,0.0004182411621500009,-0.00015758723528142614,1.7321519143579646e-05,7.06365836870454e-06,-3.0294309797188036e-06,0.0,0.0,10.0
-2.1905,1.9828507236992947,0.5194043553607838,0.9644993116193469,0.01351751018304682,-0.0031115625402608443,-7.6224903970244e-05,0.0004178822212383716,-0.00015684296632758094,1.7368101029372504e-05,6.911265614598673e-06,-2.9861450864500938e-06,0.0,0.0,10.0
-2.1875,1.9826553231134465,0.5196109784895572,0.964192148353649,0.013593678688374196,-0.0031126011487879264,-7.936763885565069e-05,0.0004171682793981093,-0.00015589100297618344,1.735040310938224e-05,6.766119051975516e-06,-2.9448579942209425e-06,0.0,0.0,10.0
-2.1845,1.9824681815285696,0.5198203708362755,0.9638841068528019,0.013666766871602011,-0.0031131710592816947,-8.215327630777908e-05,0.0004161067062269648,-0.00015474749258661047,1.7253444176885464e-05,6.630124245281848e-06,-2.905485752659204e-06,0.0,0.0,10.0
-2.1814999999999998,1.9822793061561659,0.5200323392719852,0.9635724306018905,0.013736111584855977,-0.003113067995477467,-8.476240849907811e-05,0.00041465042775179836,-0.0001534290486123578,1.7062694240273003e-05,6.505430071979424e-06,-2.867994031103695e-06,0.0,0.0,10.0
-2.1785,1.9820791627465033,0.5202488569231071,0.9632553089344357,0.013800689882280892,-0.0031119863792219405,-8.74318188190491e-05,0.00041271117627565793,-0.0001519511026617276,1.676884575649273e-05,6.394770231591616e-06,-2.832716044302832e-06,0.0,0.0,10.0
-2.1755,1.9818612106846583,0.5204726672145693,0.9629325452260653,0.013859580414986203,-0.003109477735548921,-9.034361801755917e-05,0.0004102249557699012,-0.0001503241081703752,1.6371854459410388e-05,6.302204024937433e-06,-2.8004150772477862e-06,0.0,0.0,10.0
-2.1725,1.9816243397784354,0.5207047987306646,0.962605832810247,0.013912601160318661,-0.0031050867295226475,-9.355434048299512e-05,0.00040724570811483167,-0.00014854646674798688,1.5881919869506178e-05,6.233771892694828e-06,-2.7718976571243863e-06,0.0,0.0,10.0
-2.1695,1.981374464243801,0.5209427162479914,0.9622783388660933,0.013960850667278014,-0.0030985593041475074,-9.70686952877225e-05,0.0004040010663644784,-0.000146596754792174,1.531523333215875e-05,6.196827865373749e-06,-2.747247639216125e-06,0.0,0.0,10.0
-2.1665,1.98112317914753,0.5211808168455441,0.9619531849548428,0.014006734110774539,-0.003089842697785401,-0.00010104683647341195,0.00040085130656460305,-0.00014443229716857786,1.468480744094553e-05,6.197102020153164e-06,-2.72513294964994e-06,0.0,0.0,10.0
-2.1635,1.9808824322948333,0.5214135347466844,0.9616314037975058,0.014053092911745394,-0.0030787928568790654,-0.00010595674284412677,0.0003981527851559703,-0.00014200575948443504,1.3992960745394181e-05,6.234791965350648e-06,-2.703006945596936e-06,0.0,0.0,10.0
-2.1605,1.9806585099522735,0.5216384610058368,0.9613115068924925,0.014101733566614117,-0.0030649842587375533,-0.00011244636120165138,0.00039611178439307696,-0.00013930713738524202,1.3234163643867294e-05,6.303298100961209e-06,-2.678690157542722e-06,0.0,0.0,10.0
-2.1574999999999998,1.9804533754846578,0.5218561946036465,0.9609906330803685,0.014152532792516498,-0.0030477558265975587,-0.0001209712307480231,0.0003946974058479306,-0.00013640966112907435,1.2412888414029101e-05,6.392507118554561e-06,-2.6528601070375954e-06,0.0,0.0,10.0
-2.1545,1.980256921443904,0.5220690460787522,0.9606710869386206,0.014203393641035816,-0.0030275717431300785,-0.00013150986933347503,0.0003938654229437017,-0.0001334754805268251,1.153698671140315e-05,6.4942681469156105e-06,-2.6279481556678416e-06,0.0,0.0,10.0
-2.1515,1.9800580639925107,0.5222805159149662,0.9603543890373964,0.014251979322098512,-0.0030049024349775547,-0.00014375778620206512,0.00039352393022579744,-0.00013068044747887756,1.0631612884030023e-05,6.603304031958298e-06,-2.607501614512527e-06,0.0,0.0,10.0
-2.1485,1.9798584503396002,0.5224885521113096,0.9600392927285537,0.014301897618703848,-0.0029810744112574875,-0.00015821978969152625,0.00039393137423003914,-0.00012806933520471863,9.681035590074778e-06,6.712651715946806e-06,-2.5889867411248427e-06,0.0,0.0,10.0
-2.1455,1.9796424709044003,0.522699091218946,0.9597251106476948,0.014352552462847338,-0.002956902034464898,-0.00017450379721917463,0.0003951691349368607,-0.00012572331477872037,8.709969229031447e-06,6.82241651021575e-06,-2.5728017613128403e-06,0.0,0.0,10.0
-2.1425,1.9794066365160297,0.5229138882814491,0.9594096951024794,0.014406053038005398,-0.0029335290898914613,-0.00019243725442341853,0.00039740279817054294,-0.00012367076127175835,7.730497306012026e-06,6.933361771660949e-06,-2.557778252668847e-06,0.0,0.0,10.0
-2.1395,1.979151890378998,0.5231347907232933,0.9590889305165652,0.014464336865315975,-0.0029116325349580288,-0.0002117592490083404,0.0004006793460392657,-0.00012192497996858909,6.758859391155607e-06,7.0465607578685055e-06,-2.54355850943048e-06,0.0,0.0,10.0
-2.1365,1.9788828513850572,0.5233633697719101,0.9587580350643609,0.014528748476327165,-0.002891468246724613,-0.00023214009612441389,0.00040492877149972764,-0.00012048823212157747,5.811212824061016e-06,7.162687164998299e-06,-2.530463552063889e-06,0.0,0.0,10.0
-2.1334999999999997,1.978606740422255,0.5236003561749719,0.9584132572830178,0.014599749108111739,-0.0028730343914671825,-0.00025317693191183354,0.0004099954258915045,-0.0001193544072213805,4.901599269742911e-06,7.28208455878253e-06,-2.5192039120951914e-06,0.0,0.0,10.0
-2.1305,1.9783321334396484,0.5238449495820122,0.9580534693364777,0.014676873272271088,-0.002856314726124875,-0.0002743849459485264,0.00041568191914736097,-0.00011851346237635653,4.041452212754006e-06,7.405126863687484e-06,-2.5106254175635593e-06,0.0,0.0,10.0
-2.1275,1.9780675428553078,0.5240942952853286,0.957681169327402,0.014758959766768368,-0.0028415406634618246,-0.000295207339570559,0.0004217959029472241,-0.00011795694315905233,3.2390722937696114e-06,7.532468023542859e-06,-2.505480243823235e-06,0.0,0.0,10.0
-2.1245000000000003,1.977820278057357,0.5243435083070496,0.9573022928008404,0.014844607410237385,-0.002829337129116487,-0.00031506631423122987,0.000428187684970036,-0.00011767998776354813,2.4985155315266622e-06,7.664909797823113e-06,-2.5041651830759137e-06,0.0,0.0,10.0
-2.1215,1.9775959758212909,0.5245864342896827,0.9569245854757116,0.014932753305374098,-0.002820644659088707,-0.00033346731234701294,0.000434769818729352,-0.00011767526939514683,1.8178656846048125e-06,7.802766435060704e-06,-2.506381705807515e-06,0.0,0.0,10.0
-2.1185,1.9773987887079487,0.5248169324550441,0.956555041330815,0.015023226235585586,-0.002816439824804136,-0.00035013918924553256,0.0004415187034607412,-0.00011791931602243227,1.1871145127721317e-06,7.944893994225845e-06,-2.510752799263671e-06,0.0,0.0,10.0
-2.1155,1.9772319166756944,0.5250301266207317,0.9561975646930538,0.015117073880197611,-0.0028174056955664064,-0.00036515101371601934,0.00044846378404085635,-0.00011835881183511622,5.86727375753466e-07,8.087920909389684e-06,-2.5145872046266098e-06,0.0,0.0,10.0
-2.1125,1.9770976812841394,0.5252232626886757,0.9558520707991838,0.015216331870287174,-0.0028237132167182777,-0.00037890682210936955,0.0004556621619559043,-0.00011890986250110504,-1.017601205810126e-08,8.226440948042355e-06,-2.5141814506101274e-06,0.0,0.0,10.0
-2.1095,1.976994973020885,0.5253968522318099,0.9555155773839716,0.015322600425000344,-0.0028349110663590154,-0.00039188822140529044,0.0004631311451528393,-0.00011948488298311934,-6.262893355511081e-07,8.354879413644973e-06,-2.506265064998766e-06,0.0,0.0,10.0
-2.1065,1.9769111122335485,0.5255576988006299,0.9551848070332409,0.01543376719614882,-0.002849731129487428,-0.0004040538597006713,0.0004706982178035337,-0.0001200547371350775,-1.253674277826696e-06,8.471219981204536e-06,-2.491060708617929e-06,0.0,0.0,10.0
-2.1035,1.976811222344783,0.5257229319358911,0.9548588233321565,0.015540196445637278,-0.0028658104030184557,-0.00041415586126619815,0.0004778236654882591,-0.00012071770021552401,-1.8233130850390092e-06,8.580871150173045e-06,-2.47565625280382e-06,0.0,0.0,10.0
-2.1005000000000003,1.9766437432256285,0.5259169570000722,0.95453953587454,0.015626315759296894,-0.0028800803261602045,-0.0004199659820806112,0.000483688905257424,-0.00012167705267615801,-2.2183592653957526e-06,8.695485026847155e-06,-2.4726121150863964e-06,0.0,0.0,10.0
-2.0975,1.9763677851194208,0.5261529105964767,0.9542350068062971,0.01568320093173608,-0.0028921217768923765,-0.00042035860661922237,0.0004880741852213871,-0.00012303983539369245,-2.4045063138975982e-06,8.82274970693804e-06,-2.48658145439816e-06,0.0,0.0,10.0
-2.0945,1.976001321874727,0.5264140713939558,0.9539524827424449,0.015721422495413126,-0.002905203831538457,-0.0004173652228142831,0.0004918665562980592,-0.00012461273611548141,-2.51617707592266e-06,8.955290546791843e-06,-2.504898116743605e-06,0.0,0.0,10.0
-2.0915,1.9756012951177122,0.526670390855244,0.9536926146184679,0.015760293984546966,-0.0029228360375562353,-0.000414378790046588,0.0004962165890675224,-0.00012606902074976064,-2.735115621177793e-06,9.078434585148535e-06,-2.5096297948545465e-06,0.0,0.0,10.0
-2.0885,1.97520000589381,0.5269152408915867,0.9534468503274064,0.015803475441069883,-0.0029433024704555483,-0.0004121510903364352,0.0005010078630033863,-0.0001273298412922447,-3.0603569916172675e-06,9.189037037579756e-06,-2.501004608917671e-06,0.0,0.0,10.0
-2.0855,1.97481745056769,0.5271588216592985,0.9531977626373106,0.01584355765987723,-0.0029607740609225138,-0.0004095375418451037,0.0005051620430344563,-0.000128492872926811,-3.3537658518340554e-06,9.291794554835425e-06,-2.492714632403267e-06,0.0,0.0,10.0
-2.0825,1.9744908305326432,0.5274027972956643,0.9529278750598886,0.015879217146505028,-0.0029709392736685823,-0.00040635930261771834,0.0005080135703790978,-0.00012956324698125432,-3.538078145396613e-06,9.386378126006141e-06,-2.4920953728996913e-06,0.0,0.0,10.0
-2.0795,1.9742323733540654,0.5276493421139746,0.9526312339685788,0.015909315545177372,-0.002972481386206654,-0.000402525240050004,0.0005093927197281532,-0.00013054499627846998,-3.595502842237541e-06,9.47303971491187e-06,-2.500993434056699e-06,0.0,0.0,10.0
-2.0765000000000002,1.9740298947380588,0.5279004238173275,0.9523125425451253,0.01593340526805092,-0.0029667899068196147,-0.00039809540184612403,0.0005095693469132743,-0.0001314357810730701,-3.560336364864527e-06,9.55246657900006e-06,-2.5165548091282802e-06,0.0,0.0,10.0
-2.0735,1.9738602127176925,0.528156792653085,0.9519801690002475,0.015952299968698364,-0.002956199920034872,-0.00039330836154709644,0.0005089539879126542,-0.0001322215068402923,-3.4822874144078014e-06,9.625131455045822e-06,-2.534653877381092e-06,0.0,0.0,10.0
-2.0705,1.973700400428273,0.52841737067974,0.9516406380256449,0.015968256813931197,-0.0029426124464536126,-0.0003885653332796207,0.0005078690004326986,-0.00013287547971799812,-3.398751341884581e-06,9.690872206151067e-06,-2.5524359738558695e-06,0.0,0.0,10.0
-2.0675,1.9735328686926883,0.528679474152492,0.9512968142192101,0.01598454937542468,-0.0029270648622429715,-0.0003843587670302995,0.0005064880052214331,-0.00013336440783232655,-3.3280681918590704e-06,9.7489305203155e-06,-2.568842391629124e-06,0.0,0.0,10.0
-2.0645,1.9733467003618117,0.5289397947103132,0.9509484183072182,0.016004582861215408,-0.0029099053210488906,-0.000381160432560451,0.0005048813425780188,-0.00013365913117722823,-3.27569295842328e-06,9.798235263108379e-06,-2.5838766302417124e-06,0.0,0.0,10.0
-2.0615,1.973137255463208,0.5291956604207088,0.9505933497211227,0.01603096182691727,-0.002891130477057216,-0.00037931639312718487,0.0005030828389148055,-0.00013374492770396956,-3.2421580629171675e-06,9.83763821203883e-06,-2.5977110306665113e-06,0.0,0.0,10.0
-2.0585,1.9729045222591903,0.5294460612142595,0.9502290912933453,0.016064877865240162,-0.0028706521223534356,-0.0003789883148831176,0.0005011291784861983,-0.00013362744254568186,-3.2265072769241643e-06,9.866019579686757e-06,-2.6103101258230623e-06,0.0,0.0,10.0
-2.0555,1.972650624699042,0.5296921237357548,0.9498539240084066,0.016105951954873424,-0.0028484368627071954,-0.0003801444463533719,0.0004990622357764769,-0.00013333375447679673,-3.2245953360677987e-06,9.882413599273309e-06,-2.6216781557799766e-06,0.0,0.0,10.0
-2.0525,1.972377577988686,0.5299368881639612,0.9494677911089271,0.01615249246997403,-0.0028245585364605557,-0.0003825833750675163,0.0004969115556530169,-0.00013290977059736523,-3.225720352772337e-06,9.886311477273312e-06,-2.6323834922812453e-06,0.0,0.0,10.0
-2.0495,1.9720865499674975,0.5301843543907444,0.9490726424130708,0.016202108367261946,-0.002799223481202922,-0.00038598678099597487,0.0004946836654945441,-0.00013241366588647718,-3.212263228485841e-06,9.878042036765324e-06,-2.6438266783578913e-06,0.0,0.0,10.0
-2.0465,1.9717791347064724,0.5304379745134248,0.9486720779676112,0.01625263717884068,-0.0027727933095209995,-0.00039001979838042603,0.0004923767721496489,-0.00013190298761786993,-3.1652049767923765e-06,9.858832833375876e-06,-2.657853662789542e-06,0.0,0.0,10.0
-2.0435,1.9714599108956965,0.5306990665443707,0.9482702593235065,0.016303243715051225,-0.002745787080177773,-0.000394486452786825,0.0004900198534171727,-0.00013141483207043412,-3.0745405216066512e-06,9.830185434523404e-06,-2.6757178598429136e-06,0.0,0.0,10.0
-2.0404999999999998,1.9711380156586047,0.530966068480322,0.9478705104129145,0.016355110061923073,-0.002718813507509941,-0.0003994576655475304,0.0004877048906742401,-0.00013094869511077507,-2.9479535509952792e-06,9.7928740506411e-06,-2.697060118746508e-06,0.0,0.0,10.0
-2.0375,1.9708243721190508,0.5312356127445983,0.9474747453738833,0.016410846213819316,-0.0026924631934709896,-0.0004052145782815705,0.00048557617838664713,-0.00013047017158515208,-2.80967521453635e-06,9.746619310469321e-06,-2.7198478052566343e-06,0.0,0.0,10.0
-2.0345,1.9705247261663232,0.5315038145294325,0.9470854374138986,0.016473470336263923,-0.0026676762853390036,-0.00041212823045005525,0.0004838683837706861,-0.0001299265365287976,-2.7012425826263014e-06,9.690375622106654e-06,-2.7402614584119617e-06,0.0,0.0,10.0
-2.0315,1.9702412875766762,0.5317657383820179,0.9467057182899287,0.016546413976464287,-0.0026458352148290977,-0.00042067514508223303,0.0004829104554339465,-0.00012925156443730515,-2.678170600226063e-06,9.622047898792617e-06,-2.7529534648177043e-06,0.0,0.0,10.0
-2.0285,1.9699686809043895,0.5320218539068575,0.946336137359938,0.016629019730921315,-0.0026271427436141016,-0.000430703869585364,0.0004827307532620638,-0.000128440372716269,-2.751115162437608e-06,9.541734558574715e-06,-2.756849080785038e-06,0.0,0.0,10.0
-2.0255,1.9696848250695083,0.5322845597704748,0.9459738082428267,0.01671224593809058,-0.0026095708140347466,-0.0004407643966412544,0.00048276716641453454,-0.00012761838717808126,-2.842087437614706e-06,9.45516785152946e-06,-2.759589049846509e-06,0.0,0.0,10.0
-2.0225,1.9693986491918465,0.5325535777172359,0.945612295942201,0.01679513305934797,-0.0025921218161560813,-0.00045078263647708387,0.0004828242572052803,-0.00012679038492260545,-2.9298552217866422e-06,9.361464526732312e-06,-2.762766233335251e-06,0.0,0.0,10.0
-2.0195,1.9691153517017719,0.5328285181594825,0.9452472918075429,0.016876696529989892,-0.0025744534367441634,-0.00046078955413944827,0.0004828016109116996,-0.00012596654756909936,-3.0038180663015035e-06,9.260185498735014e-06,-2.7670329344876023e-06,0.0,0.0,10.0
-2.0164999999999997,1.9688352988537303,0.5331090378891803,0.9448770909372362,0.016956017413183182,-0.0025568844848193927,-0.00047090960067440967,0.0004826981455107089,-0.00012516215221789202,-3.0659561682183454e-06,9.151515329799317e-06,-2.771986074289305e-06,0.0,0.0,10.0
-2.0135,1.968556993705002,0.5333947861483368,0.9445010221054917,0.01703245774036054,-0.0025399209991760806,-0.0004813434231295495,0.00048254604577531115,-0.0001243929949486519,-3.1242635986679123e-06,9.035849745638977e-06,-2.7767559962834666e-06,0.0,0.0,10.0
-2.0105,1.9682787149377565,0.5336853385072167,0.9441184893400679,0.01710580384961407,-0.0025239191604810073,-0.0004923430784220937,0.0004823703275200911,-0.0001236694346026626,-3.188502574694862e-06,8.913243753186346e-06,-2.7803454049888795e-06,0.0,0.0,10.0
-2.0075,1.9679983336031155,0.5339801952088458,0.9437290914865181,0.01717622460255207,-0.002509013722168642,-0.0005041668511201833,0.0004821893277566817,-0.00012299288265464072,-3.2695115076589757e-06,8.783147049961184e-06,-2.7816390145401546e-06,0.0,0.0,10.0
-2.0045,1.967713375599088,0.5342787770638094,0.9433330053510182,0.01724408065380655,-0.0024951576920923656,-0.0005170104746580673,0.0004820262480496041,-0.00012235707085012922,-3.3782325465544485e-06,8.64465232016265e-06,-2.779451921359873e-06,0.0,0.0,10.0
-2.0015,1.967421999463509,0.5345804080632168,0.9429311126883959,0.017309689390071867,-0.002482171201479597,-0.000530931948976321,0.0004819131893955096,-0.00012175346517532464,-3.5226834971604428e-06,8.497208721903776e-06,-2.772778716795424e-06,0.0,0.0,10.0
-1.9985,1.967123898169942,0.5348843920512165,0.942524801071721,0.017373170905692296,-0.0024697791938839446,-0.0005458093315969174,0.00048188865654519297,-0.00012117634639755111,-3.704437629856947e-06,8.341403125207732e-06,-2.761073877875414e-06,0.0,0.0,10.0
-1.9955,1.9668201213453373,0.5351903169571264,0.9421154214464669,0.017434462038217864,-0.0024576120708821748,-0.0005613711024526789,0.00048199292322562403,-0.00012062178369667579,-3.91706805533469e-06,8.179233589769088e-06,-2.7443069840781765e-06,0.0,0.0,10.0
-1.9925000000000002,1.9665119153177228,0.5354985094309805,0.9417034764653023,0.017493502065185216,-0.002445153588763232,-0.0005773041777755164,0.0004822628526092394,-0.00012007881376029013,-4.147788051644219e-06,8.013561909839003e-06,-2.7226991102121023e-06,0.0,0.0,10.0
-1.9895,1.9661996702205788,0.535810218365902,0.9412879770656067,0.017550505034843813,-0.0024316993184805282,-0.0005933906877573487,0.0004827286049452335,-0.00011951879504748267,-4.38157751872856e-06,7.847048095411142e-06,-2.69630792320102e-06,0.0,0.0,10.0
-1.9865,1.9658827241527324,0.5361272207108415,0.9408666072496837,0.017606077326798843,-0.0024164218803105196,-0.0006095788683450291,0.00048341048086539273,-0.00011889460059985341,-4.604885415880982e-06,7.681386433884808e-06,-2.6648587347599606e-06,0.0,0.0,10.0
-1.9835,1.9655581214869335,0.5364518264875792,0.9404369335386864,0.01766048569599615,-0.002398479634531552,-0.0006258520803643454,0.0004842866593699153,-0.00011816289496155754,-4.802532091087681e-06,7.517778581027728e-06,-2.628456750930547e-06,0.0,0.0,10.0
-1.9805000000000001,1.9652147970386973,0.536789161601832,0.9399980785836123,0.01771137099692221,-0.0023769326155772966,-0.0006418191419963865,0.0004851927981443759,-0.00011733273819758133,-4.942345136402928e-06,7.358925165168235e-06,-2.5895580302132157e-06,0.0,0.0,10.0
-1.9775,1.9648314004996343,0.5371481729635483,0.9395513304175819,0.017752885246738393,-0.0023507285950832187,-0.0006565556481171336,0.00048579393688443395,-0.00011648452358257067,-4.971137080596033e-06,7.209693709388615e-06,-2.553559466856264e-06,0.0,0.0,10.0
-1.9745,1.9643876712040953,0.5375292119594614,0.9391056745000128,0.01778429549667059,-0.0023217182426470734,-0.0006700501112561145,0.00048631537996316393,-0.00011563253004218368,-4.9188514020531625e-06,7.0706737059145336e-06,-2.5184860861777514e-06,0.0,0.0,10.0
-1.9715,1.9639244959826234,0.53790838752782,0.9386628858500797,0.017820820020709744,-0.002293414469108316,-0.0006848251950190753,0.0004876511277016384,-0.00011455695412445869,-4.930570604994733e-06,6.9290789584325666e-06,-2.470784955842983e-06,0.0,0.0,10.0
-1.9685000000000001,1.9634994097312035,0.538268827528802,0.9382108790144058,0.017873335577084218,-0.002265475947677705,-0.0007026210050374601,0.0004899743999463441,-0.00011310935542012092,-5.061644669177427e-06,6.774071142389495e-06,-2.4054417107940076e-06,0.0,0.0,10.0
-1.9655,1.9630847626995296,0.5386358203345072,0.9377411624356914,0.0179252289567688,-0.0022330774797514647,-0.0007208208084428428,0.0004920486151882613,-0.00011155614200715663,-5.150886846304852e-06,6.615698834777291e-06,-2.3394606211967823e-06,0.0,0.0,10.0
-1.9625,1.9626871534804724,0.5390101725699901,0.9372514149016778,0.017975887444861487,-0.0021959501657881505,-0.0007393911065688342,0.0004937936008499017,-0.00010991748181566686,-5.201999761199839e-06,6.452674040262349e-06,-2.2733588576766873e-06,0.0,0.0,10.0
-1.9595,1.96229790800347,0.5393921452312203,0.9367463941036012,0.018025054869652887,-0.002155325676586709,-0.0007583843807234181,0.0004953779358975731,-0.00010820270285064687,-5.2449111283246365e-06,6.2843781282457935e-06,-2.205152584858006e-06,0.0,0.0,10.0
-1.9565000000000001,1.961906615009437,0.5397811209532425,0.9362309235662677,0.018073045733150182,-0.002112274483169984,-0.0007779133678278516,0.0004969483640108581,-0.00010640898934328109,-5.303037456991666e-06,6.110279470394585e-06,-2.1332888659672482e-06,0.0,0.0,10.0
-1.9535,1.961506779348795,0.5401758857179424,0.935707209627095,0.01812055323038905,-0.0020671493795128976,-0.0007981050585253824,0.0004985426259481123,-0.00010452566861803657,-5.383714242876997e-06,5.929810232587698e-06,-2.057503443415302e-06,0.0,0.0,10.0
-1.9505,1.9610953776820033,0.5405753547045011,0.9351756632819804,0.01816818968532744,-0.002019908236522625,-0.0008190471461139209,0.0005001462857629208,-0.00010254166746471422,-5.486447306772617e-06,5.742593873149313e-06,-1.978086439941112e-06,0.0,0.0,10.0
-1.9475,1.9606716026289244,0.5409792248851625,0.9346362076095794,0.018216108795121345,-0.0019705114691583136,-0.0008407527130026536,0.0005017558520021045,-0.00010045158052519728,-5.611553433390571e-06,5.548635976445108e-06,-1.8951450514121092e-06,0.0,0.0,10.0
-1.9445000000000001,1.9602358846537495,0.5413881455463594,0.9340890463483341,0.01826395769487302,-0.001919081881109864,-0.0008631690080939749,0.0005033943800589741,-9.825707135032367e-05,-5.762304856241078e-06,5.3482812065277345e-06,-1.8084906372950882e-06,0.0,0.0,10.0
-1.9415,1.9597886870267254,0.5418034574240977,0.9335349816733345,0.018311085978852646,-0.001865864894454033,-0.0008862147947881269,0.0005050907686588562,-9.596500138471861e-05,-5.9422122727635385e-06,5.142031590413285e-06,-1.717974615078994e-06,0.0,0.0,10.0
-1.9385,1.9593293494064186,0.5422268162256797,0.9329753815554795,0.018356772893161122,-0.001811100252923283,-0.0009098074609023189,0.0005068506227360219,-9.35859132158747e-05,-6.151434957966339e-06,4.930413978619679e-06,-1.6238661942137735e-06,0.0,0.0,10.0
-1.9355,1.958855768071255,0.5426598651609494,0.9324118491037867,0.01840036359342399,-0.0017549066216949677,-0.0009338666565601115,0.000508642529410547,-9.11339332727894e-05,-6.385617007324177e-06,4.713939838156315e-06,-1.5269454973647298e-06,0.0,0.0,10.0
-1.9325,1.9583653897390945,0.54310383595359,0.9318457459160058,0.018441422171954,-0.0016972521371651313,-0.0009583207636892362,0.0005104115747528834,-8.862543159795591e-05,-6.638496949822851e-06,4.4930192721813324e-06,-1.428199616792679e-06,0.0,0.0,10.0
-1.9295,1.957857152185916,0.543558992745657,0.9312777859537015,0.018479996449729783,-0.0016380242852904927,-0.000983141001640816,0.0005121136152445981,-8.607418515489981e-05,-6.906946534633947e-06,4.267725622163473e-06,-1.3282827194084123e-06,0.0,0.0,10.0
-1.9264999999999999,1.9573329498711678,0.5440242752009461,0.9307078820604943,0.018516791271656514,-0.001577134127245103,-0.001008376190281487,0.0005137446600934891,-8.348611530737946e-05,-7.194526450822197e-06,4.037583809681469e-06,-1.2271431034682922e-06,0.0,0.0,10.0
-1.9235,1.9567969835113521,0.5444977413189112,0.9301353147828687,0.01855287049950685,-0.0015145576715846311,-0.001034126573046939,0.0005153369821738033,-8.086022852453764e-05,-7.5096209182312586e-06,3.8017310126916276e-06,-1.1242008686092657e-06,0.0,0.0,10.0
-1.9205,1.9562532411771456,0.5449776971599232,0.9295591056365323,0.018588956174831476,-0.0014502950782761407,-0.0010604597330892882,0.00051692402106387,-7.819610777839102e-05,-7.859049918796004e-06,3.5594629245261275e-06,-1.0189637635749023e-06,0.0,0.0,10.0
-1.9175,1.9557039543944,0.5454633091724056,0.9289783030086494,0.0186250914059539,-0.0013843440646958407,-0.0010873781147508613,0.0005185151032542327,-7.54976322409319e-05,-8.243887237576601e-06,3.3106103671810958e-06,-9.113944190186751e-07,0.0,0.0,10.0
-1.9144999999999999,1.9551505560101314,0.5459540601140612,0.9283920618375523,0.018661063690656992,-0.0013167548386231926,-0.0011148920223532101,0.0005201063040159431,-7.276731463398194e-05,-8.661488018674861e-06,3.0554020088490917e-06,-8.01649861940712e-07,0.0,0.0,10.0
-1.9115,1.954594193105,0.5464494050495429,0.9277997473144728,0.018696697490487548,-0.0012476573462389903,-0.0011430568820131038,0.0005216908451978945,-7.00039009865228e-05,-9.107682217296028e-06,2.7943800668457905e-06,-6.898481121678192e-07,0.0,0.0,10.0
-1.9085,1.9540342884481765,0.5469493602964777,0.9272011451744955,0.01873153350697034,-0.0011771925443149957,-0.0011719019206780407,0.0005232465131750516,-6.720936764816721e-05,-9.575315973442636e-06,2.528637442692653e-06,-5.762703972734782e-07,0.0,0.0,10.0
-1.9055,1.9534692769038096,0.5474541943065467,0.9265964473642331,0.018765069995118577,-0.0011055078164583414,-0.0012014374873347226,0.0005247527790059717,-6.43870587784612e-05,-1.0057121066045017e-05,2.2594915446276022e-06,-4.611741549459453e-07,0.0,0.0,10.0
-1.9024999999999999,1.9528987241965163,0.5479636028082242,0.9259860177864131,0.018797315694807543,-0.0010327769097178043,-0.0012317104415411977,0.0005262208228363962,-6.153423855967959e-05,-1.0550299923273224e-05,1.987869194648905e-06,-3.44433386942004e-07,0.0,0.0,10.0
-1.8995,1.9523222765784203,0.5484774134283175,0.9253702518557764,0.018828335392535183,-0.0009590662800701372,-0.001262713976850852,0.0005276706639401972,-5.8648440843885205e-05,-1.10527503891971e-05,1.714507826523922e-06,-2.2596856093791958e-07,0.0,0.0,10.0
-1.8965,1.9517401932953997,0.548995568306934,0.92474929413868,0.01885823606354129,-0.0008842809115032785,-0.0012943818992908896,0.0005291250842301802,-5.572654695571307e-05,-1.156185079808705e-05,1.439984141947707e-06,-1.0583179906543066e-07,0.0,0.0,10.0
-1.8935,1.9511536033588543,0.5495180908015954,0.9241228772269583,0.018887144919469693,-0.0008081606620426431,-0.0013266001380066162,0.0005306034183997145,-5.276380151706877e-05,-1.2073369496037072e-05,1.164882631389732e-06,1.5776380726600784e-08,0.0,0.0,10.0
-1.8904999999999998,1.9505641976608117,0.5500450501125703,0.923490428266082,0.018915180796782435,-0.0007303511170836164,-0.0013592320310585172,0.0005321203468607722,-4.975349788320611e-05,-1.2581544086926877e-05,8.899737130413377e-07,1.3858753464927947e-07,0.0,0.0,10.0
-1.8875,1.9499734418785255,0.5505765347388732,0.9228514121389635,0.018942424462410058,-0.0006505289136974083,-0.001392149594024105,0.0005336897149912264,-4.668794618078244e-05,-1.3080650341823761e-05,6.162366532739884e-07,2.623984795947105e-07,0.0,0.0,10.0
-1.8845,1.9493817758915764,0.5511126401772158,0.9222056968832371,0.018968894747653633,-0.0005685209767802244,-0.0014252611891613913,0.0005353278643191402,-4.3560834344814825e-05,-1.3567332541693718e-05,3.446421269187956e-07,3.8716069589792027e-07,0.0,0.0,10.0
-1.8815,1.9487882866922577,0.5516534701029322,0.9215537124785501,0.01899453599965416,-0.00048435845992832063,-0.0014585277370362565,0.0005370511445046481,-4.037026389726023e-05,-1.4042461952798306e-05,7.576482685450614e-08,5.129560401767228e-07,0.0,0.0,10.0
-1.8784999999999998,1.9481910023118194,0.5521991453669637,0.9208963311651207,0.019019219528030623,-0.00039824741147786243,-0.0014919639090070368,0.0005388678808275908,-3.7121036504296086e-05,-1.4511602126591726e-05,-1.905704890665833e-07,6.398744392223117e-07,0.0,0.0,10.0
-1.8755,1.9475875693763578,0.5527498128180719,0.920234577374227,0.019042758654200256,-0.0003104839075547949,-0.0015256256380972192,0.0005407704024996083,-3.382476280329559e-05,-1.4983910057548736e-05,-4.553895437483429e-07,7.678796242840856e-07,0.0,0.0,10.0
-1.8725,1.9469759279011696,0.5533056465298839,0.9195693446088563,0.01906493400463775,-0.00022136081692851378,-0.0015595891484568181,0.0005427331145031048,-3.0497263092397013e-05,-1.5469979232926764e-05,-7.203161778413332e-07,8.96750753470452e-07,0.0,0.0,10.0
-1.8695,1.9463547119113218,0.5538668367825547,0.9189012413672164,0.01908552321745315,-0.00013110295816200023,-0.001593928653825665,0.0005447183406981095,-2.7154085892419463e-05,-1.5979464854032814e-05,-9.87053910124953e-07,1.0261300601262623e-06,0.0,0.0,10.0
-1.8665,1.9457233228885074,0.5544335659668148,0.9182305845894495,0.019104328185784048,-3.9843579889571906e-05,-0.001628699525558859,0.0005466866799682477,-2.380595672302679e-05,-1.6519296454192035e-05,-1.2568255677565244e-06,1.1556400344134206e-06,0.0,0.0,10.0
-1.8635000000000002,1.945081780823262,0.5550059744542006,0.9175574855613154,0.019121194156819333,5.2364930188833954e-05,-0.001663931152324658,0.000548606466977189,-2.04559728207078e-05,-1.7092965453507333e-05,-1.5300042211941805e-06,1.2850024493783667e-06,0.0,0.0,10.0
-1.8605,1.9444304972017115,0.5555841227207734,0.9168819575038945,0.019136018121441334,0.00014552221054012088,-0.0016996297658690399,0.0005504583653414872,-1.709942171269536e-05,-1.7700919475526916e-05,-1.806056418848412e-06,1.4141052068435307e-06,0.0,0.0,10.0
-1.8575,1.9437700720214435,0.5561679579820026,0.9162039984286006,0.019148747424132896,0.00023964868778390673,-0.001735787807676991,0.0005522343866560753,-1.3725849137962479e-05,-1.8341689545277413e-05,-2.083764268789959e-06,1.5430007330519158e-06,0.0,0.0,10.0
-1.8545,1.9431011558168108,0.5567572935936872,0.9155236359544673,0.019159371696561022,0.000334762498508997,-0.0017723945641944536,0.0005539333670765822,-1.0322162440168832e-05,-1.901318721423961e-05,-2.361586309550043e-06,1.671853541679662e-06,0.0,0.0,10.0
-1.8515000000000001,1.942424377082461,0.5573518070511271,0.9148409423616821,0.019167911427995184,0.0004308688919307678,-0.0018094434228115028,0.0005555558425020888,-6.875475565330279e-06,-1.971368818168236e-05,-2.6380014135605083e-06,1.8008687801185093e-06,0.0,0.0,10.0
-1.8485,1.941740321633925,0.5579510578745174,0.9141560343140882,0.01917440542229342,0.0005279611578323238,-0.0018469335075778893,0.0005571005091600341,-3.3749156768669914e-06,-2.0442276060043103e-05,-2.91173664225889e-06,1.9302289808377917e-06,0.0,0.0,10.0
-1.8455,1.941049551227674,0.5585545212451193,0.9134690682890931,0.019178898301031613,0.00062602878505514,-0.001884866209148719,0.0005585630328395179,1.877215310392707e-07,-2.1198791539956717e-05,-3.181857489910748e-06,2.0600531278662647e-06,0.0,0.0,10.0
-1.8425,1.940352650974276,0.5591616287863472,0.9127802370690871,0.019181428867402102,0.0007250674463577055,-0.0019232389735414194,0.0005599368129914321,3.818132293302484e-06,-2.198349156801926e-05,-3.4477533626584854e-06,2.190380297743894e-06,0.0,0.0,10.0
-1.8395000000000001,1.9396502929859996,0.5597718060183874,0.9120897688554529,0.019182020419373363,0.0008250862183502163,-0.0019620391680485534,0.0005612148086427404,7.520031160502641e-06,-2.279663992954147e-05,-3.7090679887741747e-06,2.3211736571694192e-06,0.0,0.0,10.0
-1.8365,1.9389432989924762,0.5603844974580395,0.911397929355613,0.01918067433019043,0.0009261094140842067,-0.0020012401554949312,0.0005623915814693378,1.1295710195193527e-05,-2.363817477083379e-05,-3.9656145424794785e-06,2.452338620957808e-06,0.0,0.0,10.0
-1.8335,1.9382326822190932,0.5609991745027632,0.9107050273480884,0.019177367867777764,0.0010281726267035306,-0.0020408004939420263,0.0005634650023581118,1.5146475581128327e-05,-2.4507503370723346e-05,-4.217297327460441e-06,2.5837489729134582e-06,0.0,0.0,10.0
-1.8305,1.9375196523813831,0.5616153265318071,0.9100114243118922,0.019172056295026666,0.0011313143404986588,-0.002080666020373915,0.0005644373587589756,1.907293040355482e-05,-2.540340959885797e-05,-4.464048679264023e-06,2.715275098491712e-06,0.0,0.0,10.0
-1.8275000000000001,1.9368055774125454,0.5622324402039488,0.9093175479919783,0.01916467820943831,0.0012355653991579895,-0.0021207738264056968,0.0005653157925320056,2.3075116218891778e-05,-2.63240376227724e-05,-4.705784438752468e-06,2.8468089255245833e-06,0.0,0.0,10.0
-1.8245,1.9360919082655805,0.5628499743805878,0.9086239084008433,0.019155162340661357,0.0013409387111776934,-0.002161056892090686,0.0005661120947373865,2.715251863053115e-05,-2.7266923721231523e-05,-4.942380955986252e-06,2.978281088520315e-06,0.0,0.0,10.0
-1.8215,1.9353800839784785,0.5634673380857609,0.9079311133899123,0.019143433881688782,0.001447421038056317,-0.0022014483210761023,0.0005668419232834152,3.130392433970465e-05,-2.8229066044877294e-05,-5.173676877187975e-06,3.1096674239772216e-06,0.0,0.0,10.0
-1.8185,1.9346714391619266,0.5640838769818417,0.9072398802661681,0.019129418823137588,0.0015549678786934114,-0.0022418845232539805,0.0005675235292289339,3.552711664034833e-05,-2.9207033799210853e-05,-5.399501218854481e-06,3.240983975460972e-06,0.0,0.0,10.0
-1.8155000000000001,1.9339671337624629,0.5646988710137711,0.9065510403464487,0.019113045447760706,0.0016635016479376473,-0.002282307110651617,0.000568176105213554,3.9818421946618484e-05,-3.019711558045552e-05,-5.6197248034235775e-06,3.372271839799514e-06,0.0,0.0,10.0
-1.8125,1.9332681169021835,0.5653115431295505,0.9058655347214318,0.019094242876935296,0.0017729127614076602,-0.0023226635603055715,0.0005688179182091702,4.41721653195704e-05,-3.1195493202125484e-05,-5.8343260560504584e-06,3.5035750428125076e-06,0.0,0.0,10.0
-1.8094999999999999,1.9325751262351725,0.5659210769270463,0.9051844013494181,0.01907293718424317,0.0018830629533179452,-0.002362906809072834,0.0005694644515969987,4.858014141636378e-05,-3.219841016364711e-05,-6.043456525236391e-06,3.6349159074046737e-06,0.0,0.0,10.0
-1.8065,1.9318887152510447,0.5665266399085915,0.9045087552888714,0.019049046027242215,0.0019937901142509404,-0.0024029939312434126,0.0005701268299657862,5.303123739492806e-05,-3.320229300077954e-05,-6.247488697818809e-06,3.766272836594831e-06,0.0,0.0,10.0
-1.8035,1.9312092957562599,0.567127408682588,0.9038397649097047,0.019022472957898832,0.002104914020941369,-0.002442884010668747,0.0005708107953667639,5.751133751044121e-05,-3.4203787027714895e-05,-6.447030573160679e-06,3.8975649053892496e-06,0.0,0.0,10.0
-1.8005,1.9305371820373745,0.5677225927671391,0.90317862709155,0.01899310253470179,0.0022162424258102805,-0.0024825353415092446,0.0005715164194361095,6.200358841396948e-05,-3.519968757083191e-05,-6.642898431892312e-06,4.028646122130102e-06,0.0,0.0,10.0
-1.7974999999999999,1.9298726260905226,0.5683114544355706,0.902526543830835,0.01896079709460839,0.002327577024300328,-0.0025219022028466825,0.0005722385777261182,6.648901974942709e-05,-3.618677864958874e-05,-6.836049739456976e-06,4.159309946966865e-06,0.0,0.0,10.0
-1.7945,1.9292158381335036,0.5688933231009852,0.9018847016584163,0.01892539563286661,0.0024387188383178907,-0.0025609316103961137,0.000572968024347147,7.094742264633709e-05,-3.7161622519639657e-05,-7.027488992845058e-06,4.289302209192693e-06,0.0,0.0,10.0
-1.7915,1.928566991710024,0.5694676038566956,0.9012542541971653,0.018886714816517318,0.002549472604251196,-0.002599560569077065,0.0005736927522835102,7.535832163680952e-05,-3.8120363492322614e-05,-7.218166861207456e-06,4.418338663662112e-06,0.0,0.0,10.0
-1.7885,1.9279262167990305,0.5700337807611473,0.9006363073710038,0.018844551857158717,0.0026596498906239006,-0.002637714353496876,0.000574399266148124,7.970185856690301e-05,-3.905860965653453e-05,-7.408894477303715e-06,4.54612266387519e-06,0.0,0.0,10.0
-1.7854999999999999,1.9272935868007282,0.5705914161046819,0.9000319063707413,0.01879868886771271,0.0027690709032886203,-0.002675306197127541,0.0005750734538799685,8.395944672343048e-05,-3.997143572042941e-05,-7.60028965967006e-06,4.672359021946165e-06,0.0,0.0,10.0
-1.7825,1.9266691059635002,0.5711401471211438,0.8994420234897869,0.018748898416545555,0.0028775652127624187,-0.002712238508241954,0.0005757009003196246,8.811413434870957e-05,-4.085351635294708e-05,-7.792762072924496e-06,4.796761813395667e-06,0.0,0.0,10.0
-1.7795,1.9260527029999455,0.5716796814108925,0.898867546254879,0.018694950184725542,0.0029849718644801584,-0.0027484054355499917,0.0005762666811301593,9.215070856423936e-05,-4.16993643258993e-05,-7.98653339328203e-06,4.91905604185095e-06,0.0,0.0,10.0
-1.7765,1.9254442347846987,0.5722097918282395,0.8983092657351959,0.01863661880970322,0.0030911394171821587,-0.0027836963755745836,0.0005767548418487608,9.605564105473317e-05,-4.250362345591313e-05,-8.181680126506616e-06,5.038974974689994e-06,0.0,0.0,10.0
-1.7734999999999999,1.924843501668341,0.572730310941958,0.8977678653659026,0.018573693058684816,0.0031959263554488995,-0.0028179999142951945,0.0005771478524343548,9.981700423981713e-05,-4.326135984182876e-05,-8.378183226567416e-06,5.156256039267293e-06,0.0,0.0,10.0
-1.7705,1.924250273573774,0.5732411246245038,0.8972439109577113,0.01850598636520801,0.003299202070222375,-0.0028512077395391345,0.0005774263150139275,0.00010342446765105077,-4.396830589030902e-05,-8.575970429366077e-06,5.270638222349364e-06,0.0,0.0,10.0
-1.7675,1.9236643240390152,0.5737421640625858,0.896737842722254,0.018433348490998373,0.0034008482885612553,-0.0028832182060198933,0.0005775691091870766,0.00010686943212581104,-4.462103350745906e-05,-8.774942707545763e-06,5.381863093158829e-06,0.0,0.0,10.0
-1.7645,1.9230854679572682,0.5742333956253801,0.8962499701120971,0.01835567770004346,0.0035007605769446456,-0.002913939409620295,0.0005775540252559923,0.00011014529650292254,-4.52170561484382e-05,-8.974982946340464e-06,5.489680257950211e-06,0.0,0.0,10.0
-1.7614999999999998,1.9225135980242698,0.5747148085704784,0.895780470080914,0.018272932441062515,0.0035988494337909275,-0.002943291762207064,0.0005773588054805538,0.00011324779931451456,-4.575487593511069e-05,-9.17595044758445e-06,5.593856693726611e-06,0.0,0.0,10.0
-1.7585,1.9219487148228975,0.5751864013724486,0.8953293890673205,0.018185141227077206,0.003695040561039014,-0.002971210113329403,0.0005769624205511531,0.00011617535009971878,-4.6233997651127627e-05,-9.377667762940165e-06,5.694188353962258e-06,0.0,0.0,10.0
-1.7555,1.921390946009711,0.5756481682814838,0.8948966486621587,0.018092409270523763,0.003789274128936784,-0.002997645441194285,0.0005763463687000539,0.0001189292645320672,-4.665492680280944e-05,-9.579906444449444e-06,5.790511884013894e-06,0.0,0.0,10.0
-1.7525,1.9208405511747388,0.5761000882780194,0.8944820545990033,0.01799492055230066,0.003881503139683152,-0.003022566066048786,0.0005754957970005646,0.00012151383908054405,-4.7019158345768855e-05,-9.7823763651618e-06,5.882714265257754e-06,0.0,0.0,10.0
-1.7495,1.9202979105751976,0.5765421186504635,0.8940853084607892,0.017892934405387247,0.003971691254825183,-0.003045958272544897,0.0005744002957139133,0.00012393623451827156,-4.7329151613191796e-05,-9.984720528705325e-06,5.970738646733983e-06,0.0,0.0,10.0
-1.7465,1.9197634979834262,0.5769741948895576,0.8937060213457488,0.017786776347343165,0.00405981059815628,-0.0030678262046721547,0.0005730542891719069,0.00012620617303640567,-4.7588279923991246e-05,-1.0186514878463482e-05,6.054585374510298e-06,0.0,0.0,10.0
-1.7435,1.9192378400991534,0.5773962375531148,0.8933437286804798,0.01767682369490767,0.004145840044362112,-0.00308819093560088,0.0005714570224223116,0.00012833548309563658,-4.7800742396728975e-05,-1.0387271216561595e-05,6.134308111518074e-06,0.0,0.0,10.0
-1.7405,1.9187214669752106,0.5778081654735664,0.8929979053842095,0.01756348726806087,0.004229764368786449,-0.003107088706188681,0.0005696122060957273,0.00013033754476141722,-4.797143015104218e-05,-1.0586441103713926e-05,6.210005765984587e-06,0.0,0.0,10.0
-1.7375,1.918214859248671,0.5782099135175179,0.8926679806457558,0.017447191049113145,0.004311574419576475,-0.003124568440286584,0.0005675274215215917,0.0001322266944873823,-4.8105747000351815e-05,-1.0783419275323942e-05,6.281811547415463e-06,0.0,0.0,10.0
-1.7345,1.917718398300959,0.5786014523891929,0.8923533516475638,0.017328351856388965,0.00439126824964378,-0.0031406887461430397,0.0005652133988471319,0.00013401764301144718,-4.8209392974845134e-05,-1.0977546221618748e-05,6.349880733878725e-06,0.0,0.0,10.0
-1.7315,1.9172323246874496,0.57898280787075,0.8920533956475784,0.017207360876517006,0.004468852971360936,-0.00315551467341656,0.0005626832646383269,0.0001357249460534427,-4.828812517161164e-05,-1.1168110692823689e-05,6.414378639498975e-06,0.0,0.0,10.0
-1.7285,1.9167567085064723,0.5793540773644973,0.8917674799148277,0.017084568357842316,0.004544347002058859,-0.0031691145048947135,0.0005599518208232959,0.0001373625490910613,-4.834751338095981e-05,-1.135435369601445e-05,6.475469892697748e-06,0.0,0.0,10.0
-1.7255,1.9162914333128402,0.5797154424044797,0.8914949691283451,0.016960272086894098,0.004617782350475974,-0.0031815568299679593,0.0005570348772025637,0.00013894340949431987,-4.8392707876437e-05,-1.1535475914221086e-05,6.53330962841395e-06,0.0,0.0,10.0
-1.7225,1.9158361932938113,0.5800671766123063,0.8912352300175873,0.016834709669818985,0.0046892066268797725,-0.0031929080932974058,0.0005539486291567504,0.00014047918613030357,-4.842823471699684e-05,-1.1710650402792748e-05,6.588036742227455e-06,0.0,0.0,10.0
-1.7195,1.9153905021410347,0.5804096491142389,0.8909876332647366,0.016708054288244435,0.004758684509884281,-0.003203230756830061,0.0005507090608642533,0.00014197998107447175,-4.845783106573877e-05,-1.187904197321564e-05,6.6397690935765185e-06,0.0,0.0,10.0
-1.7165,1.9149537115030972,0.5807433236041376,0.8907515530011566,0.016580413547425045,0.004826298448842341,-0.0032125821670167427,0.0005473313652704715,0.00014345412083225593,-4.848433011073493e-05,-1.2039833943904746e-05,6.688600533101702e-06,0.0,0.0,10.0
-1.7135,1.9145250369317142,0.5810687531058104,0.8905263645726655,0.01645183121348152,0.0048921484192539265,-0.0032210141806480624,0.0005438294000369854,0.00014490797363105385,-4.850960226289973e-05,-1.2192261999858521e-05,6.734599816365787e-06,0.0,0.0,10.0
-1.7105,1.9141035895299272,0.5813865702589662,0.8903114415458868,0.016322291895024245,0.004956350593995256,-0.0032285735635033475,0.0005402152323993224,0.00014634581128483573,-4.853455604201244e-05,-1.2335653849012235e-05,6.77781172629308e-06,0.0,0.0,10.0
-1.7075,1.913688411792867,0.581697472843216,0.8901061530851054,0.016191728901019088,0.005019034865314613,-0.003235303127644128,0.0005364988518059766,0.0001477697346527336,-4.855919806903347e-05,-1.246947231979644e-05,6.818260908731512e-06,0.0,0.0,10.0
-1.7045,1.9132785162710608,0.5820022044048906,0.889909862761709,0.016060035491917795,0.005080341263882595,-0.0032412435140083302,0.0005326881362212671,0.00014917968719102602,-4.858274685816614e-05,-1.2593358680180298e-05,6.8559589101678695e-06,0.0,0.0,10.0
-1.7015,1.9128729257011874,0.5823015302841059,0.8897219295316571,0.015927079505640644,0.005140415467384258,-0.003246435463608268,0.0005287891404037712,0.000150573579371557,-4.8603790150992774e-05,-1.270717245259463e-05,6.890914643404079e-06,0.0,0.0,10.0
-1.6985,1.9124707132085217,0.5825962099771615,0.8895417110726205,0.015792720925862872,0.005199403749825453,-0.003250922364694065,0.000524806733448681,0.00015194753746706842,-4.862047120989844e-05,-1.2811023985539573e-05,6.923148024046946e-06,0.0,0.0,10.0
-1.6955,1.9120710411024315,0.5828869674855096,0.889368569032325,0.015656831450027654,0.005257447859844794,-0.0032547528257010176,0.0005207455556336603,0.00015329627479299031,-4.863068665484083e-05,-1.290529655560812e-05,6.95270591016902e-06,0.0,0.0,10.0
-1.6925,1.911673196589192,0.5831744619665776,0.8892018751731957,0.015519314603574681,0.005314680396697989,-0.0032579830108260604,0.0005166112025044194,0.00015461356475140922,-4.863227765169776e-05,-1.2990655724278459e-05,6.979678868518033e-06,0.0,0.0,10.0
-1.6895,1.9112766223271254,0.583459261497438,0.8890410170717934,0.015380124527762239,0.0053712212503788225,-0.0032606784872032542,0.0005124114901616482,0.00015589277663524147,-4.8623197655762666e-05,-1.3068044872363752e-05,7.004216819562078e-06,0.0,0.0,10.0
-1.6865,1.9108809391618142,0.5837418229848822,0.888885402050421,0.01523928132894583,0.005427175578220668,-0.003262915366869957,0.0005081576218414536,0.00015712742104776484,-4.8601643183676e-05,-1.3138667049946529e-05,7.026541397652725e-06,0.0,0.0,10.0
-1.6835,1.9104859577996014,0.5840224811083716,0.8887344583899901,0.015096880897018519,0.00548263361384398,-0.003264780579401881,0.000503865070677334,0.00015831164538157526,-4.856613868371171e-05,-1.3203954308722447e-05,7.0469529775034565e-06,0.0,0.0,10.0
-1.6805,1.9100916759581228,0.5843014485923845,0.8885876335024444,0.014953097438305295,0.005537672371760946,-0.0032663711794989315,0.0004995540202449144,0.00015944062317727444,-4.851557187198627e-05,-1.3265526407960505e-05,7.065830781655196e-06,0.0,0.0,10.0
-1.6775,1.9096982580515751,0.5845788290553994,0.8884443894606155,0.01480817763755376,0.0055923590596028755,-0.003267792675403757,0.0004952492600926237,0.00016051079450989155,-4.844918130723684e-05,-1.332514118750478e-05,7.083625246761652e-06,0.0,0.0,10.0
-1.6745,1.9093059959527423,0.5848546422496271,0.888304196907081,0.014662426312719638,0.005646755780413581,-0.0032691564545248293,0.000490979508962982,0.00016151993584674775,-4.836650296350666e-05,-1.3384639046937877e-05,7.100842778386451e-06,0.0,0.0,10.0
-1.6715,1.90891525176145,0.5851288598697302,0.8881665287415946,0.014516184530413647,0.005700924935712077,-0.003270576474205939,0.000486776220585979,0.00016246706328537565,-4.826728666434344e-05,-1.3445883964166326e-05,7.118024010633203e-06,0.0,0.0,10.0
-1.6685,1.9085263864176847,0.5854014485345177,0.8880308550443561,0.014369802229254292,0.005754934650787785,-0.0032721654669128834,0.0004826720011315101,0.0001633521979423386,-4.8151396060162504e-05,-1.3510703426063277e-05,7.1357175426545e-06,0.0,0.0,10.0
-1.6655,1.9081396808157334,0.5856724153241941,0.8878966404424439,0.014223608256312279,0.005808863546509243,-0.0032740309674159683,0.0004786988207672378,0.00016417604189942147,-4.8018707049909865e-05,-1.358082958331288e-05,7.154451707036483e-06,0.0,0.0,10.0
-1.6625,1.9077552581411084,0.5859418506324638,0.8877633446541412,0.014077881193149,0.005862804270608438,-0.0032762714939953055,0.00047488622589643816,0.00016493962411339973,-4.786901901056872e-05,-1.3657843884355012e-05,7.174707147245783e-06,0.0,0.0,10.0
-1.6595,1.9073730169469438,0.5862099632031265,0.8876304263750818,0.013932824340381228,0.0059168653566193915,-0.0032789732007047845,0.0004712597511655011,0.0001656439765637292,-4.7701990963171957e-05,-1.3743127353527221e-05,7.196892824699589e-06,0.0,0.0,10.0
-1.6565,1.906992583779463,0.5864771030573901,0.8874973501277054,0.013788547744906215,0.005971171172945382,-0.0032822072648312725,0.0004678396948221207,0.00016628989222111588,-4.751711117826952e-05,-1.383781850755391e-05,7.221327590474435e-06,0.0,0.0,10.0
-1.6535,1.9066132920512373,0.5867437694390425,0.8873635952797848,0.013645059281729576,0.006025859928481678,-0.0032860281911355547,0.00046464036557926624,0.00016687780042655553,-4.731370422370478e-05,-1.3942780617238431e-05,7.248228741679474e-06,0.0,0.0,10.0
-1.6505,1.9062341907157951,0.5870106026776104,0.8872286662032013,0.013502265691864843,0.006081079889278291,-0.0032904731147977723,0.00046166984408689424,0.00016740777517701416,-4.709097470654754e-05,-1.4058579611175133e-05,7.277708159073369e-06,0.0,0.0,10.0
-1.6475,1.9058540826325985,0.5872783607348264,0.8870921025003127,0.013359983296898347,0.006136984115413657,-0.0032955620815511176,0.0004589302374500649,0.0001678796709376834,-4.684808254998618e-05,-1.4185473408288234e-05,7.309775804620631e-06,0.0,0.0,10.0
-1.6445,1.905471588848666,0.587547882927636,0.8869534883472183,0.013217957008536932,0.006193724140776976,-0.0033012991872911914,0.0004564183488378226,0.0001682933617161323,-4.658424100705716e-05,-1.4323412896204408e-05,7.344349632085797e-06,0.0,0.0,10.0
-1.6415,1.905085231788027,0.5878200447473977,0.8868124602459903,0.013075885335041672,0.0062514430915193596,-0.003307674377608577,0.0004541266410091548,0.00016864904414700034,-4.629882595587945e-05,-1.4472054184528251e-05,7.381270382674764e-06,0.0,0.0,10.0
-1.6385,1.9046935278255037,0.588095708724998,0.8866687127899519,0.012933448418016436,0.006310268777225712,-0.0033146656437954406,0.00045204434470552435,0.0001689475553081582,-4.599148335534539e-05,-1.4630781187525458e-05,7.420319324523493e-06,0.0,0.0,10.0
-1.6355,1.904295078109306,0.5883756768787448,0.8865220023779076,0.012790335742270955,0.006370307298589282,-0.0033222413078932127,0.0004501585506999412,0.0001691906513949977,-4.56622209743091e-05,-1.4798737049013215e-05,7.461236757625912e-06,0.0,0.0,10.0
-1.6325,1.9038886459127395,0.5886606503967364,0.8863721491213518,0.012646270065121777,0.00643163769932188,-0.00333036206797504,0.0004484551275651247,0.00016938119441784377,-4.53114705788917e-05,-1.4974862428842372e-05,7.50373905162045e-06,0.0,0.0,10.0
-1.6295,1.903473209356281,0.5889512018111569,0.8862190374359459,0.0125010243290735,0.006494308145479307,-0.0033389824811512992,0.0004469193257850133,0.0001695232008784773,-4.4940107746640596e-05,-1.5157938250658765e-05,7.5475321270566355e-06,0.0,0.0,10.0
-1.6265,1.9030479801751288,0.589247763967215,0.8860626159633954,0.012354428880998344,0.006558334034519065,-0.003348051603402769,0.0004455359629275712,0.0001696217189515535,-4.454941862121093e-05,-1.5346630215659334e-05,7.592319652950196e-06,0.0,0.0,10.0
-1.6235,1.9026123824371324,0.5895506385184063,0.8859028975061214,0.01220636725191245,0.0066236983089221334,-0.0033575125914905406,0.0004442891346480257,0.00016968251877474866,-4.4141006595087476e-05,-1.5539532306791014e-05,7.637804837169009e-06,0.0,0.0,10.0
-1.6205,1.9021659898246417,0.5898600244519534,0.8857399595544092,0.012056760075658847,0.006690354065529961,-0.003367301211543746,0.00044316146231533415,0.0001697116033190477,-4.371663751956179e-05,-1.5735206764877414e-05,7.683685544493732e-06,0.0,0.0,10.0
-1.6175,1.9017084262798236,0.5901760642621138,0.8855739457295733,0.011905538443169446,0.006758229304327895,-0.0033773433954267912,0.0004421329679393098,0.00016971457428437327,-4.3278030142863575e-05,-1.593221868307101e-05,7.72964357220206e-06,0.0,0.0,10.0
-1.6145,1.9012392423198374,0.5904989019167232,0.8854050680494964,0.011752610066463737,0.0068272333423819494,-0.00338755223080721,0.0004411797529015099,0.00016969591932103063,-4.282661016141868e-05,-1.6129164249662896e-05,7.775330153942904e-06,0.0,0.0,10.0
-1.6115,1.9007577876941153,0.5908287429192015,0.8852336093548909,0.011597823950736365,0.006897264030263249,-0.0033978250354584514,0.00044027273304218394,0.00016965832585349696,-4.236326295210254e-05,-1.6324692228158026e-05,7.820350957751743e-06,0.0,0.0,10.0
-1.6085,1.9002631092420914,0.5911659030334404,0.8850599245807076,0.011440941555486988,0.006968214494138766,-0.003408041412992164,0.00043937673589276605,0.00016960216921447452,-4.1888140339464336e-05,-1.65175182775779e-05,7.864254798514103e-06,0.0,0.0,10.0
-1.6055,1.8997539088703463,0.591510829499507,0.8848844389919127,0.011281624069148045,0.007039977837262252,-0.0034180633976543936,0.0004384503090716912,0.0001695253444778325,-4.140059042238198e-05,-1.670643280030772e-05,7.906531043085535e-06,0.0,0.0,10.0
-1.6025,1.899228597518439,0.5918640781790073,0.8847076413078679,0.01111944550588354,0.007112448312865374,-0.0034277389562541935,0.00043744665480961026,0.00016942356861714535,-4.0899267622962524e-05,-1.6890308542736688e-05,7.946621511257991e-06,0.0,0.0,10.0
-1.5995,1.8986854732732699,0.5922262336549196,0.8845300700514439,0.010953938924092767,0.0071855180564558445,-0.00343691008698937,0.0004363161599018862,0.00016929115677277102,-4.038243381839394e-05,-1.7068124284515137e-05,7.983953201767573e-06,0.0,0.0,10.0
-1.5965,1.8981230326760112,0.5925977681678831,0.8843522924368207,0.010784677774355399,0.007259069310321156,-0.003445426165370545,0.00043501083844991735,0.0001691221484558075,-3.984840785313511e-05,-1.723902572239055e-05,8.01799632633105e-06,0.0,0.0,10.0
-1.5935,1.8975403937802362,0.5929788494818702,0.8841748762256624,0.010611386726052326,0.007332962770633657,-0.0034531617066063634,0.0004334904248670889,0.00016891165234336837,-3.9296111344602197e-05,-1.740242843730799e-05,8.04834510800669e-06,0.0,0.0,10.0
-1.5905,1.8969377720042406,0.5933691255548829,0.883998355405657,0.010434067644123864,0.007407023272083229,-0.003460035718570542,0.00043172899570332793,0.00016865738811251173,-3.872570068008794e-05,-1.755813004050866e-05,8.074807005411714e-06,0.0,0.0,10.0
-1.5875,1.8963169137655658,0.5937675316586698,0.8838231891586206,0.0102531186486045,0.007481025166400502,-0.003466028554843424,0.0004297205170357215,0.00016836140429339356,-3.813928665250603e-05,-1.7706368593863855e-05,8.097475995759805e-06,0.0,0.0,10.0
-1.5845,1.8956813694795003,0.594172177910322,0.8836497109912684,0.010069419176581136,0.007554681848664002,-0.003471192595454072,0.00042748209221442584,0.00016803166002404105,-3.7541636427384865e-05,-1.7847780154553207e-05,8.116766149932382e-06,0.0,0.0,10.0
-1.5815,1.8950364908314916,0.5945803722964706,0.8834780700655148,0.009884350886333885,0.007627646051309287,-0.00347565431766797,0.00042505433054628925,0.00016768281644805724,-3.6940576701913894e-05,-1.798327067702081e-05,8.133394838693567e-06,0.0,0.0,10.0
-1.5785,1.894389086943981,0.5949887985991703,0.8833082021992138,0.009699719198452954,0.007699526918873014,-0.0034796048071398804,0.0004224979475253652,0.00016733563466713502,-3.634673623356996e-05,-1.8113872423362205e-05,8.148318648301546e-06,0.0,0.0,10.0
-1.5755,1.8937467824953014,0.5953937885335668,0.8831399453136862,0.009517536478038362,0.007769921130204858,-0.003483271728774771,0.0004198845934576737,0.00016701464478328451,-3.577234240591843e-05,-1.8240630632839486e-05,8.162618285661067e-06,0.0,0.0,10.0
-1.5725,1.8931172156013343,0.5957915664244343,0.8829734472557125,0.009339649363806851,0.007838439354320305,-0.0034868625809411236,0.00041728046945964874,0.00016674355366830257,-3.522893811172055e-05,-1.8364453886409627e-05,8.177299132114835e-06,0.0,0.0,10.0
-1.5695,1.8925070063890197,0.5961785351636533,0.8828097537808873,0.009167255982076811,0.007904720916878,-0.0034904822976515,0.00041472519122196156,0.00016653803386104763,-3.4724209196221654e-05,-1.8485804660760447e-05,8.19298175924664e-06,0.0,0.0,10.0
-1.5665,1.8919196675698495,0.5965522788865854,0.8826508230626428,0.009000397258860933,0.007968519208042708,-0.0034940669858178714,0.0004122114609532884,0.0001663984547803199,-3.4258785894031645e-05,-1.860431032960902e-05,8.209575908094799e-06,0.0,0.0,10.0
-1.5635,1.891352126145108,0.5969137777795992,0.882498082121208,0.008837634249012245,0.008029967448413665,-0.0034974146536832676,0.0004096753823894841,0.00016631045536512218,-3.382533078746183e-05,-1.871876976619333e-05,8.22624584091108e-06,0.0,0.0,10.0
-1.5605,1.8907983261559391,0.5972664536238247,0.8823502860912241,0.00867772581888951,0.008089588475992457,-0.0035005030481376127,0.000407069183786338,0.00016627462732937963,-3.3420570080511716e-05,-1.882868701589489e-05,8.242667864993078e-06,0.0,0.0,10.0
-1.5575,1.8902757270079154,0.5976034551707308,0.8822034351512532,0.008526238921476022,0.008147020129283844,-0.003504278122759371,0.00040463493904892295,0.00016638545437775944,-3.3085121179750465e-05,-1.8938206818580786e-05,8.262747046614203e-06,0.0,0.0,10.0
-1.5545,1.8897991600596942,0.597918237423066,0.8820567627892578,0.008386574926980734,0.008201807357833166,-0.003509203864654095,0.0004025078554905642,0.00016669064708849058,-3.284103059089166e-05,-1.904884755992558e-05,8.288309952963976e-06,0.0,0.0,10.0
-1.5515,1.8892092548221298,0.5982822205581534,0.8819248517760929,0.008214003073855374,0.008260348597566719,-0.0035092121011991,0.00039883711738018357,0.00016659840853184876,-3.2411815179286403e-05,-1.912972470935081e-05,8.292277893000335e-06,0.0,0.0,10.0
-1.5485,1.88864446485198,0.5986303754434193,0.8818006958992632,0.008045966675529752,0.008316726606944186,-0.003509232409155962,0.0003951596913320671,0.00016660220192360752,-3.202987599467843e-05,-1.9204736506682937e-05,8.296537379339034e-06,0.0,0.0,10.0
-1.5455,1.8880481563855176,0.5989892548963233,0.8816868429662061,0.00786732625444048,0.008373584717370118,-0.00350741849784078,0.00039085808543498353,0.0001665283304254863,-3.1609068919040615e-05,-1.926423206452523e-05,8.29264258959012e-06,0.0,0.0,10.0
-1.5425,1.887416196040795,0.599361082855264,0.8815840755938613,0.007676459402520108,0.008431182561528031,-0.0035036018155139743,0.00038587558605349554,0.00016636928123764575,-3.114545328574563e-05,-1.9306812311869012e-05,8.279872450570757e-06,0.0,0.0,10.0
-1.5395,1.8867491651072141,0.5997458993492722,0.8814927075770962,0.007473101196092653,0.008489597774902026,-0.003497786345820709,0.0003802053644287066,0.0001661352951457555,-3.064290545957055e-05,-1.9331980267300324e-05,8.258262577219736e-06,0.0,0.0,10.0
-1.5365,1.8860519009337413,0.6001414496798992,0.8814126181286023,0.007258405831858658,0.008548725388952851,-0.0034901539474055067,0.0003738893121789429,0.00016585461281538866,-3.0112759871358018e-05,-1.934021480132807e-05,8.228591971807766e-06,0.0,0.0,10.0
-1.5335,1.8853329177300704,0.6005435845475621,0.8813432799486114,0.007034716527768742,0.008608298030340536,-0.0034810343725486933,0.00036701293253118454,0.00016557018652130144,-2.957270633263365e-05,-1.9332888858955396e-05,8.192306273071307e-06,0.0,0.0,10.0
-1.5305,1.8846034582367126,0.600946937826737,0.8812838446873386,0.006805179353901577,0.008667928176700618,-0.0034708574132197366,0.0003596940875156519,0.00016533467970629708,-2.904484479405225e-05,-1.9312101923789566e-05,8.15136359385445e-06,0.0,0.0,10.0
-1.5275,1.8838761151819658,0.6013456741090668,0.8812332749032371,0.006573312722390964,0.008727168324171357,-0.0034600992334273112,0.00035206604707369493,0.00016520482791285932,-2.8553081347832234e-05,-1.928044357885086e-05,8.108009166900616e-06,0.0,0.0,10.0
-1.5245,1.8831632324685135,0.6017342176203527,0.8811904552050601,0.00634258695439695,0.00878557241755264,-0.0034492266276260723,0.0003442589450578646,0.00016523532921314848,-2.8120325999023442e-05,-1.924066174469801e-05,8.064503955773438e-06,0.0,0.0,10.0
-1.5215,1.8824753519478474,0.6021079269930708,0.8811542337600514,0.0061160526294342715,0.008842742129855728,-0.0034386422527146214,0.00033638389659518513,0.00016547265416771664,-2.776593490851586e-05,-1.919525367283055e-05,8.022840189176642e-06,0.0,0.0,10.0
-1.5185,1.8818199266224331,0.602463659994811,0.881123426341148,0.0058960389901676355,0.008898360429546623,-0.0034286367789782887,0.0003285207237422628,0.00016595015737986727,-2.7503716485776766e-05,-1.914610539820898e-05,7.984498423270543e-06,0.0,0.0,10.0
-1.5155,1.8812004873404922,0.6028001193703927,0.8810969224440115,0.005683896770104118,0.008952232155604515,-0.0034193534535302272,0.0003207066442102311,0.00016668627634983338,-2.734066723945346e-05,-1.9094359461531267e-05,7.950311903450064e-06,0.0,0.0,10.0
-1.5125,1.880616362504158,0.6031178752174198,0.881074051884739,0.005479741096342614,0.009004335419209412,-0.003410762649565508,0.00031292381771148365,0.0001676855548085109,-2.7276244927092508e-05,-1.9040534444752716e-05,7.920438477920135e-06,0.0,0.0,10.0
-1.5095,1.8800627042326739,0.6034191998949637,0.8810550873797216,0.005282223748712288,0.009054855297397439,-0.003402639628778377,0.00030508971092047156,0.00016893874202226027,-2.730163213401971e-05,-1.8984625348095233e-05,7.894332348975102e-06,0.0,0.0,10.0
-1.5065,1.879530251858929,0.6037082219529503,0.8810411596467363,0.005088532157111017,0.00910419826962361,-0.0033945726976249138,0.0002970621276423683,0.00017042044125148174,-2.7399429151560052e-05,-1.8925991493085428e-05,7.870698359232076e-06,0.0,0.0,10.0
-1.5035,1.8790067183334271,0.6039907882332085,0.8810327345211755,0.004895384950728473,0.009152964976278193,-0.0033861371124728774,0.00028869040590248646,0.00017209823382717144,-2.754928942793839e-05,-1.886375825236486e-05,7.848005891800689e-06,0.0,0.0,10.0
-1.5005,1.878491204711483,0.6042683150839017,0.8810271893788552,0.00470354650381743,0.00920138822293909,-0.003377542995992889,0.0002800097378780411,0.00017399066121701992,-2.775586807410865e-05,-1.8799762065566894e-05,7.82719776386655e-06,0.0,0.0,10.0
-1.4975,1.8780213443116756,0.6045235607449863,0.8810197463310114,0.004525190718667021,0.009247656392250562,-0.0033705250603016995,0.0002715796401964171,0.0001762578447450255,-2.809766112779043e-05,-1.8743294089532695e-05,7.81633506568849e-06,0.0,0.0,10.0
-1.4945,1.8776072223283848,0.604754776570079,0.8810072529433168,0.004361438370876959,0.00929208693878784,-0.003365207684297467,0.0002634047290286826,0.00017889041428757093,-2.8566504646252446e-05,-1.869577898680203e-05,7.8153072488923e-06,0.0,0.0,10.0
-1.4915,1.8770101471860383,0.6050705652510606,0.8810088079020789,0.004146819230417849,0.009344710698646112,-0.0033529416511552624,0.0002528147905343724,0.0001810180031793654,-2.8751500674436917e-05,-1.8616492699625682e-05,7.785589722301266e-06,0.0,0.0,10.0
-1.4885,1.8764915564677414,0.605347917712083,0.8810092216088105,0.003953155165210016,0.009393743135957549,-0.003343167618585742,0.00024287418061245456,0.00018352494126187802,-2.9082725591997433e-05,-1.8555471384569905e-05,7.770239204729197e-06,0.0,0.0,10.0
-1.4855,1.875968432445118,0.6056261276410438,0.881011934351416,0.0037582227405531096,0.009443232103622953,-0.0033332598509227874,0.00023276089065810737,0.00018609371716262903,-2.940952598245243e-05,-1.8504181091988367e-05,7.757534795220777e-06,0.0,0.0,10.0
-1.4825,1.875444900001998,0.605903867613029,0.8810164763092706,0.003562623190483031,0.00949326257200119,-0.003323447674159681,0.00022259688335102363,0.00018868480481477404,-2.971813200428165e-05,-1.8468276178208412e-05,7.748850214275098e-06,0.0,0.0,10.0
-1.4795,1.8749245324178119,0.6061797183853597,0.8810224580472645,0.0033672224983130627,0.009543762709978407,-0.0033138863792804224,0.00021245241505193934,0.0001912859672683028,-3.0004669873440154e-05,-1.845089432480751e-05,7.745162804255128e-06,0.0,0.0,10.0
-1.4765,1.8744096196167293,0.6064526650202874,0.8810293431329763,0.0031731012336961096,0.009594416932721055,-0.00330452534489715,0.0002022705182473004,0.0001939387709014454,-3.028412745975814e-05,-1.8449304912008154e-05,7.746260886599328e-06,0.0,0.0,10.0
-1.4735,1.8739010096035278,0.6067225588627241,0.8810362803668971,0.0029813334619042953,0.009644661716412421,-0.0032950571699220756,0.00019185027216047358,0.00019674194096657048,-3.0592074994452246e-05,-1.8453888985291123e-05,7.75047251058844e-06,0.0,0.0,10.0
-1.4705,1.873397953013746,0.6069902058288102,0.8810422683562763,0.0027926217297932427,0.009693890220417518,-0.0032850542991374214,0.0001809333751119555,0.00019981229650138115,-3.0971268177727325e-05,-1.8451656649580373e-05,7.755266568085357e-06,0.0,0.0,10.0
-1.4675,1.872898209439533,0.607257020784662,0.881046610279939,0.002606874676501354,0.009741855357853655,-0.0032742654188522217,0.00016936805980347102,0.00020321450206657357,-3.1447033951829106e-05,-1.8433035042626534e-05,7.758457294363944e-06,0.0,0.0,10.0
-1.4645,1.87239868711333,0.6075244185503882,0.8810495138787832,0.0024229239907117,0.009789011323200422,-0.003262872918274566,0.0001572451096076188,0.00020690560798434325,-3.200816911535896e-05,-1.8397294137730198e-05,7.759203467985551e-06,0.0,0.0,10.0
-1.4615,1.8718965802647436,0.6077930815693574,0.8810527013342987,0.002238589776541023,0.00983647121079454,-0.0032514745141500254,0.00014488882613289145,0.00021074069356521416,-3.26085557312116e-05,-1.83526354634977e-05,7.758111682244557e-06,0.0,0.0,10.0
-1.4585,1.8713907069996774,0.6080621580616623,0.8810600189774133,0.0020510710551596887,0.009885505308371064,-0.0032407288769065582,0.00013268113151178253,0.00021454153997953472,-3.3188134477967e-05,-1.831151049398026e-05,7.756530932042358e-06,0.0,0.0,10.0
-1.4555,1.8708824245697522,0.608328701671731,0.8810777960596209,0.0018574294361137248,0.009936887728642083,-0.0032308897954428212,0.00012083453240608683,0.00021817965963754325,-3.369697847584416e-05,-1.828529573235769e-05,7.755727420296456e-06,0.0,0.0,10.0
-1.4525,1.8703746657594806,0.608588571575399,0.8811135372103338,0.0016551318154831773,0.009990607985002184,-0.0032216225488393047,0.00010928904198913899,0.0002216184940671082,-3.41085115723378e-05,-1.8281408340884482e-05,7.756490157100028e-06,0.0,0.0,10.0
-1.4495,1.8698665220171924,0.6088409424372769,0.8811706033432863,0.0014428322215863127,0.01004637194344274,-0.003212373074629077,9.781780409821784e-05,0.00022490381857455765,-3.4422321234368624e-05,-1.8302680318812294e-05,7.759272599189095e-06,0.0,0.0,10.0
-1.4465,1.8693413213796546,0.609097157194048,0.8812397974160584,0.0012205221951487619,0.01010490474144969,-0.0032030439590648016,8.62185354860529e-05,0.00022812956831850276,-3.466076286888524e-05,-1.8347412870356903e-05,7.764400878836307e-06,0.0,0.0,10.0
-1.4435,1.868752742116972,0.6093880696800158,0.8812978973105317,0.0009864358934031094,0.01016906226429984,-0.0031939865957250316,7.431252605871874e-05,0.0002313757961280736,-3.4846931983095636e-05,-1.8408382164757485e-05,7.770634871754777e-06,0.0,0.0,10.0
-1.4405,1.8680434842008113,0.6097485888068341,0.8813249381483863,0.0007351636298807135,0.010241917500261398,-0.0031850355395368706,6.184039459041654e-05,0.0002346358383567823,-3.497901758480707e-05,-1.8472339575393668e-05,7.77330086916679e-06,0.0,0.0,10.0
-1.4375,1.8673307669710142,0.61013690139119,0.8813065160376746,0.00048750172451865687,0.010321528529649378,-0.0031778792430664235,4.912596762926557e-05,0.00023806953906265314,-3.511960136444033e-05,-1.8536825901595794e-05,7.773771174183104e-06,0.0,0.0,10.0
-1.4345,1.8670559859151945,0.6103695287624414,0.8812154332779288,0.0003288602533822026,0.010396851644645976,-0.0031811129219614085,3.835652652349328e-05,0.00024248398420095366,-3.558340367343909e-05,-1.8637785490872678e-05,7.799161775089814e-06,0.0,0.0,10.0
-1.4315,1.8669016354078631,0.6104977191142023,0.8811643265425477,0.0002150590610321163,0.010457049200704194,-0.00318782730316257,2.9212982833477825e-05,0.00024736736442674043,-3.629615683637549e-05,-1.8752093752990745e-05,7.84025610554176e-06,0.0,0.0,10.0
-1.4285,1.8662243330676775,0.610753410839745,0.8812489377437984,1.7718992016423927e-05,0.010510991143334562,-0.0031827683450457063,1.8203662826501915e-05,0.0002513559331306107,-3.6741231196116e-05,-1.881548563698534e-05,7.84833157668008e-06,0.0,0.0,10.0
-1.4255,1.8654570150411944,0.611005508500367,0.8813958354406157,-0.00017739250212151292,0.010552336839584942,-0.003178475215791351,8.793518147987182e-06,0.00025553102138225423,-3.740955135254712e-05,-1.8889179618062345e-05,7.87464624300622e-06,0.0,0.0,10.0
-1.4225,1.8647535984361494,0.6112793357685778,0.8815408493982333,-0.0003861287039717575,0.010593962141967877,-0.0031733149930172847,-1.8988983037782331e-07,0.000259539433883158,-3.810650628666796e-05,-1.89575988597127e-05,7.903152354990788e-06,0.0,0.0,10.0
-1.4195,1.8641725030779064,0.6115724449871409,0.881657915479796,-0.0006110310950981897,0.010640518483478094,-0.0031671285545390782,-8.905099921865482e-06,0.00026323467059105805,-3.8791318767862694e-05,-1.9015383987154512e-05,7.932044492271686e-06,0.0,0.0,10.0
-1.4165,1.8636646565375672,0.611867069714448,0.8817504697158782,-0.0008481344567749874,0.010692658220588732,-0.0031602643162445296,-1.7375648243605024e-05,0.00026658210572110154,-3.945964332670199e-05,-1.906156548266486e-05,7.962630664334784e-06,0.0,0.0,10.0
-1.4135,1.8631662976867294,0.6121423627364643,0.8818281884191234,-0.0010901435466372006,0.010750447529349222,-0.003153449464389595,-2.5791475889927746e-05,0.0002696219144820851,-4.009707329258409e-05,-1.9096915995648504e-05,7.99522964707868e-06,0.0,0.0,10.0
-1.4105,1.8626456476191537,0.6123893853909829,0.8819024671322758,-0.0013316975075172612,0.010813487185929734,-0.003147353003513752,-3.439660770745915e-05,0.00027242919383736324,-4.068048504140502e-05,-1.9122283489125266e-05,8.029431864371852e-06,0.0,0.0,10.0
-1.4075,1.8621037279794685,0.6126126644954935,0.881987181753385,-0.0015705932712020265,0.010880507980217597,-0.003142368670283231,-4.331442868443053e-05,0.0002751032410736748,-4.118837961855015e-05,-1.9138850016701522e-05,8.065084665357632e-06,0.0,0.0,10.0
-1.4045,1.8615559486216802,0.6128219550530161,0.8820950417604728,-0.0018066779731488783,0.010949854539167258,-0.0031385067884761005,-5.2485130471349073e-05,0.00027775166693091947,-4.16013648399247e-05,-1.9148005232436067e-05,8.102093186742595e-06,0.0,0.0,10.0
-1.4015,1.861016003814746,0.6130245997860252,0.8822319502386117,-0.002040744050427508,0.011020143636461375,-0.003135431771718911,-6.168168830222105e-05,0.0002804616838181308,-4.190316116053823e-05,-1.915087525582119e-05,8.139930945401306e-06,0.0,0.0,10.0
-1.3985,1.8604891740431353,0.6132240200142952,0.8823942880766802,-0.0022738302134048495,0.011090543623399998,-0.003132758225807346,-7.059328400799696e-05,0.00028327335761276065,-4.2088931022774745e-05,-1.914907075530386e-05,8.177595328765241e-06,0.0,0.0,10.0
-1.3955,1.859972521227342,0.6134227032008642,0.8825705456650275,-0.0025067353624414705,0.011160830737034994,-0.0031304647610718907,-7.896702134734725e-05,0.00028616750540799013,-4.217659773287367e-05,-1.9147061592992694e-05,8.213949397577138e-06,0.0,0.0,10.0
-1.3925,1.859457560231211,0.6136250598185845,0.8827463622049699,-0.0027401975253847455,0.01123139747594367,-0.0031290199419746335,-8.674859929821014e-05,0.00028906834195744854,-4.220829618206187e-05,-1.9153941829475572e-05,8.247858505586624e-06,0.0,0.0,10.0
-1.3895,1.8589320386105106,0.613837550988086,0.8829117552866877,-0.0029764437793337304,0.01130307851475508,-0.0031288783741191214,-9.415926159876308e-05,0.0002918469772232275,-4.2227975494303235e-05,-1.918092098400446e-05,8.277329953570868e-06,0.0,0.0,10.0
-1.3865,1.858378449048313,0.6140676035949996,0.8830678016317334,-0.0032217527422416735,0.011376774611335988,-0.0031295194076144026,-0.00010168893445589867,0.00029431584929497014,-4.223786052363425e-05,-1.9233686546738687e-05,8.297662694627926e-06,0.0,0.0,10.0
-1.3835,1.8577779960697844,0.6143206339829919,0.883226873869905,-0.0034856060105736414,0.011452928882783585,-0.003129154734078967,-0.00010990721563159751,0.0002962660003725659,-4.217927184099883e-05,-1.9306505992198276e-05,8.301762940055009e-06,0.0,0.0,10.0
-1.3805,1.857158574378552,0.6145793740701312,0.8834014525740707,-0.003764987393950327,0.011529572325500288,-0.003127056874103791,-0.00011871075523090538,0.0002976945491465244,-4.2030196284668785e-05,-1.9391831359388905e-05,8.29021321545475e-06,0.0,0.0,10.0
-1.3775,1.8567014181332238,0.6147650339160692,0.8835801223205135,-0.004017139161201333,0.011600433336738086,-0.0031278034535369213,-0.0001263931097429789,0.00029914608027003934,-4.197131882405414e-05,-1.9503063442971464e-05,8.285945698173967e-06,0.0,0.0,10.0
-1.3745,1.8565785455235222,0.6148085815262693,0.8837411373090476,-0.004200843335404431,0.011661205745309782,-0.0031363596149123207,-0.00013136565475797547,0.0003011874343580659,-4.218169701319119e-05,-1.9655191923907794e-05,8.311315610771191e-06,0.0,0.0,10.0
-1.3715,1.8564386500497145,0.6148769467488174,0.8839026409721088,-0.004411264354178937,0.01172997348935054,-0.0031406689354368115,-0.0001376713019861291,0.00030272886751073593,-4.207350607383554e-05,-1.9780786161990085e-05,8.310769941812651e-06,0.0,0.0,10.0
-1.3685,1.8560962678021746,0.6150234247010454,0.8841017548729742,-0.00467779791314192,0.011806252455600479,-0.003137154508166388,-0.00014587975594707863,0.000303500263300417,-4.1576178809675294e-05,-1.9865665095659147e-05,8.276813289056042e-06,0.0,0.0,10.0
-1.3655,1.8556688760968703,0.6151584319188144,0.8843562958892046,-0.004947229296844748,0.011874795477930614,-0.003132735466303504,-0.00015314449909054984,0.000304205773181258,-4.111747427075868e-05,-1.995170744522172e-05,8.249502876802644e-06,0.0,0.0,10.0
-1.3625,1.8551584509330177,0.6152861027099014,0.8846616536676847,-0.005221974180564272,0.011937070640747035,-0.0031271711247631436,-0.0001597949036793423,0.00030479822590647913,-4.067879701536867e-05,-2.0037633540051483e-05,8.224889526674244e-06,0.0,0.0,10.0
-1.3595,1.8546382932876184,0.6154076668076457,0.884988332639092,-0.005502461846448899,0.011998366441263897,-0.0031205413330116227,-0.00016643875213323222,0.0003052281545086536,-4.0199852147579767e-05,-2.0118754598355924e-05,8.195364141377452e-06,0.0,0.0,10.0
-1.3565,1.854169226567998,0.6155290365711833,0.8853138110149227,-0.005791526110254827,0.012062427717158571,-0.003112617110747286,-0.00017343915280046998,0.000305437588144045,-3.9647207594180597e-05,-2.018883215417424e-05,8.156295716202664e-06,0.0,0.0,10.0
-1.3535,1.8537742262526482,0.6156549549764979,0.8856329171067396,-0.006091187911939593,0.012129408597023068,-0.0031032188965688973,-0.0001807134707782398,0.0003054093546204514,-3.9044293142953096e-05,-2.0244225239554887e-05,8.10888802580038e-06,0.0,0.0,10.0
-1.3505,1.8534454391911297,0.6157850114536024,0.8859505183353401,-0.006400709245802811,0.01219773631066784,-0.0030924395822913885,-0.0001880191560239645,0.0003051718123672835,-3.843543066157609e-05,-2.02843009697036e-05,8.056695260160344e-06,0.0,0.0,10.0
-1.3475,1.853160814415545,0.6159126819798515,0.886272202444641,-0.006716330317572634,0.012266099777032859,-0.003080675627969056,-0.00019520132833429212,0.0003047827168058613,-3.785374885898907e-05,-2.0310297020692554e-05,8.002546860633824e-06,0.0,0.0,10.0
-1.3445,1.8528968806748234,0.6160280632265718,0.8866003128055554,-0.00703275605965307,0.012334043761217594,-0.0030684713458782307,-0.0002022275667357517,0.00030430573557540836,-3.731611742108998e-05,-2.0323956262102274e-05,7.948056517539229e-06,0.0,0.0,10.0
-1.3415,1.8526361212590605,0.616122269631863,0.8869344035418181,-0.007345097150842532,0.012401600252354962,-0.0030563466518487487,-0.0002091066250394091,0.0003037939108712091,-3.683226482024602e-05,-2.032674149929312e-05,7.894456362945066e-06,0.0,0.0,10.0
-1.3385,1.852369616207075,0.6161908545136835,0.8872732356764726,-0.007650010694795347,0.012468764486622663,-0.003044736845697006,-0.00021582128602370078,0.00030328658762517665,-3.641143996019524e-05,-2.031984286523837e-05,7.843181392844438e-06,0.0,0.0,10.0
-1.3355,1.8520957509571065,0.616234869047854,0.8876163642035989,-0.007945781207184394,0.012535241005127132,-0.0030340249152427156,-0.00022232192658774223,0.0003028141425042981,-3.6061594180926675e-05,-2.0304582091742833e-05,7.795764638289215e-06,0.0,0.0,10.0
-1.3325,1.8518166158587746,0.6162597830944098,0.8879645622042289,-0.008231896473675646,0.012600501617348098,-0.0030245647519281608,-0.0002285585143278663,0.0003024003451221757,-3.5784772148803394e-05,-2.0282652675648966e-05,7.753415009443406e-06,0.0,0.0,10.0
-1.3295,1.8515340609943935,0.6162734229103798,0.8883191910066267,-0.00850874076888244,0.012664018764754854,-0.0030166332930266523,-0.00023451282943250787,0.00030205840435788253,-3.5573444163768685e-05,-2.0256000870229863e-05,7.716705962864453e-06,0.0,0.0,10.0
-1.3265,1.8512470782544015,0.6162839979202992,0.8886810555462475,-0.008777510677187478,0.012725502151731221,-0.003010349376426185,-0.00024020524170574126,0.00030178628648390795,-3.541022382073704e-05,-2.0226640296557212e-05,7.68556543347207e-06,0.0,0.0,10.0
-1.3235,1.8509527395295762,0.616298068729128,0.8890492851782262,-0.009039680638519848,0.012784944666597645,-0.003005687211087974,-0.0002456552693339618,0.0003015733661572905,-3.5273243104106106e-05,-2.019700054913558e-05,7.659771501397553e-06,0.0,0.0,10.0
-1.3205,1.8506522913643364,0.6163175988067034,0.8894206679987313,-0.009295318506101284,0.012842344483987337,-0.003002675398206454,-0.0002507904416664836,0.000301424702388622,-3.5148308957330636e-05,-2.017110019301941e-05,7.640089610113051e-06,0.0,0.0,10.0
-1.3175,1.850348743889293,0.6163410879467068,0.8897912047474215,-0.009543411409954027,0.012897544073931476,-0.003001351117392971,-0.0002554404297833946,0.00030136035998777996,-3.502940161089727e-05,-2.0154302521994225e-05,7.628267561656417e-06,0.0,0.0,10.0
-1.3145,1.8500218478764494,0.6163786584668142,0.8901570626979796,-0.009790292449552923,0.01295217332545035,-0.003000704624469014,-0.000259777483505024,0.00030130719335600347,-3.485809342788744e-05,-2.0146998170411733e-05,7.6210175924274025e-06,0.0,0.0,10.0
-1.3115,1.8496345651612882,0.6164486491227977,0.8905162433220959,-0.010047306878990397,0.013008905857824707,-0.0029990014463531726,-0.00026422073584127893,0.00030112405238959727,-3.454104308045964e-05,-2.014591148676509e-05,7.611641067504641e-06,0.0,0.0,10.0
-1.3085,1.849241739060012,0.6165245665465634,0.8908634146762326,-0.010299455122454565,0.01306513538357957,-0.002997826713034725,-0.0002680579900944678,0.0003009817335049055,-3.415166137689573e-05,-2.016504248674805e-05,7.609728993454271e-06,0.0,0.0,10.0
-1.3055,1.8488197258479033,0.6166163410689807,0.8912004728918476,-0.010552781776469582,0.013121900138884469,-0.0029961352258041267,-0.00027152596563411905,0.0003007826753663256,-3.364086766295539e-05,-2.0204639297222424e-05,7.612200012278981e-06,0.0,0.0,10.0
-1.3025,1.848369520803462,0.6167230643691036,0.8915281348052756,-0.010806975065945872,0.013179032189690989,-0.0029937736428535936,-0.00027467056632450164,0.00030048869477063204,-3.300329563896051e-05,-2.0269380130907378e-05,7.619284284924299e-06,0.0,0.0,10.0
-1.2995,1.8478957391335415,0.6168430365216258,0.8918467796341389,-0.011061414181945454,0.013236294353536656,-0.0029907215541590568,-0.0002776004318435399,0.0003000499569961011,-3.224171552039331e-05,-2.0364490014293417e-05,7.630738566217322e-06,0.0,0.0,10.0
-1.2965,1.847404808063441,0.6169738364225573,0.8921568902782563,-0.011315290903027127,0.013293277137720523,-0.002987049150631328,-0.00028045006517130267,0.00029941350906163123,-3.136812170290936e-05,-2.049529355097323e-05,7.646047580581992e-06,0.0,0.0,10.0
-1.2935,1.846903735411222,0.6171124389239168,0.8924592995352517,-0.011567655570781897,0.013349398289349348,-0.0029828609477774138,-0.0002833424772709139,0.00029853661852295975,-3.0401216013976145e-05,-2.0666098839420465e-05,7.66465711771299e-06,0.0,0.0,10.0
-1.2905,1.84639973001913,0.6172553833114621,0.8927550818533053,-0.011817424840119209,0.013404010441272492,-0.0029782414625581593,-0.00028636399701603596,0.0002974002741849953,-2.9361161996008905e-05,-2.087876345823129e-05,7.68613105109712e-06,0.0,0.0,10.0
-1.2875,1.8458999915026737,0.6173990083463106,0.8930453774599917,-0.012063414130176971,0.013456519333798541,-0.002973215594459441,-0.00028955315864127065,0.00029601750569648,-2.8264826186027736e-05,-2.1131606560804627e-05,7.710228253529036e-06,0.0,0.0,10.0
-1.2845,1.845411317458028,0.6175397540175577,0.8933312889936843,-0.01230443629098956,0.013506455339396919,-0.002967732032775397,-0.00029290571106969893,0.0002944326338485613,-2.712378768009036e-05,-2.1419202988016386e-05,7.73686286509356e-06,0.0,0.0,10.0
-1.2815,1.8449395528254693,0.6176745008155092,0.8936138363755967,-0.012539462892137272,0.013553494441727093,-0.002961669762189489,-0.00029639483660381206,0.0002927114024871699,-2.5945391926019172e-05,-2.1733160177187235e-05,7.765930315498917e-06,0.0,0.0,10.0
-1.2785,1.844489015898732,0.617800893963247,0.8938939350888223,-0.01276780575273651,0.013597447826510243,-0.0029548588232165165,-0.0002999991531116954,0.0002909260476963859,-2.4735515411348505e-05,-2.2063515829536737e-05,7.797058677405308e-06,0.0,0.0,10.0
-1.2755,1.8440620346200003,0.6179175921427199,0.8941723858708622,-0.012989261217971336,0.013638240757332677,-0.002947102747997159,-0.00030372726100361493,0.00028914120478181914,-2.3501154759171184e-05,-2.2400173152874257e-05,7.829398655188236e-06,0.0,0.0,10.0
-1.2725,1.8436587083585718,0.6180243874723267,0.8944498728135238,-0.013204169208660558,0.013675892999786233,-0.00293819398888514,-0.00030762977134229794,0.0002874052756923437,-2.2251521716026884e-05,-2.2733906992262468e-05,7.861550920231293e-06,0.0,0.0,10.0
-1.2695,1.843276973156262,0.6181221639162209,0.8947269628034358,-0.013413364425756066,0.013710502175120072,-0.002927921888668811,-0.00031179609814962583,0.0002857486851764811,-2.099748234910612e-05,-2.3056800030510126e-05,7.891663887075101e-06,0.0,0.0,10.0
-1.2665,1.8429129851088475,0.6182126926203508,0.8950040965872444,-0.013618026971249827,0.013742224429178336,-0.0029160792074675763,-0.00031633958835938135,0.0002841874522009257,-1.975013501664946e-05,-2.3362269322893696e-05,7.917665197741662e-06,0.0,0.0,10.0
-1.2635,1.8425617611618854,0.618298298632173,0.8952815666867631,-0.013819464716067162,0.013771247121744235,-0.0029024739436915516,-0.00032137765495602753,0.00028272914921933216,-1.8519574741080808e-05,-2.3644957600451015e-05,7.937552320311447e-06,0.0,0.0,10.0
-1.2605,1.842217953594091,0.6183814634458535,0.8955594871421805,-0.014018874497220137,0.013797754248276846,-0.002886948787231311,-0.0003270130826974465,0.0002813786896576207,-1.7314491692032596e-05,-2.3900688944969275e-05,7.949668319146599e-06,0.0,0.0,10.0
-1.2575,1.8418766050886684,0.6184644411842616,0.8958377685597647,-0.01421713183147499,0.013821891956573984,-0.00286940482480102,-0.00033332023394331954,0.0002801425796605805,-1.6142622320090848e-05,-2.4126535541152134e-05,7.952912131216977e-06,0.0,0.0,10.0
-1.2545,1.8415337453252645,0.6185489577719554,0.8961161147469503,-0.01441465008682176,0.013843744257740973,-0.002849822780515536,-0.0003403373838231377,0.00027903134376605355,-1.5011630286158022e-05,-2.4320926523154068e-05,7.946859192576606e-06,0.0,0.0,10.0
-1.2515,1.841186742320501,0.6186360350624267,0.8963940535367084,-0.014611332634182657,0.013863326512404359,-0.00282827547025774,-0.00034806479762841176,0.00027806036979923036,-1.3929902675054863e-05,-2.448369883537745e-05,7.931787968958394e-06,0.0,0.0,10.0
-1.2485,1.840834394088577,0.6187259452574065,0.8966710064074248,-0.014806619740383314,0.013880598334850936,-0.0028049282509198933,-0.000356467392241991,0.0002772495189993059,-1.290691870402535e-05,-2.4616023689430567e-05,7.908620598844366e-06,0.0,0.0,10.0
-1.2455,1.8404768142662615,0.6188182674591415,0.8969463924284641,-0.014999611334217634,0.013895491334564613,-0.002780028031722702,-0.000365480505476993,0.0002766217929699808,-1.1953102500745065e-05,-2.4720196105458905e-05,7.878794570608924e-06,0.0,0.0,10.0
-1.2425,1.840115207987159,0.6189119980642264,0.8972197545516943,-0.015189232551671882,0.013907943133537215,-0.002753884227272781,-0.0003750171870347974,0.0002762013191997395,-1.1079270235130568e-05,-2.479931691025245e-05,7.84408857433031e-06,0.0,0.0,10.0
-1.2395,1.8397516407989607,0.619005664690485,0.8974908916902885,-0.015374404482147358,0.013917928397698053,-0.0027268461663939427,-0.00038497551060474205,0.00027601093603735476,-1.0295873561423531e-05,-2.48569166830353e-05,7.80642864365835e-06,0.0,0.0,10.0
-1.2365,1.8393888759215373,0.6190974078744386,0.8977599786065029,-0.015554188108283027,0.013925479868897242,-0.002699281059020461,-0.000395244747158722,0.000276069677716189,-9.612237564300934e-06,-2.489657386871527e-05,7.767699474784255e-06,0.0,0.0,10.0
-1.2335,1.8390303058936843,0.6191850195572393,0.8980276569728745,-0.015727882499503087,0.013930696449237317,-0.0026715552341424038,-0.0004057098146710348,0.0002763904426249802,-9.035928132844185e-06,-2.492157215463887e-05,7.72958072168975e-06,0.0,0.0,10.0
-1.2305,1.838679950554509,0.619265953983387,0.8982950845133018,-0.01589507460807492,0.013933739910598542,-0.0026440196418548974,-0.0004162541039609434,0.00027697807196983,-8.572297637880927e-06,-2.49346306941085e-05,7.693420714181513e-06,0.0,0.0,10.0
-1.2275,1.8383424506000436,0.6193373471007626,0.898563934349963,-0.01605565294138259,0.01393482554954152,-0.0026169990876081066,-0.00042676139860483144,0.00027782799082449203,-8.224178960339142e-06,-2.493772798946018e-05,7.660152381833747e-06,0.0,0.0,10.0
-1.2245,1.8380229668682446,0.6193960889244238,0.898836343057925,-0.01620980709848982,0.01393421414951833,-0.002590783682686151,-0.00043711799475880175,0.0002789254908177071,-7.991648452151321e-06,-2.493202813063446e-05,7.63024979873505e-06,0.0,0.0,10.0
-1.2215,1.837726906703262,0.6194389864230524,0.8991148127857072,-0.016358037124905578,0.013932212382232944,-0.0025656207319992214,-0.00044721616699377445,0.0002802456792648824,-7.87177152023195e-06,-2.4917907812235177e-05,7.603719755806195e-06,0.0,0.0,10.0
-1.2185,1.8374594404337965,0.6194630323728741,0.8994020792075025,-0.016501189994740956,0.013929186150987304,-0.002541705769559819,-0.00045695976913057265,0.000281754092800401,-7.858282386917782e-06,-2.489507453315738e-05,7.580121656703193e-06,0.0,0.0,10.0
-1.2155,1.837224835753921,0.6194657622350249,0.8997009619252391,-0.01664052649727309,0.013925586775064717,-0.002519172558697572,-0.0004662720465236789,0.00028340797395967095,-7.941221468429608e-06,-2.486276027710646e-05,7.558610683145644e-06,0.0,0.0,10.0
-1.2125,1.8370257098571712,0.6194456446099218,0.9000142162087319,-0.01677780400070455,0.013921984390299378,-0.0024980832670990034,-0.00047510482500941247,0.0002851582200294918,-8.10663621090595e-06,-2.4819970028028904e-05,7.538002491553136e-06,0.0,0.0,10.0
-1.2095,1.8368623561593183,0.6194024226716391,0.9003444040164862,-0.016915344664038736,0.01391909808569514,-0.002478421200525478,-0.000483447396159285,0.00028695200161155023,-8.336511918609187e-06,-2.4765759982520665e-05,7.5168606167498895e-06,0.0,0.0,10.0
-1.2065,1.8367323212981819,0.6193373158856692,0.9006937980467167,-0.01705605091027179,0.013917809844187114,-0.0024600888907211137,-0.0004913329440451444,0.0002887359775707786,-8.60910679365602e-06,-2.4699516014260704e-05,7.493607887102771e-06,0.0,0.0,10.0
-1.2035,1.8366303747731412,0.6192530102807593,0.9010643256874529,-0.017203334611479732,0.013919150542074134,-0.002442913653842594,-0.0004988404794344963,0.0002904598903048245,-8.899803843367264e-06,-2.4621199386081783e-05,7.466659111423722e-06,0.0,0.0,10.0
-1.2005,1.8365489324693356,0.619153409161006,0.9014575511256502,-0.01736094314092245,0.013924251163000948,-0.0024266611092564503,-0.0005060909779464973,0.00029208014485070913,-9.182473527449168e-06,-2.4531525645722935e-05,7.43456501420812e-06,0.0,0.0,10.0
-1.1975,1.8364788921202364,0.619043171110999,0.9018746847102492,-0.01753268839437712,0.013934259643697617,-0.0024110552675017972,-0.0005132375137532547,0.00029356284109663486,-9.431208148344733e-06,-2.4432046944664074e-05,7.396150453171779e-06,0.0,0.0,10.0
-1.1945,1.8364107517934967,0.6189271086852499,0.9023166003614659,-0.017722104923601656,0.013950231045185878,-0.0023958026328733594,-0.0005204502269572828,0.0002948857400453907,-9.622200635988348e-06,-2.432512047503725e-05,7.35062811827295e-06,0.0,0.0,10.0
-1.1915,1.8363358425534018,0.6188095430487345,0.9027838363539763,-0.017932073200985506,0.01397300385882466,-0.0023806179551924904,-0.0005278976150031856,0.0002960388532255941,-9.735537006883625e-06,-2.4213766516015726e-05,7.297674980152602e-06,0.0,0.0,10.0
-1.1885,1.836247513892042,0.6186937058530464,0.9032765550432102,-0.01816444440490756,0.014003077599130834,-0.0023652504013385246,-0.000535725893741106,0.0002970236824630795,-9.75673815108673e-06,-2.4101443395835678e-05,7.237470067142033e-06,0.0,0.0,10.0
-1.1855,1.8361421242737799,0.6185812692126849,0.903794446587236,-0.018419705314606443,0.01404050811253731,-0.0023495092637086635,-0.0005440385065822777,0.000297851399398688,-9.677935883016426e-06,-2.3991781705503284e-05,7.1706992238313426e-06,0.0,0.0,10.0
-1.1825,1.8360196440198697,0.6184720996556549,0.9043365831254736,-0.018696743020100742,0.01408484044575051,-0.002333285491585101,-0.0005528790132323066,0.00029854016915257457,-9.498475658056053e-06,-2.3888311895900053e-05,7.098522511659953e-06,0.0,0.0,10.0
-1.1795,1.8358835375727653,0.6183643910589864,0.9049012617904097,-0.018992817276782363,0.014135106470129381,-0.0023165582129873706,-0.0005622229156835762,0.00029911124785757194,-9.224438841201578e-06,-2.3794181040975725e-05,7.022466402351048e-06,0.0,0.0,10.0
-1.1765,1.8357394247001486,0.618255404045967,0.9054859075527463,-0.019303901809694133,0.014189921886200996,-0.002299366878890344,-0.0005719864943415565,0.0002995826698457053,-8.866202815246612e-06,-2.371180072944585e-05,6.944159532960541e-06,0.0,0.0,10.0
-1.1735,1.835592044333084,0.6181430217693707,0.9060871197372229,-0.019625550453640173,0.01424771235619091,-0.0022817282392663353,-0.0005820604960838629,0.00029995909266843264,-8.433124920104002e-06,-2.364234366223771e-05,6.864820168777112e-06,0.0,0.0,10.0
-1.1705,1.8354405651533978,0.6180280796374136,0.9067009130784294,-0.019954291837814265,0.014307063984173293,-0.0022634948129730847,-0.0005923694803114585,0.00030021781535124575,-7.925331436510803e-06,-2.3585074262245813e-05,6.784485638414226e-06,0.0,0.0,10.0
-1.1675,1.8352734453161237,0.6179168727234094,0.9073231117586763,-0.020289216987512484,0.014367121291885568,-0.0022441936473951087,-0.0006029418598551434,0.0003002947063526403,-7.324706888818474e-06,-2.353669214191856e-05,6.701180033432244e-06,0.0,0.0,10.0
-1.1645,1.8350654468704486,0.6178225793075315,0.9079497290331244,-0.020633010967090366,0.01442786982751612,-0.002222936999003977,-0.0006139563148854375,0.00030007849357031657,-6.589807941215965e-06,-2.349112066097932e-05,6.610478120794153e-06,0.0,0.0,10.0
-1.1615,1.834779952030695,0.6177640934381328,0.9085770872728641,-0.0209915111739051,0.014490106508887268,-0.0021985192850981264,-0.000625722005047145,0.0002994237715268388,-5.660515103060603e-06,-2.3440282170445486e-05,6.506036043713936e-06,0.0,0.0,10.0
-1.1585,1.8343780806418262,0.6177615664932622,0.9092015099154542,-0.021371335301868806,0.014554997653067446,-0.002169757099360949,-0.0006385707090624646,0.00029818747232749704,-4.4752712864561285e-06,-2.3376109888326782e-05,6.381369695854565e-06,0.0,0.0,10.0
-1.1555,1.833832019482289,0.6178299283228551,0.9098186885081807,-0.021776289689627044,0.014623367361464431,-0.0021359795388731285,-0.0006526925925134413,0.0002962793486725245,-2.996175402574064e-06,-2.3293288469582614e-05,6.232408752753829e-06,0.0,0.0,10.0
-1.1525,1.8331355152654238,0.6179737900672843,0.9104231726978643,-0.022204556404892103,0.014695125532321093,-0.0020974087911751517,-0.0006680071212039633,0.00029370128316697684,-1.2287424429434577e-06,-2.319137244011434e-05,6.059508850860678e-06,0.0,0.0,10.0
-1.1495,1.832303587118124,0.6181875368148213,0.9110085751539136,-0.022648937141455536,0.01476930279907399,-0.0020551316492335285,-0.0006841748956522467,0.00029054678185070617,7.788757916312657e-07,-2.3074760825223254e-05,5.867399438506645e-06,0.0,0.0,10.0
-1.1465,1.8313589833298192,0.6184617632953491,0.9115687912345198,-0.023100887859204573,0.014844839081397372,-0.002010559168382112,-0.0007007862446528576,0.0002869509269291585,2.9625111385633955e-06,-2.2950049514701217e-05,5.662533513690406e-06,0.0,0.0,10.0
-1.1435,1.8303126609199782,0.6187925006086952,0.912099876961211,-0.02355628705086623,0.014921688830639839,-0.001964632743749556,-0.0007176328679897256,0.00028301534356319077,5.281357576983625e-06,-2.2822124718325253e-05,5.449145501455546e-06,0.0,0.0,10.0
-1.1405,1.8291521002827213,0.6191865501866752,0.9126016790958014,-0.024018984507084763,0.01500140754108983,-0.0019172855898824922,-0.0007348782109156215,0.00027875626631178253,7.744055827628298e-06,-2.2691567001191116e-05,5.226621746456659e-06,0.0,0.0,10.0
-1.1375,1.8278471735186426,0.6196582636183506,0.9130784123159009,-0.024499312016524704,0.015086630710789528,-0.0018675318773958946,-0.0007529924688979244,0.0002741106979903107,1.0402279483883595e-05,-2.2555156579669488e-05,4.990101539627724e-06,0.0,0.0,10.0
-1.1345,1.8263698742079573,0.6202196422919868,0.9135381450725842,-0.025008550281676006,0.015179683249571228,-0.0018140729594673744,-0.000772496104159926,0.00026899023860700914,1.3317514877955705e-05,-2.2408813185464837e-05,4.733734081679212e-06,0.0,0.0,10.0
-1.1315,1.8247133565727047,0.6208709145915233,0.9139918603209327,-0.02555344757003832,0.01528123959934507,-0.001755915262599961,-0.0007937031329270638,0.0002633353507535358,1.652740712089142e-05,-2.225038023606823e-05,4.453950851801163e-06,0.0,0.0,10.0
-1.1285,1.8228982416671144,0.6215975287301502,0.9144526594167047,-0.026134171628651344,0.015389817259687709,-0.001692588035012577,-0.0008166240414516286,0.0002571320316505462,2.003360750369969e-05,-2.2080229538990126e-05,4.15056798370567e-06,0.0,0.0,10.0
-1.1255,1.8209660586784246,0.622373695138297,0.9149349971379053,-0.02674568707636826,0.015502157215001328,-0.0016239838024161544,-0.0008410293208546653,0.00025039390979425096,2.3810735047158374e-05,-2.189991021923284e-05,3.82578179024191e-06,0.0,0.0,10.0
-1.1225,1.8189668929131435,0.62316905473869,0.9154535195442729,-0.027380542948624426,0.015614082513453073,-0.0015500925340863473,-0.000866579393247048,0.00024313596613731903,2.7822895311966304e-05,-2.1710330446429555e-05,3.482447138997287e-06,0.0,0.0,10.0
-1.1195,1.8169458616420724,0.6239561424937895,0.9160214762584029,-0.028031844817979924,0.01572154225149943,-0.0014707776424039976,-0.0008929637658609082,0.00023535421243018492,3.2039896637886696e-05,-2.1510350801981745e-05,3.1224548818659594e-06,0.0,0.0,10.0
-1.1165,1.8149295674268962,0.6247179012855738,0.9166491543163642,-0.028696261863905087,0.01582172454171037,-0.0013855783086602527,-0.0009200436866726503,0.00022700991739411648,3.645308368932897e-05,-2.1295835007453855e-05,2.74523046999879e-06,0.0,0.0,10.0
-1.1135,1.8129149490253205,0.625453827626401,0.917342801550385,-0.029376583513433755,0.015914014570822633,-0.001293549188897854,-0.0009479766170141553,0.0002180189788612299,4.108879995435308e-05,-2.1059254595524004e-05,2.3465416685503608e-06,0.0,0.0,10.0
-1.1105,1.8108650365362613,0.6261823473033241,0.9181042335417228,-0.030082696221346416,0.016000438866061676,-0.0011932337884500413,-0.0009772687855932407,0.00020825448951944305,4.6012958592312345e-05,-2.0790230690444136e-05,1.918230000980661e-06,0.0,0.0,10.0
-1.1075,1.8087159395863686,0.6269372257093793,0.9189309818592254,-0.03082979288613797,0.01608527219104075,-0.0010828988344859605,-0.0010086967649081304,0.0001975730745632054,5.1319044817502704e-05,-2.0477415351153408e-05,1.4495788488949843e-06,0.0,0.0,10.0
-1.1045,1.8063972707674538,0.6277570035594224,0.9198165749422584,-0.03163311100115804,0.016173656553728228,-0.0009611287320254276,-0.0010430592260456694,0.00018587287873709815,5.709408888002235e-05,-2.011188826338698e-05,9.30807409585359e-07,0.0,0.0,10.0
-1.1015,1.8038634649344678,0.6286688574295501,0.920750601966048,-0.032499776458510723,0.01626941220737179,-0.0008277391529411087,-0.0010807798553121094,0.00017317829258029958,6.336505742119071e-05,-1.969155754589258e-05,3.584015173105591e-07,0.0,0.0,10.0
-1.0985,1.8011266330324736,0.6296716268885276,0.9217186732121038,-0.03342028919605363,0.016372669695841308,-0.0006847194832728192,-0.0011214790540545355,0.00015972393624078823,7.004156703660715e-05,-1.9224972846355554e-05,-2.5932739210973163e-07,0.0,0.0,10.0
-1.0955,1.7982746673997325,0.6307261352268635,0.9227030405539081,-0.03436423086514945,0.016478425255400442,-0.0005366391006051574,-0.001163740200561221,0.00014598616190205456,7.688616935372476e-05,-1.8731977667827193e-05,-8.995540360234793e-07,0.0,0.0,10.0
-1.0925,1.7954545845816805,0.6317628529561735,0.9236850657739943,-0.035285897613606204,0.016577442590593884,-0.00038980183150291226,-0.0012053674575022272,0.0001325985088097986,8.355352322696894e-05,-1.8238494747640707e-05,-1.5291587656865161e-06,0.0,0.0,10.0
-1.0895,1.7928067418699596,0.6327143048094043,0.924650424862339,-0.036143937728847664,0.016660640633665468,-0.0002496471656037776,-0.0012443669563608332,0.00012010940878754029,8.973046440380293e-05,-1.7764286812287643e-05,-2.118895984076914e-06,0.0,0.0,10.0
-1.0865,1.7903611262477788,0.6335668972959189,0.9255962826282721,-0.03693164835000147,0.01672635801316291,-0.00011684942443238388,-0.001280507331518604,0.00010862740731139758,9.535618138295256e-05,-1.7306694288585045e-05,-2.6652937565473988e-06,0.0,0.0,10.0
-1.0835,1.78795702902109,0.6344015329462601,0.9265363626210522,-0.03769999557142478,0.01678624234070999,1.5576226443242515e-05,-0.001316543152579981,9.756416170717138e-05,0.00010079362537873295,-1.6830278974508834e-05,-3.2074295828534674e-06,0.0,0.0,10.0
-1.0805,1.7852954777937289,0.6353679788112139,0.9274964858878976,-0.03854136839312047,0.016861927420983646,0.00016003950233955833,-0.001357418486099003,8.584420316108705e-05,0.00010671599610389147,-1.6278556371449402e-05,-3.815203474714718e-06,0.0,0.0,10.0
-1.0775,1.7822024591300452,0.6365520309079548,0.9284960846926533,-0.03951036188331684,0.016966184627302178,0.00032394452873505514,-0.0014061138458072897,7.28513978200238e-05,0.00011352162864930567,-1.561872810237719e-05,-4.5306849322468725e-06,0.0,0.0,10.0
-1.0745,1.7789655767221455,0.6378045826359287,0.9295235981112223,-0.04052252990086166,0.017078084334331067,0.000496343632580682,-0.0014581840975112369,5.9615243351803624e-05,0.00012056851205988092,-1.489470683833364e-05,-5.29152149433142e-06,0.0,0.0,10.0
-1.0715,1.7762238667643895,0.6387962887144075,0.9305409029757451,-0.04138619487675712,0.017150096965334576,0.0006518971110231208,-0.0015032115817773086,4.84100385096815e-05,0.00012638930072132948,-1.4207185899123675e-05,-5.951669630763282e-06,0.0,0.0,10.0
-1.0685,1.7741427728216541,0.6394346978209511,0.9315404895835567,-0.042047321831131294,0.017167945292358388,0.0007827754407736928,-0.0015377842948143985,3.9872373381037216e-05,0.00013052932508939821,-1.3588758800882941e-05,-6.463337878938066e-06,0.0,0.0,10.0
-1.0655,1.7722260109413457,0.6399613950264663,0.9325620522494892,-0.04264703880901493,0.017165450458707193,0.0009064821851262542,-0.001568836156283008,3.232704169215963e-05,0.00013401795556303937,-1.2978529696972903e-05,-6.924049993807901e-06,0.0,0.0,10.0
-1.0625,1.7704633018351539,0.640379199921361,0.9336056290490198,-0.04318603010381191,0.017143438549578633,0.001022090977499234,-0.001595942813733548,2.5694664758500004e-05,0.0001368693821872496,-1.2389033945684027e-05,-7.3290378383474325e-06,0.0,0.0,10.0
-1.0595,1.7688550162193908,0.6406967840001079,0.9346600022147442,-0.043667633021248264,0.017105605908722506,0.00112883742678671,-0.001619054079472214,1.9833968298689986e-05,0.000139163011440493,-1.1832281826238939e-05,-7.679045959901868e-06,0.0,0.0,10.0
-1.0565,1.7674122302446829,0.6409273419379778,0.9357037733315785,-0.04409676182692581,0.01705783557552087,0.0012260908675114574,-0.0016384465704259935,1.4575008976529593e-05,0.00014102446109691926,-1.131937716444451e-05,-7.979161957784704e-06,0.0,0.0,10.0
-1.0535,1.766143465260676,0.6410876527390049,0.9367131105779336,-0.04447903118810369,0.01700622305761304,0.0013134769616363923,-0.0016545282349994643,9.750992259898286e-06,0.00014258693500084746,-1.0860537548242389e-05,-8.235632089650672e-06,0.0,0.0,10.0
-1.0505,1.7650412045432957,0.6411963766544072,0.9376705225218023,-0.04481968502366798,0.016954911050766328,0.0013909775285731224,-0.001667603138099733,5.228345043616971e-06,0.00014394959507451997,-1.046558151986505e-05,-8.452146441802793e-06,0.0,0.0,10.0
-1.0475,1.7640799153235545,0.6412712614816394,0.9385690493325438,-0.04512257954342507,0.016905011080962738,0.00145893041718308,-0.0016777553988398261,9.279224121417698e-07,0.00014515572803661464,-1.0144331562562914e-05,-8.627843006465355e-06,0.0,0.0,10.0
-1.0445,1.7632270671818675,0.6413254576004663,0.9394110817432356,-0.04538964424736681,0.016854927062572522,0.0015179787272569685,-0.0016849091702669857,-3.170560451654557e-06,0.00014619924402854172,-9.906330080988355e-06,-8.757994354524966e-06,0.0,0.0,10.0
-1.0415,1.762458533529742,0.6413641414925859,0.9402051121992102,-0.045621348904924405,0.01680153366058717,0.0015691018137644786,-0.0016890138513046334,-7.0467163596891125e-06,0.00014705277047194154,-9.75953666025685e-06,-8.836842160200593e-06,0.0,0.0,10.0
-1.0385,1.7617667278581242,0.6413837606335916,0.9409637539770445,-0.04581865305675433,0.016741577365072945,0.0016138179041992804,-0.0016902713069150703,-1.0679314602060637e-05,0.00014770486115481724,-9.708164478437866e-06,-8.861398688659498e-06,0.0,0.0,10.0
-1.0355,1.7611544976108742,0.6413761612002545,0.9417034070135308,-0.04598632406592491,0.016673056111182232,0.001654475617745832,-0.0016893344161196364,-1.4093909901806e-05,0.00014819406039019603,-9.750461335432619e-06,-8.834957988291434e-06,0.0,0.0,10.0
-1.0325,1.7606199893164587,0.6413360836319434,0.9424428539281724,-0.0461353374687509,0.01659632262160584,0.0016942090595731384,-0.0016873515122067645,-1.7377998397188043e-05,0.00014861917761036953,-9.87835872656224e-06,-8.76814816682369e-06,0.0,0.0,10.0
-1.0295,1.760156625250615,0.6412615831353199,0.9431969652551467,-0.04627782258918909,0.01651365954144119,0.0017356295184469963,-0.0016855386653298245,-2.058135861911144e-05,0.0001490791026671093,-1.008258861778286e-05,-8.672745997568126e-06,0.0,0.0,10.0
-1.0265,1.7598014552097478,0.6411310767034851,0.9439641544555049,-0.046406536210114833,0.016425198523696657,0.001777340938674887,-0.001683888173743434,-2.3421881090425932e-05,0.0001494887029659769,-1.0366441803487138e-05,-8.542930181253258e-06,0.0,0.0,10.0
-1.0235,1.7597191624809048,0.6408621425705934,0.9447140809126829,-0.046465734742817115,0.0163220171473243,0.0018096644817489809,-0.0016794394936914092,-2.4924186783499343e-05,0.00014933845406757122,-1.0761973703348415e-05,-8.3310751629133e-06,0.0,0.0,10.0
-1.0205,1.7602048489232383,0.6403085318766739,0.9453929150323682,-0.046351440991809024,0.01618451761372636,0.001815340963412361,-0.0016662376363131236,-2.3508994138833577e-05,0.00014770901311973687,-1.1325615411816678e-05,-7.94978414203369e-06,0.0,0.0,10.0
-1.0175,1.759659291141644,0.6394814738152323,0.9470844570825024,-0.04607864400789833,0.015740322770526706,0.0018287142943137062,-0.0016019035965344826,-2.2240990547262595e-05,0.0001385472654617768,-1.1848328830072638e-05,-6.764852505857453e-06,0.0,0.0,10.0
-1.0145,1.7595237023775678,0.6393820603345532,0.9475480364163591,-0.0461396735585492,0.015658232422326092,0.0018595691559824957,-0.0015900720846932497,-2.6525058670369582e-05,0.00013626148115973306,-1.1565992731473405e-05,-6.13366964904193e-06,0.0,0.0,10.0
-1.0115,1.7555863725230354,0.6405471696715319,0.9498429732801358,-0.047565855166953996,0.015521854346507113,0.0022317775112459075,-0.001624654339332414,-7.725147100158262e-05,0.00014533488149780138,-6.1464797446865225e-06,-7.418002905351409e-06,-6.541840504015117e-07,2.8076493709645196e-07,12.0
-1.0085,1.7553982626778077,0.6403778697509611,0.9505328468318649,-0.04772488058776535,0.01545801307341157,0.0022919974352109376,-0.001631400216634842,-8.331705128176435e-05,0.00014711816440992698,-5.908888557837061e-06,-7.511015016024565e-06,-7.054681788099123e-07,2.957634356211703e-07,12.0
-1.0055,1.7551339666427372,0.640217730480027,0.9512617482320879,-0.047890858833770984,0.015385997240950283,0.0023546943615973845,-0.001637122291671401,-8.958740354386005e-05,0.0001487679373526866,-5.643495266516308e-06,-7.6046953391914976e-06,-7.541124476208617e-07,3.096345273348069e-07,12.0
-1.0025,1.7548014824768743,0.6400678274001828,0.9520275959915813,-0.048065669578493,0.015306995422936941,0.0024198711109944815,-0.0016418289613474295,-9.608394515779867e-05,0.00015027822867512885,-5.34642261318437e-06,-7.700226242648362e-06,-7.997533741046087e-07,3.2242082954639664e-07,12.0
-0.9995,1.7543809025393977,0.6399264243271573,0.9528415438078693,-0.04824944611720465,0.015219848380231847,0.002487553014424436,-0.0016453244525875272,-0.00010279554985991313,0.00015161319551947272,-5.017245250758756e-06,-7.795352010718545e-06,-8.417646055830181e-07,3.338214726441744e-07,12.0
-0.9964999999999999,1.7538667796580767,0.6397897264019434,0.9537066040993976,-0.048440682136231684,0.015125138341548511,0.0025572876022872666,-0.0016476657711487581,-0.00010965380362362293,0.00015276154889878578,-4.65978466931051e-06,-7.889623358921288e-06,-8.792488957446851e-07,3.436171891289921e-07,12.0
-0.9935,1.7532814680350728,0.6396529860745073,0.9546121874566645,-0.048636992400647,0.015026035043794022,0.0026282099725681816,-0.0016492494270268882,-0.00011656579306326327,0.00015375477718761361,-4.27955485305857e-06,-7.986304293615283e-06,-9.112490471023264e-07,3.518693028072871e-07,12.0
-0.9904999999999999,1.7526660837838777,0.6395106848363766,0.9555406427214348,-0.048835553162584054,0.014926674551090166,0.002699377248244508,-0.001650604895877293,-0.00012347135152144625,0.00015465621490117005,-3.881197492155448e-06,-8.091043634687663e-06,-9.37067181758972e-07,3.588944858546439e-07,12.0
-0.9875,1.752064960861582,0.6393569075192008,0.9564757710994367,-0.049033651703712,0.014830346982972399,0.0027701519544906456,-0.001652185581192092,-0.00013039892644281346,0.00015555006154721498,-3.46682575129715e-06,-8.210221727455394e-06,-9.56607050698824e-07,3.6523168218164273e-07,12.0
-0.9844999999999999,1.7515113942524976,0.639187124321317,0.9574079344649065,-0.04922960911037821,0.014738650426062015,0.002840499524462702,-0.0016543087519907,-0.00013748615449838843,0.0001565362220381435,-3.035368786861377e-06,-8.350205971553354e-06,-9.705373084337337e-07,3.7163388527666606e-07,12.0
-0.9815,1.7510165549408647,0.6390013364582027,0.9583349799853156,-0.049423713276122744,0.014651609660344535,0.0029110949719995485,-0.0016572302795000468,-0.0001449391999559554,0.00015772003508946717,-2.5828470933751692e-06,-8.517060815470894e-06,-9.801154299591084e-07,3.78992960984125e-07,12.0
-0.9784999999999999,1.7505642706829694,0.6388066460951786,0.959260095332085,-0.04961836593989408,0.014568307344210657,0.00298312093868216,-0.0016612419296417956,-0.0001529382636669001,0.0001591896516359881,-2.103900263385572e-06,-8.715746199310265e-06,-9.867428987415663e-07,3.8814588145642585e-07,12.0
-0.9755,1.7501157972733161,0.6386163263710747,0.9601885954421013,-0.049816930772468945,0.014487542484895134,0.003057725962307068,-0.0016666603329285167,-0.00016153937416308592,0.00016098749271085044,-1.5944663860033962e-06,-8.948445126655341e-06,-9.915351357072268e-07,3.9962481341669147e-07,12.0
-0.9724999999999999,1.749625199320196,0.6384441294059611,0.9611258142721911,-0.05002166188216515,0.014408178980231967,0.003135331131909905,-0.0016736631725567267,-0.0001706320633216132,0.0001630903672341928,-1.0543924945855199e-06,-9.212723354952333e-06,-9.951461311700236e-07,4.1347076982509976e-07,12.0
-0.9695,1.7490578937444574,0.6382971424553066,0.9620762695745312,-0.050231867994319786,0.01432923737115194,0.0032151281606652734,-0.0016820909448242679,-0.0001799654376214354,0.0001654093749119118,-4.892357246252277e-07,-9.500631979641549e-06,-9.978088167610485e-07,4.2917943558811715e-07,12.0
-0.9664999999999999,1.7483956650009624,0.6381759210984138,0.9630420679911719,-0.05044459397976506,0.014250353673203188,0.003295229898141157,-0.0016914724595781662,-0.00018922336933263847,0.00016782028896379173,8.965846590368425e-08,-9.800406659768147e-06,-9.99439990004433e-07,4.458661534013423e-07,12.0
-0.9635,1.7476012434353527,0.6380939524862022,0.9640246680893503,-0.05066482381233677,0.014173445183531162,0.003374872255498474,-0.0017016587382907803,-0.00019827204770243476,0.0001702736812702355,6.790008810488898e-07,-1.0107468549699958e-05,-1.0002384311572014e-06,4.6323153988548366e-07,12.0
-0.9604999999999999,1.7465467795053422,0.6381094789736133,0.9650419533369541,-0.05092764954671625,0.014104129451533476,0.003459656051239767,-0.0017140138142290348,-0.0002077368122604401,0.00017300554831067096,1.3259353174598933e-06,-1.0449059663984005e-05,-1.002470069580216e-06,4.837501802421123e-07,12.0
-0.9575,1.745114116363372,0.6382284210045928,0.9661645374330148,-0.05124529098666778,0.014028524659806692,0.0035557371377773674,-0.0017275301481141027,-0.00021838880399891922,0.0001760146902125368,2.0922761344243494e-06,-1.0832799119380005e-05,-1.0092024451617203e-06,5.083188035951393e-07,12.0
-0.9544999999999999,1.7441629433772128,0.6381112157980101,0.9672238692998302,-0.05141744284126877,0.013920496759208067,0.0036315278463667474,-0.0017341328603067538,-0.0002271937359828442,0.00017809370843504152,2.7842890200639393e-06,-1.1130149816118924e-05,-1.0145805391066948e-06,5.261493415021424e-07,12.0
-0.9515,1.7425873466697313,0.6382335074885234,0.9684379697832184,-0.051747828829545116,0.013821105253196048,0.003739086505768448,-0.0017469371109207442,-0.0002394246421135821,0.00018130511087148684,3.748025903026155e-06,-1.1562903967789885e-05,-1.0320680315864458e-06,5.564905252430089e-07,12.0
-0.9484999999999999,1.7416840087256311,0.6379530529514458,0.96961687603395,-0.051820739585299966,0.013649333179804735,0.00380800375618225,-0.0017435827911151558,-0.0002475327155584638,0.00018213664040447566,4.457157073478382e-06,-1.1742920728884032e-05,-1.0426347444355715e-06,5.660423385771011e-07,12.0
-0.9455,1.7407254986422644,0.6376654943764852,0.9708234062793735,-0.05189092214111144,0.01346682979669454,0.0038790155537247605,-0.0017387453866884027,-0.00025581109158835023,0.00018278812162361615,5.189081816276282e-06,-1.1898936858339764e-05,-1.0583080859863858e-06,5.749050835857349e-07,12.0
-0.9424999999999999,1.7398027343989135,0.6373662816496664,0.9720010378511263,-0.051955934129752565,0.013286287128176923,0.00395019630975132,-0.0017340519566287334,-0.0002641475369040858,0.0001834766106449915,5.9182426458820425e-06,-1.2042407982691541e-05,-1.0805638140138156e-06,5.847282620704476e-07,12.0
-0.9395,1.7389442383409663,0.6370564689828243,0.9731340284072303,-0.052015806034038256,0.013111950000956857,0.004020758819942171,-0.0017301106053463577,-0.0002725254027865189,0.00018431780047687384,6.620258986236883e-06,-1.2173237840031773e-05,-1.1113216154618892e-06,5.96354265419075e-07,12.0
-0.9365000000000001,1.738138327880095,0.6367406648302253,0.9742354094898998,-0.052072333602862834,0.012941082486855193,0.0040908310279748625,-0.001726646928138485,-0.0002809412654034915,0.00018530335605022763,7.281394016366687e-06,-1.2283938593130942e-05,-1.1519528699596957e-06,6.096943856072026e-07,12.0
-0.9335,1.737359919693379,0.6364213486402706,0.9753272919470988,-0.05212641748515512,0.01276764474015355,0.004161053318256755,-0.001723070798991168,-0.0002892798469885273,0.0001863111179691775,7.913193939215206e-06,-1.2370917838754571e-05,-1.2016144548558167e-06,6.238983737798615e-07,12.0
-0.9305000000000001,1.7365937830322338,0.636095476400083,0.9764245802480986,-0.05217576421210215,0.012586214539975382,0.004232104422404619,-0.0017190322018626237,-0.0002972519120657484,0.00018714847480136136,8.556292681839518e-06,-1.244304665327115e-05,-1.2562967155618952e-06,6.376853478066288e-07,12.0
-0.9275,1.7358452811174505,0.6357555019120251,0.977529107376228,-0.052214897316564514,0.012394609088833303,0.004304108370634842,-0.0017145589132885502,-0.0003045017748789038,0.0001876398442007943,9.257961995993405e-06,-1.2518667701182912e-05,-1.310121520328103e-06,6.498192208298683e-07,12.0
-0.9245000000000001,1.7351351867239015,0.6353925266721527,0.9786343592797321,-0.05223777225110337,0.012194477204446826,0.004376045982591031,-0.0017097146424791723,-0.0003108465630612452,0.0001877260384384506,1.0032537021178143e-05,-1.2612160663883434e-05,-1.358465553700121e-06,6.595589652141952e-07,12.0
-0.9215,1.7344876152226996,0.634999245806513,0.9797337593890447,-0.05224151518900049,0.011990369514169682,0.004445643633570639,-0.0017042211579160773,-0.00031643638837408665,0.00018750376871153114,1.0838912811594076e-05,-1.2722376323873206e-05,-1.4003600800527312e-06,6.668282539152552e-07,12.0
-0.9185000000000001,1.733921010574294,0.6345726616879106,0.9808249841194404,-0.05222843664524487,0.011787956111922758,0.004510130541773969,-0.0016975070334150988,-0.0003216489543534743,0.00018715895006899934,1.1599608887666317e-05,-1.2833233123634433e-05,-1.438157449346736e-06,6.720033829267115e-07,12.0
-0.9155,1.73344364783217,0.6341181999086059,0.9819060912987806,-0.05220391210874585,0.011591935100608727,0.004567422452803766,-0.0016891136650062444,-0.00032678305424781314,0.0001868380781057015,1.2245924035349127e-05,-1.292390908945358e-05,-1.475156990010495e-06,6.755261262398349e-07,12.0
-0.9125000000000001,1.7330491935445882,0.6336558782020659,0.982964674639974,-0.0521709726052697,0.011404618213689818,0.004616600654854198,-0.0016789507839008247,-0.0003318270468010367,0.00018656196477700085,1.2749528749056747e-05,-1.2978421826222388e-05,-1.513453166630313e-06,6.776555520349972e-07,12.0
-0.9095,1.7327112627223458,0.6332238505248038,0.9839715538841473,-0.05212729628966274,0.01122610261188803,0.004657469700111801,-0.0016671572919073603,-0.0003365258860657843,0.00018625115632356023,1.3120974330471708e-05,-1.2989856166414554e-05,-1.5533948647040119e-06,6.785467955920551e-07,12.0
-0.9065000000000001,1.732387278105873,0.6328665897731807,0.9849001597959883,-0.05207118797864629,0.011054562389040715,0.004691120447556075,-0.001653925868859085,-0.00034077475448072655,0.00018585164513387366,1.3396460663590526e-05,-1.2964095022066809e-05,-1.5946781363720457e-06,6.787883052523395e-07,12.0
-0.9035,1.7320558909340527,0.6325940381922648,0.9857756625101858,-0.052010569171849916,0.01088245248338206,0.0047226238538875046,-0.0016394082374254812,-0.00034512788586679163,0.0001854530163486707,1.3642608303264967e-05,-1.292467765294281e-05,-1.6383774122935216e-06,6.801025915690665e-07,12.0
-0.9005000000000001,1.7318105284787495,0.6323211895716158,0.9866949787022924,-0.051946292133960174,0.010689282545395256,0.004759521967030937,-0.0016226985239899503,-0.0003506123910348551,0.00018514285670521505,1.3943207383498749e-05,-1.2895287625624516e-05,-1.6871847658331617e-06,6.840166246733988e-07,12.0
-0.8975,1.731685650424226,0.6319046455072567,0.9878396061856877,-0.05184994319752362,0.010431127443280624,0.004805187117735289,-0.0015984956157310012,-0.0003576587932834596,0.00018436307705770895,1.4332030719217002e-05,-1.28289134667201e-05,-1.74162695719007e-06,6.857170641125643e-07,12.0
-0.8945000000000001,1.7313171179552458,0.6315671514156768,0.9892119390804381,-0.05185033835273725,0.010148161197931284,0.004875302998589707,-0.001574205350673859,-0.0003674704531442125,0.00018397899641396992,1.4875849865063378e-05,-1.2813042147717017e-05,-1.800867216309984e-06,6.916318082352691e-07,12.0
-0.8915,1.7301250315742374,0.6318577167244379,0.9905657007602636,-0.052224706332391575,0.0099759597840817,0.00499900840320863,-0.0015727042089546655,-0.0003824400073641872,0.00018673446569531294,1.572466936195557e-05,-1.3125761665491725e-05,-1.8650837461653453e-06,7.244552961711499e-07,12.0
-0.8885000000000001,1.7302927495732483,0.6316998920185836,0.9914685806679424,-0.052265900929753764,0.009803739372529865,0.005050432079176142,-0.0015599755783432573,-0.0003890931875536744,0.00018698199352784646,1.6004711034650278e-05,-1.3156587248668468e-05,-1.8966914338862357e-06,7.292786819199085e-07,12.0
-0.8855,1.7304035685887278,0.6315041499860193,0.9923241818035546,-0.05228286968808081,0.009646252047151508,0.005098852410259496,-0.0015504317500665023,-0.0003951863293843218,0.00018737739777446584,1.633618968487714e-05,-1.3247169543688825e-05,-1.9179455204669738e-06,7.355187971077107e-07,12.0
-0.8825000000000001,1.7302466905475478,0.6312536580966128,0.9932497197474142,-0.052255203673476865,0.009481786621884614,0.00514361726189372,-0.0015419477505068412,-0.0004005014936063111,0.00018767738570920673,1.6722407475896524e-05,-1.3386209723912125e-05,-1.9272725258803983e-06,7.419153849966072e-07,12.0
-0.8795,1.7299254299648301,0.6309914956627537,0.9942433530764215,-0.052197635257830416,0.009309432119126848,0.005184650547996386,-0.0015342754874495418,-0.0004049742009618954,0.00018791030325906094,1.7135894559132283e-05,-1.3573616908843203e-05,-1.923963475824748e-06,7.492588256637663e-07,12.0
-0.8765000000000001,1.7296103263511362,0.6307627921101447,0.9952506232821112,-0.05214224614530297,0.009134315957121365,0.005222985462887975,-0.0015271321004577331,-0.0004088069188137159,0.00018812635069865395,1.7542309187967735e-05,-1.379933702784509e-05,-1.9087186319460345e-06,7.582307912131518e-07,12.0
-0.8734999999999999,1.729372652416114,0.630569715851429,0.9962111166216051,-0.05211463745204465,0.008961383971276564,0.00525999857766861,-0.0015198659092456215,-0.0004123678636356243,0.00018832618597758365,1.792226550253172e-05,-1.4043525008161727e-05,-1.8833724363194299e-06,7.688110129313302e-07,12.0
-0.8705,1.7291883907263499,0.6303850198352569,0.9970858736540216,-0.05212379536461983,0.008795940511851851,0.005297255229132739,-0.0015119841928371608,-0.0004160252956420025,0.00018850166330509164,1.8284023833270823e-05,-1.4285978628510315e-05,-1.8502062922743009e-06,7.806243784873837e-07,12.0
-0.8674999999999999,1.729002064040957,0.6301890720064184,0.9978753144264144,-0.05216365628723108,0.008643744845326935,0.005336848004577687,-0.0015034487900835597,-0.00042001800427654253,0.000188680042451568,1.8663976165058933e-05,-1.4512834443016152e-05,-1.8114615314856536e-06,7.933473820513089e-07,12.0
-0.8645,1.7287664351926983,0.6299863270756931,0.9986125200376856,-0.052220577199311564,0.008509241201347786,0.00538108827675817,-0.0014946047880883572,-0.0004244158211008999,0.00018893143359662574,1.911337183791011e-05,-1.4718682229644551e-05,-1.7693288069669407e-06,8.06869468127485e-07,12.0
-0.8614999999999999,1.7284473277778465,0.6297966617441844,0.9993362625252531,-0.052282216347771186,0.008393153255766412,0.005431380684565662,-0.0014859622310137784,-0.00042920757321977587,0.00018932747997821425,1.9673770228732797e-05,-1.4905951797113588e-05,-1.7264691111622504e-06,8.211625706976126e-07,12.0
-0.8585,1.7280154220212303,0.629640844119925,1.000068439397194,-0.05234281449847706,0.00829164846044332,0.005487277973335511,-0.0014780285371624813,-0.00043445994553027907,0.00018988157764335153,2.0351050960448313e-05,-1.5083789129490119e-05,-1.6868299023894172e-06,8.360598517942005e-07,12.0
-0.8554999999999999,1.7274417935367046,0.6295329989739016,1.0008122148399472,-0.05240303839242844,0.008198227878272147,0.005546890782905557,-0.0014712360009151674,-0.0004403973952263682,0.00019053007101329977,2.1106860154685885e-05,-1.5266336070437652e-05,-1.6558918160601021e-06,8.51225890268926e-07,12.0
-0.8525,1.7267020905218282,0.6294777724854814,1.0015673631826125,-0.05246735088334729,0.008106567429471474,0.005608746989332117,-0.0014658981036627609,-0.0004473166013996237,0.00019118442448453151,2.1883154380469685e-05,-1.5468613007144488e-05,-1.639388884357893e-06,8.664492000907301e-07,12.0
-0.8494999999999999,1.7257902610377873,0.629464362497533,1.00234852356311,-0.052541411456103804,0.008011182533130849,0.005673649785997479,-0.0014620737797684225,-0.00045543639375692906,0.00019180854416062673,2.2649553858772653e-05,-1.5700046940027585e-05,-1.6410005037676175e-06,8.8206972720007e-07,12.0
-0.8465,1.7247397050888205,0.6294573088789016,1.0031893614961571,-0.05262716470133885,0.007905589192983183,0.005744180497548775,-0.0014592187118379991,-0.00046479235383293,0.00019241933064272196,2.343011764678256e-05,-1.5957177362213962e-05,-1.6608992409249293e-06,8.988770935932728e-07,12.0
-0.8434999999999999,1.7236403398240399,0.629396368997126,1.0041171061689969,-0.05271194658164032,0.007782030939262075,0.005820218720962163,-0.001455733730622815,-0.0004750068735861856,0.00019294442932344896,2.4262861373074572e-05,-1.621371031868921e-05,-1.6956972662166826e-06,9.166050455229892e-07,12.0
-0.8405,1.7226250537875747,0.6292189734388508,1.005108698458641,-0.05275972190405244,0.007635833510887466,0.005893559090921824,-0.0014490428152975686,-0.0004849217833721412,0.00019305998896406506,2.511404651374631e-05,-1.6413227379375928e-05,-1.7387929695152559e-06,9.318519398784993e-07,12.0
-0.8374999999999999,1.721565931789062,0.6289279805460896,1.0062012716062796,-0.05275000509938972,0.007451792305521518,0.005957895093536935,-0.001435027034008007,-0.0004937614899397854,0.00019217004556734406,2.5932044039709906e-05,-1.6482928198869737e-05,-1.7853313710975884e-06,9.386070449076133e-07,12.0
-0.8345,1.7203426865535931,0.6287452048032798,1.0072583057281543,-0.052810297121935336,0.0072916870871776885,0.006029667454992629,-0.0014258404931195062,-0.0005034367775513389,0.0001919495878872978,2.682153103978955e-05,-1.660263544107232e-05,-1.8381443470656756e-06,9.51867983091325e-07,12.0
-0.8314999999999999,1.7183297481181823,0.6289311884045412,1.0084393302740524,-0.05311112503408744,0.0071651136238779535,0.0061427660684792275,-0.001427661864964373,-0.0005178119320827828,0.00019349186173370532,2.8037363420313824e-05,-1.6909806393240248e-05,-1.907548675481589e-06,9.831587442226308e-07,12.0
-0.8285,1.7171619805101461,0.6287813425417116,1.0093896717811495,-0.05318896921750904,0.007010319951563808,0.006207368175132237,-0.0014186686420148795,-0.0005270166132424622,0.00019301180066659987,2.886961145654286e-05,-1.696816715206382e-05,-1.9658380165160617e-06,9.92797230483822e-07,12.0
-0.8254999999999999,1.7161637761195583,0.6286197775522555,1.0102207603517748,-0.053267317579190405,0.0068722126658836815,0.006266129244663016,-0.001412657986574321,-0.0005358239623560577,0.00019278000323683512,2.9663865511015526e-05,-1.7040515102829574e-05,-2.025277349708752e-06,1.003690148954475e-06,12.0
-0.8225,1.715129839679873,0.6284261465943946,1.0110391070766966,-0.053329861134770715,0.0067296526221257225,0.006319217208516384,-0.0014068113599303876,-0.0005442982641830006,0.00019255758497917864,3.0439331964008136e-05,-1.71108468982329e-05,-2.0858223823470168e-06,1.0143530110545232e-06,12.0
-0.8194999999999999,1.7139268326736015,0.6281901260000154,1.0119214411821913,-0.053364753156737776,0.0065675693232555244,0.006366749063840284,-0.0013989594197929523,-0.0005524329514471722,0.00019220794502289033,3.120249320717937e-05,-1.7171552420524352e-05,-2.146812204689407e-06,1.024052353557513e-06,12.0
-0.8165,1.7125677470067575,0.627924904981616,1.0128799723261517,-0.053373727398179686,0.006384215732392465,0.006409527833124244,-0.001388505522632559,-0.0005602217467815884,0.00019176721047817888,3.194652132447783e-05,-1.7228514170368197e-05,-2.2070108373746914e-06,1.0332184978059732e-06,12.0
-0.8134999999999999,1.711136895626141,0.6276603066728139,1.0138995143426144,-0.05336886460466329,0.006183575241728233,0.0064495594624499435,-0.0013754048244984697,-0.0005677696210714501,0.00019130357555531782,3.2659265249146425e-05,-1.7286475031549385e-05,-2.265501029357411e-06,1.0423484937431285e-06,12.0
-0.8105,1.709712640209996,0.6274224594580329,1.0149620456504291,-0.053363397606151164,0.00597026451453137,0.006489188739549761,-0.0013596676663665316,-0.0005752777283571304,0.00019086953555869134,3.332285728949986e-05,-1.7342172736244204e-05,-2.322630968031325e-06,1.0517473997486851e-06,12.0
-0.8075000000000001,1.7083346061044287,0.6272182782070772,1.0160483095926827,-0.05336572621822507,0.005748851060515296,0.006530235041057777,-0.0013414191986757223,-0.0005829596383991281,0.00019052070412337434,3.39149854749644e-05,-1.738540658815148e-05,-2.38034504458769e-06,1.0617719392778936e-06,12.0
-0.8045,1.7070075383657888,0.6270358223351885,1.0171356992425342,-0.05337872269700928,0.005524208745331641,0.0065740612190644376,-0.0013210907749398196,-0.0005909136449988232,0.00019029112271255018,3.4430548370213496e-05,-1.7407579083635188e-05,-2.4404800490703157e-06,1.0727263361411404e-06,12.0
-0.8015000000000001,1.7057204479691221,0.6268563610349844,1.0182030106704674,-0.05340106409117101,0.005301189450665115,0.006622025360041466,-0.0012995985929297469,-0.0005989992924371756,0.00019011859300049815,3.4916086339469e-05,-1.7416210374628597e-05,-2.5012964561473066e-06,1.0843450547828188e-06,12.0
-0.7985,1.7044632404102273,0.6266664757279544,1.0192388862637594,-0.0534284980449972,0.0050840835981228825,0.006675258243064077,-0.0012782022831769393,-0.000606913385114951,0.00018984166422489625,3.546806581437814e-05,-1.7439495579663895e-05,-2.556384171552085e-06,1.095595441057137e-06,12.0
-0.7955000000000001,1.703234009889237,0.6264622303037441,1.020246510137696,-0.05345549504998104,0.004876676409438823,0.006733599982425361,-0.0012578306805809888,-0.0006145256664582896,0.0001893452078230459,3.61659937217424e-05,-1.7506935811624513e-05,-2.5990516187524844e-06,1.1053328855948456e-06,12.0
-0.7925,1.7020395880534078,0.6262456075642339,1.02124017169654,-0.05347702580047982,0.004682354210253287,0.006794862982709959,-0.001238469280932493,-0.0006220857877362368,0.00018870299454063554,3.699965674851339e-05,-1.7621724065870554e-05,-2.6281164015252396e-06,1.1131581503157246e-06,12.0
-0.7895000000000001,1.700892715252911,0.6260199318360612,1.0222329878173355,-0.05348819720087542,0.0045032375221139825,0.006855440906969194,-0.0012194374962574146,-0.0006298934786775757,0.00018810237595076582,3.787588000262116e-05,-1.7755060293547524e-05,-2.648385454168072e-06,1.1194278743963952e-06,12.0
-0.7865,1.6998024525850708,0.6257929004979461,1.0232192530179267,-0.053481386393285126,0.004339263756802331,0.006911543870239601,-0.0012002571746598436,-0.0006377369198984631,0.00018762086330774538,3.8695898819986234e-05,-1.78668805804464e-05,-2.6658601109551433e-06,1.124591520888069e-06,12.0
-0.7835000000000001,1.6987543545473567,0.6255864018121041,1.0241691191465414,-0.053447707858810325,0.004188767420347207,0.006960556537382317,-0.0011810810884029012,-0.0006449388325142747,0.00018716780346696922,3.942421104707571e-05,-1.7933543558550633e-05,-2.6838454900737542e-06,1.1292192395436524e-06,12.0
-0.7805,1.697709038719373,0.6254243829542865,1.0250693053731028,-0.0533886602075576,0.004046651396789004,0.007004491568940468,-0.0011623320326421664,-0.0006513513795966679,0.00018669711256463092,4.0122260418865725e-05,-1.7968540318153393e-05,-2.7044907420384754e-06,1.1354071421668704e-06,12.0
-0.7775000000000001,1.6966292527979285,0.6252480552781984,1.0260347939624326,-0.05330167859777939,0.003881854709503155,0.007050860053865869,-0.001140865193770808,-0.0006579915054047615,0.00018595567600237158,4.0932537922834504e-05,-1.7979016181688885e-05,-2.7329643543271555e-06,1.1438082939443865e-06,12.0
-0.7745,1.695666444524203,0.6249469283739785,1.0271790961856806,-0.05317626830349457,0.003660081311826385,0.0071044406863260455,-0.0011111984151286308,-0.0006656651089126805,0.00018428477638003925,4.192572388819175e-05,-1.7909361425062002e-05,-2.772472685440283e-06,1.148589272588793e-06,12.0
-0.7715000000000001,1.6939019058660776,0.6252254237208912,1.028381057875963,-0.05344789618698347,0.003545787151176301,0.007233604716876569,-0.0011091598750045692,-0.0006812639331027283,0.00018671336632823446,4.349381514353917e-05,-1.8291857616398882e-05,-2.8336958870542517e-06,1.1946604462243738e-06,12.0
-0.7685,1.6931471531668012,0.6250617211647989,1.0292425804605685,-0.053367773779083603,0.003424436928088811,0.007284361308319424,-0.0010955407721783836,-0.0006870444495073644,0.00018639397808456544,4.429551530667944e-05,-1.8322253580031734e-05,-2.8633059953951455e-06,1.2081130814743357e-06,12.0
-0.7655000000000001,1.692248762338316,0.6248697688640145,1.0301787479307523,-0.053237009797018724,0.0032977410777231667,0.007328952958376964,-0.0010823563609016775,-0.00069208558474963,0.0001861234975099426,4.502704250613609e-05,-1.8386511443142828e-05,-2.894068481541555e-06,1.225281246178251e-06,12.0
-0.7625,1.6912913755071046,0.6247036305776447,1.031189028037703,-0.05308324416379925,0.0031593737662370613,0.007369749806845393,-0.0010683720462925047,-0.0006964980372444195,0.00018574782509467227,4.566192713384632e-05,-1.8476445556022728e-05,-2.923326526148273e-06,1.2458590263798992e-06,12.0
-0.7595000000000001,1.690406138806535,0.6245920151405423,1.0321914644461159,-0.05294124625449937,0.0030171455238827668,0.00741065000605456,-0.0010538304238186763,-0.000700634050812113,0.0001852067389661339,4.6208912515382384e-05,-1.8578102826935806e-05,-2.9477118651425407e-06,1.2693531381245104e-06,12.0
-0.7565,1.6895989435086651,0.6245175718721748,1.033132003218464,-0.05281989652862804,0.002880006142077469,0.0074546799743492155,-0.0010391683674641945,-0.000704915739376269,0.00018448383136579025,4.6722940243470394e-05,-1.8669385346351298e-05,-2.9655160237195825e-06,1.2946889461593872e-06,12.0
-0.7535000000000001,1.688813856148234,0.6244582862034274,1.0340129122111075,-0.052707127413037805,0.0027541805561219785,0.00750307631780961,-0.0010249892577984838,-0.0007096173896865477,0.00018368048977123803,4.7281341495588606e-05,-1.873448994963049e-05,-2.9773718421348e-06,1.3208885968219013e-06,12.0
-0.7505,1.6880050768886696,0.6244085407487442,1.0348664230559577,-0.052590351775216086,0.0026404944497888825,0.007555132851872758,-0.0010119374057549195,-0.0007148092724546599,0.00018296065074982926,4.793812436410844e-05,-1.8773699065980733e-05,-2.986624975376415e-06,1.3470955352850918e-06,12.0
-0.7475,1.687150046641869,0.624368288240124,1.0357185110583589,-0.05246832926896883,0.002534376353881077,0.007608686789009916,-0.0010005277858411495,-0.0007204967744957409,0.00018241332804841477,4.8686197154868475e-05,-1.880533231610494e-05,-2.9994265774752378e-06,1.3722635179636726e-06,12.0
-0.7444999999999999,1.6862418790057006,0.6243324721345165,1.0365772128085753,-0.0523481750661167,0.0024296607399818975,0.007661557505594286,-0.000990982310115093,-0.0007267458243708214,0.00018200492374271184,4.946716832657964e-05,-1.885702238246507e-05,-3.0228542507513374e-06,1.3953257150048692e-06,12.0
-0.7414999999999998,1.6852852419321362,0.6242925783137389,1.0374412865682778,-0.05223678501727003,0.002322560828204383,0.007712880281778974,-0.000983055714174116,-0.0007336192454071267,0.00018167430833175978,5.022840512124852e-05,-1.8947164842337588e-05,-3.060785625603824e-06,1.4158983535943646e-06,12.0
-0.7385000000000002,1.684293747756073,0.6242420568280781,1.0383078504939771,-0.05213684318736629,0.002212350459912968,0.007762939334532568,-0.0009761115855257681,-0.0007410642292131998,0.0001814296498333797,5.0965168081200695e-05,-1.9072015848378365e-05,-3.111334526989977e-06,1.4346383387319237e-06,12.0
-0.7355,1.683285304056047,0.6241790273706135,1.0391717317713849,-0.0520479512232268,0.0020996679073993414,0.0078118033685795,-0.0009695164426734856,-0.000748938937637172,0.00018131817305157679,5.169892059983729e-05,-1.9212397482404885e-05,-3.1692725189898913e-06,1.4526046767711647e-06,12.0
-0.7324999999999999,1.682277981662329,0.6241056448021157,1.0400228541067291,-0.051968121823740325,0.0019852102934409515,0.00785832841242133,-0.0009629273305838637,-0.0007570836028815471,0.00018133711387872047,5.242936657065869e-05,-1.9349279810617324e-05,-3.2304209594587284e-06,1.4702646924392452e-06,12.0
-0.7294999999999998,1.6812898248523058,0.6240246736701255,1.0408474362497016,-0.051893578721933876,0.0018694037985798326,0.007900339799695334,-0.0009561710099444907,-0.0007652931774571331,0.000181411308129272,5.312469905356085e-05,-1.94691848519504e-05,-3.2928477250299107e-06,1.487191397336982e-06,12.0
-0.7265000000000001,1.68034051566014,0.6239352101716483,1.041633178876009,-0.05181877219029119,0.0017520069889977819,0.00793560554908322,-0.0009489950126620065,-0.0007732951576984159,0.00018143087134389933,5.374966439558574e-05,-1.9561575754128436e-05,-3.3553386310462657e-06,1.502504929209872e-06,12.0
-0.7235,1.6794430842013572,0.6238346899659236,1.0423757710330812,-0.05174048271795183,0.0016320183433791522,0.007963315751996047,-0.0009411820180838128,-0.0007808928973014707,0.00018130387594979876,5.429443888463693e-05,-1.9622687808470853e-05,-3.4166784443798676e-06,1.5156519249325837e-06,12.0
-0.7204999999999999,1.6785748827295266,0.6237341995809335,1.0430837521957772,-0.0516681409240701,0.001509491827559279,0.007986121570371912,-0.0009331856508135658,-0.0007882352362411756,0.00018104891582651362,5.4792266013581876e-05,-1.966817015332232e-05,-3.47630838967933e-06,1.5275063210224431e-06,12.0
-0.7174999999999998,1.6776436582041299,0.6236701429016329,1.0437866918581824,-0.051628841743993424,0.0013853309447621977,0.008010882466497145,-0.0009261283668582881,-0.0007959293620899159,0.00018080475722898225,5.5319239944369844e-05,-1.973244844547229e-05,-3.5349299610022425e-06,1.5404420632784715e-06,12.0
-0.7145000000000001,1.676601427206727,0.6236710893214056,1.0444915757329505,-0.051642883148318434,0.0012638391753626319,0.00804255201580905,-0.0009214222768934305,-0.0008043382198544932,0.00018073397835362628,5.592808738655079e-05,-1.9848498421586485e-05,-3.5923550488481876e-06,1.5566969232190855e-06,12.0
-0.7115,1.6755240499477548,0.6236928942236708,1.0451914640739612,-0.05168077845270785,0.0011382416386213278,0.00807617977943008,-0.0009170611065565775,-0.0008127533503060219,0.00018048335109362498,5.658074669096756e-05,-1.9982837320446448e-05,-3.6460607434762524e-06,1.572843930746752e-06,12.0
-0.7084999999999999,1.6746007451417382,0.6236283283529941,1.045865886216603,-0.05167044582743568,0.000992749007725129,0.008098199304339733,-0.0009081468602217681,-0.0008195798117097388,0.00017928169505258853,5.715857189138395e-05,-2.004549298028266e-05,-3.6917686795788775e-06,1.5807356062783786e-06,12.0
-0.7054999999999998,1.6736806189075628,0.6235694516167969,1.0465348960909306,-0.05167054961495642,0.0008423336617362623,0.008120337924966166,-0.0008984290881435156,-0.0008261694712821047,0.00017781599121998535,5.774566692805925e-05,-2.0109947619004123e-05,-3.7335439112870727e-06,1.5872750345250142e-06,12.0
-0.7025000000000001,1.6728044194113905,0.6235205327542346,1.0471780314491368,-0.051681313271759184,0.000694204674050297,0.008142262485354783,-0.0008887276921142347,-0.0008325101546259261,0.0001762635157247447,5.83263385388978e-05,-2.0187969834526342e-05,-3.7711150963008995e-06,1.5935490491482263e-06,12.0
-0.6995,1.6719865883506282,0.6234850235625441,1.047791343083752,-0.05170215804644,0.0005523043967330844,0.008164038911628722,-0.000879408354361092,-0.0008386211491452462,0.0001747223030271203,5.890056931939829e-05,-2.028711466997236e-05,-3.8041470611992493e-06,1.6000071763867494e-06,12.0
-0.6964999999999999,1.6712030720198412,0.6234644906643365,1.0483934648368514,-0.05173120044728635,0.00041560813429159193,0.008186346090885735,-0.0008701900587463151,-0.000844546834758908,0.00017317048564141299,5.94874124932778e-05,-2.0407400629009567e-05,-3.832557321434222e-06,1.606263610280072e-06,12.0
-0.6934999999999998,1.6704134444177188,0.6234585553564761,1.0490103529693513,-0.05176523389415996,0.0002811482226905797,0.0082100834338244,-0.0008606888569749329,-0.0008503017441947783,0.00017153927499151866,6.011401889382461e-05,-2.05460780797289e-05,-3.8565257757135146e-06,1.6117356916108881e-06,12.0
-0.6905000000000001,1.6695840937140793,0.6234653893036568,1.0496602173642737,-0.05179982229639752,0.0001469565189151846,0.008235848215362775,-0.0008508477159760458,-0.0008558433098962694,0.00016979027885968622,6.080200564359904e-05,-2.070168449059955e-05,-3.876447614265982e-06,1.6162128059923995e-06,12.0
-0.6875,1.668695886585704,0.6234830683492084,1.0503486247645435,-0.051829713601066654,1.2781911334990716e-05,0.008263652759972874,-0.0008409142154168278,-0.0008611020795712237,0.00016794188400005996,6.15601862135917e-05,-2.0874078442230203e-05,-3.892926301169467e-06,1.6199554013664458e-06,12.0
-0.6844999999999999,1.6677408955789153,0.6235116491910244,1.051070605626845,-0.05184970309032447,-0.00012062898074590179,0.008292915057072263,-0.0008311628962194434,-0.0008660360927685645,0.00016605348854341237,6.238487823279191e-05,-2.106234649181097e-05,-3.9067298552334234e-06,1.623463116081606e-06,12.0
-0.6815000000000002,1.6667173723899527,0.6235549246821636,1.0518145256698346,-0.05185582924401666,-0.0002523328257102439,0.008322619258437428,-0.0008216622879887262,-0.0008706646773659849,0.00016419686365934171,6.326426297869964e-05,-2.1263181280385525e-05,-3.9186605705977894e-06,1.6271902916503226e-06,12.0
-0.6785000000000001,1.665627335559112,0.623620294186005,1.052566341344385,-0.0518466700899067,-0.0003815302271547121,0.008351599441231978,-0.0008122303541710037,-0.0008750684698691227,0.00016243661385786313,6.418306879905237e-05,-2.147088473498138e-05,-3.929396919736661e-06,1.6313868991865624e-06,12.0
-0.6755,1.6644770171780119,0.6237155798081406,1.0533153931242216,-0.05182437561340935,-0.0005077586088964685,0.008378985645051554,-0.000802537635538788,-0.0008793834865196929,0.0001608277955075804,6.512695216688966e-05,-2.1678998548179417e-05,-3.939484417156618e-06,1.6361346700483062e-06,12.0
-0.6724999999999999,1.663279139348347,0.6238432276448685,1.0540615017608161,-0.05179476658882073,-0.000631485265798119,0.008404782893593733,-0.0007922146439410417,-0.0008838279925392375,0.00015942570226336726,6.608873855809713e-05,-2.1883008479047658e-05,-3.949679680204379e-06,1.6415821481356762e-06,12.0
-0.6695000000000002,1.6620553318625675,0.6239949419782341,1.0548190395981687,-0.05176559206091654,-0.000754988733737191,0.008430210236261901,-0.0007808482899407168,-0.000888741970333452,0.0001582916820786712,6.707519393159644e-05,-2.20824245066552e-05,-3.961522361237814e-06,1.648224957067624e-06,12.0
-0.6665000000000001,1.6608375571735927,0.6241509497563668,1.0556105337138126,-0.051741964056944714,-0.0008823334588261216,0.008456929280799476,-0.0007678718987722114,-0.0008945019208153091,0.0001574690857956314,6.810202597251207e-05,-2.2278054727604802e-05,-3.97729635372487e-06,1.6567420571635332e-06,12.0
-0.6635,1.659672217442354,0.6242836097139074,1.0564464855442253,-0.051718218559039714,-0.0010175096208962335,0.0084843928163954,-0.0007523936571730746,-0.0009011550517097856,0.00015690404920298633,6.916183248906316e-05,-2.245965948639551e-05,-3.998388918627308e-06,1.6667911779416803e-06,12.0
-0.6604999999999999,1.6586200612126936,0.6243645179767685,1.0573055088587668,-0.05167287438673249,-0.0011615620941825028,0.008507341141686066,-0.0007332196310979892,-0.0009080281177343513,0.00015637941426718273,7.018628828881064e-05,-2.2593484951126316e-05,-4.0230884790091775e-06,1.6756620468355928e-06,12.0
-0.6575000000000002,1.6576482386316775,0.6244117451709161,1.058164467234784,-0.05160258052864819,-0.0013093336473208644,0.008523118654051582,-0.0007104021819368145,-0.0009145956743458493,0.00015580594134520121,7.111185994076666e-05,-2.265784396242796e-05,-4.049226467224306e-06,1.6815921094493842e-06,12.0
-0.6545000000000001,1.6563713596698348,0.6245999688531354,1.0590900777444576,-0.05161098025533126,-0.0014441307479689048,0.008552836451186352,-0.0006891319422736072,-0.0009231539739261136,0.00015604871659025574,7.209652895183166e-05,-2.2751309547993415e-05,-4.084010258335159e-06,1.6941733836560244e-06,12.0
-0.6515,1.6546124222395686,0.6250530619357085,1.0600839655197798,-0.05178316223489242,-0.0015424373535271466,0.008614387472817975,-0.0006760158426689782,-0.000935719210726839,0.00015815191978577495,7.328070565723958e-05,-2.29951182580951e-05,-4.133603540078089e-06,1.7248291364325884e-06,12.0
-0.6484999999999999,1.6534937818302138,0.6252467139216298,1.0608991359688689,-0.05178343871594005,-0.001653479660377887,0.008638447106397123,-0.0006538751878882249,-0.0009441903154117759,0.00015898014298195787,7.404108519343325e-05,-2.3010590233145774e-05,-4.173729410983293e-06,1.7384311907259951e-06,12.0
-0.6455000000000002,1.652560624956895,0.6254276164153495,1.0616045801236202,-0.051781143563245535,-0.0017438454292731903,0.008661066135637748,-0.0006337793426275267,-0.0009527126209972956,0.00016035150776103806,7.468922748682644e-05,-2.302035311049185e-05,-4.216539217081599e-06,1.7554394098988098e-06,12.0
-0.6425000000000001,1.6517070178882607,0.6255807902488182,1.0622585314890236,-0.05176795972100498,-0.0018279896125498888,0.008683022975921644,-0.0006137316351102857,-0.0009613827882183351,0.0001619367076514066,7.52456003799755e-05,-2.300136949214175e-05,-4.2635251617381105e-06,1.773694726030271e-06,12.0
-0.6395,1.650829901448371,0.6256892193804301,1.0629142309223114,-0.051732586739977146,-0.0019184469752268343,0.008704317510951411,-0.0005922373662404745,-0.0009701940064191222,0.00016346551789334795,7.573128306482253e-05,-2.294175859448735e-05,-4.315537361191376e-06,1.7917185515432376e-06,12.0
-0.6364999999999998,1.649901855438228,0.6257447080212261,1.0635845146327993,-0.05166699593632721,-0.0020187252699446967,0.0087242771751185,-0.0005693828179795434,-0.0009789763906653658,0.00016484585872675382,7.615577151420566e-05,-2.2849430171977616e-05,-4.3715736296941695e-06,1.8093371062432091e-06,12.0
-0.6335000000000002,1.6489540693620135,0.6257545197408869,1.0642597535514333,-0.051570849120602065,-0.002127563575999389,0.008742726406955744,-0.000545946489696169,-0.0009875406897048632,0.00016605384642639118,7.652635925584672e-05,-2.2738737604068357e-05,-4.429582123731352e-06,1.8266759283261258e-06,12.0
-0.6305000000000001,1.6480352017922268,0.6257365303187258,1.0649299275885344,-0.05145007147736926,-0.002243549312031917,0.008760289097401758,-0.000522573387983588,-0.0009957506768074678,0.00016704393320089023,7.685320468880675e-05,-2.262021250621201e-05,-4.487396187164521e-06,1.8435022624170646e-06,12.0
-0.6275,1.6471827871356963,0.6257073340099871,1.0655909806962458,-0.05131227455192441,-0.0023661957692762063,0.00877787371912533,-0.0004996376234330012,-0.0010035052318552275,0.00016774609823784007,7.714677787644549e-05,-2.2499467434787626e-05,-4.543204649679111e-06,1.8593226416260363e-06,12.0
-0.6244999999999998,1.6464128287010475,0.6256726583471189,1.066241702864114,-0.05116342012294797,-0.002495327060870246,0.008796233096754367,-0.00047737991075754425,-0.0010107285537877923,0.00016809217776236454,7.74159848455409e-05,-2.2379217662272138e-05,-4.5958318414529135e-06,1.873685770734484e-06,12.0
-0.6215000000000002,1.645722851893554,0.6256255325449267,1.0668806441279028,-0.051007163909761115,-0.002630739540988866,0.008815934793585353,-0.0004559720693798168,-0.0010174024814499048,0.0001680301687682108,7.767038130673676e-05,-2.2260597045602594e-05,-4.644996690866696e-06,1.886369047554734e-06,12.0
-0.6185,1.6451008321930072,0.6255514290396408,1.0675064163555246,-0.050845529276301614,-0.0027723871217668495,0.008837447747634371,-0.00043549889241803534,-0.001023597676491242,0.00016752674868759403,7.792301043162023e-05,-2.2143784797169733e-05,-4.691414104175145e-06,1.8974445100242348e-06,12.0
-0.6154999999999999,1.644532882972922,0.6254363541551942,1.0681192396663226,-0.05067936901478886,-0.0029203673144724833,0.008860994696668205,-0.00041597179949465885,-0.001029451489454346,0.00016656716500078496,7.818885755383998e-05,-2.202815979640294e-05,-4.7365162375911865e-06,1.9072159114625468e-06,12.0
-0.6124999999999998,1.644006702712922,0.6252736027443775,1.0687204205417864,-0.0505081720702491,-0.0030742764698217955,0.008886114837768591,-0.0003974038908974232,-0.0010350798262850453,0.00016515207198656252,7.847716644972611e-05,-2.1911334874681147e-05,-4.781745617663992e-06,1.9159656642073565e-06,12.0
-0.6095000000000002,1.6435131790640483,0.6250655962374999,1.0693093889402032,-0.050329338386358696,-0.0032324867778516474,0.008911166183949795,-0.00037984284586859465,-0.0010404622071687635,0.00016328560581620733,7.878155840382409e-05,-2.1786963407511422e-05,-4.827721101828692e-06,1.9235599108126414e-06,12.0
-0.6065,1.6430492156780039,0.6248196809397208,1.0698816485991625,-0.05013754547124133,-0.0033923384187877765,0.00893321634583525,-0.0003632627734535332,-0.0010453843086003923,0.00016096007891465905,7.907694742935395e-05,-2.164329304862839e-05,-4.8738643826186125e-06,1.929188180099243e-06,12.0
-0.6034999999999999,1.642612669044341,0.6245451813675401,1.0704322623018037,-0.04992810304766918,-0.003550918309677948,0.008949272083355915,-0.000347542362825992,-0.001049575113627711,0.0001581852660821163,7.93351197688837e-05,-2.1468766956439162e-05,-4.91908178059223e-06,1.931881481481594e-06,12.0
-0.6004999999999998,1.6421636622257627,0.6242690247420475,1.0709673251427345,-0.04971245090443457,-0.0037039059920336618,0.008960260918177016,-0.0003331825763979038,-0.0010531963614729032,0.00015515458656784525,7.95686845010817e-05,-2.1274550731903414e-05,-4.96375043565527e-06,1.9327032119510923e-06,12.0
-0.5975000000000001,1.6415688465714584,0.6240622846096442,1.071516815736699,-0.049537278921682484,-0.003843021617919687,0.008975493293120798,-0.0003223507655505903,-0.0010573852778665471,0.00015244375198977814,7.987645999836795e-05,-2.1119819468228022e-05,-5.011687014887795e-06,1.937222811594037e-06,12.0
-0.5945,1.6406829526430962,0.6239889787174177,1.0721249471621186,-0.049448009176535565,-0.003964365791885473,0.009005027745849667,-0.00031636123011079904,-0.0010633563600653995,0.0001505577854933435,8.037476008048846e-05,-2.1058103425744535e-05,-5.067436985795784e-06,1.9506126044338223e-06,12.0
-0.5914999999999999,1.6396557344869662,0.6239539027882268,1.072782001940378,-0.04938405631663582,-0.004083939278489064,0.00903668422759379,-0.0003099965446330911,-0.0010696467566102554,0.00014884440571656402,8.097651723269521e-05,-2.100456911784004e-05,-5.126934802456207e-06,1.965113739218753e-06,12.0
-0.5884999999999998,1.6387940609014393,0.623804085960029,1.0734231563444516,-0.04924409465127347,-0.004217873031477098,0.009048729339317956,-0.00029696716264069483,-0.0010735939784448022,0.00014633403372572786,8.148785931108484e-05,-2.083495235329663e-05,-5.181155680999011e-06,1.9689575195932905e-06,12.0
-0.5855000000000001,1.6379199921054597,0.6236688033514081,1.074049155116119,-0.04911204670785563,-0.004342082680679496,0.00905814000241826,-0.0002835782111466838,-0.0010771285523559005,0.00014414564224402173,8.204784168074868e-05,-2.067959302608212e-05,-5.234995479915195e-06,1.9738238254156145e-06,12.0
-0.5825,1.637070773537671,0.6235476160000738,1.0746359887721213,-0.04898539598733435,-0.004453035480861733,0.009064088328966291,-0.0002702671956686368,-0.0010801486824374548,0.00014232429563588658,8.262969304930101e-05,-2.0548521437454816e-05,-5.287998083738246e-06,1.97997738534712e-06,12.0
-0.5794999999999999,1.6362286348399162,0.6234400824070114,1.0751948128545592,-0.04886163502047408,-0.004555107867258446,0.009066687273519572,-0.00025623783217288673,-0.0010827566618924272,0.00014071385629536298,8.321974865930044e-05,-2.0436463762254265e-05,-5.341766388433834e-06,1.9862837229745194e-06,12.0
-0.5764999999999998,1.6353459107859778,0.6233439465143635,1.0757545593314604,-0.04873739019660517,-0.004656515909013202,0.009066404021721586,-0.0002401615478508585,-0.001085119687249488,0.00013907706604548227,8.381344967974787e-05,-2.0330172809327026e-05,-5.398598084785323e-06,1.9910867399649507e-06,12.0
-0.5735000000000001,1.6343802821406601,0.62325410282414,1.0763385338498759,-0.048608016986756125,-0.004763927426018572,0.009063455022785617,-0.00022111631005188295,-0.001087322552337079,0.00013724480884257635,8.440952513671894e-05,-2.0218473926785225e-05,-5.4597706977218615e-06,1.993345130685498e-06,12.0
-0.5705,1.6333088465973977,0.6231632078025772,1.0769566717239332,-0.048468171737370606,-0.004880736105303428,0.00905774945658053,-0.0001988347385807791,-0.0010893362801888448,0.0001351611563430599,8.500988863095975e-05,-2.0094507803941892e-05,-5.524886630370911e-06,1.992926241231951e-06,12.0
-0.5674999999999999,1.6321248736816891,0.623063745499486,1.0776107184742358,-0.04831319283468832,-0.005008401120106048,0.009049244194290438,-0.00017339430297103625,-0.001091088066204411,0.00013283542712824346,8.562139427390275e-05,-1.9952507171181962e-05,-5.592419666333239e-06,1.9901425237960424e-06,12.0
-0.5644999999999998,1.63083145068674,0.6229501973449854,1.0783014078548678,-0.0481403670611474,-0.005148257965809616,0.009038269841431468,-0.00014485692483229642,-0.0010925444086714268,0.00013027346629351962,8.625507532687608e-05,-1.978541098683456e-05,-5.660663240634991e-06,1.9851419776747206e-06,12.0
-0.5615000000000001,1.6294373667420743,0.6228200538823466,1.079032245679508,-0.04794928393350973,-0.0053023793907753455,0.00902558337207878,-0.00011312809459373384,-0.0010937393500538885,0.00012743509954614218,8.692568359867765e-05,-1.9586477311715145e-05,-5.728074949804003e-06,1.977555563744822e-06,12.0
-0.5585,1.6279532901422356,0.6226736050520832,1.079810249939309,-0.04774138525114713,-0.005473430816869984,0.009012193584392278,-7.80038370497526e-05,-0.0010947513867144176,0.00012422878919242988,8.765546834667476e-05,-1.9353966178332086e-05,-5.792599421436627e-06,1.966451767741969e-06,12.0
-0.5554999999999999,1.626386396128774,0.6225134610826613,1.0806453155316564,-0.04751949860821301,-0.0056639542529982895,0.008999124286969534,-3.923989063628617e-05,-0.0010957041816667555,0.00012054792890888988,8.847586108811609e-05,-1.9094431205956667e-05,-5.850851018186448e-06,1.950546048571851e-06,12.0
-0.5525000000000002,1.624734903651152,0.6223443975663786,1.0815489715751256,-0.047287712186600404,-0.005875681919736027,0.008987307914577464,3.444199918494663e-06,-0.0010968405743814562,0.0001163439967632789,8.941513909003712e-05,-1.881961299635523e-05,-5.898649037393091e-06,1.928621890109487e-06,12.0
-0.5495000000000001,1.622986700093415,0.6221724133966016,1.0825328750602239,-0.0470508974393015,-0.006109581602676083,0.00897778633867355,5.030380930222035e-05,-0.0010985673541408203,0.00011168380656793199,9.0475694743871e-05,-1.8537325769735954e-05,-5.9329396601323445e-06,1.8999286561504241e-06,12.0
-0.5465,1.6211259284662818,0.6220009810029917,1.0836077477273771,-0.0468131796145829,-0.006366622248594769,0.00897197125381503,0.00010134625531756675,-0.0011012969183534936,0.00010671116720420795,9.162205605949827e-05,-1.8242525748465165e-05,-5.95331579481066e-06,1.864146373709805e-06,12.0
-0.5434999999999999,1.6191453275515981,0.6218258621640705,1.0847816760943936,-0.04657569347274764,-0.00664787442163386,0.008971006284405853,0.0001562224015333907,-0.0011051119424810517,0.00010150769298843812,9.279114128534489e-05,-1.79135772005935e-05,-5.961812339540162e-06,1.8208337758480536e-06,12.0
-0.5405000000000002,1.6170535556548384,0.6216352497245545,1.0860539319547113,-0.04633425281219714,-0.006953044514445108,0.008973858139293946,0.00021459624889490756,-0.0011095469470482915,9.596451882070908e-05,9.391414648242316e-05,-1.7515038027256e-05,-5.961538366339827e-06,1.7689218025458454e-06,12.0
-0.5375000000000001,1.614606263982643,0.6214168161591209,1.087578435768785,-0.04607894333362744,-0.00731528535836857,0.008980396259128732,0.0002835509797079767,-0.0011145768925995018,8.894803648932173e-05,9.503661949886417e-05,-1.692744357989798e-05,-5.963889208362829e-06,1.7004896428535892e-06,12.0
-0.5345,1.6125675240835826,0.6212041654377302,1.0888185557250765,-0.045828373865908434,-0.007613453352057705,0.008980613676221756,0.00033977675698976543,-0.0011181153591104662,8.332576358733094e-05,9.59233253773718e-05,-1.6442037326677678e-05,-5.950538734356115e-06,1.6415055196816598e-06,12.0
-0.5314999999999999,1.6102515407395408,0.6209210372513256,1.0903138465833444,-0.04553366597236749,-0.00798175438823615,0.008976743841821918,0.0004116256668197892,-0.0011216319983621819,7.52905253159562e-05,9.683831558787152e-05,-1.5684976004374526e-05,-5.949156357330883e-06,1.561551382686347e-06,12.0
-0.5285000000000002,1.6076236833113666,0.6206477440368598,1.0920087630354633,-0.04524799144697076,-0.008391399588344952,0.008979005190531693,0.0004920866640026713,-0.0011264377408636683,6.592900264277097e-05,9.788311167939946e-05,-1.4788990870450706e-05,-5.964380063343167e-06,1.4731273068752064e-06,12.0
-0.5255000000000001,1.6048801996102005,0.6203766371984072,1.0937768298711392,-0.04496521953673648,-0.008815352870458338,0.008983593203870885,0.000575899552451487,-0.0011319776966746357,5.5892963371041326e-05,9.899221407287307e-05,-1.3822417128841223e-05,-5.991421377991701e-06,1.3819880572870798e-06,12.0
-0.5225,1.602030029986698,0.6201124001686871,1.0956138873121561,-0.04468346808282802,-0.009251440760631915,0.008989686010338746,0.0006626686771460572,-0.0011381853196369622,4.519815032259969e-05,0.00010015518985065121,-1.2789010075551397e-05,-6.029866383878942e-06,1.2883906441690942e-06,12.0
-0.5194999999999999,1.5990481951527413,0.6198600459383536,1.097541318453348,-0.04440031042066448,-0.00970337461890242,0.008996591101075145,0.0007530142658735671,-0.001145034746176806,3.375166734653409e-05,0.00010136744211863757,-1.1682456721576372e-05,-6.079394278762273e-06,1.1919812979646325e-06,12.0
-0.5165000000000002,1.5959197493570239,0.6196229251501237,1.0995733261409317,-0.04411427998314623,-0.010174400391609818,0.009003490428293449,0.0008474528668037662,-0.0011524269463658577,2.1499983004303965e-05,0.00010261751138646106,-1.0498501482646457e-05,-6.138409554478938e-06,1.0928970447486713e-06,12.0
-0.5135000000000001,1.592642363755143,0.6194016562848033,1.1017148270571675,-0.04382490104171945,-0.01066650930351935,0.009009888375687763,0.0009464238572571767,-0.0011602242357893124,8.427617950055395e-06,0.00010389281457521967,-9.23317920821543e-06,-6.204625543354581e-06,9.915971096706573e-07,12.0
-0.5105,1.5892250544988114,0.61919408155718,1.1039640690657866,-0.04353151599935236,-0.011180166198025702,0.00901569235974485,0.0010502441518058293,-0.0011682949504780741,-5.451995754771344e-06,0.00010518065697922946,-7.88377908095205e-06,-6.276078410633649e-06,8.887672948468353e-07,12.0
-0.5074999999999998,1.585684217633012,0.6189960470115659,1.1063161013877274,-0.04323292741998916,-0.011714844672206971,0.009020923031436331,0.0011590794362165752,-0.0011765844987898617,-2.0106020906247572e-05,0.00010645837720847854,-6.447518353400309e-06,-6.3527501623831035e-06,7.853203766181886e-07,12.0
-0.5045000000000002,1.5820385702992166,0.6188023776192841,1.1087649601110883,-0.04292779597008062,-0.012269651586956561,0.009025292177760895,0.0012731151611785623,-0.0011852138474791074,-3.543518385548243e-05,0.00010766513406153006,-4.908815502501681e-06,-6.43987634731741e-06,6.828720853619007e-07,12.0
-0.5015000000000001,1.578305986012813,0.6186077794566741,1.1113039006935697,-0.0426145509410508,-0.012843519045338331,0.009028105824239822,0.0013927318901772576,-0.0011944752772336269,-5.121154948308999e-05,0.00010868193395088744,-3.2246926428900004e-06,-6.550545337113389e-06,5.843760739732035e-07,12.0
-0.49849999999999994,1.5745034553457926,0.6184072565810667,1.1139240227555287,-0.0422901184817606,-0.01343581605661726,0.00902899495506892,0.0015180309318785798,-0.001204443185899497,-6.722646517829863e-05,0.00010940078906748793,-1.3466570982087066e-06,-6.698793238631647e-06,4.930082981232843e-07,12.0
-0.49549999999999983,1.5706498013520678,0.6181952160285763,1.1166130176711722,-0.04194845831116498,-0.0140474059508401,0.009028924381560582,0.0016478755149564647,-0.0012143497270483364,-8.364047814016908e-05,0.00010987305549146376,7.186268464826002e-07,-6.882689871210301e-06,4.089223516839511e-07,12.0
-0.49250000000000016,1.566769975581343,0.6179625958242917,1.1193578779909412,-0.041582135948175405,-0.014679473649582551,0.009029390871803862,0.0017800951644807853,-0.0012226320505167021,-0.00010103639506439942,0.00011033725427734625,2.887965377698142e-06,-7.076905250511665e-06,3.275187109718466e-07,12.0
-0.48950000000000005,1.562897318233433,0.6176942345161505,1.122152145091764,-0.041188867747380606,-0.0153283520832885,0.009029052950543548,0.001913482645728556,-0.0012280106695743915,-0.00011992757736246138,0.00011101794195866032,5.066729820483798e-06,-7.247981727610029e-06,2.418483597629361e-07,12.0
-0.48649999999999993,1.5590646656806768,0.6173764482412409,1.124992249050279,-0.04077562065686358,-0.015981000748121185,0.009021199716678719,0.0020491632394473917,-0.0012303697367731078,-0.000140276385144239,0.00011191513421938624,7.2228988719881916e-06,-7.374398417062304e-06,1.4637585396418844e-07,12.0
-0.4834999999999998,1.5552798125056961,0.6170230066140421,1.1278414082422201,-0.04034609571927692,-0.01661955531621802,0.008996091957252192,0.0021890237213880405,-0.001230307725867082,-0.00016155008485461446,0.00011281950507820287,9.3818981106858e-06,-7.4493983596263985e-06,3.8814568024107387e-08,12.0
-0.48050000000000015,1.551529958512766,0.6166769216182351,1.130605122726177,-0.0398763657090941,-0.017237234787552617,0.00894686417909715,0.002333528364490662,-0.0012282017638372514,-0.00018314991511179295,0.00011349082429117884,1.1573669778302096e-05,-7.472699184268837e-06,-8.004222164171404e-08,12.0
-0.47750000000000004,1.5474979948860323,0.6162916737129469,1.1335144237375585,-0.039302791400705,-0.017917731486712194,0.008876763549207753,0.002497333026244691,-0.0012251464028288559,-0.00020685644481493502,0.00011396712484975242,1.4027514709875535e-05,-7.4638195750538645e-06,-2.2700359583389404e-07,12.0
-0.4744999999999999,1.5443624513060967,0.6157901869589105,1.1359667074262145,-0.03865728974916525,-0.018542168992517274,0.008794047134627829,0.0026471461862359524,-0.0012204440428272608,-0.00022806160823133744,0.00011403635354079448,1.6245968087280497e-05,-7.403518540827945e-06,-3.537818787512652e-07,12.0
-0.4714999999999998,1.5406232272187927,0.6154263103264372,1.1389312291813258,-0.03818014625576261,-0.01925929737156861,0.00877076447176908,0.0028157677785659516,-0.0012243682792484603,-0.0002518839315518438,0.00011482393245753337,1.879599737674727e-05,-7.380542024585066e-06,-5.118510608827245e-07,12.0
-0.46850000000000014,1.5368317675309788,0.6151600093145307,1.1417794678173807,-0.03777443301686898,-0.019932173490605203,0.008765094141672416,0.0029799568409238173,-0.0012307629827662675,-0.00027653497735058994,0.00011576694335199967,2.1596758663735998e-05,-7.35601516784933e-06,-6.993397752402527e-07,12.0
-0.4655,1.5332621673876794,0.6148134585479405,1.1443819325351756,-0.037310864596100085,-0.02052613067749073,0.008753131462841445,0.0031268442171465878,-0.0012394403186140098,-0.0002999637412080976,0.00011711711720124084,2.443266681145355e-05,-7.3481737728096885e-06,-8.970687676635692e-07,12.0
-0.4624999999999999,1.5297675526090724,0.6144003525439979,1.1469377337685442,-0.03674289294153037,-0.02107851950508632,0.008712879365531072,0.0032559421877436027,-0.0012485289755238616,-0.00032137393218088924,0.00011907193729826203,2.7281251686973e-05,-7.383513846781914e-06,-1.1088793096966783e-06,12.0
-0.4594999999999998,1.5263330844120275,0.6139892416141185,1.149547275036756,-0.036118249661801737,-0.021647896911497717,0.008634396911797756,0.00337520998495659,-0.0012538709002528257,-0.0003399817452667737,0.00012163450928868668,3.008625148157369e-05,-7.483839209872282e-06,-1.3375702157107127e-06,12.0
-0.45650000000000013,1.5230180198867755,0.6136021521251894,1.1521266906633967,-0.035513424305837926,-0.02225337937135603,0.008531504952249564,0.0034975738425363414,-0.0012504947006586166,-0.0003553086885716463,0.00012444658200428204,3.2712783589561145e-05,-7.659025157292296e-06,-1.5809168078988215e-06,12.0
-0.4535,1.5198702091902254,0.6132189878916979,1.1545676194490053,-0.03494434625339386,-0.02285833024555647,0.008433299061123665,0.0036329167071477565,-0.0012369967307725202,-0.0003682593484449344,0.00012679509432888026,3.496957140623669e-05,-7.919084772337846e-06,-1.8351945117970552e-06,12.0
-0.4504999999999999,1.5169295705314603,0.6128313684374317,1.156840323880285,-0.03437359729802631,-0.02341472604623239,0.008355945439807779,0.0037777184385760203,-0.0012185350618194094,-0.0003814405816274422,0.00012777590465411082,3.6656855878044546e-05,-8.279324435701975e-06,-2.0976086579190104e-06,12.0
-0.4474999999999998,1.5142319634204104,0.6124499231574613,1.1589519299660171,-0.03377891124123743,-0.023912022329372687,0.00828783974782759,0.003916286219892299,-0.001203485015839024,-0.0003975230748551153,0.00012681404424200524,3.770566796404753e-05,-8.730242362390625e-06,-2.362460168940204e-06,12.0
-0.4445000000000001,1.5117987984756707,0.6120851831038899,1.160894569346081,-0.03317444195660653,-0.024369519282884763,0.008209144845798128,0.004036278506772588,-0.0011956115143584626,-0.00041654748929852766,0.0001243777748822113,3.835992269652762e-05,-9.19331719383217e-06,-2.6142702931067793e-06,12.0
-0.4415,1.5096351690404883,0.611742660785622,1.162655814326535,-0.03257866468866215,-0.02479944215236648,0.008116448228016177,0.004139547403248815,-0.001191110926616948,-0.00043559535625363574,0.0001218651568559751,3.910049071418954e-05,-9.544252828713486e-06,-2.8318014716626615e-06,12.0
-0.4384999999999999,1.5077356957163839,0.6114264814257789,1.1642366511825197,-0.03199579331032926,-0.0251983839302295,0.008019356881663579,0.004234624368388432,-0.0011845926443542843,-0.00045195459560358725,0.00012031932620755793,4.022407275472618e-05,-9.720821593150506e-06,-3.0061677695069005e-06,12.0
-0.4355000000000002,1.506088356218526,0.6111387403158053,1.1656451887403345,-0.03142475200394058,-0.025562745399149343,0.00792374747575289,0.00432498975846081,-0.00117501419218884,-0.0004655439229589399,0.00011959364973395845,4.1607112387203144e-05,-9.775086905177262e-06,-3.148810229816253e-06,12.0
-0.4325000000000001,1.504675083176545,0.6108771812773415,1.1668885671328562,-0.030865453181219114,-0.025894173217105465,0.007828897487882592,0.004409277186142481,-0.0011640922403401155,-0.000477573775519549,0.00011906249882481708,4.29902757896884e-05,-9.788026256014361e-06,-3.2753829569936137e-06,12.0
-0.4295,1.5034718526089097,0.6106348882408479,1.1679733727885706,-0.030316133716748725,-0.026194562637967295,0.007733462433485159,0.004486565832989751,-0.0011526962688079674,-0.0004886042606812693,0.00011846276456849554,4.427227307448461e-05,-9.789818894929636e-06,-3.3915250068597307e-06,12.0
-0.4264999999999999,1.5024497337779448,0.6104012838480091,1.1689065832324717,-0.029772613601957626,-0.026464599511514097,0.007636831879849331,0.004556990916284982,-0.0011407879690928198,-0.0004986603912821168,0.00011778726389256254,4.5452896238175326e-05,-9.780201258690561e-06,-3.497113727565127e-06,12.0
-0.4235000000000002,1.5015771312116384,0.6101637493723994,1.1696950845094818,-0.029229909956173965,-0.02670480858722793,0.007538260237542736,0.004620688073166062,-0.0011283134620202486,-0.0005077710430695218,0.00011702727953347967,4.65326370383986e-05,-9.758814014992189e-06,-3.5921265653336077e-06,12.0
-0.4205000000000001,1.5008226661166806,0.6099095874904319,1.1703453995962394,-0.02868342317034904,-0.026915709356872604,0.007437153174271756,0.004677848829426726,-0.00111524146503963,-0.0005159799540986104,0.00011617591435250839,4.7514163927349145e-05,-9.725425050907166e-06,-3.676804896161726e-06,12.0
-0.4175,1.500157807182439,0.6096277952141773,1.1708636631732483,-0.028129823774324075,-0.027097965338316213,0.007333265592041953,0.004728759694118021,-0.0011015880908036143,-0.0005233518953043598,0.00011523035501703466,4.840309293122009e-05,-9.680089391003352e-06,-3.7517349594827002e-06,12.0
-0.41449999999999987,1.499558638858448,0.609310344315974,1.1712560630302646,-0.027567423073995533,-0.027252529658452058,0.007226756859782158,0.004773821169770354,-0.0010874212056695772,-0.0005299729309937305,0.00011419241239418784,4.920786581398215e-05,-9.623211647805819e-06,-3.817825429159448e-06,12.0
-0.4115000000000002,1.4990066182710562,0.6089529006202122,1.1715297331646606,-0.026996028281043687,-0.02738078052354671,0.007118108511932722,0.004813548012206026,-0.001072845980197966,-0.0005359456521137776,0.00011306747571694386,4.993888003318117e-05,-9.5555184854368e-06,-3.876199929489881e-06,12.0
-0.4085000000000001,1.4984885136276531,0.6085550543330568,1.1716938505895116,-0.026416443372792628,-0.02748462227175936,0.007007955700717435,0.004848553763752218,-0.0010579800445169782,-0.000541381467808325,0.00011186263521022888,5.060724716367292e-05,-9.477979152123057e-06,-3.928049840747607e-06,12.0
-0.40549999999999997,1.4979958254112586,0.608120153255666,1.1717605628130467,-0.025829832636896397,-0.027566514802754048,0.006896901004932037,0.004879522007164318,-0.0010429291210161927,-0.0005463922861624306,0.00011058494941438694,5.122361990220709e-05,-9.391721225954957e-06,-3.97449995560494e-06,12.0
-0.40249999999999986,1.497523929236506,0.607654788893629,1.1717453965213622,-0.025237131087037925,-0.02762939767022765,0.006785368690968207,0.004907166049057379,-0.0010277719886353932,-0.0005510833902497576,0.00010924062643397383,5.179742687164664e-05,-9.297976629515722e-06,-4.016527071552516e-06,12.0
-0.3995000000000002,1.4970710737483788,0.6071679620549044,1.1716669484589024,-0.024638614086706385,-0.027676499048731065,0.006673530844557174,0.004932179710737391,-0.0010125587237263677,-0.0005555484495154358,0.00010783539704823427,5.2336654243614926e-05,-9.198068453732861e-06,-4.05494674977909e-06,12.0
-0.3965000000000001,1.4966373098991568,0.6066699878452498,1.1715458699355552,-0.02403367267372326,-0.02771105720761368,0.006561307832584671,0.004955184824844602,-0.000997320638253733,-0.0005598668083730022,0.00010637580735713622,5.284810085517725e-05,-9.093423968578477e-06,-4.090456787367458e-06,12.0
-0.39349999999999996,1.4962234342038192,0.6061712698854567,1.1714033449614907,-0.0234208011604456,-0.027736017374165603,0.006448424335001492,0.004976684307813985,-0.00098208621020773,-0.0005641026826694674,0.00010487076078667701,5.3337882546454944e-05,-8.985583207407387e-06,-4.123706969646085e-06,12.0
-0.39049999999999985,1.49583005799438,0.6056811287961994,1.1712593666350526,-0.022797784965339067,-0.02775378331797652,0.00633449274703212,0.004997030946304202,-0.0009668957512114168,-0.0005683056865183777,0.00010333252579721266,5.381191124554887e-05,-8.876170817415742e-06,-4.155358921695648e-06,12.0
-0.3875000000000002,1.495456919826637,0.6052068700675762,1.171131118639656,-0.022162063599271666,-0.027766091807034876,0.006219096993344259,0.005016419739403195,-0.0009518087351891513,-0.000572512107901277,0.0001017766189387854,5.427612515123028e-05,-8.766811347725926e-06,-4.186107716359986e-06,12.0
-0.38450000000000006,1.495102519685613,0.6047532172192339,1.1710316945961843,-0.021511224086394543,-0.0277740427694597,0.0061018576548772,0.005034905995056279,-0.0009369008682229928,-0.0005767464369144222,0.0001002203896460706,5.473636649136572e-05,-8.658990215974615e-06,-4.216654104590951e-06,12.0
-0.38149999999999995,1.4947640858244755,0.6043221464167433,1.1709692864281067,-0.020843553140177228,-0.027778272300577406,0.005982469100310089,0.00505244430642576,-0.0009222518135630831,-0.0005810227548783874,9.868061780944836e-05,5.519794385192612e-05,-8.553886673862687e-06,-4.247635959070908e-06,12.0
-0.37849999999999984,1.4944378184947278,0.6039130770413443,1.1709468857148773,-0.020158552262217192,-0.027779216599375368,0.005860707565316027,0.00506893769847738,-0.0009079276341833665,-0.0005853457003349886,9.717081389738134e-05,5.566502857222875e-05,-8.452222576862184e-06,-4.279542787394773e-06,12.0
-0.37550000000000017,1.4941193140909743,0.6035233243234774,1.1709624849774758,-0.01945731256609094,-0.02777739504158855,0.005736414460578609,0.005084283831532812,-0.0008939635131796187,-0.0005897108590891512,9.569905112155644e-05,5.614008649991885e-05,-8.354174520436898e-06,-4.312643141478723e-06,12.0
-0.37250000000000005,1.4938040652211364,0.6031487077784656,1.171009729763755,-0.018742664696505026,-0.027773643434677586,0.005609462119616634,0.005098407008853914,-0.0008803518729200833,-0.0005941046028291244,9.426701247950372e-05,5.662352876904697e-05,-8.259383893093111e-06,-4.346950086482309e-06,12.0
-0.36949999999999994,1.4934879481979249,0.6027842196001206,1.1710789397482144,-0.018019062261393014,-0.027769248838770716,0.005479711053429359,0.005111270092462729,-0.0008670390399374187,-0.0005985036216316391,9.287055621558601e-05,5.711369285774196e-05,-8.167072390559103e-06,-4.3822368844204025e-06,12.0
-0.3664999999999998,1.493167635085517,0.6024246745736642,1.1711583796737304,-0.017292212631710376,-0.0277659651743396,0.005346969484798922,0.005122867323608597,-0.0008539309484299426,-0.000602874616628446,9.150162547359508e-05,5.76071678863411e-05,-8.076237871363298e-06,-4.418098589807781e-06,12.0
-0.36350000000000016,1.4928408919727332,0.602065278957632,1.1712356265980408,-0.016568519500634094,-0.02776591447294793,0.0052109672618051,0.005133205109290913,-0.0008409059761098465,-0.0006071747621865803,9.015091686764536e-05,5.8099388996745176e-05,-7.98587843006082e-06,-4.454041069916594e-06,12.0
-0.36050000000000004,1.4925067448168965,0.6017020704001852,1.1712988652450056,-0.01585443257257989,-0.027771396383096003,0.005071355929476034,0.0051422811565127015,-0.0008278315330363105,-0.0006113535247254515,8.881051506660579e-05,5.8585369528728765e-05,-7.895181416559755e-06,-4.489571664600937e-06,12.0
-0.35749999999999993,1.492165510141538,0.6013321983122737,1.1713379606140124,-0.015155805203421106,-0.027784637756217614,0.0049277433178466995,0.00515007204211523,-0.0008145806965694241,-0.00061535618003696,8.747575725348653e-05,5.9060426286291226e-05,-7.803623904355179e-06,-4.524267326147643e-06,12.0
-0.3544999999999998,1.4918187020154228,0.6009540360398737,1.1713452048688873,-0.014477344773425433,-0.02780751757905754,0.004779763946326546,0.005156535771448818,-0.0008010457941355705,-0.0006191289134603678,8.61458799564992e-05,5.9520776675488686e-05,-7.710959515634943e-06,-4.557805547582822e-06,12.0
-0.35150000000000015,1.4914688391516475,0.6005671397431459,1.1713156988379756,-0.01382221345779846,-0.02784130351521647,0.004627176956915587,0.005161630488831029,-0.0007871469304893438,-0.0006226248172803064,8.482341193244281e-05,5.996393098865117e-05,-7.6171044359390796e-06,-4.589957039533537e-06,12.0
-0.34850000000000003,1.4911191847904588,0.6001720881899884,1.1712473871447104,-0.013191809551739514,-0.02788643627717055,0.004469973857760901,0.005165345111738421,-0.0007728345941290133,-0.000625809592792488,8.35126674010477e-05,6.038885081079705e-05,-7.521970104636009e-06,-4.620552100428176e-06,12.0
-0.3454999999999999,1.4907734552208651,0.599770247657682,1.1711408055083405,-0.012585737557792265,-0.027942395679050328,0.0043084724240011986,0.005167733940869501,-0.0007580864049061344,-0.0006286655209082727,8.221793879130053e-05,6.079588300465195e-05,-7.425309494297648e-06,-4.649440608786392e-06,12.0
-0.3424999999999998,1.490435529852181,0.5993635055809832,1.1709986159436998,-0.012001958748904093,-0.028007674763199705,0.004143373255256162,0.005168946197310212,-0.0007428987648705206,-0.0006311924347832621,8.094202101006383e-05,6.118650425162596e-05,-7.326641128313463e-06,-4.67646614833381e-06,12.0
-0.33950000000000014,1.4901091882291728,0.59895400836295,1.1708250071525799,-0.01143709928717183,-0.028079874053033513,0.003975762322434638,0.005169242930416001,-0.000727274777472663,-0.0006334050391878188,7.968552937664467e-05,6.156292711530882e-05,-7.225290379691884e-06,-4.7014681446175966e-06,12.0
-0.3365,1.4897978900972177,0.5985439277500829,1.1706250332059547,-0.010886877441258417,-0.028155908019009572,0.0038070544867278514,0.005168996947216873,-0.0007112104254859699,-0.0006353268471284948,7.844717460612249e-05,6.192763076879653e-05,-7.120548610788025e-06,-4.724314571322889e-06,12.0
-0.3334999999999999,1.489504606207396,0.5981352704482916,1.1704039597720888,-0.010346596139691275,-0.028232294950685032,0.0036388857442070316,0.00516867503807817,-0.0006946816198412226,-0.0006369819860649663,7.722483737334345e-05,6.228289066852024e-05,-7.0119094772624855e-06,-4.744955663093899e-06,12.0
-0.3304999999999998,1.4892317014346277,0.5977297388104792,1.1701666831457977,-0.009811636917697769,-0.02830548600238675,0.0034729718095512373,0.005168804663266595,-0.0006776351441780547,-0.000638386853643364,7.601704328115434e-05,6.263038875516427e-05,-6.899311215635344e-06,-4.763480097445512e-06,12.0
-0.3275000000000001,1.4889808679991008,0.5973286457001316,1.1699172783529135,-0.009277891822708486,-0.02837218432082237,0.0033109549306284238,0.005169928877400689,-0.0006599864164006696,-0.0006395438213859219,7.482434061611265e-05,6.297098205137185e-05,-6.783303895166009e-06,-4.7801521001124655e-06,12.0
-0.3245,1.4887531043344007,0.5969328823873633,1.1696587145650006,-0.008742083385338531,-0.028429612091369932,0.0031542592702469025,0.005172553813229379,-0.0006416261152718258,-0.0006404387879738292,7.365014009419405e-05,6.330468558474741e-05,-6.6650754041801386e-06,-4.795411823632642e-06,12.0
-0.3214999999999999,1.4885487335922745,0.596542933626899,1.1693927497067051,-0.00820194638871072,-0.028475698743215046,0.0030039698521359156,0.005177093243764665,-0.0006224360358229134,-0.0006410434562771853,7.250075156806763e-05,6.363088313569023e-05,-6.546306173435424e-06,-4.809831037818445e-06,12.0
-0.3184999999999998,1.488367454530748,0.596158929351591,1.1691199874989562,-0.0076562716651243775,-0.02850918125392889,0.0028607440573936095,0.005183815306371145,-0.0006023123071747701,-0.000641322002665546,7.138458103610593e-05,6.394872226855431e-05,-6.428870784342084e-06,-4.824028886603564e-06,12.0
-0.3155000000000001,1.4882084166971294,0.5957807190755654,1.1688400574650688,-0.007104833497089364,-0.028529621505562666,0.0027247604544399628,0.005192797583737147,-0.0005811918847899659,-0.0006412406662860652,7.031066014577608e-05,6.425759214944613e-05,-6.3144513307375875e-06,-4.838564587522995e-06,12.0
-0.3125,1.488070311654945,0.5954079543926142,1.1685518676440505,-0.006548233347358452,-0.028537352912277637,0.002595707964704664,0.005203897806933182,-0.0005590767211082182,-0.0006407780390760058,6.928681358379564e-05,6.455754142747123e-05,-6.204159198755482e-06,-4.853831998065298e-06,12.0
-0.3094999999999999,1.48795147260337,0.5950401671224997,1.1682538818359367,-0.005987693440839245,-0.02853336990334269,0.002472817657053029,0.005216747353184456,-0.0005360498463202869,-0.0006399337007727282,6.831780080623966e-05,6.484948453308239e-05,-6.09826897103327e-06,-4.869982559373265e-06,12.0
-0.3065000000000002,1.4878499758818884,0.5946768347697327,1.1679443841274122,-0.005424828135406616,-0.028519172839828428,0.0023549375701022103,0.005230772427305734,-0.0005122790374280798,-0.0006387333536345216,6.740370468881092e-05,6.513507587914066e-05,-5.996147256724891e-06,-4.886897625977782e-06,12.0
-0.3035000000000001,1.4877637391368927,0.5943174294526581,1.1676217069268369,-0.004861414349167215,-0.028496581279878464,0.0022406463196849623,0.005245243116930854,-0.00048800658017928816,-0.0006372296077705975,6.653871736501063e-05,6.54161994657951e-05,-5.896414959493083e-06,-4.904219930859259e-06,12.0
-0.3005,1.487690611999154,0.5939614499622148,1.1672844096212467,-0.0042991781810256865,-0.02846753174450575,0.0021283941976719426,0.005259344369665435,-0.00046352706649381033,-0.0006354987311635481,6.57103475452485e-05,6.56941130379886e-05,-5.797324883763668e-06,-4.921439832054112e-06,12.0
-0.2974999999999999,1.4876284558665844,0.5936084385296341,1.1669314013890222,-0.0037396136303365934,-0.028433880828455205,0.0020166533607177276,0.0052722573217213855,-0.0004391581316866135,-0.0006336346268492846,6.48990008170655e-05,6.59683821062934e-05,-5.697281873754614e-06,-4.938018674589995e-06,12.0
-0.2945000000000002,1.4875752099474853,0.593257984493135,1.1665620050649206,-0.0031838486011015596,-0.02839723720342255,0.0019040548246505317,0.0052832365016087825,-0.00041521049761638007,-0.0006317417161057781,6.407790399699035e-05,6.623582012097315e-05,-5.5953930598655094e-06,-4.953522359272292e-06,12.0
-0.2915000000000001,1.487528941362712,0.592909717110984,1.166175962141113,-0.0026325700669514525,-0.02835884350909793,0.0017894918161912529,0.005291669643438144,-0.00039196310871367706,-0.0006299281604841071,6.321345865201585e-05,6.648970020440407e-05,-5.491919962826817e-06,-4.967735074771754e-06,12.0
-0.2885,1.487487878039195,0.5925632899678012,1.1657733840973123,-0.0020860127999355123,-0.028319520316750894,0.0016721768622691621,0.005297112041978355,-0.0003696467381725005,-0.0006283000724888452,6.226627050228109e-05,6.671950796307354e-05,-5.388515097715886e-06,-4.9807265516124335e-06,12.0
-0.28549999999999986,1.487450424374472,0.5922183600149803,1.1653546622030457,-0.001544005533696827,-0.0282796713673652,0.0015516514925723822,0.0052992948066361,-0.00034843614165376417,-0.0006269564031830121,6.119321909633977e-05,6.691145326906929e-05,-5.288161343580339e-06,-4.992855189389462e-06,12.0
-0.2825000000000002,1.4874151610391595,0.5918745650322748,1.1649203545740328,-0.0010060581557664796,-0.028239336478447265,0.0014277585637063237,0.005298113291425152,-0.00032844797605860844,-0.000625983522778389,5.995089758793228e-05,6.704984397838328e-05,-5.194787634980488e-06,-5.004702234638219e-06,12.0
-0.2795000000000001,1.4873808315361663,0.5915315037010725,1.1644710727167062,-0.00047146732362025347,-0.028198270474326756,0.0013005939955834285,0.005293605823793214,-0.00030974046110220104,-0.0006254485119712315,5.850048918607689e-05,6.711924805867155e-05,-5.112602292251659e-06,-5.016946750241203e-06,12.0
-0.27649999999999997,1.4873463190056198,0.5911887221409633,1.1640073881477688,6.0581851707968314e-05,-0.028156025927879084,0.0011704549513478582,0.0052859323329272016,-0.0002923116493189398,-0.0006253909684725422,5.6813664555756744e-05,6.71071540042604e-05,-5.04525539781334e-06,-5.030205077150885e-06,12.0
-0.27349999999999985,1.4873106171338097,0.590845709622609,1.1635297730650342,0.0005909339543888291,-0.028112024013507698,0.001037795736719998,0.00527535814643677,-0.0002760957545224952,-0.0006258144422854226,5.4878510967416015e-05,6.700663212612396e-05,-4.994999508767729e-06,-5.044869094579847e-06,12.0
-0.2705000000000002,1.4872727989249872,0.5905019045468415,1.1630385796334841,0.0011204072025206445,-0.028065608126671537,0.0009031939287256956,0.005262242261422961,-0.000260960032884333,-0.0006266798663955338,5.2704066793822015e-05,6.681837444393285e-05,-4.962045371565145e-06,-5.060981737861461e-06,12.0
-0.26750000000000007,1.4872319866629309,0.5901567101892707,1.1625340534144626,0.0016497596242709541,-0.028016084574039785,0.0007673215189368711,0.00524702464015227,-0.00024670668660044167,-0.0006279038758334111,5.032198089196427e-05,6.655152228956077e-05,-4.944289169479977e-06,-5.078183259954636e-06,12.0
-0.26449999999999996,1.4871873257858876,0.5898095186125127,1.1620163705864566,0.002179668216605509,-0.02796275974844364,0.0006309124794227001,0.005230205757336194,-0.00023308404381247767,-0.0006293642580414919,4.778429227806582e-05,6.622291572703225e-05,-4.937513414032149e-06,-5.095746832054457e-06,12.0
-0.26149999999999984,1.4871379647410392,0.589459740743313,1.1614856871480166,0.00271071140125436,-0.027904982256518798,0.000494720268601246,0.005212314334769609,-0.00021980870555751432,-0.0006309129849288145,4.515727463409057e-05,6.585478487664929e-05,-4.936046766948027e-06,-5.112699775944012e-06,12.0
-0.2585000000000002,1.4870830422201504,0.5891068407735051,1.160942190661382,0.0032433490696547065,-0.027842192730668836,0.00035946495798846263,0.005193864638859159,-0.00020659640050845154,-0.0006323949213140407,4.251242941342849e-05,6.54713405157427e-05,-4.933741023970564e-06,-5.128003052760007e-06,12.0
-0.25550000000000006,1.4870216825017146,0.5887503734149699,1.160386149329827,0.0037779003386447063,-0.02777397677842423,0.00022577666653422515,0.005175310303540602,-0.0001931956350386971,-0.000633668304394038,3.991662242497803e-05,6.509505603617466e-05,-4.92502956345884e-06,-5.140744531357613e-06,12.0
-0.25249999999999995,1.4869529989249781,0.5883900227205877,1.1598179570027896,0.004314523887348483,-0.027700111297170885,9.414642288327172e-05,0.0051570047412014255,-0.00017941650623263345,-0.0006346222973046803,3.74236674350314e-05,6.474353116720907e-05,-4.90580754094554e-06,-5.150297633378582e-06,12.0
-0.24949999999999983,1.4868761048200478,0.5880256409236435,1.1592381744638083,0.004853207426649661,-0.027620593500278814,-3.5104579693445056e-05,0.005139177380999421,-0.00016514806586843072,-0.0006351877131787612,3.506921745938827e-05,6.442764132065027e-05,-4.873932176315184e-06,-5.156408241477923e-06,12.0
-0.24650000000000016,1.4867901305868456,0.5876572850470154,1.158647566741649,0.005393771160446363,-0.027535645552849892,-0.00016183090042699847,0.005121930623577144,-0.00015036097585951957,-0.0006353390886033311,3.28697901836217e-05,6.415127126732231e-05,-4.829261254373027e-06,-5.1591953265836225e-06,12.0
-0.24350000000000005,1.486694245152806,0.5872852481269767,1.1580471340499918,0.005935886270372857,-0.027445693827544613,-0.0002860442605031323,0.00510525646294509,-0.00013509647635575058,-0.0006350888242910881,3.0825530757070906e-05,6.391246293661853e-05,-4.773284283339857e-06,-5.159076161040173e-06,12.0
-0.24049999999999994,1.4865876798276498,0.586910081145081,1.1574381317467113,0.006479105442588238,-0.027351327756006176,-0.00040787687023389124,0.005089066656467611,-0.00011944620009676074,-0.0006344761353415171,2.892536047324303e-05,6.370544720335616e-05,-4.708503980039659e-06,-5.156646051195919e-06,12.0
-0.23749999999999982,1.4864697526358468,0.58653260150441,1.1568220736769965,0.007022899897370044,-0.027253246888829807,-0.0005275363611847146,0.00507322791261988,-0.00010352891836281829,-0.0006335544008914132,2.7152778970313743e-05,6.352289186214827e-05,-4.6377638145672225e-06,-5.152549375686298e-06,12.0
-0.23450000000000015,1.486339891484559,0.5861538843293468,1.156200713993496,0.0075666969357673294,-0.027152205307067225,-0.0006452617962400482,0.005057594223379596,-8.746967645712464e-05,-0.000632380075473609,2.5490816706548234e-05,6.335779318050128e-05,-4.563687932109467e-06,-5.147373014165428e-06,12.0
-0.23150000000000004,1.4861976548912037,0.5857752340421264,1.155576004813251,0.008109913295255785,-0.027048960602087658,-0.0007612874411271236,0.0050420312843062216,-7.138466209860921e-05,-0.0006310050435520644,2.3925265482012705e-05,6.320468489034854e-05,-4.4883270074537514e-06,-5.1415795401200635e-06,12.0
-0.22849999999999993,1.486042749302467,0.5853981354538843,1.1549500301580122,0.00865198163361294,-0.026944231679772706,-0.0008758172968576562,0.005026431371224663,-5.5372666589849336e-05,-0.0006294728224689032,2.2446030900088256e-05,6.306011448101956e-05,-4.413022919090138e-06,-5.135482434489061e-06,12.0
-0.2254999999999998,1.4858750421738212,0.5850241857821321,1.1543249197345018,0.009192369291611529,-0.026838666984224335,-0.0009890103295931477,0.00501071972091949,-3.951210820939135e-05,-0.0006278179069716529,2.1046985073994954e-05,6.292254057127415e-05,-4.338445906236885e-06,-5.129254494260768e-06,12.0
-0.22250000000000014,1.4856945699177542,0.584655011297033,1.1537027486731497,0.009730589624685697,-0.026732823058651874,-0.0011009746341161977,0.00499485475955938,-2.3861729551461022e-05,-0.0006260670533541552,1.9724931533669147e-05,6.279189229907095e-05,-4.264732821073979e-06,-5.122955902433825e-06,12.0
-0.21950000000000003,1.4855015396471085,0.5842921744073487,1.1530854310933933,0.010266206661675622,-0.026627152633006503,-0.0012117683402548599,0.004978824565445124,-8.463149309357704e-06,-0.0006242413584255385,1.847825979547258e-05,6.2669015439197e-05,-4.191660130383966e-06,-5.116569318936822e-06,12.0
-0.21649999999999991,1.4852963235031407,0.5839370786200472,1.1524746162480266,0.010798833971804209,-0.026522001209415627,-0.001321405355709208,0.004962641309909438,6.655975608122132e-06,-0.0006223583515538705,1.730568363588897e-05,6.255515666765908e-05,-4.11880689852752e-06,-5.110033328623813e-06,12.0
-0.2134999999999998,1.4850794444715245,0.583590879665897,1.1518715960371897,0.011328128746797336,-0.02641761096067549,-0.0014298644505818302,0.004946334687176604,2.147878103484264e-05,-0.000620433727696728,1.620524997910618e-05,6.245155550038174e-05,-4.045686998342851e-06,-5.103270037080094e-06,12.0
-0.21050000000000013,1.4848515531268656,0.5832544109700212,1.1512772318890734,0.011853782411985158,-0.02631413045670828,-0.0015371004095173202,0.004929944876872972,3.5996189079947384e-05,-0.0006184826435819754,1.5173653386227764e-05,6.23591535685723e-05,-3.971847363839288e-06,-5.096205903612496e-06,12.0
-0.20750000000000002,1.484613395775195,0.5829281304851853,1.150691907404648,0.012375509540559942,-0.026211628343271582,-0.0016430559889420021,0.004913515449246995,5.020407142978672e-05,-0.000616520635143325,1.4205816475315392e-05,6.227840178085358e-05,-3.8969376941216395e-06,-5.088786582565363e-06,12.0
-0.2044999999999999,1.4843657758930167,0.5826120937967809,1.150115510857982,0.012893037296374909,-0.026110108805200063,-0.0017476733734707406,0.004897086703146251,6.410062447686517e-05,-0.0006145642292742365,1.3294682681179403e-05,6.220914130793996e-05,-3.820758457137463e-06,-5.080986939792208e-06,12.0
-0.2014999999999998,1.4841095123292687,0.5823059556372007,1.1495474488559445,0.0134060978763668,-0.02600952662530326,-0.001850903892199213,0.004880690050263126,7.768411150502233e-05,-0.0006126312803991159,1.243118497500249e-05,6.215054266349179e-05,-3.743291670746628e-06,-5.072817121200523e-06,12.0
-0.19850000000000012,1.4838453990541038,0.5820089989428777,1.1489866895335716,0.013914426308737219,-0.025909799965979224,-0.0019527150103101673,0.004864344098627293,9.095122118649568e-05,-0.0006107410145936698,1.1604377465068526e-05,6.21010983774946e-05,-3.6647156777027738e-06,-5.064325086181753e-06,12.0
-0.1955,1.4835741718848283,0.5817201878371803,1.1484318309934167,0.014417765410126678,-0.02581081960438543,-0.0020530940301815596,0.004848052988311585,0.0001038963135307795,-0.0006089137395827708,1.0801731842161354e-05,6.205867274135113e-05,-3.585402763878975e-06,-5.055595678555434e-06,12.0
-0.1924999999999999,1.48329648726687,0.5814382388626415,1.1478811886552636,0.014915878725647374,-0.025712454120488493,-0.0021520484316681007,0.004831807296660122,0.0001165117602457423,-0.0006071701863939985,1.000960228213544e-05,6.20206142838446e-05,-3.5058977517124997e-06,-5.046746205652725e-06,12.0
-0.18949999999999978,1.4830129167204156,0.5811617036984205,1.1473328940160485,0.015408570970518778,-0.02561455132669927,-0.0022496032537794044,0.0048155874974839166,0.00012878944752561068,-0.0006055304845293436,9.213851071055306e-06,6.198393278390741e-05,-3.426876716867257e-06,-5.037918636620029e-06,12.0
-0.1865000000000001,1.482723958148258,0.5808890565458307,1.1467849971097641,0.01589571404441494,-0.025516936912664257,-0.0023457962934677963,0.004799369582918811,0.00014072332148268616,-0.0006040128284168465,8.400606118010585e-06,6.194553392378321e-05,-3.3490874017894976e-06,-5.029268862297653e-06,12.0
-0.1835,1.4824300622789157,0.5806187801825842,1.1462355656097933,0.016377275345583975,-0.025419411769667295,-0.0024406721318991358,0.004783132098601071,0.00015231265478910148,-0.0006026319567934371,7.557095618078253e-06,6.190249330086477e-05,-3.273276129791981e-06,-5.0209538964736595e-06,12.0
-0.18049999999999988,1.4821316697134705,0.5803494460406284,1.1456827747997256,0.016853344141409498,-0.025321749703967864,-0.0025342760860482105,0.0047668635640088376,0.00016356553789003648,-0.0006013976246174098,6.672480648348521e-06,6.185234032982463e-05,-3.2001092470120497e-06,-5.013118332350524e-06,12.0
-0.1775000000000002,1.4818292519996308,0.580079785148745,1.1451249842491142,0.017324151393271717,-0.025223697227347366,-0.0026266491340726397,0.0047505691061534,0.0001745019895812828,-0.0006003132843657102,5.73859025055866e-06,6.179331475062993e-05,-3.1300994409809933e-06,-5.00588167584606e-06,12.0
-0.1745000000000001,1.4815233493636693,0.5798087480413092,1.1445607986667221,0.017790078830718623,-0.025124976833604873,-0.0027178246941281423,0.004734275166836309,0.00018515607195407745,-0.0005993751971984556,4.7504616952956265e-06,6.172455679640619e-05,-3.0635479124554993e-06,-4.9993282460664175e-06,12.0
-0.17149999999999999,1.481214598388078,0.5795355525525232,1.1439891118316274,0.018251654225585147,-0.025025294665309165,-0.0028078278671666104,0.004718031365487105,0.00019557649898053594,-0.0005985721569032144,3.7066048226692858e-06,6.164619817075343e-05,-3.0005118479293893e-06,-4.993501091561785e-06,12.0
-0.16849999999999987,1.4809037448747364,0.5792597187638011,1.14340913359342,0.01870953157364232,-0.024924352806223158,-0.0028966774065958692,0.004701908990391763,0.00020582543815713837,-0.0005978859318021359,2.608943329066206e-06,6.155933462417563e-05,-2.9408029964792014e-06,-4.988400817423768e-06,12.0
-0.1655000000000002,1.4805916399113004,0.578981090399157,1.1428204006686002,0.019164456954985337,-0.02482186568759459,-0.002984390280646571,0.00468599609396741,0.0002159754875514642,-0.0005972924229941233,1.462432697328985e-06,6.146587987052127e-05,-2.884018003705633e-06,-4.983989434547317e-06,12.0
-0.1625000000000001,1.4802792201072923,0.5786998419260841,1.1422227724102594,0.019617222842686455,-0.02471757937583238,-0.00307098828731886,0.004670389697600368,0.0002261051136297979,-0.000596763421158297,2.744052529298487e-07,6.13683209750804e-05,-2.82959556413934e-06,-4.980198482005239e-06,12.0
-0.15949999999999998,1.4799674754230454,0.5784164707844451,1.1416164130063282,0.02006861519683783,-0.0246112919246314,-0.0031565058180592757,0.004655186072104272,0.00023629309756192392,-0.000596268742827447,-9.462632903053651e-07,6.126941259656978e-05,-2.7768906884218276e-06,-4.9769399262339e-06,12.0
-0.15649999999999986,1.4796574094856605,0.578131774712371,1.1410017617812005,0.020519358544985985,-0.024502872622014338,-0.003240997600689273,0.004640470365024239,0.0002466127051179028,-0.0005957784630197355,-2.1900444297550103e-06,6.117185752458717e-05,-2.725253565560182e-06,-4.974117881432549e-06,12.0
-0.1535000000000002,1.479349997573547,0.5778468150896924,1.1403794935111549,0.02097006429330373,-0.024392277904722186,-0.003324545134688457,0.004626306940456293,0.00025712633409195505,-0.0005952649490202109,-3.4475793938736314e-06,6.107802146278213e-05,-2.6741002887214007e-06,-4.971639133454254e-06,12.0
-0.15050000000000008,1.4790461466891143,0.5775628684287747,1.1397504709336328,0.02142118679771894,-0.024279561965132337,-0.0034072605954334413,0.004612731669223144,0.0002678812988548674,-0.0005947044425313085,-4.710328329943315e-06,6.098972100050126e-05,-2.6229650982840033e-06,-4.969420795045368e-06,12.0
-0.14749999999999996,1.4787466607301558,0.5772813693350582,1.1391156918980683,0.021872990465667343,-0.024164880604972922,-0.003489287234126567,0.004599747091153415,0.0002789072093810117,-0.0005940780241424156,-5.970979590854014e-06,6.090810761303048e-05,-2.5715281119753024e-06,-4.96739408164011e-06,12.0
-0.14449999999999985,1.4784522122393011,0.577003849122047,1.1384762338033232,0.022325529658118685,-0.02404848761682081,-0.0035707957109718663,0.004587320936274029,0.00029021513933736177,-0.0005933719049514961,-7.223600497040146e-06,6.083365141356668e-05,-2.519617636366463e-06,-4.965504006842779e-06,12.0
-0.14150000000000018,1.4781633210279432,0.5767318745516659,1.1378331980242788,0.022778641718693277,-0.023930723790944068,-0.003651976315039082,0.004575388024095358,0.0003017985108292971,-0.0005925771007540566,-8.463557093472199e-06,6.076621078569769e-05,-2.4671908426193195e-06,-4.9637055618989465e-06,12.0
-0.13850000000000007,1.4778803394065252,0.5764669907838248,1.137187656905092,0.023231952296152703,-0.02381199943489735,-0.0037330275688531476,0.004563855141482713,0.00031363540260289833,-0.0005916886322734534,-9.687265134276871e-06,6.070516167230681e-05,-2.4142998297973863e-06,-4.961957499078731e-06,12.0
-0.13549999999999995,1.4776034438179344,0.5762106716389231,1.1365406055878395,0.023684891355196455,-0.023692771951605334,-0.003814142206608356,0.0045526081896222785,0.0003256918470681837,-0.0005907044458435091,-1.0891852015346931e-05,6.0649555156905304e-05,-2.361051367088608e-06,-4.960215091364177e-06,12.0
-0.13249999999999984,1.477332633160805,0.5759642789248518,1.1358929204897168,0.02413671788301251,-0.023573520472025662,-0.0038954918804491147,0.004541520718211012,0.0003379256302706876,-0.0005896242585356086,-1.2074808747285099e-05,6.059827395579795e-05,-2.307567950174475e-06,-4.958423185739055e-06,12.0
-0.12950000000000017,1.47706773470456,0.5757290311353227,1.1352453256971484,0.024586551218647175,-0.023454719742136133,-0.003977212143259669,0.004530462928815467,0.00035029013831166134,-0.0005884485056373859,-1.3233695863995773e-05,6.055016572272273e-05,-2.253955749897243e-06,-4.95651057931118e-06,12.0
-0.12650000000000006,1.4768084189718818,0.5755059805390064,1.1345983679688338,0.025033407061942684,-0.023336815420904204,-0.004059389265199512,0.0045193103053936395,0.00036273788064027714,-0.0005871775191795898,-1.436594370608677e-05,6.050414087978147e-05,-2.2002823464020468e-06,-4.954386347632732e-06,12.0
-0.12349999999999994,1.476554225140772,0.5752959967159554,1.1339524004774895,0.025476236475719418,-0.02322020268815244,-0.0041420502809139245,0.004507951182546459,0.0003752234373061329,-0.0005858110088571741,-1.546876266575296e-05,6.045923221358251e-05,-2.146564590349042e-06,-4.951938368641658e-06,12.0
-0.12049999999999983,1.4763045983424428,0.5750997540436086,1.1333075749070718,0.025913966514416308,-0.02310520964164964,-0.004225157369424493,0.004496292753524704,0.0003877056984208045,-0.0005843478643827707,-1.653915816707412e-05,6.04146205816271e-05,-2.0927650564695895e-06,-4.949034006327633e-06,12.0
-0.11750000000000016,1.476058939678774,0.5749177205315472,1.132663841094771,0.026345541428559712,-0.02299208644217884,-0.004308607277614607,0.0044842652175231595,0.0004001493710411502,-0.0005827862594604923,-1.75740312524981e-05,6.0369634696498454e-05,-2.0387945818207427e-06,-4.945522782615378e-06,12.0
-0.11450000000000005,1.4758166687917766,0.5747501457941611,1.1320209531119723,0.02676996361983989,-0.022881000601810152,-0.0043922360434615285,0.004471823945104744,0.00041252580978006615,-0.000581124014591502,-1.8570338934915724e-05,6.03237331419357e-05,-1.9845182576891437e-06,-4.941240851729252e-06,12.0
-0.11149999999999993,1.4755772972845085,0.5745970468788202,1.1313784805699225,0.02718633355152455,-0.022772038252475927,-0.004475828783217513,0.004458949688245911,0.00042481327620837856,-0.0005793591656169553,-1.9525287597428565e-05,6.027647450429419e-05,-1.9297627572410275e-06,-4.936017129607395e-06,12.0
-0.10849999999999982,1.4753405091619178,0.5744581921332287,1.1307358240547012,0.02759388756920725,-0.02266521071582917,-0.0045591338072860765,0.004445646975817859,0.0004369967453585688,-0.0005774906801732161,-2.043653601313128e-05,6.022747837245993e-05,-1.8743238004374584e-06,-4.929680931682453e-06,12.0
-0.10550000000000015,1.4751062418629315,0.5743330851716457,1.130092233938243,0.02799203205277834,-0.022560465249374665,-0.00464187986640793,0.0044319409248798035,0.00044906735568139725,-0.0005755192570789703,-2.130239090523458e-05,6.0176377733311184e-05,-1.8179737103537562e-06,-4.9220708585247875e-06,12.0
-0.10250000000000004,1.4748747588233249,0.5742209529692798,1.1294468323025946,0.02838037162651753,-0.02245769849521284,-0.004723794963295111,0.004417872775496869,0.0004610215486831749,-0.0005734481292539453,-2.2121986562956787e-05,6.012276327073022e-05,-1.7604702385111723e-06,-4.913044415495564e-06,12.0
-0.09949999999999992,1.4746467025714425,0.5741207436813088,1.128798638203944,0.028758728560529103,-0.022356770941050267,-0.004804624959841617,0.0044034945281735596,0.0004728598843966517,-0.0005712837713802787,-2.2895449133036735e-05,6.0066122421738495e-05,-1.7015688476689562e-06,-4.902487518091852e-06,12.0
-0.09649999999999981,1.474423116982837,0.5740311403752242,1.128146596797212,0.029127150342254767,-0.022257520662283963,-0.004884150213945284,0.004388863119984623,0.0004845854787847016,-0.0005690363999121733,-2.3624052181302962e-05,6.000577943804725e-05,-1.6410409573610373e-06,-4.8903227614106825e-06,12.0
-0.09350000000000014,1.4742054292253384,0.5739505960123742,1.1274896127637113,0.02948590298484349,-0.02215977479023706,-0.004962198704303138,0.004374034596551251,0.0004962020224253885,-0.0005667201604174542,-2.4310368282430823e-05,5.994084486590205e-05,-1.5786997418794383e-06,-4.876515294868644e-06,12.0
-0.09050000000000002,1.4739953863686925,0.5738773925436945,1.1268265879471786,0.029835449101085303,-0.02206335755815915,-0.005038654518018743,0.004359058702120856,0.0005077114255245473,-0.0005643529360232059,-2.4958409129558886e-05,5.987018193862703e-05,-1.5144327070140584e-06,-4.861075452237243e-06,12.0
-0.08749999999999991,1.473794948179874,0.5738097231553325,1.1261564621710156,0.030176411962601058,-0.02196809437126619,-0.005113461127422654,0.004343974220047987,0.0005191112797477684,-0.0005619557769925318,-2.557372690800023e-05,5.979239345263033e-05,-1.448236961731812e-06,-4.844057895899115e-06,12.0
-0.0844999999999998,1.473606145128763,0.5737457922175887,1.125478255110037,0.03050952924309624,-0.021873812022938085,-0.005186619497911195,0.004328805281049241,0.000530392483645196,-0.000559552024361299,-2.6163431644168406e-05,5.970582815975816e-05,-1.380250101949244e-06,-4.825557725055304e-06,12.0
-0.08150000000000013,1.4734309174438525,0.573683923370354,1.1247911061699012,0.030835602264822112,-0.021780335785254054,-0.005258181670130062,0.004313558762803377,0.0005415374773940055,-0.0005571662512331404,-2.6736074328497963e-05,5.960860383876542e-05,-1.3107684367057395e-06,-4.8057044793456e-06,12.0
-0.07850000000000001,1.4732709554637242,0.5736226634846551,1.1240943089509234,0.031155447659841653,-0.021687484489756163,-0.005328240965142026,0.004298222865361955,0.0005525195186727565,-0.0005548231530162269,-2.7301360489055566e-05,5.9498646683876254e-05,-1.240245811053488e-06,-4.7846550447728855e-06,12.0
-0.0754999999999999,1.473127562242685,0.5735608697752962,1.1233873372915317,0.03146985795557506,-0.021595064790690913,-0.005396920289810871,0.004282766959739364,0.0005633032902275715,-0.000552546482914424,-2.7869690444649747e-05,5.937375183164699e-05,-1.1692701962756854e-06,-4.7625861600101285e-06,12.0
-0.07249999999999979,1.4730015559724203,0.5734977693827248,1.1226698611152905,0.03177957562681151,-0.021502865571382354,-0.005464360108964583,0.004267142831293453,0.0005738468953735814,-0.0005503580730905301,-2.8451558744135336e-05,5.923167340045336e-05,-1.0985200874520224e-06,-4.739686758791366e-06,12.0
-0.06950000000000012,1.472893222922366,0.5734329849356232,1.1219417520486905,0.03208528204303283,-0.021410653031602434,-0.005530707474425952,0.00425128741736709,0.0005841050369639319,-0.0005482769353720686,-2.9056872276192717e-05,5.9070250071673915e-05,-1.028706801520922e-06,-4.7161500613886635e-06,12.0
-0.0665,1.4728023228492346,0.5733665250420132,1.1212030804511963,0.03238759932900403,-0.021318166592653096,-0.005596107077153786,0.004235127025553851,0.0005940329579402536,-0.0005463184194457586,-2.9694256162245533e-05,5.888756286950636e-05,-9.605108644124807e-07,-4.692165318811756e-06,12.0
-0.06349999999999989,1.472728140224778,0.5732987441404185,1.1204541063930047,0.032687100489050755,-0.02122511561828587,-0.005660694683440876,0.004218582809851423,0.0006035905928503345,-0.0005444934217310282,-3.0370410992957673e-05,5.8682108717346674e-05,-8.945208188076653e-07,-4.667909371145793e-06,12.0
-0.06050000000000022,1.472669568088368,0.5732302805310979,1.1196952666839843,0.03298432207848103,-0.021131177217699762,-0.00572459265269025,0.0042015770288175375,0.0006127463450894892,-0.0005428076636999539,-3.108957507092947e-05,5.8452963165367634e-05,-8.311819761512247e-07,-4.643538469936481e-06,12.0
-0.05750000000000011,1.4726252080683329,0.5731619839053756,1.118927158249801,0.03327977452574568,-0.02103599597876993,-0.005787906708218065,0.004184039423077683,0.0006214799304107508,-0.0005412610621190197,-3.1853144607773016e-05,5.8199905392707316e-05,-7.707622501845526e-07,-4.619180831532789e-06,12.0
-0.05449999999999999,1.4725934703766896,0.5730948440073654,1.1181505155907485,0.033573947437689114,-0.020939186995171936,-0.005850722989035959,0.004165913063836187,0.000629783764465556,-0.0005398471710132748,-3.265952103577454e-05,5.792349197722739e-05,-7.133431469202706e-07,-4.5949299333098505e-06,12.0
-0.05149999999999988,1.472572660700785,0.5730299303946085,1.1173661778926298,0.03386730978559782,-0.020840343485062324,-0.005913104829380025,0.004147159309094189,0.0006376624062558522,-0.000538552595095171,-3.350427989558446e-05,5.7625089795780374e-05,-6.58845708565016e-07,-4.5708377303560924e-06,12.0
-0.04850000000000021,1.472561045711969,0.5729683501174072,1.116575040837375,0.03416030661893775,-0.020739049352616244,-0.005975089609748714,0.004127761944967614,0.0006451296762401106,-0.0005373562209673053,-3.438075957787786e-05,5.7306899885047626e-05,-6.071008950306533e-07,-4.546906311755696e-06,12.0
-0.045500000000000096,1.4725568942778928,0.5729112259770668,1.1157779902920015,0.03445335420839566,-0.020634895479876486,-0.006036686908325228,0.004107730835695885,0.0006522034189936031,-0.0005362281949515831,-3.5281103384893186e-05,5.697200274755063e-05,-5.579667478602612e-07,-4.523077012048986e-06,12.0
-0.04249999999999998,1.4725584969562993,0.572859692822146,1.1149758206872438,0.03474683429235117,-0.02052749721139495,-0.006097879286790029,0.004087105023301496,0.0006588986332307247,-0.000535128881155016,-3.6197622272941995e-05,5.662441501932651e-05,-5.114768651054036e-07,-4.499218521646638e-06,12.0
-0.03949999999999987,1.4725641724807663,0.5728149023138392,1.114169150937626,0.03504108592194982,-0.020416510445827818,-0.0061586258075412015,0.004065954064451813,0.0006652207724484996,-0.0005340085094478152,-3.7124109457213325e-05,5.6269074379990536e-05,-4.679786717426634e-07,-4.475119842634462e-06,12.0
-0.0365000000000002,1.4725722776984134,0.5727780168587178,1.1133583652285257,0.035336391215097025,-0.020301645573314455,-0.006218866047687391,0.004044375002907242,0.0006711619447089721,-0.0005328086079915645,-3.8056555671412844e-05,5.591160673644006e-05,-4.28198573909784e-07,-4.450497737189881e-06,12.0
-0.033500000000000085,1.4725812462491898,0.5727501624827562,1.1125436206488084,0.03563295083469711,-0.020182681859877618,-0.0062785202407355375,0.004022481940460002,0.0006767027224702423,-0.000531466217486278,-3.899275847196437e-05,5.555774178439119e-05,-3.931744222363092e-07,-4.425027777875397e-06,12.0
-0.03049999999999997,1.472589685688717,0.5727323062783078,1.1117249652619234,0.035930848707079154,-0.020059488127339483,-0.0063374810990264015,0.004000386813797775,0.0006818207250560535,-0.0005299210527474617,-3.99306909003988e-05,5.52123714270588e-05,-3.640377863514038e-07,-4.398400354561998e-06,12.0
-0.027499999999999858,1.4725965501288496,0.5727250429454287,1.1109025769036351,0.036230014891124596,-0.019932055332417424,-0.006395596244797389,0.003978173643022293,0.0006865043358278013,-0.0005281243963464841,-4.0866099070793146e-05,5.4878458571551634e-05,-3.417006502547348e-07,-4.370389589041847e-06,12.0
-0.02450000000000019,1.4726013624603052,0.5727283321629547,1.110077049799487,0.036530207387566745,-0.019800538594758475,-0.006452646850577881,0.003955872373073512,0.0006907672335610843,-0.0005260472488565103,-4.1790340279496175e-05,5.455618982910209e-05,-3.2656678169845047e-07,-4.340911427541163e-06,12.0
-0.021500000000000075,1.4726043944848892,0.5727413113420295,1.1092495491858654,0.03683103855805055,-0.019665289740879725,-0.006508335580894795,0.0039334399643226525,0.0006946585685950792,-0.0005236849283366474,-4.268961350711521e-05,5.4242791097275795e-05,-3.1840070808080776e-07,-4.3100466841724286e-06,12.0
-0.01849999999999996,1.4726066782679392,0.5727623478189662,1.1084216178716837,0.03713205977346619,-0.019526847139955218,-0.006562300392097318,0.0039107547450814035,0.0006982652081555945,-0.0005210562948708524,-4.354630108213128e-05,5.3933225061820465e-05,-3.1642449910060294e-07,-4.278019173040074e-06,12.0
-0.015499999999999847,1.4726097963553633,0.5727893930378095,1.107594572383265,0.0374328889809189,-0.01938585858117604,-0.006614164740761126,0.0038876272098881605,0.0007017051914536418,-0.0005181976936056402,-4.434225124340508e-05,5.3621624927095065e-05,-3.19600822591952e-07,-4.245140583256363e-06,12.0
-0.012500000000000178,1.4726155683361433,0.5728204657395477,1.1067687665654296,0.03773332794676358,-0.019242954156813333,-0.006663616802419034,0.0038638285095653276,0.0007051131665289028,-0.0005151535472187416,-4.506285751812668e-05,5.330295422757626e-05,-3.2696631524976984e-07,-4.211746922758886e-06,12.0
-0.009500000000000064,1.4726257642651512,0.5728539808341461,1.1059432777286367,0.038033356868239644,-0.019098626714362812,-0.006710482124242055,0.0038391340375811996,0.0007086180333531197,-0.0005119661150740368,-4.570017695363535e-05,5.2974191992285586e-05,-3.3786772442591066e-07,-4.17814395906331e-06,12.0
-0.00649999999999995,1.4726415155733041,0.5728889958281641,1.1051164409267946,0.03833279208198606,-0.018953160190392768,-0.006754723428463374,0.003813368112982691,0.0007123114111097368,-0.0005086657339500397,-4.625338054896371e-05,5.2634414894245504e-05,-3.5204085848932697e-07,-4.144553140355283e-06,12.0
-0.0034999999999998366,1.4726617635291188,0.5729258860231204,1.1042870442389399,0.03863045356482405,-0.018806579551352356,-0.006796318731438188,0.0037864257280441917,0.0007162095495762172,-0.000505261921287646,-4.6725962878299185e-05,5.228362073639081e-05,-3.695778279429392e-07,-4.1110397558276634e-06,12.0
-0.000500000000000167,1.4726821495599247,0.572966833488055,1.1034551731790867,0.03892358806418756,-0.01865860725676972,-0.006835169836583359,0.003758275461968915,0.0007202369778391659,-0.0005017411445179464,-4.71224209200907e-05,5.19214563652189e-05,-3.907674562791875e-07,-4.0774922863655435e-06,12.0
0.0024999999999999467,1.4727050080442785,0.5730130817430023,1.102617213350115,0.03920959947551645,-0.01850789833026615,-0.006871387618950475,0.003728813477527372,0.0007242769528895105,-0.0004980567003651612,-4.744916001110098e-05,5.15450474566242e-05,-4.156988663699691e-07,-4.043531699064672e-06,12.0
0.00550000000000006,1.4727327417535678,0.5730599175359609,1.1017750925851357,0.03948934848501357,-0.018354503972714657,-0.006906140151378802,0.0036984492979209864,0.0007283242692104238,-0.0004942376593013127,-4.772491436885483e-05,5.1161023586220156e-05,-4.434037867447698e-07,-4.009738458832188e-06,12.0
0.008500000000000174,1.4727671908609723,0.5731008733365637,1.1009328237075011,0.03976479172708742,-0.01819892354036288,-0.006940881455121657,0.003667738668921509,0.0007324153465535124,-0.0004903407735345485,-4.797054664300313e-05,5.0778645531541945e-05,-4.725065883018278e-07,-3.9769609968608554e-06,12.0
0.011499999999999844,1.4728146068257895,0.5731359198698405,1.1000854016628905,0.04003418111686745,-0.018039276175224467,-0.006975853545375861,0.003636528110589453,0.0007364508120569533,-0.00048632012119889634,-4.819002955230117e-05,5.039350883166422e-05,-5.02548976858955e-07,-3.944676803001827e-06,12.0
0.014499999999999957,1.4728989903739786,0.573159341781336,1.099219515370377,0.040299747828590735,-0.017872833969720267,-0.007011726065865445,0.003604418174314523,0.0007404368358482189,-0.00048211954543476743,-4.839240307335874e-05,4.9999750142076867e-05,-5.326806119335242e-07,-3.912209881845032e-06,12.0
0.01750000000000007,1.4730269900835702,0.5731703297982981,1.0983296458566951,0.040561464084380126,-0.01769831106237261,-0.007048441558178355,0.0035711134069472024,0.0007443466268137592,-0.00047770793857033393,-4.8580542969046724e-05,4.959347311734035e-05,-5.624498869348902e-07,-3.878993339637554e-06,12.0
0.020500000000000185,1.4731917323984496,0.573168110933887,1.097418933230988,0.04082008535469818,-0.01751641162966978,-0.007085967348984508,0.0035366304771062337,0.0007482101350590494,-0.0004731103465216072,-4.876084137193115e-05,4.917715064941573e-05,-5.911872866278123e-07,-3.8450395968789395e-06,12.0
0.023499999999999854,1.4733805173053405,0.5731517652477894,1.096493501682836,0.04107723907696124,-0.017328575052491316,-0.007124302660545041,0.0035010671508775007,0.0007520892660303767,-0.0004683650855306137,-4.894160920902878e-05,4.875473658567621e-05,-6.180905207758467e-07,-3.810497361449931e-06,12.0
0.026499999999999968,1.4735817667496345,0.5731206436858898,1.0955577744354645,0.04133518758929507,-0.017136001303251956,-0.007163458300626595,0.0034644530879946226,0.0007560487537882173,-0.00046349464155300224,-4.9130358654732926e-05,4.832813883035125e-05,-6.423868219487671e-07,-3.775321575630543e-06,12.0
0.02950000000000008,1.473787440334779,0.5730753105409698,1.0946132883226927,0.04159638081338358,-0.016939498887232392,-0.0072034482707209815,0.0034267809839897594,0.0007601364797805973,-0.000458506465969494,-4.9331530620212576e-05,4.789704076644915e-05,-6.634875672952763e-07,-3.7392438360092783e-06,12.0
0.032500000000000195,1.4739927150447691,0.5730185084791248,1.093659073334671,0.04186305413337088,-0.016739681505785853,-0.007244293385731848,0.003388092559767094,0.0007643764708332602,-0.0004534052915310377,-4.954544267005763e-05,4.746016733203534e-05,-6.810811039502044e-07,-3.7018766434133696e-06,12.0
0.035499999999999865,1.474194634337577,0.5729556030237049,1.0926919883278232,0.04213701745669034,-0.016537055993771144,-0.007286041938868732,0.0033485120721463164,0.0007687762765166859,-0.0004482009772316947,-4.976912179479581e-05,4.7016366387195375e-05,-6.951052852388517e-07,-3.6628153029124173e-06,12.0
0.03849999999999998,1.4743904404093522,0.5728941963039644,1.0917068892877086,0.042419563250271505,-0.01633189644175016,-0.007328796865832678,0.00330820951966829,0.0007733453372222205,-0.00044290841796512523,-4.999892485601649e-05,4.656514142625687e-05,-7.055886115034841e-07,-3.6217109521235214e-06,12.0
0.04150000000000009,1.4745762956529385,0.5728427424540922,1.0906973450817732,0.042711344159003656,-0.016124075741191624,-0.007372709104667425,0.003267334922404983,0.0007781117130918882,-0.0004375428489047207,-5.0233505104268183e-05,4.6106740718610955e-05,-7.124359739244053e-07,-3.5783145652720186e-06,12.0
0.044500000000000206,1.4747472262850003,0.572808059485067,1.0896577420986335,0.04301217718998973,-0.01591313435188308,-0.007417888967009011,0.003225979608461162,0.0007831194966383368,-0.00043211428402965444,-5.0474860772667904e-05,4.564173022652744e-05,-7.152911612158828e-07,-3.532462568824555e-06,12.0
0.047499999999999876,1.474898377492141,0.5727921821353706,1.0885868782180679,0.04332083202291531,-0.01569872744536255,-0.007464220947906989,0.003184193309983777,0.0007883970520654222,-0.0004266226176805847,-5.072597794992927e-05,4.516988601804892e-05,-7.135804157692104e-07,-3.48397063904821e-06,12.0
0.05049999999999999,1.4750263111218969,0.5727901851423622,1.0874913579725425,0.04363490570685664,-0.015481199408542973,-0.007511159960281924,0.003142031955490117,0.0007939110013596278,-0.0004210539700283609,-5.098631128884991e-05,4.4688766639472204e-05,-7.067156289022757e-07,-3.432473949969215e-06,12.0
0.0535000000000001,1.4751300020881806,0.572790360167035,1.0863852138047971,0.0439515231884685,-0.015261709864472763,-0.007557808569942764,0.0030995911880233873,0.0007995625613645623,-0.0004153845297655302,-5.12506414243469e-05,4.41937098325668e-05,-6.941998397561652e-07,-3.377411416128771e-06,12.0
0.05650000000000022,1.4752184551466414,0.5727730007448959,1.0852823171284647,0.04427176951865721,-0.015041622782703054,-0.0076039863666568595,0.003057076039278756,0.000805333234184078,-0.0004096145765948562,-5.152146182443908e-05,4.368305889523262e-05,-6.750363403855666e-07,-3.318566231390706e-06,12.0
0.059499999999999886,1.4753353056579896,0.5726999628731904,1.0841828582699204,0.04461174054614464,-0.014821700766566703,-0.007652787757268934,0.0030150434506003385,0.0008116364103319349,-0.0004038527743199611,-5.184004485738737e-05,4.317095876802485e-05,-6.460176744399989e-07,-3.257406993407191e-06,12.0
0.0625,1.4755739791463898,0.5725123192586156,1.08306255707502,0.04500620498596868,-0.014600546782520856,-0.007711314398258464,0.00297422445050198,0.0008194153208193822,-0.0003983102141113837,-5.2294456991665326e-05,4.2687841126662624e-05,-6.013455602082166e-07,-3.197180027151227e-06,12.0
0.06550000000000011,1.475975441393585,0.5722010381064209,1.0818882564205374,0.04546399933390577,-0.01437092502837608,-0.007780943784595874,0.002933551920364466,0.0008288597096901986,-0.0003928935976978406,-5.290411767859408e-05,4.222534392461959e-05,-5.398392982999467e-07,-3.137258992612486e-06,12.0
0.06849999999999978,1.476257111547541,0.5719078692671247,1.0807318190112671,0.04590334706167298,-0.014132810680047701,-0.007845415511521115,0.002891210299320574,0.0008379192961274888,-0.00038718461052359283,-5.349332331150065e-05,4.1721234613590954e-05,-4.7270081725537624e-07,-3.0711349154122266e-06,12.0
0.0714999999999999,1.4760922161046266,0.5717495764712477,1.0797241472217882,0.04625555467821082,-0.013899782036717625,-0.007892599803950963,0.0028484030807684746,0.000845100225518849,-0.0003812300709237906,-5.394144949213775e-05,4.116638409356478e-05,-4.075262720538386e-07,-2.997556763961409e-06,12.0
0.07450000000000001,1.475698869764586,0.5715602033644334,1.0788544731388652,0.04662053079791522,-0.013682500577454423,-0.007943924894284426,0.002809693507128989,0.0008531200934304217,-0.00037596817402391384,-5.449712119115649e-05,4.068058555006897e-05,-3.285915455633284e-07,-2.9290880409816344e-06,12.0
0.07750000000000012,1.4751716022871315,0.5713391515473002,1.0780624769343492,0.046998703892627,-0.013469142181615414,-0.00799801210259401,0.002772396169180254,0.0008616309658642493,-0.00037105221653859437,-5.513007405532335e-05,4.022029586399947e-05,-2.3804192227210707e-07,-2.861936255813536e-06,12.0
0.0804999999999998,1.4746521945367301,0.5710931169489122,1.077254678837954,0.047386231441266025,-0.013243126031498735,-0.00805203898182931,0.0027328089854814458,0.0008700332913985632,-0.0003659947115883289,-5.5786231077805895e-05,3.97263031012197e-05,-1.3983938102522334e-07,-2.790809781475173e-06,12.0
0.08349999999999991,1.4742250730145636,0.5708322858700595,1.0763759966886104,0.04777723402583766,-0.012996625829994139,-0.008103913243288522,0.0026891077355655933,0.0008778282068570827,-0.00036058612308598393,-5.64249333239281e-05,3.9171880428837794e-05,-3.748161112778802e-08,-2.7134751515461386e-06,12.0
0.08650000000000002,1.4738931888350824,0.5705623115172064,1.0754188439905623,0.04816827399795228,-0.01273071904319178,-0.008153394665631353,0.002641343212136395,0.0008847795382326337,-0.0003548870880181496,-5.7034246155609306e-05,3.856232777394828e-05,6.696174012821404e-08,-2.630744263068302e-06,12.0
0.08950000000000014,1.47360601678242,0.5702770820894556,1.0743963663135807,0.04856212471107837,-0.012448602908740336,-0.008202101616274425,0.0025899928881016696,0.0008909023111402982,-0.00034901157878455835,-5.762676455520136e-05,3.7910736914192565e-05,1.7266480312324916e-07,-2.5442188621659204e-06,12.0
0.0924999999999998,1.4732929992560073,0.5699578953041943,1.0733199029678107,0.04896795552937661,-0.012150880542067257,-0.008252778298243953,0.0025350103693920698,0.0008963646284794291,-0.00034298629600929665,-5.8226676564603706e-05,3.722223993635444e-05,2.793832084630275e-07,-2.4548105982099616e-06,12.0
0.09549999999999992,1.472887921762329,0.5695798844810264,1.0721926667433912,0.04939809880286886,-0.011835378604293555,-0.008308256711650325,0.002475842727510356,0.0009013687974115495,-0.0003367511620890151,-5.8855693849505735e-05,3.649387792302107e-05,3.8675517431195596e-07,-2.3626916473962566e-06,12.0
0.09850000000000003,1.4723456180978118,0.5691214976132223,1.0710141861541107,0.049864149005522204,-0.01149955804368855,-0.00837066173506263,0.002411928362018354,0.0009060721689364296,-0.0003302252636896107,-5.9523788651558595e-05,3.5721488244273054e-05,4.938909520498855e-07,-2.2678744515464672e-06,12.0
0.10150000000000015,1.471651063903989,0.5685715904960896,1.0697882213956431,0.05037491741091904,-0.011143051721852112,-0.00844123914963662,0.002343132593107498,0.0009105829497191287,-0.00032335996676505116,-6.022807160877643e-05,3.490504958830284e-05,5.994300621666401e-07,-2.170649237594637e-06,12.0
0.10449999999999982,1.4708193961862674,0.567931050418131,1.068529315167955,0.05093649951640399,-0.01076889603109356,-0.008520705603820207,0.002269875709164049,0.0009150103790526985,-0.0003161506016785134,-6.095809486268203e-05,3.404968218271779e-05,7.019510723375977e-07,-2.0716546656876842e-06,12.0
0.10749999999999993,1.4698883459779288,0.5672089141846909,1.0672649745990597,0.05155300753907237,-0.01038313284596289,-0.0086096977914065,0.0021929764437202304,0.0009195168964741743,-0.0003086178144839408,-6.170289541785953e-05,3.3163747499917644e-05,8.004316627282683e-07,-1.971737649789586e-06,12.0
0.11050000000000004,1.4689082167665852,0.5664147985703782,1.0660317714103353,0.052226933553490576,-0.00999325659946629,-0.008709044962439414,0.0021133769975447123,0.0009243450034613026,-0.0003007848336996289,-6.24569169955671e-05,3.225678349858292e-05,8.945474860327346e-07,-1.8718486117673687e-06,12.0
0.11350000000000016,1.4679336709512203,0.5655513794647967,1.0648649568407724,0.05295926964901048,-0.009606300094122151,-0.008819889463883446,0.0020319220557579076,0.0009298282855976668,-0.00029267031885431516,-6.322455052555326e-05,3.1339011191050995e-05,9.847454043714712e-07,-1.7730935516674302e-06,12.0
0.11649999999999983,1.46701138362562,0.5646155425884477,1.0637841840369042,0.05374778898286301,-0.00922713803409496,-0.008943381248917194,0.0019492089369494265,0.0009363531628708504,-0.00028428557353678274,-6.401897259896562e-05,3.0420521967488322e-05,1.0718254239295122e-06,-1.6766981105708734e-06,12.0
0.11949999999999994,1.4661426172102856,0.5636212002532972,1.0627856133730957,0.054577048917825784,-0.00885761833966727,-0.009078729366231494,0.0018653759853326695,0.0009441177702623599,-0.00027559292779031665,-6.484140343010261e-05,2.9504389521554332e-05,1.1553529838806038e-06,-1.5832637436506378e-06,12.0
0.12250000000000005,1.4650147498586947,0.5619735703057646,1.06139389354751,0.05577607724541056,-0.008285021245290783,-0.009280840590671881,0.0017297806819036939,0.0009585131146906926,-0.0002593476844695317,-6.607808779831778e-05,2.78108080427845e-05,1.2577968482956182e-06,-1.4245919551910193e-06,12.0
0.12550000000000017,1.4642586814543905,0.5615590700788172,1.0611819059805385,0.05613795458054987,-0.008167999713202272,-0.009353060124600538,0.0016923698609337264,0.0009607519884097892,-0.0002561783533778933,-6.631725572052215e-05,2.7548341095988275e-05,1.3016053948896275e-06,-1.392077174494436e-06,12.0
0.12849999999999984,1.4629017128272133,0.5608830655911852,1.0600635999853318,0.056861921281152826,-0.007815433255526229,-0.009490483399282927,0.0016048499391258368,0.0009689778710193431,-0.00024617798010733946,-6.661589053308438e-05,2.659822251801196e-05,0.0,0.0,10.0
0.13149999999999995,1.461535627832039,0.5600330415931182,1.0591706829839675,0.05753563019554946,-0.007495181230551887,-0.009628082444180362,0.0015173068758479568,0.0009782599808234346,-0.00023514347400600545,-6.693962409751583e-05,2.5510639629066236e-05,0.0,0.0,10.0
0.13450000000000006,1.460003987526247,0.5591601008505465,1.0583426964548397,0.05818416380318501,-0.007209441632013522,-0.009771698006534773,0.001435219256413728,0.000989762071406175,-0.00022411448340690728,-6.735724656276269e-05,2.4427881518287106e-05,0.0,0.0,10.0
0.13750000000000018,1.4584390611534015,0.5582930218740532,1.0575094322914629,0.05879223351877028,-0.006946742370272273,-0.009913106721420425,0.0013583981261553564,0.0010028073424022423,-0.0002130065155723972,-6.781128947404917e-05,2.3337409401816353e-05,0.0,0.0,10.0
0.14049999999999985,1.4569854465788943,0.5574562811089087,1.0565900023265655,0.05935092125594924,-0.0066892287721947614,-0.010043200753019805,0.0012859622479161471,0.0010165802974106527,-0.00020167631396591186,-6.82367311670538e-05,2.222061912709461e-05,0.0,0.0,10.0
0.14349999999999996,1.4557074896850255,0.5566598887984624,1.0555489784194505,0.05986135732982918,-0.0064231412983110385,-0.010155126003080247,0.001217916912278066,0.001030503983490458,-0.00019014780461161347,-6.859636241945456e-05,2.1078605403013298e-05,0.0,0.0,10.0
0.14650000000000007,1.4546009166284206,0.555901299611594,1.0543906254815627,0.060333076840964894,-0.0061394856542560635,-0.010245087875005566,0.0011546916519815818,0.0010442359865135272,-0.00017855818403628954,-6.888003498181709e-05,1.9925653057227463e-05,0.0,0.0,10.0
0.1495000000000002,1.4536357613851372,0.5551735709725528,1.053136734805662,0.060779294455013795,-0.005832714192254208,-0.010312152727081175,0.001096329449364868,0.001057521044204393,-0.0001670612536017132,-6.909258142258354e-05,1.8777140696268384e-05,0.0,0.0,10.0
0.15249999999999986,1.452784982141143,0.5544715742606847,1.0518111343006973,0.06121218227809511,-0.005500476189064048,-0.010357883466676649,0.001042085846436607,0.0010700672583935861,-0.00015578595299121733,-6.924594508166917e-05,1.7643173685364793e-05,0.0,0.0,10.0
0.15549999999999997,1.4520313686254012,0.5537933608425584,1.050433201142471,0.061639652235336885,-0.005144041288299775,-0.010385863455521435,0.0009904886544333251,0.001081493490306145,-0.0001448440437908426,-6.935725580482046e-05,1.6527980878660467e-05,0.0,0.0,10.0
0.15850000000000009,1.4513634700289544,0.5531387317434809,1.0490163376921782,0.06206395537636744,-0.004768295383468704,-0.010400945805587303,0.0009396826690906641,0.0010913443073331194,-0.00013434989493111895,-6.94482798753639e-05,1.5432062501018694e-05,0.0,0.0,10.0
0.1615000000000002,1.450771341922933,0.5525079878041065,1.0475685456239772,0.06248205347835421,-0.004380773543386931,-0.010408252226377118,0.0008878793328520225,0.0010991616175681095,-0.00012442343623209043,-6.954204287513551e-05,1.4354877751943944e-05,0.0,0.0,10.0
0.16449999999999987,1.4502460673887845,0.5519021170769457,1.046094152749689,0.06288742576023156,-0.003989945030638445,-0.010412154634308415,0.0008337765686768192,0.0011045945288584193,-0.00011516864353891289,-6.965567121124674e-05,1.3297212410288167e-05,0.0,0.0,10.0
0.16749999999999998,1.4497817516454765,0.5513238771781278,1.0445961446750263,0.06327253565183308,-0.0036034043636245807,-0.01041552760421876,0.0007768473243425514,0.0011075107839815387,-0.00010663903917907072,-6.979188265160543e-05,1.2262921588174273e-05,0.0,0.0,10.0
0.1705000000000001,1.4493773796737535,0.5507786250843321,1.0430782192085082,0.06363098372050939,-0.0032266244379463792,-0.010419472806946023,0.0007174225068264606,0.001108061334605209,-9.881073399929662e-05,-6.9933487933016e-05,1.1259642033846936e-05,0.0,0.0,10.0
0.1735000000000002,1.4490370501666607,0.5502741689712957,1.0415457369028573,0.06395865953648303,-0.002862601171202797,-0.010423552847973472,0.0006565419972044972,0.001106661447114167,-9.158030205966958e-05,-7.004472352447995e-05,1.0298035196542268e-05,0.0,0.0,10.0
0.17649999999999988,1.448768572395384,0.5498196400965807,1.0400053500636666,0.06425378642060078,-0.0025122948814244794,-0.010426397979884748,0.0005956213987751187,0.0011038871615958767,-8.47918676204592e-05,-7.008018293040674e-05,9.389573674116879e-06,0.0,0.0,10.0
0.1795,1.4485811914432003,0.549423860238194,1.0384637571351905,0.06451624411294796,-0.002175478924615102,-0.01042643324650112,0.0005360515887660377,0.0011003263896166905,-7.828226134481277e-05,-6.999808708267769e-05,8.5436124589548e-06,0.0,0.0,10.0
0.1825000000000001,1.44848326620421,0.5490937701664513,1.036926310935505,0.06474671491760725,-0.0018515548638857967,-0.010422466134765131,0.00047887059531506894,0.001096444807482337,-7.192393376522941e-05,-6.977214942135742e-05,7.764941566768135e-06,0.0,0.0,10.0
0.18550000000000022,1.4484804427465998,0.5488333177768503,1.0353960584463409,0.06494605070266767,-0.0015400505480786461,-0.010413974617061282,0.0004246054165280375,0.0010925151511506936,-6.564790407167316e-05,-6.939706634706714e-05,7.052816848900709e-06,0.0,0.0,10.0
0.1884999999999999,1.4485745611756233,0.5486429688000526,1.03387343362927,0.06511498562767902,-0.0012407509173596456,-0.010401084325403856,0.00037329918423451,0.0010886231794408731,-5.9441078553511334e-05,-6.888618409498918e-05,6.401718743551435e-06,0.0,0.0,10.0
0.1915,1.44876332790379,0.5485198161063998,1.032356513479573,0.06525410588600543,-0.0009535863709227236,-0.010384342690464954,0.00032466433732605853,0.0010847275896501008,-5.33254608597606e-05,-6.826377164544269e-05,5.803287572318658e-06,0.0,0.0,10.0
0.19450000000000012,1.4490406660186534,0.5484581560460265,1.0308416024325098,0.065363915065054,-0.0006784553253982021,-0.010364437770142313,0.0002782720257747003,0.0010807346672105417,-4.733315946856135e-05,-6.75562048447442e-05,5.248504499594462e-06,0.0,0.0,10.0
0.1974999999999998,1.449397581275643,0.5484503550066641,1.029323917335006,0.06544487828509282,-0.00041510548554283486,-0.010341974329167482,0.00023370556018303105,0.0010765554981950467,-4.14886265277705e-05,-6.678559802230995e-05,4.729350290947096e-06,0.0,0.0,10.0
0.2004999999999999,1.4498233294428613,0.5484878225306107,1.0277982268713082,0.06549741555595642,-0.00016310847101479178,-0.010317351819503663,0.0001906473445861664,0.0010721332141498789,-3.5802192814525495e-05,-6.59671749306045e-05,4.239637635503006e-06,0.0,0.0,10.0
0.20350000000000001,1.4503066477685178,0.5485619257491697,1.026259384122991,0.06552187940431264,7.81044350263315e-05,-0.010290732819780145,0.00014890538411926492,0.0010674452938936793,-3.0272379773701193e-05,-6.510965822849636e-05,3.775132058562031e-06,0.0,0.0,10.0
0.20650000000000013,1.4508368318715128,0.5486647190307932,1.0247027445982024,0.06551856798136996,0.0003091972678390063,-0.010262066781046396,0.00010840218311984287,0.0010624934192550533,-2.4891846149376497e-05,-6.421713375654543e-05,3.3332592946681073e-06,0.0,0.0,10.0
0.2094999999999998,1.4514045013519203,0.5487894179517772,1.0231244832663389,0.06548780276813897,0.0005309100069992553,-0.01023113721814024,6.914780574093329e-05,0.0010572917036399932,-1.9652788290699942e-05,-6.329109799229401e-05,2.9126652545861896e-06,0.0,0.0,10.0
0.2124999999999999,1.4520019881770794,0.5489306080435119,1.0215218259280139,0.06543006474782961,0.0007440709939801079,-0.010197614244865014,3.1210308434138955e-05,0.001051858675148558,-1.4549975606599321e-05,-6.233206642386145e-05,2.512777071056602e-06,0.0,0.0,10.0
0.21550000000000002,1.4526233754634221,0.5490842323855973,1.0198932051231024,0.06534615545933593,0.0009496259290759258,-0.010161105720355966,-5.31091482893788e-06,0.0010462137689870835,-9.58151501386059e-06,-6.134065734289018e-05,2.133416712463037e-06,0.0,0.0,10.0
0.21850000000000014,1.4532642845461625,0.5492474356288471,1.0182383454763837,0.06523733887444153,0.0011486609608109023,-0.010121205286841815,-4.030728648164608e-05,0.0010403768720737515,-4.748270015550516e-06,-6.031829280062172e-05,1.7744757735226462e-06,0.0,0.0,10.0
0.2214999999999998,1.4539215391310434,0.5494183496719433,1.0165582802098645,0.06510542580705102,0.0013424016067641238,-0.0100775362182052,-7.367837354713156e-05,0.0010343691236755766,-5.2871211473339324e-08,-5.926766429956959e-05,1.4356540878355646e-06,0.0,0.0,10.0
0.22449999999999992,1.454592825493197,0.5495958905965894,1.0148552999015081,0.06495277881190299,0.0015321792161200715,-0.010029789390525883,-0.00010534443257257181,0.0010282136354206593,4.501072071933819e-06,-5.819304087907388e-05,1.1162689464968386e-06,0.0,0.0,10.0
0.22750000000000004,1.4552764286543765,0.5497796066692282,1.0131328361299987,0.06478223539146852,0.0017193673880793621,-0.009977753536617843,-0.00013525461284822937,0.0010219353599681912,8.909294740374397e-06,-5.710043923077284e-05,8.151415449940027e-07,0.0,0.0,10.0
0.23050000000000015,1.4559710743153385,0.5499695847200248,1.0113952856495694,0.06459696490951922,0.001905299059128844,-0.009921336460264815,-0.00016339172954553724,0.0010155597849771422,1.3166717615002927e-05,-5.599765116954115e-05,5.305613108995983e-07,0.0,0.0,10.0
0.23349999999999982,1.4566758623290608,0.5501663968079233,1.0096477841959624,0.06440028600537577,0.0020911793913046864,-0.009860576643741726,-0.00018977478555990177,0.0010091104595709244,1.7266937098974177e-05,-5.4894123642316735e-05,2.6032081401715404e-07,0.0,0.0,10.0
0.23649999999999993,1.4573902508183858,0.5503710563191543,1.007895942143618,0.0641954750104641,0.0022780098954454497,-0.009795645327060723,-0.0002144603159106157,0.001002605613800802,2.120155738441966e-05,-5.380069673332017e-05,1.8075331821057257e-09,0.0,0.0,10.0
0.23950000000000005,1.4581140437854152,0.5505849532287534,1.0061455567105368,0.06398559262063959,0.002466536070865981,-0.009726839582736143,-0.00023754319315634367,0.0009960543233551898,2.495956892229185e-05,-5.272921724403281e-05,-2.478646934711199e-07,0.0,0.0,10.0
0.24250000000000016,1.4588473455648987,0.5508097490464633,1.0044023173125083,0.06377334814167686,0.0026572254769920275,-0.009654567256169335,-0.00025915694784802427,0.0009894527973557216,2.8526949812476622e-05,-5.169205562786102e-05,-4.91702317519468e-07,0.0,0.0,10.0
0.24549999999999983,1.4595904653036214,0.5510472278114611,1.0026715220701383,0.06356101082976919,0.0028502770386966037,-0.009579325018795961,-0.0002794731373512109,0.0009827814155040264,3.1886619956901624e-05,-5.0701561046599344e-05,-7.326732184966314e-07,0.0,0.0,10.0
0.24849999999999994,1.460343775818435,0.5512991150626776,1.0009578241094486,0.06335036869505574,0.003045656878462049,-0.009501671236079317,-0.000298699001903385,0.0009760031029625495,3.501882344642006e-05,-4.9769492741765546e-05,-9.735562025823479e-07,0.0,0.0,10.0
0.25150000000000006,1.4611075475228452,0.5515668878654731,0.9992650255542783,0.06314272825774594,0.0032431520560269505,-0.009422195819119428,-0.0003170726505916911,0.0009690635050336047,3.790196002620401e-05,-4.8906465798433986e-05,-1.2168097087696855e-06,0.0,0.0,10.0
0.25450000000000017,1.461881786338969,0.5518516035038634,0.9975959343020565,0.0629389447816494,0.0034424317825372513,-0.009341489566460921,-0.00033485530096892345,0.0009618932182240233,4.051383498638418e-05,-4.8121446004453674e-05,-1.4644673749430369e-06,0.0,0.0,10.0
0.25749999999999984,1.462666104211234,0.5521537721194469,0.9959522934713065,0.06273947129037612,0.003643105971860338,-0.009260115569770341,-0.00035232056368794174,0.0009544120730143072,4.283325000045464e-05,-4.7421322462538454e-05,-1.7180649141656145e-06,0.0,0.0,10.0
0.26049999999999995,1.4634596437128695,0.5524732907675578,0.9943347861459727,0.06254441555823277,0.0038447730071712012,-0.00917858497807652,-0.00036974129406260525,0.000946535182858573,4.484181697435834e-05,-4.6810578806034345e-05,-1.978599672844076e-06,0.0,0.0,10.0
0.26350000000000007,1.4642610671129266,0.5528094454185578,0.9927431097732672,0.062353596479062454,0.004047051697169866,-0.009097338815064132,-0.00038737500497368013,0.0009381802170920606,4.6525845655950674e-05,-4.6291075436700575e-05,-2.246521471254851e-06,0.0,0.0,10.0
0.2665000000000002,1.4650686081844413,0.5531609760013841,0.9911761068271112,0.062166594050693816,0.004249595852415546,-0.009016736738393134,-0.00040544915855911007,0.0009292751644245956,4.787813716386982e-05,-4.58619473013176e-05,-2.5217510981108906e-06,0.0,0.0,10.0
0.26949999999999985,1.4658801745599268,0.5535261900113587,0.989631932695639,0.06198279014460024,0.004452093074167166,-0.008937052784352972,-0.00042414777853653156,0.0009197657598963713,4.889951298503038e-05,-4.551961527304251e-05,-2.803721359764191e-06,0.0,0.0,10.0
0.27249999999999996,1.466693481327662,0.5539031041167489,0.988108239335954,0.06180139990491234,0.004654251733222744,-0.008858477415871016,-0.0004436007441807587,0.0009096217659117792,4.959992406150802e-05,-4.525790466172404e-05,-3.0914349756787598e-06,0.0,0.0,10.0
0.2755000000000001,1.4675061936201887,0.5542895913236933,0.9866023544664368,0.06162149580117438,0.00485578146347339,-0.008781124697738419,-0.0004638768681504181,0.0008988414224051235,4.999901668531951e-05,-4.506826163837761e-05,-3.383533798007585e-06,0.0,0.0,10.0
0.2785000000000002,1.4683160571170342,0.5546835134271253,0.9851114405021246,0.06144202787434824,0.005056372763265328,-0.008705043198033,-0.0004849814721207774,0.0008874535904931118,5.012607791813001e-05,-4.49400568200709e-05,-3.6783745793493643e-06,0.0,0.0,10.0
0.28149999999999986,1.4691209999277761,0.5550828237955818,0.983632623950823,0.06126184443870977,0.00525568062696486,-0.008630229227163206,-0.0005068587143431897,0.0008755173747316529,5.001933804788453e-05,-4.486096405966292e-05,-3.974107484772269e-06,0.0,0.0,10.0
0.2845,1.469919196057183,0.555485632671738,0.9821630930634777,0.06107971736348547,0.005453315779889351,-0.008556641195979169,-0.0005293984494524617,0.0008631192832458068,4.972466494944293e-05,-4.481740082941254e-05,-4.268754416457871e-06,0.0,0.0,10.0
0.2875000000000001,1.4707090882057228,0.5558902346374927,0.9807001676628841,0.06089437507790755,0.005648845378834795,-0.008484214106017322,-0.0005524469645612872,0.0008503682364465854,4.929373870834655e-05,-4.4795014073550146e-05,-4.560284779252438e-06,0.0,0.0,10.0
0.2905000000000002,1.4714893746880142,0.5562951043505595,0.9792413491049871,0.06070454476403641,0.005841803283399468,-0.008412873395965996,-0.0005758205790370268,0.0008373889348545327,4.878183875485883e-05,-4.4779192191176296e-05,-4.846686523658588e-06,0.0,0.0,10.0
0.29349999999999987,1.4722589706514158,0.5566988711196774,0.9777843596865723,0.06050900309386842,0.006031708470139109,-0.008342547510786672,-0.000599320849571175,0.0008243142260741247,4.824540568567646e-05,-4.475558059059658e-05,-5.126030288195417e-06,0.0,0.0,10.0
0.2965,1.473016956811334,0.5571002848341482,0.9763271795859974,0.06030663270089903,0.006218089047338821,-0.008273178626561468,-0.0006227500066591077,0.0008112771628632232,4.77395534485456e-05,-4.471057602913567e-05,-5.396524456880973e-06,0.0,0.0,10.0
0.2995000000000001,1.473762529302609,0.5574981851880149,0.9748680862581007,0.06009647975786135,0.006400508738413596,-0.008204730983079394,-0.0006459252703226695,0.0007984034216806701,4.731570426704076e-05,-4.4631774681024265e-05,-5.656559184472367e-06,0.0,0.0,10.0
0.3025000000000002,1.4744949621478884,0.5578914834663342,0.9734056971047725,0.05987780692280318,0.0065785926514110435,-0.008137196295446349,-0.0006686908457147144,0.0007858046656235972,4.701950026302075e-05,-4.450835115116413e-05,-5.904738065343003e-06,0.0,0.0,10.0
0.3054999999999999,1.4752135898308405,0.5582791621280451,0.971939012304119,0.05965013575167522,0.006752049574831491,-0.008070595785020427,-0.0006909266641624745,0.0007735733043431173,4.688911551601165e-05,-4.433135048536497e-05,-6.13989712646087e-06,0.0,0.0,10.0
0.3085,1.4759178123790428,0.5586602929101808,0.9704674518368984,0.05941327351523915,0.006920688808526037,-0.008004978522890168,-0.0007125532817934786,0.0007617789458222534,4.6954054612329156e-05,-4.40938820283032e-05,-6.361112055008276e-06,0.0,0.0,10.0
0.3115000000000001,1.476607120175753,0.5590340700508077,0.9689908795839529,0.05916732106598172,0.007084430489196646,-0.007940416024350931,-0.0007335327372129473,0.0007504666698641947,4.7234483159106584e-05,-4.379121171856222e-05,-6.567695768421996e-06,0.0,0.0,10.0
0.3144999999999998,1.4772811313547483,0.5593998521717576,0.9675096080333248,0.058912660676459824,0.007243309331343176,-0.007876993350788113,-0.0007538655587944671,0.000739657097215524,4.77410963880499e-05,-4.342075688812255e-05,-6.759189317286574e-06,0.0,0.0,10.0
0.3174999999999999,1.4779396318172466,0.5597572047943598,0.9660243793654046,0.058649925213077214,0.007397472523397816,-0.007814797323921749,-0.0007735844593531432,0.0007293480939333296,4.847549701339171e-05,-4.298199378049068e-05,-6.935349456756882e-06,0.0,0.0,10.0
0.3205,1.4785826070705006,0.5601059354853185,0.96453632190324,0.058379952201081636,0.007547173082674679,-0.007753902782803627,-0.0007927455263223364,0.0007195178459703251,4.943102493492224e-05,-4.247629210180511e-05,-7.09613592718216e-06,0.0,0.0,10.0
0.3235000000000001,1.4792102562942415,0.5604461150519061,0.9630468843944252,0.05810372792715755,0.007692760223265058,-0.007694358063907945,-0.0008114178851506352,0.0007101289678848681,5.0593960083114255e-05,-4.190669272691562e-05,-7.241700591705979e-06,0.0,0.0,10.0
0.3264999999999998,1.4798229820173172,0.5607780806036169,0.961557753618557,0.057822327496799844,0.00783466822825621,-0.007636171019383702,-0.0008296728722527479,0.0007011332724597096,5.194500572419805e-05,-4.1277644411665025e-05,-7.3723792626025e-06,0.0,0.0,10.0
0.3294999999999999,1.4804213529744221,0.56110241912439,0.9600707628383718,0.05753685666033009,0.00797340499502958,-0.00757929688805763,-0.000847573705365448,0.0006924768225341121,5.346095236562191e-05,-4.059471357869816e-05,-7.488685573696078e-06,0.0,0.0,10.0
0.3325,1.4810060423767608,0.5614199329010511,0.9585877993351194,0.057248400349032634,0.008109540933173323,-0.00752362919961954,-0.0008651664998461338,0.0006841049083158556,5.511642123909765e-05,-3.986427869920212e-05,-7.591304919927265e-06,0.0,0.0,10.0
0.33550000000000013,1.4815777481845132,0.5617315902756049,0.957110718673961,0.056957981448184127,0.008243698353014448,-0.007468994644506487,-0.0008824732745829289,0.0006759666373573044,5.688559030994922e-05,-3.9093218250936604e-05,-7.681085556365984e-06,0.0,0.0,10.0
0.3384999999999998,1.482137105299593,0.5620384664556228,0.955641271669015,0.05666653166589926,0.008376541003212282,-0.007415152512333619,-0.0008994873507109467,0.0006680188839697806,5.874381398506072e-05,-3.8288599319715305e-05,-7.759023621928416e-06,0.0,0.0,10.0
0.3414999999999999,1.482684601369019,0.5623416794652407,0.9541810476696706,0.05637487472232797,0.008508763092832338,-0.007361798927161493,-0.0009161713003888308,0.000660229413463549,6.066905930571653e-05,-3.74573730131836e-05,-7.826239216396662e-06,0.0,0.0,10.0
0.34450000000000003,1.4832205078185277,0.5626423258851753,0.9527314352517747,0.05608372071185895,0.00864107702650095,-0.007308575724079751,-0.0009324573778926083,0.0006525790676829041,6.264309557229932e-05,-3.66060830727065e-05,-7.883941685533473e-06,0.0,0.0,10.0
0.34750000000000014,1.4837448358258392,0.5629414200925325,0.9512935991218967,0.055793669519721235,0.008774199206879711,-0.007255083449270351,-0.0009482501810733825,0.000645062965920087,6.465239022444465e-05,-3.574059522489192e-05,-7.933383821824503e-06,0.0,0.0,10.0
0.3504999999999998,1.4842573234787366,0.5632398396077525,0.949868470372424,0.055505220644186684,0.008908833588900154,-0.007200897649716143,-0.0009634311595925934,0.000637690734655271,6.66886805768294e-05,-3.4865856508893465e-05,-7.975806544670897e-06,0.0,0.0,10.0
0.3534999999999999,1.4847574558709287,0.5635382781930446,0.9484567463441326,0.05521878664647086,0.009045653139632952,-0.007145587368825156,-0.0009778645109099994,0.0006304858275118075,6.874920789182347e-05,-3.3985695511165744e-05,-8.012377506673044e-06,0.0,0.0,10.0
0.35650000000000004,1.4852445150607991,0.5638372077239946,0.9470588962775627,0.054934707634235656,0.00918527987626696,-0.00708873459665695,-0.0009914039822321145,0.0006234840320375068,7.083661649026466e-05,-3.310267556087306e-05,-8.044128690149956e-06,0.0,0.0,10.0
0.35950000000000015,1.4857176524129319,0.5641368496260429,0.9456751695370651,0.05465326458033387,0.009328264623947334,-0.007029953351556883,-0.0010039001176893512,0.0006167312829702068,7.295853544502098e-05,-3.221801297715698e-05,-8.071899144967792e-06,0.0,0.0,10.0
0.3624999999999998,1.4861759725687431,0.5644371567371622,0.9443056042461583,0.05437468979958324,0.00947506796542763,-0.0069689071035953,-0.0010152075429030777,0.0006102809145640216,7.512687324710466e-05,-3.133157105926091e-05,-8.09628937532721e-06,0.0,0.0,10.0
0.36549999999999994,1.4866186166938464,0.5647378066316204,0.9429500354136552,0.05409917349316033,0.009626043979900923,-0.006905323393006582,-0.001025191950783207,0.0006041904902699543,7.735686622657477e-05,-3.044193753651884e-05,-8.117633406206065e-06,0.0,0.0,10.0
0.36850000000000005,1.4870448330046577,0.5650382074894073,0.9416081028044658,0.053826865886193224,0.009781428258267574,-0.006839004743252998,-0.001033736530519848,0.0005985183496410175,7.966592925196523e-05,-2.9546588759759778e-05,-8.135993261520373e-06,0.0,0.0,10.0
0.37150000000000016,1.487454024838488,0.5653375173386653,0.9402792597204206,0.05355787510205294,0.009941331345739254,-0.006769835300666779,-0.0010407476559436222,0.000593320012256612,8.207236244402695e-05,-2.8642138365106103e-05,-8.1511785946855e-06,0.0,0.0,10.0
0.37449999999999983,1.4878457703215322,0.5656346768565315,0.9389627843876988,0.053292261502587764,0.010105738247498738,-0.006697783019928609,-0.0010461597121976618,0.0005886445781826361,8.459397075415635e-05,-2.7724661999015648e-05,-8.162791758624217e-06,0.0,0.0,10.0
0.37749999999999995,1.4882198123552925,0.5659284549408057,0.9376577957654584,0.0530300297269236,0.010274514016351884,-0.006622897614662484,-0.001049938986732684,0.0005845312642893145,8.724665490331478e-05,-2.679008357072664e-05,-8.170295986790834e-06,0.0,0.0,10.0
0.38050000000000006,1.4885760223735038,0.5662175051304293,0.936363275334504,0.05277112001908752,0.010447414816430241,-0.006545304856621102,-0.001052086581097253,0.0005810062149740223,9.004303297404462e-05,-2.5834602992398086e-05,-8.173101906140225e-06,0.0,0.0,10.0
0.3835000000000002,1.4889143453053402,0.5665004298904455,0.9350780958849144,0.052515400585080974,0.010624103317598142,-0.0064651980881206455,-0.0010526403159383413,0.0005780797232779948,9.299115227857201e-05,-2.485514097758301e-05,-8.170665620627727e-06,0.0,0.0,10.0
0.38649999999999984,1.4892347357626956,0.5667758490128526,0.9338010576104548,0.052262662625151675,0.010804166898916417,-0.0063828279734601655,-0.001051675607322814,0.0005757439927207742,9.609335096527722e-05,-2.3849773551978974e-05,-8.162590322614714e-06,0.0,0.0,10.0
0.38949999999999996,1.4895370962866237,0.5670424680684631,0.9325309310466525,0.0520126193519451,0.010987136975204334,-0.0062984915366976835,-0.0010493052932085357,0.0005739715602434304,9.934532770420121e-05,-2.2818127701787493e-05,-8.148722935405972e-06,0.0,0.0,10.0
0.39250000000000007,1.4898212275355673,0.567299143007203,0.9312665056497286,0.05176490978637687,0.011172507821362105,-0.006212521418312858,-0.0010456783896553772,0.0005727144855583171,0.00010273547490118364,-2.1761710148828052e-05,-8.129237665698016e-06,0.0,0.0,10.0
0.3955000000000002,1.4900867979123258,0.5675449375528857,0.9300066421671943,0.05151910751983471,0.011359753531358591,-0.006125276057157269,-0.0010409777610113364,0.0005719043913264839,0.00010624452529041913,-2.0684143622971796e-05,-8.104699438465783e-06,0.0,0.0,10.0
0.39849999999999985,1.4903333368872982,0.567779170794587,0.9287503264320192,0.0512747340613167,0.01154834215963257,-0.00603713120927759,-0.001035416699161376,0.0005714534115670458,0.0001098455526173139,-1.9591289155380476e-05,-8.076101807085377e-06,0.0,0.0,10.0
0.40149999999999997,1.4905602528504154,0.568001453139908,0.9274967218363771,0.051031275953344495,0.011737746581112853,-0.005948472903247269,-0.0010292344250582822,0.0005712560724967742,0.00011350435394540154,-1.8491238703754736e-05,-8.044875856299337e-06,0.0,0.0,10.0
0.4045000000000001,1.4907668733011603,0.5682117094145157,0.9262452175169271,0.05078820459617762,0.011927452097051618,-0.00585969165306311,-0.0010226905515633088,0.0005711920909290108,0.00011718022389687318,-1.739416958946229e-05,-8.012868642925093e-06,0.0,0.0,10.0
0.4075000000000002,1.4909525029405464,0.5684101883174117,0.9249954692222082,0.05054499765867778,0.012116961240704915,-0.00577117754470759,-0.0010160585803166062,0.0005711300311838387,0.0001208271104690274,-1.631206039948808e-05,-7.982291700881551e-06,0.0,0.0,10.0
0.41049999999999986,1.491116493865851,0.5685974577374343,0.9237474299481356,0.05030116101319101,0.012305796549633782,-0.005683315704753658,-0.001009618547034689,0.0005709317134107019,0.00012439511920718348,-1.52582767138596e-05,-7.955641986614571e-06,0.0,0.0,10.0
0.4135,1.4912583214556292,0.5687743857522993,0.922501367731955,0.05005625022033477,0.012493502240375536,-0.005596481653557393,-0.0010036489789196851,0.000570457216134242,0.0001278323092728126,-1.4247043749620728e-05,-7.935599315670846e-06,0.0,0.0,10.0
0.4165000000000001,1.4913776594074242,0.5689421076315685,0.9212578684934313,0.04980989062660722,0.01267964573724917,-0.005511036129421902,-0.0009984183832875593,0.000569570266389066,0.00013108670347422672,-1.3292831251030237e-05,-7.924905811588321e-06,0.0,0.0,10.0
0.4195000000000002,1.4914744475069983,0.5691019799464135,0.9200178225049084,0.04956179508349662,0.012863819880120498,-0.005427319119935928,-0.0009941765449750205,0.0005681437658615398,0.00013410841675415806,-1.2409683185969988e-05,-7.926234112091512e-06,0.0,0.0,10.0
0.4224999999999999,1.4915489459600138,0.5692555239121595,0.9187823939671919,0.04931177816642999,0.013045646392861448,-0.005345643023881776,-0.0009911459667010709,0.0005660651661481564,0.00013685179567651055,-1.1610530476861808e-05,-7.94205199136214e-06,0.0,0.0,10.0
0.4255,1.491601770599623,0.5694043611510249,0.917552974293362,0.04905976562944168,0.013224780873515737,-0.005266285063207818,-0.0009895138350491076,0.0005632413865878283,0.0001392774561826335,-1.0906528478130927e-05,-7.974491588603515e-06,0.0,0.0,10.0
0.4285000000000001,1.4916339042523856,0.569550145837337,0.9163311210901682,0.048805797770714865,0.013400919210937638,-0.00518947924378562,-0.0009894249279131062,0.0005596029699251405,0.00014135410864913217,-1.0306461550329507e-05,-8.02523152151577e-06,0.0,0.0,10.0
0.4315000000000002,1.4916466812701639,0.5696944973585405,0.915118486438842,0.04855002550713792,0.01357380498031021,-0.005115408304980876,-0.0009909758892301611,0.0005551071984704147,0.0001430600678200697,-9.81625431165329e-06,-8.095399764459443e-06,0.0,0.0,10.0
0.4344999999999999,1.4916417447648511,0.5698389370976901,0.9139167396498324,0.04829269835366198,0.013743237063246023,-0.005044196191069299,-0.000994211274552516,0.0005497399480747322,0.00014438435965712245,-9.438622752641396e-06,-8.185504225701137e-06,0.0,0.0,10.0
0.4375,1.4916209790011092,0.5699848320719715,0.912727490536453,0.04803414423544909,0.013909076540428677,-0.004975901632971407,-0.0009991217058210663,0.0005435161384856105,0.00014532735592456583,-9.17288877736391e-06,-8.295396336158773e-06,0.0,0.0,10.0
0.4405000000000001,1.4915864217855845,0.5701333477812796,0.9115522184087743,0.04777474212292792,0.014071251912492911,-0.004910513482517074,-0.001005644355242776,0.00053647874397914,0.00014590088804149705,-9.01497002311218e-06,-8.424270466067575e-06,0.0,0.0,10.0
0.4434999999999998,1.4915401625332276,0.5702854135531927,0.9103922087179374,0.04751488973976635,0.014229762004507438,-0.0048479485284336505,-0.0010136658044221237,0.0005286964509407773,0.0001461278125916343,-8.957544635845096e-06,-8.570698552254555e-06,0.0,0.0,10.0
0.4464999999999999,1.4914842308686338,0.5704417056255242,0.9092484945237436,0.04725496970146026,0.01438467645142458,-0.0047880526083414025,-0.0010230271170711491,0.0005202601716419645,0.00014604102372213577,-8.99037942429305e-06,-8.732695460862503e-06,0.0,0.0,10.0
0.4495,1.49142047968219,0.5706026538561162,0.9081217974542432,0.046995317770378534,0.014536134132984458,-0.004730605737446395,-0.00103353077921219,0.0005112787105567271,0.0001456819407708002,-9.100799781075217e-06,-8.90780779965554e-06,0.0,0.0,10.0
0.4525000000000001,1.4913504676886578,0.5707684740218449,0.9070124678749737,0.04673619564480153,0.014684339841975902,-0.004675331421070929,-0.0010449490841334997,0.0005018738861209812,0.00014509855477141522,-9.274270120363023e-06,-9.093219173970735e-06,0.0,0.0,10.0
0.4554999999999998,1.4912753487328831,0.5709392192531858,0.9059204382756539,0.046477767199170426,0.014829558654052298,-0.004621909162640758,-0.0010570336315354086,0.0004921753163403918,0.0001443431980082817,-9.495043962577517e-06,-9.285869208715004e-06,0.0,0.0,10.0
0.4584999999999999,1.4911957719586177,0.5711148384525793,0.9048452191365152,0.04622007196753703,0.014972106617560451,-0.004569987809943768,-0.0010695258185870185,0.000482314934310341,0.00014347028192894282,-9.746835798203121e-06,-9.482589544841336e-06,0.0,0.0,10.0
0.4615,1.4911117904108036,0.5712952322489011,0.9037859648103381,0.04596298820523994,0.015112336721994014,-0.004519197087571431,-0.0010821682156234103,0.0004724212668552562,0.00014253426105498754,-1.0013469140093361e-05,-9.680259634953601e-06,0.0,0.0,10.0
0.46450000000000014,1.491022818081727,0.5714802815009118,0.902741602925216,0.0457061976987116,0.01525062034152617,-0.004469157869927514,-0.0010947157519362208,0.0004626138371343179,0.00014158789506908502,-1.027947512178631e-05,-9.875964322050649e-06,0.0,0.0,10.0
0.4674999999999998,1.490927881855079,0.5716697163427654,0.9017109602651923,0.045449233541191805,0.0153873229362486,-0.004419500935603416,-0.0011069426237152358,0.0004529989431324935,0.00014068035975106307,-1.0530656604866621e-05,-1.0067079905019796e-05,0.0,0.0,10.0
0.4704999999999999,1.490826704037311,0.5718625297183539,0.9006927762660004,0.04519177622137621,0.015522767634907822,-0.004369913615621579,-0.0011186373848338417,0.00044366893536586433,0.0001398541843028228,-1.0754669498650021e-05,-1.0251159614951885e-05,0.0,0.0,10.0
0.47350000000000003,1.4907215836201175,0.5720559634413787,0.899685576152551,0.04493419142935531,0.015657189711504486,-0.004320212895151503,-0.0011295860287439934,0.00043470505417387385,0.00013914106546818636,-1.0941611705264428e-05,-1.0425620053503868e-05,0.0,0.0,10.0
0.47650000000000015,1.4906172536496005,0.5722457157527069,0.8986876734384605,0.04467750332293245,0.015790740002378255,-0.004270353400741799,-0.0011395761640861422,0.0004261753746655253,0.00013856153769918925,-1.1084343682199356e-05,-1.0587779840406054e-05,0.0,0.0,10.0
0.4794999999999998,1.4905139549613295,0.5724301300498548,0.8976977788990107,0.0444214615729202,0.01592363349579044,-0.004220222022429469,-0.001148477933238149,0.0004181141081544583,0.00013813671759737778,-1.117809183892148e-05,-1.0736149104873038e-05,0.0,0.0,10.0
0.48249999999999993,1.49040025294034,0.5726153166102574,0.8967149814501143,0.044162147218132324,0.0160564719244283,-0.004169361619516447,-0.001156357984649441,0.0004104955300025572,0.00013790515726784554,-1.1219577448647464e-05,-1.0872156084813899e-05,0.0,0.0,10.0
0.48550000000000004,1.4902625742004436,0.5728085375583168,0.8957389832753411,0.04389515549597117,0.016189818409599953,-0.004117341787780996,-0.0011633326502587208,0.0004032694750787897,0.00013790180670715773,-1.1208062710773167e-05,-1.0997840406073227e-05,0.0,0.0,10.0
0.48850000000000016,1.490108114439307,0.5730027587257802,0.8947699808517,0.04362298295032542,0.01632327487574577,-0.004064593094399664,-0.001169230720220247,0.00039644154254670063,0.00013810921040212915,-1.1147639687218814e-05,-1.1110657812873914e-05,0.0,0.0,10.0
0.4914999999999998,1.4899495010753445,0.5731871157333029,0.8938086797907331,0.04335013044443921,0.016456081519361336,-0.004011821375251962,-0.0011738167042520463,0.00039002316421957194,0.00013849053657089103,-1.104492660759407e-05,-1.120701178079227e-05,0.0,0.0,10.0
0.49449999999999994,1.4897736321988084,0.5733682512876019,0.8928562761025816,0.04307306239634485,0.016588398774917305,-0.0039588432789887116,-0.0011772549725122773,0.00038392914099786175,0.00013905715715793366,-1.0904883029693548e-05,-1.1289375830273647e-05,0.0,0.0,10.0
0.49750000000000005,1.4895832409136067,0.5735462234559409,0.8919107083740476,0.04279165970644377,0.016720463432569232,-0.0039057978535923504,-0.0011796461430405335,0.0003780968558099554,0.00013980013825942746,-1.0733529256678207e-05,-1.1358868452678568e-05,0.0,0.0,10.0
0.5005000000000002,1.4893815140102729,0.5737213265049061,0.8909698057990475,0.04250604094203965,0.016852458585961082,-0.003852835764880269,-0.0011811191655476208,0.00037246407593347373,0.00014070455851487515,-1.0536892669033404e-05,-1.1416905165016104e-05,0.0,0.0,10.0
0.5034999999999998,1.4891691405513154,0.5738941427241868,0.8900329422886204,0.042216546146730864,0.016984242558644627,-0.0038001385279721376,-0.0011818040006703779,0.00036697615099369935,0.00014174657886134584,-1.0320907128371457e-05,-1.1464872892529636e-05,0.0,0.0,10.0
0.5065,1.4889447079258378,0.5740655355837941,0.88910075006672,0.0419237214510275,0.017115404989196562,-0.0037479017149417175,-0.001181833155443539,0.00036158816134850637,0.0001428951237884811,-1.0091175088396181e-05,-1.1504094070835135e-05,0.0,0.0,10.0
0.5095000000000001,1.4887064802765242,0.5742366356496506,0.8881740487368196,0.04162827677051201,0.017245458237348587,-0.0036963038335949367,-0.0011813534011654886,0.00035626370206830676,0.0001441158737022067,-9.85280807710122e-06,-1.1535899426886809e-05,0.0,0.0,10.0
0.5125000000000002,1.4884535153840703,0.5744087959409212,0.8872532251524923,0.041331028802213184,0.017373957397826212,-0.0036454862737431066,-0.001180528460025844,0.00035097273905270365,0.0001453748396884964,-9.610498969917445e-06,-1.1561621456028592e-05,0.0,0.0,10.0
0.5154999999999998,1.48818576465855,0.5745834930910773,0.8863382813491163,0.0410328403337325,0.017500513182636707,-0.0035955466131777553,-0.0011795313230929154,0.0003456892845025244,0.0001466408922236162,-9.368731792053443e-06,-1.1582515457171412e-05,0.0,0.0,10.0
0.5185,1.487903715037105,0.5747621825229354,0.8854291984011009,0.040734554468101335,0.017624756933580614,-0.0035465358037176462,-0.0011785337796048976,0.0003403888460991416,0.00014788768532076943,-9.131930845778434e-06,-1.1599703455009479e-05,0.0,0.0,10.0
0.5215000000000001,1.4876080099856888,0.5749461644591204,0.8845262879231749,0.04043691309896047,0.01774631134233831,-0.0034984532017133677,-0.0011776986605509592,0.0003350459213188668,0.00014909519134862956,-8.90441489219695e-06,-1.1614196996469067e-05,0.0,0.0,10.0
0.5245000000000002,1.487299195263912,0.5751365041911406,0.8836303662692372,0.04014047543549936,0.017864786975984624,-0.0034512437415838465,-0.0011771745189137592,0.0003296325082442372,0.00015025046821436438,-8.690152898781872e-06,-1.162696880824284e-05,0.0,0.0,10.0
0.5274999999999999,1.4869779427860677,0.5753338187785324,0.8827426563726978,0.03984566766013861,0.01797979724431144,-0.003404816149860843,-0.0011770856804322936,0.00032411959079763444,0.0001513466099428653,-8.492443250509794e-06,-1.163894057269048e-05,0.0,0.0,10.0
0.5305,1.4866467704418789,0.5755373101122991,0.881864345907808,0.039553270290057035,0.01809096026643246,-0.0033591151962082235,-0.0011775040072956324,0.00031848453023739946,0.00015237818160348444,-8.313712789202392e-06,-1.1650660207564523e-05,0.0,0.0,10.0
0.5335000000000001,1.486313698259552,0.5757427353094096,0.8809958852249914,0.03926545063223786,0.018197862915064797,-0.0033142531035755584,-0.0011783987606223724,0.00031272444282056414,0.00015333306430641164,-8.155551354722837e-06,-1.1661608217492847e-05,0.0,0.0,10.0
0.5365000000000002,1.4859933179761164,0.575941892586238,0.880136595803002,0.038986062663461676,0.01830007424415572,-0.003270560162823689,-0.0011796200612623087,0.0003068618535434557,0.00015418904413965214,-8.018715103178045e-06,-1.1669969885970347e-05,0.0,0.0,10.0
0.5394999999999999,1.4856950981036436,0.576129506867285,0.8792856066452894,0.03871741710820274,0.01839743401026852,-0.0032282668162299365,-0.0011810351991335159,0.0003009150031044686,0.0001549322627658068,-7.90246790039655e-06,-1.1674640720427188e-05,0.0,0.0,10.0
0.5425,1.4854046142177662,0.5763148893641611,0.878443053785496,0.038454747817938784,0.018490642138100057,-0.003186934032536249,-0.0011827787646774381,0.00029484418438391026,0.00015559167179229696,-7.80348997770826e-06,-1.1678772580355008e-05,0.0,0.0,10.0
0.5455000000000001,1.4850936038807774,0.5765149190208645,0.8776106042378542,0.038189314657557025,0.01858081813901712,-0.003145787788267577,-0.0011851202042731913,0.00028858422346917994,0.00015621874842057862,-7.717242771842298e-06,-1.168761470078298e-05,0.0,0.0,10.0
0.5485000000000002,1.484766310160023,0.576724358417577,0.8767901719660691,0.037922034946774964,0.018667904884213493,-0.0031051263180793794,-0.0011878684798341266,0.0002821796651814148,0.00015680131894206658,-7.641923169147269e-06,-1.169959941081568e-05,0.0,0.0,10.0
0.5514999999999999,1.4844434469938983,0.5769256354890246,0.8759849946438877,0.03765889709484919,0.01875109995811978,-0.00306582751909248,-0.0011905792480353939,0.0002757390764899341,0.00015729163473191248,-7.577591916955628e-06,-1.17092804708775e-05,0.0,0.0,10.0
0.5545,1.4840990262142113,0.5771287014947051,0.8752023570638036,0.03739257554755065,0.01883088515606613,-0.003027431963297328,-0.0011933784389100172,0.00026925225641486925,0.0001577222784861748,-7.521712820534723e-06,-1.171922983710352e-05,0.0,0.0,10.0
0.5575000000000001,1.483731579286416,0.5773314812750474,0.8744460087738021,0.037120890986051404,0.01890767163446257,-0.002989903820352511,-0.0011962251560362841,0.0002627569201704025,0.00015810139810363695,-7.4729509311169975e-06,-1.1729081528680285e-05,0.0,0.0,10.0
0.5605000000000002,1.4833439617402366,0.5775314944525287,0.8737177888186618,0.03684180602043681,0.01898204289288163,-0.0029530836767994967,-0.0011991141363539826,0.0002562822617221784,0.00015844268647739903,-7.429713384225683e-06,-1.1738825027577526e-05,0.0,0.0,10.0
0.5634999999999999,1.4829410732972308,0.5777262607607321,0.873018409898475,0.03655369786565075,0.01905439396128942,-0.002916684822463418,-0.0012020408951639644,0.00024984280104198205,0.0001587623097440826,-7.389848208701333e-06,-1.1748738495582517e-05,0.0,0.0,10.0
0.5665,1.4825285327844895,0.5779138335472424,0.8723474642536074,0.036255625994372806,0.019124724188754664,-0.0028803102798628127,-0.0012049707397490436,0.00024343509292554827,0.00015907588264255472,-7.350403033552273e-06,-1.1759279983452039e-05,0.0,0.0,10.0
0.5695000000000001,1.4821118759628076,0.5780935648544013,0.871702723203488,0.03594747124451506,0.019192659258245592,-0.0028435070593930962,-0.0012078199972325803,0.00023704124398706984,0.00015939543629567843,-7.307740719739699e-06,-1.177087514098574e-05,0.0,0.0,10.0
0.5724999999999998,1.4816953963177122,0.5782669929006111,0.8710792603336339,0.035629917218224234,0.019257668695904236,-0.002805871030391086,-0.0012104503304966848,0.00023064193494119425,0.00015972579594328114,-7.258239192905015e-06,-1.1783521903007353e-05,0.0,0.0,10.0
0.5754999999999999,1.4812806292692808,0.5784385142849161,0.8704688668670592,0.035304284831496856,0.019319401369086633,-0.002767174104751136,-0.0012126793552911207,0.000224235434396925,0.00016006138695634929,-7.199409817014018e-06,-1.179633065067635e-05,0.0,0.0,10.0
0.5785,1.4808652418692183,0.5786152938251851,0.8698603553927372,0.034972228861905416,0.01937799138421638,-0.002727441712385521,-0.0012143105027129523,0.0002178521957341435,0.00016038586352565723,-7.130826345674527e-06,-1.1807317676141763e-05,0.0,0.0,10.0
0.5815000000000001,1.4804429952386906,0.5788060172393992,0.8692414009830166,0.034635261047684295,0.019434154835260935,-0.002686899140788911,-0.0012151814986351706,0.00021155246596505086,0.00016067697759241084,-7.054107392769594e-06,-1.1813810974844924e-05,0.0,0.0,10.0
0.5844999999999998,1.48000441827458,0.5790189254936503,0.8686019277526525,0.03429400807600353,0.0194890016610433,-0.0026457551682589897,-0.0012152264018515627,0.00020540101628068404,0.00016091736944266592,-6.971610519933434e-06,-1.1813607810172715e-05,0.0,0.0,10.0
0.5874999999999999,1.4795366993837598,0.5792606239885966,0.8679377719577823,0.03394717609178133,0.019543692835080728,-0.002603893389953948,-0.0012145385608932086,0.00019942742237516147,0.00016110853795121553,-6.884378875089956e-06,-1.180655547100002e-05,0.0,0.0,10.0
0.5905,1.4790228945820176,0.5795364136607435,0.8672523743078403,0.03359083687832668,0.019599173617551792,-0.002560669314379007,-0.0012133958061370633,0.0001935965103684899,0.00016127963285907093,-6.790680601719076e-06,-1.179555708537274e-05,0.0,0.0,10.0
0.5935000000000001,1.4784478317626966,0.5798482198867819,0.8665545298132931,0.033220359359124624,0.01965599395695064,-0.0025151394501116125,-0.001212147155477546,0.00018782579908091407,0.00016147412876995173,-6.686586713087291e-06,-1.1785173920513125e-05,0.0,0.0,10.0
0.5964999999999998,1.4778215486236905,0.5801832939141537,0.8658522211899644,0.0328376104422666,0.019713934364683727,-0.0024669476666412567,-0.0012108625731828881,0.0001820729835799206,0.00016170003211183316,-6.568962390488655e-06,-1.177642969511965e-05,0.0,0.0,10.0
0.5994999999999999,1.4771969646336576,0.5805061308115554,0.8651471297028076,0.03245649622539349,0.019771823905860592,-0.0024170627155735537,-0.0012090620419299776,0.00017641278958989006,0.00016188986730116697,-6.4382534324726345e-06,-1.1762631799259105e-05,0.0,0.0,10.0
0.6025,1.476614752508608,0.5807986037580231,0.8644318576416121,0.03208534500351398,0.019830444322328847,-0.0023660717321708426,-0.0012065461405302688,0.00017087982036470464,0.00016201588923817647,-6.295018285766455e-06,-1.1740462014390256e-05,0.0,0.0,10.0
0.6055000000000001,1.4759886046124369,0.5811145452433483,0.8637114948708745,0.03170146029403295,0.01989293889592961,-0.002311903549485163,-0.0012043472419799323,0.0001652457927922636,0.00016222125322332687,-6.135471776240275e-06,-1.1723709412080455e-05,0.0,0.0,10.0
0.6084999999999998,1.4753142450551064,0.5814535208419163,0.8629919664520704,0.03130717228500329,0.01995868982566836,-0.0022550819288443278,-0.0012023387497867833,0.00015952728724909595,0.00016248413860287878,-5.96186409191142e-06,-1.171015788735439e-05,0.0,0.0,10.0
0.6114999999999999,1.474859012088696,0.5816713474547791,0.8622458199953369,0.030969498401470424,0.020022824331181587,-0.0022019881617238637,-0.0011978420024924676,0.00015431635967245533,0.00016242609876125866,-5.787508157103697e-06,-1.166166573156781e-05,0.0,0.0,10.0
0.6145,1.47443896112036,0.5819019703460093,0.8614687506398411,0.03062917250992096,0.02009531670535882,-0.002146728988019693,-0.0011938493756358298,0.00014902474675073044,0.00016245794934185008,-5.599175716089813e-06,-1.161747335138338e-05,0.0,0.0,10.0
0.6175000000000002,1.4741100453485327,0.5821265651741087,0.8606457919238683,0.03029539168148056,0.02017786729921022,-0.0020899740017226104,-0.001190383448386376,0.00014370215456714776,0.00016257279543562713,-5.397656978057432e-06,-1.1575903708834653e-05,0.0,0.0,10.0
0.6204999999999998,1.4738446478048841,0.582342309407175,0.8597932806857227,0.029969862393972042,0.02026820167798754,-0.0020321165098377515,-0.001187463218362485,0.00013836356590205047,0.0001627585960000253,-5.184489307895346e-06,-1.1536304047773649e-05,0.0,0.0,10.0
0.6234999999999999,1.4735745835793117,0.5825459222493741,0.8589487851923243,0.02965417672272558,0.02036052465523096,-0.0019738756640801714,-0.0011848713323874146,0.0001330462045838286,0.00016296742313785532,-4.962601220203783e-06,-1.149566046915149e-05,0.0,0.0,10.0
0.6265000000000001,1.4732327985466394,0.5827337991268429,0.8581479134938839,0.02934976839291196,0.020449190961548677,-0.0019160137494869912,-0.0011824295157427708,0.00012778885617670241,0.0001631568461061681,-4.734808637157735e-06,-1.1451490370373426e-05,0.0,0.0,10.0
0.6295000000000002,1.4727819252746233,0.5829026358362301,0.8574087172966289,0.029057585288804328,0.020531226198134463,-0.001859142685597444,-0.001180182283240382,0.00012261918850545262,0.00016331772642429654,-4.503007618108808e-06,-1.1403739626245713e-05,0.0,0.0,10.0
0.6324999999999998,1.4722171151762102,0.5830506702308434,0.8567313659252251,0.02877744531834628,0.020606351412868713,-0.0018036896493596937,-0.0011783730334396104,0.00011755152171298312,0.0001634711845962416,-4.268279056619015e-06,-1.1354438756953887e-05,0.0,0.0,10.0
0.6355,1.4715548490039996,0.5831795401737039,0.8561063158775039,0.028507198140564943,0.02067551680729532,-0.001749915454437652,-0.0011772936031805266,0.00011258612030250419,0.00016364697354092774,-4.03127248153099e-06,-1.1306013982617229e-05,0.0,0.0,10.0
0.6385000000000001,1.4708217273045276,0.583296027609348,0.8555221104118709,0.028242170239187243,0.020739435091696665,-0.001697920524699438,-0.0011771387407116325,0.00010770696938763569,0.0001638630596751272,-3.7924630152484524e-06,-1.1259738813524069e-05,0.0,0.0,10.0
0.6415000000000002,1.470047598016936,0.5834125770722544,0.8549690929584363,0.02797541401084967,0.02079789002976497,-0.0016476682350797434,-0.0011779441627870046,0.00010288309028733152,0.00016411784715158044,-3.5523567144178223e-06,-1.121522210028972e-05,0.0,0.0,10.0
0.6444999999999999,1.4692606203905145,0.583545962180372,0.8544397607909842,0.027698826061451406,0.02084984184495135,-0.0015990578609327013,-0.0011796161149919295,9.807721420379945e-05,0.0001643954316711011,-3.3117891679848282e-06,-1.1170965285922666e-05,0.0,0.0,10.0
0.6475,1.4684821423021974,0.5837143050332758,0.853927719502228,0.027404642535031897,0.020893992883233948,-0.0015520086074157166,-0.001182013508417337,9.325774052984616e-05,0.0001646774909920498,-3.0721706220544726e-06,-1.1125439173045921e-05,0.0,0.0,10.0
0.6505000000000001,1.4677236108628842,0.5839324608511345,0.8534265153373859,0.027086960418817318,0.02092938807495204,-0.0015065011974638616,-0.0011850150668842583,8.840762968920765e-05,0.00016495217819651942,-2.8353655755324226e-06,-1.1077821558850736e-05,0.0,0.0,10.0
0.6535000000000002,1.4669925873863723,0.5842039152297416,0.8529284546062074,0.02674414347987079,0.020955627393143546,-0.0014626487158707403,-0.0011884757304912303,8.353572839711325e-05,0.00016520743452883027,-2.603240301567035e-06,-1.1027241729843852e-05,0.0,0.0,10.0
0.6564999999999999,1.4663119366010953,0.5845083820718482,0.8524229649765049,0.02638304293412706,0.02097248309417045,-0.001420932032917654,-0.0011920198295260818,7.870255517603636e-05,0.00016540228427316128,-2.377374740079256e-06,-1.096995079038946e-05,0.0,0.0,10.0
0.6595,1.4657259966211338,0.5848005737726838,0.8518961000399972,0.02601898623415068,0.020979660321453684,-0.001382145122730785,-0.0011949653743053414,7.401494705797947e-05,0.0001654562700567395,-2.1585801067418607e-06,-1.0898303746167073e-05,0.0,0.0,10.0
0.6625000000000001,1.4652349670824938,0.5850554743745577,0.8513342458253453,0.025656316759574888,0.020978824025992767,-0.00134570735853343,-0.0011971197350776448,6.945830305775283e-05,0.00016535732981853453,-1.944028890694151e-06,-1.0811088596304357e-05,0.0,0.0,10.0
0.6655000000000002,1.4647064796114546,0.5853242545942944,0.8507337585204291,0.025265111749450044,0.02097550547175928,-0.0013077933775914184,-0.0011997401005099993,6.470793443309212e-05,0.00016529069210124547,-1.7247018025211836e-06,-1.072603041303356e-05,0.0,0.0,10.0
0.6684999999999999,1.4640686461492545,0.5856256321130953,0.8500885431455586,0.024830954816258636,0.02097326192735042,-0.0012660683252298144,-0.0012033435836356697,5.959226415533606e-05,0.00016534081881452143,-1.4954242784924365e-06,-1.0651220174274239e-05,0.0,0.0,10.0
0.6715,1.463516767516875,0.5858245012119353,0.8493784229227336,0.024409841990825732,0.02096690361112195,-0.0012248394426192068,-0.0012053042506965656,5.45894406312267e-05,0.00016516474065630151,-1.265078012025419e-06,-1.0554202008543302e-05,0.0,0.0,10.0
0.6745000000000001,1.4629184956533527,0.5859760701049989,0.8486214150329302,0.023976679906566975,0.020958699762910055,-0.0011814738618345785,-0.0012065831092454946,4.947446701659181e-05,0.00016489944831386995,-1.0306939054761426e-06,-1.0449360261376835e-05,0.0,0.0,10.0
0.6775000000000002,1.4622489826765825,0.5860795655295931,0.8478331704813088,0.023534148759237743,0.02094781950049771,-0.0011360660294818584,-0.0012070806240713175,4.42732707327641e-05,0.0001645320031438054,-7.954848403317023e-07,-1.0337057491171464e-05,0.0,0.0,10.0
0.6804999999999999,1.4615044015137528,0.5861386212923112,0.8470254979626185,0.02308585086111829,0.020934529552600986,-0.00108887566623419,-0.0012068528740330157,3.9013154070491636e-05,0.00016406394641575435,-5.638512379544894e-07,-1.0218976548577542e-05,0.0,0.0,10.0
0.6835,1.460701294451306,0.5861624826585137,0.8462056769067644,0.02263493247362884,0.020920000043565125,-0.0010401287581513479,-0.0012060537397740074,3.3706272235758674e-05,0.00016350457506504699,-3.4078364785453915e-07,-1.0097508323447547e-05,0.0,0.0,10.0
0.6865000000000001,1.4598660161034396,0.5861650774277704,0.8453801873265093,0.022183344988662593,0.020905390374955743,-0.0009899483429062726,-0.0012048191575485866,2.8347828344044068e-05,0.00016285750902094175,-1.3158867250014135e-07,-9.974694383271319e-06,0.0,0.0,10.0
0.6894999999999998,1.4590237795571641,0.5861618185651505,0.8445565005496922,0.02173190098630413,0.020891393522047594,-0.0009383397601189476,-0.0012032093182446518,2.2922696143775524e-05,0.00016211627025256606,5.839483110460477e-08,-9.851867462238621e-06,0.0,0.0,10.0
0.6924999999999999,1.458191929364897,0.5861653065972837,0.8437415283761238,0.021280836906056384,0.020878429486310596,-0.0008851825218266174,-0.0012012162317729892,1.7413353351191772e-05,0.000161268746687564,2.242612243177454e-07,-9.729894031606814e-06,0.0,0.0,10.0
0.6955,1.4573774761766582,0.5861820533465918,0.8429390271681586,0.020830314466339858,0.020867036265300308,-0.0008302149924688568,-0.0011987916531589267,1.1803793146896912e-05,0.00016030318246902653,3.621486822896887e-07,-9.609450234131741e-06,0.0,0.0,10.0
0.6985000000000001,1.456578015622298,0.5862117091480746,0.8421482546169452,0.020380575587634644,0.020858067269343816,-0.000773036116871649,-0.001195866195195851,6.079368421777128e-06,0.00015921114591091332,4.6976060148040644e-07,-9.491049264189522e-06,0.0,0.0,10.0
0.7014999999999998,1.4557849734718378,0.5862487984923563,0.8413646659366618,0.019931866910160974,0.020852612478959767,-0.0007131574090377459,-0.001192361137385621,2.260133474968619e-07,0.0001579877975497654,5.465522831768806e-07,-9.374930660101969e-06,0.0,0.0,10.0
0.7044999999999999,1.4549877097216022,0.5862857938969775,0.8405821107917482,0.019484383810814947,0.0208517647267301,-0.0006501081831435107,-0.0011882040609874928,-5.768715167617535e-06,0.0001566314858523485,5.935196924367427e-07,-9.2610151076213e-06,0.0,0.0,10.0
0.7075,1.4541769918806802,0.586316063382912,0.8397953655964758,0.01903834700412351,0.02085638787729695,-0.0005835576242429241,-0.0011833508957801565,-1.1913514864065438e-05,0.00015514366513142327,6.127240888477399e-07,-9.148994668002022e-06,0.0,0.0,10.0
0.7105000000000001,1.4533469433887523,0.5863356895310392,0.839001917470458,0.018594137368989388,0.020866977466815546,-0.0005134055227169999,-0.0011778072720553857,-1.8212537955594287e-05,0.0001535287848045379,6.067404559689192e-07,-9.038495342005178e-06,0.0,0.0,10.0
0.7134999999999998,1.4524953868897317,0.5863439035077548,0.838202469194199,0.018152344755520643,0.020883618996726333,-0.0004398151780036804,-0.0011716406392132755,-2.466735241407498e-05,0.00015179348119654276,5.781419892478128e-07,-8.929223832179663e-06,0.0,0.0,10.0
0.7164999999999999,1.451623078925329,0.5863424675875187,0.8374002768052685,0.017713648877856102,0.020906000121306716,-0.00036319384038518965,-0.001164979721310292,-3.1281043997248926e-05,0.00014994493427230386,5.29051172663618e-07,-8.821055908851251e-06,0.0,0.0,10.0
0.7195,1.4507325048686464,0.5863345774126675,0.8365998440626461,0.017278565657224795,0.02093343535661276,-0.0002841435874087334,-0.0011580034336492984,-3.8062477555209484e-05,0.00014798890517279405,4.607852491412674e-07,-8.714066413711282e-06,0.0,0.0,10.0
0.7225000000000001,1.4498267659695792,0.5863237852607075,0.8358055781012086,0.016847177109322386,0.020964894917022026,-0.00020340258297136111,-0.001150923388081218,-4.5028568439251354e-05,0.00014592828579694552,3.73679640557921e-07,-8.608510768217102e-06,0.0,0.0,10.0
0.7254999999999998,1.4489088341154726,0.586313231042633,0.8350208452808907,0.016418976153593116,0.020999058846032283,-0.00012178359810546412,-0.0011439626792662482,-5.220296244740516e-05,0.00014376291654191856,2.6720976205211757e-07,-8.504759548802221e-06,0.0,0.0,10.0
0.7284999999999999,1.4479812219672779,0.5863052576810573,0.8342476076271625,0.015992904689410666,0.021034421411521554,-4.010711117345742e-05,-0.0011373314641236348,-5.961035325709722e-05,0.00014149108813324497,1.4049539190224404e-07,-8.4031844305421e-06,0.0,0.0,10.0
0.7315,1.4470459765697872,0.5863013536968507,0.833486588527569,0.015567578312549082,0.02106944905482815,4.08731777876227e-05,-0.0011311995601737568,-6.726677938216279e-05,0.00013911265216611695,-6.835645424058275e-09,-8.304003841644986e-06,0.0,0.0,10.0
0.7345000000000002,1.4461048497309508,0.5863023117290025,0.832737771986242,0.015141616037527063,0.021102764802773098,0.00012054634433917238,-0.001125668579834231,-7.51676884679884e-05,0.0001366331122106002,-1.7358507514892367e-07,-8.207114203065639e-06,0.0,0.0,10.0
0.7374999999999998,1.4451595028082078,0.5863084903967404,0.8320009956311838,0.014713958910036413,0.021133312221522583,0.00019850688680221316,-0.0011207494274345984,-8.327697562966257e-05,0.0001340675854462092,-3.559993854209778e-07,-8.111947987494225e-06,0.0,0.0,10.0
0.7404999999999999,1.4442116436436754,0.5863200903459485,0.8312764365756962,0.014284076035948945,0.02116045316457168,0.0002745864174772796,-0.0011163527094756646,-9.152085186606894e-05,0.0001314433044595915,-5.471863033845548e-07,-8.017405336585592e-06,0.0,0.0,10.0
0.7435,1.4432630509631514,0.5863373851317211,0.8305648767549018,0.013852007274853792,0.02118397401407453,0.00034884256731060716,-0.0011122978810330878,-9.978963736262758e-05,0.00012879954082906168,-7.372007863868302e-07,-7.92189659657387e-06,0.0,0.0,10.0
0.7465000000000002,1.4423154987708122,0.5863608748466651,0.829867731041984,0.013418253293457022,0.02120400443671214,0.00042150529592708337,-0.001108341869155209,-0.00010794837813287102,0.0001261845061755476,-9.139038832358873e-07,-7.823507465279841e-06,0.0,0.0,10.0
0.7494999999999998,1.4413706326168245,0.5863913524890851,0.8291868952041713,0.012983570884130977,0.02122087833539769,0.0004928938136260228,-0.0011042215169486944,-0.00011585429230688466,0.00012364973802639974,-1.0644619108360235e-06,-7.72026166825767e-06,0.0,0.0,10.0
0.7525,1.4404298597500322,0.5864298904324209,0.8285245054955792,0.01254874984769237,0.021234979729272078,0.0005633259114725336,-0.0010996993310227225,-0.00012337664836095555,0.00012124335073789687,-1.1771300746745086e-06,-7.610421048910859e-06,0.0,0.0,10.0
0.7555000000000001,1.4394942969789397,0.5864777675856938,0.8278826985590089,0.012114436787407989,0.021246614137298458,0.0006330424951601292,-0.0010946008545122895,-0.0001304138014345939,0.00011900395353412229,-1.2428506089901362e-06,-7.492745541526533e-06,0.0,0.0,10.0
0.7585000000000002,1.4385647867644895,0.5865363658877876,0.827263432258871,0.011681041536610514,0.021255931989791463,0.0007021636761205458,-0.0010888349678521356,-0.00013690313800384486,0.00011695681129349827,-1.2562491587762364e-06,-7.366645696373659e-06,0.0,0.0,10.0
0.7614999999999998,1.4376419620375789,0.586607065598074,0.8266683916866907,0.011248728727709652,0.0212629113754247,0.0007706818882452287,-0.0010823941525443042,-0.00014282213186690484,0.00011511304022267001,-1.2158173940882764e-06,-7.232195441874174e-06,0.0,0.0,10.0
0.7645,1.4367263268681558,0.5866911617682943,0.8260989734664657,0.010817472640095294,0.021267390128162256,0.000838486484352231,-0.0010753378112712084,-0.00014818153504198475,0.00011347162989166313,-1.123336848203918e-06,-7.090017608892347e-06,0.0,0.0,10.0
0.7675000000000001,1.4358183252857282,0.5867898119771112,0.8255563230122961,0.010387143469738933,0.021269126838601167,0.0009054068936382553,-0.0010677658525123292,-0.0001530138027669297,0.00011202327944350047,-9.82816205451416e-07,-6.941090382422884e-06,0.0,0.0,10.0
0.7705000000000002,1.4349183857567398,0.586904013250491,0.8250413946309855,0.009957595953030807,0.021267868454917144,0.0009712595085072978,-0.0010597907900716317,-0.0001573605333190104,0.00011075471162812567,-7.993030164380584e-07,-6.786536415388087e-06,0.0,0.0,10.0
0.7734999999999999,1.4340269424986485,0.5870345991048763,0.8245550099070996,0.009528741079789424,0.021263407124292026,0.0010358864688398033,-0.0010515148842237562,-0.00016126202918574403,0.00010965231689714778,-5.77880560384988e-07,-6.6274467540072e-06,0.0,0.0,10.0
0.7765,1.4331444401222204,0.587182247464292,0.8240979002487455,0.009100592377125172,0.021255617277492436,0.001099180171191344,-0.001043015671045184,-0.00016475063157171918,0.00010870449260159003,-3.230220741066246e-07,-6.464768002284607e-06,0.0,0.0,10.0
0.7795000000000001,1.4322713258832023,0.5873474944231877,0.8236707297275285,0.008673286231976418,0.021244471960224824,0.0011610929829551065,-0.0010343400947053888,-0.00016784797779548973,0.0001079026035349795,-3.8322651472931565e-08,-6.2992557946080285e-06,0.0,0.0,10.0
0.7825000000000002,1.4314080297467309,0.5875307531637802,0.8232741012301779,0.008247080118605789,0.021230042619679944,0.0012216354038493507,-0.0010255053855092672,-0.00017056530974134243,0.00010724088314199874,2.734776735416266e-07,-6.13147998516675e-06,0.0,0.0,10.0
0.7854999999999999,1.4305549317254842,0.587732338602236,0.8229085516340939,0.007822334372249091,0.021212488345763,0.0012808672284031698,-0.001016504076695093,-0.00017290558639002706,0.00010671573996104483,6.103064206955846e-07,-5.961860117269797e-06,0.0,0.0,10.0
0.7885,1.4297123198405526,0.5879524961170246,0.8225745412234536,0.007399483604684299,0.021192039779364895,0.0013388856729789431,-0.001007310808335481,-0.00017486628682311976,0.00010632487643398049,9.705193407887259e-07,-5.7907115726406605e-06,0.0,0.0,10.0
0.7915000000000001,1.4288803480004657,0.5881914289736846,0.8222724406200752,0.006979003745871996,0.021168980962449045,0.0013958129689126977,-0.0009978892938789675,-0.00017644216677767678,0.00010606647154288117,1.3526809854950646e-06,-5.618288966801748e-06,0.0,0.0,10.0
0.7945000000000002,1.428059006988158,0.5884493165610793,0.822002516636369,0.006561380098034044,0.021143630552884773,0.0014517845002411573,-0.0009881985817375275,-0.0001776276199444535,0.00010593852194181994,1.755394738308791e-06,-5.444820032096425e-06,0.0,0.0,10.0
0.7974999999999999,1.4272481204769467,0.5887263162816918,0.8217649174840225,0.006147080464233604,0.02111632272235568,0.0015069376716817435,-0.0009781983083290396,-0.00017841857147826406,0.00010593833292973744,2.177182698963887e-06,-5.270528382625188e-06,0.0,0.0,10.0
0.8005,1.4264473710174606,0.5890225462190521,0.821559657794927,0.005736535275525069,0.021087387792830734,0.0015614014040678857,-0.000967852975560086,-0.0001788139737102698,0.00010606211118132428,2.6164024343161646e-06,-5.095646764091804e-06,0.0,0.0,10.0
0.8035000000000001,1.4256563506237128,0.5893380520590955,0.8213866045579077,0.0053301240807781015,0.021057132979753545,0.0016152862848943974,-0.0009571354473685004,-0.0001788170155425624,0.00010630461829624214,3.0711860973863468e-06,-4.920424008895151e-06,0.0,0.0,10.0
0.8065000000000002,1.4248746213698427,0.5896727674529256,0.8212454657853332,0.004928165642955797,0.021025824101185805,0.0016686756804871956,-0.0009460299018737981,-0.00017843614066208647,0.00010665887150079439,3.53939195876833e-06,-4.745129343632819e-06,0.0,0.0,10.0
0.8094999999999999,1.4241017677538967,0.5900264793571381,0.8211357840039054,0.0045309081382984406,0.020993669433173733,0.0017216183149080797,-0.0009345344273275795,-0.0001776859273594512,0.0001071159027469121,4.018564257776088e-06,-4.570057140400892e-06,0.0,0.0,10.0
0.8125,1.4233374265210725,0.5903988076317118,0.8210569362829263,0.004138516991961009,0.02096080685980459,0.0017741228229549814,-0.0009226633320166399,-0.00017658783333793324,0.00010766459793243243,4.505901789964541e-06,-4.395533846571565e-06,0.0,0.0,10.0
0.8155000000000001,1.4225812893037681,0.5907892024152346,0.8210081415878733,0.0037510602136784452,0.020927295108040117,0.0018261546039062973,-0.000910449088440448,-0.00017517076525043894,0.00010829163335941396,4.998237968580262e-06,-4.2219270662302395e-06,0.0,0.0,10.0
0.8184999999999998,1.421833083890785,0.5911969564864438,0.820988475159408,0.0033684935040595083,0.02089310935976981,0.001877635045199135,-0.0008979437088802208,-0.00017347140562722264,0.00010898151419189484,5.492035558674451e-06,-4.049655221666005e-06,0.0,0.0,10.0
0.8214999999999999,1.4210925460586636,0.5916212260357171,0.8209968887889948,0.002990648645785583,0.020858141120124803,0.001928442974863446,-0.0008852193065799978,-0.00017153422651159641,0.00010971670878266137,5.983398661916399e-06,-3.879195471172624e-06,0.0,0.0,10.0
0.8245,1.420359393440962,0.5920610533707273,0.821032235513943,0.0026172282583262485,0.02082220201887684,0.001978418106054854,-0.0008723676511229627,-0.00016941113905212472,0.00011047786867048206,6.468103521811184e-06,-3.711087796963152e-06,0.0,0.0,10.0
0.8275000000000001,1.4196333075064693,0.5925153881116555,0.8210932973220965,0.0022478083247767957,0.020785031206646248,0.0020273662412099735,-0.0008594986486184467,-0.00016716076279266792,0.0001112441261807642,6.941648693463187e-06,-3.5459341196477456e-06,0.0,0.0,10.0
0.8304999999999998,1.4189139231418784,0.5929831071490651,0.8211788147016987,0.0018818479655756443,0.02074630605946544,0.0020750660415546564,-0.0008467378129151346,-0.0001648473351265218,0.00011199346554353605,7.399324166270024e-06,-3.3843924035927463e-06,0.0,0.0,10.0
0.8334999999999999,1.4182008207209937,0.5934630361796976,0.8212875170828923,0.0015187045353276644,0.02070565591373035,0.0021212771817167367,-0.0008342228993358594,-0.00016253931094290774,0.00011270316529499753,7.836298118085757e-06,-3.2271665534858398e-06,0.0,0.0,10.0
0.8365,1.4174935139719562,0.5939539763700507,0.8214181533112206,0.0011576515330513554,0.02066267847893339,0.0021657496792594905,-0.0008220999312102895,-0.00016030772147545197,0.00011335030806713971,8.247719101414863e-06,-3.0749933125169896e-06,0.0,0.0,10.0
0.8395000000000001,1.4167914282870089,0.5944547387301213,0.8215695212597485,0.0007978970060020461,0.020616958422758524,0.0022082341183100596,-0.0008105188626406926,-0.000158224369976373,0.0001139123488843225,8.628830610653609e-06,-2.928627374208068e-06,0.0,0.0,10.0
0.8424999999999998,1.41609386850116,0.5949641860483817,0.8217404954803135,0.0004386011199217922,0.020568087384995257,0.002248492370924162,-0.0007996290867447958,-0.00015635993990148809,0.00011436772450363251,8.975094115729824e-06,-2.7888254976505246e-06,0.0,0.0,10.0
0.8454999999999999,1.4153999829746258,0.5954812775323675,0.8219300513504039,7.889345057915303e-05,0.020515684334694362,0.002286308249152291,-0.0007895749122780077,-0.00015478207790833517,0.00011469647357456059,9.28231573339151e-06,-2.6563295185651836e-06,0.0,0.0,10.0
0.8485,1.4147087407049104,0.5960051054114754,0.8221372835668237,-0.0002821070081908588,0.020459414786281327,0.0023214973203275133,-0.000780491009176963,-0.00015355349206359718,0.00011488082239245008,9.546770819828866e-06,-2.531846943340437e-06,0.0,0.0,10.0
0.8515000000000001,1.4140189453932557,0.5965349085090512,0.8223614164384662,-0.0006452642959620576,0.02039900712048527,0.0023539149866657052,-0.0007724977243463351,-0.0001527300863392104,0.0001149056806627381,9.765320180691419e-06,-2.4160269188198913e-06,0.0,0.0,10.0
0.8544999999999998,1.4133293078658575,0.5970700493369449,0.8226018038197306,-0.0010113860812358956,0.02033426439874862,0.0023834620177860693,-0.0007656961816367504,-0.00015235915275063803,0.00011475899608266356,9.935511705383988e-06,-2.3094297142447386e-06,0.0,0.0,10.0
0.8574999999999999,1.412638581249334,0.5976099514179704,0.8228579181382731,-0.0013811721044239512,0.020265070818704423,0.002410087137549625,-0.0007601632663375452,-0.00015247767458952938,0.00011443194252086312,1.005566233680559e-05,-2.2124900713539603e-06,0.0,0.0,10.0
0.8605,1.4119457346507933,0.5981540106190126,0.8231293306403088,-0.0017551570213941458,0.020191393237206538,0.0024337869523498703,-0.0007559469223453488,-0.00015311085247105485,0.00011391896016904004,1.0124917313433167e-05,-2.1254785090731096e-06,0.0,0.0,10.0
0.8635000000000002,1.411250113053703,0.598701511009258,0.8234156877325923,-0.002133660892124751,0.020113279501269274,0.0024546042093766297,-0.0007530625081419103,-0.0001542710206035502,0.00011321770984543646,1.0143286007492113e-05,-2.0484682827810197e-06,0.0,0.0,10.0
0.8664999999999998,1.4105515207761024,0.5992515820245407,0.8237166896870539,-0.0025167629210576434,0.020030855973097148,0.002472625718318444,-0.0007514910523706557,-0.00015595713258282482,0.00011232902325247711,1.011165554029485e-05,-1.9813169163849468e-06,0.0,0.0,10.0
0.8694999999999999,1.4098501848739493,0.5998032225664626,0.8240320768700128,-0.0029043092168237012,0.019944326098063257,0.00248798098513657,-0.0007511799732622969,-0.00015815493516137044,0.0001112569093141943,1.0031783905012831e-05,-1.9236684813899907e-06,0.0,0.0,10.0
0.8725,1.4091465998102133,0.6003553911717191,0.824361625148439,-0.003295954152031291,0.019853970233729284,0.0025008417369153926,-0.000752046221902745,-0.00016083782291541573,0.00011000861798361839,9.906273431358059e-06,-1.8749765678927768e-06,0.0,0.0,10.0
0.8755000000000002,1.4084413050174986,0.6009071317389012,0.8247051477708653,-0.0036912223980582076,0.01976014503422334,0.0025114214820688473,-0.0007539811366184481,-0.00016396822682420787,0.00010859469564351463,9.738523851492713e-06,-1.8345409426800193e-06,0.0,0.0,10.0
0.8784999999999998,1.4077346752958164,0.6014576877401033,0.8250624981171184,-0.0040895716007991875,0.019663279591146776,0.0025199736419700748,-0.000756855901915072,-0.00016749930340321796,0.00010702892923464228,9.532663330639663e-06,-1.8015468970834482e-06,0.0,0.0,10.0
0.8815,1.4070267934662413,0.6020065643676022,0.8254335678671779,-0.004490438101436739,0.019563866006176298,0.0025267869994130302,-0.0007605266065741911,-0.00017137670104337536,0.00010532809408355793,9.293456733143523e-06,-1.7750975111126235e-06,0.0,0.0,10.0
0.8845000000000001,1.4063174314132285,0.6025535240454102,0.8258182781371739,-0.0048932586277673894,0.01946244391596746,0.0025321781404384863,-0.0007648384187565442,-0.0001755402735218275,0.00010351148518279815,9.026193154905591e-06,-1.7542346873537563e-06,0.0,0.0,10.0
0.8875000000000002,1.4056061155284683,0.6030985307178852,0.8262165650123325,-0.00529747313584241,0.019359580655707927,0.0025364816750762338,-0.0007696290160327095,-0.00017992572520894224,0.00010160028653131181,8.736558159466892e-06,-1.7379513748466212e-06,0.0,0.0,10.0
0.8904999999999998,1.4048922238279267,0.6036416754926753,0.8266283633341014,-0.005702521035899975,0.01925585003280493,0.0025400396848390392,-0.0007747317689098421,-0.00018446623999243984,9.96168769018128e-05,8.43049848250414e-06,-1.7252011581484503e-06,0.0,0.0,10.0
0.8935,1.4041750661931531,0.6041831136645589,0.8270535924612301,-0.006107842031429641,0.019151812546159497,0.002543191777817375,-0.0007799791299370216,-0.00018909413800728727,9.758416520659917e-05,8.114087146584403e-06,-1.714910810790083e-06,0.0,0.0,10.0
0.8965000000000001,1.403453925742688,0.6047230271503216,0.8274921457254379,-0.0065128862996040315,0.01904799872400076,0.0025462665403123146,-0.0007852063572111045,-0.00019374254581085515,9.552500878280264e-05,7.793395214929727e-06,-1.7059979177609302e-06,0.0,0.0,10.0
0.8995000000000002,1.4027280669660094,0.605261609626109,0.8279438831358003,-0.0069171319673362215,0.018944895954461274,0.002549574520178348,-0.0007902553676769042,-0.00019834700752589365,9.346172428344284e-05,7.474374038971816e-06,-1.6973920791082267e-06,0.0,0.0,10.0
0.9024999999999999,1.4019967297975475,0.605799063238556,0.8284086258451717,-0.0073201045193586525,0.018842938419299453,0.0025534025104314516,-0.0007949783621528591,-0.00020284694261890043,9.141567630066958e-05,7.162749991675963e-06,-1.6880565043212973e-06,0.0,0.0,10.0
0.9055,1.401259127358504,0.6063355962484656,0.8288861511162835,-0.007721393153037632,0.01874249959425124,0.0025580088622066365,-0.0007992409020395191,-0.00020718687188851423,8.940692573719501e-05,6.8639326898812225e-06,-1.6770070979360322e-06,0.0,0.0,10.0
0.9085000000000001,1.4005144570716521,0.6068714153954348,0.8293761873261468,-0.008120661115413859,0.01864388692425941,0.002563619668941454,-0.0008029242413875539,-0.0002113173658396667,8.745392671713047e-05,6.582937232067046e-06,-1.6633273030124775e-06,0.0,0.0,10.0
0.9115000000000002,1.399761928008929,0.6074067105848369,0.8298784092279002,-0.008517648829897561,0.01854733840694893,0.002570425759342578,-0.0008059268299057612,-0.00021519569943300972,8.557326654152364e-05,6.324320546568411e-06,-1.6461779940310355e-06,0.0,0.0,10.0
0.9144999999999999,1.3990008034892658,0.6079416316616986,0.8303924340295709,-0.00891216970415796,0.018453020857804068,0.002578580474949896,-0.0008081649792367131,-0.00021878621904182518,8.377944545712161e-05,6.092131444503425e-06,-1.6248023603715374e-06,0.0,0.0,10.0
0.9175,1.3982304548731495,0.6084762589089328,0.8309178190050394,-0.009304099457737922,0.018361029691224332,0.0025881982410112694,-0.0008095727536163858,-0.0002220604460324782,8.208469537501494e-05,5.889873593717414e-06,-1.5985262896036982e-06,0.0,0.0,10.0
0.9205000000000001,1.39745041834332,0.6090105715850057,0.8314540615005741,-0.009693361063488726,0.018271390216038266,0.002599354011252767,-0.0008101012287327612,-0.00022499696072003755,8.049884201388765e-05,5.720480553462396e-06,-1.5667554827699687e-06,0.0,0.0,10.0
0.9235000000000002,1.3966604420920885,0.6095444217213785,0.8320006023210335,-0.010079908719582165,0.018184060664886027,0.0026120837577944607,-0.0008097173459871521,-0.00022758112814496328,7.902922176995516e-05,5.586302172116055e-06,-1.5289712829331183e-06,0.0,0.0,10.0
0.9264999999999999,1.3958605097742067,0.6100775216459182,0.8325568333763602,-0.010463714876913966,0.018098937299784974,0.0026263862130287124,-0.0008084026324775385,-0.00022980473566175516,7.768066792781748e-05,5.489101757422835e-06,-1.484727556958198e-06,0.0,0.0,10.0
0.9295,1.3950508303414209,0.6106094513934133,0.8331221099269612,-0.010844763455731807,0.018015861797912,0.002642225972864401,-0.0008061520184669639,-0.00023166560415582878,7.645557543571945e-05,5.430063136307491e-06,-1.4336505155928952e-06,0.0,0.0,10.0
0.9325000000000001,1.3942317950527452,0.6111396858762898,0.833695766748485,-0.011223049813204414,0.01793463066701792,0.002659537817571543,-0.0008029728531449872,-0.00023316720798099045,7.5354037891518e-05,5.4098058872628e-06,-1.3754419768645363e-06,0.0,0.0,10.0
0.9355000000000002,1.3934039162155072,0.6116676333930757,0.834277136314851,-0.01159858458458412,0.017855005805373088,0.0026782317711265173,-0.000798884036967787,-0.00023431830130510637,7.43740294848681e-05,5.428405908652228e-06,-1.3098846872960376e-06,0.0,0.0,10.0
0.9384999999999999,1.3925677724118846,0.6121926707731913,0.8348655662165296,-0.01197139587996532,0.017776724818361494,0.002698198162380603,-0.0007939150407806078,-0.0002351325169352125,7.351158885755548e-05,5.485417715772232e-06,-1.2368467930266286e-06,0.0,0.0,10.0
0.9415,1.3917239849231586,0.6127141602941298,0.8354604330452855,-0.012341524179576003,0.017699509670650825,0.0027193119411088023,-0.0007881045583858437,-0.00023562789530373046,7.27609620847911e-05,5.5798951368069936e-06,-1.1562823241797534e-06,0.0,0.0,10.0
0.9445000000000001,1.3908732373778632,0.613231441000687,0.8360611511015219,-0.012709007283289513,0.017623072839484215,0.0027414358104202105,-0.0007814986778553199,-0.00023582632386844046,7.211468258392814e-05,5.710408699130538e-06,-1.0682260149209954e-06,0.0,0.0,10.0
0.9474999999999998,1.3900163294544694,0.6137437997752466,0.8366671761906592,-0.013073857844449385,0.01754712117530417,0.0027644222747019408,-0.0007741487108990186,-0.00023575291251721938,7.156360055193941e-05,5.875060571265068e-06,-9.727834593430768e-07,0.0,0.0,10.0
0.9504999999999999,1.3891542345491288,0.6142504401588,0.8372780067427248,-0.013436041175018157,0.01747135875924346,0.0027881152573700986,-0.000766109079001276,-0.00023543537827797967,7.109690955006492e-05,6.071500523604752e-06,-8.701203763843308e-07,0.0,0.0,10.0
0.9535,1.3882881193087906,0.6147504742503681,0.8378931857702921,-0.013795463978152706,0.01739549074063925,0.0028123522959921958,-0.0007574358073891369,-0.00023490354141401468,7.070223895381729e-05,6.296948023999352e-06,-7.604564644708771e-07,0.0,0.0,10.0
0.9565000000000001,1.3874192844637154,0.6152429621603284,0.8385123073368568,-0.014151984259601373,0.01731923018335071,0.002836968345349543,-0.0007481861591716977,-0.0002341890322735794,7.036588021724728e-05,6.548225726436029e-06,-6.44069289152602e-07,0.0,0.0,10.0
0.9594999999999998,1.3865490020368283,0.6157270140637178,0.8391350301307857,-0.014505448719595321,0.017242309280499996,0.0028618018812125324,-0.0007384197393541368,-0.00023332527091010866,7.007319085110577e-05,6.821808136170057e-06,-5.213116968528181e-07,0.0,0.0,10.0
0.9624999999999999,1.3856782526172178,0.6162019525333479,0.8397610984620196,-0.014855756689897767,0.01716449493234914,0.0028867033112931623,-0.0007282010210518196,-0.0002323477103012164,6.980917415132862e-05,7.113886265197035e-06,-3.9264243115766786e-07,0.0,0.0,10.0
0.9655,1.3848074055878594,0.6166675089249933,0.84039036766016,-0.015202939726066986,0.017085606708974868,0.0029115447094857005,-0.0007176027202778534,-0.00023129423285526534,6.955916862984831e-05,7.420444896443646e-06,-2.5866416377416284e-07,0.0,0.0,10.0
0.9685000000000001,1.3839359277741765,0.6171240015170497,0.8410228270137594,-0.015547235096558443,0.017005532985671104,0.002936228766327476,-0.0007067088640688161,-0.0002302054756150295,6.930951040253057e-05,7.737344395091371e-06,-1.2015697213849006e-07,0.0,0.0,10.0
0.9714999999999998,1.383062235640958,0.6175724248556093,0.841658610420322,-0.015889123754863534,0.01692423938373381,0.0029606940073051272,-0.0006956159783754352,-0.00022912477411153522,6.904798109697236e-05,8.06039547990558e-06,2.1909300569914453e-08,0.0,0.0,10.0
0.9744999999999999,1.3821837996684136,0.618014383634338,0.8422979848704136,-0.016229304874201062,0.016841763813551625,0.002984913388640705,-0.0006844308866200413,-0.0002280974215695687,6.876386150649764e-05,8.385415362719647e-06,1.6639994115879362e-07,0.0,0.0,10.0
0.9775,1.3812975489321617,0.6184518415705621,0.8429413115161172,-0.016568594308714657,0.016758195415015425,0.003008884849802335,-0.0006732644127619544,-0.00022716909264586268,6.84475073939353e-05,8.708259098817839e-06,3.1208535563879294e-07,0.0,0.0,10.0
0.9805000000000001,1.3804005141919455,0.6188867231634716,0.8435889832822459,-0.016907762251093427,0.01667364036405313,0.0030326152206024432,-0.0006622217723960407,-0.0002263835741650653,6.808954144029527e-05,9.024830564629793e-06,4.577481784375702e-07,0.0,0.0,10.0
0.9834999999999998,1.3794905274561968,0.619320480324574,0.8442413537867224,-0.017247356151235526,0.01658818392280042,0.0030561020986115523,-0.0006513920999226798,-0.00022578028270329385,6.767995222763522e-05,9.331089512946606e-06,6.02301526604078e-07,0.0,0.0,10.0
0.9864999999999999,1.378566727507213,0.6197537781793137,0.8448986794554627,-0.017587572703132347,0.01650186196372711,0.0030793202932912385,-0.0006408405459062937,-0.00022539226112469943,6.720750516022417e-05,9.623078379535232e-06,7.448813754941386e-07,0.0,0.0,10.0
0.9895,1.3776296585009649,0.6201864313089028,0.8455610951270661,-0.017928233428654544,0.016414653514605106,0.003102218671901274,-0.0006306059254655857,-0.0002252452755737022,6.665981133884801e-05,9.89698919999885e-06,8.848803183613793e-07,0.0,0.0,10.0
0.9925000000000002,1.3766808988414394,0.6206176292316474,0.8462286318423237,-0.01826888027269236,0.01632649811805458,0.003124729437454604,-0.0006207048862073265,-0.00022535824670215916,6.602415597009687e-05,1.0149276045498003e-05,1.0219112267960365e-06,0.0,0.0,10.0
0.9954999999999998,1.3757223595195922,0.6210463652133986,0.8469012683032663,-0.018608955989385414,0.016237331019958702,0.003146786504280587,-0.0006111407937265767,-0.0002257446954583269,6.528885509024411e-05,1.0376797533193048e-05,1.1557192089711836e-06,0.0,0.0,10.0
0.9984999999999999,1.3747555413805888,0.6214718895340958,0.8475789932355753,-0.018947995430244616,0.01614712089727638,0.0031683454389328115,-0.0006019134218973096,-0.0002264144468095369,6.444465807312049e-05,1.0576957676887846e-05,1.2860835025319322e-06,0.0,0.0,10.0
1.0015,1.3737810533405415,0.6218940004820606,0.8482618524440805,-0.019285750313841894,0.016055893786671084,0.003189396795730492,-0.0005930252941827923,-0.00022737476364662103,6.348568749607518e-05,1.074781081006889e-05,1.4127542037938482e-06,0.0,0.0,10.0
1.0045000000000002,1.3727985592183154,0.6223130695798491,0.8489499635783636,-0.01962220426649143,0.015963733854077348,0.0032099680211133135,-0.0005844823222157513,-0.00022863042372920598,6.240962677394186e-05,1.0888109284347017e-05,1.5354497779043694e-06,0.0,0.0,10.0
1.0074999999999998,1.3718071184503657,0.6227298231836167,0.8496434978065851,-0.019957486830947783,0.015870762592887958,0.0032301144620307835,-0.0005762891726575549,-0.0002301828024895461,6.121720244386483e-05,1.0997293771003448e-05,1.653911276389736e-06,0.0,0.0,10.0
1.0105,1.3708057306831276,0.6231449991732615,0.8503426412298312,-0.02029173519198828,0.015777106702895886,0.003249904317990996,-0.0005684419700851413,-0.0002320284658885065,5.991127139849583e-05,1.1075443537661065e-05,1.7679853720454778e-06,0.0,0.0,10.0
1.0135,1.3697938588568292,0.6235590195734709,0.8510475532628778,-0.020624961711809057,0.015682867135256125,0.0032694035570894923,-0.0005609214758451326,-0.00023415789574648445,5.849588980494162e-05,1.1123209848488961e-05,1.8777021808806336e-06,0.0,0.0,10.0
1.0165000000000002,1.3687717768036087,0.6239717755345039,0.8517583346309663,-0.020956967174518053,0.015588098088735425,0.003288665080781397,-0.0005536889188942465,-0.00023655478589765065,5.697562773516054e-05,1.1141750041142681e-05,1.9833240314224375e-06,0.0,0.0,10.0
1.0194999999999999,1.3677406916648787,0.6243825560184731,0.8524750098039582,-0.021287312818329292,0.015492799053064946,0.0033077236892923062,-0.0005466852054925805,-0.00023919605966158202,5.5355222702136335e-05,1.1132670061214616e-05,2.085357009745413e-06,0.0,0.0,10.0
1.0225,1.3667026602038213,0.624790108368691,0.8531975233970762,-0.021615346412798463,0.015396919106583654,0.003326596539461081,-0.0005398332570966842,-0.0002420525615332833,5.363955096527276e-05,1.1097976637850723e-05,2.184527814848226e-06,0.0,0.0,10.0
1.0255,1.3656603356921604,0.6251928075225334,0.8539257489307126,-0.021940272929073263,0.015300371542177747,0.0033452882842922188,-0.0005330429527683507,-0.00024509031961019947,5.183386539588989e-05,1.1040038928485385e-05,2.281731558673764e-06,0.0,0.0,10.0
1.0285000000000002,1.3646165791407088,0.6255889119242054,0.8546595089451255,-0.022261260902571783,0.015203056882276727,0.003363800135758227,-0.0005262181657668785,-0.0002482722778089205,4.9944252213558125e-05,1.0961560129500632e-05,2.37795610019176e-06,0.0,0.0,10.0
1.0314999999999999,1.3635739810243603,0.6259768759116672,0.8553986046604447,-0.02257757216519133,0.015104891466630854,0.0033821417056780403,-0.0005192651835673912,-0.0002515603561213211,4.797823519857754e-05,1.0865557970327904e-05,2.4741907277490303e-06,0.0,0.0,10.0
1.0345,1.3625343753894168,0.6263556655172952,0.8561428502038004,-0.022888693139416362,0.015005836593984925,0.0034003434014221166,-0.0005121012702444785,-0.0002549175869443954,4.5945390569019456e-05,1.0755347832234186e-05,2.5713327697105806e-06,0.0,0.0,10.0
1.0375,1.3614984652857527,0.6267250011294995,0.8568921026041693,-0.023194436070584374,0.014905920927423506,0.0034184659865340323,-0.0005046615808716181,-0.00025830995744568076,4.3857766246269685e-05,1.0634515889408371e-05,2.670111655375428e-06,0.0,0.0,10.0
1.0405000000000002,1.360465683597849,0.6270854472930418,0.8576462772163226,-0.023494977122241925,0.014805248479581366,0.0034366036238008316,-0.0004969025469963485,-0.00026170756006499733,4.1729884529490044e-05,1.0506866596619869e-05,2.7710508910514287e-06,0.0,0.0,10.0
1.0434999999999999,1.359434364026461,0.6274383013867816,0.8584053412472907,-0.023790811144307936,0.014703987357105706,0.003454878006030952,-0.000488800554054201,-0.0002650847871794898,3.9578189426383616e-05,1.0376332884991574e-05,2.8744807564449352e-06,0.0,0.0,10.0
1.0465,1.3584021970688012,0.627785296685732,0.8591692857232375,-0.02408262925253262,0.014602340421795392,0.0034734240200221915,-0.00048034618506375115,-0.0002684195984351065,3.741997579098132e-05,1.02468494081229e-05,2.9805987285270365e-06,0.0,0.0,10.0
1.0495,1.3573668310788758,0.6281282088624285,0.859938085806227,-0.024371155856712987,0.014500506069186106,0.003492370809950842,-0.0004715360059219792,-0.000271692241069048,3.527204630342627e-05,1.0122205381514928e-05,3.0895561876848935e-06,0.0,0.0,10.0
1.0525000000000002,1.356326405430012,0.6284685023881674,0.860711666028394,-0.024657001563155485,0.01439864205941619,0.0035118244543718632,-0.00046236499545911276,-0.00027488404616830695,3.314948308476413e-05,1.000590627353058e-05,3.2015377531474386e-06,0.0,0.0,10.0
1.0554999999999999,1.3552798195940259,0.6288071437060497,0.8614898863323599,-0.024940584597671726,0.014296844765615758,0.003531858242048775,-0.00045282255841641394,-0.00027797690365271297,3.1064902968775055e-05,9.90107478797098e-06,3.316801421996253e-06,0.0,0.0,10.0
1.0585,1.3542266542977597,0.6291446373469258,0.862272555832672,-0.02522214423033392,0.014195149783329999,0.0035525134076944296,-0.00044289348260893803,-0.00028095370289489183,2.9028371977420587e-05,9.810408212170578e-06,3.4356648252117334e-06,0.0,0.0,10.0
1.0615,1.3531668185619328,0.6294812408247523,0.8630594678888598,-0.025501828098918076,0.014093550392895178,0.0035738085291528074,-0.00043256291104425696,-0.000283799552573533,2.7047869887535617e-05,9.73618667021544e-06,3.5584477881409427e-06,0.0,0.0,10.0
1.0644999999999998,1.3521001168695448,0.6298172365361302,0.863850439463747,-0.025779803033224104,0.013992022795552488,0.0035957520216399514,-0.00042182259056384736,-0.0002865032104860021,2.5129967862559733e-05,9.680306826940627e-06,3.6854010375283315e-06,0.0,0.0,10.0
1.0675,1.3510259496006034,0.6301531253392191,0.8646453356993383,-0.026056333203159754,0.013890545379180214,0.003618351317051534,-0.0004106752971741756,-0.00028905806887802077,2.3280332564902822e-05,9.644309083101335e-06,3.816654849258723e-06,0.0,0.0,10.0
1.0705,1.3499432731174241,0.6304896602946634,0.8654440680051868,-0.026331791628410515,0.013789104022908965,0.00364161468057852,-0.0003991355315541641,-0.0002914622842594978,2.1503814635209456e-05,9.629376198313387e-06,3.952208502905199e-06,0.0,0.0,10.0
1.0735000000000001,1.3488508107639368,0.6308277242906005,0.8662465660794988,-0.026606606469071543,0.013687683369118197,0.003665545603526588,-0.00038722652474883895,-0.0002937180509784162,1.980411987194881e-05,9.636300657312432e-06,4.091960269283161e-06,0.0,0.0,10.0
1.0764999999999998,1.3477473997947218,0.6311681228289971,0.8670527344313759,-0.026881171684432423,0.013586250432221628,0.003690133009218385,-0.0003749751663872199,-0.00029583035871073675,1.818325761281349e-05,9.665435394324847e-06,4.235760525600981e-06,0.0,0.0,10.0
1.0795,1.3466323282357526,0.6315113832710706,0.8678624077611207,-0.027155760142719605,0.013484738941324272,0.0037153416277169986,-0.0003624069614452265,-0.0002978056920754027,1.6641023821506947e-05,9.716649425987916e-06,4.383465133203711e-06,0.0,0.0,10.0
1.0825,1.3455055539474619,0.6318576277440816,0.8686753170618334,-0.02743046741381924,0.013383040633936784,0.003741105895529744,-0.0003495425934785883,-0.00029965103068191085,1.5174711961141317e-05,9.789305903400298e-06,4.534971848266306e-06,0.0,0.0,10.0
1.0855000000000001,1.344367765886988,0.6322065439261021,0.8694910727028909,-0.02770519668922853,0.013281005672846902,0.003767328754321948,-0.0003363966915928997,-0.0003013733055407124,1.3779123130679294e-05,9.882270356379356e-06,4.690233120885032e-06,0.0,0.0,10.0
1.0884999999999998,1.3432203058418717,0.6325574409288955,0.8703091653765244,-0.02797967986940411,0.013178450831153413,0.003793884937776906,-0.0003229785397410226,-0.00030297928382472586,1.2446839840508355e-05,9.993947532293844e-06,4.849247945949705e-06,0.0,0.0,10.0
1.0915,1.3420650004193653,0.6329093576741264,0.8711289822683056,-0.028253521512489655,0.013075172191300553,0.003820627313409897,-0.00030929399608130065,-0.00030447574704032615,1.1168668780221935e-05,1.012233945504969e-05,5.012040565995466e-06,0.0,0.0,10.0
1.0945,1.340903959600465,0.6332611874374137,0.8719498342078069,-0.028526250649504748,0.012970958764702938,0.0038473945737335265,-0.0002953477903603047,-0.0003058697972082839,9.934145261502293e-06,1.0265115404730203e-05,5.1786349592970216e-06,0.0,0.0,10.0
1.0975000000000001,1.3397393880398873,0.6336117892655574,0.8727709893656438,-0.028797368251686738,0.012865604159724143,0.0038740188216964348,-0.0002811455201204064,-0.00030716914904975153,8.732011054056925e-06,1.0419685456027208e-05,5.349032445004495e-06,0.0,0.0,10.0
1.1004999999999998,1.3385734358243666,0.6339600700003896,0.8735917098483951,-0.029066383434307227,0.012758914749371754,0.0039003321593520527,-0.0002666949647321795,-0.00030838232245330224,7.550614647382364e-06,1.0583271983279145e-05,5.523196545412765e-06,0.0,0.0,10.0
1.1035,1.3374080927743603,0.6343050356263947,0.8744112889016283,-0.0293328376315137,0.012650714317531066,0.003926172081038951,-0.0002520066867902107,-0.0003095187199319608,6.378226855701301e-06,1.0752977157535305e-05,5.701045456905609e-06,0.0,0.0,10.0
1.1065,1.3362451111050895,0.6346458233520685,0.8752290878424127,-0.029596321217630263,0.012540846468976748,0.003951386087149456,-0.00023709419305735418,-0.0003105886371219367,5.203302556858441e-06,1.0925847794989515e-05,5.882449181920424e-06,0.0,0.0,10.0
1.1095000000000002,1.3350859312849521,0.634981732379662,0.8760445727428726,-0.029856489773715723,0.012429176781750885,0.003975836274245291,-0.0002219740885015562,-0.0003116032898409158,4.014739548340174e-06,1.109894086124506e-05,6.067226595930745e-06,0.0,0.0,10.0
1.1124999999999998,1.3339315883171858,0.6353122697108698,0.8768573508988173,-0.030113086559045103,0.012315596547969794,0.003999404607233616,-0.0002066666258065812,-0.0003125749363672611,2.8021816495659237e-06,1.1269392823392263e-05,6.255138052458346e-06,0.0,0.0,10.0
1.1155,1.3327825893596135,0.6356372182566876,0.8776672062136173,-0.03036597401235924,0.012200029044014156,0.004021999154840805,-0.00019119684113640202,-0.00031351712944380455,1.5563868208460403e-06,1.143449389991018e-05,6.445871462703091e-06,0.0,0.0,10.0
1.1185,1.3316387738503914,0.6359567210384204,0.8784741311305565,-0.030615171539001784,0.012082437889866095,0.004043560908397079,-0.0001755961450468886,-0.0003144450630159675,2.6964096301300844e-07,1.1591764779262403e-05,6.639023374436213e-06,0.0,0.0,10.0
1.1215000000000002,1.3304991873138614,0.6362713618222976,0.879278351216109,-0.03086089127330368,0.011962835642994874,0.0040640701206163,-0.00015990391035334726,-0.0003153759062260239,-1.0638427215368278e-06,1.1739029680990923e-05,6.834080262153874e-06,0.0,0.0,10.0
1.1244999999999998,1.3293620128156085,0.6365822136935498,0.8800803375588044,-0.031103559839523343,0.011841289792637107,0.004083550628063023,-0.00014416837731505934,-0.00031632896628006865,-2.4476266229906595e-06,1.1874476955216936e-05,7.0304077836680714e-06,0.0,0.0,10.0
1.1275,1.32822460428027,0.6368908263961254,0.8808808023243212,-0.03134381385142655,0.011717923151222949,0.004102070550080241,-0.00012844616904617582,-0.0003173255130803644,-3.882945321277591e-06,1.1996697810502229e-05,7.227256141724446e-06,0.0,0.0,10.0
1.1305,1.3270836513430173,0.6371991322927179,0.8816806743565464,-0.03158246064845159,0.011592906461110105,0.0041197381864566274,-0.0001127999178308997,-0.0003183881428831148,-5.368861723430563e-06,1.2104695820931087e-05,7.423787410638884e-06,0.0,0.0,10.0
1.1335000000000002,1.3259354779872212,0.6375092683814958,0.8824810545173881,-0.03182040310098055,0.01146644275228264,0.004136692828971403,-9.729392159606195e-05,-0.00031953965226101937,-6.902696632559893e-06,1.2197864496601296e-05,7.61912598157462e-06,0.0,0.0,10.0
1.1364999999999998,1.324776443230171,0.6378233338862088,0.8832831539760431,-0.032058536554530066,0.011338745204259057,0.004153091367792826,-8.198828322934051e-05,-0.00032080151740258915,-8.480679103822256e-06,1.2275936496186053e-05,7.812427200412078e-06,0.0,0.0,10.0
1.1395,1.3236033811621462,0.6381431232431817,0.8840882220170792,-0.032297634516038606,0.011210012349176714,0.004169092695689819,-6.693248205876938e-05,-0.00032219219353676393,-1.009870250696849e-05,1.2338914379604078e-05,8.00295352991437e-06,0.0,0.0,10.0
1.1425,1.3224139999645665,0.6384698860821643,0.8848974721622637,-0.03253824469130289,0.011080405704465664,0.004184842631721546,-5.2159621052993605e-05,-0.0003237255263707506,-1.1753033415123122e-05,1.2386997184388429e-05,8.190144063278145e-06,0.0,0.0,10.0
1.1455000000000002,1.3212071623334976,0.6388041642064144,0.8857120157580146,-0.03278061642845428,0.010950034827760047,0.004200462125359344,-3.768256474561428e-05,-0.0003254095718400939,-1.3440822383251314e-05,1.2420517946105967e-05,8.373663363572409e-06,0.0,0.0,10.0
1.1484999999999999,1.319982993922426,0.6391457398866958,0.8865328104837362,-0.03302467417797711,0.010818953239981397,0.004216040789801159,-2.3492809845187806e-05,-0.000327246043972486,-1.5160310377324906e-05,1.2439903994417909e-05,8.553419705902717e-06,0.0,0.0,10.0
1.1515,1.3187428054467536,0.6394937041739583,0.8873606279831515,-0.03327004096734847,0.010687166066390289,0.0042316365370962256,-9.562311103894347e-06,-0.0003292304730678469,-1.6910700246325042e-05,1.2445665285952532e-05,8.72954978491436e-06,0.0,0.0,10.0
1.1545,1.3174888558348052,0.6398466263337811,0.888196041047232,-0.03351610440300674,0.01055464739973104,0.004247280646285876,4.152189706060019e-06,-0.0003313530004613579,-1.8691745723750228e-05,1.2438408264834207e-05,8.902374661372448e-06,0.0,0.0,10.0
1.1575000000000002,1.31622401495254,0.6402027847406887,0.8890394276766435,-0.033762109036015425,0.010421363210059782,0.004262986456180507,1.770329819922102e-05,-0.0003335996122042696,-2.050317421245099e-05,1.2418866352292874e-05,9.072337683192146e-06,0.0,0.0,10.0
1.1604999999999999,1.3149513955633714,0.6405604120141506,0.8898909878111124,-0.03400725572552137,0.010287294799005654,0.004278759393408589,3.114672679920925e-05,-0.0003359535606306489,-2.2344084049582274e-05,1.2387935242379568e-05,9.239937475267773e-06,0.0,0.0,10.0
1.1635,1.3136740133600049,0.640917914340129,0.8907507687749807,-0.03425079154638279,0.010152458519992186,0.004294606333998772,4.453567464728612e-05,-0.0003383967519844007,-2.4212436415533097e-05,1.2346702497359343e-05,9.405667317528749e-06,0.0,0.0,10.0
1.1665,1.3123945071253278,0.6412740430187484,0.8916186970817321,-0.03449208124745908,0.010016919405017886,0.004310543180592415,5.7916383373543874e-05,-0.00034091097168546195,-2.610470703882952e-05,1.2296465686623465e-05,9.569967278123005e-06,0.0,0.0,10.0
1.1695000000000002,1.3111149196818441,0.6416280178649352,0.8924946162026609,-0.03473066018023581,0.009880798693946967,0.004326600638042375,7.13248894575376e-05,-0.000343478935827693,-2.8015695556350135e-05,1.2238739457129052e-05,9.733189368715868e-06,0.0,0.0,10.0
1.1724999999999999,1.3098365165562627,0.6419796189141591,0.8933783311751193,-0.03496627555006598,0.009744277178155947,0.004342829047435376,8.478456771969556e-05,-0.0003460852510474507,-2.9938436311532084e-05,1.2175256966549958e-05,9.895571069602321e-06,0.0,0.0,10.0
1.1755,1.3085596122691139,0.6423292686840252,0.894269660728163,-0.03519892518331968,0.009607597049356006,0.004359303441448755,9.830390101721759e-05,-0.0003487173974577126,-3.186413373774671e-05,1.2107972947270586e-05,1.0057210673375193e-05,0.0,0.0,10.0
1.1785,1.3072833872692555,0.6426781194170544,0.8951684956707062,-0.03542889966572335,0.009471064258731152,0.004376129547500987,0.00011187408915518876,-0.0003513668032206965,-3.3782067715209467e-05,1.2039073176206415e-05,1.0218039869075934e-05,0.0,0.0,10.0
1.1815000000000002,1.3060057092528463,0.6430281396523769,0.8960748588851167,-0.03565682525345944,0.009335051334553094,0.004393450336630555,0.0001254665987999919,-0.00035402995937484515,-3.567947660184826e-05,1.1970988381741862e-05,1.0377794574980318e-05,0.0,0.0,10.0
1.1844999999999999,1.3047230135036136,0.6433821669100597,0.8969889580987391,-0.03588369336779497,0.00919999764899392,0.004411451134120855,0.00013903144387849694,-0.0003567093548770335,-3.7541514230125954e-05,1.190640087552905e-05,1.0535992982173488e-05,0.0,0.0,10.0
1.1875,1.3034303367379496,0.6437438656963599,0.8979112187041058,-0.03611085087089535,0.009066401052767823,0.004430359674980747,0.0001524976904971764,-0.0003594138370509454,-3.935146898335551e-05,1.1848221799270305e-05,1.0691938025171023e-05,0.0,0.0,10.0
1.1905000000000001,1.3021216234613933,0.6441175121524793,0.8988422815888604,-0.03633991774163253,0.00893479266115253,0.004450436351452278,0.00016577816055727602,-0.0003621578800947517,-4.109149708520221e-05,1.179950922782259e-05,1.0844767274524896e-05,0.0,0.0,10.0
1.1934999999999998,1.3007904169075502,0.6445075295931687,0.8997829517545218,-0.03657259989236345,0.00880568660573848,0.0044719499157264385,0.00017878028285228269,-0.00036495924432069897,-4.274412188737982e-05,1.1763296730480518e-05,1.0993573276095585e-05,0.0,0.0,10.0
1.1965,1.2994309934396036,0.6449177332764875,0.9007340889372525,-0.03681037905741858,0.008679499934107496,0.004495135710335667,0.0001914242416490843,-0.00036783470098216716,-4.429465099050292e-05,1.1742312706524598e-05,1.1137608471754697e-05,0.0,0.0,10.0
1.1995,1.2980398925689025,0.6453503134272961,0.9016964423704767,-0.03705409124400654,0.008556445210650899,0.004520137483800139,0.00020366784887864838,-0.00037079392433838753,-4.57344429606073e-05,1.17385956535489e-05,1.1276569144905504e-05,0.0,0.0,10.0
1.2025000000000001,1.2966176428062792,0.6458046877717117,0.9026704477190189,-0.03730344807960624,0.008436409315795208,0.004546939798660225,0.00021553501847616902,-0.0003738322926614622,-4.7064627284496395e-05,1.1753048380028571e-05,1.1410923351273187e-05,0.0,0.0,10.0
1.2054999999999998,1.295170316885399,0.6462764685778073,0.9036560224093001,-0.037556603109783794,0.008318844418706705,0.004575304853709969,0.00022714182317374416,-0.00037692407559171637,-4.829950535955074e-05,1.1785017968196209e-05,1.1542213845583188e-05,0.0,0.0,10.0
1.2085,1.29371042166862,0.6467568786768616,0.9046524110671741,-0.03780990269672723,0.008202707318125285,0.004604733164745538,0.00023871174103253957,-0.0003800180949515898,-4.9468549693830216e-05,1.1832024588154544e-05,1.167323867330405e-05,0.0,0.0,10.0
1.2115,1.2922566053948215,0.647232970134847,0.9056581388088571,-0.03805796940158169,0.008086486233108075,0.004634469265161829,0.000250571016678755,-0.00038303813771641443,-5.0615824335722535e-05,1.188977355832978e-05,1.1808002955414714e-05,0.0,0.0,10.0
1.2145000000000001,1.2908318100033276,0.6476889043102043,0.9066711198748635,-0.038294226407580435,0.00796834456504053,0.004663568754843261,0.000263117235936711,-0.0003858898903356845,-5.17959239842963e-05,1.1952554948705043e-05,1.1951359255213344e-05,0.0,0.0,10.0
1.2174999999999998,1.2894598385147138,0.6481083203385746,0.9076889383045788,-0.038511875428384267,0.007846386096210928,0.00469103017058073,0.0002767599279948454,-0.0003884747973424459,-5.306626309795609e-05,1.2014055309752511e-05,1.2108319234416369e-05,0.0,0.0,10.0
1.2205,1.2881608110047398,0.6484774726499848,0.9087092678658272,-0.03870519692679316,0.007719007417843932,0.004715975310332159,0.00029184083476678166,-0.00039070913456399085,-5.4476686387659836e-05,1.2068484092382959e-05,1.2283121721480306e-05,0.0,0.0,10.0
1.2235,1.2869465196671737,0.648788443908228,0.909730341552176,-0.03887088622869779,0.007585260615839538,0.004737839536195059,0.0003085512735013939,-0.00039254422368817984,-5.605864276524963e-05,1.2111781374125311e-05,1.2478257483694129e-05,0.0,0.0,10.0
1.2265000000000001,1.2858170469099661,0.6490414891101859,0.9107513379491754,-0.039009034433682276,0.00744511981870066,0.004756517706341293,0.00032687083627013245,-0.0003939819919162149,-5.7817058841528566e-05,1.2142573034826269e-05,1.2693733456026418e-05,0.0,0.0,10.0
1.2294999999999998,1.2847599389903284,0.6492456102543469,0.9117725482368966,-0.03912337922745499,0.0072995492145185355,0.0047724117407020265,0.0003465509611915991,-0.00039508005753537915,-5.9727973829776116e-05,1.2162533469811077e-05,1.2926855225963452e-05,0.0,0.0,10.0
1.2325,1.283752599588279,0.6494168938255093,0.9127952399339253,-0.039220627629294035,0.00715031884294506,0.004786348696164268,0.0003671560399523972,-0.00039594289449635344,-6.174360803510765e-05,1.2175945428829828e-05,1.3172683650395535e-05,0.0,0.0,10.0
1.2355,1.282767504957573,0.6495748816617868,0.9138212334390561,-0.03930895741646364,0.006999598162478915,0.004799380103254089,0.000388155749055835,-0.0003967000782445095,-6.380408882803325e-05,1.2188498951181665e-05,1.3425101023341926e-05,0.0,0.0,10.0
1.2385000000000002,1.281778752239385,0.6497380053298544,0.914852317294762,-0.03939612039019832,0.006849443246315139,0.004812518758670372,0.0004090425557453052,-0.00039747754074994783,-6.585249504682457e-05,1.220566052445561e-05,1.3678188320624186e-05,0.0,0.0,10.0
1.2414999999999998,1.2807678586379025,0.6499195299163377,0.9158896961596158,-0.039487747334229426,0.00670134002261532,0.004826496720340092,0.0004294373331237109,-0.0003983708561573755,-6.784843110185996e-05,1.223113600469617e-05,1.3927479306742795e-05,0.0,0.0,10.0
1.2445,1.2797269698053106,0.6501252899250669,0.9169336553540474,-0.03958639143087796,0.006555947377818359,0.004841622497022911,0.00044914984454640035,-0.00039942910189550123,-6.977580864813455e-05,1.2265937372612255e-05,1.4170694772882816e-05,0.0,0.0,10.0
1.2475,1.27865864244052,0.6503538049143475,0.9179835391781087,-0.039691560584200536,0.006413106254018521,0.004857776972713984,0.00046817839749513406,-0.00040065376022048314,-7.164276521782377e-05,1.2308331774039063e-05,1.4407761859795956e-05,0.0,0.0,10.0
1.2504999999999997,1.2775726874442617,0.6505984466937698,0.9190380162573452,-0.039800607546833275,0.006272078905723216,0.004874533532564502,0.0004866563713577086,-0.000402011243284495,-7.347467919438859e-05,1.23546028388268e-05,1.4640199515675052e-05,0.0,0.0,10.0
1.2534999999999998,1.2764815995331864,0.6508506048500962,0.9200955000103196,-0.039910042194126354,0.006131901494540631,0.004891342792214051,0.0005047721430769377,-0.0004034526419899214,-7.530369555702221e-05,1.2400251730668947e-05,1.487017800212591e-05,0.0,0.0,10.0
1.2565,1.2753964039840269,0.6511025783970332,0.9211545521790898,-0.04001673602564821,0.005991707996360565,0.00490770638484174,0.0005226950129440361,-0.00040493246744886574,-7.715899028628911e-05,1.2441148425136976e-05,1.5099638667090688e-05,0.0,0.0,10.0
1.2595,1.2743242255527698,0.651349279792021,0.922214137062249,-0.04011863618901126,0.005850922490529623,0.004923283273250472,0.0005405309693118056,-0.00040642016363398,-7.906088642535122e-05,1.2474257512764553e-05,1.532976137262294e-05,0.0,0.0,10.0
1.2625000000000002,1.2732678614194848,0.6515885472686558,0.9232736870453785,-0.04021490130029869,0.005709295913190972,0.004937913585244923,0.0005583140564202041,-0.0004079026849613638,-8.10195971515907e-05,1.2497829394550017e-05,1.5560854025506442e-05,0.0,0.0,10.0
1.2655000000000003,1.272226723680161,0.651820502589664,0.9243330298250924,-0.0403056390058753,0.005566835557745061,0.004951584012214521,0.0005760224644416517,-0.0004093807169211665,-8.303720254882741e-05,1.2511204190529979e-05,1.5792539026033027e-05,0.0,0.0,10.0
1.2685000000000004,1.271198194376398,0.652046620792997,0.9253922647449215,-0.04039152201480354,0.005423701984824406,0.004964373982551808,0.0005936022733271529,-0.000410862811710336,-8.511064813092038e-05,1.2514480078112688e-05,1.602403460616724e-05,0.0,0.0,10.0
1.2714999999999996,1.2701787205937494,0.6522689824779839,0.9264516540434146,-0.040473478695072285,0.0052801263446976545,0.004976411189318957,0.0006109866477614705,-0.0004123605750688542,-8.723417435487582e-05,1.2508233296762605e-05,1.6254384676161524e-05,0.0,0.0,10.0
1.2744999999999997,1.269164458621763,0.6524898426319009,0.9275115513126698,-0.04055251455575868,0.005136363249970667,0.004987845200182641,0.0006281069322020638,-0.0004138858759422103,-8.940070849320661e-05,1.2493349275288703e-05,1.6482593402372073e-05,0.0,0.0,10.0
1.2774999999999999,1.268151560259201,0.6527114501527007,0.9285723623223814,-0.040629637661384645,0.0049926716855121225,0.004998835727297802,0.000644897300418512,-0.00041544971509577657,-9.160242944241631e-05,1.2470944533090868e-05,1.6707683292395996e-05,0.0,0.0,10.0
1.2805,1.2671362345953057,0.6529360234634028,0.9296345285472875,-0.04070584889787478,0.004849313128563704,0.005009550198911848,0.0006612953937280398,-0.0004170621691921216,-9.383081969509832e-05,1.2442345619541562e-05,1.692870533331094e-05,0.0,0.0,10.0
1.2835,1.2661146980551017,0.6531658020637512,0.9306985243989847,-0.04078216386074545,0.0047065577093134145,0.005020165961666573,0.0006772410256971255,-0.00041873289532188575,-9.607647423800739e-05,1.2409095190070593e-05,1.7144725820740174e-05,0.0,0.0,10.0
1.2865000000000002,1.2650831495207093,0.6534030770851454,0.9317648552239998,-0.040859625897073204,0.004564687401831616,0.005030871172319054,0.0006926754864283395,-0.00042047153410907853,-9.832899896298758e-05,1.2372945752385268e-05,1.7354820474073224e-05,0.0,0.0,10.0
1.2895000000000003,1.2640379231250018,0.6536500927478162,0.9328340399385658,-0.0409392649049899,0.004423984016746055,0.005041857480724386,0.0007075442921168708,-0.0004222872375083085,-0.00010057737633593825,1.2335793775407972e-05,1.7558110737975044e-05,0.0,0.0,10.0
1.2925000000000004,1.2629759040066224,0.6539087580388783,0.9339065676229932,-0.041021976134735974,0.004284695176930184,0.005053300371467652,0.0007218049967872552,-0.0004241868484402431,-0.00010281101795653565,1.2299524458767739e-05,1.7753862617486343e-05,0.0,0.0,10.0
1.2954999999999997,1.261895144468679,0.6541802126281054,0.9349828318733565,-0.04110833705251543,0.004146983380052789,0.0050653296059532844,0.0007354389261209586,-0.00042617198550059686,-0.00010502136092031829,1.2265782290817542e-05,1.794163478961543e-05,0.0,0.0,10.0
1.2984999999999998,1.260795462676186,0.6544644016789403,0.9360630632203321,-0.04119842690794516,0.004010875883016948,0.005077999444765861,0.000748462745106073,-0.00042823608975084307,-0.00010720347193399294,1.2235733799271215e-05,1.812142620179821e-05,0.0,0.0,10.0
1.3014999999999999,1.259678741249286,0.6547598612848993,0.9371472882971456,-0.04129173378241942,0.003876238579547383,0.005091271744788507,0.000760934471062966,-0.00043036287314355463,-0.00010935694395924134,1.2209915288400366e-05,1.829375656783099e-05,0.0,0.0,10.0
1.3045,1.258548731372614,0.6550638548146884,0.9382353373543907,-0.04138720852123109,0.0037427901308338856,0.005105021508370855,0.0007729501079589506,-0.00043252722164118255,-0.00011148556997383037,1.2188236704461212e-05,1.8459631525355045e-05,0.0,0.0,10.0
1.3075,1.2574103825698661,0.6553728486715354,0.9393269006238116,-0.04148346145256749,0.0036101553627142222,0.005119064889122671,0.0007846310654647147,-0.0004346985454852317,-0.00011359580401771559,1.2170147195128453e-05,1.8620392902768573e-05,0.0,0.0,10.0
1.3105000000000002,1.2562689428212628,0.6556831560520292,0.9404216099692686,-0.041579030538748396,0.003477938695895258,0.005133199157808346,0.0007961067846741848,-0.00043684540331546517,-0.00011569458826128439,1.2154893177852262e-05,1.8777507387703684e-05,0.0,0.0,10.0
1.3135000000000003,1.255129171041638,0.6559915071504107,0.9415191095955671,-0.04167261976493649,0.0033457903300161485,0.005147239112124002,0.0008074989132952615,-0.0004389396690586641,-0.00011778738787894415,1.2141761348757167e-05,1.8932371529234706e-05,0.0,0.0,10.0
1.3164999999999996,1.2539949132551689,0.6562953680182988,0.9426190860900613,-0.04176323289611709,0.003213445158514624,0.005161038034097448,0.000818911743375174,-0.0004409589131010207,-0.00011987706596674104,1.2130221216016446e-05,1.9086191831032328e-05,0.0,0.0,10.0
1.3194999999999997,1.2528690807097875,0.6565929816195464,0.9437212489640211,-0.0418501910128388,0.003080731651916709,0.00517449087593033,0.0008304296399903932,-0.0004428867354520182,-0.00012196370234888457,1.2119947569004634e-05,1.923994985465998e-05,0.0,0.0,10.0
1.3224999999999998,1.2517538778280544,0.6568832394315024,0.9448252743873007,-0.041933078879542916,0.0029475631924041567,0.00518752624922193,0.0008421186223288489,-0.0004447117813492424,-0.0001240449811461909,1.2110766650801935e-05,1.9394417899751934e-05,0.0,0.0,10.0
1.3255,1.2506510725550315,0.657165529048785,0.9459307350578539,-0.042011681028853116,0.0028139281406910637,0.005200096572628088,0.0008540283090861518,-0.00044642648524694867,-0.00012611663938838228,1.2102591300122305e-05,1.9550178610434396e-05,0.0,0.0,10.0
1.3285,1.2495621795971472,0.6574396435563397,0.9470370366204186,-0.04208594363780073,0.002679887376577459,0.005212172182086646,0.0008661921145258098,-0.00044802620163792063,-0.00012817268848506737,1.2095386707730505e-05,1.970762243126486e-05,0.0,0.0,10.0
1.3315000000000001,1.2484885442399,0.6577057503536139,0.948143373345062,-0.04215596138998084,0.0025455772416125844,0.005223739602598657,0.0008786260414187834,-0.0004495087638454259,-0.0001302054486288985,1.2089168997082359e-05,1.9866927632514062e-05,0.0,0.0,10.0
1.3345000000000002,1.247431379258907,0.6579643684277853,0.9492487107091431,-0.04222196802115712,0.0024112098490046857,0.0052348009501347655,0.0008913277964760227,-0.00045087415569472483,-0.00013220562229456049,1.2084015262851479e-05,2.0028045229400417e-05,0.0,0.0,10.0
1.3375000000000004,1.2463918000007117,0.6582163099711562,0.9503518013642354,-0.042284312029211756,0.002277063745394442,0.005245371740852133,0.0009042777608397666,-0.00045212401519980277,-0.00013416260828676884,1.2080065081073475e-05,2.0190708975429012e-05,0.0,0.0,10.0
1.3404999999999996,1.2453708627365396,0.6584625767261777,0.9514512397393983,-0.04234341343708543,0.0021434627567569918,0.0052554764869544215,0.000917442306073322,-0.0004532609207469021,-0.00013606511755826555,1.2077507946096047e-05,2.0354477443380118e-05,0.0,0.0,10.0
1.3434999999999997,1.244369582457267,0.6587042310471516,0.9525455557733091,-0.042399709925811206,0.0020107456104056657,0.005265143253588377,0.0009307789456157982,-0.0004542876059443315,-0.00013790201592560819,1.2076563643789575e-05,2.0518802134894797e-05,0.0,0.0,10.0
1.3464999999999998,1.2433889034491268,0.6589422731557824,0.9536333402725672,-0.04245360552563789,0.0018792317138772929,0.005274398975403817,0.0009442422638220936,-0.0004552063139045271,-0.0001396632432541406,1.2077466904363711e-05,2.068310792519416e-05,0.0,0.0,10.0
1.3495,1.2424296124959942,0.6591775515359355,0.9547133860964907,-0.04250543320924547,0.00174918911035319,0.00528326693618462,0.0009577894828499645,-0.0004560184525890153,-0.00014134064675943136,1.2080464780724585e-05,2.08468704016988e-05,0.0,0.0,10.0
1.3525,1.2414922080132194,0.6594107195654181,0.9557848239471719,-0.042555436955244205,0.0016208095482166877,0.005291766862234702,0.0009713847914039847,-0.0004567246018276056,-0.00014292860245598097,1.2085828395211858e-05,2.1009677535210694e-05,0.0,0.0,10.0
1.3555000000000001,1.2405767574916975,0.659642235593536,0.9568472310429074,-0.04260377218166477,0.0014941934890612897,0.005299917064947054,0.000985002002872497,-0.00045732480517225136,-0.0001444243613550097,1.2093873619687035e-05,2.1171268686466303e-05,0.0,0.0,10.0
1.3585000000000003,1.2396827822056717,0.659872392293716,0.957900695755742,-0.042650518643286776,0.0013693455837294431,0.005307737424532338,0.0009986255476989734,-0.00045781900450261816,-0.00014582812022125832,1.21049811058309e-05,2.1331549843452872e-05,0.0,0.0,10.0
1.3615000000000004,1.2388092001937951,0.6601013576879503,0.9589458300120847,-0.042695698404571214,0.0012461793615746119,0.005315251945440043,0.0010122500996570284,-0.0004582074658557451,-0.000147142861215278,1.211960638681653e-05,2.149058833790137e-05,0.0,0.0,10.0
1.3644999999999996,1.2379543407541391,0.6603292138800195,0.959983731239689,-0.042739292993573756,0.0011245288895875376,0.005322490040951098,0.0010258792512958684,-0.0004584910908987077,-0.00014837402457813567,1.2138274740477743e-05,2.164859242619682e-05,0.0,0.0,10.0
1.3674999999999997,1.2371160243723942,0.6605559864869714,0.9610159040213757,-0.0427812567429132,0.001004164879956389,0.005329486325432336,0.0010395236356954614,-0.00045867157685733107,-0.00014952907902725942,1.2161560806433158e-05,2.180588142592498e-05,0.0,0.0,10.0
1.3704999999999998,1.2362916884453432,0.6607816640321309,0.9620441563523477,-0.04282152595545735,0.0008848129070354843,0.005336279204564074,0.0010531988125797578,-0.0004587514445362965,-0.00015061704519439025,1.2190057185240244e-05,2.1962851385941918e-05,0.0,0.0,10.0
1.3735,1.2354785345891024,0.6610062099704004,0.9630704859175567,-0.04286002496967059,0.0007661718147092938,0.00534290879416753,0.0010669231491781258,-0.00045873398108417843,-0.00015164801536148934,1.2224338126782446e-05,2.211994018482538e-05,0.0,0.0,10.0
1.3765,1.2346736765185702,0.661229570567628,0.9640969689556899,-0.04289667043998739,0.0006479309210006643,0.005349414677745415,0.0010807158487809593,-0.0004586231426059024,-0.00015263270077777702,1.2264924032939252e-05,2.2277594798663604e-05,0.0,0.0,10.0
1.3795000000000002,1.2338742746759328,0.6614516808249653,0.9651256597699275,-0.04293137472305623,0.0005297851751422435,0.0053558338471418245,0.0010945952131257714,-0.0004584234446934666,-0.00015358202646597428,1.2312250817290528e-05,2.2436242358907245e-05,0.0,0.0,10.0
1.3825000000000003,1.2330776510550905,0.6616724693545938,0.966158504600848,-0.04296404872881849,0.00041144790453074686,0.005362198985716934,0.001108577170054608,-0.00045813985066843374,-0.00015450678331583646,1.2366646255565455e-05,2.259626565410937e-05,0.0,0.0,10.0
1.3855000000000004,1.2322813825491559,0.6618918622892127,0.9671972706740368,-0.04299460425700953,0.00029266111326175864,0.005368537125930129,0.0011226740634003828,-0.0004577776563987658,-0.00015541733992224493,1.2428314013731391e-05,2.2757983092129837e-05,0.0,0.0,10.0
1.3884999999999996,1.2314833730219235,0.6621097860451423,0.9682434901832151,-0.043022955737558946,0.00017320341392424135,0.005374868661646747,0.0011368936945440808,-0.0004573423687780703,-0.00015632341324807518,1.2497325255644035e-05,2.2921632946900122e-05,0.0,0.0,10.0
1.3914999999999997,1.23068190397852,0.6623261688592019,0.969298419331425,-0.04304902134359407,5.28956282839983e-05,0.005381206699669045,0.001151238620462779,-0.00045683957959441837,-0.00015723389734835275,1.2573617461287571e-05,2.3087361898169785e-05,0.0,0.0,10.0
1.3944999999999999,1.2298756626805225,0.6625409412510459,0.9703630133654213,-0.04307272355002197,-6.839600759268688e-05,0.005387556760268131,0.0011657057353857976,-0.00045627484307739447,-0.00015815675090450785,1.2657000034157157e-05,2.3255218183615746e-05,0.0,0.0,10.0
1.3975,1.2290637462630296,0.6627540357635215,0.9714379187959095,-0.04309398930006503,-0.0001907591238133206,0.005393916850920012,0.0011802861725414653,-0.0004556535697515697,-0.00015909894442029247,1.2747166160530864e-05,2.3425149814906608e-05,0.0,0.0,10.0
1.4005,1.228245641683964,0.6629653864156809,0.9725234831056263,-0.04311274997904388,-0.000314236946206854,0.005400277922181601,0.001194965546093936,-0.00045498094886058007,-0.00016006646483562615,1.2843710044170421e-05,2.3597008066079507e-05,0.0,0.0,10.0
1.4035000000000002,1.2274211840704201,0.663174928239072,0.9736197802788564,-0.04312894136760379,-0.0004388321721666033,0.00540662466882474,0.0012097245123565792,-0.0004542619063809966,-0.00016106436920258096,1.29461480899286e-05,2.3770555838066445e-05,0.0,0.0,10.0
1.4065000000000003,1.2265904993015386,0.6633825970856677,0.9747266481177648,-0.04314250366743602,-0.0005645123794830238,0.005412936578822128,0.0012245395782734354,-0.00045350109750353566,-0.0001620968720212613,1.3053942017311438e-05,2.3945479753903358e-05,0.0,0.0,10.0
1.4095000000000004,1.225753939184064,0.6635883296648922,0.975843731498661,-0.04315338159116313,-0.0006912161314595405,0.005419189082316347,0.001239384044927051,-0.0004527029246095862,-0.00016316744582479966,1.3166521492472827e-05,2.4121404257766292e-05,0.0,0.0,10.0
1.4124999999999996,1.2249120182604762,0.6637920635708892,0.9769705252537714,-0.04316152442000111,-0.0008188589105113126,0.005425354634544511,0.0012542289620314318,-0.000451871567184759,-0.00016427891408453171,1.3283303875975164e-05,2.4297905839341695e-05,0.0,0.0,10.0
1.4154999999999998,1.2240653597661273,0.6639937369631052,0.9781064115096052,-0.04316688588540609,-0.0009473382045083683,0.005431403590620728,0.0012690439923034563,-0.0004510110102908982,-0.0001654335202707209,1.340370916089633e-05,2.4474525875407076e-05,0.0,0.0,10.0
1.4184999999999999,1.223214654990547,0.6641932875878255,0.9792506887121238,-0.04316942373497712,-0.001076537428378729,0.005437304789653685,0.0012837981346288678,-0.000450125062688281,-0.00016663296570168434,1.3527169023902584e-05,2.465078135563295e-05,0.0,0.0,10.0
1.4215,1.2223606363807693,0.6643906509622856,0.9804025924032747,-0.0431690988935393,-0.0012063287678667932,0.005443025841924092,0.001298460313829031,-0.00044921736240972367,-0.00016787841885547737,1.3653129912328133e-05,2.4826173663851727e-05,0.0,0.0,10.0
1.4245,1.2215040613796313,0.664585757751373,0.9815613101531803,-0.04316587421374068,-0.001336575349126176,0.005448533182877371,0.0013129998913812358,-0.0004482913739319252,-0.00016917050689069344,1.3781050994123716e-05,2.5000196299365324e-05,0.0,0.0,10.0
1.4275000000000002,1.220645702124356,0.6647785306076918,0.9827259942156442,-0.04315971291001775,-0.0014671332712372293,0.00545379200355701,0.0013273871698232065,-0.00044735038498351485,-0.00017050930382167802,1.3910398415466873e-05,2.5172342706425106e-05,0.0,0.0,10.0
1.4305000000000003,1.219786336047034,0.6649688809735317,0.9838957752494514,-0.043150576867245966,-0.0015978539636491375,0.005458766180908899,0.0013415939490756072,-0.00044639751155683857,-0.0001718943283647916,1.404063756424457e-05,2.534211516167532e-05,0.0,0.0,10.0
1.4335000000000004,1.218926733823865,0.6651567065058204,0.9850697791059859,-0.04313842508919959,-0.0017285870953597292,0.005463418315303065,0.0013555941530014064,-0.00044543571713539755,-0.00017332455896870724,1.4171224957266005e-05,2.550903505920959e-05,0.0,0.0,10.0
1.4364999999999997,1.2180676433305573,0.6653418898253352,0.98624714681642,-0.04312321257764933,-0.0018591839646470184,0.00546770994540928,0.0013693644951687613,-0.0004444678475884558,-0.00017479846629075112,1.4301601056056046e-05,2.567265416939458e-05,0.0,0.0,10.0
1.4394999999999998,1.2172097704998541,0.6655242991640229,0.9874270561821351,-0.043104889890237516,-0.0019895010440838614,0.005471601963308923,0.0013828851120286677,-0.00044349667796688655,-0.0001763140570398743,1.4431184892870384e-05,2.583256580184225e-05,0.0,0.0,10.0
1.4425,1.2163537596223455,0.6657037911825171,0.9886087422899014,-0.043083403509636645,-0.002119403224005251,0.005475055205851886,0.0013961400730976492,-0.000442524962797744,-0.0001778689197013712,1.4559370962585691e-05,2.5988414481525774e-05,0.0,0.0,10.0
1.4455,1.2155001763502082,0.6658802158052063,0.9897915140674179,-0.043058696987866574,-0.0022487663168334325,0.005478031160275513,0.0014091176861381134,-0.00044155547837386477,-0.000179460262971866,1.4685528483485053e-05,2.613990283005192e-05,0.0,0.0,10.0
1.4485000000000001,1.214649496424082,0.6660534224769378,0.9909747646018354,-0.043030712650829264,-0.002377478531367979,0.005480492699136408,0.001421810546473937,-0.0004405910445843,-0.00018108494121859406,1.4809002893313303e-05,2.6286794775562368e-05,0.0,0.0,10.0
1.4515000000000002,1.2138021021525178,0.6662232669072232,0.9921579740879114,-0.04299939351074106,-0.002505440841832465,0.005482404754872095,0.0014342153227881317,-0.0004396345152547947,-0.00018273946645105455,1.492911933741611e-05,2.642891484168189e-05,0.0,0.0,10.0
1.4545000000000003,1.2129582872780047,0.6663896172290962,0.9933407055859647,-0.042964684978158696,-0.0026325663924402507,0.005483734857230779,0.001446332314436779,-0.0004386887295240681,-0.00018442001138159264,1.5045187904402142e-05,2.6566143903328496e-05,0.0,0.0,10.0
1.4574999999999996,1.212118269449535,0.6665523585882712,0.9945225949094769,-0.042926536002837516,-0.002758779238425627,0.005484453482682332,0.0014581648472080419,-0.00043775642175405803,-0.00018612241170324316,1.5156510426561447e-05,2.6698412290212483e-05,0.0,0.0,10.0
1.4604999999999997,1.2112822084221422,0.6667113954496552,0.9957033366897186,-0.04288489938540794,-0.0028840127985792718,0.005484534196065654,0.0014697185900443444,-0.00043684009281869996,-0.00018784217696086748,1.526238872818209e-05,2.6825691380246095e-05,0.0,0.0,10.0
1.4634999999999998,1.2104502275249256,0.6668666512755393,0.9968826688822284,-0.04283973115332513,-0.0030082083791879836,0.005483953593189213,0.0014810008739705883,-0.0004359418502956132,-0.0001895745182885383,1.536213422295575e-05,2.6947984840235826e-05,0.0,0.0,10.0
1.4665,1.2096224359165078,0.6670180656104139,0.9980603577244572,-0.042790989049987814,-0.003131314041643601,0.005482691073907838,0.0014920200792680964,-0.0004350632284365567,-0.00019131439830071448,1.5455078709892296e-05,2.7065320478510238e-05,0.0,0.0,10.0
1.4695,1.208798949550895,0.6671655889588282,0.999236184563326,-0.042738630327647076,-0.003253283952302114,0.005480728488289042,0.0015027851323033156,-0.0004342050007573754,-0.0001930566042593427,1.554058611569082e-05,2.7177743337263427e-05,0.0,0.0,10.0
1.4725000000000001,1.2079799093701133,0.6673091761666766,1.0004099352354598,-0.04268260916385031,-0.003374078201630228,0.0054780497080410984,0.0015133051240641229,-0.0004333669991336406,-0.00019479584102410381,1.5618064834265322e-05,2.7285310239988278e-05,0.0,0.0,10.0
1.4755000000000003,1.207165495774708,0.6674487793284376,1.0015813919914924,-0.042622874144926534,-0.003493662936653841,0.00547464018660726,0.0015235890328992032,-0.0004325479540334947,-0.00019652683592001198,1.5686980280851425e-05,2.738808558833675e-05,0.0,0.0,10.0
1.4785000000000004,1.2063559387402933,0.6675843415288795,1.0027503274570577,-0.0425593663727801,-0.0036120105405875722,0.005470486586227474,0.0015336455088363924,-0.00043174537124446755,-0.0001982444442100878,1.5746867338724806e-05,2.7486137841685417e-05,0.0,0.0,10.0
1.4814999999999996,1.205551523041788,0.6677157929122404,1.003916499896156,-0.04249201882108951,-0.003729099538945404,0.005465576564595259,0.001543482661189362,-0.00043095546074469767,-0.00019994374205294967,1.5797342505149986e-05,2.757953588557225e-05,0.0,0.0,10.0
1.4844999999999997,1.2047525880618863,0.6678430505243711,1.0050796490909637,-0.04242075753792502,-0.0038449139314388077,0.005459898817127827,0.0015531077899052054,-0.0004301731321316559,-0.00020162009433718816,1.5838115657162805e-05,2.766834447548325e-05,0.0,0.0,10.0
1.4874999999999998,1.2039595218201664,0.6679660229578854,1.006239492415393,-0.042345505105000236,-0.003959441753593744,0.005453443450724761,0.0015625270177507917,-0.00042939206690672193,-0.0002032691880735788,1.5869001348185866e-05,2.7752618183269905e-05,0.0,0.0,10.0
1.4905,1.2031727493430646,0.6680846199869694,1.007395721059315,-0.042266186392663455,-0.004072672854581902,0.005446202713178151,0.0015717448149141608,-0.0004286048701032045,-0.00020488702803296202,1.588992933295673e-05,2.7832393776823608e-05,0.0,0.0,10.0
1.4935,1.2023927163126302,0.6681987662027096,1.008547996751781,-0.04218273613460878,-0.004184596108287539,0.005438172022721281,0.0015807634543669408,-0.0004278032927586253,-0.00020646989919406193,1.5900953608575572e-05,2.790768165157404e-05,0.0,0.0,10.0
1.4965000000000002,1.2016198698605087,0.6683084164348156,1.0096959496515379,-0.042095107308797175,-0.004295196499397847,0.005429351153404576,0.0015895824839259822,-0.0004269785048392631,-0.00020801430860582925,1.5902258782636502e-05,2.7978457638248598e-05,0.0,0.0,10.0
1.4995000000000003,1.2008546390090271,0.6684135698865539,1.0108391782730604,-0.04200327893090566,-0.00440445267791893,0.00541974536475823,0.001598198334111069,-0.0004261213890567144,-0.00020951692520787023,1.5894162263229336e-05,2.804465700879667e-05,0.0,0.0,10.0
1.5025000000000004,1.2000974171940373,0.6685142798139779,1.0119772523777548,-0.04190726181734248,-0.004512335593778745,0.0054093662498587314,0.0016066041854584457,-0.0004252228232700099,-0.00021097453786122,1.5877110849876665e-05,2.8106172575960133e-05,0.0,0.0,10.0
1.5054999999999996,1.1993485483557262,0.6686106564333363,1.0131097196771426,-0.04180710123968716,-0.004618808680511825,0.005398232130896298,0.00161479018801323,-0.00042427392481538114,-0.00021238404822012796,1.5851670916470022e-05,2.8162858319041542e-05,0.0,0.0,10.0
1.5084999999999997,1.1986083164807135,0.6687028623707335,1.0142361169569827,-0.04170287610090976,-0.004723829776726174,0.005386367944954616,0.001622744064226956,-0.0004232662429749954,-0.00021374250673495304,1.5818512429995433e-05,2.8214539031076377e-05,0.0,0.0,10.0
1.5114999999999998,1.1978769368441675,0.6687911018515609,1.0153559858202859,-0.041594695091600506,-0.004827354629619124,0.005373804696211113,0.001630452051289244,-0.0004221919014393444,-0.00021504718938445116,1.577838822839507e-05,2.8261025314779203e-05,0.0,0.0,10.0
1.5145,1.1971545463174067,0.6688756062718185,1.0164688926556587,-0.04148269093213732,-0.004929341516165387,0.0053605786510672136,0.0016379000732531501,-0.00042104370488454045,-0.0002162957030470563,1.5732110853349653e-05,2.8302132204953237e-05,0.0,0.0,10.0
1.5175,1.196441190542562,0.6689566192415132,1.0175744517007725,-0.04136701402953664,-0.005029756332409238,0.005346730476215399,0.0016450749974600135,-0.0004198152275576827,-0.00021748610174300806,1.568052943702175e-05,2.833769908007319e-05,0.0,0.0,10.0
1.5205000000000002,1.1957368075572077,0.6690343834909311,1.0186723492921328,-0.041247826604593946,-0.0051285774792300225,0.005332304454519412,0.001651965832366692,-0.0004185008955397893,-0.00021861699569430593,1.562450857027885e-05,2.8367608496343765e-05,0.0,0.0,10.0
1.5235000000000003,1.1950412099716232,0.6691091305332555,1.0197623667395934,-0.04112529772082427,-0.005225799991318395,0.005317347788267531,0.001658564758339578,-0.00041709606125599766,-0.00021968763945204694,1.5564909959636693e-05,2.8391802057547344e-05,0.0,0.0,10.0
1.5265000000000004,1.1943540700406483,0.6691810723826452,1.0208443989305591,-0.04099959897060089,-0.005321438544702411,0.005301909871424648,0.0016648679311290994,-0.00041559705531295834,-0.0002206979917123867,1.550257648349567e-05,2.841029216555764e-05,0.0,0.0,10.0
1.5294999999999996,1.1936749129362887,0.6692503936657366,1.0219184659091822,-0.04087090016064199,-0.005415529155436732,0.005286041342754452,0.0016708760387853562,-0.0004140011937540304,-0.000221648744919739,1.5438317494349306e-05,2.8423169168735212e-05,0.0,0.0,10.0
1.5324999999999998,1.193003122682642,0.6693172425642895,1.0229847153441558,-0.04073936437582453,-0.005508129493203991,0.005269792756528264,0.0016765946129128993,-0.00041230672245540456,-0.00022254132532171679,1.5372894199860433e-05,2.8430603819039433e-05,0.0,0.0,10.0
1.5354999999999999,1.1923379627154156,0.6693817201343392,1.0240434149167743,-0.04060514226821093,-0.005599317771472535,0.005253212823264865,0.0016820340929913902,-0.00041051269417399826,-0.00022337786353991142,1.5307004682567218e-05,2.8432845022539424e-05,0.0,0.0,10.0
1.5385,1.1916786096434562,0.6694438691747124,1.0250949350306455,-0.04046836610981668,-0.00568919017686091,0.00523634633826267,0.0016872096281406702,-0.0004086187929357808,-0.00022416113337475784,1.5241269264426125e-05,2.8430212754355187e-05,0.0,0.0,10.0
1.5415,1.1910241955970495,0.6695036652631926,1.0261397235981875,-0.04032914476155318,-0.005777856820788782,0.0052192320693304674,0.0016921405900136377,-0.0004066251379851796,-0.00022489445475169803,1.5176217997234388e-05,2.8423085932372053e-05,0.0,0.0,10.0
1.5445000000000002,1.1903738525480239,0.6695610132047011,1.0271782757286132,-0.04018756097140794,-0.005865436283704711,0.005201900959165517,0.001696849777575657,-0.0004045321087840144,-0.00022558155751142893,1.5112282593930956e-05,2.8411885212188862e-05,0.0,0.0,10.0
1.5475000000000003,1.189726751785696,0.6696157515951437,1.0282111017241593,-0.040043672170678675,-0.005952048992728569,0.005184374977435166,0.0017013623259299969,-0.00040234022963182354,-0.00022622640714896322,1.5049794826942743e-05,2.839705118032774e-05,0.0,0.0,10.0
1.5505000000000004,1.1890821333691546,0.6696676665540676,1.0292386967936988,-0.03989751521119533,-0.0060378099041021776,0.0051666668321371555,0.001705704383310618,-0.0004000501374295259,-0.00022683300111469152,1.4988992307912205e-05,2.8379019233249515e-05,0.0,0.0,10.0
1.5534999999999997,1.1884393233140491,0.6697165133741905,1.0302615153532388,-0.03974911447564479,-0.006122821193096904,0.005148780553777434,0.001709901679317445,-0.00039766263304889896,-0.00022740515295269654,1.4930030919699953e-05,2.835819333588012e-05,0.0,0.0,10.0
1.5564999999999998,1.1877977395526593,0.6697620426073263,1.0312799518556584,-0.03959849181556694,-0.006207165806201208,0.005130712759946535,0.0017139781536041898,-0.00039517879282733925,-0.00022794628846021747,1.4873001504171816e-05,2.8334921554419e-05,0.0,0.0,10.0
1.5594999999999999,1.1871568902461331,0.669804025735828,1.0322943290052724,-0.039445676169550456,-0.006290902728673383,0.005112454260280129,0.0017179548277651564,-0.00039260009985624697,-0.00022845928025775814,1.4817947287775433e-05,2.830947644634194e-05,0.0,0.0,10.0
1.5625,1.1865163690007634,0.669842275612996,1.033304893201816,-0.039290710729342815,-0.006374064625485302,0.0050939916240991265,0.0017218490721743413,-0.0003899285509626898,-0.00022894634282772563,1.4764878379272466e-05,2.8282042871960706e-05,0.0,0.0,10.0
1.5655000000000001,1.1858758507154137,0.6698766583583625,1.0343118162982754,-0.03913365618582177,-0.006456658145999582,0.005075308417838917,0.0017256743465588083,-0.00038716670602983923,-0.0002294089994961527,1.4713780600340668e-05,2.8252714594440448e-05,0.0,0.0,10.0
1.5685000000000002,1.1852350896594945,0.6699070958607705,1.0353152023175423,-0.038974589683543504,-0.0065386667279767555,0.005056385991350725,0.0017294403969681448,-0.00038431766739402255,-0.00022984811870508382,1.466461760555987e-05,2.8221499443921793e-05,0.0,0.0,10.0
1.5715000000000003,1.184593918981447,0.6699335605678903,1.0363150976178672,-0.03881360024691278,-0.006620055321111544,0.00503720387991923,0.0017331538021857877,-0.0003813850001077442,-0.0002302640036129269,1.4617327101376737e-05,2.8188331301703792e-05,0.0,0.0,10.0
1.5744999999999996,1.183952249281046,0.6699560658940706,1.0373115030264701,-0.03865078220291001,-0.006700776194020463,0.005017740015592188,0.001736818708408834,-0.000378372619807693,-0.00023065651088184264,1.4571813317527987e-05,2.8153086180720027e-05,0.0,0.0,10.0
1.5774999999999997,1.183310063797852,0.6699746558233834,1.038304386574681,-0.03848622827388155,-0.006780774954305332,0.004997970960555092,0.0017404375876897034,-0.00037528467817537136,-0.00023102517384993327,1.4527938296111484e-05,2.8115599508990842e-05,0.0,0.0,10.0
1.5804999999999998,1.182667409066806,0.6699893962236356,1.0392936956170542,-0.03832002358549993,-0.006859996078061253,0.004977872292231297,0.0017440118982057495,-0.00037212546694424364,-0.00023136931150911374,1.448551405052347e-05,2.8075682314700208e-05,0.0,0.0,10.0
1.5835,1.1820243817920768,0.6700003686843314,1.0402793673120727,-0.038152241112806455,-0.0069383875207138955,0.004957419137410197,0.001747542590181807,-0.0003688993460402083,-0.00023168811452351306,1.4444296616891272e-05,2.8033135028273834e-05,0.0,0.0,10.0
1.5865,1.1813811141790684,0.6700076662143036,1.0412613367229588,-0.037982938446499616,-0.007015904248032373,0.00493658674227834,0.0017510304611599943,-0.00036561068790903707,-0.00023198070862863853,1.4403982050154204e-05,2.7987758604217267e-05,0.0,0.0,10.0
1.5895000000000001,1.1807377603314113,0.6700113895118508,1.042239542182247,-0.03781215547738878,-0.007092510697282423,0.004915350929324636,0.001754476396739404,-0.0003622638245099281,-0.00023224620090034478,1.436420394581282e-05,2.7939363270167275e-05,0.0,0.0,10.0
1.5925000000000002,1.1800944854915287,0.6700116428628241,1.0432139280165307,-0.03763991272080165,-0.007168182230933483,0.00489368834010384,0.0017578815327577823,-0.0003588629870939289,-0.00023248371472387705,1.4324532198074654e-05,2.7887775327221888e-05,0.0,0.0,10.0
1.5955000000000004,1.1794514584093185,0.6700085296428621,1.044184445159521,-0.03746621036931465,-0.007242905618465171,0.004871576461447235,0.0017612473530868131,-0.0003554122381529126,-0.00023269241635935335,1.4284473197540782e-05,2.78328422013613e-05,0.0,0.0,10.0
1.5984999999999996,1.178808845752692,0.6700021482847157,1.0451510504883657,-0.03729102850607731,-0.0073166785443352375,0.0048489935281691285,0.0017645757125268763,-0.0003519154039204676,-0.00023287153251362166,1.4243472126526641e-05,2.777443565829996e-05,0.0,0.0,10.0
1.6014999999999997,1.178166806851447,0.6699925899211248,1.046113705827216,-0.03711432901566029,-0.007389508149002228,0.004825918442620627,0.0017678687627428,-0.00034837601963236974,-0.00023302035664059272,1.4200918099216094e-05,2.77124529867222e-05,0.0,0.0,10.0
1.6044999999999998,1.1775254873843592,0.6699799385655159,1.0470723774612505,-0.036936059524602646,-0.007461408683597001,0.00480233083398661,0.0017711287669967526,-0.00034479729673928835,-0.00023313824272359313,1.4156152517313044e-05,2.7646816122235783e-05,0.0,0.0,10.0
1.6075,1.1768850116251703,0.6699642738376943,1.0480270367425244,-0.03675615927422166,-0.007532398475564367,0.004778211312236881,0.0017743578121582311,-0.00034118211320653235,-0.00023322458839230176,1.4108480314017684e-05,2.7577469054944273e-05,0.0,0.0,10.0
1.6105,1.1762454740466999,0.6699456752768539,1.048977662031877,-0.03657456634979091,-0.007602496517397518,0.004753541886388307,0.0017775574531546925,-0.000337533018821225,-0.00023327881277951073,1.4057183028084448e-05,2.7504374262840987e-05,0.0,0.0,10.0
1.6135000000000002,1.1756069319299862,0.6699242266130234,1.0499242418989276,-0.0363912253431178,-0.0076717190588097865,0.004728306449581949,0.001780728344127069,-0.0003338522410712029,-0.00023330033683112634,1.4001532176015458e-05,2.7427509157702772e-05,0.0,0.0,10.0
1.6165000000000003,1.174969400814702,0.66990001824347,1.0508667792629363,-0.03620609442538045,-0.0077400765779834626,0.0047024912081716705,0.001783869914639242,-0.0003301416762282454,-0.00023328857377008535,1.3940801354091944e-05,2.734686350392165e-05,0.0,0.0,10.0
1.6195000000000004,1.1743328541128837,0.6698731466148232,1.0518052960326416,-0.036019150973007355,-0.007807571429551138,0.00467608495401511,0.0017869801372109794,-0.00032640285513115805,-0.00023324293495755112,1.3874275919519937e-05,2.7262438462707637e-05,0.0,0.0,10.0
1.6224999999999996,1.1736972272036112,0.6698437100701025,1.0527398377869437,-0.03583039524923935,-0.007874196339123367,0.00464907913608432,0.0017900554090193987,-0.0003226368820825986,-0.00023316285227849003,1.380125983249873e-05,2.7174247414676157e-05,0.0,0.0,10.0
1.6254999999999997,1.1730624252066653,0.6698118016777088,1.053670478095619,-0.035639852067050816,-0.00793993377418689,0.00462146775520872,0.0017930905444231311,-0.00031884435513632187,-0.0002330478137658938,1.3721080049211754e-05,2.708231817913445e-05,0.0,0.0,10.0
1.6284999999999998,1.1724283327928935,0.6697775002962757,1.054597322162818,-0.0354475707054222,-0.008004756107484636,0.004593247157782169,0.0017960788550110678,-0.0003150252835176477,-0.0002328974058997298,1.3633089484406326e-05,2.6986695844363262e-05,0.0,0.0,10.0
1.6315,1.1717948240977067,0.6697408614251774,1.0555205095447224,-0.035253623522489064,-0.008068626427186794,0.004564415821955853,0.0017990122861744292,-0.00031117902062124486,-0.0002327113548452829,1.3536669828902011e-05,2.688744526620238e-05,0.0,0.0,10.0
1.6345,1.1711617711112556,0.6697019092036112,1.0564402157260477,-0.03505810368395904,-0.008131499842558705,0.004534974209309165,0.0018018815845215258,-0.0003073042284069162,-0.00023248955998981402,1.3431235363867267e-05,2.678465240771733e-05,0.0,0.0,10.0
1.6375000000000002,1.1705290496490148,0.6696606303913519,1.0573566523432731,-0.0348611222601405,-0.008193325167586623,0.004504924707874726,0.0018046764843015646,-0.00030339888241741255,-0.0002322321158216663,1.3316238454334341e-05,2.6678424010367593e-05,0.0,0.0,10.0
1.6405000000000003,1.1698965428481485,0.6696169705409379,1.0582700658398554,-0.034662804744592914,-0.008254046909217164,0.004474271639954341,0.0018073859158534824,-0.00029946031865196894,-0.00023193932129510667,1.3191176816898455e-05,2.656888547572146e-05,0.0,0.0,10.0
1.6435000000000004,1.1692641427799602,0.6695708320995201,1.0591807343595108,-0.034463286915173474,-0.008313607514059126,0.004443021271592685,0.0018099982478535785,-0.0002954853168110285,-0.00023161167818370096,1.3055602139273524e-05,2.6456177162139036e-05,0.0,0.0,10.0
1.6464999999999996,1.1686317510337636,0.6695220740009692,1.0600889627480727,-0.034262709953106096,-0.008371949823059416,0.004411181752296558,0.0018125015741013986,-0.00029147021069257087,-0.00023124988087806035,1.2909129315448357e-05,2.6340449478459733e-05,0.0,0.0,10.0
1.6494999999999997,1.1679992790059004,0.6694705124226529,1.0609950756460882,-0.034061214854192855,-0.008429019650463604,0.00437876293344392,0.0018148840455911321,-0.0002874110160417184,-0.0002308547996441597,1.2751445480994218e-05,2.622185717594338e-05,0.0,0.0,10.0
1.6524999999999999,1.1673666482575165,0.6694159226664668,1.0618994088010503,-0.033858936354064055,-0.008484768357369945,0.0043457760511826475,0.0018171342340788023,-0.0002833035679689655,-0.00023042745809684066,1.2582318130966615e-05,2.610055315288642e-05,0.0,0.0,10.0
1.6555,1.1667337908873705,0.6693580424111754,1.062802298889234,-0.03365599677098696,-0.008539155252277268,0.004312233299229025,0.0018192415000296799,-0.0002791436626047563,-0.00022996900436223074,1.2401601775862e-05,2.5976681974848873e-05,0.0,0.0,10.0
1.6585,1.1661006495791089,0.6692965767274296,1.0637040722906346,-0.033452500280078915,-0.0085921496382477,0.004278147345309635,0.0018211963305113303,-0.00027492719952095873,-0.00022948067479225417,1.2209242743165203e-05,2.5850373250186755e-05,0.0,0.0,10.0
1.6615000000000002,1.165467176924907,0.6692312051728307,1.0646050333890462,-0.03324852813703233,-0.008643732346514492,0.004243530854416793,0.001822990613665668,-0.0002706503218039185,-0.0002289637495055448,1.2005281807181775e-05,2.5721735024572762e-05,0.0,0.0,10.0
1.6645000000000003,1.164833333802162,0.6691615910009846,1.0655054530614372,-0.03304413526890782,-0.008693896647058287,0.004208396072172578,0.0018246178254354723,-0.00026630954946600324,-0.00022841950040824264,1.1789854324482951e-05,2.5590847465845205e-05,0.0,0.0,10.0
1.6675000000000004,1.1641990869077536,0.6690873921064446,1.0664055580708178,-0.03283934847598509,-0.008742648496916831,0.004172754498340504,0.0018260731184884748,-0.0002619018997761194,-0.0002278491342961039,1.1563187509618373e-05,2.5457757260900233e-05,0.0,0.0,10.0
1.6704999999999997,1.1635644059046573,0.6690082729118181,1.0673055220834058,-0.03263416629251979,-0.008790006161076256,0.004136616653818889,0.0018273533186376242,-0.0002574249861546547,-0.0002272537355478581,1.1325594478999258e-05,2.5322473275061345e-05,0.0,0.0,10.0
1.6734999999999998,1.162929260868332,0.6689239161163254,1.0682054589950187,-0.03242856038899735,-0.008835999302757467,0.004099991925063281,0.0018284568461901247,-0.0002528770866744594,-0.00022663421415448006,1.1077464798567404e-05,2.5184964063393682e-05,0.0,0.0,10.0
1.6764999999999999,1.1622936207329568,0.6688340331646816,1.0691054191739444,-0.032222478303495956,-0.008880667678216794,0.004062888465815528,0.001829383585394596,-0.00024825717476373424,-0.00022599126493106682,1.08192515475802e-05,2.5045157723817685e-05,0.0,0.0,10.0
1.6795,1.1616574532066766,0.6687383724890328,1.070005389106169,-0.0320158472759621,-0.008924059582407445,0.004025313149327346,0.0018301347235387489,-0.00024356490854582867,-0.00022532534261489058,1.0551455360019732e-05,2.490294433401217e-05,0.0,0.0,10.0
1.6825,1.1610207262223722,0.6686367249673166,1.0709052947590247,-0.03180857900361963,-0.00896623018181527,0.003987271589727873,0.0018307125739533984,-0.00023880058064471135,-0.0002246366554663342,1.0274606465961596e-05,2.475818085710001e-05,0.0,0.0,10.0
1.6855000000000002,1.1603834105621627,0.668528926503191,1.071805008756641,-0.03160057519006544,-0.00900723985198491,0.003948768277784917,0.0018311203879189568,-0.00023396503582599388,-0.00022392517758311405,9.98924631250809e-06,2.46106980145481e-05,0.0,0.0,10.0
1.6885000000000003,1.1597454830031209,0.6684148580195626,1.0727043611873979,-0.03139173377233907,-0.009047152623121137,0.003909806891502315,0.0018313621535080292,-0.0002290595679541998,-0.00022319067812087215,9.695910761026166e-06,2.4460308303042187e-05,0.0,0.0,10.0
1.6914999999999996,1.1591069292898555,0.6682944433620569,1.0736031535556496,-0.03118195564777967,-0.00908603483552068,0.0038703908369728326,0.001831442377742897,-0.00022408580931160794,-0.00022243276448623365,9.395117019691087e-06,2.430681415176948e-05,0.0,0.0,10.0
1.6944999999999997,1.158467746457248,0.6681676456035573,1.074501175079475,-0.03097115159193562,-0.00912395411558759,0.0038305240483999204,0.0018313658526189346,-0.00021904562415126722,-0.00022165093641847436,9.087356318934646e-06,2.4150015210636838e-05,0.0,0.0,10.0
1.6974999999999998,1.1578279444107256,0.6680344620850495,1.0753982202676877,-0.030759248903485536,-0.009160978791740002,0.0037902120348842516,0.0018311374135054446,-0.0002139410152374465,-0.00022084464835639411,8.773093879346399e-06,2.3989713912190073e-05,0.0,0.0,10.0
1.7005,1.1571875470689161,0.6678949183325127,1.0762941065288052,-0.03054619719442048,-0.00919717786236196,0.003749463116874309,0.001830761706697225,-0.00020877404845359354,-0.0002200133779979902,8.452777013581601e-06,2.3825718709777303e-05,0.0,0.0,10.0
1.7035,1.1565465936379855,0.6677490608646761,1.0771886905056556,-0.03033197271831633,-0.009232621592618801,0.003708289758269918,0.0018302429881821168,-0.00020354679770048515,-0.00021915669893627976,8.126851323123013e-06,2.365784470336519e-05,0.0,0.0,10.0
1.7065000000000001,1.1559051406346792,0.6675969489165038,1.0780818819008458,-0.03011658072123715,-0.00926738274930079,0.0036667098776475356,0.0018295849762901598,-0.00019826131104524255,-0.0002182743544169879,7.795783971462356e-06,2.3485911679208038e-05,0.0,0.0,10.0
1.7095000000000002,1.1552632651051045,0.6674386452509306,1.0789736537404282,-0.029900055495910304,-0.009301538388768798,0.0036247480144283185,0.0018287907770020149,-0.00019291959934522316,-0.00021736632773117342,7.460092003636949e-06,2.330973989083008e-05,0.0,0.0,10.0
1.7125000000000004,1.1546210691619805,0.6672742064721199,1.0798640482710853,-0.02968245807805423,-0.009335172006128113,0.0035824362288699404,0.0018278628938382154,-0.00018752364955309982,-0.00021643290298211884,7.120372709586757e-06,2.3129144193077737e-05,0.0,0.0,10.0
1.7154999999999996,1.1539786855730019,0.6671036735262454,1.0807531779428845,-0.02946387178989116,-0.009368375750759416,0.003539814622958508,0.0018268033261809326,-0.00018207546544249297,-0.00021547470856648126,6.777332190506849e-06,2.2943927404867708e-05,0.0,0.0,10.0
1.7184999999999997,1.1533362837552967,0.6669270633288499,1.0816412211418363,-0.02924439606123837,-0.009401252330186361,0.003496931378717111,0.0018256137517148523,-0.00017657713748886632,-0.00021449273526706297,6.43180770859747e-06,2.275387400313426e-05,0.0,0.0,10.0
1.7214999999999998,1.152694075217485,0.6667443626577177,1.0825284124711718,-0.029024139110690607,-0.009433916173775722,0.0034538422205022423,0.0018242957806791343,-0.00017103094044584188,-0.00021348832177037316,6.084779222717726e-06,2.255874540807175e-05,0.0,0.0,10.0
1.7245,1.152052317271254,0.6665555255736958,1.083415027437371,-0.028803210134689457,-0.009466493419470517,0.0034106092209767883,0.0018228512616304318,-0.0001654394517719546,-0.00021246310283590014,5.737365859674332e-06,2.235827816805987e-05,0.0,0.0,10.0
1.7275,1.1514113137297575,0.6663604756517721,1.0843013614153385,-0.02858171163336397,-0.009499120327533457,0.00336729889085484,0.0018212826105276272,-0.00015980567722307862,-0.00021141891910127534,5.390804010401231e-06,2.2152186257094902e-05,0.0,0.0,10.0
1.7305000000000001,1.1507714113436172,0.6661591141813528,1.0851877028210652,-0.028359732413611647,-0.009531939819577161,0.003323979524639379,0.001819593128061923,-0.00015413316307139329,-0.0002103576921600207,5.046405250480972e-06,2.1940168440555036e-05,0.0,0.0,10.0
1.7335000000000003,1.150132990923377,0.6659513351793152,1.0860743006053386,-0.028137341674759165,-0.009565095990147082,0.003280717821680481,0.0018177872660570798,-0.00014842606950711757,-0.00020928127339247014,4.705494242658099e-06,2.172192125204087e-05,0.0,0.0,10.0
1.7365000000000004,1.1494964524826994,0.6657370475088338,1.086961326590916,-0.027914584427341023,-0.009598726637946395,0.0032375748649797757,0.0018158708047119397,-0.0001426891789447006,-0.000208191279202081,4.369328973683565e-06,2.149715758293079e-05,0.0,0.0,10.0
1.7394999999999996,1.1488621943172241,0.6655162035939982,1.0878488338653665,-0.027691478347765256,-0.009632954103621557,0.0031946016171299487,0.0018138509104088946,-0.00013692781791238166,-0.00020708892795072022,4.039007843032262e-06,2.126563026360246e-05,0.0,0.0,10.0
1.7424999999999997,1.1482305866902565,0.6652888331950648,1.0887367134028014,-0.02746801205244198,-0.009667874961560186,0.0031518341777885027,0.0018117360594987043,-0.00013114768264049206,-0.00020597489435521704,3.715369986064047e-06,2.102715936884004e-05,0.0,0.0,10.0
1.7454999999999998,1.1476019416683991,0.665055079557192,1.0896246522209283,-0.02724414469755134,-0.009703549366052718,0.003109289130782303,0.0018095358355519472,-0.0001253545755175675,-0.00020484919517008816,3.398896557993231e-06,2.0781661370478064e-05,0.0,0.0,10.0
1.7485,1.1469764815263241,0.6648152341368059,1.0905120974932854,-0.027019806780255565,-0.009739991060891332,0.003066959379587664,0.0018072606321168727,-0.00011955407967213003,-0.0002037111159149714,3.0896214014179443e-06,2.0529177742026605e-05,0.0,0.0,10.0
1.7515,1.14635430885354,0.6645697652825874,1.0913982318668745,-0.026794902034422297,-0.009777159184233395,0.0030248109154318633,0.001804921313702127,-0.00011375121807154619,-0.00020255918296223049,2.7870595588437304e-06,2.0269900233235615e-05,0.0,0.0,10.0
1.7545000000000002,1.145735381846751,0.6643193359728538,1.0922819654940046,-0.026569310376292236,-0.009814952996603498,0.00298278097192631,0.001802528896998482,-0.00010795015704430819,-0.00020139117955887627,2.490161559842163e-06,2.0004189804913476e-05,0.0,0.0,10.0
1.7575000000000003,1.1451194980855675,0.6640648062144264,1.0931619497222196,-0.02634289195030517,-0.009853210500061464,0.002940777984740073,0.001800094306151699,-0.00010215401760801952,-0.00020020419954271075,2.1973004308904254e-06,1.973258617699878e-05,0.0,0.0,10.0
1.7605000000000004,1.1445062893173896,0.6638072170645214,1.09403661584809,-0.02611549241243351,-0.00989171159665673,0.002898683684441965,0.0017976282289847443,-9.63648480711876e-05,-0.00019899472986224993,1.9062970027623796e-06,1.945580516073343e-05,0.0,0.0,10.0
1.7634999999999996,1.1438952285808714,0.6635477552753596,1.0949042398370443,-0.025886949586293062,-0.009930185986082616,0.0028563574928900898,0.0017951410619710768,-9.058378650351127e-05,-0.00019775875362849885,1.6144872403954429e-06,1.9174721539844162e-05,0.0,0.0,10.0
1.7664999999999997,1.1432856497369352,0.6632876998656105,1.095763030643798,-0.02565710143016466,-0.009968325492768574,0.0028136431577881413,0.00179264289433077,-8.481140296831132e-05,-0.0001964918699320853,1.3188327713198337e-06,1.8890336387611946e-05,0.0,0.0,10.0
1.7694999999999999,1.1426767785297982,0.6630283539965763,1.0966112361444544,-0.025425794801866283,-0.010005800023701179,0.0027703772521016695,0.0017901434613621099,-7.904816411597166e-05,-0.00019518943445115053,1.0160723297795877e-06,1.860372943361958e-05,0.0,0.0,10.0
1.7725,1.142067773765444,0.6627709670756154,1.0974472573039846,-0.025192893894099483,-0.010042275954224652,0.0027263988278035146,0.0017876520017805386,-7.329491747484811e-05,-0.0001938467332948205,7.029075165290524e-07,1.8315999272383576e-05,0.0,0.0,10.0
1.7755,1.1414577767059428,0.6625166531207817,1.0982697587476433,-0.024958286724652945,-0.010077435441399302,0.0026815592348768927,0.0017851769766516993,-6.755326483176976e-05,-0.00019245920681483253,3.762116055988153e-07,1.802819636523835e-05,0.0,0.0,10.0
1.7785000000000002,1.1408459657190888,0.662266312454951,1.0990777630258635,-0.02472188808125786,-0.010110994962999005,0.0026357310035364217,0.0017827256310051676,-6.182569856447277e-05,-0.00019102273519053578,3.3245991304928154e-08,1.7741255268044223e-05,0.0,0.0,10.0
1.7815000000000003,1.1402316113546676,0.6620205648763016,1.0998707169418611,-0.024483638035521997,-0.010142721282478388,0.0025888148049250425,0.0017803033906946201,-5.611541810677954e-05,-0.0001895339814962276,-3.281338790866436e-07,1.7455932836843728e-05,0.0,0.0,10.0
1.7845000000000004,1.1396141250560194,0.661779702991752,1.1006485212966763,-0.02424349631951709,-0.010172443117289627,0.002540743818283623,0.0017779130941090679,-5.042581656409149e-05,-0.00018799076481487177,-7.093022123798645e-07,1.717275837678307e-05,0.0,0.0,10.0
1.7874999999999996,1.138993094165663,0.6615436732504498,1.1014115197890832,-0.024001433882168622,-0.010200057154177721,0.002491485211066022,0.001775554086493953,-4.47597060643362e-05,-0.0001863924152797961,-1.1107346842152574e-06,1.689200040105221e-05,0.0,0.0,10.0
1.7904999999999998,1.1383682979534353,0.6613120885696356,1.1021604478021632,-0.023757423224489937,-0.010225527767370509,0.0024410387437283835,0.0017732212720218733,-3.9118408357174824e-05,-0.00018474005437582754,-1.5319447517470216e-06,1.6613653497635903e-05,0.0,0.0,10.0
1.7934999999999999,1.1377397037667443,0.661084270853995,1.1028963466256685,-0.023511428592832423,-0.01024888074788261,0.0023894326994226256,0.0017709043077557122,-3.35008603727742e-05,-0.0001830367509150117,-1.971497052214048e-06,1.63374478412069e-05,0.0,0.0,10.0
1.7965,1.1371074471191591,0.6608593161276912,1.1036204526925562,-0.0232633963375299,-0.010270192280086264,0.0023367174849843737,0.0017685871813436214,-2.7902876546940336e-05,-0.0001812875212935584,-2.427104198561631e-06,1.6062882553848473e-05,0.0,0.0,10.0
1.7995,1.136471802343729,0.6606361715927527,1.1043340742120826,-0.023013245411079946,-0.010289575023659263,0.0022829574540695844,0.001766248389289352,-2.2316683483464634e-05,-0.0001794991638946991,-2.8958042006997782e-06,1.5789281780133065e-05,0.0,0.0,10.0
1.8025000000000002,1.1358331504023593,0.6604137136536897,1.105038468821896,-0.02276085833391641,-0.010307163338323315,0.002228221777771283,0.00176386181649084,-1.6730807041154426e-05,-0.00017767993653053387,-3.37420483243603e-06,1.5515869060182074e-05,0.0,0.0,10.0
1.8055000000000003,1.1351919482598605,0.6601908182408238,1.1057347353486866,-0.022506073696114046,-0.010323099470524793,0.0021725754395878864,0.0017613982500474063,-1.1130349357455917e-05,-0.00017583910166637213,-3.858770761510841e-06,1.524185219853958e-05,0.0,0.0,10.0
1.8085000000000004,1.1345487011638,0.6599664184487607,1.1064237305307703,-0.02224868195082905,-0.010337522034769146,0.0021160715548260317,0.0017588272957553383,-5.497646483447977e-06,-0.0001739863766442449,-4.3461216123207e-06,1.4966508327049186e-05,0.0,0.0,10.0
1.8114999999999997,1.1339039360382928,0.659739548683524,1.1071060180418502,-0.021988426686633682,-0.010350557485449177,0.0020587461735522066,0.0017561193423306968,1.867446313861318e-07,-0.0001721313328904214,-4.833305987953386e-06,1.4689257795780142e-05,0.0,0.0,10.0
1.8144999999999998,1.1332581715611032,0.659509378445051,1.1077818530066466,-0.021725013678747126,-0.01036231460281606,0.0020006165335150414,0.0017532471585786212,5.942808492299168e-06,-0.0001702827869932821,-5.3180185082198884e-06,1.440971606314266e-05,0.0,0.0,10.0
1.8175,1.1326118794186493,0.6592752413743289,1.1084512010221896,-0.021458129562149996,-0.010372881478808115,0.0019416833701876837,0.0017501867375231395,1.1789675067308746e-05,-0.0001684482200639503,-5.7987341741467185e-06,1.4127715098346967e-05,0.0,0.0,10.0
1.8205,1.1319654332602653,0.6590366647147724,1.1091137869101624,-0.021187470482720197,-0.010382324288110924,0.001881937309662159,0.0017469171464972349,1.7744170269263564e-05,-0.0001666332574341657,-6.274746370085663e-06,1.384329026131046e-05,0.0,0.0,10.0
1.8235000000000001,1.1313190477982238,0.6587934000388134,1.109769165297804,-0.02091277833660632,-0.010390687379651408,0.0018213685539485113,0.0017434194051933933,2.3819442260229676e-05,-0.0001648412454832772,-6.746110133408086e-06,1.3556635080211942e-05,0.0,0.0,10.0
1.8265000000000002,1.1306727189881915,0.6585454490752944,1.1104168029314647,-0.020633878734396486,-0.010397994813689611,0.0017599781537700483,0.0017396747391236664,3.0023827775449064e-05,-0.00016307297559755966,-7.213508160441078e-06,1.3268033661393575e-05,0.0,0.0,10.0
1.8295000000000003,1.1300261834410492,0.65829307210337,1.1110561617366468,-0.020350712072820132,-0.010404254040372624,0.001697788468754216,0.0017356628260852185,3.636014417363112e-05,-0.00016132661561831668,-7.678069415078811e-06,1.2977786322238999e-05,0.0,0.0,10.0
1.8324999999999996,1.1293789161134906,0.6580367651450469,1.1116867724470147,-0.020063348955597554,-0.010409462490726799,0.0016348503412564066,0.0017313607253749827,4.282556386865935e-05,-0.00015959789870981762,-8.141175136837198e-06,1.268614562364873e-05,0.0,0.0,10.0
1.8354999999999997,1.1287301764195814,0.657777199265146,1.1123082913010742,-0.019771984965007827,-0.010413617105976042,0.00157124532770932,0.001726742960120195,4.9412121050844276e-05,-0.00015788057501474404,-8.604282230104746e-06,1.2393275430606413e-05,0.0,0.0,10.0
1.8384999999999998,1.1280790952948687,0.6575151298681501,1.1129205364699697,-0.019476916975710235,-0.010416725373512377,0.0015070829368338784,0.001721782745569369,5.610772697500804e-05,-0.00015616705695387025,-9.068780682008426e-06,1.2099235601927738e-05,0.0,0.0,10.0
1.8415,1.1274247761255485,0.6572513002449495,1.1135235054859451,-0.01917851118927738,-0.010418814892290875,0.0014424946555598327,0.0017164538043952383,6.289738936807018e-05,-0.00015444911141173273,-9.535884918010758e-06,1.1803983121168483e-05,0.0,0.0,10.0
1.8445,1.1267663704695565,0.6569863734159133,1.1141173785843324,-0.018877178070917638,-0.010419937736897552,0.0013776277932402515,0.0017107318450930652,6.976422980410579e-05,-0.00015271841034503793,-1.0006545931985298e-05,1.1507372310131645e-05,0.0,0.0,10.0
1.8475000000000001,1.1261030923025306,0.6567209232925154,1.1147025144515583,-0.018573368558809946,-0.010420166552038156,0.00131264222944601,0.0017045947951903955,7.668993351196608e-05,-0.00015096677410761158,-1.0481367035233644e-05,1.1209136348899633e-05,0.0,0.0,10.0
1.8505000000000003,1.1254341523949434,0.656455500078235,1.1152794441362421,-0.018267599130579987,-0.010419581351947786,0.0012477119531264047,0.0016980212885370515,8.365444889930142e-05,-0.0001491860284824464,-1.0960512037428408e-05,1.0908840132751395e-05,0.0,0.0,10.0
1.8535000000000004,1.1247586213025067,0.6561907609661305,1.1158488663642823,-0.017960502872301956,-0.010418248787533505,0.0011830312903408139,0.0016909875502249777,9.063502044554867e-05,-0.00014736751981098977,-1.1443607243190919e-05,1.0605807527486595e-05,0.0,0.0,10.0
1.8564999999999996,1.1240752583024272,0.6559276317864245,1.1164116438608196,-0.01765289233474422,-0.010416198450539925,0.0011188234731701722,0.0016834635242889342,9.760492141187789e-05,-0.0001455014618549318,-1.192965360496306e-05,1.0299040695182508e-05,0.0,0.0,10.0
1.8594999999999997,1.1233823713359008,0.6556674411177081,1.1169687957447259,-0.017345808916916824,-0.010413403250061962,0.0010553469255954373,0.0016754097730040925,0.0001045325219893438,-0.00014357640963898608,-1.241698077810456e-05,9.987163717172338e-06,0.0,0.0,10.0
1.8624999999999998,1.1226777986842587,0.6554119463383757,1.1175214757641818,-0.01704052320762149,-0.010409772894196118,0.000992892391489809,0.001666777324941192,0.00011138157377891054,-0.00014157926558515952,-1.2903290037143376e-05,9.668436746587171e-06,0.0,0.0,10.0
1.8655,1.121959119280094,0.6551631575318441,1.118070921415073,-0.016738444108419563,-0.010405170394092805,0.0009317624276129988,0.001657513077484586,0.00011811374011632078,-0.00013949628975668687,-1.3385843427097652e-05,9.340896398256184e-06,0.0,0.0,10.0
1.8685,1.121224183970606,0.6549228784450851,1.1186183583914606,-0.01644090004737228,-0.010399459498410498,0.0008722256387110765,0.0016475730264365494,0.00012469424925805596,-0.0001373155169331034,-1.3861849077594062e-05,9.002671490703701e-06,0.0,0.0,10.0
1.8715000000000002,1.1204719847555842,0.6546919498915152,1.1191648533916387,-0.016148785003669314,-0.01039258362237048,0.0008144439188966738,0.0016369437328017278,0.00013110080790487238,-0.00013503064858816217,-1.4329048950126116e-05,8.65248404619528e-06,0.0,0.0,10.0
1.8745000000000003,1.1197037266815948,0.6544693144943289,1.1197111292794435,-0.01586212195374499,-0.01038466299525784,0.000758383366570591,0.0016256686207074462,0.00013733443286021338,-0.00013264581642870175,-1.4786425477277773e-05,8.290263964250252e-06,0.0,0.0,10.0
1.8775000000000004,1.1189237660999365,0.6542511979933435,1.1202573867794623,-0.01557967575375203,-0.01037607916469524,0.0007037362226738584,0.001613870643416201,0.00014342891661690943,-0.00013017972902064652,-1.5234824999148075e-05,7.91769624541156e-06,0.0,0.0,10.0
1.8804999999999996,1.1181399213139291,0.6540308413013826,1.1208032035818654,-0.015298810407599669,-0.010367502833030392,0.0006498945607056193,0.001601758887830636,0.0001494541249689131,-0.00012766701508051023,-1.567720428065442e-05,7.538431093256312e-06,0.0,0.0,10.0
1.8834999999999997,1.1173626828509504,0.6537991999446069,1.1213475850623977,-0.015015778717621308,-0.010359824008306838,0.0005960151838352578,0.0015896072689684038,0.000155508533006097,-0.0001251546628152256,-1.6118222443513107e-05,7.157693916817719e-06,0.0,0.0,10.0
1.8864999999999998,1.1166031571736545,0.653546758773185,1.121889203612585,-0.014726513084804703,-0.010353971573635356,0.0005411901809567735,0.0015777013296234387,0.0001616993569822382,-0.00012269280155013498,-1.6563085282640827e-05,6.781194865014715e-06,0.0,0.0,10.0
1.8895,1.11587014185015,0.6532661125869722,1.1224267865260253,-0.01442776478655081,-0.010350659581498481,0.00048469086194685907,0.0015662636061478641,0.00016811406407068953,-0.00012032157168893977,-1.7015881510962917e-05,6.413544942663945e-06,0.0,0.0,10.0
1.8925,1.1151673211582895,0.6529544400910386,1.1229595252816666,-0.014118205536321208,-0.010350148902613364,0.00042620331397457664,0.0015553830854057266,0.00017479273584530375,-0.00011805846876837412,-1.747799225092905e-05,6.056714384533981e-06,0.0,0.0,10.0
1.8955000000000002,1.1144918134635398,0.6526147816362327,1.1234873347142103,-0.01379900727020577,-0.010352131956443529,0.0003659528720622925,0.001544980234825034,0.0001817131488769943,-0.00011589165418353672,-1.7947288348826684e-05,5.709211577960122e-06,0.0,0.0,10.0
1.8985000000000003,1.1138348993528056,0.6522553846893884,1.1240108345675586,-0.013473571550592674,-0.010355809805333458,0.00030464742702495653,0.0015348283365440869,0.00018879668468470563,-0.00011378296429482168,-1.8418588237231852e-05,5.366449204471879e-06,0.0,0.0,10.0
1.9015000000000004,1.1131847772045211,0.6518872496367354,1.1245310556121473,-0.013146464872276175,-0.010360142666595705,0.0002432509017918693,0.0015246263144966952,0.00019593386461579207,-0.00011167999729529703,-1.888527452851294e-05,5.022227921175678e-06,0.0,0.0,10.0
1.9044999999999996,1.1125301500129312,0.6515209328852233,1.125049019807767,-0.01282202710773992,-0.01036416459222445,0.0001826855189832016,0.0015140916110811154,0.00020301831442483772,-0.00010953202362924604,-1.934136246989e-05,4.670690181071664e-06,0.0,0.0,10.0
1.9074999999999998,1.1118630327501187,0.6511640334443559,1.1255654117151748,-0.012503285665827578,-0.010367220937918515,0.000123597022963661,0.0015030316885309882,0.00020997385538509022,-0.0001073026100581918,-1.97830773416167e-05,4.307859446229864e-06,0.0,0.0,10.0
1.9104999999999999,1.1111797098507172,0.6508203131386542,1.1260804943078906,-0.012191597274735339,-0.010369038911997178,6.627285524433453e-05,0.0014913673386563184,0.00021676437954873753,-0.0001049742084494856,-2.0209321030454884e-05,3.932168580993861e-06,0.0,0.0,10.0
1.9135,1.1104799089328998,0.6504903959518521,1.1265942684885621,-0.011886992037614218,-0.010369642327404498,1.0708690308604696e-05,0.0014791104254749025,0.00022338687917921435,-0.00010254494802714275,-2.062107955296773e-05,3.544003777543235e-06,0.0,0.0,10.0
1.9165,1.1097651910000972,0.6501731653038236,1.1271067399103885,-0.011588824838508028,-0.010369201330921013,-4.325962010300734e-05,0.001466322316449263,0.00022985689808017554,-0.00010002196797275404,-2.10203722410603e-05,3.144808807016369e-06,0.0,0.0,10.0
1.9195000000000002,1.1090376904213506,0.6498668599176284,1.127618126905346,-0.011296284721195593,-0.0103679163493726,-9.58531922545781e-05,0.0014530820308961505,0.00023619702204869151,-9.741620697228916e-05,-2.140941776907477e-05,2.736374810880773e-06,0.0,0.0,10.0
1.9225000000000003,1.108299726443802,0.6495694100128468,1.128128920992789,-0.011008553138635498,-0.010365980465147326,-0.00014731975268953337,0.0014394769510480156,0.00024243331209992437,-9.474088105021112e-05,-2.17903299243597e-05,2.320608308193058e-06,0.0,0.0,10.0
1.9255000000000004,1.1075540462510325,0.6492782291847341,1.1286398206485424,-0.010724703441643472,-0.01036359863325355,-0.00019795510901156785,0.001425609294303167,0.00024859742657220424,-9.201254768655798e-05,-2.216520991933471e-05,1.8996496477765822e-06,0.0,0.0,10.0
1.9284999999999997,1.1068041416009418,0.6489899581564288,1.1291516140207123,-0.010443562631513621,-0.010361015495133711,-0.0002481286550465539,0.001411603480133807,0.00025472918719485774,-8.925226621555485e-05,-2.2536316514998217e-05,1.4760336381742e-06,0.0,0.0,10.0
1.9314999999999998,1.1060543065778803,0.6487004574968175,1.1296650642149708,-0.010163672278354744,-0.010358522384802353,-0.00029828360761099645,0.001397605278808278,0.0002608764453162204,-8.648534006595723e-05,-2.290612103280801e-05,1.0527006810807215e-06,0.0,0.0,10.0
1.9344999999999999,1.1053094580768152,0.6484050308454514,1.130180808176919,-0.009883348672029701,-0.010356443470946502,-0.0003489126491699116,0.001383772825017816,0.000267092424393636,-8.373969176132818e-05,-2.3277250952125634e-05,6.328590963421683e-07,0.0,0.0,10.0
1.9375,1.1045748267004933,0.6480987726603995,1.1306992795475366,-0.009600804592614347,-0.010355110023177825,-0.00040051846275761564,0.001370262706083293,0.0002734316045013196,-8.104342258740497e-05,-2.3652373304916333e-05,2.1975751967277863e-07,0.0,0.0,10.0
1.9405000000000001,1.1038555343283483,0.6477769998122992,1.1312206910215663,-0.009314322498847002,-0.010354828061255787,-0.0004535632285544643,0.001357213417131127,0.00027994450317757265,-7.842189792298357e-05,-2.4034021433131224e-05,-1.8360542615207457e-07,0.0,0.0,10.0
1.9435000000000002,1.1031560811470238,0.6474357206260323,1.1317451035291801,-0.009022462046485363,-0.010355845988036154,-0.0005084125951297877,0.0013447290148477023,0.00028667178963149193,-7.589476777262255e-05,-2.442437021043207e-05,-5.747997199947164e-07,0.0,0.0,10.0
1.9465000000000003,1.1024798408521064,0.6470720555315437,1.1322725606265833,-0.00872426110520795,-0.010358329036925986,-0.0005652843303005582,0.0013328661223928717,0.0002936386522789416,-7.347342193888541e-05,-2.482499048790796e-05,-9.52259919870153e-07,0.0,0.0,10.0
1.9494999999999996,1.1018286984335912,0.6466845284661605,1.1328032139582855,-0.008419385203023017,-0.01036234193180171,-0.0006242121840532246,0.0013216259910590886,0.00030085039759774213,-7.115920326720873e-05,-2.5236617018748517e-05,-1.3155205134096973e-06,0.0,0.0,10.0
1.9524999999999997,1.1012029722533736,0.6462731524590183,1.13333734554875,-0.008108177671609672,-0.010367839793560587,-0.0006850354567415559,0.0013109527066123468,0.000308290366017702,-6.89426637241813e-05,-2.565897887910787e-05,-1.6653483609571738e-06,0.0,0.0,10.0
1.9554999999999998,1.1006016905282527,0.6458392686948066,1.1338752283648876,-0.007791577943530248,-0.010374668785018831,-0.0007474211419786323,0.0013007384129504508,0.0003159210354129215,-6.680414121152853e-05,-2.6090745864454884e-05,-2.0037252840604297e-06,0.0,0.0,10.0
1.9585,1.10002316706723,0.6453851640283249,1.134416836502686,-0.007470908748097354,-0.010382578802955901,-0.0008109184025782608,0.0012908358832635293,0.0003236885980294804,-6.471583699275736e-05,-2.6529630558318372e-05,-2.3336444066561277e-06,0.0,0.0,10.0
1.9615,1.09946570233899,0.6449135654471383,1.1349614806410018,-0.007147574325726303,-0.010391247725471368,-0.000875036536531083,0.0012810773432465263,0.00033153048289864497,-6.264530275456546e-05,-2.697265397165929e-05,-2.6587186021592375e-06,0.0,0.0,10.0
1.9645000000000001,1.0989281722588562,0.6444271641859536,1.1355074773022658,-0.006822747300987423,-0.010400310923006296,-0.0009393300137546012,0.0012712963803199549,0.00033938446288045887,-6.055984276142047e-05,-2.7416538979350107e-05,-2.9826529152035812e-06,0.0,0.0,10.0
1.9675000000000002,1.0984102675441931,0.643928344420623,1.1360519599235097,-0.006497142754647796,-0.010409383846154665,-0.0010034690013180096,0.0012613477380020413,0.00034719725815294974,-5.843090396108287e-05,-2.785814564694371e-05,-3.3086928131289195e-06,0.0,0.0,10.0
1.9705000000000004,1.0979122109579138,0.6434192678494698,1.1365909128830587,-0.006170974560238042,-0.010418063608430424,-0.0010672730142357095,0.001251118886844626,0.000354930170668432,-5.623725409950026e-05,-2.8294822501382897e-05,-3.6392026950417163e-06,0.0,0.0,10.0
1.9734999999999996,1.0974339565559377,0.6429023396590429,1.1371194556141404,-0.0058441332840316875,-0.010425904383707434,-0.0011306953724473578,0.0012405296739001707,0.000362560052976189,-5.396605129958425e-05,-2.8724569444073626e-05,-3.9754987666353885e-06,0.0,0.0,10.0
1.9764999999999997,1.0969742057617078,0.6423808065096807,1.1376323215787494,-0.005516494995347849,-0.010432385407981375,-0.0011937726330006964,0.0012295237452316116,0.0003700765669411402,-5.16121406359539e-05,-2.9146040329899775e-05,-4.3179076886496545e-06,0.0,0.0,10.0
1.9794999999999998,1.0965298717593404,0.6418589762091703,1.1381243999822068,-0.005188140033695232,-0.010436913799972034,-0.0012565812494799448,0.0012180633437968152,0.00037747967932838164,-4.9177339246876956e-05,-2.9558571674879805e-05,-4.665838373830405e-06,0.0,0.0,10.0
1.9825,1.096096440177006,0.6413417019390386,1.1385912112789311,-0.004859312045902251,-0.01043889081990034,-0.001319234809725074,0.0012061362250835302,0.0003847804529039014,-4.667109772518268e-05,-2.9962368472620263e-05,-5.017697023495674e-06,0.0,0.0,10.0
1.9855,1.095668911492027,0.6408334351624618,1.1390292951018388,-0.004530227775969916,-0.01043781208177991,-0.0013818986022344202,0.001193766948946308,0.00039200223453909693,-4.411118078238888e-05,-3.0358645065743452e-05,-5.37082432519043e-06,0.0,0.0,10.0
1.9885000000000002,1.0952424879329707,0.6403375931201546,1.1394365824035018,-0.0042010379002356026,-0.010433335523015301,-0.0014447611249994738,0.0011810145040718901,0.0003991756731239945,-4.152133476722815e-05,-3.0749333593434614e-05,-5.721847115404209e-06,0.0,0.0,10.0
1.9915000000000003,1.094812695004096,0.6398564904648648,1.139812767882953,-0.0038720181799061617,-0.010425297756863305,-0.0015079521024205058,0.0011679533832992342,0.0004063269345450026,-3.8925722869075176e-05,-3.113634283590153e-05,-6.0674678248576176e-06,0.0,0.0,10.0
1.9945000000000004,1.0943754459461634,0.6393913426306642,1.140159582378214,-0.0035437405847700758,-0.010413724810351173,-0.0015714685220460697,0.0011546561031434235,0.000413466646971738,-3.6343729090875334e-05,-3.1520833244116734e-05,-6.4052109231434146e-06,0.0,0.0,10.0
1.9974999999999996,1.0939273367771907,0.638942063441887,1.1404808746843005,-0.0032170667674930767,-0.010398860528764766,-0.0016351503800382295,0.0011411885297183224,0.000420584902998234,-3.378761733218961e-05,-3.1902843942023443e-05,-6.733782774086918e-06,0.0,0.0,10.0
2.0004999999999997,1.0934657680839213,0.6385072370657779,1.140782479119302,-0.0028930970126142346,-0.010381173566970357,-0.0016986840997839665,0.0011276097687444788,0.0004276504361817521,-3.1262011010421605e-05,-3.228118432715581e-05,-7.053157955171249e-06,0.0,0.0,10.0
2.0035,1.0929886012091297,0.6380845835515034,1.1410718101770643,-0.0025731905090482505,-0.010361305478960652,-0.0017616120701473823,0.0011139677111356744,0.0004346118433051961,-2.8763909888383932e-05,-3.2653473725275296e-05,-7.364541485423028e-06,0.0,0.0,10.0
2.0065,1.0924934044488952,0.6376719390101458,1.1413571134995146,-0.002259070045758217,-0.010339947539244663,-0.001823343782538458,0.0011002865588752165,0.00044140019807853415,-2.6282633070667723e-05,-3.301627906556887e-05,-7.670279006775551e-06,0.0,0.0,10.0
2.0095,1.091976336195765,0.6372687336417769,1.141646437111392,-0.0019530561870929333,-0.010317645028832157,-0.0018831512065263084,0.0010865416996127832,0.00044793060117453054,-2.379847390352749e-05,-3.3365190846507946e-05,-7.973886931228586e-06,0.0,0.0,10.0
2.0125,1.0914309480634892,0.6368776314490696,1.1419465466279008,-0.0016583838894289047,-0.01029457266293944,-0.0019401457211799143,0.0010726264248511997,0.0004541016080642145,-2.1280009804916783e-05,-3.3694765374682814e-05,-8.28024997126215e-06,0.0,0.0,10.0
2.0155000000000003,1.0908477064321105,0.6365054298088939,1.142262063220903,-0.0013793228328622261,-0.01027038866817976,-0.0019932824200855404,0.0010583327145420923,0.00045979685379691603,-1.8682974472628433e-05,-3.399858001642636e-05,-8.595659148031472e-06,0.0,0.0,10.0
2.0185000000000004,1.0902157293499528,0.6361616741927657,1.1425949404689986,-0.0011205031344216773,-0.010244328702503087,-0.0020415107926929597,0.001043388380870021,0.00046490153825859567,-1.5957527619162692e-05,-3.4270123098824166e-05,-8.92683147615512e-06,0.0,0.0,10.0
2.0214999999999996,1.0895283955473443,0.635853400426401,1.142944108713032,-0.0008847476577150154,-0.010215682821841795,-0.0020842217414001113,0.0010275955440257997,0.0004693502671897407,-1.3072058450665306e-05,-3.450544009951437e-05,-9.2778356241397e-06,0.0,0.0,10.0
2.0244999999999997,1.0887927302496394,0.6355761617926805,1.1433050427195168,-0.0006693976436188897,-0.010184620604508655,-0.0021220039352499603,0.0010110682939162509,0.0004732081057189648,-1.0054031573402093e-05,-3.4707613151764955e-05,-9.644803554916242e-06,0.0,0.0,10.0
2.0275,1.088037975978971,0.6353057018482011,1.1436694767849374,-0.0004629356074049422,-0.010152955064923641,-0.0021573386097164353,0.0009944528448263285,0.0004767449057454659,-7.028012942748959e-06,-3.489082381127134e-05,-1.0010979978737215e-05,0.0,0.0,10.0
2.0305,1.0873137869150769,0.6349991857467678,1.144026297519318,-0.00024574400671693473,-0.010124058245999733,-0.002194424376008208,0.0009788893779497743,0.0004804153510666268,-4.2080318304396235e-06,-3.507918876523655e-05,-1.0347734354041629e-05,0.0,0.0,10.0
2.0335,1.0866698942587465,0.634613560173418,1.1443647383461704,1.6923263516486945e-06,-0.01010128957257786,-0.002237428773588103,0.0009655115082769223,0.0004846688469233746,-1.806993744624729e-06,-3.5296337435216815e-05,-1.0626501161166765e-05,0.0,0.0,10.0
2.0365,1.0861233945354527,0.634135427773252,1.1446792013130964,0.00028559272514321076,-0.010085458478728911,-0.002287684152795103,0.0009546392200593407,0.0004896460226305343,1.0976330641947368e-07,-3.5548984427995215e-05,-1.0838163478368743e-05,0.0,0.0,10.0
2.0395000000000003,1.0856401833810885,0.6335980731466445,1.144972081408207,0.0005913996193695978,-0.010073435668186104,-0.0023421013403340622,0.0009453295952804239,0.0004950083313691124,1.707072008418871e-06,-3.58178768882322e-05,-1.100411120393142e-05,0.0,0.0,10.0
2.0425000000000004,1.0851574089709703,0.6330612794632383,1.1452503234119722,0.0008927375503189167,-0.01005988881728815,-0.0023950827367976006,0.0009359261017657044,0.0005001466956436463,3.2808504101477375e-06,-3.606921159141039e-05,-1.1163230160583414e-05,0.0,0.0,10.0
2.0454999999999997,1.0846353878599695,0.6325651202166873,1.1455165456783492,0.001171882366233167,-0.010040982175679376,-0.0024428842491881243,0.0009252629087425804,0.0005046533601279368,5.036612295304506e-06,-3.627999086293882e-05,-1.1342369953806011e-05,0.0,0.0,10.0
2.0484999999999998,1.0840858340749664,0.6321059637372816,1.1457628069386065,0.0014304255205730809,-0.010016008675801588,-0.002485884327115082,0.0009132317606879213,0.0005085645517785735,6.981277545319642e-06,-3.6450684519356716e-05,-1.1541559952520681e-05,0.0,0.0,10.0
2.0515,1.0835463371681342,0.6316599346580678,1.1459739192133633,0.0016789374955110594,-0.009985329277649248,-0.002526375172472025,0.000900133726594133,0.0005121192324022076,9.040006146218625e-06,-3.6591979900891816e-05,-1.1749369129636634e-05,0.0,0.0,10.0
2.0545,1.0830412969606562,0.6312150508923847,1.1461367025517317,0.0019227405277454453,-0.00994830755688091,-0.0025655258379322023,0.0008859501300597572,0.0005154337960080167,1.119642775884987e-05,-3.670789892153743e-05,-1.1962121216254668e-05,0.0,0.0,10.0
2.0575,1.0825753509913858,0.6307713804420573,1.1462468706119469,0.0021617747263045725,-0.009904340487427362,-0.0026033521247200704,0.0008705628486382379,0.0005185063121179002,1.3464353940793243e-05,-3.679730857887173e-05,-1.2181148462709805e-05,0.0,0.0,10.0
2.0605,1.0821426788816406,0.6303290136857809,1.146311151882519,0.002395865064866271,-0.009854459090488817,-0.0026398403715629003,0.000854204326744163,0.0005213426876628487,1.581251039825867e-05,-3.686148372853359e-05,-1.2403370450255625e-05,0.0,0.0,10.0
2.0635000000000003,1.0817298559892514,0.6298875198390469,1.1463446615881456,0.002624967879195355,-0.009800960397856872,-0.002675002201301944,0.0008373776014805774,0.0005239598746016601,1.8175064533768182e-05,-3.690382676534349e-05,-1.262232529089454e-05,0.0,0.0,10.0
2.0664999999999996,1.08132261930042,0.6294459127114407,1.1463635333520288,0.0028492345553046603,-0.009746265586510124,-0.0027088875222749356,0.0008206038748811341,0.0005263792716613513,2.0485421330884072e-05,-3.6928166821957076e-05,-1.2831600440299604e-05,0.0,0.0,10.0
2.0694999999999997,1.0809118805177496,0.629002756488454,1.1463781880091317,0.0030690358896598344,-0.009691877083205007,-0.0027415884024014404,0.000804194567757481,0.0005286199658048719,2.2706306939076473e-05,-3.693716707555982e-05,-1.302785746051917e-05,0.0,0.0,10.0
2.0725,1.0804951493685255,0.6285564120875514,1.1463914126924375,0.0032849192226605387,-0.009638076621983788,-0.002773231989461674,0.0007881886035715684,0.0005306963859862435,2.4837496579190135e-05,-3.693187040258482e-05,-1.3211572781373725e-05,0.0,0.0,10.0
2.0755,1.0800735929981409,0.6281053809805323,1.1464011696595782,0.003497492186932941,-0.009584352632946803,-0.0028039614893558776,0.0007724502259508716,0.000532620032379421,2.690216054220048e-05,-3.6912344934787386e-05,-1.3385617710544288e-05,0.0,0.0,10.0
2.0785,1.0796478755577257,0.6276486371326202,1.1464049745357214,0.003707270368674343,-0.009530078326116272,-0.002833909194609459,0.0007568207047972469,0.000534401869747778,2.8926243553064066e-05,-3.6878642973013246e-05,-1.3553146898366029e-05,0.0,0.0,10.0
2.0815,1.079215834606508,0.6271857670667123,1.1464027397362075,0.003914575913314302,-0.009474978184888756,-0.0028631758484469333,0.0007412230463846222,0.0005360532622880609,3.092417799208737e-05,-3.683137344495701e-05,-1.3716122065307781e-05,0.0,0.0,10.0
2.0845000000000002,1.0787730056775644,0.626716743853778,1.1463970286152394,0.004119584473662931,-0.009419232564739682,-0.00289183613150352,0.0007256885674111295,0.0005375864867075055,3.289476454529064e-05,-3.6771754989282834e-05,-1.387482765516917e-05,0.0,0.0,10.0
2.0875000000000004,1.0783149630153235,0.6262413658747362,1.146391571049955,0.004322528839697365,-0.009363336746169222,-0.0029199746018646294,0.0007103310705263243,0.000539016497071043,3.4823759347866685e-05,-3.67014129665956e-05,-1.4028030060133704e-05,0.0,0.0,10.0
2.0904999999999996,1.0778395028731134,0.6257587881789949,1.1463895294219255,0.004523883975671407,-0.009307885442820595,-0.002947718609787504,0.0006953022004929966,0.0005403622142248176,3.668932003587297e-05,-3.6622112762362276e-05,-1.4173464559494314e-05,0.0,0.0,10.0
2.0934999999999997,1.0773470276430053,0.6252677902118984,1.1463925558097015,0.004724251199236727,-0.009253367892690503,-0.0029752108954119367,0.0006807403387355071,0.0005416424005367489,3.846965887596959e-05,-3.653535507616905e-05,-1.4308696398780641e-05,0.0,0.0,10.0
2.0965,1.0768389345211993,0.6247678826671773,1.1464008374507662,0.004923888906172544,-0.009199997973965212,-0.0030025111496832964,0.0006667172815024791,0.0005428651686623544,4.0152520515973596e-05,-3.644181637396904e-05,-1.4432336089858084e-05,0.0,0.0,10.0
2.0995,1.0763156500607791,0.6242601853744767,1.146413657182951,0.005122349769319268,-0.009147636035763441,-0.003029522467101896,0.0006532056366171096,0.0005440209127435308,4.174180970224316e-05,-3.634107969210772e-05,-1.4544950106656593e-05,0.0,0.0,10.0
2.1025,1.075776385476619,0.6237466803605458,1.1464298934787247,0.005318830347112824,-0.009095884141423942,-0.0030560688253097276,0.0006400996213534248,0.0005450915672431082,4.325474283392702e-05,-3.623224967784317e-05,-1.4648740288664255e-05,0.0,0.0,10.0
2.1055,1.075220678643328,0.6232281847812868,1.146448235815202,0.005513077407931249,-0.009044306531969573,-0.003082089221630045,0.0006272784298945684,0.0005460720868994287,4.4711036919689195e-05,-3.611517707474796e-05,-1.474616302227099e-05,0.0,0.0,10.0
2.1085000000000003,1.0746494854446702,0.6227033859961325,1.146467246478529,0.005705819850794149,-0.008992564440475984,-0.0031077301578817376,0.0006146468132726844,0.0005469805675465475,4.612583672181347e-05,-3.599102138201555e-05,-1.4839026226401193e-05,0.0,0.0,10.0
2.1115000000000004,1.0740644723818773,0.6221701670848988,1.146485431029154,0.005898184320704159,-0.008940360772815584,-0.003133222236539404,0.0006021186964622389,0.0005478448337917815,4.751268344797079e-05,-3.586151763135652e-05,-1.4928904817818106e-05,0.0,0.0,10.0
2.1144999999999996,1.0734672185293228,0.621627348778384,1.1465011851470837,0.006090914605535455,-0.008887350579990625,-0.003158713869215668,0.0005895926614766591,0.0005486841165313173,4.888771532961646e-05,-3.572794486371817e-05,-1.5017709671020944e-05,0.0,0.0,10.0
2.1174999999999997,1.0728600190434137,0.6210749809480213,1.1465124191149318,0.0062842156102332885,-0.008833151081550361,-0.0031842349825874357,0.000576962475149546,0.0005495043222410221,5.026715080910709e-05,-3.559077211985929e-05,-1.510734209188314e-05,0.0,0.0,10.0
2.1205,1.0722470224330851,0.6205140516360848,1.1465161150976293,0.006477849575926867,-0.008777372029856597,-0.003209713389666306,0.0005641346760194648,0.000550298891228796,5.166339521374468e-05,-3.544959653391118e-05,-1.5199151051414928e-05,0.0,0.0,10.0
2.1235,1.0716342118490836,0.6199465379339859,1.1465083586149296,0.006671090630134435,-0.008719634825019012,-0.003234963618461172,0.0005510356403598008,0.0005510473604976306,5.308374418925996e-05,-3.5303052634859664e-05,-1.5293774096516502e-05,0.0,0.0,10.0
2.1265,1.0710284859374217,0.6193752611327122,1.1464851165852605,0.006862783083998988,-0.008659672206262835,-0.0032597023187346435,0.0005376319863123884,0.0005517179505179781,5.4527913610566914e-05,-3.5149095125617166e-05,-1.539090582366079e-05,0.0,0.0,10.0
2.1295,1.0704361546319885,0.6188035976113894,1.1464435111607905,0.007051487473658005,-0.008597475445635073,-0.003283587014415564,0.0005239572985278784,0.0005522735757366127,5.598529485644333e-05,-3.498557773829462e-05,-1.5489082436519688e-05,0.0,0.0,10.0
2.1325000000000003,1.0698617009271543,0.6182351349782738,1.1463827990310167,0.007235674870812726,-0.008533381047079814,-0.0033062670440201594,0.0005101229083628276,0.0005526790506361259,5.743469384434358e-05,-3.481085604579441e-05,-1.5585747046768457e-05,0.0,0.0,10.0
2.1355000000000004,1.069307468499979,0.6176733634139178,1.1463044534517628,0.007413922440509052,-0.008468020448334172,-0.0033274331604573205,0.0004962980903681968,0.0005529071398031033,5.884819961115601e-05,-3.462416586512548e-05,-1.5677739825803893e-05,0.0,0.0,10.0
2.1384999999999996,1.068774223712865,0.617121457060542,1.1462114477349747,0.0075850732995854965,-0.008402160124727328,-0.0033468560204828212,0.00048266772591455583,0.0005529423292063968,6.01978265138557e-05,-3.4425724359189157e-05,-1.5762052839466376e-05,0.0,0.0,10.0
2.1414999999999997,1.068262009178839,0.6165821481262095,1.1461073344220378,0.0077483447390645915,-0.008336527831140311,-0.00336441012960813,0.00046938967887195443,0.0005527825079631659,6.14617952346515e-05,-3.4216664759628656e-05,-1.5836516262566184e-05,0.0,0.0,10.0
2.1445,1.0677707221459103,0.6160576554402357,1.1459956465895547,0.007903388342896214,-0.008271703435262167,-0.0033800844637602054,0.00045656938702329404,0.0005524392225537295,6.262807791738787e-05,-3.399893082321677e-05,-1.5900169609810958e-05,0.0,0.0,10.0
2.1475,1.0673002213212668,0.6155496207601514,1.1458797481332705,0.008050313181288257,-0.008208089242683573,-0.0033939821110217853,0.0004442546607713802,0.0005519368689082373,6.3694846440695e-05,-3.3775170877777254e-05,-1.5953283226641285e-05,0.0,0.0,10.0
2.1505,1.066850111430047,0.6150590309711751,1.1457629324621268,0.008189677593375428,-0.008145927239432893,-0.0034063097858614217,0.0004324432019981808,0.0005513107149699497,6.466887871205112e-05,-3.354859086270782e-05,-1.5997141988615706e-05,0.0,0.0,10.0
2.1535,1.0664194781546932,0.6145861426856346,1.1456484975057677,0.008322443879478012,-0.008085324332402364,-0.0034173562618048246,0.0004210941149340011,0.0005506034603879218,6.556313808373765e-05,-3.332270901104149e-05,-1.6033720209380233e-05,0.0,0.0,10.0
2.1565000000000003,1.0660067784687612,0.6141304508053171,1.1455396398248399,0.008449884738617207,-0.008026266567371435,-0.0034274587221827376,0.0004101390088187498,0.0005498602548976089,6.639417979197719e-05,-3.310099284114444e-05,-1.606532154800297e-05,0.0,0.0,10.0
2.1595000000000004,1.0656099522477678,0.6136907380827107,1.1454391632167713,0.008573437305569392,-0.00796862424812476,-0.0034369584904433248,0.0003994924707797765,0.0005491225840812383,6.717953607421108e-05,-3.28864156197576e-05,-1.6094210865140143e-05,0.0,0.0,10.0
2.1624999999999996,1.0652267017151802,0.6132652127060859,1.1453490951939749,0.00869451792375263,-0.007912158599704231,-0.0034461516230977806,0.0003890629486652926,0.0005484219610127233,6.793513641284911e-05,-3.268101436048485e-05,-1.612226039193086e-05,0.0,0.0,10.0
2.1654999999999998,1.0648548225731778,0.6128517055709973,1.145270332813866,0.008814328767998633,-0.007856538152301376,-0.0034552433246336483,0.00037876401513772703,0.0005477746934673642,6.8673008263666e-05,-3.248554949554867e-05,-1.6150654525988224e-05,0.0,0.0,10.0
2.1685,1.0644924666526774,0.6124478796972007,1.145202420188056,0.008933695707334991,-0.007801366503998167,-0.0034643160543365538,0.0003685244943681941,0.000547178957572241,6.939968292669647e-05,-3.229935381374135e-05,-1.617971337201614e-05,0.0,0.0,10.0
2.1715,1.0641382570464384,0.6120514099180377,1.1451435187307422,0.009052970731428555,-0.007746218322280511,-0.003473318808931482,0.0003582954208335408,0.0005466149771421944,7.011570345172061e-05,-3.212041992939231e-05,-1.620888401168603e-05,0.0,0.0,10.0
2.1745,1.0637912414617383,0.6116601134148933,1.145090583764895,0.00917201524188206,-0.00769067920895954,-0.0034820803112617094,0.0003480525402405325,0.0005460484274118207,7.081638309234067e-05,-3.1945723425574484e-05,-1.62369108494749e-05,0.0,0.0,10.0
2.1775,1.0634507325776357,0.6112720339137897,1.1450397167635715,0.009290260850822147,-0.007634386257681242,-0.0034903436226656503,0.0003377944962687492,0.0005454364882368336,7.149361376922219e-05,-3.177172837107477e-05,-1.62621479938059e-05,0.0,0.0,10.0
2.1805000000000003,1.06311612237299,0.610885491619206,1.144986628159607,0.009406829561854756,-0.007577067645798069,-0.0034978157214367914,0.0003275381527899894,0.000544735467644918,7.213823247026989e-05,-3.159498612492503e-05,-1.628293758293413e-05,0.0,0.0,10.0
2.1835000000000004,1.0627867569759226,0.6104991070122918,1.1449271269520835,0.009520687968028548,-0.007518579779474146,-0.0035042234955543596,0.0003173130535317051,0.0005439086822128018,7.27423379741514e-05,-3.1412723087391785e-05,-1.629796342658085e-05,0.0,0.0,10.0
2.1864999999999997,1.0624619205162569,0.6101117997326263,1.1448575533728909,0.009630808318272212,-0.007458938926440179,-0.0035093670311985804,0.0003071566239693185,0.0005429332795796369,7.330104744619677e-05,-3.122331705500444e-05,-1.630650421407721e-05,0.0,0.0,10.0
2.1895,1.0621409173995249,0.6097227642731949,1.144775088669953,0.00973630995309874,-0.007398341820131295,-0.003513161474503311,0.0002971106476864512,0.0005418048504626428,7.38134388054269e-05,-3.102658073081313e-05,-1.6308547963482813e-05,0.0,0.0,10.0
2.1925,1.0618231898987736,0.6093314327059877,1.1446779062307715,0.009836557521268613,-0.007337168194725748,-0.003515660102738152,0.00028721841444971077,0.0005405389827842353,7.428271931929275e-05,-3.082380162933725e-05,-1.63047731918668e-05,0.0,0.0,10.0
2.1955,1.0615083889791157,0.6089374410384477,1.1445651624499984,0.009931200470493102,-0.007275959386478722,-0.003517054139135848,0.0002775213989389677,0.0005391693925742286,7.471585895337577e-05,-3.06175288058189e-05,-1.6296433896109117e-05,0.0,0.0,10.0
2.1985,1.0611963423763064,0.6085406093210576,1.1444368554084583,0.01002015353293215,-0.007215371618028635,-0.003517649566032276,0.0002680547171201275,0.0005377429246952409,7.512295129566232e-05,-3.041114515753353e-05,-1.6285193447203617e-05,0.0,0.0,10.0
2.2015000000000002,1.0608869214218137,0.6081409272949133,1.1442935987827059,0.010103536649917264,-0.007156109077311992,-0.0035178267419396923,0.0002588416692220062,0.0005363124185807634,7.551644561138179e-05,-3.0208309735325285e-05,-1.627293978215928e-05,0.0,0.0,10.0
2.2045000000000003,1.060579863088726,0.607738522342398,1.1441363657003902,0.01018160562291775,-0.007098847630925374,-0.003517992758888938,0.00024988868572912477,0.0005349289230232237,7.591025256481631e-05,-3.0012382457612865e-05,-1.6261596243567867e-05,0.0,0.0,10.0
2.2074999999999996,1.0602746233943365,0.6073335914971708,1.143966253788396,0.010254702964597568,-0.007044162299229907,-0.003518537061042325,0.00024118223159260498,0.0005336347880790259,7.631868843559129e-05,-2.982594146364449e-05,-1.6252935490616673e-05,0.0,0.0,10.0
2.2104999999999997,1.0599703143043446,0.6069263051362551,1.1437843105744798,0.010323241829131628,-0.00699246966236388,-0.0035197976292863516,0.00023268854125359687,0.0005324587402664314,7.675531608215986e-05,-2.965047101659257e-05,-1.6248412125387427e-05,0.0,0.0,10.0
2.2135,1.0596657306059696,0.6065167173106246,1.143591439661694,0.010387714878624893,-0.006943991707475378,-0.003522040077677485,0.00022435598849928904,0.0005314133931227781,7.723187234849336e-05,-2.9486249690911192e-05,-1.624904143060777e-05,0.0,0.0,10.0
2.2165,1.059359439169951,0.6061047225967194,1.1433883855948443,0.01044870784244861,-0.006898742852448093,-0.003525448165165545,0.0002161192063637626,0.000530495083817233,7.775751109088067e-05,-2.933242437645162e-05,-1.6255350685510015e-05,0.0,0.0,10.0
2.2195,1.0590498977706078,0.6056900757068032,1.143175774433826,0.010506900102144131,-0.006856538649425948,-0.0035301229637534934,0.00020790411014547325,0.0005296856378098235,7.833849012958118e-05,-2.91872279074474e-05,-1.62674106917007e-05,0.0,0.0,10.0
2.2225,1.0587355846449371,0.6052724556301102,1.1429541746567653,0.010563046368206548,-0.00681702287633696,-0.003536088490394467,0.0001996334393595996,0.0005289555909845975,7.897826144995723e-05,-2.9048286624845193e-05,-1.628492912072724e-05,0.0,0.0,10.0
2.2255000000000003,1.0584151317060528,0.6048515361186114,1.142724143891061,0.010617944032336646,-0.0067797083674209805,-0.0035433022527837452,0.000191232750153794,0.0005282683734761749,7.967780523144157e-05,-2.8912961699239744e-05,-1.630737056085887e-05,0.0,0.0,10.0
2.2285000000000004,1.058087452525953,0.6044270300325298,1.1424862402131386,0.010672394170455778,-0.006744025533851988,-0.0035516689372406146,0.00018263666910872087,0.0005275848898517362,8.04360390012815e-05,-2.8778669876517596e-05,-1.6334068725833638e-05,0.0,0.0,10.0
2.2314999999999996,1.0577518470122322,0.603998697413084,1.1422409959423645,0.01072716206061572,-0.006709371564488533,-0.0035610548171795997,0.00017379483286629615,0.0005268678633993457,8.125020139279636e-05,-2.864313647977563e-05,-1.636430949083755e-05,0.0,0.0,10.0
2.2344999999999997,1.0574080607465843,0.6035663288780819,1.14198886875902,0.010782940320343264,-0.006675153522950355,-0.0035713003188461777,0.00016467664959646353,0.0005260853442059081,8.211618499649032e-05,-2.850454847289373e-05,-1.6397378928631107e-05,0.0,0.0,10.0
2.2375,1.0570562842059221,0.6031297257295773,1.1417301937531208,0.010840317167625003,-0.006640820190838243,-0.0035822289476378968,0.00015527405513255003,0.0005252129498450445,8.302882935683679e-05,-2.8361597078213187e-05,-1.6432581121143944e-05,0.0,0.0,10.0
2.2405,1.0566970921718748,0.6026886948652481,1.1414651590582874,0.01089975342208253,-0.006605880127750406,-0.0035936521348091093,0.00014560179618345852,0.00052423467367656,8.398218075063318e-05,-2.8213422773868613e-05,-1.6469234633879747e-05,0.0,0.0,10.0
2.2435,1.0563313391259603,0.6022430652650709,1.141193819103,0.01096157285748946,-0.00656990632288675,-0.0036053709102163447,0.00013569531407084715,0.0005231423830893555,8.496970108688781e-05,-2.8059494296129388e-05,-1.6506655901843564e-05,0.0,0.0,10.0
2.2465,1.0559600359637713,0.6017927202706147,1.1409161472157348,0.01102596987630891,-0.0065325303009256324,-0.003617176144535503,0.00012560683709026871,0.0005219343651401914,8.598438925680811e-05,-2.7899462821614033e-05,-1.6544135108643812e-05,0.0,0.0,10.0
2.2495000000000003,1.0555842338233563,0.6013376320294802,1.1406321174410805,0.011093035565421615,-0.006493430033504932,-0.003628849176915399,0.00011540063147594997,0.0005206134050680528,8.701878439922e-05,-2.7733030718226167e-05,-1.658090811768439e-05,0.0,0.0,10.0
2.2525000000000004,1.0552049331135813,0.6008778844444994,1.1403417967856866,0.011162798485244659,-0.0064523161561340575,-0.0036401639894695155,0.00010514838117598871,0.0005191848795533371,8.806485884015141e-05,-2.7559862208655057e-05,-1.66161283230519e-05,0.0,0.0,10.0
2.2554999999999996,1.0548230244518304,0.6004136776824079,1.1400454249155596,0.011235271678386694,-0.006408919871964499,-0.003650891050217382,9.492535930243804e-05,0.0005176552273769739,8.911386676609458e-05,-2.737954519081251e-05,-1.6648844661916457e-05,0.0,0.0,10.0
2.2584999999999997,1.0544392588267468,0.5999453163271774,1.1397434588227742,0.01131049454426699,-0.006362984084696645,-0.0036608020324944415,8.480755655875875e-05,0.0005160309770032085,9.015626450007735e-05,-2.7191595453484234e-05,-1.667799429847573e-05,0.0,0.0,10.0
2.2615,1.0540542402700266,0.5994731895977184,1.1394365653460772,0.011388558979094892,-0.006314257585556469,-0.003669674256834506,7.486946933749521e-05,0.0005143183283917869,9.118182860997095e-05,-2.6995482477815287e-05,-1.6702417945755733e-05,0.0,0.0,10.0
2.2645,1.0536684349920293,0.5989977529378095,1.1391255547487364,0.01146961353420774,-0.006262491288900665,-0.003677294013296039,6.518202820313476e-05,0.0005125231562679724,9.218005310186652e-05,-2.6790653251682673e-05,-1.6720901017990452e-05,0.0,0.0,10.0
2.2675,1.053282192925857,0.5985195162929153,1.1388112627415539,0.011553845707924467,-0.006207435863702769,-0.0036834586898717163,5.5810250060832713e-05,0.0005106512458255323,9.314081657521449e-05,-2.6576536676351747e-05,-1.673223576154525e-05,0.0,0.0,10.0
2.2705,1.0528957780219317,0.598039038355265,1.1384944030892952,0.011641448512126238,-0.0061488412910088745,-0.003687978446058277,4.681054564294228e-05,0.0005087085819581777,9.405520768023798e-05,-2.6352522628884246e-05,-1.6735291235856288e-05,0.0,0.0,10.0
2.2735000000000003,1.0525094022707309,0.5975569211528171,1.1381754231760246,0.011732581159390632,-0.00608646005574904,-0.003690678646548277,3.8228009732913e-05,0.0005067015643772402,9.491632445715752e-05,-2.6117921527552767e-05,-1.6729073183866806e-05,0.0,0.0,10.0
2.2765000000000004,1.0521232573557453,0.5970737976815087,1.137854396044982,0.0118273341600232,-0.006020055985535929,-0.003691404201558533,3.009425040683839e-05,0.0005046370832747347,9.571985189567943e-05,-2.5871917972862695e-05,-1.6712757028711475e-05,0.0,0.0,10.0
2.2794999999999996,1.0517375387962025,0.5965903075309974,1.1375309731789176,0.011925706459120161,-0.005949419756929913,-0.003690026349502158,2.24262530702791e-05,0.0005025224380618563,9.646427993807145e-05,-2.5613533565138602e-05,-1.668568478554107e-05,0.0,0.0,10.0
2.2824999999999998,1.0513524599744644,0.5961070610569588,1.137204405892215,0.012027597463161541,-0.005874390072086303,-0.0036864514395438387,1.5226453671261473e-05,0.0005003651013677397,9.715073118600972e-05,-2.5341609909887226e-05,-1.664732841539125e-05,0.0,0.0,10.0
2.2855,1.0509682555339188,0.5956245997081845,1.1368736260255574,0.012132811469687458,-0.005794877309357908,-0.0036806302348792916,8.4837772402007e-06,0.0004981723256037211,9.778248360700779e-05,-2.5054815886286277e-05,-1.659723403823009e-05,0.0,0.0,10.0
2.2885,1.050585174155673,0.5951433653666166,1.1365373648484332,0.012241068068573753,-0.005710885074306482,-0.0036725655605087497,2.1751032494086552e-06,0.0004959505820437499,9.836435318272044e-05,-2.475167718925724e-05,-1.653496884861046e-05,0.0,0.0,10.0
2.2915,1.0502034611317363,0.5946636912435822,1.1361942856635177,0.012352011370700026,-0.005622525201676681,-0.003662316142208795,-3.7333824985043217e-06,0.0004937048429755999,9.890211175395593e-05,-2.4430624039725532e-05,-1.646009204458468e-05,0.0,0.0,10.0
2.2945,1.049823334324591,0.594185818896555,1.1358431094471526,0.012465214253545338,-0.0055300234105910276,-0.0036499953951060335,-9.285171373129046e-06,0.0004914377834284265,9.940205077186441e-05,-2.409005577132208e-05,-1.6372161942441545e-05,0.0,0.0,10.0
2.2975000000000003,1.0494449638948495,0.593709932349683,1.1354827202414968,0.012580180013604602,-0.005433715335698211,-0.003635765480447985,-1.453248344274414e-05,0.0004891490723537467,9.987069052643045e-05,-2.3728426866228343e-05,-1.6270776934603697e-05,0.0,0.0,10.0
2.3005000000000004,1.0490684727284072,0.5932361880703257,1.1351122442454993,0.012696349549597977,-0.005334034975968979,-0.0036198284774234635,-1.9534737960743657e-05,0.0004868349858540702,0.00010031453115792567,-2.334436369583148e-05,-1.615563457734102e-05,0.0,0.0,10.0
2.3034999999999997,1.0486939734487484,0.5927647176880871,1.1347311018170956,0.01281312333102638,-0.005231498723759947,-0.0036024171632188283,-2.4355798635039797e-05,0.0004844885352528191,0.00010073970385673665,-2.2936820127510454e-05,-1.6026587996245005e-05,0.0,0.0,10.0
2.3064999999999998,1.048321644016751,0.5922955939689797,1.1343390350140732,0.012929901613704466,-0.005126687650733132,-0.003583787159833813,-2.905985151732753e-05,0.0004821001267886997,0.00010115143655678873,-2.2505271197630388e-05,-1.588368560152e-05,0.0,0.0,10.0
2.3095,1.0479518204279785,0.5918287753425042,1.1339361155780718,0.013046135524380064,-0.005020229101700707,-0.003564210409781363,-3.3706594477003044e-05,0.0004796585084429223,0.00010155337345743991,-2.204992979692515e-05,-1.572719565883704e-05,0.0,0.0,10.0
2.3125,1.0475850649085654,0.5913640662175902,1.1335227393996385,0.013161371857899723,-0.004912777051311992,-0.003543968224002617,-3.834712362529511e-05,0.0004771515469663972,0.00010194690856300324,-2.157195854847752e-05,-1.555763199827763e-05,0.0,0.0,10.0
2.3155,1.047222166964757,0.5909011333356797,1.1330996127205577,0.013275272735361972,-0.004804990309722201,-0.0035233418123974507,-4.3022027448338947e-05,0.0004745663625446871,0.0001023307288079085,-2.1073645023352082e-05,-1.5375800302557132e-05,0.0,0.0,10.0
2.3185000000000002,1.0468640590366645,0.5904395960792149,1.1326677323019434,0.013387600544013377,-0.0046975089154966355,-0.0035025997624061164,-4.776255518537612e-05,0.0004718885876895763,0.00010270067992716507,-2.0558515695884144e-05,-1.5182871595503094e-05,0.0,0.0,10.0
2.3215000000000003,1.046511667885941,0.5899791712253725,1.132228357774918,0.013498174563126198,-0.004590931121708847,-0.003481984517760786,-5.2594577990515805e-05,0.00046910091757505583,0.00010304991621185192,-2.0031377797687003e-05,-1.498046706201157e-05,0.0,0.0,10.0
2.3244999999999996,1.0461657547899188,0.5895198219910794,1.131782971929276,0.013606819112917102,-0.004485794726121392,-0.003461701769870707,-5.7543998747678955e-05,0.00046618148032528256,0.00010336917586432143,-1.94982890499129e-05,-1.4770719929831769e-05,0.0,0.0,10.0
2.3274999999999997,1.0458268032052602,0.58906185583856,1.131333225748641,0.013713326066720752,-0.004382565948386271,-0.0034419164108786754,-6.264181664717058e-05,0.00046310269981247144,0.00010364702021140662,-1.896645591952335e-05,-1.4556277560120962e-05,0.0,0.0,10.0
2.3305,1.0454949902710613,0.5886059371051664,1.1308808692083443,0.013817446314099853,-0.004281636713871431,-0.0034227563483969527,-6.792733469365195e-05,0.000459831211558592,0.00010386998887889213,-1.8444052306936606e-05,-1.4340221455216686e-05,0.0,0.0,10.0
2.3335,1.0451702442138457,0.58815301393356,1.1304276736626977,0.013918911513526474,-0.004183328356721565,-0.0034043224600267203,-7.34487028603579e-05,0.00045632912808033643,0.00010402277451103827,-1.793994080374929e-05,-1.4125905453253868e-05,0.0,0.0,10.0
2.3365,1.044852362811208,0.5877041853788169,1.129975354393978,0.014017477010030711,-0.004087897899409017,-0.0033867009084913463,-7.926068969178433e-05,0.00045255667263153213,0.00010408861354659875,-1.7463277623773534e-05,-1.3916731449509377e-05,0.0,0.0,10.0
2.3395,1.044541157021926,0.5872605453644749,1.129525501869584,0.01411297257963107,-0.003995542883729448,-0.0033699736393387565,-8.542006128739526e-05,0.00044847597418569743,0.00010405007976535758,-1.702299451137416e-05,-1.3715892241924692e-05,0.0,0.0,10.0
2.3425000000000002,1.0442365841825252,0.5868230391766899,1.129079528784499,0.014205347977302472,-0.003906401894929113,-0.0033542237315139136,-9.197928009676087e-05,0.0004440556210292352,0.00010389037618963646,-1.662717391262943e-05,-1.3526114605462699e-05,0.0,0.0,10.0
2.3455000000000004,1.0439388392409328,0.586392362586925,1.1286386385783918,0.014294702092987485,-0.003820549708851066,-0.0033395336317642898,-9.89795307549573e-05,0.0004392753804855539,0.00010359509488662881,-1.628236131631461e-05,-1.3349436194188632e-05,0.0,0.0,10.0
2.3484999999999996,1.043648379025832,0.5859689253436119,1.1282038198255366,0.014381287228985816,-0.003737987888693102,-0.0033259758576386074,-0.00010644429937670366,0.0004341303472674447,0.00010315428326024524,-1.5992884833049975e-05,-1.3187047469391386e-05,0.0,0.0,10.0
2.3514999999999997,1.043365867481684,0.5855528869846846,1.127775868362213,0.014465485024204585,-0.0036586334177793286,-0.003313597559920185,-0.00011437471870305107,0.0004286337670459664,0.00010256453171869582,-1.576027147285505e-05,-1.3039221743238419e-05,0.0,0.0,10.0
2.3545,1.0430920503928813,0.5851442534577332,1.1273554342573027,0.014547758283521398,-0.00358230928470438,-0.0033024022755571755,-0.00012274755432419747,0.00042281794692500263,0.00010183070109491401,-1.5582856575761893e-05,-1.2905341594341615e-05,0.0,0.0,10.0
2.3575,1.0428275902292576,0.584743003931615,1.1269430846693507,0.014628591026116206,-0.0035087413825674327,-0.0032923336767243204,-0.00013151614034862018,0.0004167329790822056,0.00010096687815294902,-1.5455671781761604e-05,-1.278401198242934e-05,0.0,0.0,10.0
2.3605,1.0425729051296273,0.5843492072849923,1.1265393691570234,0.014708433519239042,-0.003437565307361477,-0.0032832663394123294,-0.00014061399048696162,0.0004104433703798026,9.999622296710113e-05,-1.537066478248611e-05,-1.2673235819785498e-05,0.0,0.0,10.0
2.3635,1.042328053639962,0.5839630921473907,1.1261448744487994,0.014787667261603467,-0.003368344761945756,-0.003275007099858221,-0.0001499603982545268,0.0004040229839900059,9.89495604776181e-05,-1.5317253643436996e-05,-1.2570621620225746e-05,0.0,0.0,10.0
2.3665000000000003,1.0420926895422633,0.583585050852396,1.1257602624311192,0.0148665972949651,-0.0033006008855348446,-0.0032673077569409597,-0.000159467159928239,0.0003975488971622089,9.786283032869296e-05,-1.5283159307917528e-05,-1.2473595865675173e-05,0.0,0.0,10.0
2.3695000000000004,1.0418660873401622,0.583215578407822,1.1253862957024432,0.014945469282998823,-0.0032338496568371494,-0.003259886707176924,-0.00016904555098605132,0.0003910948608581426,9.677376752614448e-05,-1.525540667664368e-05,-1.2379601145566234e-05,0.0,0.0,10.0
2.3724999999999996,1.041647219920506,0.5828551639692183,1.12502386316837,0.015024501093076095,-0.0031676430041748752,-0.0032524548070785096,-0.00017861276957302196,0.00038472505687797237,9.571835656917113e-05,-1.5221352469623028e-05,-1.228626914237574e-05,0.0,0.0,10.0
2.3754999999999997,1.0414348633840131,0.5825041597197445,1.1246740168749358,0.015103916389585768,-0.003101608377882147,-0.0032447402477654053,-0.0001880971714458548,0.0003784888269954584,9.472763014005217e-05,-1.5169597818966815e-05,-1.2191560708576926e-05,0.0,0.0,10.0
2.3785,1.0412277094203752,0.5821626523615339,1.1243380181649423,0.015183970856897749,-0.0030354810635392472,-0.00323650847601303,-0.00019744182133244072,0.00037241700762861063,9.382526703647818e-05,-1.5090673719602211e-05,-1.2093864321312126e-05,0.0,0.0,10.0
2.3815,1.0410244729376286,0.5818303628592565,1.1240173722517492,0.01526496602483136,-0.0029691231874202396,-0.0032275752636744316,-0.000206606226961151,0.0003665203403778925,9.302626361494125e-05,-1.4977442065980593e-05,-1.1992043784395802e-05,0.0,0.0,10.0
2.3845,1.040823979318192,0.5815066073636878,1.123713817679463,0.015347246199904607,-0.00290252366550604,-0.0032178122240019954,-0.00021556684529669136,0.00036079016652357904,9.233675316084919e-05,-1.4825200087751365e-05,-1.1885436494091716e-05,0.0,0.0,10.0
2.3875,1.040625203506801,0.5811903594657154,1.1234292411859326,0.015431170916879722,-0.0028357747913008505,-0.003207144648096767,-0.00022431727531232733,0.00035520099596756034,9.175499974752404e-05,-1.4631544093954064e-05,-1.1773813519396578e-05,0.0,0.0,10.0
2.3905000000000003,1.040427245431981,0.5808804277597054,1.1231655095901083,0.015517061107512744,-0.002769026667464021,-0.0031955421284059764,-0.00023286951274294388,0.00034971476928530266,9.127317639358879e-05,-1.4396003784638632e-05,-1.1657330852333039e-05,0.0,0.0,10.0
2.3935000000000004,1.0402292978092065,0.5805756786309934,1.1229242200811396,0.015605151505851006,-0.0027024316546862396,-0.0031830089340821777,-0.00024125358994156777,0.00034428540048487297,9.087985185936501e-05,-1.411972443455641e-05,-1.1536418985064689e-05,0.0,0.0,10.0
2.3964999999999996,1.0400307379823086,0.5802751283632683,1.122706469572852,0.015695572103746853,-0.0026360822114704125,-0.0031695857932010052,-0.0002495169058493649,0.00033886732450339347,9.056067032418644e-05,-1.3804812006347738e-05,-1.1411663081555939e-05,0.0,0.0,10.0
2.3994999999999997,1.039831335727992,0.579977941924749,1.1225123460460522,0.015788564535879106,-0.002570069106529126,-0.0031553379289964933,-0.0002577083877819845,0.00033341292338272347,9.030243074805953e-05,-1.345467906411088e-05,-1.1283485422074937e-05,0.0,0.0,10.0
2.4025,1.039562990515143,0.5796100550105294,1.1223114334943947,0.01590076027054402,-0.0024915327412296817,-0.0031393522296833737,-0.00026742907153813573,0.0003273234005245641,9.007397105573142e-05,-1.3013774325494534e-05,-1.1134422483869917e-05,0.0,0.0,10.0
2.4055,1.0394051503928166,0.5793917517157681,1.12219502314255,0.015982071606050738,-0.002435127839107625,-0.0031249037897381447,-0.000274170791470849,0.00032224525171521836,8.97816788328026e-05,-1.265133821929938e-05,-1.0998174123566948e-05,0.0,0.0,10.0
2.4085,1.0392076127990695,0.5791161569311577,1.1220809904478608,0.016076520595588888,-0.002374373343193599,-0.003107850745346256,-0.0002822368764724325,0.0003164314624565172,8.973304946505215e-05,-1.2211084125638324e-05,-1.088479384193471e-05,0.0,0.0,10.0
2.4115,1.0390264015014608,0.5788137741803958,1.1219587414501229,0.016185945132080756,-0.002306885070784079,-0.0030927224768215753,-0.00029074845884382666,0.0003107312268175511,8.953710465482371e-05,-1.1768381187879543e-05,-1.0737221841015002e-05,0.0,0.0,10.0
2.4145000000000003,1.0388620982257168,0.5785025188885669,1.1218473064148522,0.016302108694148932,-0.002239674271077706,-0.003078630592333077,-0.000299148603974019,0.00030510206057828546,8.929208981863098e-05,-1.1320731593505256e-05,-1.057940623581157e-05,0.0,0.0,10.0
2.4175000000000004,1.0387114009341138,0.5781820824476924,1.121746489425466,0.016424751048797457,-0.002171950846376552,-0.003065260037740261,-0.0003075624236896718,0.00029944447354196584,8.899350935601987e-05,-1.0862400524363088e-05,-1.041145915100216e-05,0.0,0.0,10.0
2.4204999999999997,1.0385754612329074,0.577851360021628,1.1216545242769476,0.016553614476716244,-0.0021038200332675083,-0.0030527374818623792,-0.000315958300770913,0.00029378123236443424,8.863640515468816e-05,-1.0396978778916959e-05,-1.0233375909411966e-05,0.0,0.0,10.0
2.4234999999999998,1.038454485213025,0.5775099147419267,1.121569958259949,0.016688301132217993,-0.002035208306602853,-0.0030410635378902177,-0.0003243409620276717,0.0002881124406488436,8.821951359497306e-05,-9.926492841169645e-06,-1.0045526920276454e-05,0.0,0.0,10.0
2.4265,1.0383476125301356,0.5771583862065534,1.121491113798767,0.01682794284252938,-0.0019660341565752555,-0.0030301448078767293,-0.0003327238260510155,0.00028243527066862606,8.774805700035482e-05,-9.452442449998382e-06,-9.849039198894302e-06,0.0,0.0,10.0
2.4295,1.0382525421620439,0.5767988785715025,1.1214159859974933,0.01697123774195755,-0.0018961338678793978,-0.003019794995107657,-0.0003411414299340786,0.00027673973718968757,8.723249107883628e-05,-8.975875128541735e-06,-9.645734635792952e-06,0.0,0.0,10.0
2.4325,1.0381651323908787,0.5764353122460519,1.1213420793213797,0.017116384395777284,-0.0018252339785497617,-0.0030097359639950664,-0.00034965215686287354,0.0002710108040023931,8.668880061896352e-05,-8.49751158289004e-06,-9.438122381984202e-06,0.0,0.0,10.0
2.4355,1.0380789756771995,0.5760737538861294,1.1212665033866853,0.01726097872046017,-0.001752928198003085,-0.0029995843246750508,-0.00035834599594534864,0.0002652267819860919,8.613913124845921e-05,-8.017799012123175e-06,-9.229507986702903e-06,0.0,0.0,10.0
2.4385000000000003,1.0379851676386833,0.5757225250995369,1.1211862929452843,0.01740190055058822,-0.0016786821981515548,-0.002988827188794074,-0.0003673499909371647,0.00025935645009521937,8.56130535985406e-05,-7.5367340006069074e-06,-9.024158789147433e-06,0.0,0.0,10.0
2.4414999999999996,1.0378726398238436,0.5753917625104003,1.1210988917007783,0.017535337120507283,-0.001601886643141736,-0.00297681461901525,-0.00037682432227562984,0.00025335660291111615,8.514748017579267e-05,-7.053647548807733e-06,-8.827329616305928e-06,0.0,0.0,10.0
2.4444999999999997,1.037729406848793,0.5750921121529264,1.1210026367162957,0.017657112629097527,-0.0015219718576520605,-0.002962803476916397,-0.00038693894214195617,0.0002471741437380701,8.47833758692938e-05,-6.567166041635158e-06,-8.64487231228103e-06,0.0,0.0,10.0
2.4475,1.0375448283459945,0.5748324866814906,1.1208970468596715,0.017763415966404236,-0.0014385766822049965,-0.00294607539391173,-0.00039782776308324515,0.00024075589835657817,8.45578784795752e-05,-6.075546632469924e-06,-8.48227644179173e-06,0.0,0.0,10.0
2.4505,1.037312614680538,0.5746171734788564,1.1207827594679223,0.017851868616611935,-0.0013517373846149493,-0.0029261254155844405,-0.0004095243644231949,0.00023406560502011616,8.449282356481487e-05,-5.5776100589699125e-06,-8.343163493397007e-06,0.0,0.0,10.0
2.4535,1.0370339897797125,0.5744428484712538,1.120661100806187,0.017922743962944288,-0.0012620622973230104,-0.0029028865404690774,-0.0004218933180177891,0.0002271078112338922,8.458010336256759e-05,-5.073692091682439e-06,-8.227550629349602e-06,0.0,0.0,10.0
2.4565,1.036719949762247,0.5742965008353045,1.1205334024652078,0.017979935636386057,-0.0011708218962555356,-0.0028769243704635434,-0.00043457493258741584,0.00021994539935236228,8.477276880839959e-05,-4.5679099384623286e-06,-8.130176570560634e-06,0.0,0.0,10.0
2.4595000000000002,1.0363886739266543,0.5741569107911418,1.1204021222994869,0.018030527218179607,-0.0010800813496452994,-0.002849381502888879,-0.0004469568730058986,0.00021270058870788742,8.497288316687475e-05,-4.064450110365518e-06,-8.040585915888472e-06,0.0,0.0,10.0
2.4625000000000004,1.0359818041341207,0.5738785660370077,1.1201669179742924,0.018108319692790194,-0.000961563604018877,-0.0028161452720581793,-0.00046194690218880177,0.00020395686484354453,8.509120609735873e-05,-3.444643113408394e-06,-7.914669315190906e-06,0.0,0.0,10.0
2.4654999999999996,1.0358539873003376,0.573737653953093,1.120082692995669,0.018170988114131464,-0.0009046551151746214,-0.0028009409699411886,-0.0004677213272418678,0.00019933067900087156,8.474642261898095e-05,-3.146047362768972e-06,-7.789305638546411e-06,0.0,0.0,10.0
2.4684999999999997,1.0356193430953045,0.5735731901704937,1.119768949983781,0.018226940891834152,-0.0007894994459767356,-0.0027745471358803404,-0.00048479452552069535,0.00019360659782288105,8.590148526647009e-05,0.0,0.0,0.0,0.0,8.0
2.4715,1.0355565343118909,0.5732483208213169,1.1194101083137618,0.018345079547069543,-0.0006840741105160328,-0.002760592311634463,-0.0004962020116611992,0.00018937857248740677,8.578911354224879e-05,0.0,0.0,0.0,0.0,8.0
2.4745,1.0355261569196395,0.5729230518399232,1.1189981494837775,0.018456639258758383,-0.000573339696981167,-0.002744289119245652,-0.0005079963033081188,0.00018502692267897627,8.573363906400155e-05,0.0,0.0,0.0,0.0,8.0
2.4775,1.0355251760297153,0.5725946828971774,1.1185337459011038,0.018562566415917005,-0.00045710812190084875,-0.0027258118607887695,-0.0005202381303123466,0.00018057531475226406,8.57490148869655e-05,0.0,0.0,0.0,0.0,8.0
2.4805,1.0355319608669722,0.5722598576613765,1.118037853750744,0.018664199342734285,-0.0003380631589978597,-0.0027056257993622783,-0.0005324713555717817,0.00017608199889278093,8.578359553898586e-05,0.0,0.0,0.0,0.0,8.0
2.4835000000000003,1.0355207907760602,0.5719152332250794,1.1175362813781278,0.018763003354586034,-0.00021956861547812068,-0.0026843045424261047,-0.00054413718173691,0.00017161549900792655,8.577360580425615e-05,0.0,0.0,0.0,0.0,8.0
2.4865000000000004,1.0354707105695682,0.571558042059237,1.1170505834667763,0.01886033549790355,-0.00010442280319781548,-0.002662407429702734,-0.0005548030826438281,0.0001672390804790202,8.567208433130499e-05,0.0,0.0,0.0,0.0,8.0
2.4894999999999996,1.035368187159719,0.5711865962510032,1.1165955928452793,0.018957219475318365,5.428265569507878e-06,-0.0026404169198489947,-0.0005642082729981364,0.00016300468833685183,8.545417820003795e-05,0.0,0.0,0.0,0.0,8.0
2.4924999999999997,1.0352072295695947,0.5708006228447604,1.1161795215318635,0.019054176057214496,0.00010882022693148736,-0.002618707665640334,-0.0005722423802226445,0.00015895089466950394,8.511382133775673e-05,0.0,0.0,0.0,0.0,8.0
2.4955,1.0349890875793126,0.570401352047023,1.1158042619701334,0.019151142025226938,0.00020529657381696776,-0.0025975301501914958,-0.0005789250258184787,0.0001551020145177312,8.466067332888166e-05,0.0,0.0,0.0,0.0,8.0
2.4985,1.0347213973285492,0.5699913250922464,1.115465993705532,0.01924749352808359,0.0002950230063169027,-0.0025770125707582697,-0.0005843856180083831,0.00015146863856652513,8.411726557148183e-05,0.0,0.0,0.0,0.0,8.0
2.5015,1.0344162399927794,0.5695739462687691,1.1151566998711977,0.01934216858303092,0.00037860271042250995,-0.0025571861701028462,-0.0005888273958837165,0.0001480502999445734,8.35142959904307e-05,0.0,0.0,0.0,0.0,8.0
2.5045,1.0340874028631968,0.5691528654308663,1.1148663785060946,0.01943385978318252,0.00045681599558670835,-0.0025380279518353267,-0.0005924796956476812,0.00014483966572046114,8.288452314885211e-05,0.0,0.0,0.0,0.0,8.0
2.5075000000000003,1.0337477580760739,0.5687313254588833,1.1145851095310402,0.019521229362908798,0.000530391373947657,-0.0025195055835423963,-0.0005955571436771108,0.00014182668661295205,8.225758977292669e-05,0.0,0.0,0.0,0.0,8.0
2.5105000000000004,1.0334075501969713,0.5683116248628476,1.1143042853984204,0.01960309214588271,0.0005998910911116818,-0.0025016094152344338,-0.0005982396634406113,0.00013900130575605755,8.165749080421003e-05,0.0,0.0,0.0,0.0,8.0
2.5134999999999996,1.0330738266977242,0.5678948193511539,1.1140168836947122,0.019678521589958732,0.0006657142768178074,-0.0024843634961689335,-0.0006006726794447514,0.00013635418186362926,8.11025587106246e-05,0.0,0.0,0.0,0.0,8.0
2.5164999999999997,1.0327507515763192,0.5674807228268612,1.113717126048952,0.019746858013807943,0.0007281607930752802,-0.0024678159119493146,-0.0006029765516389427,0.00013387572382135668,8.060654247487469e-05,0.0,0.0,0.0,0.0,8.0
2.5195,1.032440347349092,0.5670681872790996,1.113399995781697,0.019807628439005274,0.0007874897145407641,-0.00245201501411701,-0.0006052534764164102,0.00013155420377805222,8.017929689920896e-05,0.0,0.0,0.0,0.0,8.0
2.5225,1.032143273669428,0.5666555686956651,1.1130609461967944,0.01986041405854308,0.0008439347950136422,-0.002436981029771108,-0.0006075860152797903,0.00012937380666385034,7.98264004092102e-05,0.0,0.0,0.0,0.0,8.0
2.5255,1.0318594240247705,0.5662412451542223,1.112695903356768,0.019904715465351427,0.0008976763834156205,-0.002422682431634188,-0.0006100285074712028,0.00012731332331100424,7.954795306940499e-05,0.0,0.0,0.0,0.0,8.0
2.5285,1.0315882845874238,0.565824054216423,1.112301491070796,0.019939863533941164,0.0009487938333609973,-0.0024090241050692064,-0.0006125969361652419,0.0001253459287685846,7.933735273843985e-05,0.0,0.0,0.0,0.0,8.0
2.5315000000000003,1.0313290987611294,0.565403555148153,1.111875332392146,0.019965007152310775,0.0009972279680726423,-0.002395850653223036,-0.0006152632667540231,0.0001234401840427381,7.91808674569044e-05,0.0,0.0,0.0,0.0,8.0
2.5345000000000004,1.0310809162824643,0.5649800810517078,1.1114162951868798,0.01997918429778705,0.001042774044477239,-0.002382964080843736,-0.0006179578900042104,0.00012156210752382093,7.905846079434238e-05,0.0,0.0,0.0,0.0,8.0
2.5374999999999996,1.0308425984009815,0.5645546058986696,1.1109246064230087,0.019981458492510883,0.0010851105834105753,-0.002370151542508805,-0.0006205804023793299,0.00011967792608413482,7.89458360384273e-05,0.0,0.0,0.0,0.0,8.0
2.5404999999999998,1.0306128245896065,0.5641284939638692,1.1104018207142694,0.019971085591459995,0.0011238561042315404,-0.0023572166178263427,-0.0006230161201438328,0.00011775697632400416,7.881726407750264e-05,0.0,0.0,0.0,0.0,8.0
2.5435,1.0303901190329265,0.5637032148674492,1.1098506697353372,0.01994767009480341,0.0011586384733274873,-0.0023440071082597956,-0.0006251542990268176,0.00011577420904902044,7.864856600038329e-05,0.0,0.0,0.0,0.0,8.0
2.5465,1.0301728962813188,0.5632800967702337,1.1092748343996877,0.019911275807866512,0.0011891608607298536,-0.002330433592667331,-0.0006269041007770667,0.00011371185271468216,7.841964513512835e-05,0.0,0.0,0.0,0.0,8.0
2.5495,1.0299595174149594,0.5628601616503986,1.108678677259989,0.019862469496281007,0.0012152523410254713,-0.002316475455818964,-0.0006282054817364798,0.00011155998314912067,7.811614215055322e-05,0.0,0.0,0.0,0.0,8.0
2.5525,1.0297483484702568,0.5624440523814879,1.108066959350536,0.01980229320181136,0.0012368972148169373,-0.0023021740739716814,-0.0006290337627478997,0.00010931597621731905,7.773003248156734e-05,0.0,0.0,0.0,0.0,8.0
2.5555000000000003,1.029537817087748,0.562032033256778,1.1074445533713453,0.019732176064089408,0.0012542427710798465,-0.0022876155254856734,-0.000629398139527096,0.0001069830313886614,7.725922012767618e-05,0.0,0.0,0.0,0.0,8.0
2.5585000000000004,1.0293264668938262,0.5616240310624061,1.1068161591086538,0.01965380627588763,0.0012675890695829856,-0.002272906997629276,-0.000629335480354583,0.00010456810256498737,7.670635689669427e-05,0.0,0.0,0.0,0.0,8.0
2.5614999999999997,1.0291130096261392,0.5612196841693854,1.1061860279409375,0.019568986907928153,0.0012773660509401486,-0.002258151712914908,-0.0006289013181769313,0.00010207963492196236,7.60772117688508e-05,0.0,0.0,0.0,0.0,8.0
2.5645,1.0288963726938827,0.5608183784258587,1.10555770849113,0.01947949669961382,0.0012841032621802035,-0.0022434267733654634,-0.0006281600137629094,9.952548422914679e-05,7.537893286549516e-05,0.0,0.0,0.0,0.0,8.0
2.5675,1.028675736807016,0.5604192641237835,1.104933830977221,0.019386970823096848,0.0012883964277863337,-0.00222876714049916,-0.0006271757660434584,9.691130843398738e-05,7.46184989739317e-05,0.0,0.0,0.0,0.0,8.0
2.5705,1.0284505568021916,0.5600212615771498,1.1043159501696473,0.01929280962462246,0.0012908737225032594,-0.0022141574445534314,-0.0006260056299084878,9.423959936367561e-05,7.380157030296857e-05,0.0,0.0,0.0,0.0,8.0
2.5735,1.0282205599367653,0.559623070088391,1.1037044643504088,0.01919811730081935,0.0012921634585612303,-0.002199531811095225,-0.0006246951256594497,9.15093935469239e-05,7.293184370120738e-05,0.0,0.0,0.0,0.0,8.0
2.5765000000000002,1.027985719266014,0.5592231956403417,1.103098620517475,0.019103668268797436,0.001292864263255322,-0.002184780652037741,-0.000623276513999994,8.871658754489225e-05,7.201091873234236e-05,0.0,0.0,0.0,0.0,8.0
2.5795000000000003,1.0277462039723961,0.5588200079990024,1.102496606077781,0.019009896768291377,0.001293518683330756,-0.0021697625254440914,-0.0006217694368549467,8.58547000603873e-05,7.103860350141996e-05,0.0,0.0,0.0,0.0,8.0
2.5824999999999996,1.0275023125779952,0.5584118301372348,1.101895716946236,0.01891690477723345,0.0012945912736775902,-0.002154318783413673,-0.0006201833939559084,8.291587994758257e-05,7.001353861993584e-05,0.0,0.0,0.0,0.0,8.0
2.5854999999999997,1.0272543984134261,0.5579970538096818,1.1012925836714422,0.018824484309068884,0.0012964522832201925,-0.00213828880091393,-0.0006185213982650268,7.989195971845323e-05,6.893399132128447e-05,0.0,0.0,0.0,0.0,8.0
2.5885,1.0270027994271829,0.5575742663361958,1.100683432440408,0.01873215211425131,0.0012993677994818066,-0.002121524038669755,-0.0006167840840155584,7.677539415097257e-05,6.779866372395192e-05,0.0,0.0,0.0,0.0,8.0
2.5915,1.0267477858691185,0.5571423671099652,1.1000643569322035,0.018639196936273517,0.0013034966311756201,-0.0021038998758189206,-0.0006149735162511638,7.35599897611186e-05,6.660736697298116e-05,0.0,0.0,0.0,0.0,8.0
2.5945,1.026489538288974,0.5567006504017882,1.0994315793551983,0.018544740687533867,0.0013088935029885226,-0.0020853248146872026,-0.000613096001644566,7.024140226733333e-05,6.536143922086168e-05,0.0,0.0,0.0,0.0,8.0
2.5975,1.0262281631741053,0.5562488357201478,1.0987816834335626,0.018447814195522882,0.0013155176252307634,-0.002065747073480125,-0.0006111633772977481,6.681743351502193e-05,6.406383470589722e-05,0.0,0.0,0.0,0.0,8.0
2.6005000000000003,1.0259637439962268,0.5557870386007309,1.098111807414716,0.018347445167447816,0.0013232456086593038,-0.0020451586149988423,-0.0006091925762582627,6.32881819502466e-05,6.271888257599698e-05,0.0,0.0,0.0,0.0,8.0
2.6035000000000004,1.0256964133298934,0.5553156906131447,1.097419790485098,0.01824275150527673,0.0013318879939279323,-0.0020235963759964184,-0.0006072036814609726,5.965609156992961e-05,6.133179492814147e-05,0.0,0.0,0.0,0.0,8.0
2.6064999999999996,1.0254264214543616,0.5548354321587398,1.0967042707467842,0.018133028946414016,0.0013412090650687797,-0.002001140118632497,-0.0006052170556529251,5.592591857118139e-05,5.990806990062575e-05,0.0,0.0,0.0,0.0,8.0
2.6094999999999997,1.025154173954862,0.5543470089889206,1.0959647365963052,0.018017820459794415,0.0013509497360211407,-0.0019779062545019392,-0.000603250324945729,5.210461553741871e-05,5.845296161050963e-05,0.0,0.0,0.0,0.0,8.0
2.6125,1.0248802190100412,0.5538511992806617,1.0952015353305398,0.017896957342015084,0.001360852925266425,-0.001954037413454954,-0.0006013159121059707,4.820113725294433e-05,5.697116032166692e-05,0.0,0.0,0.0,0.0,8.0
2.6155,1.0246051832540033,0.5533487835365771,1.0944158426914068,0.01777056816906796,0.0013706900842357062,-0.0019296883971392082,-0.0005994195001507815,4.422620060314737e-05,5.546675187453325e-05,0.0,0.0,0.0,0.0,8.0
2.6185,1.0243296765845342,0.5528405508037043,1.0936095953779845,0.017639059367000574,0.001380286804899628,-0.0019050101415882927,-0.0005975594090597356,4.0192065475164086e-05,5.394343444144552e-05,0.0,0.0,0.0,0.0,8.0
2.6215,1.0240542010526796,0.552327320449183,1.0927853870692752,0.01750307698101425,0.0013895450927833236,-0.0018801339638782409,-0.000595726572023943,3.6112418147445694e-05,5.2404899055148e-05,0.0,0.0,0.0,0.0,8.0
2.6245000000000003,1.0237790989899975,0.5518099554614004,1.0919463295095486,0.01736346088983448,0.0013984600936989963,-0.001855158368210671,-0.0005939047135021694,3.20024162822228e-05,5.085525176658182e-05,0.0,0.0,0.0,0.0,8.0
2.6275000000000004,1.0235045597710675,0.5512893515247573,1.09109588493261,0.017221200033069838,0.0014071296373371464,-0.001830140039555668,-0.0005920704426918763,2.7878899135231008e-05,4.9299369964919245e-05,0.0,0.0,0.0,0.0,8.0
2.6304999999999996,1.0232306802638187,0.5507664005132129,1.0902376833187024,0.017077392174570407,0.0014157556167363095,-0.001805089668157771,-0.0005901931706779302,2.3760701071862072e-05,4.774312419391285e-05,0.0,0.0,0.0,0.0,8.0
2.6334999999999997,1.022957552682987,0.5502419397563674,1.0893753441592582,0.016933207143851547,0.0014246368078944338,-0.0017799723399719793,-0.0005882349211878055,1.9668958981322543e-05,4.6193436756411e-05,0.0,0.0,0.0,0.0,8.0
2.6365,1.0226853446351138,0.5497167040436001,1.0885123236171357,0.01678985032480251,0.001434153346242751,-0.0017547116686916237,-0.0005861501904585597,1.5627291070003188e-05,4.4658177615307646e-05,0.0,0.0,0.0,0.0,8.0
2.6395,1.022414341918425,0.5491912953922592,1.0876518023862682,0.01664852354449571,0.001444743917163,-0.0017291966507343363,-0.0005838860557380276,1.166174344845937e-05,4.314591895673562e-05,0.0,0.0,0.0,0.0,8.0
2.6425,1.0221449401822995,0.548666179454552,1.0867966188265594,0.016510382251777013,0.001456877810454055,-0.001703290237334749,-0.0005813827824117628,7.800437398279225e-06,4.166558964721014e-05,0.0,0.0,0.0,0.0,8.0
2.6455,1.0218775888419163,0.5481417108090966,1.0859492404488351,0.01637648965653413,0.001471025020320691,-0.001676838688020224,-0.0005785752285455099,4.072890651540262e-06,4.02260899575264e-05,0.0,0.0,0.0,0.0,8.0
2.6485000000000003,1.0216127035169131,0.547618183773263,1.085111759255217,0.016247769859755484,0.0014876280149760089,-0.001649680876821053,-0.0005753953189446767,5.090261586728236e-07,3.883593503891644e-05,0.0,0.0,0.0,0.0,8.0
2.6515000000000004,1.0213505697201388,0.5470959000707613,1.0842858954122176,0.016124963285972998,0.0015070782481684498,-0.0016216569465766044,-0.0005717756795642167,-2.8620755263780834e-06,3.7502980016578144e-05,0.0,0.0,0.0,0.0,8.0
2.6544999999999996,1.0210912616041998,0.5465752388962859,1.0834729987783867,0.016008589298561197,0.0015296989601908731,-0.0015926160973465007,-0.0005676541817237861,-6.013578029687669e-06,3.623423757401511e-05,0.0,0.0,0.0,0.0,8.0
2.6574999999999998,1.020834596611349,0.5460567098027516,1.0826740461585733,0.015898922362014723,0.001555733821717903,-0.001562423762567219,-0.0005629787460903407,-8.922301497955837e-06,3.503574441107038e-05,0.0,0.0,0.0,0.0,8.0
2.6605,1.0205801398274483,0.545540967733975,1.081889640313356,0.015795988324460965,0.0015853392959197519,-0.0015309687447722404,-0.0005577114754218826,-1.1569981748775598e-05,3.391239221185104e-05,0.0,0.0,0.0,0.0,8.0
2.6635,1.0203272602063231,0.5450287760186782,1.0811200215594645,0.015699585019072735,0.001618577996232962,-0.0014981708056624238,-0.0005518311979729265,-1.3944230436117742e-05,3.286763851838476e-05,0.0,0.0,0.0,0.0,8.0
2.6665,1.020075226203909,0.5445209181129018,1.0803651018104443,0.015609326062736252,0.0016554112481847233,-0.0014639886359761982,-0.0005453338988087655,-1.603911208836877e-05,3.1903066418579515e-05,0.0,0.0,0.0,0.0,8.0
2.6695,1.0198233159167276,0.5440180783712585,1.079624523050815,0.015524699827658176,0.0016956913886876453,-0.0014284272457998697,-0.000538231223260677,-1.7855344864436315e-05,3.101785753000371e-05,0.0,0.0,0.0,0.0,8.0
2.6725000000000003,1.0195709133027675,0.5435207277961549,1.078897729386269,0.015445130014816972,0.0017391571480053314,-0.001391543056408439,-0.0005305479967906696,-1.9400218131462167e-05,3.0208340660132704e-05,0.0,0.0,0.0,0.0,8.0
2.6755000000000004,1.0193175709031537,0.5430290535579965,1.0781840299311574,0.015370023251614883,0.0017854372208992355,-0.0013534448522234477,-0.0005223201401112063,-2.068736106331419e-05,2.9467823303091654e-05,0.0,0.0,0.0,0.0,8.0
2.6784999999999997,1.019063036865127,0.5425429570213873,1.0774826271293485,0.015298794113704842,0.001834066376261495,-0.001314289535352125,-0.0005135941566467766,-2.1736468616355762e-05,2.8786862711126446e-05,0.0,0.0,0.0,0.0,8.0
2.6814999999999998,1.0188072599927287,0.5420621188002686,1.0767925969457175,0.015230867248370765,0.0018845148161839476,-0.0012742730968493283,-0.0005044285156204245,-2.2573006680063318e-05,2.815399119998167e-05,0.0,0.0,0.0,0.0,8.0
2.6845,1.0185503911469038,0.5415861033285957,1.0761128307897196,0.015165665487371475,0.0019362263410342396,-0.0012336187060387797,-0.0004948961225105789,-2.322782434313933e-05,2.7556736242255385e-05,0.0,0.0,0.0,0.0,8.0
2.6875,1.0182927900217684,0.5411144627340577,1.0754419725851185,0.015102597334532708,0.0019886568005730763,-0.0011925645600720798,-0.00048508625775310366,-2.3736554547659255e-05,2.698265792967415e-05,0.0,0.0,0.0,0.0,8.0
2.6905,1.0180350302926546,0.5406468062147136,1.0747783943577425,0.015041054985581477,0.0020413036194837065,-0.001151353760395564,-0.00047510433675047344,-2.4138714102410286e-05,2.642012809438753e-05,0.0,0.0,0.0,0.0,8.0
2.6935000000000002,1.0177778855103117,0.5401828213570772,1.0741202429595946,0.014980426992530478,0.00209372039708731,-0.0011102272587372713,-0.0004650686230411983,-2.4476502189781842e-05,2.585869433637856e-05,0.0,0.0,0.0,0.0,8.0
2.6965000000000003,1.0175222813177462,0.5397222555356992,1.0734655634859775,0.014920122214553931,0.0021455160832412556,-0.0010694195536290827,-0.000455104186941266,-2.4793391482291816e-05,2.528904272930306e-05,0.0,0.0,0.0,0.0,8.0
2.6994999999999996,1.0172692149774678,0.5392648779619293,1.0728124748246093,0.014859597579729936,0.0021963433547862884,-0.0010291559818584727,-0.00044533536163932677,-2.513265896601115e-05,2.4702710929181124e-05,0.0,0.0,0.0,0.0,8.0
2.7024999999999997,1.0170196602190549,0.5388104435327494,1.072159353628711,0.014798382271640495,0.0022458834592548626,-0.000989650351070714,-0.00043587832697114943,-2.553599925627936e-05,2.409175741227986e-05,0.0,0.0,0.0,0.0,8.0
2.7055,1.0167744822473532,0.538358673469955,1.0715049819609428,0.014736093380620242,0.0022938344267007067,-0.0009511020490833674,-0.00042683523339353147,-2.604232177199737e-05,2.344856433954166e-05,0.0,0.0,0.0,0.0,8.0
2.7085,1.0165343799575082,0.5379092614925806,1.0708486286138745,0.014672440411518713,0.0023399070649747344,-0.0009136922444380095,-0.00041829071239046046,-2.6686786452650733e-05,2.2765877600087897e-05,0.0,0.0,0.0,0.0,8.0
2.7115,1.0162998556806973,0.5374619103646765,1.0701900561717008,0.014607217424382347,0.0023838299381050048,-0.0008775791502763236,-0.0004103109827330794,-2.7500098262802718e-05,2.2037105325503703e-05,0.0,0.0,0.0,0.0,8.0
2.7145,1.0160711982068376,0.5370163995311728,1.069529466344352,0.014540282901780938,0.002425361604272328,-0.0008428926196231214,-0.00040294520220773643,-2.8508054376529076e-05,2.125682290052548e-05,0.0,0.0,0.0,0.0,8.0
2.7175000000000002,1.015848461164378,0.5365726764240707,1.0688674097171529,0.014471530035240592,0.002464306163672648,-0.0008097287346659125,-0.000396228251180975,-2.973130648441303e-05,2.0421368699347704e-05,0.0,0.0,0.0,0.0,8.0
2.7205000000000004,1.015631428148148,0.5361309514507312,1.0682046909911966,0.01440085420668156,0.0025005268095855547,-0.0007781455698243238,-0.0003901837815568231,-3.1185260247924956e-05,1.952936290262956e-05,0.0,0.0,0.0,0.0,8.0
2.7234999999999996,1.015419574245712,0.5356917644712531,1.067542295998437,0.014328128398246185,0.0025339520460681483,-0.0007481617205072941,-0.00038482624420835233,-3.2879999421656085e-05,1.858196183748618e-05,0.0,0.0,0.0,0.0,8.0
2.7264999999999997,1.0152120529107342,0.5352559871163542,1.0668813514752955,0.01425319825283511,0.002564571227944114,-0.000719759098611888,-0.00038016092414407007,-3.482012174285481e-05,1.758270494001766e-05,0.0,0.0,0.0,0.0,8.0
2.7295,1.0150077468475023,0.5348247379619154,1.0662231059085243,0.014175904047404441,0.0025924201865083173,-0.0006928905900389057,-0.00037618185818543706,-3.7004430663756684e-05,1.6536936984665866e-05,0.0,0.0,0.0,0.0,8.0
2.7325,1.0148054109434164,0.5343992169136251,1.0655689002525932,0.014096126818764413,0.0026175625195559516,-0.0006674915315319458,-0.0003728686481893255,-3.942553768776223e-05,1.545096227743276e-05,0.0,0.0,0.0,0.0,8.0
2.7355,1.0146039006958085,0.5339805011382481,1.0649200952136488,0.014013843831281758,0.0026400749572857017,-0.0006434922204794544,-0.0003701840434500385,-4.206955204505134e-05,1.4331226566756239e-05,0.0,0.0,0.0,0.0,8.0
2.7385,1.014402432803582,0.5335693692087201,1.0642779440294914,0.013929170833899544,0.0026600437695666647,-0.0006208277827292425,-0.0003680741548321652,-4.491609942600102e-05,1.3183835326212103e-05,0.0,0.0,0.0,0.0,8.0
2.7415000000000003,1.014200791773403,0.5331662159422134,1.0636434367795324,0.013842370847361741,0.002677573508820185,-0.0005994424263797977,-0.00036647210464265447,-4.793886401037986e-05,1.2014570395011946e-05,0.0,0.0,0.0,0.0,8.0
2.7445000000000004,1.013999402518957,0.5327710846651827,1.0630171716041592,0.013753822362848844,0.002692802383762946,-0.0005792873265707712,-0.0003653042775803859,-5.110668907461409e-05,1.0829322530956736e-05,0.0,0.0,0.0,0.0,8.0
2.7474999999999996,1.0137992375471059,0.5323837928048516,1.0623993092356794,0.013663957816398582,0.0027059143355808966,-0.0005603140767988875,-0.00036449701639837184,-5.4385072766585626e-05,9.634646489198835e-06,0.0,0.0,0.0,0.0,8.0
2.7504999999999997,1.0136015938233538,0.5320040887567259,1.061789636679514,0.013573196119903019,0.0027171390678101736,-0.0005424673435761363,-0.00036398137883262254,-5.773776353552619e-05,8.438089466455096e-06,0.0,0.0,0.0,0.0,8.0
2.7535,1.0134078217814335,0.5316317740219101,1.0611877204454752,0.013481893560123191,0.002726737237406017,-0.0005256801453718404,-0.0003636945798344012,-6.112816582827538e-05,7.248074606131926e-06,0.0,0.0,0.0,0.0,8.0
2.7565,1.0132190940363286,0.5312667537493656,1.0605930944689161,0.013390326066870213,0.002734975262652741,-0.000509873316730174,-0.00036357837622563656,-6.452039681309371e-05,6.073356334359892e-06,0.0,0.0,0.0,0.0,8.0
2.7595,1.0130362692599575,0.5309090193624542,1.0600054199286648,0.013298700582367394,0.0027420986869646697,-0.0004949584834048741,-0.0003635759543964377,-6.788000050802309e-05,4.922262414010155e-06,0.0,0.0,0.0,0.0,8.0
2.7625,1.0128598622203109,0.5305585936504598,1.059424573699057,0.013207183108568958,0.00274831270279859,-0.00048084257355854597,-0.0003636291968006607,-7.117443154019429e-05,3.8019954389005946e-06,0.0,0.0,0.0,0.0,8.0
2.7655000000000003,1.0126900976217204,0.5302154711532093,1.0588506552383758,0.01311592974034986,0.002753774288776305,-0.00046743196194893596,-0.00036367756590906583,-7.437343170108187e-05,2.7181828625643704e-06,0.0,0.0,0.0,0.0,8.0
2.7685000000000004,1.0125270105967932,0.5298795733257978,1.0582839314445223,0.013025111672447234,0.002758595341659839,-0.0004546352386928358,-0.00036365883946021965,-7.744937406940208e-05,1.6747230555470282e-06,0.0,0.0,0.0,0.0,8.0
2.7714999999999996,1.012370553656727,0.5295507247757123,1.0577247558440332,0.012934930172427264,0.0027628527251050256,-0.0004423644301918768,-0.0003635111752644423,-8.037760234649012e-05,6.738672655143482e-07,0.0,0.0,0.0,0.0,8.0
2.7744999999999997,1.0122206698501466,0.5292286530195502,1.0571735020600965,0.012845619526726856,0.0027666001115329727,-0.0004305347981453776,-0.00036317572727017554,-8.313678003563099e-05,-2.835580472136395e-07,0.0,0.0,0.0,0.0,8.0
2.7775,1.012077295094508,0.5289130172131197,1.0566305443214743,0.012757435744720132,0.0027698773805600674,-0.00041906323468345524,-0.000362599173927512,-8.570927429122109e-05,-1.1978636978241183e-06,0.0,0.0,0.0,0.0,8.0
2.7805,1.0119402692644937,0.528603472097462,1.05609629889763,0.012670629384271097,0.002772715616682705,-0.0004078651978024833,-0.00036173586393124937,-8.808159913425998e-05,-2.0701764882244107e-06,0.0,0.0,0.0,0.0,8.0
2.7835,1.0118091745955253,0.5282997645631353,1.0555713083335487,0.012585404695759885,0.002775139068715935,-0.0003968504437697433,-0.00036054969353827525,-9.024490616464787e-05,-2.902071901845328e-06,0.0,0.0,0.0,0.0,8.0
2.7865,1.0116831730563465,0.5280018415028443,1.0550563141942546,0.012501874334924737,0.002777168608879982,-0.0003859185682816524,-0.0003590161116392511,-9.219543720888027e-05,-3.6951298049893587e-06,0.0,0.0,0.0,0.0,8.0
2.7895000000000003,1.0115609505303718,0.5277099272884355,1.0545522474718303,0.01242002617160534,0.002778831789895948,-0.00037495628058162794,-0.0003571245006701637,-9.393477160190616e-05,-4.450420975518536e-06,0.0,0.0,0.0,0.0,8.0
2.7925000000000004,1.011440858142715,0.5274245216447544,1.0540600921402794,0.012339721150665423,0.0027801806331801257,-0.0003638388075417372,-0.00035488046417643586,-9.546966353534218e-05,-5.168035224103967e-06,0.0,0.0,0.0,0.0,8.0
2.7954999999999997,1.0113212591456353,0.5271462872808272,1.0535806436730621,0.012260734083271059,0.0027813112820391957,-0.00035243715545840314,-0.00035230667224261247,-9.681132593796864e-05,-5.846865017577833e-06,0.0,0.0,0.0,0.0,8.0
2.7984999999999998,1.0112009778966125,0.5268758428466963,1.0531142531979414,0.012182832223828662,0.0027823747231405594,-0.0003406308506845144,-0.0003494407266378402,-9.797419139096205e-05,-6.484848728358814e-06,0.0,0.0,0.0,0.0,8.0
2.8015,1.0110796703724012,0.5266135319024352,1.052660671592818,0.012105866177410444,0.002783569707566131,-0.0003283229208605048,-0.00034632955964018395,-9.897440646458849e-05,-7.079696423886128e-06,0.0,0.0,0.0,0.0,8.0
2.8045,1.0109579467309449,0.5263592684511643,1.052219066459645,0.012029836181506161,0.002785117549845887,-0.0003154519212857042,-0.00034302170710842747,-9.982846596032217e-05,-7.62985482818113e-06,0.0,0.0,0.0,0.0,8.0
2.8075,1.010837179636548,0.5261125360500359,1.0517882036271273,0.011954904167199484,0.002787227885613594,-0.0003019963885420676,-0.00033956009393568175,-0.00010055235011875213,-8.135308624066129e-06,0.0,0.0,0.0,0.0,8.0
2.8105,1.010719074912884,0.5258725442988164,1.0513667137356846,0.011881347206056266,0.002790068188352077,-0.00028797038801906905,-0.00033597769385575746,-0.0001011612844251732,-8.597898357223566e-06,0.0,0.0,0.0,0.0,8.0
2.8135000000000003,1.0106051843423383,0.5256384655607564,1.0509533414407095,0.011809476612844165,0.0027937460946436746,-0.000273412961851115,-0.0003322967767233256,-0.00010166993777286963,-9.021106796910371e-06,0.0,0.0,0.0,0.0,8.0
2.8164999999999996,1.0104965475885035,0.5254096393052359,1.0505471027361044,0.011739560624197332,0.0027983062620231232,-0.00025837660039992937,-0.00032853071809239783,-0.00010209270583483894,-9.409521672665629e-06,0.0,0.0,0.0,0.0,8.0
2.8194999999999997,1.0103935650282312,0.5251856631873236,1.0501473287692207,0.011671779395686232,0.0028037379730533963,-0.0002429190211135729,-0.00032468668877141753,-0.00010244378710016309,-9.768254466992237e-06,0.0,0.0,0.0,0.0,8.0
2.8225,1.010296087015518,0.5249663605084858,1.0497536192930272,0.01160621838230248,0.0028099884080209038,-0.00022709963788474115,-0.0003207680631407324,-0.00010273696693416673,-1.0102486752700543e-05,0.0,0.0,0.0,0.0,8.0
2.8255,1.0102036267867376,0.5247516711731431,1.0493657490194996,0.011542887404555058,0.002816977761737159,-0.00021097951578984958,-0.0003167762297397941,-0.00010298520774796489,-1.0417171165008914e-05,0.0,0.0,0.0,0.0,8.0
2.8285,1.0101155879986536,0.5245415273700095,1.0489835725751528,0.011481747995841682,0.0028246129758368174,-0.00019462282799755874,-0.00031271178587713834,-0.00010320019584114,-1.0716865177660724e-05,0.0,0.0,0.0,0.0,8.0
2.8315,1.0100314235740175,0.5243357545636455,1.0486069702046945,0.011422738000870456,0.0028327959230470484,-0.00017809853934798616,-0.00030857479446324534,-0.00010339194412983537,-1.100572328939567e-05,0.0,0.0,0.0,0.0,8.0
2.8345000000000002,1.0099506839617542,0.5241340104390144,1.048235864561252,0.011365790661292823,0.00284142178239094,-0.00016148196581990728,-0.0003043635534277963,-0.00010356848403655318,-1.1287711626144436e-05,0.0,0.0,0.0,0.0,8.0
2.8375000000000004,1.0098729589925939,0.5239357595894549,1.0478703083443746,0.011310848980174223,0.002850366932611146,-0.0001448560642424781,-0.0003000718412303204,-0.00010373566053168239,-1.1567040672832918e-05,0.0,0.0,0.0,0.0,8.0
2.8404999999999996,1.009797763655898,0.5237402845690272,1.0475105926856463,0.011257873806056806,0.002859473237878938,-0.0001283116686627017,-0.00029568592248676445,-0.00010389707661971583,-1.1848628284480857e-05,0.0,0.0,0.0,0.0,8.0
2.8434999999999997,1.0097244505597727,0.5235467456855684,1.0471572803923697,0.011206839064102138,0.002868543206977637,-0.00011194501243129028,-0.00029118397416230045,-0.00010405427885860582,-1.2138212905330635e-05,0.0,0.0,0.0,0.0,8.0
2.8465,1.0096522242164032,0.5233543066961964,1.0468110705052334,0.011157705417296849,0.002877361037052504,-9.585075378357554e-05,-0.00028654068549854823,-0.0001042072771781092,-1.244172335448708e-05,0.0,0.0,0.0,0.0,8.0
2.8495,1.0095802693515714,0.5231623283888849,1.046472480628094,0.011110368806710349,0.0028857430628791503,-8.011007959914386e-05,-0.000281737665267805,-0.00010435541254023944,-1.2763806665001789e-05,0.0,0.0,0.0,0.0,8.0
2.8525,1.0095079197289525,0.5229705948064957,1.0461414596378997,0.011064593483119906,0.0028936015993203386,-6.47761446457638e-05,-0.00027677661511313616,-0.0001044984302546404,-1.3105932093983003e-05,0.0,0.0,0.0,0.0,8.0
2.8555,1.009434759122304,0.5227794901272018,1.0458171264719693,0.011019955989519697,0.0029009912970694883,-4.9861970463854327e-05,-0.0002716892316273852,-0.000104637437596207,-1.3464922218608144e-05,0.0,0.0,0.0,0.0,8.0
2.8585000000000003,1.009360605211902,0.5225900172168774,1.0454977958474603,0.010975837013446949,0.0029081090484933494,-3.5337158292431386e-05,-0.00026653778934863736,-0.00010477532314065091,-1.3832786177876554e-05,0.0,0.0,0.0,0.0,8.0
2.8615000000000004,1.009285432897418,0.5224035779645004,1.0451813106467385,0.010931489516822756,0.0029152385125303724,-2.1137699022528295e-05,-0.0002614039519547694,-0.00010491631292812408,-1.4198241376464925e-05,0.0,0.0,0.0,0.0,8.0
2.8644999999999996,1.0092093422798907,0.5222215352293192,1.044865545730681,0.010886178851278303,0.0029226575823849132,-7.187605737625284e-06,-0.0002563689439792826,-0.00010506468386891891,-1.4549514882143993e-05,0.0,0.0,0.0,0.0,8.0
2.8674999999999997,1.0091326132810814,0.5220447089655035,1.0445488756530774,0.010839346220470792,0.0029305461997088536,6.5756250109854475e-06,-0.0002514928505021028,-0.00010522312008814739,-1.4877327286327634e-05,0.0,0.0,0.0,0.0,8.0
2.8705,1.009055772740756,0.521873037235893,1.0442304394291098,0.010790720484535358,0.0029389322591671157,2.0183243300999854e-05,-0.00024680176995723333,-0.00010539148003948556,-1.5176791863727403e-05,0.0,0.0,0.0,0.0,8.0
2.8735,1.0089795532677657,0.5217055761265742,1.0439101461568423,0.010740322072990994,0.002947694513559219,3.3633434975386474e-05,-0.00024228783388901377,-0.00010556655984976739,-1.5447484614431375e-05,0.0,0.0,0.0,0.0,8.0
2.8765,1.0089047046007171,0.5215408308949213,1.0435884746637851,0.010688363163221186,0.0029566135531493027,4.690463416632763e-05,-0.0002379205127594002,-0.00010574282757623998,-1.5691908971478862e-05,0.0,0.0,0.0,0.0,8.0
2.8795,1.0088317516169722,0.5213772270010497,1.0432661780809103,0.010635108406578473,0.002965441201020714,5.997440464500854e-05,-0.00023366221197193739,-0.00010591350156639446,-1.5913382261443556e-05,0.0,0.0,0.0,0.0,8.0
2.8825000000000003,1.0087608525430585,0.5212134847968771,1.042943992568099,0.010580772833655574,0.002973958104602753,7.283279673073465e-05,-0.0002294806762904638,-0.00010607124807772372,-1.6114437391073866e-05,0.0,0.0,0.0,0.0,8.0
2.8855000000000004,1.0086918260915363,0.5210487749278773,1.0426224196808156,0.010525492590282572,0.0029820032700237447,8.548515142413544e-05,-0.00022535441790072502,-0.000106208227442307,-1.629626152200825e-05,0.0,0.0,0.0,0.0,8.0
2.8884999999999996,1.0086242625264006,0.5208826833044774,1.0423016499145543,0.01046935183939675,0.0029894719598777876,9.79467223805769e-05,-0.0002212712328251152,-0.00010631577068218498,-1.6459095066099317e-05,0.0,0.0,0.0,0.0,8.0
2.8914999999999997,1.0085575688416635,0.5207150860757876,1.0419816811616225,0.010412426633293441,0.002996285373359883,0.00011023459543659344,-0.0002172217444121123,-0.00010638417617946192,-1.6603239310743073e-05,0.0,0.0,0.0,0.0,8.0
2.8945,1.0084908810275575,0.5205460190698054,1.0416626082277802,0.01035481588557293,0.003002343135364459,0.0001223612365293017,-0.00021319077236838307,-0.00010640295476539431,-1.673024049386001e-05,0.0,0.0,0.0,0.0,8.0
2.8975,1.0084229445612212,0.5203755770544349,1.0413449284753482,0.010296650826314124,0.0030074811763835985,0.00013433144035195557,-0.0002091504197833572,-0.00010636154378107702,-1.6843727985608703e-05,0.0,0.0,0.0,0.0,8.0
2.9005,1.0083521971485374,0.520203834548161,1.0410296117720739,0.010238092579777012,0.003011465286199751,0.00014614222502786354,-0.00020505936941569509,-0.00010625024053796615,-1.6949352011645286e-05,0.0,0.0,0.0,0.0,8.0
2.9035,1.0082772286530284,0.5200307693580354,1.0407177554705964,0.010179331986571033,0.0030140395616082742,0.00015778421067184903,-0.0002008709527364347,-0.00010606102149527458,-1.7053543186899232e-05,0.0,0.0,0.0,0.0,8.0
2.9065000000000003,1.0081975041109656,0.5198561976728437,1.0404099208133812,0.010120594450861258,0.003015015471134657,0.00016924336811433696,-0.00019654757551697792,-0.00010578806030294058,-1.716146838264559e-05,0.0,0.0,0.0,0.0,8.0
2.9095000000000004,1.0081139400440895,0.5196797584031584,1.0401055318624255,0.010062138962364933,0.003014353646642924,0.00018050275718575756,-0.00019207417149991326,-0.00010542798082499505,-1.727518749041227e-05,0.0,0.0,0.0,0.0,8.0
2.9124999999999996,1.0080289054416967,0.5195009914787843,1.0398027402733905,0.010004234055339062,0.0030121898100693495,0.00019154489684429884,-0.00018746347548866484,-0.00010498003509286308,-1.7392972628310315e-05,0.0,0.0,0.0,0.0,8.0
2.9154999999999998,1.0079455203006242,0.5193195404256006,1.039498870746287,0.009947095787407585,0.003008793929859823,0.0002023566170847875,-0.00018275186012126535,-0.00010444642410824829,-1.7509932528516752e-05,0.0,0.0,0.0,0.0,8.0
2.9185,1.0078665296728941,0.5191354574203539,1.0391912012929978,0.00989079024827492,0.0030044947442640466,0.00021293749460099312,-0.00017799073438864096,-0.00010383280772871886,-1.761924641518115e-05,0.0,0.0,0.0,0.0,8.0
2.9215,1.007793268382279,0.5189495011267962,1.0388776767879628,0.00983513471244433,0.0029996141662830683,0.00022330913162752346,-0.0001732393467198287,-0.00010314871262563687,-1.7713224000536488e-05,0.0,0.0,0.0,0.0,8.0
2.9245,1.007725190598848,0.5187632392518319,1.0385572716568545,0.009779660785880929,0.00299443309028937,0.00023351777933989672,-0.00016856014946796524,-0.00010240724434616419,-1.77840682941118e-05,0.0,0.0,0.0,0.0,8.0
2.9275,1.0076601784199601,0.5185787832890955,1.0382299619626074,0.009723699721856568,0.002989178272113596,0.000243622183616272,-0.0001640129897183087,-0.00010162356194395419,-1.782487127642723e-05,0.0,0.0,0.0,0.0,8.0
2.9305000000000003,1.0075954855343585,0.5183981546347832,1.037896451395238,0.009666592443002586,0.0029840091753823004,0.0002536659812256433,-0.0001596448229400796,-0.00010081219816926642,-1.7831248558857564e-05,0.0,0.0,0.0,0.0,8.0
2.9335000000000004,1.0075288540248852,0.5182225523643771,1.0375578377409562,0.00960793397860174,0.0029790003351912483,0.0002636469728817069,-0.000155477668780761,-9.998427972483653e-05,-1.7803110420906907e-05,0.0,0.0,0.0,0.0,8.0
2.9364999999999997,1.007459239115017,0.5180519532799447,1.0372153448702395,0.009547706129845384,0.002974136980414495,0.00027350362012896443,-0.0001515030469820396,-9.914624461600703e-05,-1.7745286642741058e-05,0.0,0.0,0.0,0.0,8.0
2.9395,1.007386824759237,0.5178853080263468,1.0368701634706838,0.009486207709887562,0.0029693408024235235,0.00028313123956711847,-0.00014768895751649875,-9.830098136616993e-05,-1.766612491737304e-05,0.0,0.0,0.0,0.0,8.0
2.9425,1.0073125748304526,0.5177211639095333,1.0365233156583649,0.009423838794755402,0.0029645262424774915,0.00029241966492000174,-0.0001439975278474553,-9.74506502645099e-05,-1.7574463688515005e-05,0.0,0.0,0.0,0.0,8.0
2.9455,1.007237626568285,0.5175582532269495,1.0361756959327297,0.00936089592319349,0.002959633475786385,0.000301288351700483,-0.00014039902032512996,-9.659935313043696e-05,-1.7477184798961384e-05,0.0,0.0,0.0,0.0,8.0
2.9485,1.0071626888751466,0.5173957439089719,1.0358284217020157,0.009297484059015782,0.0029545979473701045,0.0003097019794230231,-0.00013687168817546456,-9.575436233589677e-05,-1.737895486903873e-05,0.0,0.0,0.0,0.0,8.0
2.9515000000000002,1.0070875862543527,0.5172331981714757,1.0354832873545747,0.009233534988318916,0.0029492861915121787,0.0003176676963516833,-0.00013339215789860782,-9.492586373950042e-05,-1.7283537803157877e-05,0.0,0.0,0.0,0.0,8.0
2.9545000000000003,1.0070111182905541,0.5170703917303489,1.035142983322859,0.009168885858670775,0.00294345178180152,0.00032522132602141624,-0.00012992619074049877,-9.412562167261963e-05,-1.719528283682691e-05,0.0,0.0,0.0,0.0,8.0
2.9574999999999996,1.0069314541960988,0.5169071161390083,1.034810737025502,0.009103378700119156,0.0029367631016397654,0.0003324096505846533,-0.00012642926051771892,-9.33650035830687e-05,-1.7119423452376357e-05,0.0,0.0,0.0,0.0,8.0
2.9604999999999997,1.0068470808460834,0.5167431097556326,1.0344892339285674,0.009036927655080393,0.0029289315457400166,0.0003392778538962144,-0.00012286342653856946,-9.265308570063158e-05,-1.7060180421518494e-05,0.0,0.0,0.0,0.0,8.0
2.9635,1.0067578885971573,0.5165781157002579,1.0341792901240923,0.00896954318421485,0.002919880014501044,0.0003458632899963319,-0.00011922156142127944,-9.199527919014872e-05,-1.7017787725277954e-05,0.0,0.0,0.0,0.0,8.0
2.9665,1.006665699837274,0.516411911960157,1.0338791946391974,0.008901350130665104,0.002909823939753775,0.00035218856755875463,-0.00011553775525825924,-9.139249549117459e-05,-1.6987280149283215e-05,0.0,0.0,0.0,0.0,8.0
2.9695,1.0065737873466505,0.5162442739910472,1.0335852554776785,0.008832599769227583,0.0028991968696205133,0.000358253684118373,-0.000111873658895799,-9.084112010588403e-05,-1.6960390144528263e-05,0.0,0.0,0.0,0.0,8.0
2.9725,1.0064857238827174,0.5160748668359602,1.033293202665643,0.008763672940647789,0.0028884677740021293,0.00036403027459959653,-0.00010828892120354384,-9.033377406021139e-05,-1.6929459654051773e-05,0.0,0.0,0.0,0.0,8.0
2.9755000000000003,1.0064043245588268,0.5159031195627583,1.0329995838278787,0.008695065745289051,0.0028779643807220665,0.000369462497158609,-0.00010481441343647568,-8.986060197131658e-05,-1.6890893587065765e-05,0.0,0.0,0.0,0.0,8.0
2.9785000000000004,1.0063311681520084,0.515728198279124,1.032702486639954,0.00862733847612183,0.0028677918309447424,0.0003744782681621868,-0.00010144281903819784,-8.941083062429068e-05,-1.6846260027412374e-05,0.0,0.0,0.0,0.0,8.0
2.9814999999999996,1.0062666146014132,0.5155492199718367,1.032401479389552,0.008561001532864886,0.002857864742128192,0.00037901257789709684,-9.813972030222102e-05,-8.897452469507885e-05,-1.6800674173900213e-05,0.0,0.0,0.0,0.0,8.0
2.9844999999999997,1.0062099231126234,0.5153657739858389,1.0320970761795916,0.008496328721744571,0.002848014390264968,0.0003830410759359329,-9.48687753352099e-05,-8.854454049549792e-05,-1.675935095655134e-05,0.0,0.0,0.0,0.0,8.0
2.9875,1.0061592220980915,0.5151786088113923,1.031790120521259,0.008433144167596034,0.0028381110093723162,0.00038661510282688745,-9.161949873897684e-05,-8.811835915061018e-05,-1.6723867675881013e-05,0.0,0.0,0.0,0.0,8.0
2.9905,1.0061114919020309,0.5149900769842853,1.0314813484467513,0.008370706459350168,0.002828142404143421,0.00038988001544890697,-8.842399231593646e-05,-8.769883144654856e-05,-1.668997903257616e-05,0.0,0.0,0.0,0.0,8.0
2.9935,1.0060630009203986,0.5148038281033863,1.0311712121568597,0.008307845769917962,0.002818205871172184,0.00039305513626509514,-8.535047674659966e-05,-8.729251824261567e-05,-1.664864476179794e-05,0.0,0.0,0.0,0.0,8.0
2.9965,1.006010443972512,0.5146235531172598,1.0308599117194597,0.008243410292182689,0.0028084087206314066,0.0003963678510299155,-8.247090634114673e-05,-8.690519251372636e-05,-1.6590614035587047e-05,0.0,0.0,0.0,0.0,8.0
2.9995000000000003,1.005952336085357,0.5144513433076364,1.0305475099830994,0.008176830094444514,0.002798737210004748,0.0003999692907386802,-7.981869703164703e-05,-8.653646947346218e-05,-1.651223021867374e-05,0.0,0.0,0.0,0.0,8.0
3.0025000000000004,1.0058899227636475,0.5142868939551679,1.0302336328228727,0.008108385423777318,0.002789051902516089,0.0004038918080713029,-7.737602148911921e-05,-8.617762055696664e-05,-1.6416836488705207e-05,0.0,0.0,0.0,0.0,8.0
3.0054999999999996,1.0058254302398335,0.5141283026782926,1.0299182480056983,0.00803892746526491,0.0027790723375310327,0.000408078301509797,-7.507751039991374e-05,-8.581521743282891e-05,-1.6313529136602807e-05,0.0,0.0,0.0,0.0,8.0
3.0084999999999997,1.0057596403879046,0.5139735320140006,1.02960251095198,0.007969364528625893,0.0027684060830168353,0.00041244482544666825,-7.282929928916445e-05,-8.543675717308133e-05,-1.6213921491338288e-05,0.0,0.0,0.0,0.0,8.0
3.0115,1.0056906845935916,0.5138211056185177,1.0292892705896386,0.007900395516213486,0.002756558879131227,0.0004169115273853826,-7.051760738896978e-05,-8.503293031434414e-05,-1.6130979481781787e-05,0.0,0.0,0.0,0.0,8.0
3.0145,1.0056147825089168,0.5136702477277002,1.0289822940477047,0.007832422925334379,0.002743060914009198,0.00042141593288513754,-6.803122801157207e-05,-8.459728468586898e-05,-1.607645129435394e-05,0.0,0.0,0.0,0.0,8.0
3.0175,1.0055291486451179,0.5135207577247628,1.0286836570471207,0.007765552585209506,0.0027278007101237097,0.0004259246366342634,-6.531611777888552e-05,-8.412465895534963e-05,-1.6054098245734196e-05,0.0,0.0,0.0,0.0,8.0
3.0205,1.0054351482886585,0.5133722161399994,1.0283916158270816,0.007699824216232909,0.0027112330057069856,0.0004304150263297405,-6.240398991301092e-05,-8.36078923493651e-05,-1.605647186599984e-05,0.0,0.0,0.0,0.0,8.0
3.0235000000000003,1.005337779721633,0.5132240146690132,1.028101349644896,0.007635181702954537,0.0026942693422069967,0.00043488677257277257,-5.940041498796796e-05,-8.30389445261442e-05,-1.6066521782797252e-05,0.0,0.0,0.0,0.0,8.0
3.0265000000000004,1.005242874013784,0.5130754076467579,1.0278079425151814,0.0075714636419949135,0.0026778683646679316,0.0004393645058271301,-5.642464198940863e-05,-8.241117895612601e-05,-1.6065391905824433e-05,0.0,0.0,0.0,0.0,8.0
3.0294999999999996,1.0051545405103162,0.5129255867023645,1.0275090019928068,0.007508422003903521,0.0026626616984372045,0.00044389603862079904,-5.3552860896862395e-05,-8.172152348397023e-05,-1.6039624732034527e-05,0.0,0.0,0.0,0.0,8.0
3.0324999999999998,1.0050744021531812,0.5127737982929657,1.0272052889982488,0.00744576401949208,0.002648830530914598,0.00044854747523867295,-5.0797764814183334e-05,-8.097131735539123e-05,-1.5983628801022664e-05,0.0,0.0,0.0,0.0,8.0
3.0355,1.0050023451408194,0.5126194746107655,1.0268996219664823,0.007383216940354983,0.0026362063672695176,0.0004533910959234587,-4.8119544502277764e-05,-8.016526750842722e-05,-1.589829957983126e-05,0.0,0.0,0.0,0.0,8.0
3.0385,1.0049377103976422,0.5124622946813031,1.0265952180508178,0.007320616601167117,0.0026244542719698993,0.00045848339199164534,-4.544680889178396e-05,-7.930880082106034e-05,-1.5788714515515336e-05,0.0,0.0,0.0,0.0,8.0
3.0415,1.0048801433540515,0.5123021002731599,1.0262944243440477,0.007258005244862513,0.002613224903554104,0.00046383841113256457,-4.2692468799788415e-05,-7.84049630058472e-05,-1.5662663575425562e-05,0.0,0.0,0.0,0.0,8.0
3.0445,1.0048298646652116,0.5121387094044914,1.025998202301544,0.0071956911583197745,0.0026022387674033863,0.0004694099315088366,-3.976333823443383e-05,-7.745254490925368e-05,-1.552977168706784e-05,0.0,0.0,0.0,0.0,8.0
3.0475000000000003,1.0047873846791708,0.5119718591202734,1.0257062665302554,0.007134192635666504,0.002591323776984969,0.0004750992128191267,-3.657128267119861e-05,-7.644686942002067e-05,-1.5399888078858027e-05,0.0,0.0,0.0,0.0,8.0
3.0505000000000004,1.0047527375137313,0.5118015626065188,1.0254175707181479,0.00707400827680585,0.002580443795999521,0.00048079762008746015,-3.3053644329530096e-05,-7.538343350427316e-05,-1.5279826337297756e-05,0.0,0.0,0.0,0.0,8.0
3.0534999999999997,1.0047245066053907,0.5116288417731824,1.0251308634669354,0.007015264535040413,0.0025697312059348165,0.0004864524298517991,-2.9200641465124506e-05,-7.426283200178772e-05,-1.5169191109813643e-05,0.0,0.0,0.0,0.0,8.0
3.0564999999999998,1.0046991823981564,0.511456335879584,1.0248451869449102,0.0069574130565327,0.0025595007194490873,0.0004921233988047306,-2.5075800458138747e-05,-7.30944513671754e-05,-1.5057487035721264e-05,0.0,0.0,0.0,0.0,8.0
3.0595,1.0046712392696315,0.5112883639889232,1.0245601915615972,0.00689913701118762,0.0025502260801237393,0.0004979996231688927,-2.0816585035411204e-05,-7.189714655300182e-05,-1.4924240604404176e-05,0.0,0.0,0.0,0.0,8.0
3.0625,1.0046382823368565,0.5111291163545505,1.0242718957217654,0.006838902557531985,0.0025429420546983607,0.0005043335649324584,-1.6671941614039545e-05,-7.069186597630486e-05,-1.4734827648276665e-05,0.0,0.0,0.0,0.0,8.0
3.0655,1.0045899705936725,0.5109778160745977,1.0239898215522278,0.006776703794827175,0.0025364444985478255,0.0005111190191492948,-1.2468931155652267e-05,-6.948564096036343e-05,-1.4514834314156519e-05,0.0,0.0,0.0,0.0,8.0
3.0685000000000002,1.0045339626916452,0.5108281657169826,1.0237129717207236,0.006714683200514447,0.002530253779313732,0.0005180442401385571,-8.084089590681391e-06,-6.825492740808357e-05,-1.4285226928011438e-05,0.0,0.0,0.0,0.0,8.0
3.0715000000000003,1.0044609870705652,0.5106849134241959,1.0234482936123568,0.006651813816595343,0.002523787281422981,0.0005251684707246724,-3.5216102748240213e-06,-6.700792069719527e-05,-1.4045350826745494e-05,0.0,0.0,0.0,0.0,8.0
3.0744999999999996,1.0043739379123744,0.5105426119203694,1.0232006319564415,0.00659056166753603,0.002516072205056289,0.0005320994491089114,1.3815544211255527e-06,-6.571894106153005e-05,-1.3820683899334535e-05,0.0,0.0,0.0,0.0,8.0
3.0774999999999997,1.0042787114836353,0.5104010404933056,1.022963804931991,0.006531133880297438,0.0025079838494888405,0.0005388920292458775,6.473369371647532e-06,-6.439553465754702e-05,-1.3595728135693315e-05,0.0,0.0,0.0,0.0,8.0
3.0805,1.0041844451924387,0.51025994677516,1.0227267084386198,0.006473166986366177,0.002500869899068444,0.0005457427301847208,1.1563451814791976e-05,-6.30563631590833e-05,-1.3351928160928462e-05,0.0,0.0,0.0,0.0,8.0
3.0835,1.0040975700472232,0.5101196838918729,1.0224815722118066,0.006415985701889734,0.0024954551089062266,0.0005528061173542126,1.6551786564509358e-05,-6.171690548752731e-05,-1.3081247899043223e-05,0.0,0.0,0.0,0.0,8.0
3.0865,1.0040201746555382,0.5099815217922385,1.0222266849825816,0.006358885414098568,0.0024915906670496053,0.0005601037223383071,2.144315918933649e-05,-6.038150452885738e-05,-1.2786142034725355e-05,0.0,0.0,0.0,0.0,8.0
3.0895,1.0039514922506754,0.509847131726048,1.021964287288049,0.006301373164195501,0.0024886803326382555,0.0005675666705457239,2.630033908173887e-05,-5.90467408263079e-05,-1.2474499889015374e-05,0.0,0.0,0.0,0.0,8.0
3.0925000000000002,1.0038896967408018,0.5097178619795838,1.0216975719817485,0.0062433031303443355,0.0024861890581555596,0.0005751111550624825,3.1194759298163874e-05,-5.770858629515135e-05,-1.2154878324647967e-05,0.0,0.0,0.0,0.0,8.0
3.0955000000000004,1.003832846882946,0.5095943064844939,1.0214290163642343,0.006184881120043746,0.002483872137830107,0.000582660943796803,3.617956174092957e-05,-5.6366306824848517e-05,-1.1833257017715138e-05,0.0,0.0,0.0,0.0,8.0
3.0984999999999996,1.003779140548982,0.5094762474305129,1.021160017259494,0.006126565296612838,0.002481733476120221,0.0005901317085527827,4.128256906523615e-05,-5.502270190293253e-05,-1.1511492518403013e-05,0.0,0.0,0.0,0.0,8.0
3.1014999999999997,1.0037269652216276,0.5093628148439818,1.0208910448979778,0.006068969235414442,0.002479857319434023,0.0005974367075966086,4.650683353775037e-05,-5.3681760411053e-05,-1.118784826599296e-05,0.0,0.0,0.0,0.0,8.0
3.1045,1.0036750545001432,0.509252664869456,1.020621822591012,0.006012859330390751,0.0024782154533993126,0.0006045390988133706,5.182889756462529e-05,-5.234393316703983e-05,-1.0859459381165244e-05,0.0,0.0,0.0,0.0,8.0
3.1075,1.0036228920862051,0.5091439141213874,1.020351626593057,0.005959209785021461,0.002476523966967594,0.0006115090612858398,5.719945582258783e-05,-5.1001383705584065e-05,-1.0525568300981747e-05,0.0,0.0,0.0,0.0,8.0
3.1105,1.0035714066653296,0.5090335505128875,1.0200802043013237,0.0059091342473732026,0.0024742466234730274,0.0006185105563883925,6.256221977708768e-05,-4.963774740212599e-05,-1.0189951085096315e-05,0.0,0.0,0.0,0.0,8.0
3.1135,1.0035236468739215,0.5089165555930913,1.0198093841819473,0.005863542098864212,0.002470796667784976,0.0006256974539780302,6.78899750619927e-05,-4.8233449957593805e-05,-9.861472593082758e-06,0.0,0.0,0.0,0.0,8.0
3.1165000000000003,1.0034841651520443,0.5087864187934076,1.019543930436376,0.0058225714175262405,0.0024658616356974827,0.0006331164672971102,7.319830404792589e-05,-4.677302324045508e-05,-9.551081853459597e-06,0.0,0.0,0.0,0.0,8.0
3.1195000000000004,1.0034553668213473,0.5086396131823436,1.0192891823128716,0.005784930034560554,0.0024597566746285527,0.000640762060073894,7.848217021614767e-05,-4.525316829745743e-05,-9.261264479774043e-06,0.0,0.0,0.0,0.0,8.0
3.1224999999999996,1.0034356048443007,0.5084809442307466,1.0190423110258295,0.005747895787873737,0.002454099880142766,0.0006487268901596243,8.354112017066229e-05,-4.368576098061302e-05,-8.963077746543795e-06,0.0,0.0,0.0,0.0,8.0
3.1254999999999997,1.0034066399248154,0.5083202995239069,1.0188085823956126,0.005709226710147565,0.0024486965850788766,0.0006570547076833209,8.848355665621578e-05,-4.2088563242557535e-05,-8.66811780695517e-06,0.0,0.0,0.0,0.0,8.0
3.1285,1.003328581541456,0.5081679653818648,1.0186195838315106,0.005667628438025833,0.002439079589662058,0.0006656864027975454,9.40946571663115e-05,-4.048505653787981e-05,-8.47951685299908e-06,0.0,0.0,0.0,0.0,8.0
3.1315,1.003209278500943,0.508050995684863,1.0184493725615011,0.005615790457117657,0.0024295741111343703,0.000675632387047319,9.947626174335416e-05,-3.894669078952811e-05,-8.263829899455816e-06,0.0,0.0,0.0,0.0,8.0
3.1345,1.0031128025816065,0.5079418474794309,1.0182705090931718,0.005563611723895933,0.002421049051560513,0.0006855549877616485,0.0001047842124610258,-3.735458814406906e-05,-8.041132405978046e-06,0.0,0.0,0.0,0.0,8.0
3.1375,1.0030454421641148,0.5078403342462093,1.0180755010070477,0.005511027067489805,0.0024146315866427795,0.0006955387838306521,0.00010982483105060836,-3.571222387754268e-05,-7.780961505044439e-06,0.0,0.0,0.0,0.0,8.0
3.1405000000000003,1.002998068884595,0.5077427483245733,1.0178674605912152,0.005458429295323467,0.0024101426263917394,0.0007056777249206179,0.00011466879127323498,-3.40292749943055e-05,-7.491795771894928e-06,0.0,0.0,0.0,0.0,8.0
3.1435000000000004,1.0029600198201718,0.5076450704505822,1.017651183711619,0.0054064312503483225,0.0024072231428778033,0.0007160440287969163,0.00011942886105946284,-3.23123153325188e-05,-7.187859413106605e-06,0.0,0.0,0.0,0.0,8.0
3.1464999999999996,1.0029243833002726,0.5075451521655585,1.017431228744594,0.005355780779477797,0.0024056243675600756,0.0007266241643424277,0.0001241672164999488,-3.056087511907566e-05,-6.8758407416015185e-06,0.0,0.0,0.0,0.0,8.0
3.1494999999999997,1.00288793286343,0.5074427089641991,1.0172115949344942,0.005307194034695824,0.002405169118054802,0.0007373094493848215,0.00012888192146255856,-2.877454253334102e-05,-6.556201898621151e-06,0.0,0.0,0.0,0.0,8.0
3.1525,1.0028495816788636,0.5073382939860133,1.0169950677618034,0.005261067731948881,0.002405642773900615,0.000747919729227013,0.00013352234406137885,-2.696302340969014e-05,-6.228757744583357e-06,0.0,0.0,0.0,0.0,8.0
3.1555,1.0028091968324602,0.5072325239902634,1.0167828469136009,0.005217294869789945,0.0024067276443464187,0.0007582302666346106,0.00013801561183156118,-2.5149182243980326e-05,-5.895549641568394e-06,0.0,0.0,0.0,0.0,8.0
3.1585,1.0027670488095046,0.5071258785296329,1.0165749044950938,0.005175342660879667,0.002408051002557216,0.0007680089328657345,0.00014230120298206158,-2.3363383050984093e-05,-5.559710554330788e-06,0.0,0.0,0.0,0.0,8.0
3.1615,1.0027236025198283,0.5070187935548518,1.0163707141231682,0.0051345112491045395,0.002409301963113488,0.0007770607791272092,0.0001463607608850459,-2.1634782611745615e-05,-5.222795322912189e-06,0.0,0.0,0.0,0.0,8.0
3.1645000000000003,1.0026793964765792,0.506911760942085,1.016169776140207,0.005094187819664066,0.0024102963373412744,0.0007852585910004572,0.00015022229879641452,-1.9985204739311445e-05,-4.88354589009442e-06,0.0,0.0,0.0,0.0,8.0
3.1675000000000004,1.0026349272459327,0.5068053545687512,1.015971707809202,0.005053993199022066,0.0024109365063005655,0.0007925514293035803,0.00015393502820706012,-1.8426256365839052e-05,-4.539111941043048e-06,0.0,0.0,0.0,0.0,8.0
3.1704999999999997,1.002590542555779,0.5067002396412721,1.0157760470849435,0.005013816309755976,0.0024111355734928396,0.0007989547119266902,0.0001575370326366823,-1.6957808325729892e-05,-4.187496025855676e-06,0.0,0.0,0.0,0.0,8.0
3.1734999999999998,1.0025463592122974,0.5065972255054614,1.0155819942251016,0.0049737665278144026,0.0024108032957271225,0.0008045171492741108,0.00016104244473270189,-1.556779680447355e-05,-3.82946762928642e-06,0.0,0.0,0.0,0.0,8.0
3.1765,1.002502360222328,0.5064972008828729,1.0153882263353737,0.004934136323122882,0.0024098882746752762,0.0008092640470940313,0.000164456290958496,-1.4234353656406196e-05,-3.4695313913438133e-06,0.0,0.0,0.0,0.0,8.0
3.1795,1.0024595441868098,0.5063999289182687,1.0151930808854606,0.004895675102502514,0.00240831401881373,0.0008131225166708053,0.00016781774507499422,-1.2928181547718345e-05,-3.118363469394953e-06,0.0,0.0,0.0,0.0,8.0
3.1825,1.0024136672463129,0.5062680722042903,1.0149418160355956,0.004852623350981906,0.0024058925842541418,0.0008164882019192425,0.00017156362773085938,-1.1429459468324851e-05,-2.7376142772990876e-06,0.0,0.0,0.0,0.0,8.0
3.1855,1.0023866745420327,0.5062016046458422,1.0148122827777015,0.004825353891396065,0.0024008978882346134,0.0008180298423145465,0.00017463810399538632,-1.0278894285299629e-05,-2.4705475528302088e-06,0.0,0.0,0.0,0.0,8.0
3.1885000000000003,1.002340376250634,0.5060944724630827,1.0146698614253933,0.004792861060589163,0.0023842038476568285,0.0008213238412920956,0.0001812226227454967,0.0,0.0,0.0,0.0,0.0,0.0,6.0
3.1914999999999996,1.0022975244585144,0.506013578259085,1.0145023663863193,0.004746042647061562,0.0023760546065755925,0.0008274747673168103,0.00018465388148618622,0.0,0.0,0.0,0.0,0.0,0.0,6.0
3.1944999999999997,1.0022630975756908,0.5059270800184752,1.0143221621030234,0.004701828450817078,0.0023701642243541226,0.0008329377210937622,0.00018742159495896174,0.0,0.0,0.0,0.0,0.0,0.0,6.0
3.1975,1.0022273134744837,0.5058363070634654,1.0141406033613771,0.004659788156852793,0.0023649415903772906,0.0008377220540296914,0.00018978560664180974,0.0,0.0,0.0,0.0,0.0,0.0,6.0
3.2005,1.0021899327664499,0.5057442762196724,1.0139616440592802,0.004619154475598815,0.002359609641419002,0.0008418279038464252,0.00019184819745392877,0.0,0.0,0.0,0.0,0.0,0.0,6.0
3.2035,1.0021525229518888,0.5056534539399546,1.0137867400531417,0.004579280617912012,0.0023537173166488508,0.0008452266038100353,0.0001936454735576224,0.0,0.0,0.0,0.0,0.0,0.0,6.0
3.2065,1.002115962812952,0.5055648463816635,1.0136159370634348,0.004539715380356261,0.0023470513331209477,0.0008479261127545259,0.00019520187258233407,0.0,0.0,0.0,0.0,0.0,0.0,6.0
3.2095000000000002,1.0020803957949125,0.5054783872655861,1.0134484801687726,0.004500192616126012,0.002339616630698075,0.0008500146037687446,0.00019655599394163882,0.0,0.0,0.0,0.0,0.0,0.0,6.0
3.2125000000000004,1.0020456801660547,0.5053936839910873,1.0132836153854692,0.004460644267079385,0.002331566739033011,0.0008516332592839773,0.00019775665887337634,0.0,0.0,0.0,0.0,0.0,0.0,6.0
3.2154999999999996,1.002011673370597,0.5053104576486196,1.0131210055529534,0.004421152410125255,0.0023230983112166085,0.0008529183628787025,0.00019884715196015544,0.0,0.0,0.0,0.0,0.0,0.0,6.0
3.2184999999999997,1.001978301314484,0.505228609771364,1.0129606545430019,0.004381847472131173,0.0023143698181231644,0.0008539649917948556,0.00019985610776269446,0.0,0.0,0.0,0.0,0.0,0.0,6.0
3.2215,1.0019455347133714,0.5051481380543101,1.0128026859063133,0.004342834712786725,0.0023054769213936635,0.000854825036653763,0.00020079851032258134,0.0,0.0,0.0,0.0,0.0,0.0,6.0
3.2245,1.001913360082681,0.505069065111626,1.0126472154953097,0.0043041778575943785,0.002296467357072536,0.0008555223776200114,0.00020168100422455942,0.0,0.0,0.0,0.0,0.0,0.0,6.0
3.2275,1.0018817669749354,0.5049914115792051,1.0124943238672603,0.004265911637743242,0.002287363303389726,0.0008560673704861132,0.00020250636863531024,0.0,0.0,0.0,0.0,0.0,0.0,6.0
3.2305,1.0018507447727376,0.5049151916863439,1.0123440639992372,0.004228055266335482,0.0022781754927086806,0.000856464781438533,0.00020327583584389968,0.0,0.0,0.0,0.0,0.0,0.0,6.0
3.2335000000000003,1.0018202815942043,0.5048404141580277,1.0121964710758895,0.0041906195821934675,0.002268909307661768,0.0008567170043817826,0.00020399001410501317,0.0,0.0,0.0,0.0,0.0,0.0,6.0
3.2365000000000004,1.0017903624148208,0.504767083309148,1.0120515695485404,0.00415361026092685,0.0022595670610295803,0.0008568253086778877,0.00020464927145467048,0.0,0.0,0.0,0.0,0.0,0.0,6.0
3.2394999999999996,1.001760965843619,0.5046951997556071,1.0119093792265343,0.004117029467366845,0.002250148847545253,0.0008567904482217781,0.00020525396891469538,0.0,0.0,0.0,0.0,0.0,0.0,6.0
3.2424999999999997,1.001732059805931,0.5046247608427993,1.0117699211905014,0.004080876801040256,0.0022406527373017328,0.0008566130133005265,0.0002058046447823757,0.0,0.0,0.0,0.0,0.0,0.0,6.0
3.2455,1.001703596868077,0.5045557608823423,1.0116332232624183,0.004045149809156849,0.0022310746071783805,0.0008562936272875733,0.00020630216335962133,0.0,0.0,0.0,0.0,0.0,0.0,6.0
3.2485,1.0016755103607975,0.5044881912690503,1.0114993242184769,0.004009844239019508,0.0022214078703356737,0.0008558330452477902,0.00020674782036289504,0.0,0.0,0.0,0.0,0.0,0.0,6.0
