-2.7485,1.9999999999997984,0.5000000000001749,0.9999999999997978,0.0,0.0,0.0,0.0,0.0,0.0,0.0,0.0,0.0,0.0,2.0
-2.7455,1.999999999999606,0.5000000000003415,0.9999999999996052,0.0,0.0,0.0,0.0,0.0,0.0,0.0,0.0,0.0,0.0,2.0
-2.7425,1.9999999999992342,0.5000000000006637,0.9999999999992332,0.0,0.0,0.0,0.0,0.0,0.0,0.0,0.0,0.0,0.0,2.0
-2.7395,1.9999999999985183,0.5000000000012838,0.9999999999985173,0.0,0.0,0.0,0.0,0.0,0.0,0.0,0.0,0.0,0.0,2.0
-2.7365,1.9999999999971436,0.5000000000024741,0.999999999997143,0.0,0.0,0.0,0.0,0.0,0.0,0.0,0.0,0.0,0.0,2.0
-2.7335,1.9999999999945015,0.5000000000047622,0.9999999999945011,0.0,0.0,0.0,0.0,0.0,0.0,0.0,0.0,0.0,0.0,2.0
-2.7305,1.9999999999893971,0.5000000000091829,0.9999999999893967,0.0,0.0,0.0,0.0,0.0,0.0,0.0,0.0,0.0,0.0,2.0
-2.7275,1.9999999999794393,0.5000000000178068,0.9999999999794386,0.0,0.0,0.0,0.0,0.0,0.0,0.0,0.0,0.0,0.0,2.0
-2.7245,1.9999999999597493,0.5000000000348587,0.9999999999597488,0.0,0.0,0.0,0.0,0.0,0.0,0.0,0.0,0.0,0.0,2.0
-2.7215,1.9999999999202345,0.5000000000690797,0.9999999999202337,0.0,0.0,0.0,0.0,0.0,0.0,0.0,0.0,0.0,0.0,2.0
-2.7185,1.9999999998399076,0.5000000001386444,0.9999999998399073,0.0,0.0,0.0,0.0,0.0,0.0,0.0,0.0,0.0,0.0,2.0
-2.7155,1.9999999996754205,0.5000000002810943,0.9999999996754203,0.0,0.0,0.0,0.0,0.0,0.0,0.0,0.0,0.0,0.0,2.0
-2.7125,1.9999999993388289,0.5000000005725912,0.9999999993388284,0.0,0.0,0.0,0.0,0.0,0.0,0.0,0.0,0.0,0.0,2.0
-2.7095,1.999999998656694,0.5000000011633368,0.9999999986566943,0.0,0.0,0.0,0.0,0.0,0.0,0.0,0.0,0.0,0.0,2.0
-2.7065,1.9999999972993856,0.5000000023388005,0.9999999972993858,0.0,0.0,0.0,0.0,0.0,0.0,0.0,0.0,0.0,0.0,2.0
-2.7035,1.9999999946674836,0.5000000046180947,0.9999999946674836,0.0,0.0,0.0,0.0,0.0,0.0,0.0,0.0,0.0,0.0,2.0
-2.7005,1.9999999897244964,0.5000000088988472,0.9999999897244964,0.0,0.0,0.0,0.0,0.0,0.0,0.0,0.0,0.0,0.0,2.0
-2.6975,1.9999999807757345,0.5000000166487025,0.9999999807757343,0.0,0.0,0.0,0.0,0.0,0.0,0.0,0.0,0.0,0.0,2.0
-2.6945,1.9999999652157099,0.5000000301240789,0.9999999652157102,0.0,0.0,0.0,0.0,0.0,0.0,0.0,0.0,0.0,0.0,2.0
-2.6915,1.99999993930036,0.5000000525674303,0.9999999393003611,0.0,0.0,0.0,0.0,0.0,0.0,0.0,0.0,0.0,0.0,2.0
-2.6885,1.9999998980368825,0.5000000883026497,0.9999998980368858,0.0,0.0,0.0,0.0,0.0,0.0,0.0,0.0,0.0,0.0,2.0
-2.6855,1.9999998353038517,0.5000001426310478,0.9999998353038604,0.0,0.0,0.0,0.0,0.0,0.0,0.0,0.0,0.0,0.0,2.0
-2.6825,1.999999744292129,0.5000002214495116,0.9999997442921484,0.0,0.0,0.0,0.0,0.0,0.0,0.0,0.0,0.0,0.0,2.0
-2.6795,1.9999996182750017,0.5000003305835444,0.9999996182750442,0.0,0.0,0.0,0.0,0.0,0.0,0.0,0.0,0.0,0.0,2.0
-2.6765,1.9999994515824102,0.5000004749435619,0.9999994515824969,0.0,0.0,0.0,0.0,0.0,0.0,0.0,0.0,0.0,0.0,2.0
-2.6735,1.9999992405161378,0.5000006577323134,0.9999992405163023,0.0,0.0,0.0,0.0,0.0,0.0,0.0,0.0,0.0,0.0,2.0
-2.6705,1.9999989838758696,0.5000008799893018,0.9999989838761607,0.0,0.0,0.0,0.0,0.0,0.0,0.0,0.0,0.0,0.0,2.0
-2.6675,1.9999986828347704,0.5000011406985371,0.9999986828352532,0.0,0.0,0.0,0.0,0.0,0.0,0.0,0.0,0.0,0.0,2.0
-2.6645,1.9999983401114154,0.5000014375056632,0.9999983401121739,0.0,0.0,0.0,0.0,0.0,0.0,0.0,0.0,0.0,0.0,2.0
-2.6615,1.999997958650744,0.500001767860288,0.999997958651881,0.0,0.0,0.0,0.0,0.0,0.0,0.0,0.0,0.0,0.0,2.0
-2.6585,1.999997540215848,0.5000021302355293,0.9999975402174862,0.0,0.0,0.0,0.0,0.0,0.0,0.0,0.0,0.0,0.0,2.0
-2.6555,1.9999970843004724,0.5000025250698169,0.9999970843027584,0.0,0.0,0.0,0.0,0.0,0.0,0.0,0.0,0.0,0.0,2.0
-2.6525,1.9999965875998769,0.5000029552251388,0.9999965876029909,0.0,0.0,0.0,0.0,0.0,0.0,0.0,0.0,0.0,0.0,2.0
-2.6495,1.9999960440330968,0.5000034259677649,0.9999960440372629,0.0,0.0,0.0,0.0,0.0,0.0,0.0,0.0,0.0,0.0,2.0
-2.6465,1.9999954451192516,0.5000039446423528,0.9999954451247534,0.0,0.0,0.0,0.0,0.0,0.0,0.0,0.0,0.0,0.0,2.0
-2.6435,1.9999947805224374,0.5000045202000559,0.9999947805296393,0.0,0.0,0.0,0.0,0.0,0.0,0.0,0.0,0.0,0.0,2.0
-2.6405,1.9999940391317843,0.5000051622612296,0.9999940391444104,0.0,0.0,0.0,0.0,0.0,0.0,0.0,0.0,0.0,0.0,2.0
-2.6375,1.9999978826120306,0.5000057092487986,0.9999905495355037,0.0,0.0,0.0,0.0,0.0,0.0,0.0,0.0,0.0,0.0,2.0
-2.6345,1.9999985742616362,0.5000057405154523,0.9999891548075649,0.0,0.0,0.0,0.0,0.0,0.0,0.0,0.0,0.0,0.0,2.0
-2.6315,2.0000009163317385,0.5000042328067624,0.9999881429129633,3.0814075872445926e-06,-1.4859032866711356e-06,0.0,0.0,0.0,0.0,0.0,0.0,0.0,0.0,4.0
-2.6285,1.9999998213080756,0.5000046375621724,0.9999876515247951,3.4962016628870116e-06,-1.60829520865324e-06,0.0,0.0,0.0,0.0,0.0,0.0,0.0,0.0,4.0
-2.6255,1.9999987463453563,0.5000050919942004,0.9999870500213716,3.929829869479597e-06,-1.7307675291727438e-06,0.0,0.0,0.0,0.0,0.0,0.0,0.0,0.0,4.0
-2.6225,1.9999976875444816,0.5000055995028885,0.9999863343824383,4.383682274733701e-06,-1.8530154856260815e-06,0.0,0.0,0.0,0.0,0.0,0.0,0.0,0.0,4.0
-2.6195,1.9999966494368286,0.5000061636160443,0.9999854963296978,4.858797402527462e-06,-1.9736374013429824e-06,0.0,0.0,0.0,0.0,0.0,0.0,0.0,0.0,4.0
-2.6165,1.9999956302225863,0.5000067877492522,0.9999845302048914,5.355292018744942e-06,-2.0919977529777834e-06,0.0,0.0,0.0,0.0,0.0,0.0,0.0,0.0,4.0
-2.6135,1.999994617310695,0.500007475376585,0.9999834362840171,5.872733059329601e-06,-2.2085769134244142e-06,0.0,0.0,0.0,0.0,0.0,0.0,0.0,0.0,4.0
-2.6105,1.9999935905725619,0.5000082298891781,0.9999822194950104,6.410109339973321e-06,-2.3244890124710036e-06,0.0,0.0,0.0,0.0,0.0,0.0,0.0,0.0,4.0
-2.6075,1.999992528232069,0.5000090544452804,0.9999808865861103,6.965679107764822e-06,-2.4407378740819125e-06,0.0,0.0,0.0,0.0,0.0,0.0,0.0,0.0,4.0
-2.6045,1.9999914112768935,0.5000099519476375,0.999979444043781,7.536938798134906e-06,-2.557677918741523e-06,0.0,0.0,0.0,0.0,0.0,0.0,0.0,0.0,4.0
-2.6015,1.999990225090086,0.5000109250903205,0.9999778972050148,8.120702740377066e-06,-2.6748777043140316e-06,0.0,0.0,0.0,0.0,0.0,0.0,0.0,0.0,4.0
-2.5985,1.9999889590623412,0.5000119764603335,0.99997625016863,8.713339291837826e-06,-2.7912928752838987e-06,0.0,0.0,0.0,0.0,0.0,0.0,0.0,0.0,4.0
-2.5955,1.999987605423193,0.5000131086750651,0.9999745059375443,9.311156107639386e-06,-2.9055789613891523e-06,0.0,0.0,0.0,0.0,0.0,0.0,0.0,0.0,4.0
-2.5925,1.9999861581234448,0.5000143245156803,0.9999726664578955,9.910855189325844e-06,-3.016415038046303e-06,0.0,0.0,0.0,0.0,0.0,0.0,0.0,0.0,4.0
-2.5895,1.9999846120839802,0.5000156270101077,0.9999707325278854,1.050995477705385e-05,-3.1227640941197306e-06,0.0,0.0,0.0,0.0,0.0,0.0,0.0,0.0,4.0
-2.5865,1.999982962819796,0.5000170194204064,0.9999687037093895,1.1107085334058146e-05,-3.2240376815456215e-06,0.0,0.0,0.0,0.0,0.0,0.0,0.0,0.0,4.0
-2.5835,1.9999812063575968,0.5000185050979032,0.99996657838474,1.1702107444969194e-05,-3.3201625674007667e-06,0.0,0.0,0.0,0.0,0.0,0.0,0.0,0.0,4.0
-2.5805,1.999979339398266,0.5000200871783341,0.9999643540356434,1.2296062685197489e-05,-3.411573680247486e-06,0.0,0.0,0.0,0.0,0.0,0.0,0.0,0.0,4.0
-2.5775,1.999977359762242,0.5000217680822069,0.9999620277515943,1.289103677454112e-05,-3.499184216320994e-06,0.0,0.0,0.0,0.0,0.0,0.0,0.0,0.0,4.0
-2.5745,1.9999752672635427,0.5000235487511788,0.9999595969430952,1.3490068842089076e-05,-3.5844072533741555e-06,0.0,0.0,0.0,0.0,0.0,0.0,0.0,0.0,4.0
-2.5715,1.9999730652553116,0.5000254275006991,0.9999570602452632,1.4097265679777704e-05,-3.669315591456035e-06,0.0,0.0,0.0,0.0,0.0,0.0,0.0,0.0,4.0
-2.5685000000000002,1.9999707631041306,0.5000273983542731,0.9999544186136,1.4718259331653262e-05,-3.757014405448905e-06,0.0,0.0,0.0,0.0,0.0,0.0,0.0,0.0,4.0
-2.5655,1.9999683796515082,0.5000294488420589,0.9999516765652755,1.536105745790403e-05,-3.852244271635178e-06,0.0,0.0,0.0,0.0,0.0,0.0,0.0,0.0,4.0
-2.5625,1.999965947160908,0.5000315576035546,0.9999488433326543,1.6037152390524095e-05,-3.962108503780098e-06,0.0,0.0,0.0,0.0,0.0,0.0,0.0,0.0,4.0
-2.5595,1.9999635142984196,0.5000336927525213,0.9999459333603817,1.676247552976912e-05,-4.096628460394945e-06,0.0,0.0,0.0,0.0,0.0,0.0,0.0,0.0,4.0
-2.5564999999999998,1.9999611456602508,0.5000358126317601,0.9999429652318742,1.7557487775934774e-05,-4.268634482585777e-06,0.0,0.0,0.0,0.0,0.0,0.0,0.0,0.0,4.0
-2.5535,1.9999589150267567,0.5000378707715638,0.9999399580848408,1.844558734708707e-05,-4.492447598709506e-06,0.0,0.0,0.0,0.0,0.0,0.0,0.0,0.0,4.0
-2.5505,1.9999568909420995,0.5000398258669987,0.9999369252709149,1.9449374156031762e-05,-4.781094514836388e-06,0.0,0.0,0.0,0.0,0.0,0.0,0.0,0.0,4.0
-2.5475,1.999955116907019,0.5000416550853153,0.9999338665622329,2.0585287781920534e-05,-5.142516788665308e-06,0.0,0.0,0.0,0.0,0.0,0.0,0.0,0.0,4.0
-2.5445,1.9999535933007504,0.5000433658080123,0.9999307620398199,2.1858459430649784e-05,-5.576159780287004e-06,0.0,0.0,0.0,0.0,0.0,0.0,0.0,0.0,4.0
-2.5415,1.9999522709610602,0.500044999153702,0.9999275715765402,2.3260463147503524e-05,-6.071849558997848e-06,0.0,0.0,0.0,0.0,0.0,0.0,0.0,0.0,4.0
-2.5385,1.9999510635301194,0.500046620723765,0.9999242421765143,2.4772038154528422e-05,-6.61230189759379e-06,0.0,0.0,0.0,0.0,0.0,0.0,0.0,0.0,4.0
-2.5355,1.9999498765015864,0.5000483003384729,0.9999207213482382,2.6370519646521485e-05,-7.178836301684206e-06,0.0,0.0,0.0,0.0,0.0,0.0,0.0,0.0,4.0
-2.5325,1.9999486400809043,0.500050089782871,0.9999169704416248,2.8038787507755165e-05,-7.757793320108257e-06,0.0,0.0,0.0,0.0,0.0,0.0,0.0,0.0,4.0
-2.5295,1.9999473286293448,0.5000520102735606,0.9999129707130207,2.9771271745025218e-05,-8.344379014575494e-06,0.0,0.0,0.0,0.0,0.0,0.0,0.0,0.0,4.0
-2.5265,1.999945956832949,0.5000540560038458,0.9999087189491228,3.1574091920238714e-05,-8.94204173930793e-06,0.0,0.0,0.0,0.0,0.0,0.0,0.0,0.0,4.0
-2.5235,1.9999445587504245,0.5000562085882042,0.9999042187805188,3.345854819180468e-05,-9.557804381486136e-06,0.0,0.0,0.0,0.0,0.0,0.0,0.0,0.0,4.0
-2.5205,1.9999431672362102,0.5000584507215522,0.9998994737471749,3.5434039526895415e-05,-1.0197584900877243e-05,0.0,0.0,0.0,0.0,0.0,0.0,0.0,0.0,4.0
-2.5175,1.9999332706148953,0.500061304486472,0.9998992433944286,3.721753466614566e-05,-1.2247672142355193e-05,0.0,0.0,0.0,0.0,0.0,0.0,0.0,0.0,4.0
-2.5145,1.9999304900249275,0.5000629883983413,0.9998977166221072,3.809986723779063e-05,-1.3512460657699517e-05,0.0,0.0,0.0,0.0,0.0,0.0,0.0,0.0,4.0
-2.5115,1.9999175805231786,0.5000726311462241,0.9998911102123009,3.557953024554293e-05,-1.3265816218683004e-05,1.6288087426387934e-06,-7.535431041728217e-07,0.0,0.0,0.0,0.0,0.0,0.0,6.0
-2.5085,1.9999167860665226,0.500076293035394,0.9998841318326218,3.7159376231677094e-05,-1.3370289860954106e-05,1.796579012849736e-06,-8.037561225723983e-07,0.0,0.0,0.0,0.0,0.0,0.0,6.0
-2.5055,1.9999162800027452,0.5000801490583926,0.9998767130405556,3.875777954411557e-05,-1.3446099549639519e-05,1.9714686919836243e-06,-8.644870027836562e-07,0.0,0.0,0.0,0.0,0.0,0.0,6.0
-2.5025,1.9999159687266166,0.5000842067895394,0.9998688925382646,4.0370882776713886e-05,-1.3505439692091424e-05,2.154456272641841e-06,-9.339323496301997e-07,0.0,0.0,0.0,0.0,0.0,0.0,6.0
-2.4995,1.9999155537108533,0.5000884706965181,0.9998608149617534,4.2000644319813396e-05,-1.3585115737582419e-05,2.346491874483268e-06,-1.005940172501735e-06,0.0,0.0,0.0,0.0,0.0,0.0,6.0
-2.4965,1.9999146495499722,0.5000929384735255,0.9998526675994431,4.365532071264041e-05,-1.373367697599244e-05,2.547505968528656e-06,-1.0725834334527851e-06,0.0,0.0,0.0,0.0,0.0,0.0,6.0
-2.4935,1.9999129609550332,0.5000976022552382,0.9998445909414093,4.534964995043763e-05,-1.3989424604598387e-05,2.756604512331988e-06,-1.1276818780806485e-06,0.0,0.0,0.0,0.0,0.0,0.0,6.0
-2.4905,1.9999103871592976,0.5001024529178598,0.9998366257663334,4.710282386371439e-05,-1.4366879003826241e-05,2.972563446424345e-06,-1.168874474000777e-06,0.0,0.0,0.0,0.0,0.0,0.0,6.0
-2.4875,1.9999070068157316,0.5001074842969382,0.9998287184033774,4.893477150586889e-05,-1.485839683499584e-05,3.194013357261874e-06,-1.1974023666639553e-06,0.0,0.0,0.0,0.0,0.0,0.0,6.0
-2.4845,1.9999029910688233,0.5001126957831075,0.9998207622469488,5.08638110526208e-05,-1.5444347971246482e-05,3.4195950815445834e-06,-1.2164299237592828e-06,0.0,0.0,0.0,0.0,0.0,0.0,6.0
-2.4815,1.9998985152575572,0.5001180927254513,0.9998126406476422,5.290610183795159e-05,-1.6103355612894903e-05,3.6480374671326264e-06,-1.22932878128719e-06,0.0,0.0,0.0,0.0,0.0,0.0,6.0
-2.4785,1.9998937079379449,0.5001236850511641,0.9998042517668075,5.507607767842538e-05,-1.681813045185343e-05,3.878114520631036e-06,-1.2387315781418652e-06,0.0,0.0,0.0,0.0,0.0,0.0,6.0
-2.4755,1.9998886384052936,0.5001294850104114,0.9997955151138405,5.738719178511079e-05,-1.7576753457147377e-05,4.108593531165425e-06,-1.2463558232317385e-06,0.0,0.0,0.0,0.0,0.0,0.0,6.0
-2.4725,1.999883326569117,0.5001355048769672,0.9997863680091665,5.985244139663933e-05,-1.83714590680728e-05,4.338237995433776e-06,-1.2532424958167988e-06,0.0,0.0,0.0,0.0,0.0,0.0,6.0
-2.4695,1.9998777598088813,0.5001417552211898,0.9997767596116967,6.248439946159003e-05,-1.919691583064353e-05,4.56586928717164e-06,-1.2600744170461875e-06,0.0,0.0,0.0,0.0,0.0,0.0,6.0
-2.4665,1.9998719085984962,0.5001482441529407,0.9997666463538043,6.529476566185066e-05,-2.004903975067553e-05,4.790469370854953e-06,-1.2673949458605837e-06,0.0,0.0,0.0,0.0,0.0,0.0,6.0
-2.4635,1.9998657384099587,0.5001549776710013,0.9997559895101963,6.829362367200845e-05,-2.092454620270778e-05,5.0112970645502344e-06,-1.2756854242995943e-06,0.0,0.0,0.0,0.0,0.0,0.0,6.0
-2.4605,1.9998592178889691,0.5001619609658292,0.999744754191293,7.14886521786511e-05,-2.182102652093748e-05,5.227986655479828e-06,-1.2853361203542516e-06,0.0,0.0,0.0,0.0,0.0,0.0,6.0
-2.4575,1.9998523237051724,0.5001692002941284,0.9997329088352279,7.48845109847988e-05,-2.273721996415152e-05,5.440605160412195e-06,-1.2965715342029894e-06,0.0,0.0,0.0,0.0,0.0,0.0,6.0
-2.4545,1.9998450422549963,0.5001767049757201,0.9997204245826189,7.848251938936021e-05,-2.3673192405687335e-05,5.649661050798285e-06,-1.3093889141656014e-06,0.0,0.0,0.0,0.0,0.0,0.0,6.0
-2.4515000000000002,1.999837368275312,0.500184489194183,0.9997072743147702,8.228058869366501e-05,-2.463023324584246e-05,5.856076968186751e-06,-1.3235538175450191e-06,0.0,0.0,0.0,0.0,0.0,0.0,6.0
-2.4485,1.9998293005461472,0.5001925735520449,0.9996934314355848,8.627322050521502e-05,-2.5610390703554034e-05,6.0611548667574635e-06,-1.3386768737522017e-06,0.0,0.0,0.0,0.0,0.0,0.0,6.0
-2.4455,1.9998208351310078,0.5002009865863298,0.9996788686445729,9.04513097922555e-05,-2.661566231562959e-05,6.266567003011577e-06,-1.3543756328911962e-06,0.0,0.0,0.0,0.0,0.0,0.0,6.0
-2.4425,1.9998119570015591,0.5002097664904692,0.9996635570179058,9.480156855966959e-05,-2.764694657985743e-05,6.474394320880665e-06,-1.3705043404462148e-06,0.0,0.0,0.0,0.0,0.0,0.0,6.0
-2.4395,1.9998026315428792,0.5002189629402091,0.9996474657429348,9.930566487919361e-05,-2.870296597404814e-05,6.68720160706746e-06,-1.3874087012431024e-06,0.0,0.0,0.0,0.0,0.0,0.0,6.0
-2.4365,1.9997927984448192,0.5002286381529978,0.999630562868661,0.0001039396439693878,-2.9779507801169116e-05,6.908088533040333e-06,-1.4061291368571757e-06,0.0,0.0,0.0,0.0,0.0,0.0,6.0
-2.4335,1.9997823716004255,0.5002388653880385,0.9996128173950183,0.00010867471905533513,-3.086946408413598e-05,7.14060224945959e-06,-1.4284420422697677e-06,0.0,0.0,0.0,0.0,0.0,0.0,6.0
-2.4305,1.9997712489248802,0.5002497226842253,0.9995942027921876,0.00011348074431921545,-3.196416442798459e-05,7.388375162860242e-06,-1.4566203901972363e-06,0.0,0.0,0.0,0.0,0.0,0.0,6.0
-2.4275,1.9997593340215325,0.5002612806469853,0.9995747014645449,0.00011833312364682099,-3.3056203674875613e-05,7.654409921781708e-06,-1.4928533725702247e-06,0.0,0.0,0.0,0.0,0.0,0.0,6.0
-2.4245,1.999746566389335,0.5002735860662314,0.9995543087689492,0.00012322225738253288,-3.414326233764097e-05,7.940104122951172e-06,-1.5384154447208723e-06,0.0,0.0,0.0,0.0,0.0,0.0,6.0
-2.4215,1.9997329496061822,0.5002866472771781,0.9995330343661771,0.00012816227983198194,-3.523148854954419e-05,8.244350004997405e-06,-1.5928814795991238e-06,0.0,0.0,0.0,0.0,0.0,0.0,6.0
-2.4185,1.9997185620430886,0.5003004298352117,0.9995108987161458,0.00013319420944664717,-3.633644836538981e-05,8.563214478054829e-06,-1.6538206073559225e-06,0.0,0.0,0.0,0.0,0.0,0.0,6.0
-2.4154999999999998,1.9997035380209673,0.5003148689189888,0.9994879241247444,0.0001383796127397327,-3.748020117160026e-05,8.890606831947156e-06,-1.717302656989068e-06,0.0,0.0,0.0,0.0,0.0,0.0,6.0
-2.4125,1.9996880211555699,0.5003298967975286,0.9994641226816618,0.00014378523100368556,-3.868494249776852e-05,9.219894329451608e-06,-1.7791598434544698e-06,0.0,0.0,0.0,0.0,0.0,0.0,6.0
-2.4095,1.9996721095990413,0.500345473585013,0.9994394860370549,0.00014946476389776392,-3.9965965696361094e-05,9.545829464852547e-06,-1.8364473828498799e-06,0.0,0.0,0.0,0.0,0.0,0.0,6.0
-2.4065,1.999655821538847,0.5003616051389261,0.9994139819679116,0.00015544688034814237,-4.1327650068644e-05,9.865846396692179e-06,-1.8883189632505696e-06,0.0,0.0,0.0,0.0,0.0,0.0,6.0
-2.4035,1.9996390987270072,0.5003783387346395,0.9993875592259817,0.00016173531657765733,-4.2764583208226205e-05,1.01801050364519e-05,-1.935846303619873e-06,0.0,0.0,0.0,0.0,0.0,0.0,6.0
-2.4005,1.9996218413369313,0.5003957414829149,0.9993601573116117,0.00016831921542300474,-4.426663062537564e-05,1.0490453525367786e-05,-1.981001507849585e-06,0.0,0.0,0.0,0.0,0.0,0.0,6.0
-2.3975,1.999603940352403,0.5004138768621149,0.9993317193677485,0.0001751858143107717,-4.582536735248172e-05,1.079911321824893e-05,-2.0253753756323256e-06,0.0,0.0,0.0,0.0,0.0,0.0,6.0
-2.3945,1.9995852686796372,0.5004327923308857,0.9993022119384602,0.00018232834884235143,-4.744071062201365e-05,1.1107829629834053e-05,-2.0689654407215408e-06,0.0,0.0,0.0,0.0,0.0,0.0,6.0
-2.3915,1.9995656346406494,0.500452519411927,0.9992716479483048,0.00018974795865838522,-4.912642298818802e-05,1.141763482780298e-05,-2.1092846188401637e-06,0.0,0.0,0.0,0.0,0.0,0.0,6.0
-2.3885,1.9995447620045244,0.5004730791462124,0.9992400897434691,0.00019745279136973686,-5.09098404460943e-05,1.1728907197618471e-05,-2.1414917968082092e-06,0.0,0.0,0.0,0.0,0.0,0.0,6.0
-2.3855,1.999522361878158,0.50049448699418,0.999207608024167,0.00020545672503734114,-5.282100642812294e-05,1.2041475216887804e-05,-2.1602690299247996e-06,0.0,0.0,0.0,0.0,0.0,0.0,6.0
-2.3825,1.9994982792993838,0.5005167568171143,0.9991742071027235,0.00021377723402254972,-5.487404468127303e-05,1.235479610847979e-05,-2.1629548686248592e-06,0.0,0.0,0.0,0.0,0.0,0.0,6.0
-2.3795,1.9994726110881293,0.5005399055645902,0.9991397660146664,0.00022243144844866076,-5.705261965390294e-05,1.2668295904049462e-05,-2.151983733443139e-06,0.0,0.0,0.0,0.0,0.0,0.0,6.0
-2.3765,1.9994456969950931,0.5005639581298704,0.9991040427874261,0.00023143146369670746,-5.931084226885887e-05,1.2981773338000196e-05,-2.1347588274476964e-06,0.0,0.0,0.0,0.0,0.0,0.0,6.0
-2.3735,1.9994179812059336,0.5005889500868143,0.9990667432715385,0.00024078130309501902,-6.158996994623513e-05,1.3295648684323156e-05,-2.120898663813073e-06,0.0,0.0,0.0,0.0,0.0,0.0,6.0
-2.3705,1.9993898335161715,0.5006149269289325,0.9990276103058182,0.00025047705719790243,-6.384015467456362e-05,1.3610926250058026e-05,-2.118634861228312e-06,0.0,0.0,0.0,0.0,0.0,0.0,6.0
-2.3675,1.9993614320635937,0.5006419404975341,0.9989864824743876,0.00026050977394960354,-6.603485528840855e-05,1.3928920278755402e-05,-2.1324143245949517e-06,0.0,0.0,0.0,0.0,0.0,0.0,6.0
-2.3645,1.9993327499299567,0.5006700445491533,0.9989433012251825,0.0002708693726184798,-6.817269624802795e-05,1.4250907850306601e-05,-2.1625735543047005e-06,0.0,0.0,0.0,0.0,0.0,0.0,6.0
-2.3615,1.999303619135965,0.5006992912815582,0.9988980793898357,0.0002815478621214723,-7.026991548596606e-05,1.4577863570685292e-05,-2.206567250571824e-06,0.0,0.0,0.0,0.0,0.0,0.0,6.0
-2.3585,1.999273816339947,0.5007297296574078,0.9988508587864005,0.0002925410206145132,-7.235013270126474e-05,1.4910345426799646e-05,-2.2606380114447392e-06,0.0,0.0,0.0,0.0,0.0,0.0,6.0
-2.3555,1.9992431273954239,0.5007614053958876,0.9988016782473621,0.00030384861816896736,-7.443663582546253e-05,1.524851591367373e-05,-2.3210682481924528e-06,0.0,0.0,0.0,0.0,0.0,0.0,6.0
-2.3525,1.9992113769498125,0.500794362012843,0.9987505589426985,0.00031547374530161354,-7.654885430456681e-05,1.5592240742604467e-05,-2.3847410192352787e-06,0.0,0.0,0.0,0.0,0.0,0.0,6.0
-2.3495,1.9991784309262979,0.5008286422497786,0.9986975030206167,0.00032742183734542547,-7.870203730805987e-05,1.5941207553167333e-05,-2.4491761174237984e-06,0.0,0.0,0.0,0.0,0.0,0.0,6.0
-2.3465,1.9991441865661732,0.5008642893970737,0.9986424981349576,0.00033969979069644387,-8.090831023647153e-05,1.629502659017017e-05,-2.5123471719126282e-06,0.0,0.0,0.0,0.0,0.0,0.0,6.0
-2.3435,1.9991085612599129,0.5009013481972534,0.9985855221496359,0.0003523153600520188,-8.317770792979656e-05,1.665329530865266e-05,-2.5725135616042605e-06,0.0,0.0,0.0,0.0,0.0,0.0,6.0
-2.3405,1.9990714849810627,0.5009398651580154,0.9985265455797271,0.00036527688683812696,-8.551859410048581e-05,1.701562247760513e-05,-2.628164382882565e-06,0.0,0.0,0.0,0.0,0.0,0.0,6.0
-2.3375,1.9990328963816735,0.5009798882400113,0.9984655318316372,0.00037859332621962736,-8.793750628701286e-05,1.738161597972852e-05,-2.678065122754444e-06,0.0,0.0,0.0,0.0,0.0,0.0,6.0
-2.3345000000000002,1.9989927407119752,0.5010214660350608,0.9984024364016473,0.00039227448060448906,-9.043875148544977e-05,1.775084506299221e-05,-2.7213485808637857e-06,0.0,0.0,0.0,0.0,0.0,0.0,6.0
-2.3315,1.9989509679186444,0.5010646466952634,0.9983372062062484,0.00040633130100102934,-9.302409008579341e-05,1.8122792893493423e-05,-2.7575888149386094e-06,0.0,0.0,0.0,0.0,0.0,0.0,6.0
-2.3285,1.9989075302962869,0.5011094769582708,0.9982697797204575,0.00042077609816989575,-9.569271788793622e-05,1.849681724491567e-05,-2.7868187121026768e-06,0.0,0.0,0.0,0.0,0.0,0.0,6.0
-2.3255,1.9988623799691008,0.5011560015923165,0.9982000880416269,0.0004356225310286287,-9.84415970965659e-05,1.8872134282976887e-05,-2.809479990191669e-06,0.0,0.0,0.0,0.0,0.0,0.0,6.0
-2.3225,1.9988154668482305,0.5012042634526037,0.998128056611337,0.000450885310794504,-0.00010126606136785827,1.924783278559792e-05,-2.826317823371955e-06,0.0,0.0,0.0,0.0,0.0,0.0,6.0
-2.3195,1.9987667375669702,0.5012543041446539,0.9980536071742603,0.00046657965319353844,-0.00010416055258903633,1.9622916261773813e-05,-2.8382458260230878e-06,0.0,0.0,0.0,0.0,0.0,0.0,6.0
-2.3165,1.9987161354926968,0.5013061651048117,0.9979766595832893,0.0004827205920973078,-0.00010711933750373663,1.9996362001485445e-05,-2.8462101661484897e-06,0.0,0.0,0.0,0.0,0.0,0.0,6.0
-2.3135,1.9986636015297872,0.5013598887999386,0.9978971331898315,0.0004993223058635743,-0.00011013708531480259,2.0367182167521576e-05,-2.8510762804647484e-06,0.0,0.0,0.0,0.0,0.0,0.0,6.0
-2.3105,1.9986090752347767,0.5014155197470631,0.9978149477096095,0.0005163975919038153,-0.00011320924204367572,2.073447360549011e-05,-2.853551658679874e-06,0.0,0.0,0.0,0.0,0.0,0.0,6.0
-2.3075,1.998552495794063,0.501473105144177,0.9977300235787504,0.0005339575678925333,-0.0001163321936993939,2.109744873086118e-05,-2.8541473241270813e-06,0.0,0.0,0.0,0.0,0.0,0.0,6.0
-2.3045,1.9984938025911203,0.5015326950392606,0.9976422818939219,0.0005520116064465978,-0.00011950325363583424,2.1455446829831687e-05,-2.8531720515101976e-06,0.0,0.0,0.0,0.0,0.0,0.0,6.0
-2.3015,1.998432935304287,0.501594342093586,0.9975516440667479,0.000570567451784528,-0.000122720532789227,2.1807930540572517e-05,-2.8507487077286693e-06,0.0,0.0,0.0,0.0,0.0,0.0,6.0
-2.2984999999999998,1.9983698336405777,0.50165810108024,0.9974580313292998,0.0005896314389945383,-0.00012598275493513048,2.215447447961576e-05,-2.846841524509858e-06,0.0,0.0,0.0,0.0,0.0,0.0,6.0
-2.2955,1.998304436887738,0.5017240282871864,0.9973613642171129,0.0006092087411552723,-0.0001292890679190976,2.2494751877681167e-05,-2.8412855723297584e-06,0.0,0.0,0.0,0.0,0.0,0.0,6.0
-2.2925,1.998236683462976,0.501792180974924,0.9972615621372498,0.0006293035963873994,-0.00013263888336241398,2.2828521927792874e-05,-2.8338135920761305e-06,0.0,0.0,0.0,0.0,0.0,0.0,6.0
-2.2895,1.998166510583825,0.5018626169915237,0.9971585431044763,0.0006499195002818514,-0.00013603175844954216,2.3155617111585785e-05,-2.824079091043431e-06,0.0,0.0,0.0,0.0,0.0,0.0,6.0
-2.2865,1.9980938541184534,0.5019353945923033,0.9970522236984125,0.0006710593751060133,-0.00013946731869279494,2.3475927596672658e-05,-2.811677144465526e-06,0.0,0.0,0.0,0.0,0.0,0.0,6.0
-2.2835,1.9980186486134754,0.5020105724613635,0.9969425192582811,0.0006927257380428882,-0.00014294521199852952,2.3789379661895823e-05,-2.796165242373016e-06,0.0,0.0,0.0,0.0,0.0,0.0,6.0
-2.2805,1.9979408274577601,0.5020882098944108,0.9968293442917725,0.0007149208861044923,-0.0001464650816782808,2.4095906877670445e-05,-2.7770859607706585e-06,0.0,0.0,0.0,0.0,0.0,0.0,6.0
-2.2775,1.9978603231217178,0.502168367078687,0.9967126130361145,0.000737647100524462,-0.00015002654767042248,2.439541560964008e-05,-2.753991786892907e-06,0.0,0.0,0.0,0.0,0.0,0.0,6.0
-2.2745,1.9977770674090436,0.5022511053962085,0.9965922400803335,0.0007609068561655227,-0.00015362918913960756,2.468774917548579e-05,-2.726470797445594e-06,0.0,0.0,0.0,0.0,0.0,0.0,6.0
-2.2715,1.9976909916666563,0.5023364876799606,0.9964681409452778,0.0007847030090222983,-0.00015727252599572814,2.4972656628837357e-05,-2.6941706854425584e-06,0.0,0.0,0.0,0.0,0.0,0.0,6.0
-2.2685,1.9976020269132346,0.502424578367568,0.9963402325264866,0.0008090389317258826,-0.00016095600051300765,2.5249772076641652e-05,-2.656818202125058e-06,0.0,0.0,0.0,0.0,0.0,0.0,6.0
-2.2655,1.9975101038615344,0.5025154435203245,0.9962084333342864,0.0008339185738387882,-0.00016467896270226136,2.5518608654870162e-05,-2.614231435783834e-06,0.0,0.0,0.0,0.0,0.0,0.0,6.0
-2.2625,1.9974151528175383,0.502609150702743,0.9960726635110132,0.0008593464381199335,-0.00016844066468394507,2.5778568327347056e-05,-2.5663231993670214e-06,0.0,0.0,0.0,0.0,0.0,0.0,6.0
-2.2595,1.997317103434659,0.5027057687433766,0.9959328446588863,0.0008853274812912965,-0.0001722402706263261,2.6028965386589044e-05,-2.5130947098503596e-06,0.0,0.0,0.0,0.0,0.0,0.0,6.0
-2.2565,1.9972158842855903,0.5028053674162487,0.9957888995619778,0.0009118669632567213,-0.00017607688987177994,2.6269058805243205e-05,-2.454619401389257e-06,0.0,0.0,0.0,0.0,0.0,0.0,6.0
-2.2535,1.9971114222054065,0.5029080170903822,0.9956407519155753,0.0009389702783513016,-0.00017994964009383785,2.6498087067828993e-05,-2.391017201083732e-06,0.0,0.0,0.0,0.0,0.0,0.0,6.0
-2.2505,1.997003641390679,0.5030137883923091,0.9954883261667016,0.0009666428038816291,-0.00018385774137926996,2.6715299098717616e-05,-2.322420462202159e-06,0.0,0.0,0.0,0.0,0.0,0.0,6.0
-2.2475,1.9968924623434445,0.5031227519160327,0.9953315475065875,0.0009948897945343616,-0.00018780062782207562,2.691997631521792e-05,-2.2489346944514864e-06,0.0,0.0,0.0,0.0,0.0,0.0,6.0
-2.2445,1.996777800925009,0.5032349780018145,0.9951703419454038,0.001023716337277906,-0.0001917780412753209,2.711144329732193e-05,-2.1706004070607216e-06,0.0,0.0,0.0,0.0,0.0,0.0,6.0
-2.2415000000000003,1.996659567969959,0.5033505365944577,0.9950046362792958,0.0010531273627348962,-0.00019579005026462712,2.728906749536682e-05,-2.08736574710696e-06,0.0,0.0,0.0,0.0,0.0,0.0,6.0
-2.2385,1.9965376699863435,0.5034694971861231,0.9948343576944327,0.0010831276898137499,-0.00019983693004224371,2.7452251095071077e-05,-1.999080974558158e-06,0.0,0.0,0.0,0.0,0.0,0.0,6.0
-2.2355,1.9964120113153236,0.503591928847126,0.9946594328048683,0.0011137220660807738,-0.0002039188612351003,2.760041992475987e-05,-1.9055228749049787e-06,0.0,0.0,0.0,0.0,0.0,0.0,6.0
-2.2325,1.996282497709192,0.5037179003466277,0.9944797861089594,0.0011449151623487387,-0.00020803545783998315,2.773301458844743e-05,-1.8064492491682294e-06,0.0,0.0,0.0,0.0,0.0,0.0,6.0
-2.2295,1.996149040719992,0.503847480359205,0.9942953381192025,0.0011767114894572829,-0.0002121852063885737,2.7849487682753912e-05,-1.7016726659632666e-06,0.0,0.0,0.0,0.0,0.0,0.0,6.0
-2.2265,1.9960115618026675,0.5039807377411187,0.9941060036583558,0.0012091152270562102,-0.0002163649582748974,2.7949308371065377e-05,-1.5911331198818984e-06,0.0,0.0,0.0,0.0,0.0,0.0,6.0
-2.2235,1.995869994874014,0.5041177418440741,0.99391169089819,0.0012421299822061296,-0.00022056963606569216,2.8031972597291207e-05,-1.474945889253088e-06,0.0,0.0,0.0,0.0,0.0,0.0,6.0
-2.2205,1.9957242863611073,0.5042585628201772,0.9937123015821673,0.0012757585203247112,-0.0002247922762680005,2.8097014898565877e-05,-1.3534062477814168e-06,0.0,0.0,0.0,0.0,0.0,0.0,6.0
-2.2175000000000002,1.9955743924502813,0.5044032718658559,0.9935077325542715,0.0013100025233392547,-0.00022902444429738202,2.8144017003021248e-05,-1.2269454209477135e-06,0.0,0.0,0.0,0.0,0.0,0.0,6.0
-2.2145,1.9954202740634381,0.5045519413582442,0.9932978783339298,0.001344862424965038,-0.0002332569529219731,2.8172609497093753e-05,-1.096047532019765e-06,0.0,0.0,0.0,0.0,0.0,0.0,6.0
-2.2115,1.9952618907355077,0.504704644853783,0.9930826341805206,0.0013803373522974414,-0.0002374807316105257,2.8182465433880038e-05,-9.611493391289654e-07,0.0,0.0,0.0,0.0,0.0,0.0,6.0
-2.2085,1.995099194819901,0.5048614569406525,0.9928618989871364,0.0014164251736170563,-0.00024168765960147715,2.817328790121151e-05,-8.225490220437159e-07,0.0,0.0,0.0,0.0,0.0,0.0,6.0
-2.2055,1.994932127255382,0.5050224529578774,0.9926355774522253,0.001453122624508207,-0.00024587119763224487,2.8144796175675837e-05,-6.803462062048915e-07,0.0,0.0,0.0,0.0,0.0,0.0,6.0
-2.2025,1.9947606156081903,0.5051877086098218,0.9924035812344841,0.0014904254671144097,-0.00025002671814938445,2.809671630314136e-05,-5.344252292882485e-07,0.0,0.0,0.0,0.0,0.0,0.0,6.0
-2.1995,1.9945845744737876,0.5053572995138491,0.9921658290906644,0.0015283286356113934,-0.0002541515150926901,2.8028781437777425e-05,-3.8448159696519614e-07,0.0,0.0,0.0,0.0,0.0,0.0,6.0
-2.1965,1.9944039077927211,0.5055313007226049,0.9919222462246376,0.0015668263345858747,-0.0002582445456635245,2.7940745278385094e-05,-2.3008167617594462e-07,0.0,0.0,0.0,0.0,0.0,0.0,6.0
-2.1935000000000002,1.994218512331459,0.505709786263506,0.9916727631815112,0.0016059120812508545,-0.00026230600092900955,2.7832409098312684e-05,-7.074030071756735e-08,0.0,0.0,0.0,0.0,0.0,0.0,6.0
-2.1905,1.9940282815226733,0.505892828738736,0.9914173146013321,0.0016455787099209703,-0.0002663368152728796,2.770365990987313e-05,9.399960918342064e-08,0.0,0.0,0.0,0.0,0.0,0.0,6.0
-2.1875,1.993833108990728,0.5060804990295339,0.9911558380437292,0.0016858183799406093,-0.00027033821203793085,2.7554514791300924e-05,2.64498379189347e-07,0.0,0.0,0.0,0.0,0.0,0.0,6.0
-2.1845,1.9936328913139434,0.5062728661469511,0.9908882729650372,0.0017266226395240489,-0.0002743113541689359,2.7385164539741633e-05,4.4097031297248645e-07,0.0,0.0,0.0,0.0,0.0,0.0,6.0
-2.1814999999999998,1.9934275298116788,0.5064699972643748,0.9906145598232186,0.001767982593315237,-0.00027825713383775415,2.719600848118361e-05,6.234578554852212e-07,0.0,0.0,0.0,0.0,0.0,0.0,6.0
-2.1785,1.99321693133944,0.5066719579520633,0.9903346392331499,0.0018098891996120485,-0.0002821761006737826,2.698767125248169e-05,8.118298830704545e-07,0.0,0.0,0.0,0.0,0.0,0.0,6.0
-2.1755,1.9930010082111582,0.5068788126092176,0.9900484511025855,0.0018523336865000455,-0.00028606849833402064,2.6760991704621588e-05,1.0058027542888353e-06,0.0,0.0,0.0,0.0,0.0,0.0,6.0
-2.1725,1.992779677449465,0.507090625055793,0.9897559337362812,0.001895308030947114,-0.00028993435649057794,2.6516974354657065e-05,1.2049815612251156e-06,0.0,0.0,0.0,0.0,0.0,0.0,6.0
-2.1695,1.9925528596061,0.5073074592083939,0.9894570229799114,0.0019388054014092722,-0.00029377357288283264,2.6256696246987426e-05,1.4089179898133197e-06,0.0,0.0,0.0,0.0,0.0,0.0,6.0
-2.1665,1.9923204774076548,0.5075293797293275,0.9891516515587921,0.0019828204355617743,-0.0002975859214182534,2.5981168114164595e-05,1.6171796560586459e-06,0.0,0.0,0.0,0.0,0.0,0.0,6.0
-2.1635,1.9920824544726756,0.507756452514699,0.9888397488206971,0.0020273492233685263,-0.0003013709402460407,2.5691159173275507e-05,1.8294234085411367e-06,0.0,0.0,0.0,0.0,0.0,0.0,6.0
-2.1605,1.9918330500542933,0.5079939521209389,0.9885132285107935,0.0020754774424026038,-0.0003056099310853995,2.528923598662309e-05,2.1042146234497045e-06,0.0,0.0,0.0,0.0,0.0,0.0,6.0
-2.1574999999999998,1.9915204403217033,0.5082903883465745,0.9881231339607259,0.002119733638214984,-0.00030475283001056417,2.4894265293499956e-05,1.9885014487859854e-06,0.0,0.0,0.0,0.0,0.0,0.0,6.0
-2.1545,1.9914094717418531,0.5083999678611766,0.9879434998940374,0.0021583371387600067,-0.000316123097792848,2.505155349270086e-05,2.69220902329189e-06,0.0,0.0,0.0,0.0,0.0,0.0,6.0
-2.1515,1.9910716611749775,0.5087176486721459,0.9875263940800992,0.0022113051327727774,-0.0003160463731366136,2.4347707822149928e-05,2.717179366661728e-06,-4.2368500403136953e-08,6.212442899908458e-09,0.0,0.0,0.0,0.0,8.0
-2.1485,1.9908050456313813,0.5089714820725164,0.9871796518473867,0.002257582806511186,-0.00031981255934644643,2.40139957588614e-05,2.9550936746346517e-06,-5.7173953383221146e-08,4.307829736887963e-10,0.0,0.0,0.0,0.0,8.0
-2.1455,1.9905315583804513,0.5092308942526897,0.9868270238562568,0.0023050999311243913,-0.00032337501999094183,2.3622891348399833e-05,3.1939613229313635e-06,-5.855528924455524e-08,4.410015540390748e-10,0.0,0.0,0.0,0.0,8.0
-2.1425,1.9902518955496025,0.5094959215842857,0.9864673886683151,0.002353074846089028,-0.000326878824369438,2.3208443778922863e-05,3.4387097034595564e-06,-5.999691669268834e-08,4.4365146185836925e-10,0.0,0.0,0.0,0.0,8.0
-2.1395,1.9899659883579512,0.5097666179052228,0.9861007067990631,0.0024014851449357497,-0.00033031576065124075,2.2769257664632643e-05,3.6894477645736796e-06,-6.144095932811657e-08,4.360361109496006e-10,0.0,0.0,0.0,0.0,8.0
-2.1365,1.989673772306441,0.5100430316533887,0.9857269488422462,0.002450305403286127,-0.0003336783113200426,2.2304935136866978e-05,3.94594230299253e-06,-6.281773599576892e-08,4.1737471893509943e-10,0.0,0.0,0.0,0.0,8.0
-2.1334999999999997,1.989375187162364,0.5103252064316174,0.9853460933202444,0.0024995090062058865,-0.00033696040543477015,2.181622902171456e-05,4.207612318164894e-06,-6.406212907076088e-08,3.895407049961277e-10,0.0,0.0,0.0,0.0,8.0
-2.1305,1.9890701763827177,0.5106131823644505,0.9849581229425155,0.0025490705006638273,-0.0003401579686314019,2.1304927554787418e-05,4.473618750569428e-06,-6.513335084562882e-08,3.573672969179751e-10,0.0,0.0,0.0,0.0,8.0
-2.1275,1.988758685952924,0.5109069982407848,0.9845630193917517,0.0025989683049972402,-0.000343269179068924,2.0773441883452676e-05,4.743053384648934e-06,-6.603411796719767e-08,3.28300050474675e-10,0.0,0.0,0.0,0.0,8.0
-2.1245000000000003,1.9884406626677804,0.5112066943351572,0.98416075698946,0.002649187542357166,-0.0003462944030608501,2.0224136391665504e-05,5.015206587066906e-06,-6.682392658294132e-08,3.11211518344366e-10,0.0,0.0,0.0,0.0,8.0
-2.1215,1.9881160520032934,0.5115123156012552,0.9837512960259264,0.0026997226109855025,-0.00034923584081978255,1.965852137136281e-05,5.289864884969912e-06,-6.76204291390183e-08,3.1430962581438067e-10,0.0,0.0,0.0,0.0,8.0
-2.1185,1.987784795962636,0.5118239146086849,0.9833345771919874,0.0027505788564116973,-0.00035209694610707223,1.9076504305738457e-05,5.567561401145969e-06,-6.85836737128938e-08,3.4234341214890017e-10,0.0,0.0,0.0,0.0,8.0
-2.1155,1.987446831590734,0.5121415532267344,0.982910519216406,0.002801772476007575,-0.0003548816960279795,1.8475946292560992e-05,5.849685273285378e-06,-6.988126612463444e-08,3.937568869837516e-10,0.0,0.0,0.0,0.0,8.0
-2.1125,1.9871020910835873,0.5124653018649198,0.9824790220233204,0.0028533277864510663,-0.0003575937949175106,1.7852759193450224e-05,6.138365297783129e-06,-7.163891136512174e-08,4.589245594917498e-10,0.0,0.0,0.0,0.0,8.0
-2.1095,1.9867505043245488,0.5127952353560937,0.9820399769069564,0.002905271461928428,-0.0003602359155330199,1.720167296114211e-05,6.4360912605898595e-06,-7.388912164102591e-08,5.207888682285778e-10,0.0,0.0,0.0,0.0,8.0
-2.1065,1.9863920040531589,0.5131314255125314,0.981593283082067,0.002957624383929009,-0.00036280911094737674,1.651759421560784e-05,6.745123598465233e-06,-7.653755385438523e-08,5.587206160728786e-10,0.0,0.0,0.0,0.0,8.0
-2.1035,1.9860265327281583,0.5134739318765856,0.9811388669259693,0.003010393064492697,-0.0003653125453301103,1.5797215044757603e-05,7.066844212980369e-06,-7.936636180675344e-08,5.551015491871544e-10,0.0,0.0,0.0,0.0,8.0
-2.1005000000000003,1.9856540488510124,0.5138227936664738,0.9806766975634057,0.0030635635756700867,-0.00036774364995579396,1.5040325544140193e-05,7.4012712686227405e-06,-8.208348642271584e-08,5.024137723938833e-10,0.0,0.0,0.0,0.0,8.0
-2.0975,1.9852745297361276,0.5141780265329252,0.9802067918798923,0.00311710078734109,-0.0003700986874650408,1.4250268224716112e-05,7.746947565176589e-06,-8.44075568905534e-08,4.0752324736449396e-10,0.0,0.0,0.0,0.0,8.0
-2.0945,1.9848879681470575,0.514539626771526,0.9797292047622856,0.0031709541098871637,-0.00037237353152711394,1.3433223556856373e-05,8.10129420705058e-06,-8.615849785777589e-08,2.9043652532180894e-10,0.0,0.0,0.0,0.0,8.0
-2.0915,1.9844943621976836,0.514907582998261,0.9792440059590432,0.003225068306164328,-0.0003745643363035609,1.259647473914538e-05,8.461335048017163e-06,-8.73161021553946e-08,1.7733169797777418e-10,0.0,0.0,0.0,0.0,8.0
-2.0885,1.9840937010562305,0.5152818918427953,0.9787512511388673,0.0032793955488185783,-0.00037666780064696893,1.1746261377875997e-05,8.824532329388246e-06,-8.802045500494858e-08,9.0881352715616e-11,0.0,0.0,0.0,0.0,8.0
-2.0855,1.9836859520113659,0.5156625715649298,0.9782509582390957,0.003333904184870644,-0.00037868096898383815,1.088604170921192e-05,9.189424456234701e-06,-8.851472187204357e-08,4.248850512815931e-11,0.0,0.0,0.0,0.0,8.0
-2.0825,1.9832710553471853,0.5160496674332863,0.9777430986321163,0.0033885811742872963,-0.0003806008155559451,1.0015804832762962e-05,9.555852270686615e-06,-8.905562624470976e-08,2.937241163976528e-11,0.0,0.0,0.0,0.0,8.0
-2.0795,1.9828489302168928,0.5164432462632379,0.9772276061482789,0.003443427902608981,-0.00038242392168081496,9.132611641416141e-06,9.924728905986662e-06,-8.982261070587534e-08,3.551919048017902e-11,0.0,0.0,0.0,0.0,8.0
-2.0765000000000002,1.9824194870502785,0.5168433839437768,0.976704398639127,0.0034984510818434258,-0.00038414614161309194,8.232089366602636e-06,1.0297428840524326e-05,-9.084340146326843e-08,3.350608145354184e-11,0.0,0.0,0.0,0.0,8.0
-2.0735,1.9819826339955304,0.5172501556115728,0.9761734011521976,0.0035536506864666207,-0.0003857615278664272,7.310404564609384e-06,1.0674900235004675e-05,-9.19461704962209e-08,-1.1903407250892303e-11,0.0,0.0,0.0,0.0,8.0
-2.0705,1.9815382656480625,0.5176636374401515,0.9756345605891096,0.00360900683196169,-0.00038725992643237595,6.366230763089883e-06,1.1056667824063879e-05,-9.277369414172526e-08,-1.3003286559030037e-10,0.0,0.0,0.0,0.0,8.0
-2.0675,1.9810862407513625,0.5180839171061746,0.9750878491778902,0.003664470344660298,-0.00038862456172902393,5.4020620830198e-06,1.1440183973505193e-05,-9.29355704671591e-08,-3.1276160749619273e-10,0.0,0.0,0.0,0.0,8.0
-2.0645,1.9806263865152112,0.5185110910970372,0.9745332635538239,0.0037199677119668126,-0.0003898339885077019,4.423773444158379e-06,1.1821408170804548e-05,-9.234324184775356e-08,-4.790765490894757e-10,0.0,0.0,0.0,0.0,8.0
-2.0615,1.9801585796485723,0.5189452200521736,0.9739708291560075,0.0037754328644787854,-0.0003908736301331657,3.437350171923494e-06,1.2197384144041548e-05,-9.158326442844225e-08,-4.828997961388387e-10,0.0,0.0,0.0,0.0,8.0
-2.0585,1.9796829062139567,0.5193862418735128,0.9734006100806738,0.0038308637081362865,-0.00039175615012102276,2.443356109333222e-06,1.25702194962232e-05,-9.19510944873007e-08,-2.0658579128313463e-10,0.0,0.0,0.0,0.0,8.0
-2.0555,1.9791997962524441,0.5198339026346739,0.9728227097416231,0.003886368103722104,-0.0003925363676597841,1.4322566609879667e-06,1.2949823711633103e-05,-9.48515412762558e-08,3.030133933612308e-10,0.0,0.0,0.0,0.0,8.0
-2.0525,1.9787099599206839,0.5202878023059663,0.9722372414922205,0.003942144860168612,-0.0003932999329304475,3.85790731815788e-07,1.3351631249473647e-05,-1.0067281585887335e-07,7.703148864351638e-10,0.0,0.0,0.0,0.0,8.0
-2.0495,1.9782140509534691,0.5207475953888239,0.9716442547613366,0.003998391475660988,-0.0003941262485261648,-7.114861832881728e-07,1.3788241669878729e-05,-1.080115373595633e-07,8.484603578656545e-10,0.0,0.0,0.0,0.0,8.0
-2.0465,1.9777123837035484,0.5212130600343147,0.9710440503072186,0.00405493531728912,-0.00039493617869150054,-1.8874172340495073e-06,1.42635376980496e-05,-1.1345717256352216e-07,5.953201098478356e-11,0.0,0.0,0.0,0.0,8.0
-2.0435,1.9772065661964735,0.5216822162649367,0.9704408118089727,0.004109483314004764,-0.0003951280258450288,-3.1076553863721944e-06,1.4697562622137115e-05,-9.05905595909069e-08,-5.651630325757929e-09,0.0,0.0,0.0,0.0,8.0
-2.0404999999999998,1.9767091728680808,0.5221433631499323,0.9698520111568836,0.004156536353586216,-0.000394879840393667,-3.6423824101019133e-06,1.494096268349736e-05,-1.0030765150750062e-07,1.180109948998236e-08,0.0,0.0,0.0,0.0,8.0
-2.0375,1.9763158960647047,0.5225717372730267,0.969277232986745,0.004201707865157415,-0.00040072826388790793,-1.5764328581454792e-06,1.5389992013474154e-05,-3.9546575239165906e-07,8.675585599619611e-08,0.0,0.0,0.0,0.0,8.0
-2.0345,1.9759385226419826,0.5229567554107016,0.9686850914847863,0.004309491928132748,-0.00042462771730712235,-6.435102711184571e-06,1.8915816694730904e-05,-7.92787756859803e-08,-1.8276415532963122e-07,0.0,0.0,0.0,0.0,8.0
-2.0315,1.9750562758285761,0.52365081765584,0.9679381207764417,0.004326127754441,-0.00040181917940406515,-4.657628303982325e-06,1.6440342532877335e-05,8.032906783196232e-08,6.9365121737949e-08,0.0,0.0,0.0,0.0,8.0
-2.0285,1.9744978546897534,0.5241615377156045,0.967294893442632,0.004381175571387128,-0.00040106163612588724,-4.777623219247186e-06,1.679968594423181e-05,-5.680962728960801e-08,2.2894102744658596e-08,0.0,0.0,0.0,0.0,8.0
-2.0255,1.9739359623033956,0.5246785276532803,0.9666413600509217,0.0044359470549027984,-0.00040018140600422806,-5.309782542891701e-06,1.7025529768558717e-05,-1.3507924954955883e-07,4.949685538915312e-09,0.0,0.0,0.0,0.0,8.0
-2.0225,1.973365053116927,0.5252018976022182,0.9659801383506702,0.004490292927176189,-0.0003994987810205625,-5.906322479293832e-06,1.7346174317390285e-05,-1.4262670924762323e-07,7.954423418295952e-09,0.0,0.0,0.0,0.0,8.0
-2.0195,1.9727850307533144,0.5257319507768992,0.9653119730355133,0.004544397092599851,-0.0003989937216369656,-6.6392513597522385e-06,1.7639713040846394e-05,-1.5991619060043271e-07,9.40509852931123e-09,0.0,0.0,0.0,0.0,8.0
-2.0164999999999997,1.972196309112571,0.5262686730664827,0.9646368267913765,0.0045983586652380525,-0.00039847946250837473,-7.416500568070792e-06,1.7935554385440726e-05,-1.7779055518915205e-07,1.0320060002456561e-08,0.0,0.0,0.0,0.0,8.0
-2.0135,1.9715994897744311,0.5268120157627876,0.9639544896602676,0.004652179533225751,-0.0003978534722800158,-8.2167037295335e-06,1.823149045804452e-05,-1.9353347770468504e-07,1.1267141427863921e-08,0.0,0.0,0.0,0.0,8.0
-2.0105,1.9709951345206358,0.5273619507541683,0.9632647607991642,0.004705825182410059,-0.0003970536218667603,-9.037232206945844e-06,1.8517365054288033e-05,-2.0764231743237417e-07,1.23395263502366e-08,0.0,0.0,0.0,0.0,8.0
-2.0075,1.9703835922059896,0.5279184724526288,0.9625675248929383,0.004759260029125813,-0.0003960434735536695,-9.874077271893112e-06,1.8787072444623503e-05,-2.2094654418178032e-07,1.3554841373335094e-08,0.0,0.0,0.0,0.0,8.0
-2.0045,1.9697649887428,0.5284816027798634,0.9618627498567708,0.004812452446617462,-0.00039481413309891747,-1.0723687298366884e-05,1.9038968673296838e-05,-2.342503644279076e-07,1.4876311000382632e-08,0.0,0.0,0.0,0.0,8.0
-2.0015,1.969139301460734,0.5290513926567141,0.9611504481723235,0.004865376831580557,-0.00039337433980859635,-1.1583558517665038e-05,1.9274909976795757e-05,-2.481077970116419e-07,1.6254286083793793e-08,0.0,0.0,0.0,0.0,8.0
-1.9985,1.9685064357980555,0.5296279159965858,0.9604306430547118,0.004918012291443723,-0.0003917399164630579,-1.2452684573164629e-05,1.9498754805243592e-05,-2.627827659393017e-07,1.7648185097966173e-08,0.0,0.0,0.0,0.0,8.0
-1.9955,1.9678662713747757,0.5302112550248358,0.9597033593530221,0.004970340896994418,-0.0003899266677799662,-1.3331539899815837e-05,1.971496014896694e-05,-2.7828616042333265e-07,1.902701536421458e-08,0.0,0.0,0.0,0.0,8.0
-1.9925000000000002,1.9672186836908245,0.5308014776676026,0.9589686346977018,0.005022345921705553,-0.0003879473515595577,-1.4221297946966673e-05,1.992736982233034e-05,-2.944132490112493e-07,2.036587166025886e-08,0.0,0.0,0.0,0.0,8.0
-1.9895,1.9665635585222865,0.5313986116004871,0.9582265399031374,0.005074010061671728,-0.0003858120308351047,-1.512220632718938e-05,2.013818136966878e-05,-3.107880597983156e-07,2.1647615859865866e-08,0.0,0.0,0.0,0.0,8.0
-1.9865,1.9659008087664298,0.53200262234866,0.9574771990810219,0.005125313600901774,-0.0003835308481592417,-1.60314280712538e-05,2.034725677092847e-05,-3.2694755293952594e-07,2.28687387180596e-08,0.0,0.0,0.0,0.0,8.0
-1.9835,1.9652303927950114,0.5326134030737874,0.9567208013688526,0.005176232647787738,-0.00038111775784310917,-1.6941230323039767e-05,2.0552069878183852e-05,-3.424762636734989e-07,2.4044478938086445e-08,0.0,0.0,0.0,0.0,8.0
-1.9805000000000001,1.9645523267373515,0.5332307816662386,0.955957596813982,0.005226738059449023,-0.00037859284607609804,-1.7838801196662943e-05,2.074850888856719e-05,-3.571643839767675e-07,2.5208635264723975e-08,0.0,0.0,0.0,0.0,8.0
-1.9775,1.9638666818687416,0.5338545470914211,0.9551878709157144,0.005276795917744244,-0.00037598058830178217,-1.8708777914205154e-05,2.0932475792661623e-05,-3.71131544777799e-07,2.640546014943968e-08,0.0,0.0,0.0,0.0,8.0
-1.9745,1.9631735618699393,0.5344844921726282,0.9544118974430847,0.005326370160831366,-0.00037330270399661225,-1.9538557892499e-05,2.110184106802478e-05,-3.848491553785031e-07,2.7674082069965686e-08,0.0,0.0,0.0,0.0,8.0
-1.9715,1.9624730619623012,0.5351204648101114,0.9536298770036885,0.00537542756764797,-0.00037056717342455497,-2.03248924586318e-05,2.1257994093129764e-05,-3.9901781311291546e-07,2.9030372048195955e-08,0.0,0.0,0.0,0.0,8.0
-1.9685000000000001,1.9617652204793044,0.5357624151036045,0.9528418768171272,0.005423945075610252,-0.00036775824649616656,-2.1078912843220254e-05,2.1406189353730888e-05,-4.1431515009211087e-07,3.0455016889000474e-08,0.0,0.0,0.0,0.0,8.0
-1.9655,1.961049980122634,0.5364104232721009,0.9520477923491527,0.00547191884953766,-0.00036483382219652913,-2.1826543782833413e-05,2.1554252886590853e-05,-4.310990510650206e-07,3.1895419978342225e-08,0.0,0.0,0.0,0.0,8.0
-1.9625,1.9603271783645104,0.5370646935316504,0.9512473528168365,0.005519372188997843,-0.00036173466108526043,-2.260261617096405e-05,2.1709865984627867e-05,-4.4918333412309154e-07,3.328107222432997e-08,0.0,0.0,0.0,0.0,8.0
-1.9595,1.959596582978135,0.5377255025199943,0.950440190382701,0.005566354739468954,-0.0003584046251452555,-2.3439305706819167e-05,2.187722418028665e-05,-4.677686372929596e-07,3.454339832309919e-08,0.0,0.0,0.0,0.0,8.0
-1.9565000000000001,1.958857978275769,0.5383930989242902,0.9496259842965541,0.005612921859464455,-0.0003548151297747482,-2.4351670029751938e-05,2.2054085595558544e-05,-4.855516653210789e-07,3.563348484810289e-08,0.0,0.0,0.0,0.0,8.0
-1.9535,1.9581112873887865,0.5390675683999566,0.9488046657447881,0.005659088330255928,-0.0003509839127541524,-2.5324580231180485e-05,2.223023917324051e-05,-5.010413594455851e-07,3.654669801795799e-08,0.0,0.0,0.0,0.0,8.0
-1.9505,1.9573566854174977,0.539748708947165,0.9479766148982982,0.005704771978493476,-0.00034697987795506615,-2.6306965234364077e-05,2.2388718387412627e-05,-5.131808873688426e-07,3.7369144684005656e-08,0.0,0.0,0.0,0.0,8.0
-1.9475,1.9565946319141376,0.5404359963785564,0.9471427121854542,0.005749774029123254,-0.000342910520827921,-2.722101151721212e-05,2.2511446976259348e-05,-5.222892059160909e-07,3.832225834829877e-08,0.0,0.0,0.0,0.0,8.0
-1.9445000000000001,1.9558257616391932,0.5411287205941732,0.9463040895905019,0.005793853836023209,-0.0003388931333333791,-2.7992003453917056e-05,2.2589676670785705e-05,-5.308269788249289e-07,3.9708319147418123e-08,0.0,0.0,0.0,0.0,8.0
-1.9415,1.9550506357523503,0.541826300614338,0.9454615633869011,0.005836902439439096,-0.00033501411928171386,-2.8592603444416777e-05,2.2634743901104433e-05,-5.428299279260979e-07,4.166212766494404e-08,0.0,0.0,0.0,0.0,8.0
-1.9385,1.954269421107975,0.5425286579382973,0.9446150233919139,0.005879097120689912,-0.000331283394857395,-2.9074986490829837e-05,2.2678836545934983e-05,-5.612605293404684e-07,4.3844621747469665e-08,0.0,0.0,0.0,0.0,8.0
-1.9355,1.9534815895722575,0.5432364304925492,0.9437632879742286,0.005920837169381656,-0.00032759897219494615,-2.955564323272819e-05,2.2758071798066185e-05,-5.851249875721173e-07,4.5590785006408316e-08,0.0,0.0,0.0,0.0,8.0
-1.9325,1.952685906325384,0.5439507641885319,0.9429047618598815,0.005962433831314521,-0.0003237651495380795,-3.014974510040351e-05,2.288928339965997e-05,-6.109342752402006e-07,4.687945869812424e-08,0.0,0.0,0.0,0.0,8.0
-1.9295,1.9518815161776404,0.544672370550732,0.9420385818344988,0.006003982770598757,-0.00031964385905206976,-3.091665927078124e-05,2.3072403329020002e-05,-6.392095521769716e-07,4.8982001632064745e-08,0.0,0.0,0.0,0.0,8.0
-1.9264999999999999,1.9510702736739942,0.5454003639764734,0.9411644668852233,0.006046375199431174,-0.0003155824267818199,-3.186390207759784e-05,2.3331870612485347e-05,-6.782794913245356e-07,5.315732252150114e-08,0.0,0.0,0.0,0.0,8.0
-1.9235,1.9502527946975032,0.5461368420874138,0.9402745354266877,0.006094474260723511,-0.00031271870742032037,-3.3141446332691984e-05,2.375993768205686e-05,-7.121706586858233e-07,4.8640654503840907e-08,0.0,0.0,0.0,0.0,8.0
-1.9205,1.9493970549036366,0.5469056276820674,0.9393462346738825,0.006147641860200069,-0.00030702004663223434,-3.606044788509469e-05,2.4322939152290063e-05,-6.044753249242317e-07,3.597721189303144e-09,0.0,0.0,0.0,0.0,8.0
-1.9175,1.9484695644552292,0.547729693433088,0.9384311244050628,0.006135642571689298,-0.0002869570460922008,-3.342603755116997e-05,2.263857675564663e-05,-7.857388077841887e-07,1.749746226153023e-07,0.0,0.0,0.0,0.0,8.0
-1.9144999999999999,1.948008189364354,0.5481830363901732,0.9377549358353378,0.006223725591336933,-0.00031440441601774023,-3.7017516646028254e-05,2.577131777146046e-05,-7.363532913169508e-07,-6.764255014832558e-08,0.0,0.0,0.0,0.0,8.0
-1.9115,1.9469061058297215,0.5491215086596964,0.9367256628597344,0.006246943679581918,-0.0002916948649214283,-3.6572826046664306e-05,2.413375575823116e-05,-6.715748447580868e-07,8.165219490136549e-08,0.0,0.0,0.0,0.0,8.0
-1.9085,1.9460629630779922,0.549884809468498,0.9358197007746579,0.006279210686240243,-0.0002865175624877091,-3.585389902253952e-05,2.4480832384678822e-05,-8.202793994809516e-07,-8.65679031904625e-09,0.0,0.0,0.0,0.0,8.0
-1.9055,1.9452044132484398,0.5506499385738716,0.9349118304899441,0.006313734815904876,-0.00028176129689324605,-3.6499340296799275e-05,2.42361183921921e-05,-1.0491090987806216e-06,-9.247427991452856e-08,0.0,0.0,0.0,0.0,8.0
-1.9024999999999999,1.9443383711136133,0.5514203996192723,0.934001622855261,0.006348396845832545,-0.0002774098207873722,-3.753750872679322e-05,2.3987349138179494e-05,-1.1832992530945855e-06,-1.415298764725335e-07,0.0,0.0,0.0,0.0,8.0
-1.8995,1.9434656086599427,0.5521957903396948,0.9330872421478239,0.006382513352743321,-0.000272799366202095,-3.826057791650384e-05,2.399243120844111e-05,-1.1907461181635185e-06,-1.5920430614136675e-07,0.0,0.0,0.0,0.0,8.0
-1.8965,1.9425858832490983,0.5529758723485422,0.9321686796843192,0.006416104991799252,-0.0002679804754238457,-3.884219848624812e-05,2.4079417192505593e-05,-1.1600233012771918e-06,-1.683508305884582e-07,0.0,0.0,0.0,0.0,8.0
-1.8935,1.9416995117250313,0.5537606402439207,0.9312459599812255,0.00644903631121558,-0.0002630948622248256,-3.941594403136929e-05,2.4162425555057484e-05,-1.1272679928986498e-06,-1.7725131038897028e-07,0.0,0.0,0.0,0.0,8.0
-1.8904999999999998,1.940807098805725,0.554550178487346,0.9303191043153274,0.006481211722563605,-0.0002581435082373404,-3.997125463418228e-05,2.424412198165884e-05,-1.0934517496940543e-06,-1.8612283490559933e-07,0.0,0.0,0.0,0.0,8.0
-1.8875,1.939909148679948,0.5553445652554695,0.9293881988451792,0.006512548651013312,-0.00025313525990559654,-4.0501264967646224e-05,2.4327935507707924e-05,-1.0592784857932385e-06,-1.952150550747631e-07,0.0,0.0,0.0,0.0,8.0
-1.8845,1.9390058828358887,0.5561437908427299,0.9284533881017409,0.006543019315914134,-0.0002480765737581934,-4.10074691358296e-05,2.4415777184750555e-05,-1.0248276978761505e-06,-2.0455144957568555e-07,0.0,0.0,0.0,0.0,8.0
-1.8815,1.938097287910383,0.5569477445659442,0.9275148222956373,0.0065726481186006635,-0.00024296293938199832,-4.149757528260987e-05,2.4506945386322332e-05,-9.896710426251455e-07,-2.138607609282769e-07,0.0,0.0,0.0,0.0,8.0
-1.8784999999999998,1.9371832601852064,0.5577562575074626,0.9265726230031991,0.0066014790843444285,-0.0002377811844585272,-4.1979298964357826e-05,2.459911582705469e-05,-9.532934204585899e-07,-2.2276175961478431e-07,0.0,0.0,0.0,0.0,8.0
-1.8755,1.9362637307719877,0.5585691567417691,0.9256268867450143,0.006629544760181618,-0.00023251830237083375,-4.245500735542455e-05,2.4690004621006573e-05,-9.154918622322629e-07,-2.309859446299152e-07,0.0,0.0,0.0,0.0,8.0
-1.8725,1.9353387264486441,0.5593862986242154,0.9246777105571985,0.0066568550981175026,-0.00022716906176848797,-4.292005873373504e-05,2.477825692319409e-05,-8.765516869399884e-07,-2.384494191977945e-07,0.0,0.0,0.0,0.0,8.0
-1.8695,1.9344083719889018,0.560207575204048,0.9237252144086471,0.006683404322297502,-0.0002217388127092739,-4.336460038403689e-05,2.4863335043852145e-05,-8.371946158346947e-07,-2.451659590354976e-07,0.0,0.0,0.0,0.0,8.0
-1.8665,1.9334728564790549,0.5610329042533534,0.9227695431625081,0.006709183930084499,-0.00021624212061180915,-4.377706121688816e-05,2.4945021166565793e-05,-7.983869720410722e-07,-2.5111249371208325e-07,0.0,0.0,0.0,0.0,8.0
-1.8635000000000002,1.9325323846131373,0.5618622159199335,0.9218108453912376,0.006734192361196971,-0.00021069909267152823,-4.414778268997351e-05,2.5023130110118725e-05,-7.610822155432061e-07,-2.5615697706641255e-07,0.0,0.0,0.0,0.0,8.0
-1.8605,1.9315871301624716,0.562695444178809,0.9208492403625149,0.006758438288892786,-0.00020513051062602457,-4.447202224184853e-05,2.5097579396706293e-05,-7.259333134951048e-07,-2.6009481958497726e-07,0.0,0.0,0.0,0.0,8.0
-1.8575,1.9306372061178516,0.5635325247307903,0.9198847920798774,0.006781938148661832,-0.0001995519957101664,-4.4752035543753536e-05,2.5168605240439428e-05,-6.930046527342446e-07,-2.6277770772332333e-07,0.0,0.0,0.0,0.0,8.0
-1.8545,1.9296826605273132,0.5643733958574457,0.9189175068317125,0.006804708707270392,-0.0001939674587661539,-4.4997990308761484e-05,2.5236842834271905e-05,-6.615389606312283e-07,-2.642802724032467e-07,0.0,0.0,0.0,0.0,8.0
-1.8515000000000001,1.9287234967364884,0.5652179975062075,0.9179473586697241,0.0068267555397865205,-0.00018836314191009306,-4.5227401946400635e-05,2.530314150888882e-05,-6.298630020631024e-07,-2.650324993415911e-07,0.0,0.0,0.0,0.0,8.0
-1.8485,1.9277597048398045,0.5660662677817672,0.9169743305305451,0.0068480610180425205,-0.00018270497350638944,-4.546287570874056e-05,2.5368209219640973e-05,-5.955222867396343e-07,-2.6584731095356677e-07,0.0,0.0,0.0,0.0,8.0
-1.8455,1.9267912843793533,0.5669181423317593,0.9159984462244194,0.0068685795398832645,-0.00017694248014238974,-4.572826194715445e-05,2.543233923171193e-05,-5.557023249211828e-07,-2.677996526651381e-07,0.0,0.0,0.0,0.0,8.0
-1.8425,1.9258182432128104,0.5677735638132642,0.9150197708792639,0.006888247958665153,-0.00017102089840628418,-4.6043783514880044e-05,2.549545550909099e-05,-5.079107072213537e-07,-2.719659262767247e-07,0.0,0.0,0.0,0.0,8.0
-1.8395000000000001,1.9248405764635619,0.568632498846068,0.9140383812752619,0.006907010654320535,-0.00016489939687158042,-4.6420966853486907e-05,2.555746083435908e-05,-4.507808855210872e-07,-2.790886391138203e-07,0.0,0.0,0.0,0.0,8.0
-1.8365,1.9238582565494053,0.5694949397621399,0.91305434582268,0.006924843591743394,-0.0001585695392139327,-4.685787771949423e-05,2.5618460469902745e-05,-3.8478900173924236e-07,-2.8925165887790656e-07,0.0,0.0,0.0,0.0,8.0
-1.8335,1.9228712825568,0.5703608537306359,0.9120677780693996,0.0069417524778957905,-0.00015206737161837708,-4.73344035993242e-05,2.5678195996754197e-05,-3.1271536419163737e-07,-3.0162319441074805e-07,0.0,0.0,0.0,0.0,8.0
-1.8305,1.9218798181186847,0.5712300598137282,0.9110789941462442,0.0069577332654152686,-0.0001454755043039494,-4.7807807986835355e-05,2.5734485136028065e-05,-2.397517353283402e-07,-3.1431025484218393e-07,0.0,0.0,0.0,0.0,8.0
-1.8275000000000001,1.920884373867808,0.5721020833678827,0.9100886916740496,0.00697272229403999,-0.00013891430317083478,-4.821269436529958e-05,2.5781843672205986e-05,-1.7302535176168297e-07,-3.2447475490653683e-07,0.0,0.0,0.0,0.0,8.0
-1.8245,1.9198858849903655,0.5729761301192094,0.9090979343699347,0.006986600211470413,-0.00013251891589990015,-4.8475093337535115e-05,2.5812794977873715e-05,-1.1997336697789074e-07,-3.290383277254002e-07,0.0,0.0,0.0,0.0,8.0
-1.8215,1.9188854725768405,0.5738513500202489,0.9081077337959368,0.006999291543243686,-0.00012639417211630918,-4.854784542551179e-05,2.582321133376441e-05,-8.514003497633925e-08,-3.261608505048154e-07,0.0,0.0,0.0,0.0,8.0
-1.8185,1.9178837562477682,0.5747274252533371,0.9071183139565315,0.007010886597632003,-0.0001205452625998455,-4.845301864105723e-05,2.581763358451602e-05,-6.653081612078562e-08,-3.1678154056527256e-07,0.0,0.0,0.0,0.0,8.0
-1.8155000000000001,1.916879876399361,0.5756052175166756,0.9061286072367895,0.007021590192953492,-0.00011480929504969777,-4.828781285285255e-05,2.5804966117738835e-05,-5.498045302446946e-08,-3.043866426925729e-07,0.0,0.0,0.0,0.0,8.0
-1.8125,1.9158709855613272,0.5764868620654604,0.9051366686280352,0.007031421941190708,-0.0001088578559554386,-4.816161991195719e-05,2.578226247300503e-05,-3.9381524351292445e-08,-2.9201711598265394e-07,0.0,0.0,0.0,0.0,8.0
-1.8094999999999999,1.9148538998588456,0.5773744527983632,0.9041410502386132,0.007040136472899193,-0.000102381537450458,-4.8126283153266506e-05,2.5734140271160377e-05,-1.3600930900971223e-08,-2.8020750887961614e-07,0.0,0.0,0.0,0.0,8.0
-1.8065,1.9138304665753614,0.5782669294225519,0.9031420666853803,0.007048217723612462,-9.550585019592984e-05,-4.825219014268607e-05,2.5694130988860595e-05,2.6446134638841428e-08,-2.732955300185475e-07,0.0,0.0,0.0,0.0,8.0
-1.8035,1.912812555707355,0.579157753226624,0.9021415029591946,0.0070582800053309944,-8.907695255075882e-05,-4.8814152328396916e-05,2.5822224329384747e-05,9.513182372386259e-08,-2.89806140601366e-07,0.0,0.0,0.0,0.0,8.0
-1.8005,1.9118120330560389,0.5800406903860886,0.901140671947504,0.007072786774443239,-8.38422685587293e-05,-5.005625470963016e-05,2.6258263327735568e-05,2.0442865259548745e-07,-3.4553396740441576e-07,0.0,0.0,0.0,0.0,8.0
-1.7974999999999999,1.9108136551376378,0.5809241205957856,0.9001387518246056,0.007086831134473258,-7.848883458760483e-05,-5.131065798191044e-05,2.6686083057943608e-05,3.0931704803243025e-07,-3.987649787471491e-07,0.0,0.0,0.0,0.0,8.0
-1.7945,1.9097805788019946,0.5818268776897628,0.8991349859604381,0.00709007404919066,-7.044839246418851e-05,-5.12484003198927e-05,2.6490940257378134e-05,3.2385202002323755e-07,-3.698278614855422e-07,0.0,0.0,0.0,0.0,8.0
-1.7915,1.9087225060220303,0.5827414095609201,0.8981327406444908,0.007086434335833667,-6.122300724979552e-05,-5.039695826099279e-05,2.5987608809074162e-05,2.817761903355832e-07,-2.981068422871736e-07,0.0,0.0,0.0,0.0,8.0
-1.7885,1.9076886103912922,0.5836422660513039,0.8971335258052641,0.00708982284538857,-5.431291199870119e-05,-5.0565796938757805e-05,2.6019591937604035e-05,2.995389378801349e-07,-2.9242578420412275e-07,0.0,0.0,0.0,0.0,8.0
-1.7854999999999999,1.9066494719828546,0.584544574768652,0.8961358406294447,0.007092343314474159,-4.7652282815847134e-05,-5.075119279612143e-05,2.610839393922516e-05,3.12554241950538e-07,-2.912537694546108e-07,0.0,0.0,0.0,0.0,8.0
-1.7825,1.9056070227736581,0.5854481029063318,0.895138829281208,0.007094052526307931,-4.103933352579671e-05,-5.0957977543280874e-05,2.6222128160663655e-05,3.2107980748649793e-07,-2.906505865255111e-07,0.0,0.0,0.0,0.0,8.0
-1.7795,1.9045629829165622,0.5863526235509429,0.8941417054306251,0.0070949906678978835,-3.429370828911659e-05,-5.118824998142487e-05,2.633131256405802e-05,3.252779517825591e-07,-2.86989261894482e-07,0.0,0.0,0.0,0.0,8.0
-1.7765,1.9035180599051211,0.5872580265531386,0.8931442482967523,0.007095129474392484,-2.737431148091054e-05,-5.1435593583552155e-05,2.642738623911369e-05,3.246702691763617e-07,-2.7908566566414307e-07,0.0,0.0,0.0,0.0,8.0
-1.7734999999999999,1.9024724080643851,0.5881643646593389,0.8921466628653482,0.00709436374669979,-2.035392120141219e-05,-5.168351765013331e-05,2.651939211048286e-05,3.180234103216965e-07,-2.678477834258289e-07,0.0,0.0,0.0,0.0,8.0
-1.7705,1.9014261255005063,0.5890717738281772,0.8911492830997959,0.007092566062337713,-1.334116939779115e-05,-5.1912002748510045e-05,2.662154927402966e-05,3.038139148410996e-07,-2.5483487732755206e-07,0.0,0.0,0.0,0.0,8.0
-1.7675,1.9003792864684705,0.5899803195891259,0.8901524017820028,0.0070896693860145014,-6.420816624942903e-06,-5.210802930581804e-05,2.6743265215731522e-05,2.8093766700996437e-07,-2.41075730565398e-07,0.0,0.0,0.0,0.0,8.0
-1.7645,1.8993317808737031,0.5908898937316482,0.889156226768791,0.007085710888249789,3.688183323224339e-07,-5.227106851156589e-05,2.688575634740217e-05,2.4906896739933877e-07,-2.2668232174430079e-07,0.0,0.0,0.0,0.0,8.0
-1.7614999999999998,1.8982832950084425,0.5918002313402544,0.888160888220275,0.007080808277571164,7.0298809899271705e-06,-5.2409713441869715e-05,2.704424391994842e-05,2.0843703010140634e-07,-2.111525370692638e-07,0.0,0.0,0.0,0.0,8.0
-1.7585,1.897233469588845,0.5927110147570154,0.887166461940725,0.007075099057084665,1.3586499786733797e-05,-5.2533755271854796e-05,2.7212291467785267e-05,1.5931244457025608e-07,-1.939200058204952e-07,0.0,0.0,0.0,0.0,8.0
-1.7555,1.8961820831440075,0.59362198245166,0.88617300604053,0.007068692896853781,2.0067370781755955e-05,-5.264852589928557e-05,2.738503862939125e-05,1.0164948832560401e-07,-1.7472331514581476e-07,0.0,0.0,0.0,0.0,8.0
-1.7525,1.89512913618129,0.5945329856401045,0.8851806039684411,0.00706166158249597,2.6495809607856053e-05,-5.275456117206314e-05,2.756005152830301e-05,3.508030230331369e-08,-1.5363618991195007e-07,0.0,0.0,0.0,0.0,8.0
-1.7495,1.894074820990605,0.5954439853580638,0.8841893929718637,0.007054055772138393,3.288687446374661e-05,-5.285080336996557e-05,2.7736502668174043e-05,-4.085489726533131e-08,-1.3087656206145742e-07,0.0,0.0,0.0,0.0,8.0
-1.7465,1.89301943011282,0.5963550139844663,0.8831995580640227,0.007045923630405036,3.9248188663130326e-05,-5.293790592160041e-05,2.79141054543455e-05,-1.2645992174125355e-07,-1.0660840729967122e-07,0.0,0.0,0.0,0.0,8.0
-1.7435,1.8919632611726067,0.5972661297354741,0.8822112903845518,0.007037315296674784,4.558163334244721e-05,-5.3019710675906383e-05,2.8092702508078244e-05,-2.217389996033889e-07,-8.087016379520928e-08,0.0,0.0,0.0,0.0,8.0
-1.7405,1.89090655179869,0.5981773819019041,0.8812247318685532,0.007028273175669782,5.188475564895675e-05,-5.3103058302537057e-05,2.8272506619776295e-05,-3.263574285098083e-07,-5.362873500636319e-08,0.0,0.0,0.0,0.0,8.0
-1.7375,1.8898494569272677,0.5990887896502158,0.8802399403349658,0.0070188170865566855,5.815170028750226e-05,-5.319675764638337e-05,2.8454447172625618e-05,-4.396828865771977e-07,-2.4871299092210896e-08,0.0,0.0,0.0,0.0,8.0
-1.7345,1.8887920698235205,0.6000003246915286,0.8792569041676224,0.0070089322924801216,6.437336246936148e-05,-5.33097872134444e-05,2.864006766564353e-05,-5.609411660681659e-07,5.3643244650001976e-09,0.0,0.0,0.0,0.0,8.0
-1.7315,1.887734481680914,0.6009118837424209,0.8782756164484399,0.006998562729554667,7.053600372077274e-05,-5.3447991618762856e-05,2.883076013454174e-05,-6.89554551320936e-07,3.707824824058417e-08,0.0,0.0,0.0,0.0,8.0
-1.7285,1.886676865473891,0.6018232447738414,0.8772961915514557,0.006987608112232813,7.661782101630173e-05,-5.3608898560458285e-05,2.9026548394645747e-05,-8.256619789002077e-07,7.050720959450839e-08,0.0,0.0,0.0,0.0,8.0
-1.7255,1.8856195561645475,0.6027340198744768,0.876318981039862,0.006975924811328571,8.25844672787142e-05,-5.377589983343183e-05,2.922495803139369e-05,-9.706615010628571e-07,1.0635521391968044e-07,0.0,0.0,0.0,0.0,8.0
-1.7225,1.8845630874796537,0.6036436367286517,0.8753446308684837,0.0069633341167111675,8.838666012905312e-05,-5.39147940763363e-05,2.9420613862869068e-05,-1.1274734660024614e-06,1.4593039071069688e-07,0.0,0.0,0.0,0.0,8.0
-1.7195,1.8835081472587214,0.6045513847896342,0.874374030683065,0.006949642707431883,9.396402207014054e-05,-5.3976019528222924e-05,2.9606002232083473e-05,-1.3002290986992456e-06,1.9106848935256606e-07,0.0,0.0,0.0,0.0,8.0
-1.7165,1.8824554390292934,0.6054565404932096,0.8734081448557012,0.0069346755891101786,9.925740042442647e-05,-5.3903906468163364e-05,2.9773331857353003e-05,-1.4933035865684307e-06,2.4380177342341565e-07,0.0,0.0,0.0,0.0,8.0
-1.7135,1.8814054839241983,0.606358542961248,0.8724477735351434,0.006918313141150612,0.00010422698627640081,-5.3650468785738604e-05,2.9916754548632102e-05,-1.709937571006707e-06,3.058553305342238e-07,0.0,0.0,0.0,0.0,8.0
-1.7105,1.8803584410439693,0.6072571509252109,0.8714933411190451,0.006900517013079436,0.00010886801362432933,-5.3187422778732634e-05,3.0033516262222437e-05,-1.9508589076001253e-06,3.7813882420081255e-07,0.0,0.0,0.0,0.0,8.0
-1.7075,1.879314030602668,0.6081525038288005,0.8705448172264059,0.006881327945289596,0.00011321440128448583,-5.2508513496136534e-05,3.012200189131786e-05,-2.213052271136807e-06,4.603612670691459e-07,0.0,0.0,0.0,0.0,8.0
-1.7045,1.8782715924142075,0.6090450490638201,0.8696018358724971,0.006860816663997289,0.00011732913499410774,-5.161721382016546e-05,3.0174692606734134e-05,-2.488272748550104e-06,5.507483853933485e-07,0.0,0.0,0.0,0.0,8.0
-1.7015,1.87723023199342,0.6099353574885499,0.8686640240793394,0.006838960569740187,0.00012129866202956278,-5.0504000429627074e-05,3.0166537321868415e-05,-2.76106529062809e-06,6.458249895707987e-07,0.0,0.0,0.0,0.0,8.0
-1.6985,1.8761889924406512,0.6108238672896894,0.8677315159019247,0.0068154310543925315,0.0001252537723466864,-4.912699756662007e-05,3.004530012439179e-05,-3.0082572684935784e-06,7.406923630080227e-07,0.0,0.0,0.0,0.0,8.0
-1.6955,1.8751471481465283,0.6117105147990074,0.8668056003011528,0.006789376915114162,0.00012938277732038456,-4.7401041912801215e-05,2.9735537947979743e-05,-3.2054025384138234e-06,8.310998646204893e-07,0.0,0.0,0.0,0.0,8.0
-1.6925,1.8741049326113102,0.6125941247490734,0.8658893380459904,0.00675946885071744,0.00013380320375579237,-4.517075021388874e-05,2.916249884442236e-05,-3.3448946197828414e-06,9.18452174254403e-07,0.0,0.0,0.0,0.0,8.0
-1.6895,1.873064572800924,0.6134718712942125,0.8649874009399998,0.006724534457753913,0.00013824427996756106,-4.2176071553362035e-05,2.8289211485601336e-05,-3.4564675016590162e-06,1.0146792836027428e-06,0.0,0.0,0.0,0.0,8.0
-1.6865,1.8720299041875315,0.6143405490036324,0.8641028065036986,0.006685022308400952,0.0001419645923518475,-3.823156222121702e-05,2.7169448654835146e-05,-3.5942394166136848e-06,1.134433925451385e-06,0.0,0.0,0.0,0.0,8.0
-1.6835,1.8710047671040804,0.6152005019638724,0.8632281939147385,0.0066458301422295555,0.00014443921062606596,-3.402185453248066e-05,2.6076014476452805e-05,-3.750582561409183e-06,1.2571867527987817e-06,0.0,0.0,0.0,0.0,8.0
-1.6805,1.8700051330782523,0.6160522087635607,0.862339152471891,0.006621261755115919,0.000145585756438038,-3.229886936606507e-05,2.5782642131102148e-05,-3.7393727642937557e-06,1.2666672090623796e-06,0.0,0.0,0.0,0.0,8.0
-1.6775,1.8690918013059952,0.6168820323126565,0.8614075306014514,0.0066317105243998194,0.00014462654013565432,-3.684794103485402e-05,2.741929057936211e-05,-3.279900406978791e-06,9.84416535455232e-07,0.0,0.0,0.0,0.0,8.0
-1.6745,1.868186793173326,0.6177264738308089,0.8604442250974252,0.006648625520951735,0.0001468634919806261,-4.38089844950067e-05,2.9465049694182915e-05,-2.6194263483657515e-06,6.071543283773132e-07,0.0,0.0,0.0,0.0,8.0
-1.6715,1.8668562263081085,0.618770435619399,0.8595021212736321,0.006548521266615881,0.00017383713399014811,-3.603659778132776e-05,2.5260283916576293e-05,-2.891144542962949e-06,1.0224487689335167e-06,0.0,0.0,0.0,0.0,8.0
-1.6685,1.8658516395728275,0.6196331175487617,0.8586028969608084,0.0065180998660677465,0.00018077317944512452,-3.585745671923521e-05,2.484053394332364e-05,-2.7317052523055066e-06,1.0024194643267673e-06,0.0,0.0,0.0,0.0,8.0
-1.6655,1.8648523618427266,0.6204900764478765,0.8577060989409163,0.006487129761982487,0.0001884387920157588,-3.5699504497745634e-05,2.428598973618939e-05,-2.572674446609789e-06,9.991343579695246e-07,0.0,0.0,0.0,0.0,8.0
-1.6625,1.8638568137596745,0.6213431968099095,0.8568146366288457,0.0064548248591171226,0.0001962317313301922,-3.540314723739142e-05,2.3712752430035347e-05,-2.4288761224063405e-06,9.968768895475527e-07,0.0,0.0,0.0,0.0,8.0
-1.6595,1.8628634077302422,0.6221932249366857,0.855930681972953,0.006421357409545173,0.00020398537971515727,-3.489905810007177e-05,2.316896519495734e-05,-2.3129099556944164e-06,9.861287979964402e-07,0.0,0.0,0.0,0.0,8.0
-1.6565,1.8618706595265073,0.6230401194514729,0.8550556504908525,0.006387344062539694,0.00021169303299188773,-3.4234843142563015e-05,2.2649388335313863e-05,-2.2303579117671863e-06,9.64190383100576e-07,0.0,0.0,0.0,0.0,8.0
-1.6535,1.8608778835524353,0.6238836094488145,0.8541899596380739,0.006353058892497671,0.0002192065556554111,-3.353547227260816e-05,2.2135217584335878e-05,-2.1785868970194017e-06,9.324032616506902e-07,0.0,0.0,0.0,0.0,8.0
-1.6505,1.8598852541567397,0.6247232993346653,0.8533329457149479,0.006318278010274568,0.0002262607800585401,-3.2934260163358115e-05,2.1614645456208887e-05,-2.148957813729132e-06,8.940547381136411e-07,0.0,0.0,0.0,0.0,8.0
-1.6475,1.8588935169006666,0.6255587637842225,0.8524834096116085,0.006282662665670365,0.00023267843573102987,-3.250626071266284e-05,2.1089869688038376e-05,-2.13033620685117e-06,8.528787375137661e-07,0.0,0.0,0.0,0.0,8.0
-1.6445,1.8579037302762587,0.6263897366557999,0.8516403131809428,0.006246118845176215,0.00023849555419782,-3.224300328744125e-05,2.0576737539261595e-05,-2.1118121218940484e-06,8.120755446675702e-07,0.0,0.0,0.0,0.0,8.0
-1.6415,1.8569170335549652,0.6272161842164106,0.8508030551524381,0.0062088152465944275,0.00024390622671146883,-3.2082434258160304e-05,2.0096412525761176e-05,-2.0848152817083527e-06,7.737627352693845e-07,0.0,0.0,0.0,0.0,8.0
-1.6385,1.8559344392570338,0.6280382229727259,0.8499713524682768,0.006170980070123957,0.00024911936117265283,-3.196228270126394e-05,1.9663364212769544e-05,-2.0449610521857154e-06,7.38694377395175e-07,0.0,0.0,0.0,0.0,8.0
-1.6355,1.8549567193542327,0.628856004758347,0.8491450669993409,0.00613273757493817,0.0002542636928179948,-3.185189784593886e-05,1.9279327564493118e-05,-1.9923424265074044e-06,7.063585478613732e-07,0.0,0.0,0.0,0.0,8.0
-1.6325,1.853984398306212,0.6296696488322471,0.8483241556513438,0.006094086913613982,0.00025938412998885815,-3.1748843061313504e-05,1.8936856112102613e-05,-1.9295993133708226e-06,6.755215683163016e-07,0.0,0.0,0.0,0.0,8.0
-1.6295,1.8530178002959257,0.6304792131071999,0.8475086971735887,0.006054959736423936,0.00026448332924888844,-3.166008671445544e-05,1.86264190073191e-05,-1.8593498838327498e-06,6.448984126232603e-07,0.0,0.0,0.0,0.0,8.0
-1.6265,1.8520571001910777,0.6312846772061332,0.8466989057204098,0.006015272218164964,0.00026955580842104185,-3.158968705579369e-05,1.834017083913199e-05,-1.7828782818699045e-06,6.13560204039986e-07,0.0,0.0,0.0,0.0,8.0
-1.6235,1.8511023622110967,0.6320859322851109,0.8458951041870738,0.005974945365271334,0.0002746006455405399,-3.1537187062533974e-05,1.807168972860227e-05,-1.7002698555364987e-06,5.810154021207482e-07,0.0,0.0,0.0,0.0,8.0
-1.6205,1.8501535703834469,0.6328827869366489,0.8450976753448782,0.005933906358563343,0.00027962324127959646,-3.15000460309023e-05,1.7814731742635065e-05,-1.6110656647885973e-06,5.471363601078829e-07,0.0,0.0,0.0,0.0,8.0
-1.6175,1.8492106533440744,0.6336749949030062,0.8443070109992076,0.0058920851069343295,0.0002846355396548219,-3.147507454315367e-05,1.756295680165413e-05,-1.5147885235614184e-06,5.120698570305021e-07,0.0,0.0,0.0,0.0,8.0
-1.6145,1.8482734979837376,0.6344623005205474,0.84352346810521,0.005849410861148884,0.0002896564291447845,-3.1458369131592774e-05,1.73104819588784e-05,-1.4112714808065505e-06,4.7616747600479723e-07,0.0,0.0,0.0,0.0,8.0
-1.6115,1.8473419453291091,0.635244490381723,0.8427473349931953,0.005805809660808498,0.0002947111661449544,-3.144473973911291e-05,1.7052464913483832e-05,-1.3008798998196606e-06,4.3993423032751264e-07,0.0,0.0,0.0,0.0,8.0
-1.6085,1.8464157715722787,0.6360214360141935,0.8419788110422406,0.005761203335723805,0.00029982916541705125,-3.14271281174872e-05,1.6785257003541268e-05,-1.1846331075706063e-06,4.039917778362615e-07,0.0,0.0,0.0,0.0,8.0
-1.6055,1.84549467248557,0.6367931116581707,0.8412180050399172,0.0057155110714675285,0.00030504015047866704,-3.13960875746933e-05,1.650611509077153e-05,-1.0641781369684215e-06,3.6904323052844087e-07,0.0,0.0,0.0,0.0,8.0
-1.6025,1.84457828080159,0.6375595738831126,0.8404649574886794,0.005668654632137078,0.00031036886822455415,-3.133954811626181e-05,1.621277773368382e-05,-9.415941439602672e-07,3.358136759895078e-07,0.0,0.0,0.0,0.0,8.0
-1.5995,1.8436662432668927,0.6383208977790708,0.8397196870537517,0.005620568639811628,0.0003158288696328333,-3.1243512951655116e-05,1.5903371625488615e-05,-8.190617077362797e-07,3.049402297693996e-07,0.0,0.0,0.0,0.0,8.0
-1.5965,1.8427583612464986,0.6390770795367319,0.8389822500825962,0.005571217362822461,0.0003214164438589511,-3.10944986536401e-05,1.5577033208600414e-05,-6.984729851711239e-07,2.768039305434456e-07,0.0,0.0,0.0,0.0,8.0
-1.5935,1.841854758903609,0.6398279357676603,0.8382527889328938,0.005520617597505699,0.00032710643961230903,-3.088391418648989e-05,1.5235223848579003e-05,-5.810737662034135e-07,2.513332784763183e-07,0.0,0.0,0.0,0.0,8.0
-1.5905,1.8409560000000667,0.6405730482120116,0.8375315399784363,0.005468861408438967,0.00033285220177881584,-3.061309798364399e-05,1.4883113888669215e-05,-4.6726250048042383e-07,2.2786843352420322e-07,0.0,0.0,0.0,0.0,8.0
-1.5875,1.840063053096352,0.6413118051884558,0.8368187854527173,0.005416123620551085,0.0003385920184638612,-3.0296303635296572e-05,1.4530126569633277e-05,-3.5682406347718883e-07,2.052544299409339e-07,0.0,0.0,0.0,0.0,8.0
-1.5845,1.8391770374996692,0.6420435646842002,0.8361147602700573,0.0053626368793103195,0.00034426289440723335,-2.9959148476527994e-05,1.4189407007033766e-05,-2.5012508089767665e-07,1.8237793784625516e-07,0.0,0.0,0.0,0.0,8.0
-1.5815,1.8382987918628004,0.6427679063241101,0.8354195371329738,0.005308639962444574,0.0003498167014363305,-2.9633043719879387e-05,1.3877431440647739e-05,-1.506203040174257e-07,1.5919141698284564e-07,0.0,0.0,0.0,0.0,8.0
-1.5785,1.8374284602461464,0.6434848807808804,0.8347328737942306,0.005254354061396314,0.0003552293689166212,-2.935273980477195e-05,1.3615641791633887e-05,-6.738610052907111e-08,1.3761338425257487e-07,0.0,0.0,0.0,0.0,8.0
-1.5755,1.8365653351323747,0.6441951815431692,0.8340539208129013,0.005200062931174034,0.00036051255188077665,-2.9174897621620264e-05,1.3434502192379518e-05,-1.3344123086728762e-08,1.2069675834380237e-07,0.0,0.0,0.0,0.0,8.0
-1.5725,1.8357079721480456,0.6449002708522598,0.8333807266619724,0.005146270954552587,0.00036577510748313414,-2.9234383339776075e-05,1.3376719674775252e-05,5.386571472161274e-09,1.0866520517658637e-07,0.0,0.0,0.0,0.0,8.0
-1.5695,1.8348543798422392,0.6456023245710601,0.8327102053774776,0.005093621370601401,0.0003713245980863717,-2.977787018246579e-05,1.3487005136073117e-05,2.36650692805383e-09,9.494382690998122e-08,0.0,0.0,0.0,0.0,8.0
-1.5665,1.834002094441223,0.6463031904342833,0.8320409784108233,0.005041742466212066,0.0003775857463552677,-3.0921253417369735e-05,1.3750282820791126e-05,-2.910728752579035e-09,7.447782596267227e-08,0.0,0.0,0.0,0.0,8.0
-1.5635,1.833144189140994,0.6470036868556032,0.831380707741008,0.004985637070259495,0.0003848433779469834,-3.183951181306878e-05,1.390582065058376e-05,-5.2490621076428575e-08,7.863814774294493e-08,0.0,0.0,0.0,0.0,8.0
-1.5605,1.8322520999036573,0.6477108212625803,0.8307491063627805,0.004910955468335026,0.0003937652999171914,-2.9979874809098336e-05,1.3201608058731853e-05,-3.147389631121384e-07,2.1482448187391252e-07,0.0,0.0,0.0,0.0,8.0
-1.5575,1.831353881580951,0.6484497484857894,0.8301410653908508,0.004786430143091039,0.0003949801039546862,-2.216619927473206e-05,1.2589777573551385e-05,-9.592766552380639e-07,4.17849742487575e-07,0.0,0.0,0.0,0.0,8.0
-1.5545,1.8312158946346422,0.6486106444273175,0.8298656019185471,0.004800470158013225,0.00037110554079855914,-2.5464937084350426e-05,1.492144510694907e-05,-9.420949718880118e-07,3.2685403271004163e-07,0.0,0.0,0.0,0.0,8.0
-1.5515,1.8299610569999996,0.6495819406914819,0.828991298329766,0.004736871845970524,0.0004022068516137931,-2.6543481568635476e-05,1.2185860023290205e-05,0.0,0.0,0.0,0.0,0.0,0.0,6.0
-1.5485,1.8291776204692607,0.6502161865167448,0.8284033934116161,0.004679031388362244,0.0004072536694321669,-2.659852908581162e-05,1.181503104197887e-05,0.0,0.0,0.0,0.0,0.0,0.0,6.0
-1.5455,1.8284060944955192,0.6508453697279046,0.8278271796947931,0.004619155916081539,0.00041155157022253815,-2.6509692629942363e-05,1.15867494366896e-05,0.0,0.0,0.0,0.0,0.0,0.0,6.0
-1.5425,1.8276462515584742,0.6514673761340491,0.8272605633194575,0.004557728782120366,0.0004155929295618764,-2.6303570940889566e-05,1.143269819903719e-05,0.0,0.0,0.0,0.0,0.0,0.0,6.0
-1.5395,1.826894640938538,0.6520800036466551,0.8267030155676407,0.0044954898060964405,0.00041968086661809144,-2.6039269745935725e-05,1.130285169842472e-05,0.0,0.0,0.0,0.0,0.0,0.0,6.0
-1.5365,1.8261501892783842,0.6526825738176536,0.8261548310165951,0.004432820440532806,0.0004238805714396403,-2.5785447386818836e-05,1.1164665413914872e-05,0.0,0.0,0.0,0.0,0.0,0.0,6.0
-1.5335,1.8254139855291864,0.6532755073075495,0.8256166225093512,0.004369797793316506,0.00042813857444940243,-2.559109887415112e-05,1.100258217707274e-05,0.0,0.0,0.0,0.0,0.0,0.0,6.0
-1.5305,1.8246875264265305,0.6538593132666554,0.8250887922229537,0.004306397494553657,0.00043243238272887817,-2.5464111988277998e-05,1.0814306976160234e-05,0.0,0.0,0.0,0.0,0.0,0.0,6.0
-1.5275,1.8239718786974881,0.6544341800483519,0.8245713816100801,0.00424257419854984,0.00043679821310516683,-2.5382594467759302e-05,1.060425639382205e-05,0.0,0.0,0.0,0.0,0.0,0.0,6.0
-1.5245,1.8232676548684557,0.6550000724816413,0.8240642500376751,0.004178276546119049,0.0004412886622151198,-2.5320017792023525e-05,1.0377614620917057e-05,0.0,0.0,0.0,0.0,0.0,0.0,6.0
-1.5215,1.8225751677726851,0.6555569013919225,0.8235672671103076,0.004113449920199479,0.00044593480900813575,-2.526191607201525e-05,1.0137367598020201e-05,0.0,0.0,0.0,0.0,0.0,0.0,6.0
-1.5185,1.8218945152053447,0.6561045980200291,0.8230803964126884,0.0040480429956476875,0.00045073808780566953,-2.5207130353922143e-05,9.884820702306306e-06,0.0,0.0,0.0,0.0,0.0,0.0,6.0
-1.5155,1.8212256128736397,0.6566431203378992,0.8226037075763913,0.003982017642371897,0.0004556804812811975,-2.516081411149868e-05,9.621632666560544e-06,0.0,0.0,0.0,0.0,0.0,0.0,6.0
-1.5125,1.8205682280484536,0.6571724387597588,0.8221373607976107,0.003915353185789375,0.0004607345081608537,-2.512873065326526e-05,9.351052134095878e-06,0.0,0.0,0.0,0.0,0.0,0.0,6.0
-1.5095,1.8199220326463745,0.6576925206045965,0.8216815819595457,0.0038480432774117973,0.0004658675112145232,-2.511547835037049e-05,9.077827586158025e-06,0.0,0.0,0.0,0.0,0.0,0.0,6.0
-1.5065,1.8192866711691194,0.6582033167564776,0.8212366359731452,0.0037800906455760777,0.00047104382309953686,-2.512463919446023e-05,8.807443955265915e-06,0.0,0.0,0.0,0.0,0.0,0.0,6.0
-1.5035,1.8186618305878635,0.6587047503985881,0.8208028030330119,0.003711503300451768,0.00047622771277821283,-2.5159013823277115e-05,8.545279834973631e-06,0.0,0.0,0.0,0.0,0.0,0.0,6.0
-1.5005,1.8180472983381273,0.6591967083335485,0.8203803607936263,0.00364229166111488,0.00048138698901831764,-2.5220485894735318e-05,8.295887448254288e-06,0.0,0.0,0.0,0.0,0.0,0.0,6.0
-1.4975,1.8174429972559916,0.6596790369486796,0.8199695741367948,0.0035724647088892715,0.00048649622199624864,-2.530960983517809e-05,8.062409770529486e-06,0.0,0.0,0.0,0.0,0.0,0.0,6.0
-1.4945,1.8168489906393628,0.660151545832563,0.8195706919740742,0.003502024254374447,0.0004915390358514184,-2.542505063972624e-05,7.846131165541794e-06,0.0,0.0,0.0,0.0,0.0,0.0,6.0
-1.4915,1.8162654561948124,0.6606140213120446,0.8191839474129275,0.0034309583222275376,0.0004965093965034665,-2.5563072511637078e-05,7.646203482514436e-06,0.0,0.0,0.0,0.0,0.0,0.0,6.0
-1.4885,1.8156926351535914,0.6610662491225137,0.818809555532102,0.0033592367116157783,0.000501411815699435,-2.571743432313777e-05,7.4596635121636626e-06,0.0,0.0,0.0,0.0,0.0,0.0,6.0
-1.4855,1.8151307723330616,0.6615080402481988,0.8184477041171637,0.0032868130745889496,0.0005062600391389113,-2.5880133331105372e-05,7.281919895729883e-06,0.0,0.0,0.0,0.0,0.0,0.0,6.0
-1.4825,1.8145800714638065,0.6619392484952822,0.8180985375691132,0.00321363723973457,0.00051107345583052,-2.6043286367994196e-05,7.107865665760918e-06,0.0,0.0,0.0,0.0,0.0,0.0,6.0
-1.4795,1.8140406913821148,0.6623597664060156,0.8177621406798414,0.0031396782928981236,0.0005158706610783646,-2.6202008238078833e-05,6.933603424340679e-06,0.0,0.0,0.0,0.0,0.0,0.0,6.0
-1.4765,1.813512795623682,0.6627694922732599,0.8174385326273408,0.003064953467101411,0.0005206607419524143,-2.635755608225769e-05,6.758452951294291e-06,0.0,0.0,0.0,0.0,0.0,0.0,6.0
-1.4735,1.8129966377547286,0.6631682776103586,0.8171276781597105,0.0029895516854708303,0.0005254349517422738,-2.6519487729078243e-05,6.586528286144188e-06,0.0,0.0,0.0,0.0,0.0,0.0,6.0
-1.4705,1.812492623855575,0.6635558881058301,0.8168295121616077,0.0029136357579620433,0.0005301639023374479,-2.6705356376688386e-05,6.426864284711246e-06,0.0,0.0,0.0,0.0,0.0,0.0,6.0
-1.4675,1.8120012606367422,0.6639320304522727,0.8165439614532581,0.00283740620612702,0.000534806889302487,-2.6936668788500997e-05,6.2910193754238494e-06,0.0,0.0,0.0,0.0,0.0,0.0,6.0
-1.4645,1.8115229067987186,0.6642964916664351,0.8162709445971762,0.002761016761334364,0.0005393380731376568,-2.7230662015299186e-05,6.187576204129451e-06,0.0,0.0,0.0,0.0,0.0,0.0,6.0
-1.4615,1.811057347173858,0.6646493772282233,0.8160103474590572,0.002684455559125364,0.0005437852209981817,-2.758949013693159e-05,6.1145645036573505e-06,0.0,0.0,0.0,0.0,0.0,0.0,6.0
-1.4585,1.8106034428402473,0.6649912998067872,0.8157620103172826,0.0026074559629043997,0.0005482577713842112,-2.7992398864360363e-05,6.054059761510598e-06,0.0,0.0,0.0,0.0,0.0,0.0,6.0
-1.4555,1.8101593897061952,0.6653232160170799,0.8155257968067678,0.002529559959996852,0.0005529198070696685,-2.8401126608313495e-05,5.976856092083984e-06,0.0,0.0,0.0,0.0,0.0,0.0,6.0
-1.4525,1.8097240689536729,0.6656456510331429,0.8153017851235516,0.002450442159568726,0.0005578715612128323,-2.878737003421373e-05,5.863749909401312e-06,0.0,0.0,0.0,0.0,0.0,0.0,6.0
-1.4495,1.8092990670449258,0.6659575810144066,0.8150904724144713,0.002370392363968502,0.0005629826884833464,-2.9173789757862792e-05,5.736082120553617e-06,0.0,0.0,0.0,0.0,0.0,0.0,6.0
-1.4465,1.8088894111883158,0.666256102527361,0.8148926963464214,0.0022905032447927817,0.0005678455956167729,-2.9650636640234334e-05,5.665784159980572e-06,0.0,0.0,0.0,0.0,0.0,0.0,6.0
-1.4435,1.8085009335040518,0.6665380286514745,0.8147090849787056,0.002212073957736584,0.0005720141313567791,-3.0325826740988415e-05,5.734190708971535e-06,0.0,0.0,0.0,0.0,0.0,0.0,6.0
-1.4405,1.8081356324622486,0.6668025101209765,0.8145394871146264,0.0021354988239819157,0.0005754005027258885,-3.123093911048163e-05,5.96031885088179e-06,0.0,0.0,0.0,0.0,0.0,0.0,6.0
-1.4375,1.807790063278381,0.6670681170896282,0.8143889662869782,0.002045189265408585,0.0005709144742611376,-3.162266519824846e-05,7.3332740701739136e-06,0.0,0.0,0.0,0.0,0.0,0.0,6.0
-1.4345,1.8077444781618006,0.6671212917423853,0.8143149033727966,0.002021707036663518,0.000563915050429617,-3.4739204680969636e-05,8.52973084325097e-06,0.0,0.0,0.0,0.0,0.0,0.0,6.0
-1.4315,1.807088175053259,0.667545978555727,0.8141007601314845,0.0018940763024393491,0.0005873618485947598,-3.200675662981724e-05,6.243947584019172e-06,-3.371036985635882e-07,2.9992748499486173e-07,0.0,0.0,0.0,0.0,8.0
-1.4285,1.8067564690181663,0.6677728389412404,0.8139830958743473,0.0018106362073650652,0.0005919614594847905,-3.2345691303016245e-05,6.251198204503172e-06,-4.0089614680033453e-07,3.1613550764444647e-07,0.0,0.0,0.0,0.0,8.0
-1.4255,1.806438052896743,0.6679875079640788,0.8138790134031219,0.0017265613800173532,0.0005965454629138361,-3.2695506451665515e-05,6.271891163168571e-06,-4.6587126228097343e-07,3.3189846244764996e-07,0.0,0.0,0.0,0.0,8.0
-1.4225,1.8061329575779124,0.6681898941092116,0.8137886173207021,0.001641862190385536,0.0006011157752389289,-3.3058607401051034e-05,6.303828181903527e-06,-5.324847378831081e-07,3.472488938481629e-07,0.0,0.0,0.0,0.0,8.0
-1.4195,1.80584139625655,0.668379938781077,0.8137119963206044,0.001556571147445617,0.0006056940458680669,-3.343172722004625e-05,6.345996041945992e-06,-6.01137355989301e-07,3.621607661032806e-07,0.0,0.0,0.0,0.0,8.0
-1.4165,1.8055636804306945,0.6685575618296741,0.8136491304518576,0.0014706888743882553,0.0006102999456547724,-3.38136897258563e-05,6.396632921563994e-06,-6.71619178229165e-07,3.7692741271118306e-07,0.0,0.0,0.0,0.0,8.0
-1.4135,1.8053001611032413,0.6687226812667938,0.8135999674115508,0.0013842093031946388,0.0006149543198910043,-3.4205473387652674e-05,6.452425895559178e-06,-7.438745078319153e-07,3.9191010793638167e-07,0.0,0.0,0.0,0.0,8.0
-1.4105,1.8050511221233396,0.6688752216763331,0.8135644924772952,0.0012971318401729488,0.0006196766202259271,-3.460743360530109e-05,6.510530417310194e-06,-8.178999559920833e-07,4.0740758692003967e-07,0.0,0.0,0.0,0.0,8.0
-1.4075,1.804816689064757,0.6690151097204664,0.8135427618304403,0.0012094568813726145,0.0006244747268013923,-3.501976334306578e-05,6.569824448561075e-06,-8.93612162354389e-07,4.235765978264213e-07,0.0,0.0,0.0,0.0,8.0
-1.4045,1.8045968118621525,0.6691422736301791,0.8135349131354838,0.0011211862713562224,0.0006293417313785655,-3.544312057834053e-05,6.630987099887897e-06,-9.709494741206046e-07,4.4036958481234424e-07,0.0,0.0,0.0,0.0,8.0
-1.4015,1.804391317912429,0.6692566449724049,0.8135411464276526,0.0010323239570960159,0.0006342592758219781,-3.587834494310916e-05,6.696234279193554e-06,-1.0498600020691262e-06,4.575690464655989e-07,0.0,0.0,0.0,0.0,8.0
-1.3985,1.8042000007469092,0.6693581614544922,0.813561687123063,0.0009428744277098607,0.0006392033500784548,-3.6326189838520064e-05,6.768660194585962e-06,-1.1302784908359429e-06,4.748687152129055e-07,0.0,0.0,0.0,0.0,8.0
-1.3955,1.804022704905986,0.6694467698438447,0.8135967497824597,0.0008528411676632202,0.0006441503570621773,-3.678718315999559e-05,6.851420834505204e-06,-1.212143640673444e-06,4.919528870748265e-07,0.0,0.0,0.0,0.0,8.0
-1.3925,1.803859380100174,0.6695224269252728,0.8136465131864086,0.0007622260688594226,0.0006490817817174788,-3.726157383378445e-05,6.947081384743112e-06,-1.2954131243749468e-06,5.085588379215681e-07,0.0,0.0,0.0,0.0,8.0
-1.3895,1.8037100962907948,0.6695850974522364,0.8137111098640113,0.0006710300562119547,0.0006539867133697966,-3.774940554132326e-05,7.057242228335753e-06,-1.3800588056900245e-06,5.245169334497162e-07,0.0,0.0,0.0,0.0,8.0
-1.3865,1.8035750264379018,0.6696347497034847,0.8137906281289625,0.0005792547008826446,0.0006588623297186895,-3.8250731273992086e-05,7.182408449489952e-06,-1.466052438867768e-06,5.397673712968132e-07,0.0,0.0,0.0,0.0,8.0
-1.3835,1.803454411095824,0.6696713502742156,0.8138851220708365,0.00048690415039045625,0.0006637129231576772,-3.8765872282552726e-05,7.322044100601468e-06,-1.5533499044481528e-06,5.543577479821184e-07,0.0,0.0,0.0,0.0,8.0
-1.3805,1.8033485188564362,0.6696948597427078,0.8139946247110024,0.0003939865646222297,0.0006685481004957029,-3.929559981723904e-05,7.474755820664564e-06,-1.6418797155276949e-06,5.684267772279459e-07,0.0,0.0,0.0,0.0,8.0
-1.3775,1.8032576117718289,0.6697052300620828,0.8141191607428451,0.0003005144996890414,0.0006733806415532504,-3.984116045083878e-05,7.638558177602563e-06,-1.7315408696718686e-06,5.821782559879461e-07,0.0,0.0,0.0,0.0,8.0
-1.3745,1.8031819192512044,0.6697024035115424,0.8142587567674073,0.00020650412598095797,0.0006782243522791533,-4.040412220903801e-05,7.811183098308857e-06,-1.8222119890778932e-06,5.958486384862305e-07,0.0,0.0,0.0,0.0,8.0
-1.3715,1.803121620346332,0.6696863124030427,0.8144134480047369,0.00011197353928336897,0.0006830921563166973,-4.098607008718838e-05,7.99039841484257e-06,-1.9137701853493113e-06,6.096718657356518e-07,0.0,0.0,0.0,0.0,8.0
-1.3685,1.8030768334597072,0.6696568787599128,0.8145832810726493,1.6940597306021054e-05,0.000687994618753842,-4.1588215821296505e-05,8.174297371860279e-06,-2.00611555858546e-06,6.238459170485212e-07,0.0,0.0,0.0,0.0,8.0
-1.3655,1.8030476132221396,0.6696140137315337,0.8147683129041179,-7.857928933141174e-05,0.0006929390387102759,-4.221100517521275e-05,8.361520360558352e-06,-2.0991956528560666e-06,6.385060801683299e-07,0.0,0.0,0.0,0.0,8.0
-1.3625,1.8030339549959782,0.669557617188057,0.8149686064697415,-0.000174575072844703,0.0006979291513973092,-4.285380928978227e-05,8.551377992686032e-06,-2.193023591856437e-06,6.537094498063944e-07,0.0,0.0,0.0,0.0,8.0
-1.3595,1.8030358071687245,0.6694875783446098,0.815184224627293,-0.00027104145231429585,0.0007029653583284497,-4.3514775417188565e-05,8.743861296272377e-06,-2.287684278323734e-06,6.6943342808864e-07,0.0,0.0,0.0,0.0,8.0
-1.3565,1.8030530900819042,0.6694037781781671,0.8154152238556533,-0.00036797957118284044,0.0007080453020048879,-4.419088451414429e-05,8.939546151909496e-06,-2.3833252040537536e-06,6.855883336901223e-07,0.0,0.0,0.0,0.0,8.0
-1.3535,1.8030857187662053,0.6693060938679689,0.8156616495837986,-0.0004653969512653043,0.0007131645620907153,-4.487821955023006e-05,9.13941886091137e-06,-2.480131986072543e-06,7.020413052718928e-07,0.0,0.0,0.0,0.0,8.0
-1.3505,1.8031336254712287,0.6691944047656074,0.8159235342572654,-0.0005633066728838394,0.0007183172877807204,-4.557239722061916e-05,9.344662473760316e-06,-2.5782929781099835e-06,7.186462945930389e-07,0.0,0.0,0.0,0.0,8.0
-1.3475,1.8031967778529667,0.6690685988079613,0.8162008984099833,-0.0006617259016594001,0.0007234966740538429,-4.6269071811310886e-05,9.556446331851972e-06,-2.6779609176303793e-06,7.352737403475751e-07,0.0,0.0,0.0,0.0,8.0
-1.3445,1.8032751896978338,0.6689285780702245,0.816493754170571,-0.000760673937356759,0.0007286952940525358,-4.696439869991173e-05,9.77575443103776e-06,-2.7792212203361716e-06,7.518338273060723e-07,0.0,0.0,0.0,0.0,8.0
-1.3415,1.8033689228625456,0.6687742623852121,0.8168021101133324,-0.0008601700006798598,0.0007339053723833973,-4.765535509465384e-05,1.0003274596923981e-05,-2.882075437278504e-06,7.682889769311613e-07,0.0,0.0,0.0,0.0,8.0
-1.3385,1.8034780810994298,0.6686055905100817,0.8171259762666359,-0.0009602309790081426,0.0007391190997505374,-4.8339854652145874e-05,1.0239354463286283e-05,-2.986444680878205e-06,7.84653902638269e-07,0.0,0.0,0.0,0.0,8.0
-1.3355,1.8036027980306462,0.6684225189701237,0.8174653683261733,-0.0010608693376861142,0.0007443290489797864,-4.901664784343781e-05,1.0484016294049902e-05,-3.0921925472379023e-06,8.009844718732786e-07,0.0,0.0,0.0,0.0,8.0
-1.3325,1.8037432223522891,0.668225019218053,0.8178203104981748,-0.001162091388325797,0.00074952867896323,-4.968505374208436e-05,1.0737013906676555e-05,-3.199161783074167e-06,8.173590070009151e-07,0.0,0.0,0.0,0.0,8.0
-1.3295,1.8038995033061207,0.6680130739771434,0.818190836744859,-0.0012638960947539937,0.0007547128396154327,-5.0344605615295656e-05,1.0997912367087887e-05,-3.3072152224623286e-06,8.338569803022974e-07,0.0,0.0,0.0,0.0,8.0
-1.3265,1.8040717787351583,0.6677866735799074,0.8185769904399937,-0.001366274576733207,0.0007598781482038731,-5.099470372782892e-05,1.126617367119139e-05,-3.4162704072804053e-06,8.505400929846844e-07,0.0,0.0,0.0,0.0,8.0
-1.3235,1.8042601669753269,0.6675458128677706,0.818978822581223,-0.0014692104180913821,0.0007650231128560346,-5.163435439635188e-05,1.1541236893642542e-05,-3.5263190770744128e-06,8.674395985390088e-07,0.0,0.0,0.0,0.0,8.0
-1.3205,1.8044647627785417,0.6672904889178525,0.81939638880832,-0.0015726807855483253,0.0007701479317609513,-5.2262042194722904e-05,1.1822586620150679e-05,-3.6374268221908316e-06,8.845518342516759e-07,0.0,0.0,0.0,0.0,8.0
-1.3175,1.8046856366662531,0.6670206996215673,0.8198297455875521,-0.0016766582280630191,0.0007752539785040013,-5.287574378776622e-05,1.2109807001036463e-05,-3.7497134659138692e-06,9.018417997910887e-07,0.0,0.0,0.0,0.0,8.0
-1.3145,1.804922836684844,0.6667364430057291,0.8202789460374582,-0.0017811128903648865,0.000780343066832514,-5.347305849937296e-05,1.2402619884314717e-05,-3.863319728264902e-06,9.192528014520299e-07,0.0,0.0,0.0,0.0,8.0
-1.3115,1.805176391451598,0.6664377171493548,0.820744035944613,-0.0018860147859498767,0.0007854166439826224,-5.405141033232078e-05,1.2700904857586749e-05,-3.9783691110449344e-06,9.367190643370962e-07,0.0,0.0,0.0,0.0,8.0
-1.3085,1.8054463135381433,0.666124520564118,0.8212250504979973,-0.001991335770243172,0.00079047507309384,-5.4608271475379485e-05,1.3004698031019531e-05,-4.094934906679149e-06,9.54177985574275e-07,0.0,0.0,0.0,0.0,8.0
-1.3055,1.8057326025132023,0.6657968529280777,0.821722012137601,-0.0020970509402617864,0.0007955171313224526,-5.514136584116894e-05,1.331416646589855e-05,-4.213020639964285e-06,9.715793035609015e-07,0.0,0.0,0.0,0.0,8.0
-1.3025,1.8060352472581258,0.6654547160657637,0.8222349296945112,-0.0022031393355890854,0.0008005397859946164,-5.564882673131531e-05,1.3629557207431425e-05,-4.332558649009804e-06,9.88889636095859e-07,0.0,0.0,0.0,0.0,8.0
-1.2995,1.8063542274199353,0.6650981150519132,0.8227637987593851,-0.0023095839771643716,0.000805538240307058,-5.6129298240406964e-05,1.3951123982310001e-05,-4.453426920172749e-06,1.0060922274919295e-06,0.0,0.0,0.0,0.0,8.0
-1.2965,1.8066895140595873,0.6647270592951048,0.8233086030233919,-0.002416371404249901,0.0008105061853411285,-5.658198024943556e-05,1.4279039957027384e-05,-4.575479892292106e-06,1.0231829698735675e-06,0.0,0.0,0.0,0.0,8.0
-1.2935,1.8070410696930679,0.664341563447011,0.82386931623623,-0.0025234909234063047,0.0008154361695500599,-5.700662024381121e-05,1.4613310053965694e-05,-4.698585768246226e-06,1.0401645436467031e-06,0.0,0.0,0.0,0.0,8.0
-1.2905,1.8074088480203538,0.6639416479917997,0.8244459044263067,-0.002630933762565362,0.0008203200004460107,-5.740345392284306e-05,1.4953699479710157e-05,-4.822661574392701e-06,1.0570407184173373e-06,0.0,0.0,0.0,0.0,8.0
-1.2875,1.8077927936955882,0.6635273393988561,0.8250383280999503,-0.0027386922508877377,0.0008251491155525068,-5.777309504217874e-05,1.5299694897487843e-05,-4.947697975405882e-06,1.0738124890324643e-06,0.0,0.0,0.0,0.0,8.0
-1.2845,1.8081928425030525,0.6630986697670387,0.8256465442338615,-0.0028467590578760025,0.0008299148865663632,-5.811637720558747e-05,1.565051040636168e-05,-5.07376840384363e-06,1.0904769483872196e-06,0.0,0.0,0.0,0.0,8.0
-1.2815,1.8086089222517914,0.6626556759477968,0.826270507956756,-0.0029551264589774387,0.0008346088410809188,-5.843415784532805e-05,1.6005142608844455e-05,-5.201020746837644e-06,1.1070288638430846e-06,0.0,0.0,0.0,0.0,8.0
-1.2785,1.8090409545738895,0.6621983982076884,0.826910173861047,-0.003063785572002951,0.0008392227965165343,-5.872710533963761e-05,1.636246912499725e-05,-5.329653766903086e-06,1.1234640975844093e-06,0.0,0.0,0.0,0.0,8.0
-1.2755,1.8094888576112387,0.6617268785758801,0.8275654968958995,-0.0031727255319010795,0.0008437489044368783,-5.899549949668754e-05,1.672137533216042e-05,-5.4598837024936825e-06,1.1397835174231142e-06,0.0,0.0,0.0,0.0,8.0
-1.2725,1.809952549339217,0.6612411591061853,0.8282364327881461,-0.0032819326243868144,0.0008481796064355676,-5.923907872924343e-05,1.7080887490351566e-05,-5.59190834353394e-06,1.1559959937772438e-06,0.0,0.0,0.0,0.0,8.0
-1.2695,1.8104319510786293,0.6607412803361262,0.8289229379404407,-0.0033913894514588966,0.0008525075091011782,-5.945696196480163e-05,1.744028890987981e-05,-5.725875892433251e-06,1.1721194203933133e-06,0.0,0.0,0.0,0.0,8.0
-1.2665,1.810926990694789,0.6602272802032176,0.8296249687810694,-0.003501074218976685,0.000856725193368413,-5.9647661646494266e-05,1.7799200522574965e-05,-5.861864121363906e-06,1.1881792219757892e-06,0.0,0.0,0.0,0.0,8.0
-1.2635,1.8114376051716703,0.6596991935410542,0.830342480585434,-0.0036109601910366464,0.000860824976250365,-5.9809191563934186e-05,1.8157617724190304e-05,-5.999872172347359e-06,1.2042042284760915e-06,0.0,0.0,0.0,0.0,8.0
-1.2605,1.811963742699658,0.6591570520231622,0.8310754258380101,-0.0037210152448303377,0.0008647986346288041,-5.993926565720431e-05,1.8515909454170675e-05,-6.139823613531194e-06,1.2202198760012027e-06,0.0,0.0,0.0,0.0,8.0
-1.2575,1.812505364989063,0.658600884127906,0.8318237522305455,-0.003831201321254189,0.0008686370839441021,-6.0035583309475825e-05,1.8874798985803465e-05,-6.28157607978394e-06,1.236238460815514e-06,0.0,0.0,0.0,0.0,8.0
-1.2545,1.8130624508719184,0.6580307145397424,0.832587400379111,-0.003941473489306707,0.0008723299954966995,-6.009619728376894e-05,1.9235352851361635e-05,-6.424931089101139e-06,1.2522460278833114e-06,0.0,0.0,0.0,0.0,8.0
-1.2515,1.81363500188491,0.6574465626227001,0.8333663012940815,-0.0040517784491052,0.0008758653618263237,-6.011994918280463e-05,1.9598998188181926e-05,-6.569638425831466e-06,1.2681861415445344e-06,0.0,0.0,0.0,0.0,8.0
-1.2485,1.8142230490257432,0.6568484403843937,0.8341603735919715,-0.004162052688240727,0.0008792291031000119,-6.010692004215964e-05,1.9967565450092908e-05,-6.715393326824807e-06,1.2839429387164567e-06,0.0,0.0,0.0,0.0,8.0
-1.2455,1.8148266573319336,0.6562363516119708,0.8349695204643945,-0.004272221153575844,0.0008824049406978575,-6.0058778530887496e-05,2.0343316014104965e-05,-6.8618310406395624e-06,1.2993294600439101e-06,0.0,0.0,0.0,0.0,8.0
-1.2425,1.8154459223505601,0.6556102950645476,0.8357936265842886,-0.0043821979527490385,0.0008853748837737978,-5.9978840860546055e-05,2.072887771170682e-05,-7.008529924592857e-06,1.3140908307801076e-06,0.0,0.0,0.0,0.0,8.0
-1.2395,1.8160809519115657,0.6549702747605278,0.8366325554427894,-0.004491890766944498,0.000888120663047263,-5.987163968734161e-05,2.1127002266245883e-05,-7.155037182722851e-06,1.3279324411937498e-06,0.0,0.0,0.0,0.0,8.0
-1.2365,1.8167318300194413,0.6543163184909171,0.8374861479652607,-0.004601209805627383,0.0008906261857134652,-5.974189800655664e-05,2.1540104406328517e-05,-7.300926393307579e-06,1.3405775630653939e-06,0.0,0.0,0.0,0.0,8.0
-1.2335,1.8173985677693214,0.6536485015360828,0.8383542234164048,-0.004710080103765699,0.0008928805631788346,-5.9593042364923354e-05,2.1969649511093353e-05,-7.4458815613026115e-06,1.3518458669149396e-06,0.0,0.0,0.0,0.0,8.0
-1.2305,1.8180810563511853,0.6529669676351855,0.83923658329562,-0.004818453401829399,0.0008948806710175343,-5.942569745917153e-05,2.241558849809388e-05,-7.589782953257961e-06,1.3617282245216826e-06,0.0,0.0,0.0,0.0,8.0
-1.2275,1.8187790434228752,0.6522719366404153,0.8401330180229496,-0.004926314257866152,0.0008966319227216053,-5.923680740531601e-05,2.2876115390113e-05,-7.732756355155849e-06,1.3704235122809354e-06,0.0,0.0,0.0,0.0,8.0
-1.2245,1.8194921499543084,0.6515636910918579,0.841043314960507,-0.005033676043506853,0.0008981463491447246,-5.9019931276964465e-05,2.3347961035574097e-05,-7.875152108263644e-06,1.3783101253432802e-06,0.0,0.0,0.0,0.0,8.0
-1.2215,1.82021992844526,0.6508425426414555,0.8419672653278091,-0.005140566503755003,0.0008994382052220267,-5.876679891780805e-05,2.3827217985503015e-05,-8.017447703075909e-06,1.385851135178115e-06,0.0,0.0,0.0,0.0,8.0
-1.2185,1.8209619421902536,0.6501087899244231,0.8429046675667987,-0.005247007891703901,0.000900518658082276,-5.846957843358358e-05,2.4310412696852504e-05,-8.160106512391266e-06,1.3934662321480476e-06,0.0,0.0,0.0,0.0,8.0
-1.2155,1.821717832244163,0.6493626853173878,0.8438553259761504,-0.005353000016778249,0.0009013917860976789,-5.8122887129790415e-05,2.4795378136479173e-05,-8.303451593352292e-06,1.4014244753153785e-06,0.0,0.0,0.0,0.0,8.0
-1.2125,1.8224873442869225,0.6486044241234928,0.8448190454445639,-0.005458513244966393,0.0009020535447182084,-5.772469539675365e-05,2.5281566210209172e-05,-8.447607117509471e-06,1.4098026986126122e-06,0.0,0.0,0.0,0.0,8.0
-1.2095,1.8232703097457665,0.6478341576918135,0.8457956247395606,-0.0055634929947044245,0.0009024937787631008,-5.727589803408085e-05,2.5769742987391812e-05,-8.5925221083714e-06,1.4185183362834669e-06,0.0,0.0,0.0,0.0,8.0
-1.2065,1.8240665996417849,0.6470520197162339,0.846784851073488,-0.005667871216868861,0.0009026998123065252,-5.677904448724654e-05,2.6261330607316763e-05,-8.738046957244406e-06,1.4274062321401321e-06,0.0,0.0,0.0,0.0,8.0
-1.2035,1.8248760794106371,0.6462581506721833,0.8477864975041374,-0.005771577819490552,0.0009026596594996723,-5.623704125859892e-05,2.6757781813659142e-05,-8.88401280952982e-06,1.436293190817861e-06,0.0,0.0,0.0,0.0,8.0
-1.2005,1.8256985839580882,0.6454527107728034,0.8488003230344952,-0.005874547166172431,0.0009023636552682238,-5.5652409582755436e-05,2.7260242403124825e-05,-9.030277540143672e-06,1.4450389028592603e-06,0.0,0.0,0.0,0.0,8.0
-1.1975,1.8265339145954127,0.6446358812538282,0.8498260741754294,-0.005976719152436222,0.0009018045407824764,-5.502717636566092e-05,2.776951504009976e-05,-9.176732998333647e-06,1.453540844980156e-06,0.0,0.0,0.0,0.0,8.0
-1.1945,1.8273818474855386,0.6438078598378654,0.8508634866956598,-0.0060780373912502385,0.0009009768035392807,-5.4363113715849773e-05,2.8286177315315086e-05,-9.32329076005924e-06,1.4617204730727791e-06,0.0,0.0,0.0,0.0,8.0
-1.1915,1.8282421426442672,0.642968856173513,0.8519122869246964,-0.0061784472272487225,0.000899876037839549,-5.3662008106721344e-05,2.8810703230454605e-05,-9.469866017409567e-06,1.4695088905314555e-06,0.0,0.0,0.0,0.0,8.0
-1.1885,1.829114548667589,0.642119089632358,0.8529721926091075,-0.006277894794556349,0.0008984986319279629,-5.2925809539626875e-05,2.9343523421208923e-05,-9.616368917786064e-06,1.4768399604111825e-06,0.0,0.0,0.0,0.0,8.0
-1.1855,1.8299988037195258,0.6412587890253676,0.8540429135784223,-0.00637632699709294,0.0008968417182029677,-5.2156667258157195e-05,2.9885033056725213e-05,-9.76270300433908e-06,1.4836499051024196e-06,0.0,0.0,0.0,0.0,8.0
-1.1825,1.8308946348823165,0.6403881930483224,0.8551241524250811,-0.0064736918918112335,0.0008949032279122129,-5.1356907808077565e-05,3.0435577181816016e-05,-9.908767303376606e-06,1.4898798325147822e-06,0.0,0.0,0.0,0.0,8.0
-1.1795,1.831801757215078,0.639507550721145,0.8562156052718582,-0.006569939137606855,0.0008926819533168907,-5.052899230615631e-05,3.0995432396831865e-05,-1.0054459738448542e-05,1.495478892988491e-06,0.0,0.0,0.0,0.0,8.0
-1.1765,1.8327198729150624,0.6386171216139405,0.8573169626186115,-0.006665020407473292,0.0008901775892957528,-4.9675463897603546e-05,3.1564790529890374e-05,-1.0199681149467943e-05,1.5004073600042882e-06,0.0,0.0,0.0,0.0,8.0
-1.1735,1.8336486705126802,0.6377171759070869,0.858427910233431,-0.006758889776271679,0.0008873907586337267,-4.879888413770511e-05,3.214374359051955e-05,-1.0344339967246293e-05,1.504639694570553e-06,0.0,0.0,0.0,0.0,8.0
-1.1705,1.8345878238529434,0.6368079944310111,0.8595481300521135,-0.00685150414093733,0.00088432303702763,-4.790175282085375e-05,3.27322668703469e-05,-1.0488357873059996e-05,1.508167940581573e-06,0.0,0.0,0.0,0.0,8.0
-1.1675,1.8355369905522592,0.635889868865686,0.8606773010591102,-0.006942823746055241,0.0008809769976043107,-4.6986404686117706e-05,3.3330196200468186e-05,-1.0631676855685583e-05,1.5110058924580149e-06,0.0,0.0,0.0,0.0,8.0
-1.1645,1.8364958097126935,0.6349631022320606,0.8618151001370907,-0.007032812864949451,0.00087735628838577,-4.605487976151861e-05,3.393719663122801e-05,-1.077426787535626e-05,1.5131943084694734e-06,0.0,0.0,0.0,0.0,8.0
-1.1615,1.8374638990270125,0.6340280096319013,0.8629612028827817,-0.00712144059942381,0.0008734657341270418,-4.510877507423405e-05,3.4552724490860924e-05,-1.0916140647230358e-05,1.51480684633748e-06,0.0,0.0,0.0,0.0,8.0
-1.1585,1.8384408520658853,0.6330849188728813,0.8641152843797304,-0.007208681597773723,0.0008693114148203601,-4.414910584876307e-05,3.517599347583388e-05,-1.1057352746479436e-05,1.5159552936989503e-06,0.0,0.0,0.0,0.0,8.0
-1.1555,1.839426237421062,0.6321341702032927,0.865277019877713,-0.007294516271550738,0.000864900624179363,-4.317623199626351e-05,3.5805966882347814e-05,-1.1198014443371446e-05,1.5167912000567617e-06,0.0,0.0,0.0,0.0,8.0
-1.1525,1.8404196022063801,0.6311761140204746,0.8664460852434487,-0.007378929887293554,0.0008602415716812571,-4.2189932367891144e-05,3.644140842499949e-05,-1.1338283924467039e-05,1.517499667098492e-06,0.0,0.0,0.0,0.0,8.0
-1.1495,1.8414204827132081,0.6302111053423171,0.8676221569262833,-0.007461909841171676,0.0008553426908453432,-4.1189720005555104e-05,3.708102682996977e-05,-1.1478346798986381e-05,1.5182806376075963e-06,0.0,0.0,0.0,0.0,8.0
-1.1465,1.8424284242025937,0.6292394943054758,0.868804911063099,-0.007543440637793722,0.000850211486339395,-4.017546786710685e-05,3.772373697070307e-05,-1.161837523348498e-05,1.519314517536328e-06,0.0,0.0,0.0,0.0,8.0
-1.1435,1.8434430094580134,0.6282616131511406,0.8699940212984393,-0.007623496698977276,0.0008448530118911708,-3.914834117358815e-05,3.8369027359763975e-05,-1.1758466702500039e-05,1.5207131021996499e-06,0.0,0.0,0.0,0.0,8.0
-1.1405,1.8444638918695884,0.627277762001462,0.8711891550065222,-0.007702034110360876,0.0008392683047176809,-3.8111909128215975e-05,3.901737176636818e-05,-1.1898570272727454e-05,1.5224634475576946e-06,0.0,0.0,0.0,0.0,8.0
-1.1375,1.845490824338072,0.6262881977433401,0.8723899679434616,-0.007778983551216682,0.0008334533441358078,-3.707316065121983e-05,3.967056422087377e-05,-1.2038417983025421e-05,1.5243800032269296e-06,0.0,0.0,0.0,0.0,8.0
-1.1345,1.8465236719595146,0.6252931316298271,0.8735960979367741,-0.007854247487248459,0.0008273992344739019,-3.6043031955748886e-05,4.033181666007131e-05,-1.2177486676518647e-05,1.5260858632187792e-06,0.0,0.0,0.0,0.0,8.0
-1.1315,1.8475623966061214,0.624292740690089,0.8748071589265338,-0.00792770463806211,0.0008210941968173652,-3.503604456696083e-05,4.1005468732086393e-05,-1.2315016645466469e-05,1.527043285902207e-06,0.0,0.0,0.0,0.0,8.0
-1.1285,1.8486070070302985,0.6232871949181408,0.8760227372666894,-0.007999223275580251,0.0008145274990483894,-3.406881649928351e-05,4.169624428265754e-05,-1.2450103309631301e-05,1.526643375819917e-06,0.0,0.0,0.0,0.0,8.0
-1.1255,1.8496574790066913,0.6222766966772719,0.8772423923466591,-0.008068682062385434,0.0008076947027152225,-3.315755567984665e-05,4.24081461887317e-05,-1.2581856083625115e-05,1.5243450366028923e-06,0.0,0.0,0.0,0.0,8.0
-1.1225,1.850713663340765,0.6212615224613004,0.8784656630109898,-0.00813599367118032,0.0008006027967806564,-3.231508550183279e-05,4.31432654292297e-05,-1.2709590041128215e-05,1.519829444257085e-06,0.0,0.0,0.0,0.0,8.0
-1.1195,1.851775209582963,0.6202420530066264,0.8796920798659098,-0.008201123842847864,0.000793273320173368,-3.154830335471788e-05,4.390090776236417e-05,-1.2832992731746925e-05,1.5131189322776498e-06,0.0,0.0,0.0,0.0,8.0
-1.1165,1.8528415336879485,0.6192187787319693,0.8809211816640696,-0.008264098505388036,0.0007857418360725314,-3.085702042811214e-05,4.4677422572425605e-05,-1.2952204469568598e-05,1.5046099867985676e-06,0.0,0.0,0.0,0.0,8.0
-1.1135,1.8539118454962757,0.6181922747736284,0.8821525322250715,-0.008324994926250993,0.0007780532340358658,-3.0234754556313223e-05,4.546691322526299e-05,-1.3067773762019178e-05,1.494994750335219e-06,0.0,0.0,0.0,0.0,8.0
-1.1105,1.8549852300115521,0.6171631513735669,0.8833857335977247,-0.008383918751043721,0.0007702539650803561,-2.967133397540199e-05,4.626267247055182e-05,-1.3180495194406589e-05,1.4850876503187326e-06,0.0,0.0,0.0,0.0,8.0
-1.1075,1.856060754584428,0.6161319959142584,0.8846204319494972,-0.008440974630612923,0.0007623837169600052,-2.9156425067734036e-05,4.705886916844975e-05,-1.329118555149805e-05,1.475614944726009e-06,0.0,0.0,0.0,0.0,8.0
-1.1045,1.8571375637290162,0.6150993267832798,0.8858563148701137,-0.008496240882283372,0.0007544694279457812,-2.8682708493668502e-05,4.785188563048021e-05,-1.3400480111972333e-05,1.4670430215426527e-06,0.0,0.0,0.0,0.0,8.0
-1.1015,1.8582149306462619,0.6140655738385156,0.8870931015511649,-0.008549756569687058,0.0007465235949149022,-2.824762858376839e-05,4.864085518951957e-05,-1.3508719274407454e-05,1.459504259525427e-06,0.0,0.0,0.0,0.0,8.0
-1.0985,1.8592922559319083,0.6130310881053326,0.8883305294365753,-0.00860152349636831,0.0007385469833997431,-2.7853336035435262e-05,4.94273090908949e-05,-1.3615951401605982e-05,1.4528347972841931e-06,0.0,0.0,0.0,0.0,8.0
-1.0955,1.8603690274131315,0.6119961710691941,0.8895683415096687,-0.008651519136059613,0.0007305340725853031,-2.7505246543335625e-05,5.0214216340032034e-05,-1.3722025705802816e-05,1.446690799374967e-06,0.0,0.0,0.0,0.0,8.0
-1.0925,1.8614447679284405,0.6109611079942967,0.8908062772972906,-0.00869971292971817,0.0007224787870411533,-2.7210113206863966e-05,5.100489139446706e-05,-1.3826717464639445e-05,1.440684237171473e-06,0.0,0.0,0.0,0.0,8.0
-1.0895,1.8625189950421177,0.6099261922616179,0.8920440686794654,-0.008746079101916935,0.0007143785493555347,-2.697445954278495e-05,5.180217832064165e-05,-1.392983028917463e-05,1.4344861007276745e-06,0.0,0.0,0.0,0.0,8.0
-1.0865,1.863591203151725,0.6088917356509571,0.8932814397713644,-0.008790602872231431,0.0007062359357855594,-2.6803784490715072e-05,5.260808294373922e-05,-1.4031247899503446e-05,1.4278741218195577e-06,0.0,0.0,0.0,0.0,8.0
-1.0835,1.8646608644243368,0.6078580671960249,0.894518109231747,-0.008833280877322174,0.0006980583934438889,-2.6702467474311752e-05,5.342378458660093e-05,-1.4130939262749258e-05,1.4207324557264916e-06,0.0,0.0,0.0,0.0,8.0
-1.0805,1.86572743819023,0.6068255267622854,0.8957537934112606,-0.008874118629972675,0.0006898570069919458,-2.6674042424736798e-05,5.4249841164448705e-05,-1.4228938178329796e-05,1.4130261893040345e-06,0.0,0.0,0.0,0.0,8.0
-1.0775,1.8667903797327359,0.6057944585987476,0.8969882093382682,-0.008913127614070582,0.000681645165150036,-2.6721524985512724e-05,5.508641959526189e-05,-1.4325317866988647e-05,1.4047717718454702e-06,0.0,0.0,0.0,0.0,8.0
-1.0745,1.8678491445920151,0.6047652072139392,0.8982210771308135,-0.008950323267568666,0.0006734375391626238,-2.684763669161965e-05,5.593346809767925e-05,-1.442017106966239e-05,1.39601404602071e-06,0.0,0.0,0.0,0.0,8.0
-1.0715,1.86890318886365,0.6037381155354725,0.8994521217580789,-0.008985723915554874,0.0006652494207297836,-2.705491656436432e-05,5.679082111541094e-05,-1.451359676613676e-05,1.3868112341439932e-06,0.0,0.0,0.0,0.0,8.0
-1.0685,1.869951967601725,0.602713524403033,0.9006810741750654,-0.009019350231922919,0.00065709631927153,-2.734577279386075e-05,5.765825900545878e-05,-1.4605690593719483e-05,1.3772252393067575e-06,0.0,0.0,0.0,0.0,8.0
-1.0655,1.8709949330492857,0.601691772594551,0.9019076718596443,-0.009051224863951702,0.000648993725973059,-2.7722522240744552e-05,5.853554360561701e-05,-1.4696536320373716e-05,1.367314734438263e-06,0.0,0.0,0.0,0.0,8.0
-1.0625,1.8720315334796287,0.6006731970135802,0.903131658793214,-0.009081372067840692,0.0006409570011567363,-2.8187439315776438e-05,5.9422440072654236e-05,-1.47861973343935e-05,1.3571298686824125e-06,0.0,0.0,0.0,0.0,8.0
-1.0595,1.873061212777788,0.5996581329423829,0.9043527849680719,-0.009109817350888996,0.000633001370219099,-2.8742816406440587e-05,6.031872808502831e-05,-1.4874708234196126e-05,1.3467083342689807e-06,0.0,0.0,0.0,0.0,8.0
-1.0565,1.874083410620056,0.5986469143509441,0.9055708055578814,-0.009136587168799698,0.0006251420166134693,-2.939102967775375e-05,6.122420323243354e-05,-1.4962066980983074e-05,1.3360727975357419e-06,0.0,0.0,0.0,0.0,8.0
-1.0535,1.8750975630397206,0.5976398742474917,0.9067854799319474,-0.009161708730432505,0.000617394252968367,-3.0134601668180874e-05,6.213866950533666e-05,-1.5048228091100758e-05,1.325229656384824e-06,0.0,0.0,0.0,0.0,8.0
-1.0505,1.8761031031610147,0.5966373450351663,0.9079965707191323,-0.009185209952972015,0.0006097737442423452,-3.0976251607411395e-05,6.306192426979376e-05,-1.513309730733594e-05,1.3141690160491486e-06,0.0,0.0,0.0,0.0,8.0
-1.0475,1.8770994618938888,0.5956396588281743,0.9092038431288478,-0.009207119600411604,0.0006022967537995871,-3.191892455219842e-05,6.3993737328819e-05,-1.5216528217482757e-05,1.302865771605492e-06,0.0,0.0,0.0,0.0,8.0
-1.0445,1.8780860684091412,0.5946471476818171,0.9104070647118699,-0.009227467628483876,0.0005949803851754217,-3.2965791326218284e-05,6.493382558456088e-05,-1.5298321385628236e-05,1.2912817555345975e-06,0.0,0.0,0.0,0.0,8.0
-1.0415,1.8790623502731998,0.5936601436982254,0.9116060056909085,-0.009246285746406162,0.0005878427984275542,-3.4120213296927665e-05,6.58818245509571e-05,-1.5378226661886997e-05,1.279369018280144e-06,0.0,0.0,0.0,0.0,8.0
-1.0385,1.880027733236308,0.5926789789730617,0.9128004399100973,-0.009263608184754177,0.0005809033886347014,-3.538566975370737e-05,6.683725773706537e-05,-1.5455949330740833e-05,1.2670743988458215e-06,0.0,0.0,0.0,0.0,8.0
-1.0355,1.8809816408515112,0.5917039853375518,0.9139901463480229,-0.009279472624581554,0.0005741829228828673,-3.676565140825316e-05,6.779950497090476e-05,-1.5531160528396966e-05,1.2543455395838737e-06,0.0,0.0,0.0,0.0,8.0
-1.0325,1.8819234943415055,0.5907354938218566,0.9151749110214058,-0.009293921195356356,0.000567703638512212,-3.826353100986764e-05,6.876777121886336e-05,-1.5603511836682446e-05,1.2411383513811046e-06,0.0,0.0,0.0,0.0,8.0
-1.0295,1.8828527133618145,0.5897738337327669,0.9163545289967711,-0.009307001397872963,0.0005614893078872301,-3.988242972200672e-05,6.974105828356312e-05,-1.5672653194775397e-05,1.2274256447660858e-06,0.0,0.0,0.0,0.0,8.0
-1.0265,1.8837687184058245,0.5888193312337905,0.9175288061575185,-0.00931876677500286,0.0005555652734509429,-4.162510268362476e-05,7.071814248110829e-05,-1.5738252475154214e-05,1.2132062934895714e-06,0.0,0.0,0.0,0.0,8.0
-1.0235,1.8846709353967783,0.5878723073836439,0.9186975603834954,-0.009329277168353543,0.000549958452715137,-4.349386505861949e-05,7.169756129736857e-05,-1.580001459831707e-05,1.1985140447604295e-06,0.0,0.0,0.0,0.0,8.0
-1.0205,1.8855588023906908,0.5869330757610535,0.9198606219246671,-0.009338598486894731,0.0005446973075981921,-4.549056777034523e-05,7.267761058064175e-05,-1.5857698261680956e-05,1.1834250873994544e-06,0.0,0.0,0.0,0.0,8.0
-1.0175,1.8864317773039883,0.5860019400594993,0.9210178329999201,-0.009346802070209905,0.0005398117655526853,-4.761661080097184e-05,7.365635141190195e-05,-1.591112934619333e-05,1.1680637641790085e-06,0.0,0.0,0.0,0.0,8.0
-1.0145,1.887289344460701,0.5850791922768841,0.9221690469897306,-0.009353963903534589,0.0005353330673185402,-4.987295844634869e-05,7.46316241517714e-05,-1.596021150513756e-05,1.1526061690062333e-06,0.0,0.0,0.0,0.0,8.0
-1.0115,1.888131017038037,0.5841651121913184,0.9233141279232548,-0.0093601640418679,0.0005312934929447237,-5.226010793908063e-05,7.560106897105186e-05,-1.6004935538063313e-05,1.1372814083270373e-06,0.0,0.0,0.0,0.0,8.0
-1.0085,1.8889563327298047,0.5832599685596226,0.9244529511490539,-0.00936548653320517,0.0005277258848504671,-5.477797327876369e-05,7.656215919289616e-05,-1.604538898588917e-05,1.1223696796635619e-06,0.0,0.0,0.0,0.0,8.0
-1.0055,1.889764841416901,0.5823640218855626,0.9255854059889379,-0.009370019869413227,0.0005246628592897995,-5.742568399685418e-05,7.751226425844678e-05,-1.608176551865077e-05,1.108195108040137e-06,0.0,0.0,0.0,0.0,8.0
-1.0025,1.8905560860393231,0.5814775278791651,0.9267114007393276,-0.009373857629093065,0.0005221356067282659,-6.020135178189226e-05,7.844876643369666e-05,-1.6114370736754818e-05,1.0951102463626633e-06,0.0,0.0,0.0,0.0,8.0
-0.9995,1.8913295803279775,0.5806007402368204,0.9278308696644662,-0.009377098706604147,0.0005201722612109027,-6.310189937890928e-05,7.936925013814329e-05,-1.6143618622505494e-05,1.0834695240750483e-06,0.0,0.0,0.0,0.0,8.0
-0.9964999999999999,1.8920847884837675,0.5797339114630295,0.9289437808239671,-0.009379846545976853,0.0005187959781481203,-6.612304735928935e-05,8.027175905075148e-05,-1.617001293859552e-05,1.0735916468778753e-06,0.0,0.0,0.0,0.0,8.0
-0.9935,1.8928211115805427,0.5788772912052659,0.930050142985703,-0.009382207179894948,0.0005180230583497423,-6.925950460152935e-05,8.115507834431588e-05,-1.6194111189828447e-05,1.0657156688602089e-06,0.0,0.0,0.0,0.0,8.0
-0.9904999999999999,1.8935378835559304,0.5780311226624107,0.9311500097600004,-0.009384286453395776,0.0005178616034127987,-7.250532717637873e-05,8.201896422600225e-05,-1.621647423415471e-05,1.0599602044179964e-06,0.0,0.0,0.0,0.0,8.0
-0.9875,1.8942343770677315,0.5771956384758745,0.9322434795643489,-0.009386187272899811,0.000518311184280763,-7.585434031688463e-05,8.286423237781739e-05,-1.6237609608006118e-05,1.0562972295919824e-06,0.0,0.0,0.0,0.0,8.0
-0.9844999999999999,1.8949098173674466,0.5763710576433401,0.933330690974818,-0.009388007784148363,0.0005193638056308791,-7.930049913479436e-05,8.369264447880895e-05,-1.625791857378559e-05,1.0545492707271905e-06,0.0,0.0,0.0,0.0,8.0
-0.9815,1.8955634013134446,0.5755575843636235,0.9344118141331736,-0.009389840999762923,0.000521006106001505,-8.283810575150518e-05,8.450659180645246e-05,-1.6277655116735264e-05,1.0544120469238509e-06,0.0,0.0,0.0,0.0,8.0
-0.9784999999999999,1.896194318570284,0.5747554087533938,0.9354870397853795,-0.009391775792212082,0.0005232223818800056,-8.646187622131859e-05,8.530864212816672e-05,-1.6296901266089877e-05,1.0554968077173025e-06,0.0,0.0,0.0,0.0,8.0
-0.9755,1.8968017723261643,0.5739647086623014,0.9365565679511032,-0.009393898679776688,0.0005259978079602954,-9.016691452962968e-05,8.610106065931859e-05,-1.631555989692305e-05,1.0573813884701309e-06,0.0,0.0,0.0,0.0,8.0
-0.9724999999999999,1.8973849970829173,0.5731856516927681,0.9376205980874015,-0.009396295683141005,0.0005293212186169182,-9.39486705056274e-05,8.688541998003382e-05,-1.6333365277105795e-05,1.0596585350385847e-06,0.0,0.0,0.0,0.0,8.0
-0.9695,1.897943271307317,0.5724183969028289,0.9386793220361099,-0.009399053699276048,0.0005331869865034529,-9.780293278221873e-05,8.766238054801122e-05,-1.6349912559428856e-05,1.0619737635411007e-06,0.0,0.0,0.0,0.0,8.0
-0.9664999999999999,1.8984759233454767,0.5716630961492477,0.9397329202743012,-0.009402261136521508,0.0005375957837907093,-0.00010172586137628645,8.843167133894157e-05,-1.636470807493626e-05,1.0640503774939951e-06,0.0,0.0,0.0,0.0,8.0
-0.9635,1.8989823301726099,0.5709198952757745,0.9407815612697105,-0.009406007794170342,0.000542554241545826,-0.00010571402505653462,8.919224981836408e-05,-1.637724065335019e-05,1.065703564491204e-06,0.0,0.0,0.0,0.0,8.0
-0.9604999999999999,1.8994619100060017,0.5701889352945706,0.9418254032549126,-0.009410384093020384,0.0005480736847140417,-0.0001097643911058143,8.994258447731109e-05,-1.6387069784938747e-05,1.0668473336692807e-06,0.0,0.0,0.0,0.0,8.0
-0.9575,1.8999141109951776,0.5694703535035317,0.9428645975452364,-0.009415479826172246,0.0005541682174266446,-0.00011387421978041804,9.068098493216104e-05,-1.639392048717431e-05,1.0674975587022547e-06,0.0,0.0,0.0,0.0,8.0
-0.9544999999999999,1.9003383986738627,0.5687642843301912,0.9438992926029729,-0.009421382673886947,0.000560852490679794,-0.00011804083795939958,9.140590307774298e-05,-1.6397769483872453e-05,1.0677725465134598e-06,0.0,0.0,0.0,0.0,8.0
-0.9515,1.9007342445288902,0.5680708596973283,0.9449296382867262,-0.009428176824564505,0.0005681395183489531,-0.00012226130255141749,9.211614252214724e-05,-1.6398904990987346e-05,1.0678904664960163e-06,0.0,0.0,0.0,0.0,8.0
-0.9484999999999999,1.9011011171548442,0.5673902088520938,0.9459557899837002,-0.009435942117506327,0.0005760389159985575,-0.00012653200954124976,9.281094034028635e-05,-1.6397944507268555e-05,1.0681615164904807e-06,0.0,0.0,0.0,0.0,8.0
-0.9455,1.9014384763911645,0.566722457814186,0.9469779124961211,-0.009444754113110453,0.0005845559053307184,-0.00013084834772544656,9.348991962170279e-05,-1.6395801656825688e-05,1.068972406649274e-06,0.0,0.0,0.0,0.0,8.0
-0.9424999999999999,1.901745769906782,0.5660677287928085,0.9479961836080157,-0.009454685378820351,0.0005936913391736638,-0.00013520451795531198,9.415294365043172e-05,-1.6393602784043783e-05,1.0707617427937028e-06,0.0,0.0,0.0,0.0,8.0
-0.9395,1.902022431119215,0.5654261400160575,0.9490107972497557,-0.009465808078412788,0.0006034428497680533,-0.00013959361869496758,9.479992138386585e-05,-1.639256373658149e-05,1.0739868562658245e-06,0.0,0.0,0.0,0.0,8.0
-0.9365000000000001,1.902267877210309,0.5647978063446949,0.9500219662077977,-0.009478197720184257,0.0006138070140839847,-0.00014400802691239264,9.543061125010504e-05,-1.6393843972982345e-05,1.0790848894795944e-06,0.0,0.0,0.0,0.0,8.0
-0.9335,1.9024815063275755,0.5641828407800367,0.9510299244656778,-0.009491937700720874,0.0006247821889482592,-0.00014843999041166237,9.604444723035449e-05,-1.6398397270954924e-05,1.086432851035095e-06,0.0,0.0,0.0,0.0,8.0
-0.9305000000000001,1.9026626937391344,0.5635813565709191,0.9520349294646728,-0.0095071240799053,0.0006363714358999036,-0.00015288222853147726,9.66403804342604e-05,-1.6406837278724284e-05,1.0963126246364678e-06,0.0,0.0,0.0,0.0,8.0
-0.9275,1.902810787555612,0.5629934692103984,0.9530372646553288,-0.009523869800806701,0.0006485847813275338,-0.0001573282652425376,9.721671222835623e-05,-1.641933582709239e-05,1.1088877038982857e-06,0.0,0.0,0.0,0.0,8.0
-0.9245000000000001,1.9029251054022402,0.5624192973754875,0.9540372424315123,-0.00954230728611054,0.000661439999727899,-0.00016177224546226675,9.777091176782111e-05,-1.6435575919274836e-05,1.124198880785639e-06,0.0,0.0,0.0,0.0,8.0
-0.9215,1.903004933873988,0.561858961966631,0.9550352067687491,-0.009562588041641314,0.0006749612299753606,-0.0001662081414311589,9.829946700536182e-05,-1.645478884283197e-05,1.1421856852581965e-06,0.0,0.0,0.0,0.0,8.0
-0.9185000000000001,1.9030495325500858,0.561312582896274,0.9560315338019567,-0.009584877762643896,0.0006891750895394098,-0.00017062852105461965,9.879789289946052e-05,-1.647590786962795e-05,1.162737432589202e-06,0.0,0.0,0.0,0.0,8.0
-0.9155,1.9030581437088825,0.5607802740297009,0.9570266277187028,-0.009609345777000585,0.0007041045452796001,-0.0001750233388354416,9.926106566795424e-05,-1.6497856166855417e-05,1.1857702696015956e-06,0.0,0.0,0.0,0.0,8.0
-0.9125000000000001,1.903030007741088,0.560262137402866,0.9580209094810198,-0.009636148757504407,0.000719761540996196,-0.00017937938383768258,9.968401079101464e-05,-1.651994352087982e-05,1.211314167744178e-06,0.0,0.0,0.0,0.0,8.0
-0.9095,1.902964382835804,0.5597582581632197,0.959014797667628,-0.009665410549488853,0.0007361400675756338,-0.00018368093934823456,0.00010006311488175616,-1.654228001451775e-05,1.2395797882715532e-06,0.0,0.0,0.0,0.0,8.0
-0.9065000000000001,1.90286056618168,0.5592687012991019,0.9600086842697536,-0.009697202369369174,0.0007532117363040484,-0.0001879118233206274,0.00010039749043511124,-1.6566052088986658e-05,1.2709673798352631e-06,0.0,0.0,0.0,0.0,8.0
-0.9035,1.90271791314488,0.5587935100658873,0.9610029128692732,-0.009731529832206709,0.0007709257992056251,-0.00019205839652424575,0.00010069000369171891,-1.659349012493419e-05,1.3059875398365487e-06,0.0,0.0,0.0,0.0,8.0
-0.9005000000000001,1.9025358510318695,0.5583327044098918,0.9619977705843562,-0.009768334272321343,0.0007892149300084622,-0.0001961126101268419,0.00010094741902488557,-1.6627421042451093e-05,1.3450908272259604e-06,0.0,0.0,0.0,0.0,8.0
-0.8975,1.9023138850945112,0.5578862765374788,0.9629935057982061,-0.00980751442178177,0.0008080069946609927,-0.0002000740046588771,0.00010117931230563383,-1.6670441988496446e-05,1.3884429691673064e-06,0.0,0.0,0.0,0.0,8.0
-0.8945000000000001,1.9020515956686312,0.5574541815441526,0.9639903777333743,-0.009848969423510023,0.0008272414494140919,-0.0002039498863890968,0.00010139583754423855,-1.672392331580991e-05,1.435717645692886e-06,0.0,0.0,0.0,0.0,8.0
-0.8915,1.9017486255055052,0.5570363251093675,0.9649887292096245,-0.009892654740981928,0.0008468867457807096,-0.0002077535348993324,0.00010160494788585788,-1.6787178679572678e-05,1.485991437729773e-06,0.0,0.0,0.0,0.0,8.0
-0.8885000000000001,1.9014046547651604,0.5566325574051262,0.9659890527936604,-0.00993863057116461,0.0008669524510400058,-0.00021150090372058328,0.00010181006315401638,-1.6857169590875375e-05,1.537807557605549e-06,0.0,0.0,0.0,0.0,8.0
-0.8855,1.9010193594242601,0.5562426885656226,0.9669920038896643,-0.009987074161724521,0.0008874882258624968,-0.00021520662074372358,0.00010200924399546983,-1.6929015042403043e-05,1.5894313694935281e-06,0.0,0.0,0.0,0.0,8.0
-0.8825000000000001,1.9005923517845376,0.5558665383252177,0.9679983210459912,-0.010038233256874366,0.0009085641491946483,-0.00021888018114077075,0.00010219653469896503,-1.699734723407032e-05,1.639261785695889e-06,0.0,0.0,0.0,0.0,8.0
-0.8795,1.900123114546284,0.5555040133181119,0.9690086596209759,-0.010092325376679588,0.0009302351624998688,-0.00022252313068193478,0.00010236523590578979,-1.7058210054391553e-05,1.6862999998369716e-06,0.0,0.0,0.0,0.0,8.0
-0.8765000000000001,1.8996109609162368,0.5551551731208313,0.9700234207401325,-0.010149429780853309,0.0009525041081103083,-0.00022612759937934099,0.00010251167927642681,-1.7110841513577978e-05,1.730532881599816e-06,0.0,0.0,0.0,0.0,8.0
-0.8734999999999999,1.8990550666202526,0.5548202228531317,0.97104271227239,-0.010209446881675424,0.0009753043750485881,-0.00022967557563459203,0.00010263724853363714,-1.7158545347791638e-05,1.7730983080461686e-06,0.0,0.0,0.0,0.0,8.0
-0.8705,1.8984545987054533,0.5544993917749097,0.9720665373047234,-0.010272175852219621,0.000998515359339638,-0.00023313760855792106,0.00010274689265726268,-1.7208156542159686e-05,1.816173942442621e-06,0.0,0.0,0.0,0.0,8.0
-0.8674999999999999,1.8978088968649554,0.5541927410973272,0.9730951378526228,-0.010337476425371915,0.001022003205125486,-0.0002364713822216166,0.00010284471901376048,-1.7268241507578196e-05,1.8626022394949065e-06,0.0,0.0,0.0,0.0,8.0
-0.8645,1.8971175809483833,0.5539000454474956,0.9741292235381129,-0.010405390208770406,0.001045662430615145,-0.00023962571952090765,0.00010293035611456932,-1.734668438163522e-05,1.915245318165706e-06,0.0,0.0,0.0,0.0,8.0
-0.8614999999999999,1.8963804533423239,0.5536209015475836,0.9751697992821812,-0.010476097590668193,0.0010694384718885883,-0.00024255848303895988,0.00010300059143508074,-1.7448344692740357e-05,1.976029206627965e-06,0.0,0.0,0.0,0.0,8.0
-0.8585,1.8955972061326376,0.553355053527988,0.9762176127726587,-0.010549722061810993,0.0010933305470753598,-0.00024526653024172456,0.00010305632143472,-1.7573250296862432e-05,2.0448488488482396e-06,0.0,0.0,0.0,0.0,8.0
-0.8554999999999999,1.8947671482524595,0.5531026820528298,0.9772726831306198,-0.010626165479063133,0.0011173825918523751,-0.0002478029552177592,0.0001031073759769253,-1.77160485012815e-05,2.119074048648443e-06,0.0,0.0,0.0,0.0,8.0
-0.8525,1.893889181465863,0.5528643748048394,0.9783344235460782,-0.010705151033789825,0.001141643551083531,-0.000250239822458885,0.00010316346971600564,-1.7867621514061693e-05,2.194710558740256e-06,0.0,0.0,0.0,0.0,8.0
-0.8494999999999999,1.8929618852553485,0.5526409138507892,0.9794020927046051,-0.010786291077178899,0.001166004310666336,-0.0002525453768728838,0.00010320650237880772,-1.8020149256612864e-05,2.269911119533968e-06,0.0,0.0,0.0,0.0,8.0
-0.8465,1.8919830549984,0.5524336554572752,0.9804741653674257,-0.010868652422884744,0.001189932527466826,-0.0002544892925416888,0.00010318772013999405,-1.8181031681811005e-05,2.35023055320892e-06,0.0,0.0,0.0,0.0,8.0
-0.8434999999999999,1.8909484023350158,0.5522459755594523,0.9815461399264617,-0.01095047732405859,0.001213056268458296,-0.0002560666359786212,0.00010312885955245168,-1.8363478336426587e-05,2.4394738905232627e-06,0.0,0.0,0.0,0.0,8.0
-0.8405,1.8898548488618718,0.5520811987394914,0.9826128341700922,-0.011031296117122372,0.0012373387076034708,-0.00025861948254708196,0.00010325999180396214,-1.8460679892886798e-05,2.484121750928699e-06,0.0,0.0,0.0,0.0,8.0
-0.8374999999999999,1.8882745841453163,0.5518885737640747,0.9839012980212509,-0.011086822363187686,0.001221183559640175,-0.0002667218553984384,0.00011038157796713136,-1.7925723368194725e-05,1.5721505383259888e-06,0.0,0.0,0.0,0.0,8.0
-0.8345,1.8875755751301382,0.5516567024646767,0.9848508740030146,-0.011140172617351247,0.0012834928705491371,-0.00027826350361654284,0.00010580046833438119,-1.7228783158217745e-05,2.0464672039458795e-06,0.0,0.0,0.0,0.0,8.0
-0.8314999999999999,1.886501516094466,0.551538376625749,0.98593730157617,-0.011284726048960655,0.0013324504277334572,-0.0002737691554537024,0.00010110347244738767,-1.7696189782187095e-05,2.6941289188769246e-06,0.0,0.0,0.0,0.0,8.0
-0.8285,1.8852718460122537,0.5514174903371868,0.9870523712623213,-0.011395078882248274,0.0013586875492261155,-0.0002748643175485478,0.00010136120549576315,-1.7723510290266764e-05,2.710594865224844e-06,0.0,0.0,0.0,0.0,8.0
-0.8254999999999999,1.8839543562301957,0.5513028082726492,0.9881888507003765,-0.011505649818694168,0.0013828738762969462,-0.00027633343484577524,0.00010181691100596145,-1.7664281665652582e-05,2.7260253517018375e-06,0.0,0.0,0.0,0.0,8.0
-0.8225,1.8825836418249187,0.5511995862807103,0.9893371235959659,-0.011616172085083355,0.0014085868825319807,-0.000277797273748925,0.00010203382641472745,-1.7605851178259262e-05,2.764746896404865e-06,0.0,0.0,0.0,0.0,8.0
-0.8194999999999999,1.8811635196209782,0.5511089601468704,0.9904964614841222,-0.011727562159267624,0.0014359054450429306,-0.00027909423576271807,0.00010200686390790104,-1.7592289678936593e-05,2.812019828458503e-06,0.0,0.0,0.0,0.0,8.0
-0.8165,1.8796923563247698,0.5510307593516416,0.9916670159884844,-0.011841073212628676,0.00146410236409342,-0.0002802634385156422,0.00010179981816154588,-1.7615808847132016e-05,2.864457802578e-06,0.0,0.0,0.0,0.0,8.0
-0.8134999999999999,1.8781694163074276,0.5509652536224624,0.992849452557694,-0.01195757989336588,0.0014926914888972202,-0.00028126114506279927,0.00010149493200453412,-1.766054683032863e-05,2.92086936594348e-06,0.0,0.0,0.0,0.0,8.0
-0.8105,1.8765947760770578,0.5509129305176456,0.9940446710704438,-0.0120775176710991,0.0015214488856817047,-0.0002820050456286432,0.00010115219381795329,-1.7720662320161023e-05,2.9780054509824483e-06,0.0,0.0,0.0,0.0,8.0
-0.8075000000000001,1.8749683754529662,0.5508740511329,0.9952535517872599,-0.012201017028395622,0.0015502229630231378,-0.0002824652979779357,0.00010079470935540471,-1.779564640592144e-05,3.0331074013764438e-06,0.0,0.0,0.0,0.0,8.0
-0.8045,1.8732897179556212,0.5508485314462513,0.9964768658099392,-0.012327954766074404,0.0015789019157528652,-0.0002826618664419865,0.00010041941916978629,-1.788280743148526e-05,3.086331525690031e-06,0.0,0.0,0.0,0.0,8.0
-0.8015000000000001,1.8715580723530942,0.5508360721443605,0.9977152289926047,-0.012458068883773871,0.0016074150359694965,-0.0002826295619161979,0.00010001075935431783,-1.797693399711986e-05,3.1400509320432958e-06,0.0,0.0,0.0,0.0,8.0
-0.7985,1.8697727566286209,0.550836337328054,0.9989690888439092,-0.01259110083983186,0.0016357208237276952,-0.0002823859126306586,9.955387690561579e-05,-1.8073429828231524e-05,3.196570440946821e-06,0.0,0.0,0.0,0.0,8.0
-0.7955000000000001,1.867933267435612,0.5508490515501514,1.0002387549993594,-0.012726875742278414,0.0016637965398093426,-0.00028191467415746897,9.904552249247208e-05,-1.817016092697584e-05,3.256530508027151e-06,0.0,0.0,0.0,0.0,8.0
-0.7925,1.8660392464805715,0.5508740010050208,1.0015244541748163,-0.012865315903571409,0.0016916270160808144,-0.00028117277114905244,9.849781707271586e-05,-1.8267338632146595e-05,3.3187773630262826e-06,0.0,0.0,0.0,0.0,8.0
-0.7895000000000001,1.86409039791596,0.5509109937153519,1.0028263907802915,-0.0130064221190525,0.001719191579833489,-0.0002801121939319573,9.793486149227253e-05,-1.8366301988892247e-05,3.3812953527936633e-06,0.0,0.0,0.0,0.0,8.0
-0.7865,1.862086453311554,0.5509598310156831,1.0041448049327615,-0.013150247763549948,0.0017464539795986154,-0.00027870153958155084,9.738461789589033e-05,-1.8468409634090662e-05,3.442288374896554e-06,0.0,0.0,0.0,0.0,8.0
-0.7835000000000001,1.8600271965446458,0.5510203071997325,1.005480026452438,-0.013296870987278565,0.0017733598275971529,-0.00027693541081155195,9.686882201527512e-05,-1.857456735656242e-05,3.5006935531446864e-06,0.0,0.0,0.0,0.0,8.0
-0.7805,1.8579125061613029,0.5510922243186857,1.0068325170370185,-0.013446362961394797,0.0017998409438553017,-0.0002748278589305611,9.63939239249236e-05,-1.8684873176009307e-05,3.555973675910699e-06,0.0,0.0,0.0,0.0,8.0
-0.7775000000000001,1.8557423754314746,0.5511754016462211,1.0082028815595356,-0.01359875404525429,0.001825822889824981,-0.00027239448933021206,9.594626586691601e-05,-1.879763912548844e-05,3.6075190969433122e-06,0.0,0.0,0.0,0.0,8.0
-0.7745,1.853516899144023,0.5512696710862012,1.0095918296606416,-0.01375400541266069,0.0018512333432487357,-0.00026963456745342023,9.549419332346657e-05,-1.8908069622480523e-05,3.6541585385077546e-06,0.0,0.0,0.0,0.0,8.0
-0.7715000000000001,1.851236238027113,0.5513748654702006,1.0110000866586726,-0.013911994433615819,0.0018760118694512995,-0.0002665263645310177,9.499841544974501e-05,-1.9008160409489082e-05,3.6941584140606817e-06,0.0,0.0,0.0,0.0,8.0
-0.7685,1.84890057741428,0.5514908124631516,1.0124282793691435,-0.014072518335100032,0.0019001218327290106,-0.0002630427682838696,9.442934058500901e-05,-1.908941486460488e-05,3.725799971105104e-06,0.0,0.0,0.0,0.0,8.0
-0.7655000000000001,1.8465100933821392,0.5516173397591887,1.0138768418794248,-0.014235316560615907,0.0019235612664582479,-0.00025918046850441633,9.378586594882392e-05,-1.914811212702563e-05,3.7482633553885848e-06,0.0,0.0,0.0,0.0,8.0
-0.7625,1.8440649355258543,0.5517542848504353,1.0153459857390132,-0.014400109132752088,0.0019463641463590574,-0.0002549823019222375,9.310570260611424e-05,-1.919019237909831e-05,3.7622617834549595e-06,0.0,0.0,0.0,0.0,8.0
-0.7595000000000001,1.8415652326668075,0.5519014963088671,1.0168357528932634,-0.014566642453325576,0.0019685816755839686,-0.0002505299757364747,9.245723913618862e-05,-1.9231752139239717e-05,3.7699092176210907e-06,0.0,0.0,0.0,0.0,8.0
-0.7565,1.8390111218838414,0.5520588212448425,1.018346122476987,-0.014734722899303063,0.001990239421526619,-0.0002459000357607555,9.191126838594898e-05,-1.9293512445330432e-05,3.773851177843652e-06,0.0,0.0,0.0,0.0,8.0
-0.7535000000000001,1.836402788502472,0.552226092823545,1.0198770963364028,-0.014904210917297347,0.002011281540673626,-0.00024110348857201767,9.150522672631037e-05,-1.9392417281090368e-05,3.7764597389720614e-06,0.0,0.0,0.0,0.0,8.0
-0.7505,1.8337404903047803,0.5524031437830017,1.0214286884582109,-0.015074964129181126,0.002031532045582698,-0.0002360499929349655,9.12221870899396e-05,-1.9536484661321527e-05,3.780047378450515e-06,0.0,0.0,0.0,0.0,8.0
-0.7475,1.8310245426748781,0.5525898489582441,1.0230008348740198,-0.015246769470671722,0.0020507114220216166,-0.00023057071040921335,9.100033521198887e-05,-1.972615543634105e-05,3.78793287744239e-06,0.0,0.0,0.0,0.0,8.0
-0.7444999999999999,1.8282552789410025,0.5527861403199871,1.0245933922354415,-0.015419365056648843,0.002068530682700261,-0.0002244962836269373,9.076688186907991e-05,-1.995829990374006e-05,3.8045701453433867e-06,0.0,0.0,0.0,0.0,8.0
-0.7414999999999998,1.8254330330048947,0.5529919131608062,1.0262064367841282,-0.015592645890698234,0.002084841902169258,-0.0002177414815191022,9.047050172063932e-05,-2.022577496201253e-05,3.833054920165593e-06,0.0,0.0,0.0,0.0,8.0
-0.7385000000000002,1.8225581155086845,0.553206865274679,1.027840804630314,-0.01576700068505148,0.0020997718534775255,-0.00021033361612780702,9.008780969240264e-05,-2.0511835450866488e-05,3.871299132867138e-06,0.0,0.0,0.0,0.0,8.0
-0.7355,1.8196305531664578,0.5534305626606619,1.029498309833159,-0.015943501457653247,0.0021137434454191295,-0.00020235856858860995,8.960186873293175e-05,-2.0788137883984966e-05,3.911202962405653e-06,0.0,0.0,0.0,0.0,8.0
-0.7324999999999999,1.8166493409167226,0.5536630522726321,1.0311810175160814,-0.01612369121433905,0.002127386488595779,-0.00019388525703789575,8.897935337361583e-05,-2.102463715720933e-05,3.943580653132763e-06,0.0,0.0,0.0,0.0,8.0
-0.7294999999999998,1.8136119099957824,0.553905484781016,1.0328901725073643,-0.016309225471780563,0.0021415586636517603,-0.0001850283451721719,8.818893131454747e-05,-2.1201284092882393e-05,3.962642559796998e-06,0.0,0.0,0.0,0.0,8.0
-0.7265000000000001,1.8105174468699035,0.5541582253399908,1.0346265018868532,-0.016501078572890505,0.0021572460697848613,-0.00017621202119129102,8.729209723350765e-05,-2.129099233509633e-05,3.953534062914731e-06,0.0,0.0,0.0,0.0,8.0
-0.7235,1.8073776939073805,0.5544148637871581,1.0363900460187048,-0.0166952483758896,0.002173523247973508,-0.00016812908612519786,8.660037136111542e-05,-2.1264937362850366e-05,3.8794773577866766e-06,0.0,0.0,0.0,0.0,8.0
-0.7204999999999999,1.804197391057932,0.5546757472326428,1.0381735719014602,-0.016885958213081854,0.0021872931483767405,-0.0001595672399155384,8.599309667746049e-05,-2.1326874365557858e-05,3.8366008259900855e-06,0.0,0.0,0.0,0.0,8.0
-0.7174999999999998,1.7995649159535771,0.5549280235042432,1.0406754858019653,-0.016991091450253765,0.0020893102151645798,-0.00015365594144688266,9.870025329117528e-05,-2.0945584751143367e-05,2.2865928200242934e-06,0.0,0.0,0.0,0.0,8.0
-0.7145000000000001,1.7989529819657808,0.5549208731141955,1.04131419967654,-0.01696087049003649,0.0021683654936364453,-0.00017218748314808024,9.403876344646377e-05,-1.9805958765628637e-05,2.924814830713131e-06,0.0,0.0,0.0,0.0,8.0
-0.7115,1.7947042863013922,0.5554271224555498,1.0434575431198632,-0.017355281919126525,0.002199748923464956,-0.0001414331243194381,8.756334901395709e-05,-2.0214667924636413e-05,3.6338492112325437e-06,-3.1500883465737805e-07,6.247620078491669e-08,0.0,0.0,10.0
-0.7084999999999999,1.7913092139407796,0.5556882050536893,1.0453125904712481,-0.0175134896563341,0.0022095636388151955,-0.00013425958751274436,8.598894311812413e-05,-2.0068779678675733e-05,3.739033006535598e-06,-3.41541946267054e-07,4.5131880796174076e-08,0.0,0.0,10.0
-0.7054999999999998,1.7879548106192498,0.5559827851994894,1.0471702475477307,-0.01768361748078526,0.0022223770299347754,-0.00012423703950061472,8.410462385079193e-05,-2.0367789136399547e-05,3.7976895094697467e-06,-3.3622020179623005e-07,3.8346788293684294e-08,0.0,0.0,10.0
-0.7025000000000001,1.7845407661261834,0.5562952264513132,1.0490687253360722,-0.0178625745011151,0.0022268667724471393,-0.00011258569248784674,8.356178908816599e-05,-2.0771496759119714e-05,3.678629976711587e-06,-3.1595177109103083e-07,5.351584748781574e-08,0.0,0.0,10.0
-0.6995,1.781072797702193,0.5566124255295708,1.0509912811389437,-0.0180439161293649,0.002227492293564696,-0.00010046766216836335,8.354762013831539e-05,-2.1070949406064226e-05,3.5402613992857805e-06,-2.944929659515303e-07,7.182876769259547e-08,0.0,0.0,10.0
-0.6964999999999999,1.7775579737312956,0.5569299720983465,1.0529319586951662,-0.01822310449669838,0.002227368843013471,-8.819565189132082e-05,8.353115002348163e-05,-2.1287023888425595e-05,3.426134133831676e-06,-2.782883907703421e-07,8.600121399334368e-08,0.0,0.0,10.0
-0.6934999999999998,1.7740000826278886,0.5572483270487528,1.0548911834306072,-0.018399171854850353,0.002226856578383711,-7.587608986252076e-05,8.335791664793446e-05,-2.1475901877299164e-05,3.3265073861158772e-06,-2.6870403481808267e-07,9.584628741952608e-08,0.0,0.0,10.0
-0.6905000000000001,1.7704030194695894,0.5575695039346772,1.0568700034473384,-0.01857290532360581,0.002225393373128883,-6.349586110843754e-05,8.307551979066812e-05,-2.1641950889611444e-05,3.2377807605998215e-06,-2.629710632207075e-07,1.0298674451363537e-07,0.0,0.0,10.0
-0.6875,1.7667696388741738,0.5578950649322897,1.058869211938528,-0.018744972067139522,0.0022225429371473446,-5.097920595879711e-05,8.275127985991894e-05,-2.1781683919377152e-05,3.1578826460909453e-06,-2.5886684969706036e-07,1.0875087377918922e-07,0.0,0.0,10.0
-0.6844999999999999,1.763101250684854,0.55822553381914,1.0608891031487238,-0.01891561244706693,0.0022181078312877357,-3.8249853088013777e-05,8.240996034828014e-05,-2.190799568270954e-05,3.0810946498517374e-06,-2.551600132736393e-07,1.1417957356321561e-07,0.0,0.0,10.0
-0.6815000000000002,1.7593984011418766,0.5585607261513845,1.0629294751050458,-0.019084808430593268,0.0022120579231004727,-2.5225625749753927e-05,8.206086273022184e-05,-2.2035190436495778e-05,3.0031244232637134e-06,-2.503488682695675e-07,1.2020511403525671e-07,0.0,0.0,10.0
-0.6785000000000001,1.755661579896803,0.5589002157807019,1.064989931523807,-0.019252375450843632,0.002204436769302046,-1.1839660760779176e-05,8.171318776572649e-05,-2.2168800910869955e-05,2.922398017183941e-06,-2.4362559335328317e-07,1.2721570201326297e-07,0.0,0.0,10.0
-0.6755,1.7518914482027308,0.5592435949955943,1.0670701608800879,-0.019417997210446847,0.002195297140119578,1.9452282640510677e-06,8.138342289920147e-05,-2.2302045638320733e-05,2.8401240209807613e-06,-2.3530025109062936e-07,1.3491085189765132e-07,0.0,0.0,10.0
-0.6724999999999999,1.7480888539245663,0.559590557062272,1.069169981698457,-0.01958130921204902,0.002184671744090296,1.6141733892866678e-05,8.10935547468361e-05,-2.2422333319491728e-05,2.758402449145379e-06,-2.2642303632510526e-07,1.425884884000068e-07,0.0,0.0,10.0
-0.6695000000000002,1.7442548194588043,0.5599408958328659,1.071289226850728,-0.019742017865972128,0.0021725626167313486,3.0747746642911955e-05,8.086208283882728e-05,-2.252198517315005e-05,2.6778029635933282e-06,-2.1806504409780582e-07,1.495989080133933e-07,0.0,0.0,10.0
-0.6665000000000001,1.7403905105548814,0.5602944734706338,1.073427649093009,-0.01989996914121871,0.0021589420829190085,4.574847565179165e-05,8.069455152135079e-05,-2.2605000221804706e-05,2.596121501069627e-06,-2.10834954363328e-07,1.5564869464128652e-07,0.0,0.0,10.0
-0.6635,1.7364971681286034,0.5606511761456445,1.0755849318318336,-0.020055125542940946,0.00214376950856991,6.111533123522477e-05,8.05809213578551e-05,-2.2685827641802647e-05,2.509025359453201e-06,-2.0482591225567767e-07,1.6084059378424841e-07,0.0,0.0,10.0
-0.6604999999999999,1.7325760273453228,0.5610108681294242,1.077760759501164,-0.020207488766219514,0.0021270202472033228,7.681006383935114e-05,8.050189738503113e-05,-2.2781917403503995e-05,2.4120613155861596e-06,-1.998214106151526e-07,1.655327017492927e-07,0.0,0.0,10.0
-0.6575000000000002,1.7286282668998272,0.5613733535635833,1.0799548647012545,-0.02035703408001182,0.002108709587621872,9.279423877890646e-05,8.043963217013001e-05,-2.2905317757626227e-05,2.3027064412348957e-06,-1.9552854994205343e-07,1.7015195047099503e-07,0.0,0.0,10.0
-0.6545000000000001,1.724655014085297,0.5617383551622209,1.082167015273448,-0.02050369244088027,0.002088894832088744,0.00010903737053361547,8.038567718569682e-05,-2.3058196141474836e-05,2.1811992504341616e-06,-1.917278214748257e-07,1.750410654676237e-07,0.0,0.0,10.0
-0.6515,1.7206573993480996,0.5621055162059361,1.0843969620298413,-0.020647370138154018,0.0020676532225247122,0.000125519134566232,8.034221631354052e-05,-2.32338487197725e-05,2.049794198355897e-06,-1.8831131487404628e-07,1.8036040570313377e-07,0.0,0.0,10.0
-0.6484999999999999,1.7166366274285259,0.5624744260145192,1.086644387794473,-0.020787972955464803,0.0020450483106255863,0.00014222717066414767,8.031790609749064e-05,-2.3421311932937164e-05,1.911191549895024e-06,-1.8521581088708771e-07,1.86054988950931e-07,0.0,0.0,10.0
-0.6455000000000002,1.7125940226179661,0.5628446632815929,1.0889088807619463,-0.020925409801819603,0.0020211017015328353,0.00015915474308826722,8.032238775019741e-05,-2.36104346775132e-05,1.767342218735758e-06,-1.8233833821018126e-07,1.91903624647073e-07,0.0,0.0,10.0
-0.6425000000000001,1.7085310162850247,0.5632158496295434,1.0911899267323655,-0.021059572257078895,0.0019957809636515756,0.00017630061902864448,8.036239304479502e-05,-2.3795183930359e-05,1.619310088041507e-06,-1.7958604012887425e-07,1.9764740833550966e-07,0.0,0.0,10.0
-0.6395,1.7044490709615385,0.5635877065172692,1.0934868985280568,-0.021190301416956225,0.001969004495153677,0.00019367042954333095,8.043985751130148e-05,-2.3974449884176775e-05,1.4679107023308352e-06,-1.7709949652729587e-07,2.0314532696401635e-07,0.0,0.0,10.0
-0.6364999999999998,1.7003495668590953,0.5639601078628788,1.0957990236260209,-0.021317354158992847,0.0019406563881458952,0.00021127689925466128,8.055174881029312e-05,-2.4150809290730497e-05,1.3142829375243512e-06,-1.7544457145306172e-07,2.08464304027603e-07,0.0,0.0,10.0
-0.6335000000000002,1.6962337013354862,0.5643331146665203,1.0981253312325638,-0.021440375256287572,0.0019106019367908387,0.0002291358205531564,8.069274710242081e-05,-2.4328748045274027e-05,1.1598276867498217e-06,-1.7546926231993678e-07,2.138248096748438e-07,0.0,0.0,10.0
-0.6305000000000001,1.692102458516798,0.5647069657434646,1.1004646205306063,-0.021558887017046245,0.0018786989702561337,0.00024725650726987634,8.086222880035018e-05,-2.4514248282933387e-05,1.0057081350833823e-06,-1.7774332831341546e-07,2.194027326783677e-07,0.0,0.0,10.0
-0.6275,1.6879566877428145,0.5650819861445746,1.1028155515758018,-0.02167233604075097,0.0018448118595654856,0.0002656314036482037,8.107268554771652e-05,-2.471612014441901e-05,8.525512883122381e-07,-1.8189816888428454e-07,2.2509835273571077e-07,0.0,0.0,10.0
-0.6244999999999998,1.68379728344028,0.5654583826756917,1.1051769918235657,-0.021780264614206485,0.0018088470631313059,0.0002842366120495551,8.134973575267162e-05,-2.4946376913047873e-05,7.007231321148147e-07,-1.8644807478361523e-07,2.3045653993736258e-07,0.0,0.0,10.0
-0.6215000000000002,1.6796254012265186,0.5658359547147338,1.107548632954166,-0.02188262494241606,0.0017708213587603193,0.0003030526324378227,8.171414939886924e-05,-2.5215763078307507e-05,5.509163446789581e-07,-1.8952390740792215e-07,2.3488200476589334e-07,0.0,0.0,10.0
-0.6185,1.6754426267220728,0.5662138549849574,1.1099315366288531,-0.021980057796624045,0.0017309277514219695,0.0003220923043266601,8.215321801905685e-05,-2.552447811531744e-05,4.042655997079575e-07,-1.9029255679530218e-07,2.38108157824765e-07,0.0,0.0,10.0
-0.6154999999999999,1.6712510089575336,0.5665906455496339,1.1123278914819568,-0.02207375365971414,0.0016895154808181934,0.00034139515116291994,8.261162464816685e-05,-2.5854958973975614e-05,2.6119311145114926e-07,-1.9002199502640873e-07,2.4062988166523956e-07,0.0,0.0,10.0
-0.6124999999999998,1.6670524784949876,0.5669650773402597,1.1147395025424993,-0.022164804969331153,0.0016469721965422866,0.00036097855658246656,8.301941644845928e-05,-2.6177413771567113e-05,1.204993337371827e-07,-1.9154356581248602e-07,2.435646473891741e-07,0.0,0.0,10.0
-0.6095000000000002,1.6628463520158967,0.5673381723329636,1.1171658269778364,-0.022253951816335577,0.0016037123016675535,0.00038086711647057836,8.33065889568529e-05,-2.6476866415679035e-05,-1.431333715848868e-08,-1.9667385005081058e-07,2.472095069425196e-07,0.0,0.0,10.0
-0.6065,1.6586267307670923,0.5677149374401761,1.1196035550349002,-0.02234214657807362,0.0015602900597256088,0.0004012244411686325,8.337778317830526e-05,-2.6782443680496584e-05,-1.247678899591008e-07,-2.0364740046025393e-07,2.492794587030929e-07,0.0,0.0,10.0
-0.6034999999999999,1.6543958836577881,0.568095760009436,1.1220477820990182,-0.02242657930720938,0.0015163174555642416,0.0004216068942614931,8.339702964207627e-05,-2.707556387866127e-05,-2.2946702017892887e-07,-2.1285512625852747e-07,2.513528279885919e-07,0.0,0.0,10.0
-0.6004999999999998,1.6502053178920177,0.5684514511313344,1.124490961756251,-0.022486957733286173,0.0014672413999379196,0.00043837742942670204,8.470964441010033e-05,-2.6981151400426438e-05,-5.545184956349946e-07,-2.4664218195608406e-07,2.8035727023033653e-07,0.0,0.0,10.0
-0.5975000000000001,1.6458891956448054,0.5687373693406045,1.127081099131577,-0.022494370166385783,0.0013723805300444069,0.0004480560550981845,9.533653185335775e-05,-2.5968478684617765e-05,-2.3003204573518353e-06,-3.3770864882717234e-07,4.7330163121277263e-07,0.0,0.0,10.0
-0.5945,1.641789282912451,0.5690298075980098,1.129504981782035,-0.022499404079436094,0.001317878509849817,0.00045650453202749453,9.801554175113957e-05,-2.5015263917638706e-05,-2.8612209273052648e-06,-4.2633138931379367e-07,5.318342189635088e-07,0.0,0.0,10.0
-0.5914999999999999,1.6376100572174255,0.569480010718843,1.131829892172756,-0.022603847580011303,0.0013156910251382425,0.0004831794628703931,8.799069120074023e-05,-2.623164207399088e-05,-1.3301284928228207e-06,-3.820063992976388e-07,3.4058001351687845e-07,0.0,0.0,10.0
-0.5884999999999998,1.6335048282485636,0.5698401722674218,1.1342183873111482,-0.022648665155823682,0.0012813304621049856,0.0005004659471539569,8.531138616587469e-05,-2.6331378291120948e-05,-9.825198343477435e-07,-4.0835293658375386e-07,2.8958113485254265e-07,0.0,0.0,10.0
-0.5855000000000001,1.6292990356606478,0.5702128026005899,1.136697896617913,-0.022696525165358396,0.0012244784525523762,0.0005201860564544373,8.68626661350988e-05,-2.6621086840419277e-05,-1.2502111081828367e-06,-4.2437300610228233e-07,3.085153065463345e-07,0.0,0.0,10.0
-0.5825,1.6250868795173896,0.5705917900232337,1.1391997409047447,-0.0227428993656276,0.001161200212805934,0.0005408259395749219,8.960385230522557e-05,-2.700880806722852e-05,-1.692199431965521e-06,-4.352051887679755e-07,3.479773491011581e-07,0.0,0.0,10.0
-0.5794999999999999,1.6208936840289796,0.5709665840865261,1.1416944421047872,-0.022781837899323268,0.0010993596399148224,0.0005610528609172017,9.188416217261972e-05,-2.738192518876917e-05,-2.0591026932814113e-06,-4.473902275441236e-07,3.793333154502281e-07,0.0,0.0,10.0
-0.5764999999999998,1.6167028935480268,0.5713299122136923,1.144184440465305,-0.022810073251519385,0.0010388024692639945,0.0005803561506585206,9.364037759118578e-05,-2.768255519116134e-05,-2.3355238973964102e-06,-4.645112684419551e-07,4.004571050667654e-07,0.0,0.0,10.0
-0.5735000000000001,1.6125070964794175,0.5716813413501323,1.1466733749753102,-0.022828462230078114,0.0009780873629410272,0.0005989214037280208,9.518690029529546e-05,-2.7922404164319336e-05,-2.566576577393323e-06,-4.862398154596118e-07,4.16324827361715e-07,0.0,0.0,10.0
-0.5705,1.6083130566919162,0.5720248359125544,1.1491603809361803,-0.022839883986372326,0.0009164510271568218,0.0006171774680058443,9.675682412537984e-05,-2.8142346618206044e-05,-2.7876322151793375e-06,-5.105196537312325e-07,4.30935409154651e-07,0.0,0.0,10.0
-0.5674999999999999,1.6041296634371995,0.5723648707198158,1.1516446127899522,-0.022846589278928072,0.0008534998199637119,0.0006354210490304409,9.847225078853477e-05,-2.8376231244010605e-05,-3.018651664924642e-06,-5.352709359826749e-07,4.467231272833383e-07,0.0,0.0,10.0
-0.5644999999999998,1.5999618423552018,0.5727043371653158,1.1541271324098508,-0.022849078707714018,0.0007890358025636305,0.0006536965905285522,0.0001003563786631867,-2.8641990154600247e-05,-3.266936130077923e-06,-5.585641600693243e-07,4.650343621045216e-07,0.0,0.0,10.0
-0.5615000000000001,1.5958108870014862,0.5730442711374124,1.1566098359179655,-0.022846458398955164,0.0007230981808103551,0.0006718659501212056,0.00010235316321430024,-2.8945322131486435e-05,-3.529260941342795e-06,-5.78513670130401e-07,4.86321395157705e-07,0.0,0.0,10.0
-0.5585,1.5916763199251263,0.5733843317565097,1.1590939822268536,-0.022837373074098062,0.0006558977754313573,0.0006897331505770084,0.00010437847447725117,-2.928099733465623e-05,-3.795800723956259e-06,-5.937300464168246e-07,5.102784552245943e-07,0.0,0.0,10.0
-0.5554999999999999,1.5875572018246142,0.5737233999911651,1.1615794632992837,-0.02282080736192621,0.0005876542037600287,0.000707141121267006,0.00010637688410200393,-2.963221891164736e-05,-4.055103617998333e-06,-6.038969598155276e-07,5.360897560896803e-07,0.0,0.0,10.0
-0.5525000000000002,1.5834528609274479,0.5740601331180034,1.1640648536602862,-0.022796453834488417,0.0005184758532322369,0.0007240141202453463,0.00010834792449421913,-2.9974519631278034e-05,-4.298265090304472e-06,-6.098078371321618e-07,5.627965422163415e-07,0.0,0.0,10.0
-0.5495000000000001,1.5793632701490927,0.5743934011132101,1.1665479397638296,-0.022764650230968717,0.0004483473038235971,0.0007403517992986881,0.00011033333768854431,-3.0285481953306967e-05,-4.521483709056205e-06,-6.128925274366111e-07,5.896513839805563e-07,0.0,0.0,10.0
-0.5465,1.5752891138882434,0.5747225158537718,1.169026375085799,-0.02272605996047021,0.0003771981969408581,0.0007561982832120978,0.00011238460196501782,-3.055475486882521e-05,-4.726853953323719e-06,-6.147493576756023e-07,6.162825974750214e-07,0.0,0.0,10.0
-0.5434999999999999,1.5712315897677915,0.5750472300156155,1.1714981765702912,-0.022681315714221374,0.00030499244684941296,0.0007716121702860336,0.00011453697074082392,-3.078740497163075e-05,-4.92120479659597e-06,-6.169466000221263e-07,6.42620788036141e-07,0.0,0.0,10.0
-0.5405000000000002,1.5671920903157466,0.5753675845568869,1.1739619364514038,-0.02263078807100579,0.0002317848651967896,0.0007866502822832094,0.000116803553187841,-3.0998217106189225e-05,-5.113046594730728e-06,-6.208860681216646e-07,6.687154751120798e-07,0.0,0.0,10.0
-0.5375000000000001,1.563171931829495,0.575683727593226,1.1764167835308623,-0.022574533892118498,0.00015772074822013166,0.0008013609713479938,0.00011918469943124358,-3.120117250712527e-05,-5.30877839519734e-06,-6.275181760093666e-07,6.946010228979921e-07,0.0,0.0,10.0
-0.5345,1.5591722245658186,0.5759957943998739,1.1788622118496401,-0.02251238459739628,8.298697526422549e-05,0.000815776585472025,0.0001216786921673482,-3.1401581123227663e-05,-5.5102341237898095e-06,-6.370909667857401e-07,7.20253802483396e-07,0.0,0.0,10.0
-0.5314999999999999,1.5551938812209918,0.5763038721358965,1.1812978923385735,-0.022444089228765476,7.746879818098491e-06,0.0008299021100598824,0.00012428417793343906,-3.159557560537734e-05,-5.71500511847712e-06,-6.49272548120308e-07,7.455813281169229e-07,0.0,0.0,10.0
-0.5285000000000002,1.5512377001122721,0.5766080220056562,1.1837235337282546,-0.02236943452496417,-6.79051225846008e-05,0.000843707294909168,0.0001269955822464368,-3.177560535805449e-05,-5.9189987939516455e-06,-6.636531239959278e-07,7.704006993243031e-07,0.0,0.0,10.0
-0.5255000000000001,1.54730445092925,0.5769083158263494,1.1861388070359633,-0.0222883027819354,-0.00014394960451903253,0.0008571309345478309,0.00012979892115081102,-3.193671442647929e-05,-6.1192202235261514e-06,-6.802393530967387e-07,7.944318834370084e-07,0.0,0.0,10.0
-0.5225,1.5433949169837202,0.5772048564578075,1.1885433173908815,-0.022200669997995578,-0.0002204134947839672,0.0008700977723938236,0.00013267301461039374,-3.2079392202222545e-05,-6.3150431602418215e-06,-6.995591423750289e-07,8.173462041291099e-07,0.0,0.0,10.0
-0.5194999999999999,1.539509881959243,0.5774977749128815,1.1909366001697772,-0.02210657219802895,-0.0002973271984714355,0.000882539973074782,0.00013559503699165027,-3.220845621065042e-05,-6.50765050544337e-06,-7.223342619651401e-07,8.38862588005421e-07,0.0,0.0,10.0
-0.5165000000000002,1.5356500717192014,0.5777872168923222,1.1933181257789613,-0.02200607288360184,-0.0003746884512513307,0.0008944138740672639,0.00013854584867647635,-3.23301679791038e-05,-6.698484574627778e-06,-7.489819771230602e-07,8.588339292589544e-07,0.0,0.0,10.0
-0.5135000000000001,1.531816066827673,0.5780733411581092,1.1956873079933883,-0.021899256408941446,-0.0004524438655115038,0.0009057080415524562,0.00014151127045281605,-3.245017404923838e-05,-6.887769618064312e-06,-7.792620842566659e-07,8.772568526963367e-07,0.0,0.0,10.0
-0.5105,1.528008197610246,0.5783563490074805,1.1980435181508038,-0.02178625808854239,-0.0005304878015387473,0.0009164448241833222,0.00014447849561066342,-3.2573637575265466e-05,-7.073651754430979e-06,-8.122358204967503e-07,8.941743713338477e-07,0.0,0.0,10.0
-0.5074999999999998,1.524226441757802,0.578636543891587,1.2003861087843644,-0.021667321857934713,-0.0006086728415244014,0.0009266798430318997,0.0001474298751599488,-3.2707126448940135e-05,-7.251923809025175e-06,-8.464815304146166e-07,9.095019518851203e-07,0.0,0.0,10.0
-0.5045000000000002,1.520470387893211,0.5789143768055984,1.2027144433781407,-0.02154284605080607,-0.000686829434241818,0.0009364994858977047,0.00015033840735096258,-3.286020871323124e-05,-7.416327998354277e-06,-8.803639790421164e-07,9.22869400539007e-07,0.0,0.0,10.0
-0.5015000000000001,1.5167394024603207,0.5791903749025656,1.205027915032376,-0.02141334365526239,-0.0007647998456181846,0.0009460053371712691,0.00015317136441775678,-3.304441893215986e-05,-7.559871053044665e-06,-9.122734878721071e-07,9.3363754028032e-07,0.0,0.0,10.0
-0.49849999999999994,1.5130331605836265,0.5794648336798859,1.20732592364042,-0.021279237377616122,-0.0008424954447772375,0.000955267976817953,0.00015590826793387546,-3.326841780156925e-05,-7.677712566330666e-06,-9.410569801543822e-07,9.412781150471453e-07,0.0,0.0,10.0
-0.49549999999999983,1.5093525130975283,0.5797372838334576,1.2096077891569126,-0.02114049461767129,-0.000919973747457527,0.000964251238502475,0.0001585699286665416,-3.352960351447536e-05,-7.771664018200507e-06,-9.667393465013025e-07,9.461093081483319e-07,0.0,0.0,10.0
-0.49250000000000016,1.5057001893965287,0.5800060640680617,1.2118726449942132,-0.020996324738749413,-0.0009974859943133344,0.000972753662976415,0.00016123616599624172,-3.380436889611173e-05,-7.855061244793318e-06,-9.906992527486788e-07,9.498421138935627e-07,0.0,0.0,10.0
-0.48950000000000005,1.5020804267364078,0.5802686075034367,1.2141194338686252,-0.020845350006108734,-0.0010753970618866127,0.0009804393087799652,0.00016402710676236484,-3.4049061584049314e-05,-7.951231508390568e-06,-1.015207511444476e-06,9.552997706554555e-07,0.0,0.0,10.0
-0.48649999999999993,1.4984971035137065,0.580522769526163,1.2163468825498263,-0.02068629651203915,-0.0011539982146810022,0.0009869917231580734,0.00016704828107465055,-3.4223989452554545e-05,-8.079310974250521e-06,-1.0433587051953259e-06,9.65259852527073e-07,0.0,0.0,10.0
-0.4834999999999998,1.4949520381569967,0.5807680158321827,1.2185533672371143,-0.020518407701002137,-0.0012334993779658787,0.0009922927913491605,0.00017035112223114153,-3.432244233240441e-05,-8.242525521523459e-06,-1.076801969590555e-06,9.806338124164774e-07,0.0,0.0,10.0
-0.48050000000000015,1.4914451025535478,0.5810050878740457,1.2207388376260828,-0.02034320069414973,-0.0013129221691216763,0.0009961556525134915,0.0001738698997240741,-3.4299355635738304e-05,-8.445554175694872e-06,-1.118628092599026e-06,1.0026122726355036e-06,0.0,0.0,10.0
-0.47750000000000004,1.486897823009274,0.5811334276615312,1.2236677573278623,-0.020066930888761138,-0.0015324091713120136,0.0009888073215563677,0.00020260444979991647,-3.25914158609485e-05,-1.2258291987449302e-05,-1.270875267528706e-06,1.447714704595204e-06,0.0,0.0,10.0
-0.4744999999999999,1.485151337399849,0.5811293439899192,1.224892228940853,-0.01976074630017347,-0.0015095908234091188,0.0009602814872413519,0.00019444822828026883,-2.9526151915230732e-05,-1.1341407141521898e-05,-1.5113499046226582e-06,1.3663331166648044e-06,0.0,0.0,10.0
-0.4714999999999998,1.4812349203324373,0.5816481698657584,1.2270696748775438,-0.019746255196994,-0.001545482357187724,0.0009947353671089184,0.00018449215213629862,-3.303085629251108e-05,-9.131613292049006e-06,-1.325836563821748e-06,1.0868207339077166e-06,0.0,0.0,10.0
-0.46850000000000014,1.4778629647255999,0.581888246836653,1.2291549115391625,-0.01955344423255038,-0.0016154984746017547,0.0009979053898273142,0.0001861578981272278,-3.326638632648264e-05,-8.955178428136781e-06,-1.3165504437545587e-06,1.0616952125855544e-06,0.0,0.0,10.0
-0.4655,1.4745371946683343,0.58211796154353,1.2312039054034005,-0.01935992292455657,-0.001689408297729306,0.0009995687357027075,0.00018888449038426976,-3.3256211573500617e-05,-8.986601976008053e-06,-1.3625041953855471e-06,1.0566045993180632e-06,0.0,0.0,10.0
-0.4624999999999999,1.471237747047439,0.5823449229193615,1.233238576660037,-0.01915941012700884,-0.0017635449796749405,0.0010005148331405941,0.00019172321654328125,-3.325184472408813e-05,-9.027180759456794e-06,-1.3929600930525495e-06,1.0603166814196778e-06,0.0,0.0,10.0
-0.4594999999999998,1.467962163719418,0.5825682401678419,1.235257529499642,-0.018953376225633024,-0.0018385649328381683,0.0010009937763079974,0.00019495165377318079,-3.32164058441172e-05,-9.108951697398705e-06,-1.4232188111026927e-06,1.0697542109817394e-06,0.0,0.0,10.0
-0.45650000000000013,1.4647091807149901,0.5827871453257755,1.2372604220468544,-0.018742050718190583,-0.0019148909938124336,0.0010008806016199147,0.00019860684969011852,-3.3146006051317376e-05,-9.243189712709082e-06,-1.4563011038016657e-06,1.0848399810155035e-06,0.0,0.0,10.0
-0.4535,1.4614819720653962,0.5830019363499143,1.239245332629567,-0.018525295982401022,-0.0019921395714307616,0.0010000699419354289,0.0002025721301289244,-3.305420505124935e-05,-9.423237852455575e-06,-1.4917115593455009e-06,1.10505219565692e-06,0.0,0.0,10.0
-0.4504999999999999,1.4582858229154294,0.583212912930052,1.2412081076965422,-0.018303119916756358,-0.0020693715473840356,0.0009985741853406273,0.0002067009807048534,-3.292920754449113e-05,-9.620126705686363e-06,-1.527624858591079e-06,1.1280847187698529e-06,0.0,0.0,10.0
-0.4474999999999998,1.4551257418672625,0.5834203039614483,1.2431443521391239,-0.018075693910087242,-0.002145664681496555,0.000996394748199729,0.00021082102206248723,-3.276883848117076e-05,-9.806195093266033e-06,-1.5635689478377197e-06,1.1507767397528823e-06,0.0,0.0,10.0
-0.4445000000000001,1.4520049190690123,0.5836243388639172,1.2450510388096365,-0.017843267892164734,-0.0022204481963459814,0.0009935052289269026,0.0002147904628549169,-3.258499878244975e-05,-9.967184356959462e-06,-1.600337431344106e-06,1.1707269805149885e-06,0.0,0.0,10.0
-0.4415,1.4489244318769843,0.583825220859899,1.2469268510222193,-0.01760609261558155,-0.0022935116983523376,0.0009899165571294075,0.00021856356807776437,-3.237967561520374e-05,-1.009661822532923e-05,-1.6377716288408462e-06,1.1870780268038607e-06,0.0,0.0,10.0
-0.4384999999999999,1.4458838685459516,0.5840230947668306,1.2487717119195378,-0.017364377922963928,-0.0023649083636257053,0.000985650365570518,0.0002221578256044083,-3.21501029915987e-05,-1.0195225807131551e-05,-1.6756135931601292e-06,1.2000212972918662e-06,0.0,0.0,10.0
-0.4355000000000002,1.4428821708243735,0.5842180344503992,1.2505860864400384,-0.017118283845284674,-0.0024348160874041996,0.0009807102597319158,0.0002256069247016741,-3.189541599502161e-05,-1.0268396155464296e-05,-1.7140540667275412e-06,1.2101234560503062e-06,0.0,0.0,10.0
-0.4325000000000001,1.4399182471337066,0.5844100541111588,1.2523704576080443,-0.016867928955544516,-0.0025034177014629498,0.0009750844571798364,0.00022893887140046213,-3.161636786649365e-05,-1.0322439753005122e-05,-1.7536647288459422e-06,1.2178940453452857e-06,0.0,0.0,10.0
-0.4295,1.4369912686699409,0.5845991376639541,1.2541250906947414,-0.016613404593539317,-0.002570837870244467,0.0009687611446548303,0.000232173727519204,-3.131211785363666e-05,-1.0361599292974905e-05,-1.794872863614801e-06,1.2237045175781485e-06,0.0,0.0,10.0
-0.4264999999999999,1.4341007368443315,0.5847852721062441,1.2558499978947733,-0.016354800092529317,-0.0026371395538750406,0.0009617334386274522,0.00023532297572297534,-3.098117804330855e-05,-1.0388141616581276e-05,-1.8379110405427578e-06,1.2277871204743473e-06,0.0,0.0,10.0
-0.4235000000000002,1.4312464399032965,0.5849684744150334,1.2575449973356478,-0.01609222429271329,-0.002702344806335405,0.0009539999599004213,0.00023839068502174603,-3.062342195917755e-05,-1.0403611779142465e-05,-1.8829604574210874e-06,1.230276993866583e-06,0.0,0.0,10.0
-0.4205000000000001,1.4284283801147817,0.5851488062877883,1.2592097941870284,-0.015825812851909416,-0.002766453372795807,0.0009455676188596209,0.00024137809440052347,-3.0240054384303266e-05,-1.040936431419018e-05,-1.9300825349292306e-06,1.2313089591347633e-06,0.0,0.0,10.0
-0.4175,1.4256467051940884,0.5853263740490463,1.2608440460900874,-0.015555724369976157,-0.002829455149532995,0.0009364525336586564,0.00024428722883311445,-2.983298538719587e-05,-1.0406732409161814e-05,-1.979147169545398e-06,1.2310858964993645e-06,0.0,0.0,10.0
-0.41449999999999987,1.4229016486433317,0.5855013159962348,1.2624474049150836,-0.015282129555207712,-0.0028913374046036513,0.0009266774958420084,0.0002471218258683975,-2.9404509473430496e-05,-1.0397160754471111e-05,-2.029874555841995e-06,1.2298846077661386e-06,0.0,0.0,10.0
-0.4115000000000002,1.4201934777770877,0.5856737828433782,1.264019539723489,-0.015005196586905157,-0.002952087226833287,0.0009162680006584081,0.00024988683944386517,-2.8956958504790382e-05,-1.0382186821137705e-05,-2.081914456498038e-06,1.2280273224729346e-06,0.0,0.0,10.0
-0.4085000000000001,1.4175224505745696,0.5858439182088806,1.265560146727988,-0.014725076947662502,-0.0030116906955610146,0.0009052486314921077,0.00025258761924021637,-2.8492194944411963e-05,-1.0363258326586116e-05,-2.134904129416457e-06,1.2258454452037986e-06,0.0,0.0,10.0
-0.40549999999999997,1.4148887840528994,0.5860118450787313,1.2670689505647346,-0.014441896126881579,-0.003070131161317219,0.0008936402688441411,0.0002552289111533856,-2.801129720278357e-05,-1.0341586500731922e-05,-2.18852675801218e-06,1.2236413300301972e-06,0.0,0.0,10.0
-0.40249999999999986,1.4122926363556096,0.5861776612602393,1.2685457006074274,-0.014155751120562509,-0.0031273878700058388,0.0008814586485635357,0.00025781408564608173,-2.751449874876136e-05,-1.0318081773038172e-05,-2.2425626676778315e-06,1.22165900084543e-06,0.0,0.0,10.0
-0.3995000000000002,1.4097341024907042,0.5863414432487452,1.2699901651872296,-0.013866714112671978,-0.0031834353536722908,0.0008687145499995204,0.00026034491290193214,-2.7001241631516236e-05,-1.0293339186056867e-05,-2.296908228558168e-06,1.2200719805653384e-06,0.0,0.0,10.0
-0.3965000000000001,1.407213220728735,0.5865032552845328,1.2714021255335204,-0.013574840250002619,-0.0032382439710773965,0.0008554152618668373,0.0002628216234599329,-2.6470250867288954e-05,-1.0267715726339652e-05,-2.351556735572535e-06,1.2189823949181204e-06,0.0,0.0,10.0
-0.39349999999999996,1.4047299848947008,0.5866631594596905,1.272781370916536,-0.013280177245039174,-0.0032917810417653313,0.0008415663051980792,0.00026524327317554547,-2.5919726079898795e-05,-1.0241428538840185e-05,-2.406572276985148e-06,1.2184302929497076e-06,0.0,0.0,10.0
-0.39049999999999985,1.4022843577730384,0.5868212235669985,1.274127696031677,-0.012982775199083156,-0.0033440112686929607,0.000827172099847638,0.00026760890780981193,-2.5347955652661656e-05,-1.0214463418215078e-05,-2.462119304950066e-06,1.2184229676468395e-06,0.0,0.0,10.0
-0.3875000000000002,1.39987628076744,0.5869775264992253,1.2754408989918142,-0.012682694242715661,-0.0033948977489049563,0.000812236944988017,0.0002699182788820221,-2.4753785387575614e-05,-1.0186496464469733e-05,-2.5184720960659967e-06,1.2189593033406393e-06,0.0,0.0,10.0
-0.38450000000000006,1.3975056735840612,0.5871321648681659,1.2767207779680427,-0.012380008849161484,-0.00344440605695894,0.0007967694874244568,0.00027216977530041073,-2.4135823555007652e-05,-1.0157300950570408e-05,-2.575836319980037e-06,1.2200000538891752e-06,0.0,0.0,10.0
-0.38149999999999995,1.395172420485349,0.5872852633490411,1.277967133705353,-0.012074816748200856,-0.003492505398638669,0.0007807868009993683,0.00027435837995690583,-2.3491987161021657e-05,-1.0126972140309271e-05,-2.634194857208681e-06,1.2214304275215877e-06,0.0,0.0,10.0
-0.37849999999999984,1.3928763467021816,0.5874369868411607,1.2791797872539592,-0.011767260694255984,-0.0035391581058226707,0.0007643097382403476,0.0002764803081727505,-2.28233022672623e-05,-1.0094193088943276e-05,-2.69378613786665e-06,1.2231572879839162e-06,0.0,0.0,10.0
-0.37550000000000017,1.3906171908752927,0.5875875523247384,1.2803585977399092,-0.01145753853768782,-0.003584323703088225,0.0007473700357992006,0.0002785303338591125,-2.2133893709371766e-05,-1.0056122237497393e-05,-2.755057394398262e-06,1.2251020214817432e-06,0.0,0.0,10.0
-0.37250000000000005,1.388394603802128,0.5877372217261875,1.2815034745136036,-0.01114589686300786,-0.003627971679026993,0.0007300264889284883,0.00028048742520251046,-2.1422341751213638e-05,-1.0012223188501872e-05,-2.81729362839797e-06,1.2268536139640133e-06,0.0,0.0,10.0
-0.36949999999999994,1.3862082111903553,0.5878862656177318,1.2826143541374015,-0.01083261632250316,-0.003670049146112286,0.0007123240940270669,0.00028233561901757585,-2.0687934647394842e-05,-9.962845074665131e-06,-2.8791264512846836e-06,1.2278129935017272e-06,0.0,0.0,10.0
-0.3664999999999998,1.3840576481124145,0.5880349590044639,1.283691081520551,-0.010517911067170062,-0.003710510527245995,0.0006942707590015092,0.0002840912432514137,-1.9945714174941536e-05,-9.902949395809549e-06,-2.9408077378018195e-06,1.2278271572117746e-06,0.0,0.0,10.0
-0.36350000000000016,1.381942090540833,0.5881836013769296,1.284734085582886,-0.010202101653868985,-0.003749446837454603,0.0006759721553369864,0.00028574454265444037,-1.9209339505865585e-05,-9.818238977084744e-06,-3.012505725330702e-06,1.2307688590541207e-06,0.0,0.0,10.0
-0.36050000000000004,1.3798494772386238,0.5883337269464978,1.2857554284502763,-0.009886780356908934,-0.0037896315718257095,0.000657916851218061,0.0002880148804442783,-1.8534565890166272e-05,-9.906676546475527e-06,-3.050550342720693e-06,1.2547044304715648e-06,0.0,0.0,10.0
-0.35749999999999993,1.3768254937455915,0.5882856755129259,1.287450366055192,-0.009406053424307372,-0.003927492553159348,0.0006133573468329716,0.00030734051894193334,-1.5006253481830888e-05,-1.2225412676498179e-05,-3.2869962857496805e-06,1.5320783659447116e-06,0.0,0.0,10.0
-0.3544999999999998,1.3762586982241825,0.5882884909308539,1.2876982521301492,-0.00912483969417999,-0.0038913507999745792,0.0005951398100557383,0.0003002643262966355,-1.4136361422700002e-05,-1.1480267704239219e-05,-3.3592127116804267e-06,1.4927978605760281e-06,0.0,0.0,10.0
-0.35150000000000015,1.373996345761424,0.5887001072936199,1.2884710968756463,-0.008871201195988165,-0.003887672980714486,0.0005874793338591531,0.00029320371514910114,-1.4614958391883439e-05,-1.004090189010704e-05,0.0,0.0,0.0,0.0,8.0
-0.34850000000000003,1.3720428582121627,0.5888524334134421,1.2893542826773212,-0.008554733123511384,-0.0039223877328488374,0.0005693358506969698,0.00029522962033001206,-1.4170746258709018e-05,-1.0057710668374726e-05,0.0,0.0,0.0,0.0,8.0
-0.3454999999999999,1.3701243685852722,0.5890038484836491,1.2902034242702987,-0.008236726827092361,-0.003955480033077487,0.0005508086072477426,0.0002970980953308882,-1.3713304746859062e-05,-1.0059986879736871e-05,0.0,0.0,0.0,0.0,8.0
-0.3424999999999998,1.3682415454941392,0.5891548310062301,1.2910183168863398,-0.007917399964797962,-0.003986928804867618,0.0005319676150273077,0.00029884498960564514,-1.3245176686489229e-05,-1.0055119784243232e-05,0.0,0.0,0.0,0.0,8.0
-0.33950000000000014,1.3663941646860873,0.5893053169099,1.2917985184332967,-0.007597061625625426,-0.004016791647262344,0.0005128412104842974,0.0003004914252846964,-1.2756164638965018e-05,-1.0040839076146423e-05,0.0,0.0,0.0,0.0,8.0
-0.3365,1.3645820859785136,0.5894553475402515,1.2925438811558245,-0.007275853857537791,-0.004045084388105601,0.0004934210612817042,0.0003020225025894637,-1.2250015551859227e-05,-1.0017600215183415e-05,0.0,0.0,0.0,0.0,8.0
-0.3334999999999999,1.3628053029104277,0.5896050448513652,1.293254338643242,-0.006953837669507843,-0.004071755310964388,0.00047372090032983793,0.0003034220974642919,-1.1733167656424172e-05,-9.986474909684909e-06,0.0,0.0,0.0,0.0,8.0
-0.3304999999999998,1.3610638136001139,0.5897545093741303,1.2939297433476633,-0.0066311073995231435,-0.004096756958303969,0.0004537661538396899,0.0003046859126738981,-1.1205490220338818e-05,-9.946483843578771e-06,0.0,0.0,0.0,0.0,8.0
-0.3275000000000001,1.3593575525166188,0.5899038363085517,1.294569993952048,-0.006307769055265187,-0.004120069360593133,0.0004335738801611311,0.0003058078683471448,-1.0668706154813736e-05,-9.897409292165808e-06,0.0,0.0,0.0,0.0,8.0
-0.3245,1.3576863628903555,0.5900531191782316,1.2951750909993034,-0.005983922778192991,-0.0041416945325830155,0.000413160033818546,0.0003067841492180654,-1.0126033033193921e-05,-9.84008883466804e-06,0.0,0.0,0.0,0.0,8.0
-0.3214999999999999,1.3560500107046753,0.5902024422280329,1.2957451101798294,-0.005659671441664344,-0.004161655673022953,0.0003925436895047241,0.00030761755048583584,-9.579540297607863e-06,-9.775640596151618e-06,0.0,0.0,0.0,0.0,8.0
-0.3184999999999998,1.354448225782596,0.5903518815624009,1.2962801771197587,-0.005335114885205559,-0.0041799868339399285,0.00037174687944412587,0.00030831552680623793,-9.0302549520293e-06,-9.705259711604339e-06,0.0,0.0,0.0,0.0,8.0
-0.3155000000000001,1.3528807432099619,0.5905015056764906,1.2967804352313124,-0.00501034648809651,-0.004196723879202382,0.000350791515073858,0.00030888612848389656,-8.47917271829023e-06,-9.630198270895146e-06,0.0,0.0,0.0,0.0,8.0
-0.3125,1.351347330050798,0.5906513742683052,1.2972460175013292,-0.004685453627210486,-0.004211897253348265,0.0003296986643235313,0.00030933655975663986,-7.927236799809491e-06,-9.551523113411072e-06,0.0,0.0,0.0,0.0,8.0
-0.3094999999999999,1.3498477935714241,0.5908015374636458,1.297677034496065,-0.0043605199770212245,-0.004225528490777898,0.00030848878607069724,0.00030967297841537724,-7.3750965675830855e-06,-9.469946412251835e-06,0.0,0.0,0.0,0.0,8.0
-0.3065000000000002,1.348381974404497,0.5909520359351425,1.2980735780762178,-0.004035629045335151,-0.004237631328262028,0.0002871816581486761,0.00030990024983037205,-6.823143877025592e-06,-9.38586607459914e-06,0.0,0.0,0.0,0.0,8.0
-0.3035000000000001,1.346949731794186,0.5911029021453846,1.2984357333207872,-0.003710867242477528,-0.004248215153377077,0.0002657967741081358,0.00031002196935572373,-6.271550138075704e-06,-9.299484275015226e-06,0.0,0.0,0.0,0.0,8.0
-0.3005,1.3455509279159923,0.5912541634462299,1.2987635896312255,-0.003386325131437333,-0.00425728869327749,0.00024435397538127417,0.00031004078857877274,-5.720274901796747e-06,-9.210908624526642e-06,0.0,0.0,0.0,0.0,8.0
-0.2974999999999999,1.3441854153961545,0.5914058475826087,1.2990572447966933,-0.0030620965708467655,-0.0042648626002551255,0.00022287340150737144,0.0003099589285784724,-5.169177562026207e-06,-9.120208266899661e-06,0.0,0.0,0.0,0.0,8.0
-0.2945000000000002,1.3428530290334562,0.5915579901423025,1.299316801179038,-0.0027382761242572516,-0.004270950155187877,0.00020137441649248017,0.0003097789016079845,-4.618220725408815e-06,-9.027431492493146e-06,0.0,0.0,0.0,0.0,8.0
-0.2915000000000001,1.3415535811218213,0.5917106421831527,1.299542357367981,-0.002414955248374297,-0.004275566597103866,0.00017987407369307834,0.0003095042678995584,-4.067627415896785e-06,-8.932622430173043e-06,0.0,0.0,0.0,0.0,8.0
-0.2885,1.3402868598748578,0.591863875379461,1.299734000077042,-0.0020922176113001957,-0.004278728901124576,0.00015838630378540037,0.0003091399619921721,-3.517865212472604e-06,-8.835874509230665e-06,0.0,0.0,0.0,0.0,8.0
-0.28549999999999986,1.3390526313681834,0.5920177817385498,1.2998918020881072,-0.0017701349060442117,-0.00428045715886737,0.00013692279118578758,0.000308691841859377,-2.969414088989259e-06,-8.737420925864644e-06,0.0,0.0,0.0,0.0,8.0
-0.2825000000000002,1.3378506459721307,0.5921724650907729,1.3000158346564006,-0.001448767992247799,-0.004280775537799027,0.00011549501733413859,0.0003081655643840105,-2.4223459504319615e-06,-8.637747759401824e-06,0.0,0.0,0.0,0.0,8.0
-0.2795000000000001,1.3366806493269328,0.5923280235481239,1.3001062015578966,-0.001128179951960784,-0.004279708185261818,9.41153744792343e-05,0.00030756531986157704,-1.8757724896874483e-06,-8.537732656109387e-06,0.0,0.0,0.0,0.0,8.0
-0.27649999999999997,1.3355423947937584,0.5924845288203497,1.3001630846050982,-0.0008084585474196917,-0.004277269360204776,7.279589991088024e-05,0.00030689320737773876,-1.3274378577992853e-06,-8.438747895051528e-06,0.0,0.0,0.0,0.0,8.0
-0.27349999999999985,1.3344356504849209,0.5926420181639613,1.3001867574811121,-0.0004897244448468688,-0.004273459128202446,5.154678849004092e-05,0.00030615016027526863,-7.743663948685665e-07,-8.342432590872753e-06,0.0,0.0,0.0,0.0,8.0
-0.2705000000000002,1.3333601951519394,0.5928005147090437,1.3001775148731558,-0.00017209096709319027,-0.00426828437863405,3.0380362768186036e-05,0.0003053389544151888,-2.1582876398004156e-07,-8.249678543370275e-06,0.0,0.0,0.0,0.0,8.0
-0.26750000000000007,1.3323158090811844,0.59296006518402,1.3001355356379993,0.00014442129812415445,-0.004261807905135752,9.323632888275431e-06,0.00030446781965527377,3.418347994424323e-07,-8.158921801307366e-06,0.0,0.0,0.0,0.0,8.0
-0.26449999999999996,1.3313022788246018,0.5931207459810771,1.3000608313145268,0.0004599253087881089,-0.004254178065562391,-1.1570803987599565e-05,0.00030355000432702933,8.834951404848803e-07,-8.0654130466744e-06,0.0,0.0,0.0,0.0,8.0
-0.26149999999999984,1.330319414216821,0.5932826134292503,1.2999534292864496,0.0007745363992554132,-0.004245549760783093,-3.224478841389979e-05,0.00030259568679864726,1.3946247045900775e-06,-7.96445888515301e-06,0.0,0.0,0.0,0.0,8.0
-0.2585000000000002,1.3293670180659711,0.5934456997215583,1.2998136163543272,0.001088100267434613,-0.00423587336546924,-5.270817501529003e-05,0.00030160267326681235,1.8822742695542834e-06,-7.859333874748322e-06,0.0,0.0,0.0,0.0,8.0
-0.25550000000000006,1.3284447828952004,0.5936101606199515,1.2996417966141158,0.001400112042682222,-0.004224765152711509,-7.31025102292043e-05,0.00030055850015795117,2.3871028636923473e-06,-7.766441656953724e-06,0.0,0.0,0.0,0.0,8.0
-0.25249999999999995,1.3275523369094886,0.5937762856213159,1.2994380679474056,0.0017101903252528727,-0.004211880053227921,-9.356709221390595e-05,0.0002994515040937707,2.9495353134605818e-06,-7.702303132730594e-06,0.0,0.0,0.0,0.0,8.0
-0.24949999999999983,1.326689588639523,0.5939440946736854,1.2992020740087034,0.002018919954380304,-0.004197753931629818,-0.000113895592034042,0.0002982861710809726,3.528725416794925e-06,-7.651258727691813e-06,0.0,0.0,0.0,0.0,8.0
-0.24650000000000016,1.3258562553565254,0.5941141393157304,1.2989316080248665,0.0023280947635769284,-0.004183631663107811,-0.00013369611529902027,0.00029712379436576896,4.010164095011667e-06,-7.571853640892272e-06,0.0,0.0,0.0,0.0,8.0
-0.24350000000000005,1.3250501184135297,0.5942896658039273,1.2986219983527842,0.0026379989845331103,-0.004168507886797042,-0.00015365767368089996,0.0002960885066955558,4.455257438037019e-06,-7.499668238580804e-06,0.0,0.0,0.0,0.0,8.0
-0.24049999999999994,1.324271785739564,0.5944667353484467,1.29828792106234,0.002940298682902257,-0.004148743340668949,-0.00017429387037777672,0.00029486670026057556,5.0915875462870095e-06,-7.497395828712595e-06,0.0,0.0,0.0,0.0,8.0
-0.23749999999999982,1.3234010902481874,0.5945673808248697,1.2980674537070875,0.003251783088198596,-0.004140684242078604,-0.00019574408269132227,0.0002947109906252127,5.834632736382945e-06,-7.589175267243511e-06,0.0,0.0,0.0,0.0,8.0
-0.23450000000000015,1.322903812604652,0.5946838642403849,1.2976369718045893,0.00355880414702335,-0.004119934489433666,-0.00021220282879996446,0.00029263919112582537,5.904059095828255e-06,-7.390715938378198e-06,0.0,0.0,0.0,0.0,8.0
-0.23150000000000004,1.3221580692087518,0.5949840664792847,1.2971144676334176,0.0038430645055024157,-0.0040918131470374245,-0.00023048890070599754,0.0002909893518022309,6.402198052729703e-06,-7.407245327811851e-06,0.0,0.0,0.0,0.0,8.0
-0.22849999999999993,1.3214890232686773,0.5951583160218554,1.296663955648063,0.004140937483977962,-0.004072019469491015,-0.0002498567270217579,0.0002895780589285545,6.937764085423946e-06,-7.332603294224261e-06,0.0,0.0,0.0,0.0,8.0
-0.2254999999999998,1.3208532346923962,0.5953345206738465,1.2961796051281058,0.00443831662153329,-0.004049273939406537,-0.0002686126162390723,0.0002879691790444393,7.380045213260629e-06,-7.283112630763656e-06,0.0,0.0,0.0,0.0,8.0
-0.22250000000000014,1.320250580916066,0.5955156131880972,1.2956665963786176,0.004733831123497803,-0.0040254229287250585,-0.0002868293090107184,0.00028646881715894864,7.77152089621118e-06,-7.275459953495918e-06,0.0,0.0,0.0,0.0,8.0
-0.21950000000000003,1.3196760367601479,0.5956983533260618,1.295123354282716,0.005027156663315717,-0.004000824031300554,-0.00030484972844973634,0.0002849547199758644,8.178642137128718e-06,-7.258689160881845e-06,0.0,0.0,0.0,0.0,8.0
-0.21649999999999991,1.319129192443903,0.5958826253002519,1.294549098281257,0.005317686869914608,-0.003975541009484085,-0.00032259604766566924,0.00028342703309010465,8.588615759307587e-06,-7.239605219814281e-06,0.0,0.0,0.0,0.0,8.0
-0.2134999999999998,1.318610425628824,0.5960689743596725,1.29394473488712,0.005605628822937446,-0.003949530232687013,-0.0003400747058919017,0.00028186993896031675,8.97948359942148e-06,-7.2307258713263275e-06,0.0,0.0,0.0,0.0,8.0
-0.21050000000000013,1.3181195217581085,0.596257423144841,1.2933112769762072,0.0058915635368523645,-0.003922613608957432,-0.00035729682652014486,0.00028027388823830213,9.351963825297506e-06,-7.2309247994973154e-06,0.0,0.0,0.0,0.0,8.0
-0.20750000000000002,1.317656110770062,0.5964478064936851,1.2926491118771128,0.0061757627755539375,-0.0038946497041332136,-0.0003742296285346524,0.00027863585419334405,9.707364544791311e-06,-7.236448890978068e-06,0.0,0.0,0.0,0.0,8.0
-0.2044999999999999,1.317219908695786,0.5966400041316985,1.291958157801995,0.006458096581996225,-0.0038656577588429427,-0.00039085290209718267,0.00027695457208057,1.0044123858928057e-05,-7.245655121650888e-06,0.0,0.0,0.0,0.0,8.0
-0.2014999999999998,1.3168107206546986,0.596833970670161,1.291238255255512,0.006738292098751569,-0.003835741337636448,-0.00040716175534203416,0.00027523855349601803,1.036607942408912e-05,-7.256721154772079e-06,0.0,0.0,0.0,0.0,8.0
-0.19850000000000012,1.3164284163950386,0.5970297450020394,1.2904894457170928,0.007016167289253575,-0.0038049722499986474,-0.00042314871894543474,0.00027350010054739027,1.0679340650493264e-05,-7.267849490380768e-06,0.0,0.0,0.0,0.0,8.0
-0.1955,1.3160728984137953,0.5972274205203523,1.2897119704785172,0.007291662192475864,-0.0037733701674618984,-0.0004388063370940919,0.0002717431283252406,1.098548567982559e-05,-7.2788083945642385e-06,0.0,0.0,0.0,0.0,8.0
-0.1924999999999999,1.3157440552173494,0.5974270907600723,1.2889061442885867,0.007564769884768806,-0.0037409314920801304,-0.0004541301408075007,0.000269962910659915,1.1281427936543853e-05,-7.2907667792032985e-06,0.0,0.0,0.0,0.0,8.0
-0.18949999999999978,1.3154417283600024,0.5976288183176658,1.2880722753095732,0.007835483465893753,-0.0037076516164786535,-0.00046911567965175294,0.00026815289954120727,1.1563024797423435e-05,-7.305050672524436e-06,0.0,0.0,0.0,0.0,8.0
-0.1865000000000001,1.3151657130315078,0.5978326355551494,1.2872106487812107,0.00810378149196454,-0.00367353152566469,-0.0004837548609858393,0.0002663107774324578,1.1828149155431793e-05,-7.322094930759607e-06,0.0,0.0,0.0,0.0,8.0
-0.1835,1.3149157831036973,0.5980385579663586,1.2863215271952917,0.008369630242134477,-0.0036385800539822095,-0.0004980367366895855,0.000264439439724382,1.2077210593935514e-05,-7.3412772073486145e-06,0.0,0.0,0.0,0.0,8.0
-0.18049999999999988,1.3146917182171962,0.5982465965134671,1.285405151083462,0.008632991340911037,-0.003602815355673028,-0.0005119507769518048,0.0002625438771793242,1.2311790608548233e-05,-7.361507182662416e-06,0.0,0.0,0.0,0.0,8.0
-0.1775000000000002,1.314493316883726,0.5984567660421968,1.2844617487739933,0.008893832269317573,-0.0035662634117233443,-0.0005254879227387331,0.00026062807649878484,1.2533354441667673e-05,-7.38195532855977e-06,0.0,0.0,0.0,0.0,8.0
-0.1745000000000001,1.3143203941346948,0.5986690890602614,1.2834915533019888,0.009152132613366257,-0.0035289547208287374,-0.0005386392817893851,0.00025869432629637573,1.2742935427318439e-05,-7.4024320507833145e-06,0.0,0.0,0.0,0.0,8.0
-0.17149999999999999,1.3141727730630302,0.5988835930750663,1.2824948155605411,0.009407879719511346,-0.003490921757970011,-0.0005513962254267056,0.00025674427941731773,1.294120191479501e-05,-7.4233403300076116e-06,0.0,0.0,0.0,0.0,8.0
-0.16849999999999987,1.314050280847706,0.5991003014308839,1.2814718098751974,0.009661057325909534,-0.003452196431612294,-0.0005637535601298542,0.0002547805148009737,1.3128312748532279e-05,-7.445377219131528e-06,0.0,0.0,0.0,0.0,8.0
-0.1655000000000002,1.3139527529966848,0.5993192216111558,1.2804228355049576,0.009911636974348543,-0.0034128058444527543,-0.0005757134314900912,0.00025280805815578,1.3303691044930014e-05,-7.469195111045074e-06,0.0,0.0,0.0,0.0,8.0
-0.1625000000000001,1.3138800410302383,0.599540338151331,1.2793482130476377,0.010159579921881103,-0.003372769040015593,-0.0005872863579767718,0.00025083538927741356,1.3465963861530768e-05,-7.495150272768307e-06,0.0,0.0,0.0,0.0,8.0
-0.15949999999999998,1.3138320153008876,0.5997636174904407,1.2782482640534103,0.010404853399532397,-0.0033321020067161246,-0.0005984866657455999,0.0002488738077427096,1.3613095641013846e-05,-7.523168543592968e-06,0.0,0.0,0.0,0.0,8.0
-0.15649999999999986,1.3138085577986442,0.5999890276747079,1.2771232628763467,0.010647460693622936,-0.003290836067247602,-0.0006093213570042135,0.000246933614829696,1.3743075465927971e-05,-7.552814375272465e-06,0.0,0.0,0.0,0.0,8.0
-0.1535000000000002,1.3138095455519379,0.6002165650509073,1.2759733819078323,0.010887468582597655,-0.0032490403877955347,-0.0006197771640097831,0.0002450176170314872,1.3855788143697633e-05,-7.583802312349312e-06,0.0,0.0,0.0,0.0,8.0
-0.15050000000000008,1.313834830629122,0.6004462652559339,1.274798706148416,0.011124987040809785,-0.0032068166241737365,-0.0006298211101433375,0.0002431179196641454,1.3955312586056234e-05,-7.616999160168107e-06,0.0,0.0,0.0,0.0,8.0
-0.14749999999999996,1.313884231481262,0.6006781719926222,1.2735993896225304,0.011360061019966183,-0.003164234212968727,-0.0006394300485439366,0.0002412238567778139,1.4049866413050839e-05,-7.655281280528688e-06,0.0,0.0,0.0,0.0,8.0
-0.14449999999999985,1.3139575604013307,0.6009122684858789,1.2723758631230782,0.011592538840339669,-0.003121241567362,-0.0006486323385114058,0.0002393369573007491,1.4147720985198056e-05,-7.703050970202745e-06,0.0,0.0,0.0,0.0,8.0
-0.14150000000000018,1.3140546953467835,0.601148439197288,1.2711287805117377,0.011822121246080215,-0.0030776804595107235,-0.0006575028988363589,0.00023747288574299736,1.4251285289627062e-05,-7.763388249982494e-06,0.0,0.0,0.0,0.0,8.0
-0.13850000000000007,1.314175632176737,0.6013865500693648,1.2698585173366028,0.012048697022651418,-0.0030334691878048216,-0.0006660953846508646,0.00023565009760156567,1.4349265958737261e-05,-7.832514751884422e-06,0.0,0.0,0.0,0.0,8.0
-0.13549999999999995,1.3143203873130518,0.6016266341920964,1.2685646535287818,0.01227267812007105,-0.0029887989479529913,-0.0006743914738964513,0.00023389383374244817,1.441002043807524e-05,-7.896284333574518e-06,0.0,0.0,0.0,0.0,8.0
-0.13249999999999984,1.314488843954807,0.6018689293449662,1.267246391624489,0.012494722993555276,-0.0029440497876737012,-0.0006823025264271014,0.000232212595065758,1.4413915385080214e-05,-7.943795841628806e-06,0.0,0.0,0.0,0.0,8.0
-0.12950000000000017,1.3146811221267032,0.6021132600088421,1.265904633034933,0.01271428592392998,-0.002899017536266646,-0.0006897674421100556,0.00023047714259054165,1.443959434774799e-05,-7.994585379679461e-06,0.0,0.0,0.0,0.0,8.0
-0.12650000000000006,1.3148987856057517,0.6023577325966978,1.2645437047499393,0.01292885470658231,-0.00285242088730391,-0.0006969009154558387,0.00022844246415404138,1.4626044444886883e-05,-8.078703874803803e-06,0.0,0.0,0.0,0.0,8.0
-0.12349999999999994,1.315144615733451,0.6026004556156207,1.2631631945518702,0.013139448393978266,-0.002804621426444412,-0.0007036495681716295,0.00022617540992870918,1.4857981341577265e-05,-8.140044217344253e-06,0.0,0.0,0.0,0.0,8.0
-0.12049999999999983,1.3154153763023673,0.6028489779381189,1.2617416441566,0.013356282040392558,-0.002758742852361107,-0.0007105078069561983,0.00022444971587330046,1.4890183291063772e-05,-8.146255437166003e-06,0.0,0.0,0.0,0.0,8.0
-0.11750000000000016,1.315994938880184,0.6031154589042976,1.2599310684860612,0.013553676034527338,-0.002657549865859935,-0.0007098664980633694,0.0002135201930555965,1.4168935199222969e-05,-6.873845857525939e-06,0.0,0.0,0.0,0.0,8.0
-0.11450000000000005,1.3159751837070115,0.6032540134513817,1.2592540316831855,0.013655244062218602,-0.002675032860554627,-0.000702190837393897,0.00021799361132462296,1.281677593419765e-05,-7.511730083579584e-06,0.0,0.0,0.0,0.0,8.0
-0.11149999999999993,1.3162568783160764,0.6036467351793672,1.2574559047061706,0.013942638424821489,-0.002624463016747213,-0.0007209112719555794,0.0002200327566234234,1.3778478865076528e-05,-8.387912880843471e-06,1.3110190290046492e-07,2.020816301019132e-08,0.0,0.0,10.0
-0.10849999999999982,1.3166107683821788,0.6038988586994235,1.2559550293118504,0.014142935144588805,-0.0025768359226795248,-0.0007265991647825299,0.00021839776504451009,1.3977261221095146e-05,-8.47302978123445e-06,1.1023436574600778e-07,1.3161152253785155e-08,0.0,0.0,10.0
-0.10550000000000015,1.316990080652219,0.6041565475606868,1.2544407369298904,0.01434174685593165,-0.0025294935877548364,-0.0007320194407249792,0.00021684715216359189,1.413064066930975e-05,-8.569057111638095e-06,8.531510128029289e-08,4.439042657746332e-09,0.0,0.0,10.0
-0.10250000000000004,1.3173924472952396,0.6044166891564973,1.2529066334554666,0.014538316100556675,-0.0024811480136079007,-0.0007367051694046394,0.00021522744455864748,1.4191780311005484e-05,-8.65490331383979e-06,8.014154749367146e-08,3.0291628719287925e-09,0.0,0.0,10.0
-0.09949999999999992,1.3178164276804587,0.6046780084446355,1.2513503459809034,0.014731580833455991,-0.0024324546600351113,-0.0007409227855287824,0.00021361093645193687,1.4241731343632396e-05,-8.732305331048251e-06,8.262145696650236e-08,4.4344705470327605e-09,0.0,0.0,10.0
-0.09649999999999981,1.3182617057939,0.6049415341768503,1.249773335129392,0.01492100563643943,-0.0023841407214752726,-0.0007449364196257458,0.00021198619788185974,1.4271701237947142e-05,-8.822990633973227e-06,7.812880897454001e-08,3.725132225283778e-09,0.0,0.0,10.0
-0.09350000000000014,1.3187273599463727,0.6052076157966032,1.2481769273358783,0.015106920583069621,-0.002335910342524363,-0.0007485341006490388,0.00021043972962253506,1.4318735994113096e-05,-8.902182870462766e-06,7.64404313385625e-08,2.9829580149071574e-09,0.0,0.0,10.0
-0.09050000000000002,1.3192128285474256,0.605476115644844,1.2465617878090998,0.015289814812400711,-0.0022874021856992646,-0.000751605184905423,0.00020896017757497277,1.4362096331069685e-05,-8.974172413669434e-06,7.869640784310017e-08,3.054370700965156e-09,0.0,0.0,10.0
-0.08749999999999991,1.3197184409549163,0.6057469454323897,1.2449281265583048,0.01546985382391677,-0.002238633635842654,-0.0007542329081116711,0.00020749958218441376,1.4374655094946117e-05,-9.052829850439175e-06,8.105062991228387e-08,3.4359278873617737e-09,0.0,0.0,10.0
-0.0844999999999998,1.3202448745063404,0.6060199788211695,1.243275914917639,0.015647047782092114,-0.0021897575642376046,-0.000756509251347268,0.00020606179011069676,1.4364273795689762e-05,-9.140616082888798e-06,8.167857420398015e-08,3.6541895987336548e-09,0.0,0.0,10.0
-0.08150000000000013,1.3207925923940216,0.6062949518693354,1.241605081439329,0.015821429231257917,-0.0021408692219976938,-0.000758473186536248,0.00020467498913000602,1.4352246365888828e-05,-9.23241904614682e-06,8.116994257248925e-08,3.6707982561514656e-09,0.0,0.0,10.0
-0.07850000000000001,1.3213617116707537,0.6065715844521354,1.2399156380326204,0.015993066484370506,-0.0020919775335495575,-0.0007601342253092592,0.00020334769070022294,1.4349874596222848e-05,-9.323833682234036e-06,8.064298800201468e-08,3.6506849506854945e-09,0.0,0.0,10.0
-0.0754999999999999,1.3219521400163525,0.6068497310172408,1.2382077256061241,0.016162011163703176,-0.0020430652331776804,-0.000761506576725525,0.0002020637670864558,1.4356012800187801e-05,-9.414061093288845e-06,8.05473258663326e-08,3.6809848968622683e-09,0.0,0.0,10.0
-0.07249999999999979,1.322563719236141,0.6071294061350213,1.2364815823990813,0.0163282624741009,-0.001994135861656064,-0.0007626080147681389,0.00020080531717487664,1.43648727080116e-05,-9.504485618015908e-06,8.059023402279792e-08,3.738381830781378e-09,0.0,0.0,10.0
-0.06950000000000012,1.3231962849063377,0.6074107154449112,1.234737478684456,0.016491783636322838,-0.001945194737569307,-0.0007634342313186401,0.0001995700090461342,1.4372827824349918e-05,-9.595747203658586e-06,8.041213929564309e-08,3.832422877620564e-09,0.0,0.0,10.0
-0.0665,1.3238496877456527,0.6076937681300715,1.232975665399098,0.016652543445587684,-0.0018962235725879367,-0.0007639607723316942,0.00019836489163388023,1.437879823007049e-05,-9.687102568641938e-06,7.986076698594491e-08,4.004303170682813e-09,0.0,0.0,10.0
-0.06349999999999989,1.3245238154930226,0.6079786188910723,1.2311963618362398,0.016810542267329705,-0.0018471913222672836,-0.0007641675539506972,0.00019719530393602652,1.4383123874703045e-05,-9.777596938080126e-06,7.88465141108787e-08,4.204922822724107e-09,0.0,0.0,10.0
-0.06050000000000022,1.3252186073164347,0.6082652525102568,1.229399766253365,0.01696580940774108,-0.0017980791269017098,-0.0007640508513927745,0.00019606454283898676,1.4388799042656475e-05,-9.866547706732073e-06,7.744472014763033e-08,4.300609331455213e-09,0.0,0.0,10.0
-0.05750000000000011,1.3259340409516518,0.6085536002087242,1.2275860697326355,0.017118381859154732,-0.0017488968825108695,-0.0007636204863417639,0.00019497617057627196,1.4401286317405462e-05,-9.953456768442798e-06,7.60882446574796e-08,4.22196389866014e-09,0.0,0.0,10.0
-0.05449999999999999,1.3266700925989532,0.6088435741246956,1.2257554728313809,0.01726828076132903,-0.0016996855870776127,-0.0007628960788019647,0.00019393093114823467,1.442431548436996e-05,-1.0038386720967198e-05,7.531650265012487e-08,4.0528018775309635e-09,0.0,0.0,10.0
-0.05149999999999988,1.3274266950937552,0.6091351049566414,1.2239082065163047,0.017415501307763807,-0.0016505018818862248,-0.0007619032402341876,0.00019292458217080185,1.4455774346107292e-05,-1.012221972089934e-05,7.525166490760608e-08,3.9635018730062974e-09,0.0,0.0,10.0
-0.04850000000000021,1.3282037257779178,0.6094281656993994,1.222044539176397,0.017560019402528174,-0.001601390565848019,-0.000760665742440087,0.00019195220652754225,1.4488279257470813e-05,-1.0206018726704092e-05,7.541631434906586e-08,4.068574923743075e-09,0.0,0.0,10.0
-0.045500000000000096,1.3290010364106257,0.6097227702376333,1.220164747369158,0.0177018086218373,-0.0015523640282977984,-0.0007591963098117174,0.00019101348240875622,1.451428857745277e-05,-1.0290125410480737e-05,7.513439269571187e-08,4.329458524304088e-09,0.0,0.0,10.0
-0.04249999999999998,1.3298185052671572,0.6100189499249706,1.218269057707902,0.017840862397107617,-0.0015034064339435247,-0.0007574913595778562,0.00019011093019988208,1.4532205557235788e-05,-1.0374159714193652e-05,7.416335050097099e-08,4.5707466447982345e-09,0.0,0.0,10.0
-0.03949999999999987,1.330656068149901,0.6103167236159301,1.2163576065789232,0.017977214909494547,-0.0014545029693057451,-0.0007555323451151006,0.00018924231692460345,1.454942845791697e-05,-1.0458013545290993e-05,7.298125021005057e-08,4.604398468688248e-09,0.0,0.0,10.0
-0.0365000000000002,1.3315136930404894,0.6106160776328312,1.2144304755597342,0.01811094074526551,-0.0014056703696752513,-0.0007532955461007611,0.00018839780530472528,1.457937907022191e-05,-1.054256442022826e-05,7.241540419455599e-08,4.389269099567211e-09,0.0,0.0,10.0
-0.033500000000000085,1.332391306547116,0.6109169626054058,1.2124878181240846,0.018242108332995152,-0.0013569532790847002,-0.0007507735839711783,0.00018757114949494774,1.463196943348599e-05,-1.0628735580573302e-05,7.279902531886633e-08,4.1169320036772666e-09,0.0,0.0,10.0
-0.03049999999999997,1.333288726665712,0.6112193064495719,1.2105300004949302,0.01837070213616262,-0.0013083795847597603,-0.0007480017975837458,0.00018677956961219257,1.4702160762399555e-05,-1.0715316299314451e-05,7.332577571319437e-08,4.129793031844628e-09,0.0,0.0,10.0
-0.027499999999999858,1.3342056659976385,0.6115230464494635,1.2085575921383303,0.018496599792467493,-0.0012599311242196141,-0.0007450549735372219,0.0001860667947258383,1.4767713919188164e-05,-1.0798354760126376e-05,7.24490459388822e-08,4.648130602468008e-09,0.0,0.0,10.0
-0.02450000000000019,1.3351418574717389,0.6118281715521713,1.2065710781329624,0.018619688265527245,-0.0012115922510939888,-0.0007419814207905326,0.00018546413925855232,1.4805688355705291e-05,-1.0874413641307373e-05,6.942801939827831e-08,5.455289269222131e-09,0.0,0.0,10.0
-0.021500000000000075,1.3360973374172922,0.6121347009231946,1.2045704283106338,0.01874005234234669,-0.0011634164430930226,-0.0007387274112423574,0.00018493129318274823,1.4820088842683925e-05,-1.0945231291164534e-05,6.557168639914313e-08,5.9102932959492946e-09,0.0,0.0,10.0
-0.01849999999999996,1.3370728099235756,0.6124425007801974,1.2025549600964998,0.018858013964586542,-0.0011154511768534318,-0.000735184187763389,0.00018435186941097753,1.4854379015824385e-05,-1.1018174039348915e-05,6.348480466820201e-08,5.4926203392732696e-09,0.0,0.0,10.0
-0.015499999999999847,1.3380698253282053,0.6127510366846336,1.200523688091651,0.018973945799181602,-0.0010675201591012924,-0.0007313778416002595,0.00018362165731126553,1.4970875080709918e-05,-1.1101330445800615e-05,6.5020261644531e-08,4.343898081038826e-09,0.0,0.0,10.0
-0.012500000000000178,1.339090533917858,0.6130594081778513,1.198475517050789,0.019088211229149082,-0.0010191571287039996,-0.0007276021770260842,0.0001827517662536875,1.521376287117606e-05,-1.1199225941901282e-05,7.043415746562606e-08,3.0560267417320287e-09,0.0,0.0,10.0
-0.009500000000000064,1.3401371265657909,0.6133667846689099,1.1964086820718605,0.0192015655418191,-0.0009699168019556485,-0.000724326628652722,0.0001818896870985928,1.5584308780705647e-05,-1.131133013745757e-05,7.808569758348164e-08,2.296042722577546e-09,0.0,0.0,10.0
-0.00649999999999995,1.3412116668387524,0.6136721762441221,1.194321605894418,0.019315085093912655,-0.0009196704925625661,-0.0007220141021717162,0.00018132936019167942,1.5949781485153597e-05,-1.1369060337483117e-05,5.711426072994234e-08,9.251210980392816e-09,0.0,0.0,10.0
-0.0034999999999998366,1.3423170877795625,0.6139722088186979,1.1922181832281842,0.019428453322303793,-0.000868911246361392,-0.0007201407255211009,0.0001807805755243232,1.634234074170457e-05,-1.131337883074166e-05,-3.9404675222255404e-08,3.6664897485743446e-08,0.0,0.0,10.0
-0.000500000000000167,1.3434541119418266,0.6142660497587792,1.190098968115876,0.01954206853249022,-0.0008181537910992579,-0.0007180985047172668,0.00017963102700041566,1.7134985534918582e-05,-1.1286079298136046e-05,-1.8608299078878834e-07,8.239642834360104e-08,0.0,0.0,10.0
0.0024999999999999467,1.3453563644710194,0.6146527036534148,1.1872859301812277,0.01956742468630206,-0.0006816220094885404,-0.0006934824348145512,0.00016500029078380432,1.590971702228412e-05,-9.62786661640169e-06,-1.3497491744692562e-07,-6.89473792383293e-08,0.0,0.0,10.0
0.00550000000000006,1.3455469476020026,0.6148484561170646,1.1863359045815998,0.019568196785143644,-0.0007264935166786321,-0.000679571140874223,0.0001717184353685369,1.4335802805373464e-05,-1.0168697066025388e-05,-1.288496562375822e-08,-3.932640820109373e-08,0.0,0.0,10.0
0.008500000000000174,1.3466333275093512,0.6153177570468928,1.1838402928457312,0.019771173677296038,-0.0006901650744208767,-0.0006907289257204431,0.00017887127792097466,1.5782629830149293e-05,-1.1448539086909328e-05,0.0,0.0,0.0,0.0,8.0
0.011499999999999844,1.347775448511719,0.6156423432718717,1.181709639720715,0.019859066108759788,-0.0006458964371439639,-0.0006846920184080749,0.00017872491732883508,1.5828323419996566e-05,-1.1500765140559084e-05,0.0,0.0,0.0,0.0,8.0
0.014499999999999957,1.3489396480903186,0.6159708971305989,1.1795702866192965,0.0199457167313405,-0.0006009446688899552,-0.0006783121928482291,0.00017844898645423435,1.5778943446134293e-05,-1.1572089713363742e-05,0.0,0.0,0.0,0.0,8.0
0.01750000000000007,1.350121385816761,0.6162994893601296,1.1774171835765501,0.020028560021067544,-0.0005564496524727318,-0.0006715637110079034,0.00017830644003035448,1.5752427328891515e-05,-1.164188072927184e-05,0.0,0.0,0.0,0.0,8.0
0.020500000000000185,1.3513203524339679,0.6166283048826409,1.1752520523957897,0.02010817514120266,-0.0005125885250744358,-0.0006647808122877809,0.00017817637500744027,1.574721215769977e-05,-1.1701501754282086e-05,0.0,0.0,0.0,0.0,8.0
0.023499999999999854,1.352536960292969,0.6169580348674552,1.173076636766466,0.020185227813013625,-0.0004690913708897528,-0.0006579001988363507,0.00017806706109363348,1.5759284481671102e-05,-1.1752966662607743e-05,0.0,0.0,0.0,0.0,8.0
0.026499999999999968,1.3537711180238685,0.6172886480443334,1.170891328239441,0.020259864867055933,-0.00042584122205193033,-0.0006508604473945685,0.0001779913546545241,1.5783680856416142e-05,-1.1799270916542153e-05,0.0,0.0,0.0,0.0,8.0
0.02950000000000008,1.3550226275917183,0.6176200344634775,1.168696458315867,0.02033217486543401,-0.0003827950279410361,-0.0006436454594432634,0.0001779480664476605,1.5814098043725463e-05,-1.1843069027901088e-05,0.0,0.0,0.0,0.0,8.0
0.032500000000000195,1.3562913004781592,0.6179520743879893,1.1664922108915519,0.020402074425401467,-0.0003400462619063442,-0.0006362905517802136,0.00017793208957765376,1.5849935292702648e-05,-1.188460934480512e-05,0.0,0.0,0.0,0.0,8.0
0.035499999999999865,1.3575769740719013,0.6182846602879196,1.1642787594209103,0.02046945381202735,-0.0002977124675106352,-0.0006288388212399293,0.00017794033846256792,1.589363456880092e-05,-1.1923033553765131e-05,0.0,0.0,0.0,0.0,8.0
0.03849999999999998,1.3588795166852352,0.6186177139789872,1.1620563993316202,0.020534318839528526,-0.00025582866321123,-0.0006213029202461058,0.0001779745238473415,1.5946823579222824e-05,-1.1957945229370302e-05,0.0,0.0,0.0,0.0,8.0
0.04150000000000009,1.3601988364931246,0.6189511791484944,1.1598254854501433,0.020596756065401366,-0.00021436485837407433,-0.0006136730048863781,0.00017803774580117603,1.6009626809958953e-05,-1.1989417519241599e-05,0.0,0.0,0.0,0.0,8.0
0.044500000000000206,1.3615348863666998,0.619285003030931,1.157586300922815,0.020656835399285894,-0.00017328630546719747,-0.000605939451345195,0.00017813014127917226,1.6081730335969944e-05,-1.201727310760475e-05,0.0,0.0,0.0,0.0,8.0
0.047499999999999876,1.3628876653729993,0.6196191335713321,1.155339001836544,0.02071456832108626,-0.00013257669790970957,-0.0005981014576569578,0.00017824703071405158,1.6162862780077175e-05,-1.2040733791276673e-05,0.0,0.0,0.0,0.0,8.0
0.05049999999999999,1.364257216757656,0.6199535352229562,1.1530836479938176,0.020769924953202637,-9.222518782056981e-05,-0.0005901628085078559,0.0001783788219821482,1.62522770310484e-05,-1.2058574800116955e-05,0.0,0.0,0.0,0.0,8.0
0.0535000000000001,1.365643615602596,0.6202882066828621,1.150820260288455,0.020822863568317786,-5.220828944490914e-05,-0.0005821248359090026,0.00017851232922637053,1.6348419714234776e-05,-1.2069338104803804e-05,0.0,0.0,0.0,0.0,8.0
0.05650000000000022,1.3670469415218567,0.6206231857058412,1.1485488621109168,0.020873343556541028,-1.2484951112213845e-05,-0.0005739820619670351,0.0001786335004746392,1.6449492965987314e-05,-1.2071359643775617e-05,0.0,0.0,0.0,0.0,8.0
0.059499999999999886,1.3684672414791295,0.6209585387576065,1.1462695016143751,0.02092132193420644,2.6993789312693636e-05,-0.0005657226447150044,0.00017873002982866167,1.6554196738765478e-05,-1.2062801135814606e-05,0.0,0.0,0.0,0.0,8.0
0.0625,1.369904495743359,0.6212943421585041,1.1439822711801122,0.020966748426918275,6.62690736110094e-05,-0.0005573326444906998,0.0001787926328268106,1.666184819109929e-05,-1.2041902780640695e-05,0.0,0.0,0.0,0.0,8.0
0.06550000000000011,1.371358600020391,0.621630661312642,1.1416873319031833,0.021009570567536703,0.00010536185028696318,-0.0005488009593964395,0.00017881541390566175,1.6771981887524266e-05,-1.2007398350074452e-05,0.0,0.0,0.0,0.0,8.0
0.06849999999999978,1.372829369998457,0.6219675309883534,1.1393849335432267,0.021049747817094143,0.00014426778026041022,-0.000540122532884516,0.00017879623716628238,1.6884010222281514e-05,-1.1958869088156414e-05,0.0,0.0,0.0,0.0,8.0
0.0714999999999999,1.3743165656160303,0.6223049389496657,1.1370754158664833,0.02108726619343352,0.00018295841026169226,-0.0005312993488267816,0.00017873730374322818,1.6997285530849446e-05,-1.1896865849807543e-05,0.0,0.0,0.0,0.0,8.0
0.07450000000000001,1.3758199252454228,0.6226428173632438,1.1347591872230565,0.021122146000751178,0.0002213863797003157,-0.0005223397910599578,0.00017864541321741876,1.7111453508144174e-05,-1.1822775833879698e-05,0.0,0.0,0.0,0.0,8.0
0.07750000000000012,1.3773391969983868,0.6229810469758087,1.1324366882012837,0.02115444003130321,0.0002594930713662202,-0.0005132570357532391,0.00017853128183864075,1.722675810920404e-05,-1.1738519588640966e-05,0.0,0.0,0.0,0.0,8.0
0.0804999999999998,1.3788741565509965,0.6233194756127229,1.1301083530139304,0.02118422339299976,0.0002972173819213063,-0.0005040669641520424,0.0001784077307227789,1.734404037615687e-05,-1.1646192840247495e-05,0.0,0.0,0.0,0.0,8.0
0.08349999999999991,1.3804246075573516,0.623657946616658,1.1277745788984344,0.021211578206862453,0.0003345039860788334,-0.0004947859745879976,0.0001782871783842325,1.7464421956285106e-05,-1.1547741731707231e-05,0.0,0.0,0.0,0.0,8.0
0.08650000000000002,1.3819903689540178,0.6239963279983302,1.1254357087301343,0.021236577704799302,0.0003713094343233072,-0.0004854290284852196,0.00017817928930210944,1.758887334376557e-05,-1.1444722795737526e-05,0.0,0.0,0.0,0.0,8.0
0.08950000000000014,1.3835712591021203,0.6243345321966532,1.1230920275210854,0.021259274631024377,0.00040760500856655964,-0.0004760082531010135,0.00017808959429934117,1.7717906491711918e-05,-1.1338174944323854e-05,0.0,0.0,0.0,0.0,8.0
0.0924999999999998,1.3851670867445942,0.624672520109305,1.1207437703254197,0.021279697483662166,0.00044337619767519657,-0.0004665323769312759,0.0001780194489026252,1.7851516381934363e-05,-1.1228614533961099e-05,0.0,0.0,0.0,0.0,8.0
0.09549999999999992,1.3867776533244636,0.6250102897081745,1.118391137131383,0.02129785502715412,0.0004786195448472573,-0.00045700709433800653,0.00017796711566401234,1.798933865642035e-05,-1.1116141193869811e-05,0.0,0.0,0.0,0.0,8.0
0.09850000000000003,1.3884027637654097,0.6253478558174547,1.1160343096213552,0.021313746069549885,0.0005133381805466725,-0.00044743615687191444,0.00017792935619436327,1.8130893338910903e-05,-1.1000612111722123e-05,0.0,0.0,0.0,0.0,8.0
0.10150000000000015,1.3900422379582098,0.6256852303843166,1.1136734654040057,0.02132736966362719,0.0005475374576645647,-0.0004378227283128153,0.00017790286026446683,1.827578214512758e-05,-1.0881823024128653e-05,0.0,0.0,0.0,0.0,8.0
0.10449999999999982,1.3916959156363264,0.6260224106340977,1.111308787226473,0.021338731660192626,0.0005812217665879396,-0.0004281704887241766,0.00017788508742669937,1.8423771886171882e-05,-1.0759640422211073e-05,0.0,0.0,0.0,0.0,8.0
0.10749999999999993,1.393363652136895,0.6263593773798618,1.1089404669201648,0.021347846224566557,0.0006143929882803413,-0.00041848416633743303,0.0001778744697455725,1.857477569987078e-05,-1.0634059262614725e-05,0.0,0.0,0.0,0.0,8.0
0.11050000000000004,1.3950453080638787,0.6266961006501716,1.1065687054431244,0.021354733687304797,0.0006470504052007253,-0.00040876949044140365,0.00017787020858620183,1.8728791245653895e-05,-1.0505195791041563e-05,0.0,0.0,0.0,0.0,8.0
0.11350000000000016,1.3967407385213548,0.6270325474488319,1.1041937108686517,0.021359417339660413,0.0006791914848044538,-0.00039903280541992483,0.0001778719715613869,1.8885853671705506e-05,-1.0373246493527137e-05,0.0,0.0,0.0,0.0,8.0
0.11649999999999983,1.398449786363092,0.6273686874325506,1.1018156957589549,0.021361921202074106,0.000710812889536503,-0.00038928064874564394,0.00017787968424720166,1.9046026492935667e-05,-1.0238444344035166e-05,0.0,0.0,0.0,0.0,8.0
0.11949999999999994,1.4001722805974046,0.6277044950080573,1.099434874667849,0.02136226932495836,0.0007419112723048632,-0.00037951949327747386,0.0001778934435227604,1.9209416871452145e-05,-1.0101029492961005e-05,0.0,0.0,0.0,0.0,8.0
0.12250000000000005,1.4019080383569469,0.6280399486507181,1.0970514620342087,0.021360486038963206,0.0007724837024016934,-0.00036975569513317356,0.00017791347789115094,1.9376187040407114e-05,-9.961236235790944e-06,0.0,0.0,0.0,0.0,8.0
0.12550000000000017,1.403656868103712,0.6283750290138747,1.0946656705730466,0.02135659632614103,0.0008025277797842785,-0.00035999557280758294,0.00017794008241750684,1.9546543583165383e-05,-9.819289911272865e-06,0.0,0.0,0.0,0.0,8.0
0.12849999999999984,1.4054185725760042,0.628709716939755,1.0922777102707957,0.021350625884992095,0.0008320415854416224,-0.00035024550603634163,0.00017797351637952304,1.9720706657710454e-05,-9.675406696423339e-06,0.0,0.0,0.0,0.0,8.0
0.13149999999999995,1.407192951160693,0.6290439917343037,1.089887788035725,0.021342600936830783,0.0008610236111442092,-0.0003405119665317597,0.00017801390182269828,1.9898875119517e-05,-9.52979210618544e-06,0.0,0.0,0.0,0.0,8.0
0.13450000000000006,1.40897980207415,0.6293778296566551,1.087496107859212,0.021332548013240474,0.0008894727636332923,-0.00033080144526425454,0.00017806116529872122,2.0081203415713787e-05,-9.382636884450398e-06,0.0,0.0,0.0,0.0,8.0
0.13750000000000018,1.4107789249330156,0.6297112025450566,1.0851028710547665,0.02132049388710949,0.0009173884887547972,-0.00032112029577160023,0.0001781150323489137,2.02677960975013e-05,-9.234110583182277e-06,0.0,0.0,0.0,0.0,8.0
0.14049999999999985,1.4125901243068408,0.6300440766181521,1.0827082758817268,0.021306465651469177,0.0009447710368547865,-0.0003114745492699138,0.00017817504600496978,2.0458714993737884e-05,-9.084353470059703e-06,0.0,0.0,0.0,0.0,8.0
0.14349999999999996,1.4144132147716353,0.6303764115669743,1.0803125158152709,0.021290490856903942,0.0009716218871923379,-0.0003018697630341894,0.00017824056405530187,2.065398941284322e-05,-8.933467093048102e-06,0.0,0.0,0.0,0.0,8.0
0.14650000000000007,1.4162480275564824,0.6307081600371834,1.0779157761386076,0.021272597624355783,0.0009979443168604562,-0.0002923109431114425,0.00017831070739401006,2.0853622367702186e-05,-8.7815041985158e-06,0.0,0.0,0.0,0.0,8.0
0.1495000000000002,1.4180944177231878,0.6310392675114173,1.0755182295899097,0.02125281472157283,0.0010237439725015237,-0.0002828025560650425,0.0001783842802633332,2.105759225959983e-05,-8.62846136197617e-06,0.0,0.0,0.0,0.0,8.0
0.15249999999999986,1.4199522689725808,0.63136967247382,1.0731200333417337,0.021231171678846094,0.0010490290727676367,-0.0002733486328469826,0.00017845974438615857,2.126585489455489e-05,-8.474282825812006e-06,0.0,0.0,0.0,0.0,8.0
0.15549999999999997,1.4218214914676024,0.6316993066215797,1.0707213308954406,0.021207699081302805,0.0010738096530013648,-0.0002639529748411824,0.0001785353702973634,2.147835201681702e-05,-8.318888743932605e-06,0.0,0.0,0.0,0.0,8.0
0.15850000000000009,1.4237020080119267,0.6320280948502609,1.0683222623743398,0.02118242917614246,0.0010980952828849465,-0.00025461947950557835,0.00017860967237986962,2.1695029495567896e-05,-8.162239876637917e-06,0.0,0.0,0.0,0.0,8.0
0.1615000000000002,1.4255937268156682,0.6323559548589534,1.0659229842813398,0.021155396841623448,0.0011218911318318127,-0.0002453525833842859,0.0001786821363189191,2.191586283347451e-05,-8.00443927496409e-06,0.0,0.0,0.0,0.0,8.0
0.16449999999999987,1.42749650475671,0.6326827965472058,1.063523695285532,0.02112664076036685,0.0011451930971534555,-0.00023615775898975185,0.00017875408610527467,2.2140882309070143e-05,-7.845850634892802e-06,0.0,0.0,0.0,0.0,8.0
0.16749999999999998,1.4294101112765183,0.6330085218711267,1.0611246598165134,0.021096204343417402,0.0011679836128000603,-0.00022704191455531197,0.0001788293779962177,2.237018669619532e-05,-7.687191252356879e-06,0.0,0.0,0.0,0.0,8.0
0.1705000000000001,1.4313342063234136,0.6333330263218261,1.0587262188945437,0.021064135654600535,0.0011902302016281623,-0.0002180134763172128,0.0001789145416582831,2.2603934035892772e-05,-7.529547696508037e-06,0.0,0.0,0.0,0.0,8.0
0.1735000000000002,1.4332683433150868,0.6336562033966511,1.0563287798119907,0.021030485448401512,0.0012118884080422265,-0.00020908193448773582,0.00017901808078445833,2.2842300687484066e-05,-7.37427440604203e-06,0.0,0.0,0.0,0.0,8.0
0.17649999999999988,1.4352119999518707,0.6339779530379986,1.053932782998085,0.020995302640505517,0.001232909431627968,-0.0002002567382125496,0.00017914889393852792,2.3085405973662582e-05,-7.222769610927242e-06,0.0,0.0,0.0,0.0,8.0
0.1795,1.4371646291973377,0.6342981938359955,1.051538653141606,0.02095862718842052,0.0012532510327425961,-0.00019154562147917826,0.00017931409845350595,2.3333208987836045e-05,-7.076167985687318e-06,0.0,0.0,0.0,0.0,8.0
0.1825000000000001,1.4391257149325083,0.6346168769525459,1.0491467485390569,0.02092048141157361,0.0012728888303724388,-0.00018295267745502123,0.0001795168082860499,2.3585395487832725e-05,-6.9350273172661195e-06,0.0,0.0,0.0,0.0,8.0
0.18550000000000022,1.4410948156992134,0.6349339977475159,1.046757324433594,0.020880861943705895,0.0012918246042848325,-0.00017447669234176965,0.00017975451857237513,2.384128361374446e-05,-6.799101230496513e-06,0.0,0.0,0.0,0.0,8.0
0.1884999999999999,1.44307158615545,0.6352495998464617,1.0443705218761765,0.020839735308940458,0.0013100888920192066,-0.00016611031927097838,0.00018001863811343394,2.40997830852823e-05,-6.667274728688187e-06,0.0,0.0,0.0,0.0,8.0
0.1915,1.4450557760559055,0.6355637668607333,1.0419863851491435,0.020797040011656335,0.001327736795252342,-0.00015784055972217136,0.00018029541805650453,2.4359438507958547e-05,-6.53769817132901e-06,0.0,0.0,0.0,0.0,8.0
0.19450000000000012,1.447047215300795,0.6358765997940522,1.0396049015375282,0.0207526966687707,0.0013448379015865678,-0.00014965071262929372,0.0001805681403472394,2.4618570035899445e-05,-6.408100760244892e-06,0.0,0.0,0.0,0.0,8.0
0.1974999999999998,1.4490457963096388,0.6361881831135601,1.0372260507273527,0.020706625177640832,0.0013614629336298368,-0.00014152350392719924,0.0001808200648443791,2.48754951809403e-05,-6.276212408492885e-06,0.0,0.0,0.0,0.0,8.0
0.2004999999999999,1.4510514606243248,0.6364985480602608,1.0348498494177611,0.02065876492330457,0.0013776706512448017,-0.00013344465129242286,0.00018103739374990415,2.5128782206042096e-05,-6.140188075657449e-06,0.0,0.0,0.0,0.0,8.0
0.20350000000000001,1.453064188443723,0.63680764548521,1.0324763798688794,0.020609091862091398,0.001393498405920901,-0.00012540583628459172,0.0001812114750923166,2.5377462558543973e-05,-5.998922955240666e-06,0.0,0.0,0.0,0.0,8.0
0.20650000000000013,1.455083983531176,0.6371153396842097,1.0301057973589,0.020557626337085973,0.001408958610136804,-0.00011740612629733925,0.0001813396690448422,2.5621132105847614e-05,-5.85217581749812e-06,0.0,0.0,0.0,0.0,8.0
0.2094999999999998,1.4571108464965268,0.6374214282361548,1.027738318359801,0.02050442833857806,0.0014240415496586105,-0.00010945137576620326,0.00018142470899421424,2.585990510193467e-05,-5.700476741975384e-06,0.0,0.0,0.0,0.0,8.0
0.2124999999999999,1.4591447373601163,0.6377256825329704,1.0253741963225738,0.02044958184665147,0.0014387229984767435,-0.0001015518998466306,0.00018147288226464425,2.609424119844895e-05,-5.54486667930817e-06,0.0,0.0,0.0,0.0,8.0
0.21550000000000002,1.461185538644636,0.6380278942490768,1.0230136939221794,0.020393174645747986,0.0014529737007327075,-9.371941571560243e-05,0.00018149174174446957,2.632471872326251e-05,-5.386571691333524e-06,0.0,0.0,0.0,0.0,8.0
0.21850000000000014,1.4632330353395169,0.6383279098881474,1.020657059403945,0.020335281904698632,0.0014667675429993884,-8.596450342141731e-05,0.00018148815616971658,2.6551847203641883e-05,-5.226727705665612e-06,0.0,0.0,0.0,0.0,8.0
0.2214999999999998,1.4652869228971201,0.6386256413616749,1.0183045114240454,0.020275959481559268,0.001480086270655065,-7.829546817310516e-05,0.00018146725197006516,2.677598441722696e-05,-5.066233681701711e-06,0.0,0.0,0.0,0.0,8.0
0.22449999999999992,1.4673468409625532,0.6389210525354454,1.0159562331828778,0.02021524750116416,0.0014929203807710538,-7.071867954291853e-05,0.00018143232248046243,2.6997362488604826e-05,-4.905741640865173e-06,0.0,0.0,0.0,0.0,8.0
0.22750000000000004,1.4694124173567853,0.6392141327846003,1.0136123741458207,0.020153179540305557,0.001505267407079115,-6.323970604433164e-05,0.00018138534728870116,2.721617077280214e-05,-4.745730108003063e-06,0.0,0.0,0.0,0.0,8.0
0.23050000000000015,1.47148330293044,0.6395048721996042,1.0112730567620267,0.02008979093451843,0.0015171294082934835,-5.58643131237846e-05,0.0001813276102856763,2.7432625217879348e-05,-4.586586884127596e-06,0.0,0.0,0.0,0.0,8.0
0.23349999999999982,1.473559185585234,0.6397932479054629,1.008938385887807,0.020025122020010496,0.0015285109705468988,-4.859873908744563e-05,0.00018126006778040283,2.764698112434918e-05,-4.428652360440601e-06,0.0,0.0,0.0,0.0,8.0
0.23649999999999993,1.4756397847428024,0.6400792218942158,1.0066084592244675,0.01995921632391907,0.001539418043286876,-4.144927393820314e-05,0.00018118342170020467,2.7859493016924095e-05,-4.2722194130680925e-06,0.0,0.0,0.0,0.0,8.0
0.23950000000000005,1.477724836448146,0.6403627446090776,1.004283377405408,0.01989211661677878,0.001549857234030061,-3.442157776930891e-05,0.00018109806178962396,2.807035641282903e-05,-4.11751593961191e-06,0.0,0.0,0.0,0.0,8.0
0.24250000000000016,1.4798140794805625,0.6406437583791943,1.0019632524382514,0.019823861802877877,0.0015598351376803967,-2.7520173687057078e-05,0.00018100404876382289,2.827966552560087e-05,-3.964696392472677e-06,0.0,0.0,0.0,0.0,8.0
0.24549999999999983,1.4819072471706178,0.6409221984936004,0.999648213393198,0.01975448581854693,0.00156935762073873,-2.074828222688381e-05,0.00018090119209633382,2.8487399896154887e-05,-3.8138506198077545e-06,0.0,0.0,0.0,0.0,8.0
0.24849999999999994,1.4840040642051022,0.6411979929638774,0.9973384087451205,0.01968401803996672,0.0015784292592864219,-1.4107919570413604e-05,0.00018078917319134323,2.8693433809121327e-05,-3.665022746338373e-06,0.0,0.0,0.0,0.0,8.0
0.25150000000000006,1.4861042459500848,0.6414710626984922,0.995034005472075,0.019612484239211064,0.0015870531299433301,-7.600111622371826e-06,0.00018066764671160557,2.8897556648872854e-05,-3.518229768894354e-06,0.0,0.0,0.0,0.0,8.0
0.25450000000000017,1.4882074988139928,0.6417413227657953,0.9927351855564713,0.019539907517434514,0.0015952309938149646,-1.2251280221489477e-06,0.00018053628919239645,2.909949612123356e-05,-3.373474506801858e-06,0.0,0.0,0.0,0.0,8.0
0.25749999999999984,1.4903135214999665,0.6420086844258898,0.9904421407157448,0.019466309078533632,0.0016029637969161845,5.0173006675460264e-06,0.00018039479614460836,2.929894080410674e-05,-3.2307520771732447e-06,0.0,0.0,0.0,0.0,8.0
0.26049999999999995,1.4924220075611037,0.6422730573800098,0.9881550660314522,0.01939170883920955,0.0016102524065553837,1.1127801047911751e-05,0.00018024283446128805,2.9495560139443005e-05,-3.0900499907158054e-06,0.0,0.0,0.0,0.0,8.0
0.26350000000000007,1.494532649696854,0.6425343518936324,0.985874152863717,0.019316125833606954,0.0016170985494112673,1.7107231383359085e-05,0.0001800799502365731,2.9689020112331627e-05,-2.951341267084149e-06,0.0,0.0,0.0,0.0,8.0
0.2665000000000002,1.4966451458968753,0.6427924806573642,0.9835995813712535,0.01923957834976283,0.0016235059176611707,2.295662947279892e-05,0.0001799054337963327,2.9878993320255037e-05,-2.8145704618795798e-06,0.0,0.0,0.0,0.0,8.0
0.26949999999999985,1.4987592065077664,0.6430473603148052,0.981331513463928,0.01916208378560366,0.001629481294564052,2.8677230964662933e-05,0.00017971816559753727,3.0065163284865373e-05,-2.679635652845228e-06,0.0,0.0,0.0,0.0,8.0
0.27249999999999996,1.5008745593387682,0.6432989125167113,0.979070088204886,0.01908365832379481,0.001635035309862513,3.4270522302816e-05,0.00017951650871503232,3.0247224393183034e-05,-2.54637512514624e-06,0.0,0.0,0.0,0.0,8.0
0.2755000000000001,1.5029909476940888,0.6435470641876969,0.9768154230646439,0.019004316678621076,0.001640182164734694,3.973825558564296e-05,0.00017929835918531278,3.0424880466053546e-05,-2.4145734604820405e-06,0.0,0.0,0.0,0.0,8.0
0.2785000000000002,1.5051081154341097,0.6437917464919948,0.9745676248476108,0.018924072322226766,0.0016449375809368537,4.50823288291061e-05,0.00017906147966169431,3.059784624273809e-05,-2.284003450776706e-06,0.0,0.0,0.0,0.0,8.0
0.28149999999999986,1.5072257758078644,0.6440328918950915,0.9723268122559021,0.01884293867452576,0.0016493145670756527,5.0304445775522816e-05,0.00017880418700885203,3.076585646227812e-05,-2.1545129662284855e-06,0.0,0.0,0.0,0.0,8.0
0.2845,1.5093435675508815,0.6442704288948884,0.9700931475085346,0.018760931648326543,0.0016533174309623642,5.5405527781996996e-05,0.00017852632961817152,3.092868610016619e-05,-2.02614838527773e-06,0.0,0.0,0.0,0.0,8.0
0.2875000000000001,1.5114610106183428,0.6445042745439292,0.9678668685268891,0.01867807361503376,0.0016569355592184656,6.0384949131892163e-05,0.00017823031435233556,3.1086182323162156e-05,-1.8992836453503121e-06,0.0,0.0,0.0,0.0,8.0
0.2905000000000002,1.5135774803947715,0.6447343257837332,0.965648308859649,0.018594398309903535,0.0016601393068560403,6.523977546354939e-05,0.0001779218093044111,3.123830404952099e-05,-1.774707130199175e-06,0.0,0.0,0.0,0.0,8.0
0.29349999999999987,1.515692218368087,0.6449604516892113,0.9634378928552807,0.0185099555413357,0.0016628803362149023,6.996426045810964e-05,0.0001776097432108041,3.138515951897578e-05,-1.6536183624787604e-06,0.0,0.0,0.0,0.0,8.0
0.2965,1.5178043869186064,0.645182489677759,0.9612360998860012,0.018424813994764557,0.0016650976880515026,7.454986580831204e-05,0.00017730537988081666,3.152702739509917e-05,-1.5375069081506748e-06,0.0,0.0,0.0,0.0,8.0
0.2995000000000001,1.5199131587551813,0.6454002492248353,0.9590434019387809,0.018339060138139508,0.001666729064424108,7.898600746009311e-05,0.00017702051835529218,3.166434426591937e-05,-1.4279205805989527e-06,0.0,0.0,0.0,0.0,8.0
0.3025000000000002,1.5220178146217502,0.6456135263075994,0.9568601893643431,0.01825279142091179,0.0016677249884388787,8.326161613907019e-05,0.00017676514516219892,3.179764254174291e-05,-1.3261646630962699e-06,0.0,0.0,0.0,0.0,8.0
0.3054999999999999,1.524117814305209,0.6458221303623835,0.9546867053639342,0.018166102739695565,0.0016680624586220673,8.736745725914157e-05,0.00017654503031447918,3.192742909898939e-05,-1.2329942414567495e-06,0.0,0.0,0.0,0.0,8.0
0.3085,1.5262128109461153,0.6460259227236592,0.9525230082781643,0.01807906660533676,0.0016677548295990084,9.129899238452191e-05,0.00017635976299158493,3.205400782471194e-05,-1.148361932642905e-06,0.0,0.0,0.0,0.0,8.0
0.3115000000000001,1.5283025970046875,0.6462248612061269,0.9503689726135037,0.01799170959923242,0.0016668557365707832,9.505936695672251e-05,0.00017620160436484722,3.217726898585408e-05,-1.0712686346162135e-06,0.0,0.0,0.0,0.0,8.0
0.3144999999999998,1.5303869963093717,0.6464190401046794,0.9482243284326399,0.017903990350289903,0.0016654563239415026,9.86618672090041e-05,0.0001760553878327124,3.229649326779057e-05,-9.997474321569832e-07,0.0,0.0,0.0,0.0,8.0
0.3174999999999999,1.5324657412569265,0.6466087098866125,0.9460887285081998,0.01781578673209793,0.0016636762105842226,0.00010213095119948597,0.00017589959770302296,3.2410241804449486e-05,-9.309996853617213e-07,0.0,0.0,0.0,0.0,8.0
0.3205,1.5345383874890015,0.6467942591289497,0.9439618265835524,0.01772690094608359,0.0016616492883112764,0.00010550087473058147,0.0001757086987057437,3.251641254887864e-05,-8.61695639883467e-07,0.0,0.0,0.0,0.0,8.0
0.3235000000000001,1.536604312235402,0.6469761465803038,0.9418433491290894,0.01763708884513389,0.0016595058818948069,0.00010881123288198782,0.00017545667014999192,3.261252093468279e-05,-7.884358170868609e-07,0.0,0.0,0.0,0.0,8.0
0.3264999999999998,1.5386628140723657,0.6471547861343837,0.9397331462450893,0.017546112991545328,0.001657353508286293,0.00011209960059823137,0.0001751214008457723,3.269619741313905e-05,-7.083284743144612e-07,0.0,0.0,0.0,0.0,8.0
0.3294999999999999,1.5407132870012406,0.6473304099521252,0.9376312132505497,0.01745380833551061,0.0016552596519112978,0.00011539279015417486,0.00017468911791726518,3.276579479069595e-05,-6.195727688410233e-07,0.0,0.0,0.0,0.0,8.0
0.3325,1.5427553975747579,0.6475029559300163,0.9355376816118977,0.017360139132939188,0.0016532410481227122,0.00011869952334576378,0.00017415756319535595,3.2820903897194934e-05,-5.218757736902122e-07,0.0,0.0,0.0,0.0,8.0
0.33550000000000013,1.5447891750249558,0.6476720310526485,0.933452785087977,0.017265222410405377,0.0016512637063711391,0.00012200768408670152,0.00017353657618125206,3.2862549082823525e-05,-4.165252257835052e-07,0.0,0.0,0.0,0.0,8.0
0.3384999999999998,1.5468149508870705,0.6478369807598982,0.9313768129242794,0.017169302388506842,0.0016492552763058633,0.00012528807449448654,0.00017284540544790445,3.289292453791007e-05,-3.060295995677323e-07,0.0,0.0,0.0,0.0,8.0
0.3414999999999999,1.5488331541399372,0.6479970492009435,0.929310064700132,0.017072680904041796,0.0016471267123382594,0.000128503884748887,0.0001721073669184765,3.291472680871188e-05,-1.9341004094206316e-07,0.0,0.0,0.0,0.0,8.0
0.34450000000000003,1.5508440470553018,0.6481515679408568,0.927252819300144,0.016975631277295355,0.0016447957464165383,0.00013162219488552687,0.00017134377640627262,3.2930344808740776e-05,-8.140120252893136e-08,0.0,0.0,0.0,0.0,8.0
0.34750000000000014,1.5528475255263297,0.6483000921190606,0.9252053235173668,0.016878332939850076,0.0016422034514998601,0.00013462261329185883,0.00017056954033961891,3.294125393685161e-05,2.8124165832250175e-08,0.0,0.0,0.0,0.0,8.0
0.3504999999999998,1.5548430738349794,0.6484424304876671,0.923167796881298,0.01678085291497783,0.0016393186579775352,0.00013749969574578918,0.000169791932788274,3.2947850767695735e-05,1.343077813555337e-07,0.0,0.0,0.0,0.0,8.0
0.3534999999999999,1.5568298750874667,0.6485785748776269,0.9211404430626466,0.016683173740564952,0.0016361314019922866,0.00014025927456958462,0.00016901236234426038,3.294971789376603e-05,2.370649531931139e-07,0.0,0.0,0.0,0.0,8.0
0.35650000000000004,1.5588069954663302,0.6487085858164355,0.9191234579720005,0.016585243482227122,0.001632641750066191,0.00014291192115213757,0.00016822948015227438,3.2946090758961306e-05,3.3666969998075814e-07,0.0,0.0,0.0,0.0,8.0
0.35950000000000015,1.5607735397148825,0.648832500108382,0.9171170298271222,0.016487018107388726,0.001628850917260092,0.00014546741431602144,0.0001674417490547715,3.2936253662786235e-05,4.334133551642982e-07,0.0,0.0,0.0,0.0,8.0
0.3624999999999998,1.562728721707421,0.6489502934457333,0.9151213328361499,0.0163884803516925,0.0016247579197529545,0.00014793225232934048,0.00016664853934665632,3.291972187845339e-05,5.274583025316497e-07,0.0,0.0,0.0,0.0,8.0
0.36549999999999994,1.5646718599648581,0.649061888742757,0.9131365194373727,0.01628963817652725,0.001620360589035658,0.0001503097863002748,0.00016585000889071278,3.2896239582188965e-05,6.188519670158971e-07,0.0,0.0,0.0,0.0,8.0
0.36850000000000005,1.5666023419099364,0.6491671809922417,0.911162715168386,0.016190515303343853,0.001615657877456419,0.0001526013579906464,0.0001650465683600456,3.28657066351679e-05,7.07595834794844e-07,0.0,0.0,0.0,0.0,8.0
0.37150000000000016,1.5685195918507155,0.6492660568217786,0.909200017399409,0.016091143477937966,0.0016106513096705865,0.00015480720927340326,0.00016423851347798863,3.2828120022854006e-05,7.936935376802767e-07,0.0,0.0,0.0,0.0,8.0
0.37449999999999983,1.5704230527494876,0.6493584034946732,0.9072484970434501,0.01599155890568149,0.00160534520354061,0.00015692686578605724,0.00016342594273678878,3.2783550337280136e-05,8.771626342889832e-07,0.0,0.0,0.0,0.0,8.0
0.37749999999999995,1.572312177198335,0.6494441113095543,0.9053082018215375,0.015891801175865843,0.001599746212302894,0.0001589592240217857,0.00016260882893092977,3.273213710877699e-05,9.580271273279282e-07,0.0,0.0,0.0,0.0,8.0
0.38050000000000006,1.574186422349317,0.6495230735345507,0.903379159997102,0.01579191287079188,0.0015938627187286193,0.00016090258061335515,0.00016178711510637264,3.267408638744902e-05,1.0363072836573147e-06,0.0,0.0,0.0,0.0,8.0
0.3835000000000002,1.5760452471456834,0.6495951854916292,0.9014613839492434,0.01569193918490246,0.0015877043066792626,0.00016275469160647763,0.0001609607842517358,3.2609664685633464e-05,1.1120130485268115e-06,0.0,0.0,0.0,0.0,8.0
0.38649999999999984,1.5778881115649785,0.6496603430264392,0.8995548734924612,0.015591927534570197,0.0015812813067539605,0.0001645128585774913,0.00016012990559898871,3.253918971145926e-05,1.1851405012909778e-06,0.0,0.0,0.0,0.0,8.0
0.38949999999999996,1.5797144765037894,0.6497184402589828,0.8976596197017204,0.015491927336733283,0.0015746042272243828,0.00016617400466927636,0.00015929469354993516,3.2463020348560596e-05,1.2556667740447653e-06,0.0,0.0,0.0,0.0,8.0
0.39250000000000007,1.581523801070349,0.6497693664095527,0.8957756110026444,0.015391990217928161,0.0015676827031455597,0.00016773468556764804,0.00015845564238899933,3.238154908160229e-05,1.3235357163288447e-06,0.0,0.0,0.0,0.0,8.0
0.3955000000000002,1.58331553313974,0.6498130014350728,0.8939028436745796,0.015292170964468927,0.0015605235395087325,0.00016919097384269892,0.00015761380708036255,3.2295200303121564e-05,1.3886259225071112e-06,0.0,0.0,0.0,0.0,8.0
0.39849999999999985,1.5850890909007609,0.649849210245717,0.8920413376934927,0.015192529504006496,0.0015531276581837524,0.0001705381707686733,0.00015677126353360568,3.220443752978441e-05,1.450697317339923e-06,0.0,0.0,0.0,0.0,8.0
0.40149999999999997,1.5868438386087156,0.6498778354873598,0.8901911556038365,0.015093134064283375,0.0015454863489893778,0.00017177034516137305,0.00015593169212662782,3.210978125334864e-05,1.5093232127931776e-06,0.0,0.0,0.0,0.0,8.0
0.4045000000000001,1.5885790671944,0.6498986893401554,0.8883524178352882,0.014994065347110432,0.0015375779979080776,0.0001728797688260309,0.00015510091208494541,3.201183673465026e-05,1.5638284003256497e-06,0.0,0.0,0.0,0.0,8.0
0.4075000000000002,1.5902939955110245,0.6499115454765436,0.8865253049604659,0.014895421104025567,0.0015293670053366593,0.00017385639142794614,0.00015428711171227124,3.1911327594445894e-05,1.6132633040800367e-06,0.0,0.0,0.0,0.0,8.0
0.41049999999999986,1.5919878060344201,0.6499161330850531,0.8847100384499895,0.014797320011478465,0.0015208064621064197,0.00017468754292497486,0.0001535005352897658,3.1809127179439296e-05,1.6564419886496162e-06,0.0,0.0,0.0,0.0,8.0
0.4135,1.593659717770904,0.6499121354277814,0.882906837557657,0.014699903391780062,0.001511845144074339,0.00017535804437329125,0.00015275252669533817,3.170627653056321e-05,1.692055209353628e-06,0.0,0.0,0.0,0.0,8.0
0.4165000000000001,1.5953090821047722,0.6498991954764153,0.8811158592865989,0.01460333328305145,0.001502437820961155,0.00017585084489228674,0.00015205404913762438,3.160397666003409e-05,1.7188440393405199e-06,0.0,0.0,0.0,0.0,8.0
0.4195000000000002,1.5969354719012314,0.6498769305968549,0.8793371368290526,0.014507785713088564,0.0014925564497938542,0.0001761482060884883,0.00015141400147253775,3.150354465867661e-05,1.735796500758567e-06,0.0,0.0,0.0,0.0,8.0
0.4224999999999999,1.5985387285921662,0.6498449570479758,0.8775705350942664,0.014413438735064597,0.0014821992643623968,0.0001762333604845061,0.000150837733368753,3.1406327982573396e-05,1.7423206920135916e-06,0.0,0.0,0.0,0.0,8.0
0.4255,1.6001189404264902,0.6498029234116134,0.8758157378801427,0.014320455689976997,0.001471395408349591,0.00017609250462221278,0.00015032608037848517,3.1313578339566656e-05,1.73835787277057e-06,0.0,0.0,0.0,0.0,8.0
0.4285000000000001,1.6016763452117118,0.6497505502221735,0.8740722714047379,0.014228965100420985,0.0014602043127988603,0.0001757169535379929,0.00014987503749523987,3.122629469993982e-05,1.7244226107589106e-06,0.0,0.0,0.0,0.0,8.0
0.4315000000000002,1.603211174957181,0.6496876712053855,0.872339557578542,0.014139039460266086,0.0014487107467582416,0.00017510525949130973,0.00014947597128210736,3.11450529948862e-05,1.7015820027266961e-06,0.0,0.0,0.0,0.0,8.0
0.4344999999999999,1.6047234787659035,0.6496142697745119,0.8706169823266152,0.01405067593835383,0.0014370175729034131,0.00017426505340144378,0.00014911614673156196,3.106984736315189e-05,1.671399443548128e-06,0.0,0.0,0.0,0.0,8.0
0.4375,1.6062129680219401,0.6495305029110117,0.8689039622891729,0.013963782655433724,0.0014252382768897322,0.0001732142873776455,0.0001487793721010208,3.099997381130969e-05,1.6358642645721886e-06,0.0,0.0,0.0,0.0,8.0
0.4405000000000001,1.607678923328727,0.6494367036991304,0.8671999970945877,0.01387817459370033,0.0014134904323559554,0.0001719814646089568,0.00014844671609671726,3.093399053169865e-05,1.5973103870209488e-06,0.0,0.0,0.0,0.0,8.0
0.4434999999999998,1.6091201886717077,0.6493333545273408,0.86550470137265,0.01379358296643171,0.0014018900051627316,0.00017060441057891785,0.00014809742935070457,3.0869786755468376e-05,1.5583066314673896e-06,0.0,0.0,0.0,0.0,8.0
0.4464999999999999,1.6105352589519244,0.6492210266706104,0.8638178172703456,0.013709680375818838,0.001390545540227379,0.0001691272707228189,0.00014771028407662332,3.0804779128821686e-05,1.5214928074618422e-06,0.0,0.0,0.0,0.0,8.0
0.4495,1.6119224455350871,0.649100289639947,0.8621392120174713,0.013626120780986462,0.001379551342333043,0.00016759579559421658,0.00014726544679528986,3.0736227354567585e-05,1.4893489384663464e-06,0.0,0.0,0.0,0.0,8.0
0.4525000000000001,1.6132800836003658,0.6489716045817149,0.8604688656315087,0.013542588406226323,0.0013689797804968464,0.00016605156904913413,0.000146746725840871,3.066162146598654e-05,1.4639186868966321e-06,0.0,0.0,0.0,0.0,8.0
0.4554999999999998,1.6146067296510915,0.6488352263830567,0.8588068524428416,0.013458844830682092,0.0013588742514281298,0.0001645264442753541,0.00014614371020958632,3.0579054515154835e-05,1.446547238717733e-06,0.0,0.0,0.0,0.0,8.0
0.4584999999999999,1.615901295195688,0.6486911427944163,0.8571533186272275,0.01337476139340209,0.0013492452118295346,0.00016303872685030334,0.0001454531385559266,3.048747862566998e-05,1.4377145707703044e-06,0.0,0.0,0.0,0.0,8.0
0.4615,1.617163079923789,0.6485390706174347,0.8555084575054921,0.01329032718594071,0.0013400712771365808,0.0001615922777655406,0.00014467897231501312,3.03867682558591e-05,1.4370275306447946e-06,0.0,0.0,0.0,0.0,8.0
0.46450000000000014,1.6183917027031152,0.6483785096310175,0.8538724848367215,0.0132056311693683,0.0013313056781012723,0.00016017871762174536,0.0001438310904460236,3.0277580395777288e-05,1.4433796174011403e-06,0.0,0.0,0.0,0.0,8.0
0.4674999999999998,1.61958696656923,0.6482088334496423,0.8522456166272507,0.01312082653699297,0.0013228862915939375,0.00015878176011188517,0.000142923049848175,3.016107668959366e-05,1.4552234330444326e-06,0.0,0.0,0.0,0.0,8.0
0.4704999999999999,1.6207487136640097,0.6480293854369882,0.8506280512774373,0.013036090803181485,0.0013147463190097465,0.00015738205910001643,0.0001419696470327151,3.0038613652693604e-05,1.4708659542015762e-06,0.0,0.0,0.0,0.0,8.0
0.47350000000000003,1.6218767169421797,0.6478395533184161,0.849019956434885,0.012951593274119046,0.0013068231208044905,0.0001559611727153693,0.00014098491203875442,2.991149183184357e-05,1.4887101302959327e-06,0.0,0.0,0.0,0.0,8.0
0.47650000000000015,1.622970627409722,0.6476388121108261,0.8474214597502122,0.012867474966346194,0.0012990641445946123,0.00015450403602993289,0.00013998080670191523,2.9780802675614258e-05,1.507410238070742e-06,0.0,0.0,0.0,0.0,8.0
0.4794999999999998,1.6240299708932833,0.6474267385922927,0.8458326425416045,0.012783840194393695,0.0012914300902023455,0.0001530000303733031,0.0001389665897824719,2.9647366251378214e-05,1.5259460599543802e-06,0.0,0.0,0.0,0.0,8.0
0.48249999999999993,1.6250541795815667,0.647203004935896,0.844253535838306,0.012700757033015412,0.0012838958287622996,0.000151442976577097,0.0001379487100551939,2.9511737431483532e-05,1.543633222399613e-06,0.0,0.0,0.0,0.0,8.0
0.48550000000000004,1.626042644295235,0.6469673585508766,0.8426841185946826,0.012618263973468175,0.0012764495688767118,0.00014983036679819644,0.00013693109386544829,2.9374259305350934e-05,1.5600862832507724e-06,0.0,0.0,0.0,0.0,8.0
0.48850000000000016,1.626994772237253,0.6467195960715545,0.8411243178296771,0.01253637956261354,0.001269090929046405,0.0001481622149131546,0.00013591565782032346,2.9235138863174195e-05,1.5751552655311958e-06,0.0,0.0,0.0,0.0,8.0
0.4914999999999998,1.6279100330331984,0.6464595407572215,0.8395740104891302,0.012455111072895817,0.0012618287750376439,0.00014643999540311892,0.0001349028320934687,2.9094514703457125e-05,1.5888615276767902e-06,0.0,0.0,0.0,0.0,8.0
0.49449999999999994,1.6287879817643494,0.646187029344238,0.8380330271355005,0.01237445949003083,0.0012546794243322328,0.00014466599558990225,0.00013389194447629377,2.8952496190751603e-05,1.6013509491410798e-06,0.0,0.0,0.0,0.0,8.0
0.49750000000000005,1.6296282600605567,0.6459019076707156,0.8365011576974064,0.012294420949456979,0.0012476652333523106,0.0001428430718154942,0.0001328814634104946,2.8809175132955567e-05,1.612864618630672e-06,0.0,0.0,0.0,0.0,8.0
0.5005000000000002,1.6304305841815032,0.6456040304726273,0.8349781591412916,0.012214986490912348,0.001240813269440371,0.00014097459695184132,0.0001318691830259738,2.8664624155923054e-05,1.6237170439080016e-06,0.0,0.0,0.0,0.0,8.0
0.5034999999999998,1.631194727803872,0.6452932618209598,0.8334637644657817,0.012136141613270382,0.0012341538926554311,0.00013906443250274027,0.00013085240824235286,2.851889299133278e-05,1.63427485046092e-06,0.0,0.0,0.0,0.0,8.0
0.5065,1.6319205025219998,0.6449694751026546,0.8319576925161103,0.012057866104077098,0.0012277192401354466,0.00013711687427680604,0.0001298281520300392,2.8372006272271956e-05,1.6449344519507139e-06,0.0,0.0,0.0,0.0,8.0
0.5095000000000001,1.632607735623584,0.6446325524420945,0.8304596589342532,0.011980134201823778,0.0012215415489765882,0.00013513656384342735,0.0001287933546594573,2.8223963218069115e-05,1.6560976095632414e-06,0.0,0.0,0.0,0.0,8.0
0.5125000000000002,1.6332562424002501,0.6442823834879357,0.828969389651251,0.011902915148151526,0.0012156510786633544,0.0001331283520212253,0.0001277451573793333,2.807473945266045e-05,1.6681413496960694e-06,0.0,0.0,0.0,0.0,8.0
0.5154999999999998,1.6338657892287192,0.6439188634040688,0.8274866388275844,0.011826174243197611,0.0012100733119976828,0.0001310970923953473,0.00012668127383570467,2.792429150490852e-05,1.6813775650302053e-06,0.0,0.0,0.0,0.0,8.0
0.5185,1.6344360457090936,0.6435418898485857,0.8260112120879719,0.011749874555528563,0.0012048252893229502,0.00012904734594979412,0.00012560047882019618,2.77725648239736e-05,1.696000260506361e-06,0.0,0.0,0.0,0.0,8.0
0.5215000000000001,1.6349665301169432,0.643151358800891,0.82454299287931,0.011673979395675393,0.0011999114280504064,0.00012698300037595575,0.0001245031673274168,2.761950603790464e-05,1.7120256573572604e-06,0.0,0.0,0.0,0.0,8.0
0.5245000000000002,1.6354565606147993,0.6427471593694885,0.8230819656971652,0.011598455495162283,0.001195319847618637,0.00012490684774294912,0.00012339184783938042,2.7465079374958614e-05,1.72923994205452e-06,0.0,0.0,0.0,0.0,8.0
0.5274999999999999,1.6359052307551145,0.6423291681467101,0.821628226967371,0.011523276558416036,0.0011910206970823147,0.0001228202068419408,0.00012227137072962844,2.730928565974834e-05,1.747176062000093e-06,0.0,0.0,0.0,0.0,8.0
0.5305,1.6363114269090935,0.64189724411337,0.8201819749605394,0.011448426569767944,0.0011869678728617691,0.000120722698150842,0.00012114870819275307,2.7152180576086307e-05,1.7651390152480172e-06,0.0,0.0,0.0,0.0,8.0
0.5335000000000001,1.6366738951955944,0.6414512253101516,0.8187434752810766,0.011373902085718106,0.001183104658003772,0.00011861226110555678,0.000120032216710536,2.6993887793041716e-05,1.7822864952447043e-06,0.0,0.0,0.0,0.0,8.0
0.5365000000000002,1.6369913490251362,0.6409909283088376,0.8173130067405374,0.01129971284020949,0.0011793724621703544,0.00011648544401621623,0.00011893049257099829,2.6834602851578723e-05,1.7977523934452485e-06,0.0,0.0,0.0,0.0,8.0
0.5394999999999999,1.6372625925358426,0.6405161509249236,0.8158908002371956,0.011225880352720834,0.0011757205823762545,0.00011433791699218896,0.00011785109669156565,2.6674585632205266e-05,1.8107830855170357e-06,0.0,0.0,0.0,0.0,8.0
0.5425,1.637486627680798,0.6400266777992113,0.8144769867937954,0.011152434743901757,0.0011721143608004877,0.00011216509070056981,0.00011679949477046282,2.65141422246454e-05,1.8208493914784054e-06,0.0,0.0,0.0,0.0,8.0
0.5455000000000001,1.637662717578487,0.6395222877432439,0.8130715682212859,0.011079410438519134,0.0011685395909903041,0.00010996269728874147,0.00011577849359988944,2.635359998433224e-05,1.827704581808991e-06,0.0,0.0,0.0,0.0,8.0
0.5485000000000002,1.6377903940275698,0.6390027613686663,0.811674416053252,0.011006841688788191,0.0011650023254531632,0.00010772721386990149,0.00011478828098070261,2.619328133248502e-05,1.831377688652433e-06,0.0,0.0,0.0,0.0,8.0
0.5514999999999999,1.6378694159958527,0.6384678876242075,0.8102852949095218,0.010934758797482446,0.0011615247869419464,0.0001054560703468837,0.0001138269724225631,2.603348179277718e-05,1.8321132440662579e-06,0.0,0.0,0.0,0.0,8.0
0.5545,1.637899700417415,0.637917468366571,0.8089038992932938,0.010863185603847662,0.0011581392298634556,0.00010314765446594631,0.00011289141874587389,2.5874455995172923e-05,1.8302842181326706e-06,0.0,0.0,0.0,0.0,8.0
0.5575000000000001,1.6378812515551624,0.6373513207698273,0.8075298905467888,0.010792138357693744,0.0011548819322840496,0.00010080118046010084,0.00011197798728961747,2.5716412704257486e-05,1.8263089195982872e-06,0.0,0.0,0.0,0.0,8.0
0.5605000000000002,1.637814110118996,0.636769277979202,0.8061629233992007,0.010721625713681857,0.0011517890195194202,9.841650822713717e-05,0.00011108309493601922,2.555951736837223e-05,1.8205952352502395e-06,0.0,0.0,0.0,0.0,8.0
0.5634999999999999,1.6376983320544163,0.636171188764096,0.804802657290442,0.010651649347223586,0.001148894857480758,9.599398851291581e-05,0.00011020339923742731,2.540389904115309e-05,1.8135217064009666e-06,0.0,0.0,0.0,0.0,8.0
0.5665,1.6375339948921928,0.6355569169748471,0.8034487537022281,0.010582204660543106,0.0011462327603140054,9.353437865746151e-05,0.00010933568477961819,2.524965811258617e-05,1.8054509911775776e-06,0.0,0.0,0.0,0.0,8.0
0.5695000000000001,1.6373212212192763,0.6349263414245818,0.8021008648745854,0.010513281170993673,0.0011438370885350246,9.103883920728848e-05,0.00010847656902411801,2.5096871922673722e-05,1.7967621397154583e-06,0.0,0.0,0.0,0.0,8.0
0.5724999999999998,1.6370602060646653,0.6342793565243805,0.8007586206290263,0.010444862372367527,0.0011417456107007025,8.85089962698309e-05,0.0001076221774460748,2.4945596543090613e-05,1.787885604816362e-06,0.0,0.0,0.0,0.0,8.0
0.5754999999999999,1.6367512370824837,0.6336158737142424,0.7994216189386424,0.010376925053930166,0.0011400011943818573,8.594704269540789e-05,0.00010676791145732542,2.479586429172415e-05,1.7793279003339837e-06,0.0,0.0,0.0,0.0,8.0
0.5785,1.6363947011526063,0.6329358235266409,0.79808942349109,0.010309438200526612,0.0011386522950273417,8.335585124588828e-05,0.00010590837904607685,2.4647677538148253e-05,1.771678625960285e-06,0.0,0.0,0.0,0.0,8.0
0.5815000000000001,1.6359910760485687,0.6322391580139285,0.7967615689572818,0.010242361665503996,0.0011377521316215992,8.073907966408276e-05,0.00010503750255358424,2.450099993174505e-05,1.7655985079786014e-06,0.0,0.0,0.0,0.0,8.0
0.5844999999999998,1.635540909565585,0.6315258532481066,0.7954375727870425,0.010175644818226557,0.0011373567499388334,7.810125573107965e-05,0.00010414877689840133,2.435574638316196e-05,1.7617914495693845e-06,0.0,0.0,0.0,0.0,8.0
0.5874999999999999,1.6350447904340353,0.6307959116292948,0.7941169513607206,0.010109225342841196,0.001137522337828088,7.54478366558589e-05,0.00010323562989492937,2.4211773085180103e-05,1.7609658398098393e-06,0.0,0.0,0.0,0.0,8.0
0.5905,1.6345033157426063,0.6300493637886044,0.7927992380958643,0.010043028326370908,0.0011383021963104862,7.278524045205456e-05,0.00010229183084419283,2.4068868703948877e-05,1.7637909080920572e-06,0.0,0.0,0.0,0.0,8.0
0.5935000000000001,1.6339170590748122,0.6292862699239893,0.7914840013385158,0.00997696573596374,0.00113974373526895,7.012084787045887e-05,0.00010131189774923488,2.3926747694212e-05,1.770853436711874e-06,0.0,0.0,0.0,0.0,8.0
0.5964999999999998,1.6332865426812577,0.6285067204565858,0.7901708602851755,0.009910936352733782,0.0011418857977276715,6.746297308510732e-05,0.00010029146154978777,2.3785046528110263e-05,1.7826192716152977e-06,0.0,0.0,0.0,0.0,8.0
0.5994999999999999,1.632612216083563,0.6277108359389332,0.7888594976285984,0.009844826203181806,0.0011447565468777742,6.4820800625767e-05,9.92275545353653e-05,2.3643323474180093e-05,1.7994031286360114e-06,0.0,0.0,0.0,0.0,8.0
0.6025,1.631894442618961,0.6268987661865508,0.7875496680564501,0.009778509506452891,0.0011483720811111943,6.220428556432355e-05,9.81187988899558e-05,2.3501062401710217e-05,1.821349248935153e-06,0.0,0.0,0.0,0.0,8.0
0.6055000000000001,1.6311334945576936,0.6260706886428068,0.7862412021717207,0.009711850134018887,0.001152735870974246,5.962401398694117e-05,9.69654806730982e-05,2.3357680893403983e-05,1.8484244543020817e-06,0.0,0.0,0.0,0.0,8.0
0.6084999999999998,1.630329556536902,0.6252268060267094,0.7849340058608855,0.0096447035553225,0.0011578390350219547,5.709102157334787e-05,9.576950492794445e-05,2.3212542708784407e-05,1.8804240390713431e-06,0.0,0.0,0.0,0.0,8.0
0.6114999999999999,1.6294827362053168,0.6243673433578883,0.7836280555891748,0.009576919216397027,0.001163661391580998,5.461656999057184e-05,9.453423873917803e-05,2.3064974342758088e-05,1.9169897406497417e-06,0.0,0.0,0.0,0.0,8.0
0.6145,1.6285930802789688,0.6234925445057107,0.7823233904977667,0.009508343267179866,0.001170173148791992,5.221188410766463e-05,9.32642598484909e-05,2.2914285071163233e-05,1.95763787033688e-06,0.0,0.0,0.0,0.0,8.0
0.6175000000000002,1.6276605937986757,0.6226026684701814,0.7810201024504798,0.00943882151758139,0.001177337036917025,4.9887857821465105e-05,9.196503738345204e-05,2.275978948803258e-05,2.0017947178393104e-06,0.0,0.0,0.0,0.0,8.0
0.6204999999999998,1.626685260336213,0.6216979856651619,0.779718325279837,0.009368202465493063,0.001185110654019427,4.765474214932767e-05,9.064257701855616e-05,2.2600831158730197e-05,2.0488357106377145e-06,0.0,0.0,0.0,0.0,8.0
0.6234999999999999,1.6256670612114386,0.6207787745269446,0.7784182244021062,0.009296340208003543,0.0011934487932738357,4.5521835241145975e-05,8.930306466474208e-05,2.2436805699300686e-05,2.098124601150632e-06,0.0,0.0,0.0,0.0,8.0
0.6265000000000001,1.624605992361347,0.6198453187957963,0.7771199877354709,0.009223097028549147,0.0012023055461017845,4.349719872443488e-05,8.795254049153383e-05,2.226718141562491e-05,2.149049184335028e-06,0.0,0.0,0.0,0.0,8.0
0.6295000000000002,1.6235020781891647,0.6188979057971989,0.7758238185218324,0.009148345456060991,0.0012116360238809956,4.1587426883044274e-05,8.659662929677433e-05,2.209151566005411e-05,2.201050660811056e-06,0.0,0.0,0.0,0.0,8.0
0.6324999999999998,1.622355382351761,0.617936825971793,0.7745299302903497,0.00907196962325185,0.0012213976029811027,3.979749348912578e-05,8.524034498702379e-05,2.1909465326311378e-05,2.2536446504333318e-06,0.0,0.0,0.0,0.0,8.0
0.6355,1.621166015887659,0.616962373769066,0.7732385438737993,0.008993865810710064,0.001231550663358586,3.813069528415899e-05,8.388797747272772e-05,2.1720790402419224e-05,2.306432896749768e-06,0.0,0.0,0.0,0.0,8.0
0.6385000000000001,1.6199341432838552,0.6159748498448147,0.7719498861432539,0.008913942145742404,0.001242058850903178,3.658870166037408e-05,8.25430608793229e-05,2.1525350185722615e-05,2.359105747752471e-06,0.0,0.0,0.0,0.0,8.0
0.6415000000000002,1.6186599870396556,0.6149745643146862,0.7706641899847656,0.008832117518331973,0.0012528889413035039,3.517170838952501e-05,8.120841373456116e-05,2.1323092541751544e-05,2.4114364296733715e-06,0.0,0.0,0.0,0.0,8.0
0.6444999999999999,1.6173438310818062,0.6139618406513416,0.7693816950035658,0.008748319865979024,0.001264010414173193,3.387868118344924e-05,7.988623555439943e-05,2.111403734399424e-05,2.463268851127744e-06,0.0,0.0,0.0,0.0,8.0
0.6475,1.6159860231198027,0.6129370197056203,0.7681026484897105,0.008662484049215751,0.001275394859036771,3.270766446290162e-05,7.857824052392873e-05,2.089825584920363e-05,2.5145011221982195e-06,0.0,0.0,0.0,0.0,8.0
0.6505000000000001,1.6145869758042182,0.6119004633073524,0.7668273062877119,0.008574549578280606,0.001287015330451862,3.1656123631492206e-05,7.728580790773187e-05,2.067584815169835e-05,2.5650671238228375e-06,0.0,0.0,0.0,0.0,8.0
0.6535000000000002,1.6131471664363022,0.6108525569677806,0.7655559333525225,0.008484458452938165,0.0012988457509991664,3.07212863953434e-05,7.601013023027505e-05,2.0446920971549698e-05,2.614918333203366e-06,0.0,0.0,0.0,0.0,8.0
0.6564999999999999,1.6116671350031142,0.6097937113527737,0.7642888039188925,0.0083921533430971,0.0013108604325060586,2.9900450396487997e-05,7.475234365172554e-05,2.0211567866234277e-05,2.6640077512558265e-06,0.0,0.0,0.0,0.0,8.0
0.6595,1.6101474804641058,0.6087243623975054,0.7630262013395887,0.008297576275632544,0.0013230337528632957,2.9191230015098066e-05,7.351362963299923e-05,1.9969853559005677e-05,2.712277263330037e-06,0.0,0.0,0.0,0.0,8.0
0.6625000000000001,1.6085888554441685,0.6076449701518564,0.761768417745694,0.008200667915017558,0.001335339993364477,2.859172345190938e-05,7.22952821534548e-05,1.972180352703373e-05,2.7596491808509872e-06,0.0,0.0,0.0,0.0,8.0
0.6655000000000002,1.6069919597302664,0.6065560166419739,0.7605157537410274,0.008101367445870955,0.0013477533141834598,2.810059067918056e-05,7.109873967055154e-05,1.9467399378440684e-05,2.806022142683076e-06,0.0,0.0,0.0,0.0,8.0
0.6684999999999999,1.605357533161737,0.605458003173554,0.7592685183599838,0.007999612996761859,0.0013602478266820008,2.771704215196467e-05,6.992558509451118e-05,1.9206579954682523e-05,2.8512710691700555e-06,0.0,0.0,0.0,0.0,8.0
0.6715,1.6036863486027906,0.6043514475651387,0.7580270294960262,0.007895342495307428,0.0013727977123471058,2.7440746204244874e-05,6.877751991464332e-05,1.8939247589044264e-05,2.895250503593266e-06,0.0,0.0,0.0,0.0,8.0
0.6745000000000001,1.6019792056696036,0.6032368817790125,0.7567916149526615,0.007788494818692564,0.001385377339215486,2.7271669144104127e-05,6.765632012642567e-05,1.8665278572932905e-05,2.9378004631374236e-06,0.0,0.0,0.0,0.0,8.0
0.6775000000000002,1.6002369257598175,0.6021148503223782,0.7555626141891019,0.007679011100395649,0.0013979613360537739,2.7209865973604653e-05,6.656378186383674e-05,1.838453664221599e-05,2.9787538478441748e-06,0.0,0.0,0.0,0.0,8.0
0.6804999999999999,1.5984603487268403,0.6009859096435465,0.7543403807400478,0.007566836068589759,0.0014105245996406347,2.725524150950186e-05,6.55016639012381e-05,1.8096888188082504e-05,3.0179444967664356e-06,0.0,0.0,0.0,0.0,8.0
0.6835,1.5966503312955502,0.5998506285749247,0.7531252851951732,0.007451919317777569,0.0014230422280273878,2.740730180385642e-05,6.447163280355337e-05,1.7802217899989146e-05,3.0552151011277356e-06,0.0,0.0,0.0,0.0,8.0
0.6865000000000001,1.5948077470731181,0.5987095897058567,0.7519177185407526,0.00733421644570028,0.00143548938947245,2.7664914568671814e-05,6.347521483218253e-05,1.750044363697821e-05,3.090424348869196e-06,0.0,0.0,0.0,0.0,8.0
0.6894999999999998,1.5929334878065766,0.5975633914291516,0.7507180956036147,0.007213690016493415,0.0014478411502307513,2.802609516959729e-05,6.251375706244014e-05,1.7191529475008032e-05,3.123452852808609e-06,0.0,0.0,0.0,0.0,8.0
0.6924999999999999,1.5910284654034208,0.5964126503131535,0.7495268583037735,0.007090310334437118,0.0014600722927803871,2.8487831952078328e-05,6.158839874869893e-05,1.6875496074268324e-05,3.15420758397535e-06,0.0,0.0,0.0,0.0,8.0
0.6955,1.5890936141748764,0.5952580034147953,0.748344478420552,0.006964056028695182,0.0014721571586522018,2.904596138274859e-05,6.070005289430052e-05,1.655242773964698e-05,3.1826246804821803e-06,0.0,0.0,0.0,0.0,8.0
0.6985000000000001,1.5871298927812965,0.5941001101672035,0.7471714596075477,0.006834914458348361,0.0014840695470377365,2.9695099853097273e-05,5.984939726188069e-05,1.6222475800539025e-05,3.2086706266007774e-06,0.0,0.0,0.0,0.0,8.0
0.7014999999999998,1.5851382854424587,0.5929396535391783,0.7460083384501836,0.006702881950365799,0.0014957826928262692,3.0428635118928174e-05,5.903687365015613e-05,1.5885858203781783e-05,3.2323418975769004e-06,0.0,0.0,0.0,0.0,8.0
0.7044999999999999,1.5831198021021478,0.5917773402589823,0.7448556844381148,0.006567963883113288,0.0015072693372291755,3.123877639805198e-05,5.8262694088833675e-05,1.5542855483266842e-05,3.2536632459405876e-06,0.0,0.0,0.0,0.0,8.0
0.7075,1.5810754773837736,0.5906139000046251,0.7437140988134222,0.006430174626702294,0.0015185018924787645,3.211665834736099e-05,5.752685258568757e-05,1.5193803524897764e-05,3.272684866597873e-06,0.0,0.0,0.0,0.0,8.0
0.7105000000000001,1.5790063683205766,0.5894500835708427,0.7425842123434381,0.0062895373505586615,0.001529452690964612,3.305249077309072e-05,5.6829141137265457e-05,1.4839083765656322e-05,3.2894787207521046e-06,0.0,0.0,0.0,0.0,8.0
0.7134999999999998,1.576913550972905,0.5882866601157261,0.7414666821440657,0.006146083708893756,0.001540094300032739,3.4035743297572135e-05,5.6169168847616726e-05,1.4479111629413368e-05,3.304134320895091e-06,0.0,0.0,0.0,0.0,8.0
0.7164999999999999,1.5747981161444085,0.5871244136582519,0.7403621877377254,0.00599985341642547,0.0015503998775123825,3.5055352574360104e-05,5.554638316728918e-05,1.4114324091726091e-05,3.316754278492799e-06,0.0,0.0,0.0,0.0,8.0
0.7195,1.5726611644727735,0.5859641390378347,0.7392714265650095,0.005850893729304153,0.001560343540334269,3.609993917404761e-05,5.496009245497882e-05,1.3745167270289404e-05,3.32744989175725e-06,0.0,0.0,0.0,0.0,8.0
0.7225000000000001,1.5705038011980965,0.5848066375594567,0.7381951091800656,0.005699258849044718,0.0015699007193405257,3.715802197553547e-05,5.4409489261910595e-05,1.3372084856137648e-05,3.336337005143102e-06,0.0,0.0,0.0,0.0,8.0
0.7254999999999998,1.568327130906356,0.5836527125379527,0.7371339543495551,0.005545009269634401,0.0015790484771029168,3.821821965381399e-05,5.3893673921344416e-05,1.299550804352426e-05,3.3435323105595554e-06,0.0,0.0,0.0,0.0,8.0
0.7284999999999999,1.56613225251287,0.5825031649301069,0.7360886842494182,0.0053882110893588705,0.0015877657714859239,3.9269431375133035e-05,5.341167816255722e-05,1.2615847404316462e-05,3.3491501913262694e-06,0.0,0.0,0.0,0.0,8.0
0.7315,1.5639202546986917,0.5813587892113232,0.7350600199196746,0.005228935309064765,0.001596033654848298,4.030099171717344e-05,5.2962488530856474e-05,1.2233486913689564e-05,3.3533001435753034e-06,0.0,0.0,0.0,0.0,8.0
0.7345000000000002,1.5616922119501524,0.5802203696215158,0.7340486771020153,0.005067257137701346,0.0016038354061536583,4.1302797713911405e-05,5.254506936561035e-05,1.1848780098978208e-05,3.3560847551889292e-06,0.0,0.0,0.0,0.0,8.0
0.7374999999999998,1.5594491812864766,0.5790886768766952,0.7330553625533591,0.004903255324466506,0.0016111565999164118,4.226540840554683e-05,5.215838497195296e-05,1.1462048082137994e-05,3.357598185640067e-06,0.0,0.0,0.0,0.0,8.0
0.7404999999999999,1.5571921997002267,0.5779644654195741,0.7320807709037304,0.004737011535250365,0.0016179851210856347,4.318011907087366e-05,5.180142045029083e-05,1.1073579141722606e-05,3.3579250732047184e-06,0.0,0.0,0.0,0.0,8.0
0.7435,1.554922282286396,0.5768484712627069,0.7311255821087796,0.0045686097897697205,0.0016243111381754965,4.403901328783018e-05,5.147320047426486e-05,1.0683629346468495e-05,3.357139796542551e-06,0.0,0.0,0.0,0.0,8.0
0.7465000000000002,1.5526404210019438,0.5757414104579365,0.730190459533669,0.004398135974974461,0.0016301270480102521,4.483499611903698e-05,5.117280519423732e-05,1.0292423812108276e-05,3.3553060299854924e-06,0.0,0.0,0.0,0.0,8.0
0.7494999999999998,1.550347583979291,0.5746439782029135,0.7292760486919251,0.0042256774497196024,0.0016354274045160056,4.556181121044416e-05,5.0899382442099773e-05,9.900158197242683e-06,3.3524765491859716e-06,0.0,0.0,0.0,0.0,8.0
0.7525,1.5480447153122932,0.5735568485672743,0.7283829766461831,0.004051322754628059,0.0016402088414944132,4.6214043691219854e-05,5.0652155551164874e-05,9.507000164960318e-06,3.348693260030034e-06,0.0,0.0,0.0,0.0,8.0
0.7555000000000001,1.545732735236463,0.5724806747881452,0.7275118520544617,0.00387516143854077,0.0016444699958916716,4.678710979213204e-05,5.04304263740444e-05,9.113090670530626e-06,3.343987435271302e-06,0.0,0.0,0.0,0.0,8.0
0.7585000000000002,1.5434125406303452,0.5714160900498508,0.72666326581479,0.0036972840079992895,0.001648211434436668,4.7277233362651185e-05,5.023357344077133e-05,8.718545066671865e-06,3.338380149371579e-06,0.0,0.0,0.0,0.0,8.0
0.7614999999999998,1.5410850057661651,0.5703637086305547,0.7258377922242651,0.0035177819982945766,0.001651435583306491,4.768140918349748e-05,5.00610455874561e-05,8.323454124798128e-06,3.331882903911049e-06,0.0,0.0,0.0,0.0,8.0
0.7645,1.5387509832319755,0.569324127273877,0.7250359905298528,0.00333674815396177,0.001654146658139303,4.799735322890133e-05,4.991235173845247e-05,7.927885138690644e-06,3.324498435882374e-06,0.0,0.0,0.0,0.0,8.0
0.7675000000000001,1.5364113049348718,0.5682979266301394,0.7242584067129689,0.003154276694325417,0.0016563505904485737,4.8223440769349854e-05,4.978704779329463e-05,7.531883300958308e-06,3.3162217008803633e-06,0.0,0.0,0.0,0.0,8.0
0.7705000000000002,1.534066783079601,0.5672856726116132,0.7235055753239936,0.002970463627712623,0.001658054946236197,4.83586342305103e-05,4.9684721729595197e-05,7.135473526355616e-06,3.307041022942044e-06,0.0,0.0,0.0,0.0,8.0
0.7734999999999999,1.5317182110054997,0.5662879175186493,0.7227780211714127,0.0027854070685313765,0.0016592688331059369,4.84024037740282e-05,4.96049780858838e-05,6.738662850240145e-06,3.2969394015698785e-06,0.0,0.0,0.0,0.0,8.0
0.7765,1.529366363763801,0.5653052008167819,0.7220762606764531,0.002599207506646785,0.0016600027931160687,4.8354644376860835e-05,4.95474229521338e-05,6.34144346905167e-06,3.2858959627459045e-06,0.0,0.0,0.0,0.0,8.0
0.7795000000000001,1.5270119983313803,0.564338049475815,0.7214008027284936,0.002411967979717973,0.0016602686796948062,4.821559356269551e-05,4.951165049317541e-05,5.943796425833789e-06,3.2738875335476493e-06,0.0,0.0,0.0,0.0,8.0
0.7825000000000002,1.5246558533866366,0.5633869778174446,0.7207521489172222,0.0022237941066138456,0.0016600795180010965,4.798575380069249e-05,4.949723187911147e-05,5.545695886967929e-06,3.2608903096601918e-06,0.0,0.0,0.0,0.0,8.0
0.7854999999999999,1.5222986486151207,0.5624524868554253,0.7201307930702359,0.002034793952787339,0.0016594493491102083,4.766582297513922e-05,4.950370730634133e-05,5.147113911104616e-06,3.2468815734183192e-06,0.0,0.0,0.0,0.0,8.0
0.7885,1.5199410835602833,0.5615350631493665,0.7195372200838313,0.001845077714726176,0.0016583930593954772,4.725663538556179e-05,4.9530581566543155e-05,4.748025577984691e-06,3.2318414096198514e-06,0.0,0.0,0.0,0.0,8.0
0.7915000000000001,1.517583836080879,0.5606351772278936,0.718971904093826,0.0016547572280476194,0.0016569261975487278,4.6759114650625525e-05,4.957732336418514e-05,4.348414321127412e-06,3.215754359680766e-06,0.0,0.0,0.0,0.0,8.0
0.7945000000000002,1.515227560514362,0.5597532816670601,0.7184353060864344,0.0014639453202314567,0.0016550647828743996,4.617423884981356e-05,4.964336830825492e-05,3.948277291280453e-06,3.19861095324961e-06,0.0,0.0,0.0,0.0,8.0
0.7974999999999999,1.5128728856705589,0.5588898089334661,0.7179278710915938,0.0012727550425863914,0.0016528251097628365,4.5503017389170054e-05,4.9728125232936965e-05,3.5476305651867686e-06,3.1804090602555027e-06,0.0,0.0,0.0,0.0,8.0
0.8005,1.5105204127902838,0.5580451691166218,0.7174500251293844,0.0010812988256401791,0.001650223554471024,4.474647850144208e-05,4.983098526263125e-05,3.146514006457407e-06,3.1611550144583177e-06,0.0,0.0,0.0,0.0,8.0
0.8035000000000001,1.508170713600049,0.557219747680416,0.7170021720926919,0.0008896876072041557,0.0016472763913317958,4.390566600072513e-05,4.995133285620218e-05,2.744995583490509e-06,3.1408644702040836e-06,0.0,0.0,0.0,0.0,8.0
0.8065000000000002,1.5058243285791062,0.556413903358802,0.7165846907462348,0.0006980299829068036,0.0016439996260894563,4.298164386913532e-05,5.008855796270301e-05,2.343174955558839e-06,3.119562965655616e-06,0.0,0.0,0.0,0.0,8.0
0.8094999999999999,1.5034817655319643,0.5556279663067973,0.7161979320051463,0.0005064314254553691,0.001640408854068347,4.197550738696907e-05,5.0242068403165915e-05,1.9411861543803132e-06,3.0972861771481496e-06,0.0,0.0,0.0,0.0,8.0
0.8125,1.5011434985317713,0.5548622365964595,0.715842216628314,0.00031499361197938813,0.0016365191502376354,4.0888399744319025e-05,5.041130165428264e-05,1.5391992158030616e-06,3.074079860058742e-06,0.0,0.0,0.0,0.0,8.0
0.8155000000000001,1.4988099672706754,0.5541169831211483,0.7155178334261425,0.0001238138894228681,0.0016323449969328967,3.9721533309693805e-05,5.059573533386634e-05,1.1374206545369442e-06,3.049999481673535e-06,0.0,0.0,0.0,0.0,8.0
0.8184999999999998,1.4964815768253872,0.5533924429428432,0.7152250380430893,-6.701510292878939e-05,0.0016279002530981293,3.847621491099493e-05,5.0794895853534186e-05,7.360927227048707e-07,3.0251095611127463e-06,0.0,0.0,0.0,0.0,8.0
0.8214999999999999,1.4941586978218295,0.5526888210891095,0.7149640523358353,-0.00025740564607288827,0.0016231981665490703,3.715387455830698e-05,5.1008364888718e-05,3.3549144770338426e-07,2.9994827404308542e-06,0.0,0.0,0.0,0.0,8.0
0.8245,1.49184166696381,0.5520062907805486,0.7147350643313849,-0.00044727499224928025,0.0016182514281012825,3.5756096980895226e-05,5.123578350053076e-05,-6.40764970646694e-08,2.97319861922652e-06,0.0,0.0,0.0,0.0,8.0
0.8275000000000001,1.4895307878779778,0.5513449940477447,0.7145382287181089,-0.0006365452670339743,0.0016130722636601043,3.428465516381977e-05,5.147685391250203e-05,-4.6227797777701096e-07,2.9463423919622063e-06,0.0,0.0,0.0,0.0,8.0
0.8304999999999998,1.4872263322213015,0.5507050426797433,0.714373667798297,-0.0008251432430743402,0.0016076725577486312,3.2741544777040696e-05,5.173133908671126e-05,-8.587584792450519e-07,2.9190033320907606e-06,0.0,0.0,0.0,0.0,8.0
0.8334999999999999,1.4849285409971973,0.5500865194344622,0.7142414728139008,-0.0010130000114297645,0.00160206399967331,3.112901803742454e-05,5.199906035035864e-05,-1.2531478720063326e-06,2.8912731696169912e-06,0.0,0.0,0.0,0.0,8.0
0.8365,1.4826376260309608,0.5494894794353234,0.7141417055478227,-0.0012000505796150994,0.0015962582417922702,2.944961519278847e-05,5.227989338981635e-05,-1.6450666326930223e-06,2.86324440884676e-06,0.0,0.0,0.0,0.0,8.0
0.8395000000000001,1.4803537715622677,0.5489139516777808,0.7140744001007981,-0.0013862334264437524,0.0015902670583272703,2.7706191535329256e-05,5.257376295095232e-05,-2.034132269649158e-06,2.8350086312443737e-06,0.0,0.0,0.0,0.0,8.0
0.8424999999999998,1.478077135919917,0.548359940574098,0.7140395647477222,-0.00157149004301545,0.0015841024929605216,2.5901937706202666e-05,5.2880636560929384e-05,-2.419965710124542e-06,2.806654825354968e-06,0.0,0.0,0.0,0.0,8.0
0.8454999999999999,1.4758078532497036,0.5478274274742461,0.7140371837860379,-0.0017557644871573181,0.0015777769841333427,2.4040391096858922e-05,5.320051752059008e-05,-2.8021974271414495e-06,2.7782677826450473e-06,0.0,0.0,0.0,0.0,8.0
0.8485,1.4735460352688305,0.5473163721143346,0.7140672193013938,-0.0019390029757583823,0.0015713034584828962,2.2125436417949612e-05,5.3533437316555714e-05,-3.1804731212268787e-06,2.7499265957096037e-06,0.0,0.0,0.0,0.0,8.0
0.8515000000000001,1.471291773019369,0.5468267139602714,0.7141296127910312,-0.0021211535360374286,0.001564695385097051,2.0161293992379387e-05,5.387944748477216e-05,-3.5544588204006044e-06,2.721703293872472e-06,0.0,0.0,0.0,0.0,8.0
0.8544999999999998,1.469045138589891,0.5463583734316092,0.7142242866022079,-0.0023021657329744373,0.0015579667860371447,1.81524950021164e-05,5.423861084562164e-05,-3.923845315173731e-06,2.6936616503858923e-06,0.0,0.0,0.0,0.0,8.0
0.8574999999999999,1.4668061867706041,0.5459112530066604,0.7143511451604287,-0.002481990485837633,0.00155113220161236,1.6103843713537564e-05,5.461099195298858e-05,-4.288351896754951e-06,2.6658561941227006e-06,0.0,0.0,0.0,0.0,8.0
0.8605,1.4645749566057837,0.5454852382228337,0.7145100759793502,-0.0026605799817781585,0.001544206611901515,1.402036753867897e-05,5.499664658289222e-05,-4.647729409066671e-06,2.638331455405457e-06,0.0,0.0,0.0,0.0,8.0
0.8635000000000002,1.462351472810353,0.5450801985940796,0.7147009504600835,-0.0028378876887023563,0.0015372053187415308,1.1907256570401292e-05,5.539561015050787e-05,-5.0017626527006315e-06,2.611121469160397e-06,0.0,0.0,0.0,0.0,8.0
0.8664999999999998,1.4601357470264147,0.5446959884695697,0.714923624501324,-0.0030138684631334078,0.0015301437946344282,9.769794883752608e-06,5.580788509133173e-05,-5.350272188403814e-06,2.584249548434439e-06,0.0,0.0,0.0,0.0,8.0
0.8694999999999999,1.4579277789098675,0.5443324478546359,0.7151779389525699,-0.003188478741896324,0.0015230375066550392,7.613286375975308e-06,5.623342745762168e-05,-5.693115579320196e-06,2.557728328116972e-06,0.0,0.0,0.0,0.0,8.0
0.8725,1.455727557054673,0.5439894032081942,0.7154637199500435,-0.003361676799890076,0.0015159017244606983,5.442978211340548e-06,5.6672133230288213e-05,-6.030188089035005e-06,2.53156006436568e-06,0.0,0.0,0.0,0.0,8.0
0.8755000000000002,1.4535350597792989,0.5436666682226536,0.7157807791785143,-0.0035334230508151892,0.001508751321974016,3.2639850590524996e-06,5.712382508221351e-05,-6.361422823361968e-06,2.5057371623430207e-06,0.0,0.0,0.0,0.0,8.0
0.8784999999999998,1.4513502558124907,0.5433640445852114,0.7161289141020981,-0.003703680364375318,0.0015016005823294525,1.081217293403583e-06,5.758824050183583e-05,-6.686790276217582e-06,2.4802428960356996e-06,0.0,0.0,0.0,0.0,8.0
0.8815,1.4491731049210246,0.543081322715296,0.7165079082036333,-0.0038724143727655856,0.0014944630153262198,-1.100683808643501e-06,5.806502225609171e-05,-7.006297221793515e-06,2.455052280805072e-06,0.0,0.0,0.0,0.0,8.0
0.8845000000000001,1.447003558519373,0.5428182824725509,0.7169175312661376,-0.004039593741368144,0.0014873511959492538,-3.277401075397513e-06,5.855371211898269e-05,-7.3199848924196346e-06,2.430133062017206e-06,0.0,0.0,0.0,0.0,8.0
0.8875000000000002,1.4448415602915503,0.5425746938326106,0.717357539721958,-0.0042051903831376155,0.001480276631489846,-5.444984210364235e-06,5.905374861948162e-05,-7.627926396470953e-06,2.40544679005076e-06,0.0,0.0,0.0,0.0,8.0
0.8904999999999998,1.442687046841623,0.5423503175325272,0.7178276770864811,-0.004369179602414128,0.0014732496633750845,-7.599878370912079e-06,5.956446929464218e-05,-7.930223362397714e-06,2.380949960441978e-06,0.0,0.0,0.0,0.0,8.0
0.8935,1.440539948375208,0.5421449056921481,0.7183276744844458,-0.00453154016085211,0.0014662794079743759,-9.73893724775571e-06,6.008511760916304e-05,-8.227001839400337e-06,2.356595204834495e-06,0.0,0.0,0.0,0.0,8.0
0.8965000000000001,1.4384001894028904,0.5419582024204398,0.7188572512686913,-0.00469225426484873,0.0014593737384318503,-1.1859420131260625e-05,6.061485436325081e-05,-8.518407536626365e-06,2.3323325214447395e-06,0.0,0.0,0.0,0.0,8.0
0.8995000000000002,1.4362676894498763,0.5417899444158688,0.7194161157239914,-0.0048513074795672705,0.0014525393071013132,-1.3958973352641782e-05,6.115277309374751e-05,-8.80460053459579e-06,2.3081105320099578e-06,0.0,0.0,0.0,0.0,8.0
0.9024999999999999,1.4341423637545345,0.5416398615676653,0.7200039658427894,-0.005008688578988607,0.0014457816056436075,-1.603559742307465e-05,6.169791870661227e-05,-9.085749648855541e-06,2.2838777463467234e-06,0.0,0.0,0.0,0.0,8.0
0.9055,1.4320241239407958,0.54150767756095,0.7206204901552903,-0.005164389344305727,0.0014391050575386984,-1.808760206443948e-05,6.224930837863068e-05,-9.362026661581828e-06,2.2595838076754543e-06,0.0,0.0,0.0,0.0,8.0
0.9085000000000001,1.4299128786537416,0.5413931104845653,0.7212653685935949,-0.0053184043245325385,0.0014325131359100855,-2.0113552033241522e-05,6.28059536412936e-05,-9.633600658164355e-06,2.2351806842352427e-06,0.0,0.0,0.0,0.0,8.0
0.9115000000000002,1.427808534152513,0.5412958734370433,0.7219382733683523,-0.005470730573634392,0.0014260084983432173,-2.2112207105720995e-05,6.336688251338467e-05,-9.900632710146828e-06,2.210623767671587e-06,0.0,0.0,0.0,0.0,8.0
0.9144999999999999,1.4257109948586237,0.5412156751241399,0.7226388698367425,-0.005621367378007932,0.0014195931298960475,-2.408245977294597e-05,6.393116058088154e-05,-1.016327113209038e-05,2.18587283767308e-06,0.0,0.0,0.0,0.0,8.0
0.9175,1.4236201638605022,0.5411522204408492,0.7233668173423274,-0.005770315986885953,0.0014132684857406858,-2.602327408686317e-05,6.449791003024761e-05,-1.0421647508295761e-05,2.160892855762252e-06,0.0,0.0,0.0,0.0,8.0
0.9205000000000001,1.4215359433767554,0.5411052110315234,0.7241217700101729,-0.005917579356341972,0.0014070356257489462,-2.793362873519526e-05,6.50663258162265e-05,-1.0675873637928424e-05,2.1356545585190007e-06,0.0,0.0,0.0,0.0,8.0
0.9235000000000002,1.4194582351816754,0.5410743458231658,0.7249033774843682,-0.006063161915146879,0.001400895334688916,-2.981246686488116e-05,6.563568837437591e-05,-1.0926039487750762e-05,2.1101348307159214e-06,0.0,0.0,0.0,0.0,8.0
0.9264999999999999,1.417386940997319,0.541059321528694,0.7257112855992112,-0.006207069357962099,0.0013948482233587258,-3.1658654494615826e-05,6.620537255179498e-05,-1.1172212175697878e-05,2.0843168505380684e-06,0.0,0.0,0.0,0.0,8.0
0.9295,1.4153219628572344,0.5410598331186848,0.726545136979542,-0.00634930846847545,0.0013888948077693368,-3.347094863242678e-05,6.67748527021252e-05,-1.1414435942259923e-05,2.058190010956165e-06,0.0,0.0,0.0,0.0,8.0
0.9325000000000001,1.413263203447524,0.5410755742616898,0.7274045715696039,-0.006489886972363507,0.0013830355652423134,-3.524797551235072e-05,6.734370414629106e-05,-1.1652733006566064e-05,2.031749632369229e-06,0.0,0.0,0.0,0.0,8.0
0.9355000000000002,1.4112105664311705,0.5411062377346566,0.7282892270931269,-0.006628813417661804,0.001377270967882456,-3.6988218739915306e-05,6.79116014139265e-05,-1.1887105156030769e-05,2.004996491058809e-06,0.0,0.0,0.0,0.0,8.0
0.9384999999999999,1.409163956761154,0.5411515158063557,0.7291987394499116,-0.006766097078449875,0.001371601495222545,-3.8690016627448974e-05,6.847831383292604e-05,-1.2117535886788851e-05,1.9779361953032355e-06,0.0,0.0,0.0,0.0,8.0
0.9415,1.4071232809867231,0.5412111005980149,0.7301327430559685,-0.0069017478768298845,0.0013660276288562868,-4.0351567629063274e-05,6.904369911543808e-05,-1.2343992899220232e-05,1.9505784458905963e-06,0.0,0.0,0.0,0.0,8.0
0.9445000000000001,1.4050884475553378,0.5412846844264998,0.7310908711353238,-0.00703577631799907,0.0013605498325436067,-4.197094255793516e-05,6.960769559695228e-05,-1.2566430758650185e-05,1.92293622009985e-06,0.0,0.0,0.0,0.0,8.0
0.9474999999999998,1.403059367110579,0.5413719601362169,0.7320727559720374,-0.007168193433685375,0.0013551685215868177,-4.3546102178565386e-05,7.017031372925048e-05,-1.2784793553609988e-05,1.8950249179733958e-06,0.0,0.0,0.0,0.0,8.0
0.9504999999999999,1.4010359527841827,0.5414726214261754,0.7330780291309615,-0.007299010730142381,0.0013498840252594562,-4.507491879728092e-05,7.073162732365991e-05,-1.2999017418854838e-05,1.8668615069824602e-06,0.0,0.0,0.0,0.0,8.0
0.9535,1.39901812047874,0.5415863631782006,0.734106321655449,-0.007428240138067526,0.0013446965457689594,-4.655520059942342e-05,7.129176490803514e-05,-1.320903283258191e-05,1.838463696284996e-06,0.0,0.0,0.0,0.0,8.0
0.9565000000000001,1.397005789136764,0.5417128817910877,0.735157264249721,-0.007555893963012224,0.0013396061167220835,-4.798471766930113e-05,7.185090141918743e-05,-1.3414766641592991e-05,1.8098491652534767e-06,0.0,0.0,0.0,0.0,8.0
0.9594999999999998,1.394998880991654,0.541851875523733,0.7362304874530008,-0.007681984835972387,0.001334612563431967,-4.936122884052916e-05,7.240925031843363e-05,-1.361614380968959e-05,1.7810348637102101e-06,0.0,0.0,0.0,0.0,8.0
0.9624999999999999,1.3929973217960856,0.5420030448484713,0.737325621811858,-0.007806525664851448,0.001329715466764321,-5.068250871936656e-05,7.296705610234786e-05,-1.3813088919687773e-05,1.7520363945257237e-06,0.0,0.0,0.0,0.0,8.0
0.9655,1.391001041022818,0.5421660928145138,0.7384422980565125,-0.007929529588424343,0.0013249141316721597,-5.1946374364380763e-05,7.352458708834908e-05,-1.4005527485816244e-05,1.7228674841933559e-06,0.0,0.0,0.0,0.0,8.0
0.9685000000000001,1.389009972031278,0.5423407254210552,0.7395801472861292,-0.008051009935355005,0.0013202075611896244,-5.3150711166810185e-05,7.408212828693107e-05,-1.4193387149851246e-05,1.6935395446471927e-06,0.0,0.0,0.0,0.0,8.0
0.9714999999999998,1.3870240521906356,0.5425266520002524,0.7407388011674461,-0.008170980191689747,0.0013155944364644332,-5.4293497454854785e-05,7.463997413159334e-05,-1.4376598840746098e-05,1.6640613300677453e-06,0.0,0.0,0.0,0.0,8.0
0.9744999999999999,1.385043222947598,0.542723585611263,0.7419178921504311,-0.008289453980835646,0.0013110731033487083,-5.53728272711549e-05,7.519842083144283e-05,-1.4555097973336062e-05,1.634438694595678e-06,0.0,0.0,0.0,0.0,8.0
0.9775,1.3830674298270333,0.5429312434464549,0.743117053704052,-0.008406445059905324,0.0013066415660079672,-5.638693070684857e-05,7.575775815407333e-05,-1.4728825746196338e-05,1.6046744583085654e-06,0.0,0.0,0.0,0.0,8.0
0.9805000000000001,1.3810966223585501,0.5431493472480744,0.7443359205745596,-0.008521967334935272,0.0013022974877789967,-5.733419119800196e-05,7.631826055440818e-05,-1.4897730571048095e-05,1.574768386301401e-06,0.0,0.0,0.0,0.0,8.0
0.9834999999999998,1.379130753934178,0.543377623726895,0.7455741290677262,-0.008636034894498518,0.0012980381989785225,-5.821315936995831e-05,7.688017774746472e-05,-1.5061769626493271e-05,1.5447172765973357e-06,0.0,0.0,0.0,0.0,8.0
0.9864999999999999,1.3771697816210122,0.5436158049638775,0.7468313173549348,-0.008748662056738668,0.0012938607105270144,-5.9022563374282465e-05,7.744372506741362e-05,-1.5220910480231361e-05,1.5145151364234232e-06,0.0,0.0,0.0,0.0,8.0
0.9895,1.375213665974062,0.5438636287641495,0.7481071258006189,-0.008859863419713593,0.0012897617312899352,-5.976131614197627e-05,7.800907421772179e-05,-1.5375132673421045e-05,1.4841534062842817e-06,0.0,0.0,0.0,0.0,8.0
0.9925000000000002,1.373262370911224,0.5441208389241724,0.749401197305257,-0.008969653900741989,0.0012857376863152118,-6.04285204301017e-05,7.857634522283032e-05,-1.5524429119816388e-05,1.4536211741629785e-06,0.0,0.0,0.0,0.0,8.0
0.9954999999999998,1.371315863715339,0.5443871853732978,0.7507131776542019,-0.009078048749154953,0.001281784733108104,-6.1023472768389265e-05,7.914560045179152e-05,-1.566880715415252e-05,1.4229053171264945e-06,0.0,0.0,0.0,0.0,8.0
0.9984999999999999,1.3693741152107493,0.5446624241639825,0.7520427158589104,-0.009185063520017666,0.0012778987740536944,-6.154566724290205e-05,7.97168414302863e-05,-1.5808289079939255e-05,1.391990522101992e-06,0.0,0.0,0.0,0.0,8.0
1.0015,1.3674371001229737,0.544946317310814,0.7533894644747404,-0.009290714004276656,0.0012740754650650843,-6.19947994283857e-05,8.029000877955702e-05,-1.5942912119394294e-05,1.3608591733291555e-06,0.0,0.0,0.0,0.0,8.0
1.0045000000000002,1.365504797577924,0.5452386325117566,0.7547530798796097,-0.009395016121833974,0.001270310223030983,-6.237076982713969e-05,8.086498509304989e-05,-1.6072727748988426e-05,1.3294911438761938e-06,0.0,0.0,0.0,0.0,8.0
1.0074999999999998,1.3635771916472523,0.5455391428154459,0.7561332225012164,-0.009497985794950706,0.001266598236792306,-6.267368520239827e-05,8.14416000352841e-05,-1.6197800492580067e-05,1.2978635770807172e-06,0.0,0.0,0.0,0.0,8.0
1.0105,1.361654271817424,0.5458476263142579,0.7575295569870504,-0.00959963882615453,0.001262934487225056,-6.290385560890067e-05,8.201963660420836e-05,-1.6318206314119907e-05,1.2659507716945584e-06,0.0,0.0,0.0,0.0,8.0
1.0135,1.359736033265694,0.5461638659359984,0.7589417523198376,-0.00969999080440583,0.0012593137808949724,-6.306178504838655e-05,8.259883747702744e-05,-1.643403078103321e-05,1.2337242769764112e-06,0.0,0.0,0.0,0.0,8.0
1.0165000000000002,1.3578224768682894,0.5464876493769696,0.7603694818892736,-0.009799057055063927,0.00125573079872221,-6.314815459975787e-05,8.317891068725127e-05,-1.6545367149224433e-05,1.201153258083165e-06,0.0,0.0,0.0,0.0,8.0
1.0194999999999999,1.355913608932351,0.5468187691746976,0.7618124235366027,-0.009896852635676807,0.0012521801569984673,-6.316379836062165e-05,8.375953444463255e-05,-1.6652314461789537e-05,1.1682051203409352e-06,0.0,0.0,0.0,0.0,8.0
1.0225,1.3540094407109415,0.5471570228750514,0.7632702595901524,-0.009993392365605135,0.0012486564743249403,-6.310967410214662e-05,8.434036149197055e-05,-1.6754975682295023e-05,1.1348463076956731e-06,0.0,0.0,0.0,0.0,8.0
1.0255,1.3521099878057024,0.5475022132214258,0.76474267690698,-0.010088690868174273,0.0012451544359625352,-6.298683163243904e-05,8.492102376009633e-05,-1.6853455830929537e-05,1.1010431424440502e-06,0.0,0.0,0.0,0.0,8.0
1.0285000000000002,1.3502152695700635,0.5478541482921637,0.7662293669294951,-0.01018276260270873,0.001241668847466086,-6.279638211147386e-05,8.550113808946897e-05,-1.6947860079682634e-05,1.0667625674773627e-06,0.0,0.0,0.0,0.0,8.0
1.0314999999999999,1.3483253085981142,0.5482126415350626,0.7677300257584248,-0.010275621870397865,0.0012381946721163463,-6.253947092689658e-05,8.608031344177253e-05,-1.7038291793640623e-05,1.0319726890135487e-06,0.0,0.0,0.0,0.0,8.0
1.0345,1.3464401303357092,0.5485775116837406,0.7692443542370968,-0.010367282789216128,0.001234727050517013,-6.221725553282816e-05,8.665815948245237e-05,-1.7124850562525252e-05,9.966430806910342e-07,0.0,0.0,0.0,0.0,8.0
1.0375,1.3445597628028554,0.5489485825748998,0.7707720580382873,-0.010457759244280706,0.0012312613043831177,-6.183088836651213e-05,8.723429589981996e-05,-1.7207630322087493e-05,9.60744873926774e-07,0.0,0.0,0.0,0.0,8.0
1.0405000000000002,1.3426842363877665,0.5493256829060092,0.7723128477441283,-0.010547064826978508,0.00122779292887615,-6.138150403785316e-05,8.780836152838256e-05,-1.728671769411381e-05,9.24250702541149e-07,0.0,0.0,0.0,0.0,8.0
1.0434999999999999,1.3408135836699844,0.549708645975248,0.7738664389110373,-0.01063521277721261,0.0012243175784123236,-6.0870209652844874e-05,8.83800223413643e-05,-1.7362190665459655e-05,8.871345817020893e-07,0.0,0.0,0.0,0.0,8.0
1.0465,1.3389478392470686,0.5500973094334969,0.7754325521139633,-0.010722215939188706,0.0012208310500081633,-6.029807732181521e-05,8.89489776209012e-05,-1.743411768619541e-05,8.493717861748798e-07,0.0,0.0,0.0,0.0,8.0
1.0495,1.3370870395640406,0.5504915150603734,0.7770109129663069,-0.01080808673496298,0.0012173292667006315,-5.966613836706981e-05,8.951496397484596e-05,-1.7502557211339995e-05,8.109387638803912e-07,0.0,0.0,0.0,0.0,8.0
1.0525000000000002,1.3352312227643768,0.55089110856127,0.7786012521130815,-0.010892837154322753,0.001213808262159665,-5.89753791989508e-05,9.007775720978482e-05,-1.7567557658307545e-05,7.718130923874061e-07,0.0,0.0,0.0,0.0,8.0
1.0554999999999999,1.3333804285889073,0.5512959393748698,0.7802033051953369,-0.010976478756205211,0.0012102641667472202,-5.8226739089646175e-05,9.063717230454343e-05,-1.762915771553981e-05,7.319734675398249e-07,0.0,0.0,0.0,0.0,8.0
1.0585,1.3315346983443201,0.5517058604808953,0.7818168127840651,-0.0110590226760564,0.0012066931950131113,-5.742111009964675e-05,9.119306183894743e-05,-1.768738692027663e-05,6.913997069677043e-07,0.0,0.0,0.0,0.0,8.0
1.0615,1.329694074950559,0.552120728203052,0.7834415202822611,-0.011140479634558824,0.0012030916347368892,-5.655933926704237e-05,9.174531324845983e-05,-1.7742266421686308e-05,6.500727535392351e-07,0.0,0.0,0.0,0.0,8.0
1.0644999999999998,1.3278586030617043,0.5525404020088404,0.7850771777948241,-0.011220859945007896,0.0011994558378582215,-5.564223295067998e-05,9.229384523935573e-05,-1.7793809853945316e-05,6.079746702165614e-07,0.0,0.0,0.0,0.0,8.0
1.0675,1.3260283292418071,0.5529647443137987,0.786723539967574,-0.01130017351858263,0.0011957822138179614,-5.467056299308337e-05,9.283860364132834e-05,-1.784202425785233e-05,5.650886250801704e-07,0.0,0.0,0.0,0.0,8.0
1.0705,1.32420330216712,0.5533936203020374,0.7883803657986512,-0.011378429868578312,0.0011920672259249988,-5.3645074160931714e-05,9.33795569047923e-05,-1.788691100713856e-05,5.213988726027539e-07,0.0,0.0,0.0,0.0,8.0
1.0735000000000001,1.322383572819215,0.5538268977777989,0.7900474184277552,-0.011455638116356087,0.001188307391407931,-5.256649212628171e-05,9.391669136798708e-05,-1.7928466716101477e-05,4.768907449481251e-07,0.0,0.0,0.0,0.0,8.0
1.0764999999999998,1.3205691946295064,0.5542644470644067,0.7917244649108509,-0.011531807003295147,0.0011844992858322167,-5.1435531071979475e-05,9.445000632674968e-05,-1.7966684127448292e-05,4.315506751817019e-07,0.0,0.0,0.0,0.0,8.0
1.0795,1.3187602235352724,0.5547061409668942,0.793411275989971,-0.011606944914146787,0.0011806395525181092,-5.025289987017675e-05,9.497950885345487e-05,-1.8001553000344155e-05,3.8536628125443363e-07,0.0,0.0,0.0,0.0,8.0
1.0825,1.3169567179120947,0.5551518548116665,0.7951076258693863,-0.011681059917348897,0.0011767249173616453,-4.901930575762349e-05,9.550520826148782e-05,-1.8033061033627444e-05,3.3832654215350957e-07,0.0,0.0,0.0,0.0,8.0
1.0855000000000001,1.315158738359709,0.5556014665692415,0.7968132920104576,-0.01175415982639769,0.0011727522088878582,-4.7735454598481833e-05,9.602711013498674e-05,-1.8061194861880377e-05,2.9042209143389654e-07,0.0,0.0,0.0,0.0,8.0
1.0884999999999998,1.3133663473390158,0.5560548570534466,0.7985280549575259,-0.011826252282770242,0.0011687183823431797,-4.6402047255782885e-05,9.65452099707532e-05,-1.8085941147256615e-05,2.416456348254474e-07,0.0,0.0,0.0,0.0,8.0
1.0915,1.3115796086867992,0.5565119101727625,0.8002516982058587,-0.01189734485511221,0.0011646205451863278,-4.5019772305159146e-05,9.70594867160462e-05,-1.8107287755750737e-05,1.9199246682999375e-07,0.0,0.0,0.0,0.0,8.0
1.0945,1.3097985870677984,0.5569725131893719,0.8019840081195103,-0.01196744514220407,0.0011604559796931705,-4.358929624778072e-05,9.756989679869923e-05,-1.812522495678994e-05,1.4146101985593904e-07,0.0,0.0,0.0,0.0,8.0
1.0975000000000001,1.3080233474539726,0.5574365569237907,0.8037247739018243,-0.012036560860256503,0.0011562221570066435,-4.211125333287525e-05,9.807636955455354e-05,-1.8139746530528086e-05,9.005333770912976e-08,0.0,0.0,0.0,0.0,8.0
1.1004999999999998,1.3062539547381653,0.557903935834419,0.8054737876144376,-0.012104699890752857,0.001151916736453864,-4.058623780735968e-05,9.857880514406901e-05,-1.815085062517959e-05,3.777533709374539e-08,0.0,0.0,0.0,0.0,8.0
1.1035,1.3044904735840839,0.5583745479085347,0.8072308442328235,-0.012171870265866263,0.001147537544924004,-3.9014801562722145e-05,9.907707598961015e-05,-1.815854019669087e-05,-1.536327850491719e-08,0.0,0.0,0.0,0.0,8.0
1.1065,1.3027329685803077,0.5588482943280816,0.8089957417190639,-0.012238080076164734,0.0011430825338966564,-3.739745950912862e-05,9.957103236954795e-05,-1.816282290057397e-05,-6.934954723762742e-08,0.0,0.0,0.0,0.0,8.0
1.1095000000000002,1.3009815047043292,0.5593250789186407,0.8107682810874304,-0.012303337299832155,0.0011385497161612624,-3.573470352535269e-05,0.0001000605120753839,-1.816371039483104e-05,-1.2416823186355305e-07,0.0,0.0,0.0,0.0,8.0
1.1124999999999998,1.2992361480247694,0.5598048074448265,0.8125482664373123,-0.012367649571503214,0.0011339370895456012,-3.402702373861135e-05,0.00010054535309579243,-1.8161217140405013e-05,-1.7980315879076288e-07,0.0,0.0,0.0,0.0,8.0
1.1155,1.297496966496127,0.560287386865602,0.814335504932172,-0.012431023927280682,0.0011292425596772736,-3.2274933687297355e-05,0.00010102540737473443,-1.8155358920706834e-05,-2.3623870302950497e-07,0.0,0.0,0.0,0.0,8.0
1.1185,1.2957640306548481,0.5607727246917134,0.816129806712597,-0.01249346657466044,0.0011244638763169884,-3.0478994285544243e-05,0.00010150055309765954,-1.8146151402764253e-05,-2.9346113177056007e-07,0.0,0.0,0.0,0.0,8.0
1.1215000000000002,1.2940374140279642,0.5612607285811086,0.8179309847446139,-0.012554982736828634,0.0011195985968513844,-2.8639831067291172e-05,0.00010197070294914208,-1.8133609090079606e-05,-3.5145950868878063e-07,0.0,0.0,0.0,0.0,8.0
1.1244999999999998,1.2923171931229356,0.5617513062626737,0.8197388546184321,-0.012615576607962354,0.0011146440857600366,-2.6758140265992357e-05,0.00010243580646716667,-1.811774495022015e-05,-4.1022593227779833e-07,0.0,0.0,0.0,0.0,8.0
1.1275,1.2906034469684307,0.5622443658026987,0.8215532343241961,-0.0126752514319669,0.0011095975511703781,-2.4834681730443595e-05,0.00010289584588213472,-1.809857084728895e-05,-4.697550238395313e-07,0.0,0.0,0.0,0.0,8.0
1.1305,1.2888962562926773,0.5627398161427573,0.8233739440370309,-0.012734009687955003,0.0011044561110173424,-2.2870259835854516e-05,0.00010335082634318411,-1.8076098710940834e-05,-5.300427570740299e-07,0.0,0.0,0.0,0.0,8.0
1.1335000000000002,1.2871957025223768,0.5632375677683443,0.8252008059420628,-0.012791853340493787,0.0010992168743877752,-2.0865696459164582e-05,0.00010380076274988471,-1.8050342189825214e-05,-5.91084878671156e-07,0.0,0.0,0.0,0.0,8.0
1.1364999999999998,1.285501866829556,0.5637375333370248,0.8270336441216583,-0.012848784099182164,0.0010938770205235905,-1.8821801818499527e-05,0.00010424566611157845,-1.8021318427123522e-05,-6.528752579881584e-07,0.0,0.0,0.0,0.0,8.0
1.1395,1.2838148294316005,0.5642396281128645,0.8288722845143712,-0.012904803634586822,0.0010884338596256577,-1.6739348987714934e-05,0.00010468553223489573,-1.7989049593997613e-05,-7.154044961185141e-07,0.0,0.0,0.0,0.0,8.0
1.1425,1.282134669269676,0.5647437701136674,0.8307165549417189,-0.012959913714514958,0.001082884865356634,-1.4619056258153806e-05,0.00010512033466435354,-1.795356391960766e-05,-7.786590264532468e-07,0.0,0.0,0.0,0.0,8.0
1.1455000000000002,1.280461464081132,0.5652498799581088,0.8325662851884426,-0.013014116249625915,0.0010772276767376807,-1.2461578882196498e-05,0.00010555002250176859,-1.7914896123175293e-05,-8.426207876445992e-07,0.0,0.0,0.0,0.0,8.0
1.1484999999999999,1.2787952907789977,0.565757880474563,0.834421307116513,-0.013067413261730733,0.0010714600743811323,-1.0267509058332939e-05,0.00010597452246167013,-1.787308732344466e-05,-9.072673992526268e-07,0.0,0.0,0.0,0.0,8.0
1.1515,1.2771362259870171,0.5662676961803184,0.8362814547929126,-0.013119806804193302,0.0010655799405845847,-8.037381187716094e-06,0.00010639374367795207,-1.7828184617397714e-05,-9.72572668343704e-07,0.0,0.0,0.0,0.0,8.0
1.1545,1.2754843465656636,0.5667792527494575,0.8381465646145142,-0.013171298867943836,0.0010595852138399085,-5.7716789194657364e-06,0.0001068075835546731,-1.778024055257045e-05,-1.0385072266404717e-06,0.0,0.0,0.0,0.0,8.0
1.1575000000000002,1.2738397299973796,0.5672924765647316,0.8400164754175908,-0.013221891299841512,0.0010534738462887564,-3.4708412414025544e-06,0.0001072159332936379,-1.7729312669433482e-05,-1.1050391373035065e-06,0.0,0.0,0.0,0.0,8.0
1.1604999999999999,1.2722024545579012,0.5678072944081298,0.8418910285623702,-0.013271585747165998,0.0010472437690550612,-1.1352663687654395e-06,0.00010761868238759389,-1.7675463193513258e-05,-1.172134389616389e-06,0.0,0.0,0.0,0.0,8.0
1.1635,1.2705725992612082,0.5683236333037996,0.8437700679834461,-0.013320383628665037,0.0010408928668845683,1.2346862207605003e-06,0.00010801572203707034,-1.7618758853480697e-05,-1.2397572822591923e-06,0.0,0.0,0.0,0.0,8.0
1.1665,1.268950243610375,0.5688414204981611,0.845653440195127,-0.013368286123333508,0.0010344189613193046,3.638694104703936e-06,0.00010840694789661616,-1.7559270726659358e-05,-1.307870752344396e-06,0.0,0.0,0.0,0.0,8.0
1.1695000000000002,1.2673354672083206,0.5693605835499517,0.8475409942383253,-0.013415294164799842,0.0010278198011026028,6.076468634604393e-06,0.00010879226268874787,-1.7497073984545797e-05,-1.376436725278001e-06,0.0,0.0,0.0,0.0,8.0
1.1724999999999999,1.2657283492840605,0.5698810505046704,0.8494325815541873,-0.013461408431168232,0.0010210930592804398,8.547748324741603e-06,0.00010917157908281023,-1.7432247426379774e-05,-1.4454165435559312e-06,0.0,0.0,0.0,0.0,8.0
1.1755,1.2641289681798187,0.5704027501366754,0.8513280557708272,-0.0135066293252476,0.001014236337786075,1.105228785481163e-05,0.00010954482294137009,-1.736487273462971e-05,-1.5147714946342824e-06,0.0,0.0,0.0,0.0,8.0
1.1785,1.26253740083083,0.5709256122513375,0.8532272723940052,-0.013550956945942431,0.001007247181430797,1.3589842501365691e-05,0.00010991193671819221,-1.729503344521931e-05,-1.5844634147161599e-06,0.0,0.0,0.0,0.0,8.0
1.1815000000000002,1.2609537222582248,0.5714495680449855,0.8551300884003452,-0.013594391056503613,0.001000123103698834,1.6160148675855347e-05,0.00011027288254192522,-1.7222813683294078e-05,-1.6544553085823621e-06,0.0,0.0,0.0,0.0,8.0
1.1844999999999999,1.2593780050877257,0.5719745505206889,0.8570363617419864,-0.01363693105853668,0.0009928616263985442,1.87629019836959e-05,0.00011062764438223869,-1.714829676339457e-05,-1.7247119019044398e-06,0.0,0.0,0.0,0.0,8.0
1.1875,1.257810319102357,0.5725004949540098,0.8589459507832623,-0.013678575981964345,0.000985460334121669,2.13977347700443e-05,0.00011097622867887753,-1.7071563786123133e-05,-1.795200034162275e-06,0.0,0.0,0.0,0.0,8.0
1.1905000000000001,1.2562507308346842,0.5730273393961615,0.8608587137016913,-0.01371932450060159,0.000977916942778223,2.4064195443857403e-05,0.00011131866291300385,-1.6992692378481764e-05,-1.8658888078521767e-06,0.0,0.0,0.0,0.0,8.0
1.1934999999999998,1.254699303202916,0.5735550251936967,0.862774507895714,-0.01375917498065459,0.0009702293794011607,2.6761731921909643e-05,0.00011165499180784783,-1.6911755719012537e-05,-1.9367494332622855e-06,0.0,0.0,0.0,0.0,8.0
1.1965,1.2531560951962237,0.5740834974944983,0.8646931894486167,-0.013798125565263086,0.0009623958681502201,2.9489681248510943e-05,0.00011198527115660445,-1.6828821959139948e-05,-2.007754747500694e-06,0.0,0.0,0.0,0.0,8.0
1.1995,1.2516211616192308,0.5746127056998348,0.8666146127003865,-0.01383617429221933,0.000954415015218362,3.224726677818891e-05,0.00011230955967685498,-1.674395409817313e-05,-2.07887844001023e-06,0.0,0.0,0.0,0.0,8.0
1.2025000000000001,1.2500945529148462,0.5751426038122307,0.8685386299755473,-0.013873319234556819,0.0009462858834451489,3.503360325843975e-05,0.00011262790975180096,-1.6657210294517162e-05,-2.150094080051607e-06,0.0,0.0,0.0,0.0,8.0
1.2054999999999998,1.2485763150980564,0.5756731506204239,0.8704650915045457,-0.013909558645652924,0.0009380080462361864,3.784770880123571e-05,0.0001129403583805683,-1.6568644508314876e-05,-2.2213741062800015e-06,0.0,0.0,0.0,0.0,8.0
1.2085,1.2470664898481378,0.5762043096584779,0.8723938455590836,-0.01394489108327268,0.0009295816102991766,4.068852127342683e-05,0.00011324692003340593,-1.647830728533237e-05,-2.2926889922781626e-06,0.0,0.0,0.0,0.0,8.0
1.2115,1.2455651148175884,0.5767360488800767,0.8743247387991075,-0.013979315482591365,0.0009210071981684582,4.355491536194662e-05,0.00011354758327724988,-1.6386246427777637e-05,-2.364006829241367e-06,0.0,0.0,0.0,0.0,8.0
1.2145000000000001,1.2440722242150466,0.5772683400058307,0.876257616803407,-0.014012831149002225,0.0009122858848629513,4.6445715855303095e-05,0.00011384231287582274,-1.6292507277195384e-05,-2.4352935512099306e-06,0.0,0.0,0.0,0.0,8.0
1.2174999999999998,1.242587849698027,0.5778011575352814,0.8781923247304942,-0.014045437649643375,0.0009034190884900604,4.93597029211475e-05,0.00011413105846352828,-1.6197132378903677e-05,-2.506513954641561e-06,0.0,0.0,0.0,0.0,8.0
1.2205,1.2411120215627598,0.5783344774683656,0.8801287080359272,-0.014077134599442761,0.0008944084220243849,5.229560665991187e-05,0.0001144137697849772,-1.6100160421176605e-05,-2.5776335249161057e-06,0.0,0.0,0.0,0.0,8.0
1.2235,1.2396447701418523,0.5788682758510056,0.8820666131608694,-0.014107921362714828,0.0008852555222171961,5.5252091063845814e-05,0.00011469041692537163,-1.6001624545709635e-05,-2.6486208826581574e-06,0.0,0.0,0.0,0.0,8.0
1.2265000000000001,1.2381861272247259,0.5794025273368785,0.8840058881080919,-0.014137796721859474,0.0008759618803196391,5.8227731424445286e-05,0.0001149610121307542,-1.5901550386124875e-05,-2.719450427317731e-06,0.0,0.0,0.0,0.0,8.0
1.2294999999999998,1.2367361272225248,0.5799372040241852,0.8859463828377301,-0.01416675859397602,0.0008665287059551523,6.122099342930877e-05,0.0001152256281251039,-1.579995445564436e-05,-2.7901045338533065e-06,0.0,0.0,0.0,0.0,8.0
1.2325,1.2352948077429884,0.5804722748560286,0.8878879494452788,-0.014194803894303052,0.000856956857325098,6.423022537908906e-05,0.0001154844068554007,-1.5696843689600015e-05,-2.8605745249218278e-06,0.0,0.0,0.0,0.0,8.0
1.2355,1.2338622092630387,0.5810077058358419,0.8898304421246545,-0.01422192864061145,0.0008472468650903425,6.725367550876466e-05,0.00011573755301551165,-1.559221694885797e-05,-2.9308596840761453e-06,0.0,0.0,0.0,0.0,8.0
1.2385000000000002,1.2324383737228288,0.5815434611815479,0.891773716962429,-0.014248128355040553,0.0008373990617063697,7.028954280210286e-05,0.00011598530908537141,-1.548606901032846e-05,-3.0009638718656584e-06,0.0,0.0,0.0,0.0,8.0
1.2414999999999998,1.2310233421240506,0.5820795053211779,0.8937176316455643,-0.014273398746568364,0.0008274138029766412,7.333606126221553e-05,0.00011622791311910662,-1.5378396969004056e-05,-3.0708898810264615e-06,0.0,0.0,0.0,0.0,8.0
1.2445,1.2296171515602472,0.5826158053520535,0.8956620451832961,-0.01429773655847795,0.0008172917381739944,7.639160529859909e-05,0.00011646554650563826,-1.526920811914311e-05,-3.140632446304233e-06,0.0,0.0,0.0,0.0,8.0
1.2475,1.2282198324436355,0.583152333322114,0.897606817735496,-0.014321140367117735,0.0008070340577026149,7.945479082236095e-05,0.00011669828483237816,-1.5158527481295184e-05,-3.210171610613649e-06,0.0,0.0,0.0,0.0,8.0
1.2504999999999997,1.226831406882817,0.5836890675548685,0.8995518106021131,-0.014343611060295405,0.0007966426345051303,8.252453780949689e-05,0.0001169260684549534,-1.5046402536464979e-05,-3.279468637486489e-06,0.0,0.0,0.0,0.0,8.0
1.2534999999999998,1.225451889069315,0.5842259923356944,0.9014968863677018,-0.014365151746236197,0.0007861199882204044,8.560006097164198e-05,0.00011714870799090567,-1.493290279327026e-05,-3.348466526710737e-06,0.0,0.0,0.0,0.0,8.0
1.2565,1.2240812880764733,0.584763095657641,0.9034419091283974,-0.014385766969352889,0.0007754690441429228,8.868076924376845e-05,0.00011736593237598222,-1.481811279124702e-05,-3.4170962431718726e-06,0.0,0.0,0.0,0.0,8.0
1.2595,1.2227196127252928,0.5853003653324471,0.9053867446799663,-0.014405461321397335,0.0007646927253618906,9.176608088253925e-05,0.000117577474279578,-1.4702118961892635e-05,-3.485288105054064e-06,0.0,0.0,0.0,0.0,8.0
1.2625000000000002,1.2213668773515567,0.5858377844246239,0.9073312605378109,-0.0144242377740348,0.0007537934858390667,9.485519187226441e-05,0.00011778317328441426,-1.458499294483221e-05,-3.552985860002099e-06,0.0,0.0,0.0,0.0,8.0
1.2655000000000003,1.2200231067472118,0.5863753273993427,0.9092753257047226,-0.014442096227221484,0.0007427729361090552,9.794685922759246e-05,0.0001179830669855366,-1.4466775681664804e-05,-3.6201595437560396e-06,0.0,0.0,0.0,0.0,8.0
1.2685000000000004,1.2186883385502665,0.5869129583503659,0.9112188101910809,-0.0144590327774527,0.0007316317065913486,0.00010103926570263896,0.00011817743949312377,-1.4347467055540553e-05,-3.686812993599816e-06,0.0,0.0,0.0,0.0,8.0
1.2714999999999996,1.217362622035121,0.5874506321097758,0.913161584394981,-0.014475040023677938,0.0007203696282976754,0.00010413001239809085,0.0001183668080391159,-1.422702457940345e-05,-3.752983220687403e-06,0.0,0.0,0.0,0.0,8.0
1.2744999999999997,1.2160460134266058,0.5879882980920009,0.9151035185242902,-0.014490108393924525,0.0007089862049901827,0.00010721624541207822,0.00011855184865870788,-1.410537194748786e-05,-3.818731410102316e-06,0.0,0.0,0.0,0.0,8.0
1.2774999999999999,1.214738569080221,0.5885259057533815,0.9170444822531248,-0.014504228118066627,0.000697481244848381,0.0001102948769920973,0.00011873328363561101,-1.3982415154493429e-05,-3.8841281571959375e-06,0.0,0.0,0.0,0.0,8.0
1.2805,1.2134403386170372,0.5890634099725718,0.9189843447409611,-0.014517391243657397,0.000685855459075424,0.0001133628298830385,0.00011891176730319424,-1.3858061660975874e-05,-3.949237458916709e-06,0.0,0.0,0.0,0.0,8.0
1.2835,1.212151360038226,0.5896007747389529,0.920922975026534,-0.014529593095343473,0.0006741108478215767,0.00011641722979128514,0.00011908780655606108,-1.3732237703745884e-05,-4.014104105938459e-06,0.0,0.0,0.0,0.0,8.0
1.2865000000000002,1.2108716580070589,0.5901379742360343,0.9228602426890354,-0.014540832811396062,0.0006622507751306508,0.00011945549627848707,0.00011926173816507522,-1.3604900404046268e-05,-4.078747436008092e-06,0.0,0.0,0.0,0.0,8.0
1.2895000000000003,1.209601245275439,0.590674991392995,0.9247960185964824,-0.01455111294287446,0.0006502797471192673,0.0001224753242897584,0.00011943376342694775,-1.3476043955397328e-05,-4.143161750494693e-06,0.0,0.0,0.0,0.0,8.0
1.2925000000000004,1.2083401261999862,0.5912118148015815,0.9267301755629952,-0.014560438411791865,0.0006382030013258416,0.00012547458719452687,0.00011960402160891286,-1.3345701539309106e-05,-4.207321327086168e-06,0.0,0.0,0.0,0.0,8.0
1.2954999999999997,1.2070883008511595,0.5917484352298705,0.9286625888041767,-0.014568815269351425,0.0006260260535305101,0.00012845121156927227,0.0001197726747182512,-1.3213945640153948e-05,-4.271186885859302e-06,0.0,0.0,0.0,0.0,8.0
1.2984999999999998,1.2058457684429034,0.5922848427584949,0.9305931361739137,-0.014576249643908981,0.000613754325342865,0.00013140306946112895,0.00011993997913130904,-1.3080888841623338e-05,-4.334710828521786e-06,0.0,0.0,0.0,0.0,8.0
1.3014999999999999,1.2046125294500458,0.592821025031229,0.9325216982402302,-0.014582747086844495,0.0006013929146099726,0.0001343279132258615,0.00012010633044715371,-1.2946685571230719e-05,-4.397840032881319e-06,0.0,0.0,0.0,0.0,8.0
1.3045,1.2033885864520595,0.5933569665671137,0.9344481582821415,-0.014588312322939417,0.0005889465062657633,0.00013722335479362337,0.0001202722798203759,-1.2811533608131653e-05,-4.460516543160719e-06,0.0,0.0,0.0,0.0,8.0
1.3075,1.20217394415332,0.5938926487604443,0.9363724022626281,-0.014592949278318721,0.0005764193802630901,0.00014008687641043816,0.00012043852765761458,-1.2675673285323274e-05,-4.522677429726387e-06,0.0,0.0,0.0,0.0,8.0
1.3105000000000002,1.2009686091043523,0.5944280501536627,0.9382943187781824,-0.01459666122236883,0.0005638154631689692,0.00014291585701496046,0.00012060590238842733,-1.2539382451525544e-05,-4.584255179742078e-06,0.0,0.0,0.0,0.0,8.0
1.3135000000000003,1.1997725894914266,0.594963146711387,0.9402137989354364,-0.014599450895772704,0.000551138381944884,0.00014570760398184513,0.00012077532984546187,-1.2402966147664573e-05,-4.645179462560665e-06,0.0,0.0,0.0,0.0,8.0
1.3164999999999996,1.1985858951412145,0.5954979120074544,0.9421307360860831,-0.01460132055995698,0.0005383914977699304,0.00014845938788207472,0.00012094779561144659,-1.2266741121364867e-05,-4.705380407543771e-06,0.0,0.0,0.0,0.0,8.0
1.3194999999999997,1.1974085377232837,0.5960323173595173,0.9440450253733398,-0.014602271959522168,0.0005255779137819253,0.00015116848362428748,0.00012112430067577604,-1.2131016362932425e-05,-4.76479295776326e-06,0.0,0.0,0.0,0.0,8.0
1.3224999999999998,1.1962405310604678,0.5965663319803653,0.9459565631015433,-0.014602306226262173,0.000512700459738018,0.00015383222349034286,0.00012130581047160879,-1.1996071623789798e-05,-4.823361536361434e-06,0.0,0.0,0.0,0.0,8.0
1.3255,1.1950818914498358,0.5970999231878784,0.9478652460182704,-0.014601423773922538,0.0004997616601902476,0.00015644806708892215,0.0001214931982857892,-1.1862136356608583e-05,-4.881044148942135e-06,0.0,0.0,0.0,0.0,8.0
1.3285,1.1939326379137216,0.5976330566684664,0.9497709706713987,-0.014599624242585152,0.00048676369351258224,0.00015901369151143487,0.00012168718531730956,-1.1729371715265568e-05,-4.9378150722072e-06,0.0,0.0,0.0,0.0,8.0
1.3315000000000001,1.192792792312161,0.5981656967561256,0.9516736330442066,-0.01459690655212188,0.0004737083490090959,0.00016152710260282615,0.00012188828074845272,-1.159785814924543e-05,-4.9936654077195025e-06,0.0,0.0,0.0,0.0,8.0
1.3345000000000002,1.1916623792436531,0.5986978066908741,0.9535731286543496,-0.014593269113390102,0.0004605969896403298,0.00016398676494790512,0.0001220967258973296,-1.146759065484352e-05,-5.0486010147836045e-06,0.0,0.0,0.0,0.0,8.0
1.3375000000000004,1.190541425640571,0.5992293488638273,0.9554693532118279,-0.014588710221762217,0.0004474305296125417,0.00016639174328909428,0.00012231244685898432,-1.1338482850257548e-05,-5.102637694202959e-06,0.0,0.0,0.0,0.0,8.0
1.3404999999999996,1.189429959936275,0.5997602851360421,0.9573622037714103,-0.014583228621850722,0.0004342094397533464,0.00016874184152445456,0.00012253502005525493,-1.1210379754130078e-05,-5.1557939644031e-06,0.0,0.0,0.0,0.0,8.0
1.3434999999999997,1.1883280106580416,0.600290577412313,0.9592515801191758,-0.014576824191404242,0.00042093379856004775,0.00017103771828010545,0.00012276365476800676,-1.1083077638791101e-05,-5.208082290290315e-06,0.0,0.0,0.0,0.0,8.0
1.3464999999999998,1.187235604306698,0.6008201887192615,0.9611373859620226,-0.014569498656488074,0.00040760341034548744,0.00017328095280995303,0.0001229971959128219,-1.095634792302652e-05,-5.2595000752124144e-06,0.0,0.0,0.0,0.0,8.0
1.3495,1.1861527624479444,0.6013490850286071,0.9630195294197537,-0.01456125623009584,0.0003942180094957405,0.00017547403501227198,0.0001232341488969464,-1.0829961180249493e-05,-5.310021959014042e-06,0.0,0.0,0.0,0.0,8.0
1.3525,1.1850794980829196,0.6018772379383777,0.9648979224165477,-0.014552104069788033,0.000380777556817843,0.00017762026154765191,0.00012347272638492108,-1.0703707343400895e-05,-5.359594853310267e-06,0.0,0.0,0.0,0.0,8.0
1.3555000000000001,1.1840158115851784,0.6024046280668776,0.9667724788510992,-0.014542052477267775,0.0003672826082712731,0.00017972353700556964,0.00012371091439725496,-1.0577409253203335e-05,-5.40813664819697e-06,0.0,0.0,0.0,0.0,8.0
1.3585000000000003,1.1829616867501591,0.6029312486709902,0.9686431118383827,-0.014531114805793957,0.0003537347014790856,0.0001817881017340948,0.00012394655290756313,-1.0450928633061478e-05,-5.455538737848055e-06,0.0,0.0,0.0,0.0,8.0
1.3615000000000004,1.1819170877242828,0.6034571086752853,0.9705097307325842,-0.014519307085428739,0.0003401366713143795,0.00018381822957680321,0.00012417742466452647,-1.0324165816455754e-05,-5.501671665424055e-06,0.0,0.0,0.0,0.0,8.0
1.3644999999999996,1.180881957663964,0.6039822341298463,0.9723722388929952,-0.014506647406413532,0.0003264927871597999,0.00018581795090414434,0.0001244013459010542,-1.0197056311229758e-05,-5.546392573869895e-06,0.0,0.0,0.0,0.0,8.0
1.3674999999999997,1.179856219832794,0.6045066672249734,0.9742305331026668,-0.014493155109818733,0.000312808615075291,0.000187790852396251,0.000124616253972363,-1.0069567850615513e-05,-5.5895530019439825e-06,0.0,0.0,0.0,0.0,8.0
1.3704999999999998,1.178839781449462,0.6050304624239992,0.9760845051527319,-0.014478849826480929,0.0002990905544105828,0.0001897399839383346,0.00012482028917219475,-9.941700660955077e-06,-5.631005936101187e-06,0.0,0.0,0.0,0.0,8.0
1.3735,1.1778325400149345,0.6055536799530653,0.977934045462137,-0.01446375039489335,0.0002853450736546935,0.00019166787076109392,0.00012501186988440533,-9.813491586945127e-06,-5.670611741673445e-06,0.0,0.0,0.0,0.0,8.0
1.3765,1.1768343912381942,0.606076377609567,0.9797790479303101,-0.0144478736918144,0.00027157775404769067,0.0001935765969139379,0.00012518976078673135,-9.685020289798616e-06,-5.708243320324638e-06,0.0,0.0,0.0,0.0,8.0
1.3795000000000002,1.175845237267714,0.6065986023554014,0.9816194147715669,-0.014431233429150618,0.0002577923128707165,0.00019546790583195367,0.0001253531328641742,-9.55641394318059e-06,-5.743791272865937e-06,0.0,0.0,0.0,0.0,8.0
1.3825000000000003,1.1748649939298021,0.607120383213551,0.9834550600314758,-0.01441383898814088,0.000243989794152115,0.00019734326084966253,0.0001255016128123684,-9.427846303654309e-06,-5.777169919671138e-06,0.0,0.0,0.0,0.0,8.0
1.3855000000000004,1.173893596189979,0.6076417264767937,0.9852859108531282,-0.014395694337214158,0.0002301680675909387,0.00019920381921308637,0.00012563532070422267,-9.299527616296832e-06,-5.8083250169051725e-06,0.0,0.0,0.0,0.0,8.0
1.3884999999999996,1.1729310020453965,0.6081626132377947,0.9871119061900213,-0.014376796971213014,0.00021632167089156477,0.00020105028573469798,0.00012575490146635691,-9.171682752100713e-06,-5.837244402719055e-06,0.0,0.0,0.0,0.0,8.0
1.3914999999999997,1.171977196268506,0.608682998040537,0.9889329932959324,-0.014357136612943397,0.0002024418939435571,0.00020288261529899536,0.0001258615682794825,-9.044515391487722e-06,-5.863973920935763e-06,0.0,0.0,0.0,0.0,8.0
1.3944999999999999,1.1710321963103845,0.6092028065554624,0.990749122720962,-0.01433669322980064,0.00018851689180917364,0.0002046995296457348,0.00012595718828638204,-8.918156060380408e-06,-5.8886421869948175e-06,0.0,0.0,0.0,0.0,8.0
1.3975,1.1700960623003733,0.6097219304221109,0.9925602425897876,-0.014315434005571784,0.00017453162145584735,0.00020649783497852467,0.0001260444350394226,-8.79259362601442e-06,-5.911496691654852e-06,0.0,0.0,0.0,0.0,8.0
1.4005,1.1691689101562932,0.6102402198766372,0.9943662926945159,-0.01429330971409214,0.00016046765218378793,0.00020827163765891363,0.00012612697752438192,-8.667598214114816e-06,-5.932945998162554e-06,0.0,0.0,0.0,0.0,8.0
1.4035000000000002,1.1682509203562743,0.6107574802884316,0.996167198640249,-0.014270252866673033,0.0001463034971826184,0.0002100118216484025,0.00012620954450710462,-8.542663388365907e-06,-5.953584118957954e-06,0.0,0.0,0.0,0.0,8.0
1.4065000000000003,1.1673423260680502,0.6112734862061953,0.997962866307539,-0.01424618277081175,0.0001320169331353863,0.0002117065469712052,0.0001262975142820481,-8.41702504322544e-06,-5.974145829418885e-06,0.0,0.0,0.0,0.0,8.0
1.4095000000000004,1.1664433590487662,0.6117880307453065,0.9997531776118656,-0.014221024357519938,0.00011759121571834307,0.00021334379338976958,0.00012639556479019127,-8.2898346459094e-06,-5.9953241439241155e-06,0.0,0.0,0.0,0.0,8.0
1.4124999999999996,1.1655541414874167,0.6123010192440219,1.001537990001721,-0.014194744525607763,0.00010302602573361611,0.00021491656051693666,0.00012650514165081836,-8.160534425884021e-06,-6.017411592697937e-06,0.0,0.0,0.0,0.0,8.0
1.4154999999999998,1.164674547142906,0.6128125853423818,1.003317143587111,-0.014167398266172358,8.835041136915012e-05,0.00021642970417665473,0.00012662130920922346,-8.02936100435236e-06,-6.039842179761873e-06,0.0,0.0,0.0,0.0,8.0
1.4184999999999999,1.1638041086232322,0.613323161718431,1.0050904793688091,-0.014139159119752677,7.362976158792462e-05,0.00021790479445530096,0.00012673078728881888,-7.897709782194042e-06,-6.060891010047051e-06,0.0,0.0,0.0,0.0,8.0
1.4215,1.1629420794007699,0.6138334120309215,1.0068578675902253,-0.014110297732877915,5.895610856071091e-05,0.0002193776802787415,0.00012681371214045824,-7.767962985373904e-06,-6.077900937174859e-06,0.0,0.0,0.0,0.0,8.0
1.4245,1.162087709137092,0.6143439772170295,1.0086192368174685,-0.014081088533193552,4.441681859536975e-05,0.00022088558834247848,0.0001268504734885338,-7.642540910369554e-06,-6.088243131094374e-06,0.0,0.0,0.0,0.0,8.0
1.4275000000000002,1.1612406398739743,0.614855123208092,1.0103745870051568,-0.01405167477454051,3.0052534739864015e-05,0.00022244774412606778,0.00012683139339668393,-7.5224695715179295e-06,-6.090704725143254e-06,0.0,0.0,0.0,0.0,8.0
1.4305000000000003,1.1604011702484707,0.6153665156829253,1.012123972397408,-0.014021976411252482,1.583117035950692e-05,0.00022405153477656438,0.00012676318266591295,-7.406361713742909e-06,-6.086434765986159e-06,0.0,0.0,0.0,0.0,8.0
1.4335000000000004,1.1595701420794262,0.6158773349442129,1.0138674572392472,-0.013991724157490006,1.662602867027191e-06,0.0002256565404328685,0.00012666626762849098,-7.290737115002077e-06,-6.078582666911211e-06,0.0,0.0,0.0,0.0,8.0
1.4364999999999997,1.1587484628213225,0.6163867099325846,1.0156050694524608,-0.013960617239858515,-1.2549326489490259e-05,0.00022721671754257633,0.00012656329299772968,-7.171709193535215e-06,-6.070647059378808e-06,0.0,0.0,0.0,0.0,8.0
1.4394999999999998,1.1579366023600672,0.6168941643919108,1.0173367836031773,-0.01392849279376088,-2.6854353057099395e-05,0.00022870502369657733,0.00012646694882319622,-7.046861909453241e-06,-6.06469561115246e-06,0.0,0.0,0.0,0.0,8.0
1.4425,1.157134446472784,0.6173997367727541,1.019062543775286,-0.013895377857178828,-4.1242650402549956e-05,0.0002301216953653357,0.00012637640196176225,-6.915901355683427e-06,-6.060807451248645e-06,0.0,0.0,0.0,0.0,8.0
1.4455,1.1563415504893766,0.6179037394491262,1.0207823086819,-0.013861405668773832,-5.567479126529104e-05,0.00023148294883929428,0.00012628362411436857,-6.7798289067410855e-06,-6.057951221306569e-06,0.0,0.0,0.0,0.0,8.0
1.4485000000000001,1.1555574694283142,0.6184064418631102,1.0224960972010573,-0.01382669944562784,-7.01219998072596e-05,0.00023280464192111978,0.00012618229582338954,-6.6397198219575105e-06,-6.055253083808922e-06,0.0,0.0,0.0,0.0,8.0
1.4515000000000002,1.1547818592348418,0.6189079417334252,1.0242040301151611,-0.0137913234209534,-8.458662427180875e-05,0.00023409545360548615,0.0001260722330402081,-6.496201312868258e-06,-6.052625510550319e-06,0.0,0.0,0.0,0.0,8.0
1.4545000000000003,1.154014374614841,0.6194082154688216,1.0259063625590807,-0.013755300449415432,-9.910170449099862e-05,0.00023535967698900338,0.00012595900016281082,-6.349648152904349e-06,-6.0507014261906335e-06,0.0,0.0,0.0,0.0,8.0
1.4574999999999996,1.1532545978940296,0.6199071911203533,1.0276034679239623,-0.01371863877464797,-0.00011372058628648307,0.00023660108626201987,0.00012585159938661463,-6.200474687103342e-06,-6.0505072410070255e-06,0.0,0.0,0.0,0.0,8.0
1.4604999999999997,1.1525021416875245,0.6204047729842754,1.0292957208776534,-0.013681341225379997,-0.000128497098651573,0.00023782355266575072,0.00012575886947771523,-6.049216653010745e-06,-6.052988146823596e-06,0.0,0.0,0.0,0.0,8.0
1.4634999999999998,1.151756881214316,0.6209008468327357,1.0309832874737568,-0.013643407390966042,-0.00014345475589652007,0.0002390299093566148,0.0001256841794993102,-5.896508435686594e-06,-6.0583216656536555e-06,0.0,0.0,0.0,0.0,8.0
1.4665,1.1510191658967333,0.6213952907794792,1.0326659288747653,-0.013604837917335192,-0.0001585579815332768,0.00024022107554326987,0.00012562049022237214,-5.743063700917529e-06,-6.065280261239862e-06,0.0,0.0,0.0,0.0,8.0
1.4695,1.1502898473935628,0.6218879903350935,1.0343429633253804,-0.013565639741509554,-0.0001737065597131908,0.00024139624960906812,0.00012554944576394106,-5.589666719350412e-06,-6.071123571036202e-06,0.0,0.0,0.0,0.0,8.0
1.4725000000000001,1.1495700522358723,0.6223788520678322,1.0360134538711119,-0.013525829204287569,-0.00018876350922706486,0.00024255422420297416,0.00012544629877383256,-5.43715906739758e-06,-6.072260615780441e-06,0.0,0.0,0.0,0.0,8.0
1.4755000000000003,1.1488607883267132,0.6228678106159875,1.0376765461035113,-0.013485430445878868,-0.0002036054999532601,0.00024369499466088038,0.00012528883274661018,-5.286396472418734e-06,-6.065444722391633e-06,0.0,0.0,0.0,0.0,8.0
1.4785000000000004,1.1481625834489868,0.6233548273855204,1.039331781034142,-0.013444468844283724,-0.00021817005138442287,0.00024482050587318284,0.00012506582270056105,-5.138161054826003e-06,-6.0489152016235e-06,0.0,0.0,0.0,0.0,8.0
1.4814999999999996,1.147475331179952,0.6238398834560277,1.0409792261197954,-0.013402961937693499,-0.00023247603347590178,0.00024593388639927147,0.00012478090059050013,-4.993040152274228e-06,-6.022936648144701e-06,0.0,0.0,0.0,0.0,8.0
1.4844999999999997,1.1467983924979543,0.6243229712958827,1.0426193802271035,-0.013360911569566411,-0.00024661042490650107,0.0002470374591559536,0.00012445049816463662,-4.851307013284687e-06,-5.989552449905638e-06,0.0,0.0,0.0,0.0,8.0
1.4874999999999998,1.1461308670229178,0.6248040890182786,1.0442529293675944,-0.01331830027857082,-0.0002606922400971061,0.00024813051848763585,0.00012409766823496372,-4.712844976882474e-06,-5.951782092528737e-06,0.0,0.0,0.0,0.0,8.0
1.4905,1.1454718880549,0.6252832383246927,1.0458804847728853,-0.013275092914350476,-0.00027483292988823263,0.00024920791675391306,0.00012374510023079692,-4.577142098503528e-06,-5.91269617154212e-06,0.0,0.0,0.0,0.0,8.0
1.4935,1.1448208244833524,0.625760424937452,1.0475024091631437,-0.013231242375605775,-0.00028910910550976224,0.0002502599998930423,0.00012341011322691101,-4.443357252160051e-06,-5.87473827694154e-06,0.0,0.0,0.0,0.0,8.0
1.4965000000000002,1.1441773477534118,0.6262356594364982,1.0491187685916694,-0.013186697200926783,-0.0003035535331395947,0.00025127377036907446,0.00012310273481005863,-4.310435529043451e-06,-5.839445699605268e-06,0.0,0.0,0.0,0.0,8.0
1.4995000000000003,1.1435413896444553,0.6267089569551341,1.050729385020959,-0.013141408712246595,-0.0003181611814865422,0.00025223470933614256,0.00012282639322378844,-4.17723959854982e-06,-5.807513275635098e-06,0.0,0.0,0.0,0.0,8.0
1.5025000000000004,1.1429130472621816,0.6271803353265564,1.0523339362751165,-0.013095336142674087,-0.00033290278220064187,0.00025312859789762034,0.00012257998275750934,-4.042665889981044e-06,-5.779042158721219e-06,0.0,0.0,0.0,0.0,8.0
1.5054999999999996,1.1422924867743194,0.6276498121421085,1.0539320545699722,-0.013048449119236064,-0.00034773886998554264,0.0002539428579617962,0.0001223601203369097,-3.905725307244361e-06,-5.753820697004024e-06,0.0,0.0,0.0,0.0,8.0
1.5084999999999997,1.1416798749963144,0.6281174013642533,1.0555233961661092,-0.013000727600618156,-0.00036263027126480756,0.00025466721105075416,0.00012216290218010874,-3.7655811844590617e-06,-5.731547139869008e-06,0.0,0.0,0.0,0.0,8.0
1.5114999999999998,1.1410753456187295,0.6285831097225051,1.0571076763040423,-0.012952159729918086,-0.000377544103073266,0.00025529368287943943,0.00012198498372222848,-3.6215473119075837e-06,-5.711970158521126e-06,0.0,0.0,0.0,0.0,8.0
1.5145,1.140478993452741,0.6290469325541611,1.0586846767942932,-0.012902738126378956,-0.00039245624352909073,0.00025581610370609885,0.00012182412331829182,-3.4730542702404216e-06,-5.694964173324429e-06,0.0,0.0,0.0,0.0,8.0
1.5175,1.1398908856492527,0.629508848707058,1.0602542376642965,-0.0128524551670276,-0.00040735177802086103,0.0002562292962072863,0.00012167941887119195,-3.3195947834057853e-06,-5.6805678047382265e-06,0.0,0.0,0.0,0.0,8.0
1.5205000000000002,1.139311079028011,0.6299688154357775,1.0618162424336985,-0.01280129819685723,-0.00042222450664819027,0.0002565281872311884,0.00012155138618919728,-3.1606632599575143e-06,-5.669002642028757e-06,0.0,0.0,0.0,0.0,8.0
1.5235000000000003,1.1387396327290287,0.6304267676106861,1.0633706027433656,-0.012749246746753765,-0.00043707567829237397,0.00025670722008941263,0.00012144184658376988,-2.9957170140760043e-06,-5.660664097430867e-06,0.0,0.0,0.0,0.0,8.0
1.5265000000000004,1.138176603238625,0.6308826306536678,1.0649172448015813,-0.012696275703772705,-0.0004519110825494431,0.00025676070331815873,0.00012135337211608122,-2.824208052128891e-06,-5.656044370460728e-06,0.0,0.0,0.0,0.0,8.0
1.5294999999999996,1.1376220068445633,0.631336360310269,1.0664560985730436,-0.01264236982631127,-0.0004667349794891354,0.0002566849495632762,0.00012128788842907572,-2.6457522557175896e-06,-5.655525231110188e-06,0.0,0.0,0.0,0.0,8.0
1.5324999999999998,1.1370757401472535,0.6317880178842258,1.067987090868864,-0.0125875533472172,-0.00048153987738484616,0.00025648281996848026,0.00012124415862126954,-2.460485064652278e-06,-5.658996299844544e-06,0.0,0.0,0.0,0.0,8.0
1.5354999999999999,1.136537471088619,0.6322378694099642,1.0695101446863196,-0.012531930560096521,-0.0004962936954267022,0.00025617009457975414,0.0001212144902816653,-2.2695600499370633e-06,-5.665348028591903e-06,0.0,0.0,0.0,0.0,8.0
1.5385,1.1360065506516799,0.632686462536309,1.0710251876606443,-0.012475719394571896,-0.0005109301158686117,0.00025578092265208423,0.00012118209061545811,-2.0755771739286926e-06,-5.672055027537928e-06,0.0,0.0,0.0,0.0,8.0
1.5415,1.1354820270752517,0.6331346064928459,1.0725321703119235,-0.012419248032409893,-0.0005253512923138403,0.0002553676693057724,0.00012112140712987199,-1.88257428109005e-06,-5.6752094790117675e-06,0.0,0.0,0.0,0.0,8.0
1.5445000000000002,1.134962828902747,0.6335831965845192,1.0740310890428002,-0.012362889791258061,-0.0005394498603759581,0.0002549911375913917,0.00012100334842208982,-1.695264422551485e-06,-5.670303776594096e-06,0.0,0.0,0.0,0.0,8.0
1.5475000000000003,1.1344480931173175,0.6340329094690527,1.0755220020454659,-0.012306944149587676,-0.0005531465636018392,0.0002547021115235077,0.00012080469141380038,-1.5175887617576336e-06,-5.653669906133158e-06,0.0,0.0,0.0,0.0,8.0
1.5505000000000004,1.133937487229521,0.6344839127231735,1.0770050245203293,-0.012251518675268563,-0.0005664254476479013,0.0002545225203673659,0.00012051731292936592,-1.351232912265828e-06,-5.623916473898315e-06,0.0,0.0,0.0,0.0,8.0
1.5534999999999997,1.1334313189552851,0.6349357794442453,1.078480298284747,-0.012196487666675894,-0.0005793431807496786,0.0002544380786192563,0.000120151292002284,-1.195038654818027e-06,-5.5824453283893135e-06,0.0,0.0,0.0,0.0,8.0
1.5564999999999998,1.132930336823288,0.6353876915756146,1.0799479473186961,-0.01214156390360889,-0.0005920027626172811,0.00025440845253918903,0.00011972910604066532,-1.045792742607517e-06,-5.532601329741219e-06,0.0,0.0,0.0,0.0,8.0
1.5594999999999999,1.132435346675961,0.635838807607661,1.0814080424471124,-0.012086438652816852,-0.0006045076664527868,0.0002543884425780865,0.00011927456681028665,-8.998882709802245e-07,-5.4779928456448175e-06,0.0,0.0,0.0,0.0,8.0
1.5625,1.131946903197215,0.6362885487441393,1.0828605933891955,-0.012030894814636553,-0.0006169270776242138,0.00025434557238961564,0.00011880405407905734,-7.547120137936365e-07,-5.421137231165058e-06,0.0,0.0,0.0,0.0,8.0
1.5655000000000001,1.1314652380727428,0.63673665277158,1.0843055692051526,-0.011974832054878606,-0.0006292908595986616,0.00025426437858943685,0.00011832488711908722,-6.08989384716281e-07,-5.3631867469586445e-06,0.0,0.0,0.0,0.0,8.0
1.5685000000000002,1.1309903600960602,0.6371830552666023,1.0857429367832314,-0.011918224105481363,-0.0006416072875696718,0.00025414023629880987,0.00011783931351423522,-4.6230206761245065e-07,-5.304515953106243e-06,0.0,0.0,0.0,0.0,8.0
1.5715000000000003,1.1305221538847559,0.6376277580285502,1.0871727080964855,-0.011861069254971797,-0.0006538843769709385,0.0002539720788775122,0.00011734938249690952,-3.145103983326981e-07,-5.245447677949575e-06,0.0,0.0,0.0,0.0,8.0
1.5744999999999996,1.1300603981658235,0.6380707685424089,1.0885949837630375,-0.011803367249744989,-0.0006661430114233213,0.0002537591648464082,0.00011685980276117886,-1.6549046453371847e-07,-5.186673221492732e-06,0.0,0.0,0.0,0.0,8.0
1.5774999999999997,1.1296047646859877,0.6385120882951042,1.090009961766427,-0.011745114982238519,-0.0006784192705309806,0.00025350057795410676,0.00011637842476849034,-1.509578726041087e-08,-5.1293240311291655e-06,0.0,0.0,0.0,0.0,8.0
1.5804999999999998,1.1291548864978953,0.638951710743036,1.091417871149697,-0.011686306365223113,-0.0006907542310805212,0.0002531949530681565,0.0001159143293991845,1.3683983893224268e-07,-5.074710798444244e-06,0.0,0.0,0.0,0.0,8.0
1.5835,1.1287105109583753,0.6393896205338888,1.0928188268702175,-0.011626933509761928,-0.0007031716915679857,0.0002528399353747642,0.00011547366908242382,2.90497698824715e-07,-5.023753045847753e-06,0.0,0.0,0.0,0.0,8.0
1.5865,1.1282716650203395,0.6398257968717463,1.0942126730618782,-0.01156699040962239,-0.0007156537657640695,0.00025243193422638577,0.00011505505950729833,4.4604748662868033e-07,-4.976342412466641e-06,0.0,0.0,0.0,0.0,8.0
1.5895000000000001,1.1278387189647807,0.6402602197169893,1.0955989246278406,-0.011506478137288128,-0.0007281311921467918,0.00025196664916575246,0.0001146476313850698,6.03596529774877e-07,-4.9310659446620336e-06,0.0,0.0,0.0,0.0,8.0
1.5925000000000002,1.127412275655678,0.640692875392913,1.0969768783668774,-0.011445409191482066,-0.0007404995160700426,0.0002514404211257361,0.00011423383768272694,7.631303404050543e-07,-4.885579945442871e-06,0.0,0.0,0.0,0.0,8.0
1.5955000000000004,1.126992919662487,0.6411237581093193,1.0983458610333958,-0.011383808530080744,-0.0007526565375100666,0.0002508518526322843,0.00011379622070552844,9.244726495801724e-07,-4.837529894837675e-06,0.0,0.0,0.0,0.0,8.0
1.5984999999999996,1.1265809543119987,0.6415528662367714,1.0997054897694798,-0.011321710267236938,-0.0007645422367748394,0.0002502028364968662,0.00011332470779602589,1.0872888911825504e-06,-4.785548452518702e-06,0.0,0.0,0.0,0.0,8.0
1.6014999999999997,1.1261762639862958,0.6419801952912163,1.1010558099183212,-0.011259151127670201,-0.0007761605289772566,0.00024949839685024783,0.00011282062010721138,1.2511366191219155e-06,-4.729806908916893e-06,0.0,0.0,0.0,0.0,8.0
1.6044999999999998,1.1257783615576968,0.6424057313890503,1.1023972499143837,-0.011196163214887948,-0.0007875733775310595,0.0002487453924018577,0.00011229561248979259,1.4155428696258928e-06,-4.671871829996761e-06,0.0,0.0,0.0,0.0,8.0
1.6075,1.1253865774608174,0.642829448380946,1.103730434429396,-0.0111327687065889,-0.0007988732183287494,0.0002479507056546088,0.00011176661039140908,1.5800772821978712e-06,-4.614010106633951e-06,0.0,0.0,0.0,0.0,8.0
1.6105,1.1250002855014594,0.6432513096149333,1.1050559585752406,-0.011068977964480772,-0.0008101491111864891,0.00024711970093021314,0.00011124958177445483,1.7443965675603762e-06,-4.55833207866508e-06,0.0,0.0,0.0,0.0,8.0
1.6135000000000002,1.1246190671611727,0.6436712728919188,1.1063742210962584,-0.011004791073440283,-0.000821461398156878,0.0002462554677559618,0.00011075488930219467,1.9082539935793446e-06,-4.50615292486974e-06,0.0,0.0,0.0,0.0,8.0
1.6165000000000003,1.124242768951161,0.6440892959739506,1.1076853634806776,-0.010940201768830395,-0.000832831971765549,0.00024535892264794014,0.00011028555693210962,2.071484438875358e-06,-4.457759696202345e-06,0.0,0.0,0.0,0.0,8.0
1.6195000000000004,1.1238714647911798,0.6445053403508186,1.1089893050228703,-0.010875202341017454,-0.0008442486964812693,0.00024442949813746417,0.0001098381902494161,2.233982072798592e-06,-4.412550303256977e-06,0.0,0.0,0.0,0.0,8.0
1.6224999999999996,1.123505367708595,0.6449193723757964,1.110285830535004,-0.01080978824566642,-0.0008556776022131845,0.00024346603086695972,0.00010940535857438103,2.3956831698694218e-06,-4.3693790463143725e-06,0.0,0.0,0.0,0.0,8.0
1.6254999999999997,1.123144736785427,0.6453313625243234,1.1115746838481007,-0.010743961478176058,-0.0008670760965258117,0.000242467526736703,0.00010897816643727713,2.5565575863641343e-06,-4.326929055212621e-06,0.0,0.0,0.0,0.0,8.0
1.6284999999999998,1.1227898080107144,0.6457412846889825,1.1128556357251718,-0.010677732088977817,-0.0008784028958190176,0.00024143360665193495,0.00010854820510187944,2.716607412855444e-06,-4.283995276903919e-06,0.0,0.0,0.0,0.0,8.0
1.6315,1.122440757161299,0.6461491176057887,1.114128514797062,-0.0106111175015724,-0.000889623344121194,0.000240364529279371,0.00010810865036816616,2.875874091121082e-06,-4.239643698594326e-06,0.0,0.0,0.0,0.0,8.0
1.6345,1.1220976891848289,0.6465548493959227,1.1153932054116946,-0.010544139615246077,-0.000900710838184886,0.00023926074429307556,0.00010765467347061673,3.0344616623132073e-06,-4.193271844321328e-06,0.0,0.0,0.0,0.0,8.0
1.6375000000000002,1.1217606443188834,0.6469584837716709,1.1166496246948692,-0.010476820073375966,-0.00091164594927216,0.00023812201642599786,0.00010718347867600211,3.192583819769202e-06,-4.144617695456368e-06,0.0,0.0,0.0,0.0,8.0
1.6405000000000003,1.1214296135853756,0.647360043400778,1.1178976943328793,-0.010409174534050285,-0.0009224149247170035,0.0002369463337877083,0.00010669423339058322,3.3506281876948525e-06,-4.093754365018843e-06,0.0,0.0,0.0,0.0,8.0
1.6435000000000004,1.1211045604217915,0.6477595642285523,1.1191373221171106,-0.010341207255558748,-0.0009330089458932416,0.00023572904168071466,0.00010618801148984122,3.5092058768747296e-06,-4.041080553270823e-06,0.0,0.0,0.0,0.0,8.0
1.6464999999999996,1.12078544626761,0.6481570772234897,1.1203684037372843,-0.010272907846417056,-0.0009434248253844253,0.00023446279602892044,0.00010566769910146307,3.6691338217632948e-06,-3.987287476004273e-06,0.0,0.0,0.0,0.0,8.0
1.6494999999999997,1.120472253220573,0.6485525830971278,1.1215908458648178,-0.010204252751415713,-0.0009536665661094048,0.00023313887682448886,0.00010513764582982105,3.831300013178295e-06,-3.9332626834736815e-06,0.0,0.0,0.0,0.0,8.0
1.6524999999999999,1.1201649879927158,0.6489460387924763,1.1228045993558917,-0.010135214905600282,-0.0009637455521397876,0.00023175013406537707,0.0001046027106503312,3.996390582649488e-06,-3.879884564964902e-06,0.0,0.0,0.0,0.0,8.0
1.6555,1.1198636457031552,0.6493373830242811,1.1240096831084057,-0.010065785167601525,-0.0009736760732820247,0.0002302954690903769,0.00010406633417035727,4.164496969314223e-06,-3.827672076401746e-06,0.0,0.0,0.0,0.0,8.0
1.6585,1.1195681217474245,0.6497266180157543,1.125206182594632,-0.009996006196252913,-0.0009834640933956136,0.00022878526647299665,0.00010352755701977824,4.334670583960862e-06,-3.7763034068276368e-06,0.0,0.0,0.0,0.0,8.0
1.6615000000000002,1.1192780979916463,0.6501139232143457,1.1263942235362676,-0.009926008564767221,-0.0009930924362785026,0.00022724607335974662,0.00010297781034524091,4.5046107855123335e-06,-3.7241610224762452e-06,0.0,0.0,0.0,0.0,8.0
1.6645000000000003,1.1189929994304513,0.6504997042137506,1.1275739395557423,-0.00985601573039721,-0.0010025149508101692,0.00022571986072894259,0.0001024003158938975,4.670844637748544e-06,-3.6683307862478344e-06,0.0,0.0,0.0,0.0,8.0
1.6675000000000004,1.1187121826610398,0.6508844176236659,1.128745452321693,-0.009786257779325892,-0.001011681342223052,0.00022424966399085214,0.0001017771117432373,4.829895014278959e-06,-3.605748761589817e-06,0.0,0.0,0.0,0.0,8.0
1.6704999999999997,1.1184354501609315,0.6512680818881645,1.129908873012585,-0.009716764724939164,-0.0010205999643972783,0.00022284484081316257,0.0001011070065061844,4.980679145239087e-06,-3.535895338831527e-06,0.0,0.0,0.0,0.0,8.0
1.6734999999999998,1.1181636025998363,0.6516497672198677,1.1310642697893099,-0.009647141159691024,-0.0010294066813077258,0.00022144693577345436,0.00010042289044576464,5.127578891065751e-06,-3.4637427848549923e-06,0.0,0.0,0.0,0.0,8.0
1.6764999999999999,1.1178982658739782,0.6520277550707045,1.1322117790159594,-0.009576730412382824,-0.0010382915057408734,0.0002199311693202691,9.978456357496528e-05,5.280643717115407e-06,-3.399052878915158e-06,0.0,0.0,0.0,0.0,8.0
1.6795,1.1176403212424146,0.6524013365617461,1.133350454699469,-0.009504739944862018,-0.00104750290249717,0.00021823198997051566,9.923351611118449e-05,5.444173621823657e-06,-3.3476297351543484e-06,0.0,0.0,0.0,0.0,8.0
1.6825,1.1172208512288575,0.6528360035215727,1.1348161454515653,-0.009407383184212434,-0.0010881751684095181,0.00021306635269383292,0.00010346425643393325,5.9654390038341265e-06,-3.9145427359133294e-06,0.0,0.0,0.0,0.0,8.0
1.6855000000000002,1.1172378772378908,0.6530628801532111,1.135492229746039,-0.00931738655898345,-0.0010726656096081589,0.0002071968017770073,0.00010087655962358253,6.365230085787352e-06,-3.6780525164992854e-06,0.0,0.0,0.0,0.0,8.0
1.6885000000000003,1.116937992312061,0.6534892373248186,1.1366973951354313,-0.009276291642620062,-0.0010730004342279019,0.00021088677569298304,9.763293328771373e-05,6.117519699845313e-06,-3.246489390292276e-06,-3.106385563640816e-08,-5.187289119783781e-09,0.0,0.0,10.0
1.6914999999999996,1.1166977648875276,0.6538564061107108,1.1377939766794498,-0.009207524574279124,-0.0010806337763836845,0.00020968215425730915,9.677329866139567e-05,6.213028217672109e-06,-3.128546936535681e-06,-1.375432289563529e-08,-8.929190948642362e-10,0.0,0.0,10.0
1.6944999999999997,1.1164664308401544,0.6542204196380229,1.1388881495801124,-0.009134983446675137,-0.0010883517619231274,0.00020796589242820382,9.604205227961011e-05,6.352165936933897e-06,-3.0564756825406946e-06,-1.166580317076932e-08,-6.415334096381299e-10,0.0,0.0,10.0
1.6974999999999998,1.1162362683021982,0.6545815999211504,1.1399763115571522,-0.009062496357114721,-0.001096659926627498,0.00020618833245689288,9.542847954219305e-05,6.501978085358364e-06,-2.997707411659007e-06,-9.809240864555558e-09,-6.469218393004813e-10,0.0,0.0,10.0
1.7005,1.1160067402853784,0.6549407092520506,1.1410606124497769,-0.008989533324117673,-0.0011054416589649238,0.00020437196220795243,9.49227443676584e-05,6.651493686868763e-06,-2.9551765842997246e-06,-8.274151136243438e-09,-5.992480634763348e-10,0.0,0.0,10.0
1.7035,1.1157788626015408,0.6552974428467699,1.1421393315497825,-0.008916133326355219,-0.0011145015140967523,0.00020250703009484176,9.449132301688445e-05,6.802496001465835e-06,-2.9237755056100232e-06,-7.32986947337622e-09,-4.950680933548901e-10,0.0,0.0,10.0
1.7065000000000001,1.1155544674212012,0.6556517182899164,1.1432103230157211,-0.008842275637932315,-0.0011234953886288177,0.0002005910529809405,9.407562378022331e-05,6.954581311892561e-06,-2.8960329782559923e-06,-7.32883465988619e-09,-4.1043739251110655e-10,0.0,0.0,10.0
1.7095000000000002,1.1153349662342547,0.6560035395700068,1.1442718164453591,-0.008768052046979271,-0.001132189224514862,0.0001986174309898109,9.362834788544752e-05,7.108866664568518e-06,-2.8645180357286145e-06,-7.924783889695319e-09,-3.7965371236290207e-10,0.0,0.0,10.0
1.7125000000000004,1.115120886239125,0.6563529671071028,1.1453231003234252,-0.00869352240106454,-0.001140480820300478,0.00019658698609078466,9.312768596905717e-05,7.264488426998996e-06,-2.826078400635998e-06,-8.646933906021807e-09,-3.9451786903402476e-10,0.0,0.0,10.0
1.7154999999999996,1.1149119836502777,0.6567000365277139,1.1463642871797253,-0.008618723185363263,-0.0011483833754428114,0.00019450774000012697,9.257684232238672e-05,7.420062740133026e-06,-2.781352933527196e-06,-9.17251873597542e-09,-4.3202857808785733e-10,0.0,0.0,10.0
1.7184999999999997,1.1147076307702033,0.6570447423747237,1.1473958884673445,-0.00854368016646053,-0.0011559746578108858,0.0001923897606710679,9.199311612948516e-05,7.574697034745085e-06,-2.732930880500923e-06,-9.379563931399272e-09,-4.735939344571172e-10,0.0,0.0,10.0
1.7214999999999998,1.1145071523959391,0.6573870502507194,1.1484184740117052,-0.008468417373472455,-0.0011633485566351592,0.0001902420113421885,9.139673445286996e-05,7.727914400594503e-06,-2.683777589341836e-06,-9.275609122185511e-09,-5.083416870100876e-10,0.0,0.0,10.0
1.7245,1.1143100120283118,0.6577269130937513,1.1494324972557817,-0.008392957047542806,-0.001170583831405219,0.00018807202282354152,9.080428721806414e-05,7.879324806986913e-06,-2.636377775282975e-06,-8.938523764915067e-09,-5.318579854788982e-10,0.0,0.0,10.0
1.7275,1.1141158718630848,0.658064283348794,1.1504382432906655,-0.008317318157669437,-0.001177732305677318,0.00018588597894675542,9.022642821474262e-05,8.028605160474503e-06,-2.5923511886726254e-06,-8.470951618578036e-09,-5.43798521272203e-10,0.0,0.0,10.0
1.7305000000000001,1.113924579279061,0.6583991226665005,1.1514358495326418,-0.008241514154222774,-0.0011848197496728567,0.00018368807396054832,8.966781307507403e-05,8.175580717580254e-06,-2.5523871802420282e-06,-7.971738059536053e-09,-5.460735149527356e-10,0.0,0.0,10.0
1.7335000000000003,1.1137361185892511,0.6587314101110993,1.15242536078564,-0.008165550446861812,-0.0011918528618997627,0.0001814796259303594,8.912818098005862e-05,8.320315993347496e-06,-2.516369441624275e-06,-7.52010580556141e-09,-5.417615180847262e-10,0.0,0.0,10.0
1.7365000000000004,1.1135505523783646,0.6590611471615404,1.1534067901071108,-0.008089422841921132,-0.0011988279799468227,0.00017925857488094893,8.860400267973178e-05,8.463182029676705e-06,-2.483601472071834e-06,-7.16750460810024e-09,-5.342720664029017e-10,0.0,0.0,10.0
1.7394999999999996,1.1133679682048128,0.6593883568357766,1.1543801638792555,-0.008013118154435448,-0.0012057385881044478,0.00017701971419176573,8.809020695628931e-05,8.60485158532465e-06,-2.453071587290669e-06,-6.93552666070414e-09,-5.266419695059508e-10,0.0,0.0,10.0
1.7424999999999997,1.1131884397721385,0.6597130756176293,1.1553455392601606,-0.00793661738521845,-0.0012125798368580994,0.0001747557773456399,8.758162313242321e-05,8.746198086981634e-06,-2.423707178669221e-06,-6.81905854879938e-09,-5.21070673397482e-10,0.0,0.0,10.0
1.7454999999999998,1.1130120051813737,0.66003533968874,1.1563029947532946,-0.007859900869345862,-0.0012193497444569507,0.00017245921021530043,8.707395488140988e-05,8.888114449806534e-06,-2.3945798093211e-06,-6.793167720453408e-09,-5.187351962521387e-10,0.0,0.0,10.0
1.7485,1.1128386600048532,0.6603551696593684,1.1572526053570829,-0.00778295398784114,-0.0012260480412073622,0.0001701241765114836,8.656426223831729e-05,9.031300788777736e-06,-2.3650382921591454e-06,-6.821989475335353e-09,-5.198319611957464e-10,0.0,0.0,10.0
1.7515,1.1126683607802397,0.6606725589768104,1.1581944179658894,-0.007705771730254633,-0.0012326741980058756,0.00016774822012109237,8.605103123744982e-05,9.176084303443346e-06,-2.3347616947321632e-06,-6.867904794416405e-09,-5.237854392712641e-10,0.0,0.0,10.0
1.7545000000000002,1.1125010346163804,0.660987469820897,1.159128439358626,-0.007628360712999578,-0.001239225969009693,0.00016533310686503628,8.553395745711321e-05,9.322324718989263e-06,-2.303738481400445e-06,-6.899175587915238e-09,-5.29590809154332e-10,0.0,0.0,10.0
1.7575000000000003,1.1123365916978647,0.6612998371566413,1.1600546409539816,-0.007550738000018894,-0.0012456991209564034,0.00016288462185327481,8.501358933471606e-05,9.469430322273287e-06,-2.2721932821839455e-06,-6.894194415169472e-09,-5.362565731073201e-10,0.0,0.0,10.0
1.7605000000000004,1.1121749387372333,0.6616095781068397,1.1609729760290206,-0.007472926838961117,-0.0012520883690764067,0.0001604113723358358,8.449099089295996e-05,9.616478589744035e-06,-2.2404965048448476e-06,-6.841102079897202e-09,-5.432695788956255e-10,0.0,0.0,10.0
1.7634999999999996,1.1120159926268856,0.6619166013871621,1.1618834001527274,-0.007394949903265229,-0.001258389179999082,0.00015792283086468988,8.396758434408402e-05,9.7624151098125e-06,-2.2090977654174775e-06,-6.732885609233351e-09,-5.509444730866036e-10,0.0,0.0,10.0
1.7664999999999997,1.111859694533097,0.6622208111717551,1.1627858857661424,-0.007316820824199409,-0.0012646000546369478,0.00015542693140765455,8.344529340707611e-05,9.906296874159155e-06,-2.1785158158941846e-06,-6.559874673422878e-09,-5.604867058090837e-10,0.0,0.0,10.0
1.7694999999999999,1.1117060248850583,0.6625221017866189,1.1636804260910125,-0.0072385350095890005,-0.0012707249719647973,0.00015292756990055385,8.29270062869491e-05,1.0047543676055767e-05,-2.1493939730120666e-06,-6.30307011254804e-09,-5.736387208208107e-10,0.0,0.0,10.0
1.7725,1.1115550183661094,0.6628203438587816,1.1645670290121997,-0.007160061291668469,-0.0012767756133988935,0.00015042243370274824,8.241722144251348e-05,1.0186155908911177e-05,-2.122596573914222e-06,-5.9322296165124865e-09,-5.918981830854038e-10,0.0,0.0,10.0
1.7755,1.1114067748915546,0.6631153681134805,1.1654457052154772,-0.007081336797727998,-0.0012827727235468307,0.00014790171519773259,8.192256306101684e-05,1.0322852011523908e-05,-2.099291361716871e-06,-5.411522216069284e-09,-6.154626045000701e-10,0.0,0.0,10.0
1.7785000000000002,1.1112614585509213,0.6634069583272887,1.1663164552521805,-0.007002268358726177,-0.0012887455234007735,0.00014534836142913822,8.145172025041446e-05,1.0459078931196044e-05,-2.080944547664716e-06,-4.713870700060308e-09,-6.421077676290753e-10,0.0,0.0,10.0
1.7815000000000003,1.1111192731064214,0.6636948681320486,1.1671792586269107,-0.006922744610590309,-0.001294727668030751,0.00014274053086146804,8.101430729677991e-05,1.0596865571919319e-05,-2.06915882469076e-06,-3.842197492230182e-09,-6.663401911032433e-10,0.0,0.0,10.0
1.7845000000000004,1.110980403019762,0.6639788746536766,1.1680340666982951,-0.006842663196130968,-0.001300747794491856,0.000140056400943703,8.061844149532311e-05,1.0738422968440418e-05,-2.0652817091591964e-06,-2.856745689012577e-09,-6.79266736923483e-10,0.0,0.0,10.0
1.7874999999999996,1.110844919015231,0.6642588688313584,1.1688808019992099,-0.0067619719465788035,-0.0013068160740516458,0.00013728156926578962,8.026706835588433e-05,1.0885577009283337e-05,-2.069863197032639e-06,-1.8771897270425303e-09,-6.730715213924056e-10,0.0,0.0,10.0
1.7904999999999998,1.1107126835638301,0.6645349447340545,1.169719369204264,-0.00668071067540318,-0.0013129097810004064,0.00013441426445833608,7.99558545983016e-05,1.1038693116831086e-05,-2.0820424982671863e-06,-1.0699540874696283e-09,-6.476694439368602e-10,0.0,0.0,10.0
1.7934999999999999,1.110583310982001,0.6648074065100452,1.1705497096984203,-0.006599010601732906,-0.001318989422029091,0.00013147322235449515,7.967258535959298e-05,1.1197298543418627e-05,-2.1003232852604733e-06,-3.5461593353580434e-10,-6.493644729722727e-10,0.0,0.0,10.0
1.7965,1.1104560316493606,0.6650766704103344,1.171372129101928,-0.006517052277614769,-0.001325079775613146,0.0001284915327578351,7.942492630021698e-05,1.1353914359290685e-05,-2.1243221586001426e-06,1.2488341365344116e-09,-9.736675331372067e-10,0.0,0.0,10.0
1.7995,1.1103252670455757,0.6653441452488931,1.1721923400117014,-0.006435660729034908,-0.0013321590387176355,0.00012573067674459047,7.942111815668054e-05,1.1478260585158016e-05,-2.20254586718787e-06,2.2840188637253768e-08,-6.004999155075917e-09,0.0,0.0,10.0
1.8025000000000002,1.1100864348792598,0.665679720100991,1.1732717592457493,-0.0063288578096163525,-0.001360944887025295,0.00011935115660670795,8.221201357688241e-05,1.1911583809670525e-05,-2.5510262513976107e-06,1.4701918780407434e-08,6.625152360124643e-09,0.0,0.0,10.0
1.8055000000000003,1.1101263115479385,0.6658431437004328,1.173729365174485,-0.006245758080802739,-0.0013459652620904884,0.00011533019243890645,8.016145902695748e-05,1.2066096355223533e-05,-2.4934899074780305e-06,-7.401379172833784e-09,-5.784347350666838e-10,0.0,0.0,10.0
1.8085000000000004,1.1100021593775087,0.6660952206743169,1.1745691513262935,-0.006174194675082113,-0.0013513164516571663,0.00011440256153289541,7.951812677774432e-05,0.0,0.0,0.0,0.0,0.0,0.0,6.0
1.8114999999999997,1.1098728579457646,0.6663540103915085,1.1753593395903092,-0.006095197390982268,-0.0013582820585273526,0.00011245632949605869,7.947566524206476e-05,0.0,0.0,0.0,0.0,0.0,0.0,6.0
1.8144999999999998,1.1097456715721588,0.66660970609226,1.1761419539578792,-0.006015758850619255,-0.0013651360045000597,0.00011042957178158675,7.940496797710518e-05,0.0,0.0,0.0,0.0,0.0,0.0,6.0
1.8175,1.1096205513976225,0.6668620916551822,1.176916651526726,-0.005935850573627264,-0.0013717861200486224,0.00010836658078659103,7.931662591959077e-05,0.0,0.0,0.0,0.0,0.0,0.0,6.0
1.8205,1.109497519040095,0.6671109000831704,1.1776826979910344,-0.0058556357819476166,-0.0013782345264171552,0.0001062736114088313,7.920978517615099e-05,0.0,0.0,0.0,0.0,0.0,0.0,6.0
1.8235000000000001,1.1093767223414877,0.6673561211820005,1.1784398615796021,-0.005775147082565781,-0.0013844755996929138,0.00010413072207224026,7.907057835915217e-05,0.0,0.0,0.0,0.0,0.0,0.0,6.0
1.8265000000000002,1.1092582056346394,0.6675977766677184,1.179188139414256,-0.0056943497431730565,-0.0013904711218752166,0.00010194444060820514,7.889633012796519e-05,0.0,0.0,0.0,0.0,0.0,0.0,6.0
1.8295000000000003,1.109141821965339,0.6678358509775593,1.1799276221317405,-0.005613246586449803,-0.0013962283324599153,9.971919036781968e-05,7.869061902062054e-05,0.0,0.0,0.0,0.0,0.0,0.0,6.0
1.8324999999999996,1.1090272667727954,0.6680703215635656,1.1806585453300744,-0.0055318561520688566,-0.0014017944998213293,9.745431205100444e-05,7.846126568446359e-05,0.0,0.0,0.0,0.0,0.0,0.0,6.0
1.8354999999999997,1.1089141663972943,0.6683011633005659,1.1813812300764384,-0.005450186904466691,-0.0014072222650577113,9.51538278345177e-05,7.822029508924177e-05,0.0,0.0,0.0,0.0,0.0,0.0,6.0
1.8384999999999998,1.1088021895100315,0.668528344726503,1.1820959515504337,-0.005368244474647583,-0.0014125570012569917,9.28219063691783e-05,7.797867376994483e-05,0.0,0.0,0.0,0.0,0.0,0.0,6.0
1.8415,1.1086911351192503,0.6687518292195366,1.1828028431630635,-0.0052860346064886295,-0.0014178245201389994,9.046023575161239e-05,7.774229246990313e-05,0.0,0.0,0.0,0.0,0.0,0.0,6.0
1.8445,1.108580961254379,0.6689715771068298,1.1835018676665823,-0.005203561202950059,-0.0014230228827194218,8.806932702403524e-05,7.751114027022348e-05,0.0,0.0,0.0,0.0,0.0,0.0,6.0
1.8475000000000001,1.1084717505473443,0.6691875477810814,1.1841928536300976,-0.005120826437639119,-0.0014281266068605844,8.564952475048659e-05,7.728061383925252e-05,0.0,0.0,0.0,0.0,0.0,0.0,6.0
1.8505000000000003,1.1083636372731658,0.6693997017272869,1.1848755728628424,-0.005037832616808895,-0.001433099860410292,8.320111349127982e-05,7.704399624517747e-05,0.0,0.0,0.0,0.0,0.0,0.0,6.0
1.8535000000000004,1.108256732230362,0.6696080023423895,1.1855498226594674,-0.004954583109241589,-0.0014379102706196596,8.072445395056935e-05,7.679514570698525e-05,0.0,0.0,0.0,0.0,0.0,0.0,6.0
1.8564999999999996,1.1081510740522027,0.6698124170046106,1.1862154809381993,-0.004871082309470943,-0.0014425380468487767,7.8220139026529e-05,7.653036468076169e-05,0.0,0.0,0.0,0.0,0.0,0.0,6.0
1.8594999999999997,1.1080466169443643,0.6700129172237057,1.1868725218251264,-0.004787335262622678,-0.001446978751322987,7.568899291266143e-05,7.624898568193712e-05,0.0,0.0,0.0,0.0,0.0,0.0,6.0
1.8624999999999998,1.107943247622841,0.670209478168873,1.1875209988773556,-0.00470334719067961,-0.00145124079580168,7.313196663465374e-05,7.59528837638727e-05,0.0,0.0,0.0,0.0,0.0,0.0,6.0
1.8655,1.1078408159203568,0.6704020779362925,1.18816101254797,-0.004619123087888261,-0.0014553402916668214,7.055000835841735e-05,7.56454488600127e-05,0.0,0.0,0.0,0.0,0.0,0.0,6.0
1.8685,1.1077391645549985,0.6705906967977572,1.188792677641779,-0.0045346674925957915,-0.0014592958309590683,6.794395121881565e-05,7.533053296892729e-05,0.0,0.0,0.0,0.0,0.0,0.0,6.0
1.8715000000000002,1.1076381496932184,0.6707753165134862,1.1894161000465953,-0.004449984423249189,-0.0014631247280731414,6.531444023006378e-05,7.501168396252222e-05,0.0,0.0,0.0,0.0,0.0,0.0,6.0
1.8745000000000003,1.1075376504480612,0.6709559196549755,1.1900313649687473,-0.004365077403422911,-0.0014668411031412503,6.266189853488457e-05,7.469174856872736e-05,0.0,0.0,0.0,0.0,0.0,0.0,6.0
1.8775000000000004,1.1074375696123213,0.6711324888234431,1.1906385343128574,-0.004279949493202067,-0.0014704554382661398,5.998652029987681e-05,7.437277426601721e-05,0.0,0.0,0.0,0.0,0.0,0.0,6.0
1.8804999999999996,1.1073378293222125,0.671305005678462,1.191237649291771,-0.004194603264059062,-0.001473974973746359,5.7288276771673537e-05,7.405608538639734e-05,0.0,0.0,0.0,0.0,0.0,0.0,6.0
1.8834999999999997,1.107238364892617,0.6714734497802913,1.1918287348718792,-0.004109040690791735,-0.0014774043896962443,5.456692640548102e-05,7.374242283714534e-05,0.0,0.0,0.0,0.0,0.0,0.0,6.0
1.8864999999999998,1.1071391189088027,0.6716377973574084,1.192411803986687,-0.004023262975330861,-0.0014807464363337124,5.182202559317812e-05,7.343207921166216e-05,0.0,0.0,0.0,0.0,0.0,0.0,6.0
1.8895,1.1070400365777362,0.6717980201994179,1.1929868606994327,-0.003937270353962263,-0.0014840023870317386,4.9052941748134415e-05,7.312500280904399e-05,0.0,0.0,0.0,0.0,0.0,0.0,6.0
1.8925,1.106941062632489,0.6719540849159772,1.1935539022934327,-0.0038510619647853478,-0.001487172328039515,4.625887421965642e-05,7.282087224345908e-05,0.0,0.0,0.0,0.0,0.0,0.0,6.0
1.8955000000000002,1.1068421397247894,0.6721059527795116,1.1941129206127246,-0.0037646358581685272,-0.0014902553611836722,4.343889009244222e-05,7.251915634642626e-05,0.0,0.0,0.0,0.0,0.0,0.0,6.0
1.8985000000000003,1.1067432080936743,0.6722535802834685,1.1946639030168287,-0.0036779892136959524,-0.0014932498004439803,4.059198091747478e-05,7.221917550746866e-05,0.0,0.0,0.0,0.0,0.0,0.0,6.0
1.9015000000000004,1.1066442062346462,0.6723969204146751,1.1952068332128984,-0.003591118783397366,-0.0014961534147440055,3.77171426745162e-05,7.192017501101782e-05,0.0,0.0,0.0,0.0,0.0,0.0,6.0
1.9044999999999996,1.1065450722474215,0.6725359244879698,1.195741692096489,-0.0035040215224880046,-0.0014989637285244095,3.4813475412001745e-05,7.162141228678755e-05,0.0,0.0,0.0,0.0,0.0,0.0,6.0
1.9074999999999998,1.1064457455014807,0.6726705442616981,1.196268458623753,-0.0034166953121478865,-0.001501678354120639,3.188029254961217e-05,7.13222514619175e-05,0.0,0.0,0.0,0.0,0.0,0.0,6.0
1.9104999999999999,1.1063461682475613,0.6728007339796283,1.1967871106702714,-0.0033291396424101304,-0.0015042953058867505,2.891722476149251e-05,7.102225257844023e-05,0.0,0.0,0.0,0.0,0.0,0.0,6.0
1.9135,1.106246286842533,0.6729264519906861,1.197297625803098,-0.0032413561200951226,-0.0015068132403613065,2.5924301509336576e-05,7.072124081036433e-05,0.0,0.0,0.0,0.0,0.0,0.0,6.0
1.9165,1.1061460523517406,0.673047661683334,1.1977999818939444,-0.0031533486995150998,-0.0015092315790909173,2.290199560967339e-05,7.041934334350387e-05,0.0,0.0,0.0,0.0,0.0,0.0,6.0
1.9195000000000002,1.1060454204322292,0.6731643316145642,1.1982941575227053,-0.003065123593344482,-0.001511550495721441,1.985122235063748e-05,7.011698742886298e-05,0.0,0.0,0.0,0.0,0.0,0.0,6.0
1.9225000000000003,1.1059443505513469,0.6732764348765155,1.198780132152108,-0.002976688890219906,-0.0015137707783315969,1.6773293045252134e-05,6.981486070117764e-05,0.0,0.0,0.0,0.0,0.0,0.0,6.0
1.9255000000000004,1.1058428047223487,0.6733839478850576,1.1992578860878458,-0.002888053964798395,-0.001515893603087777,1.36698312464383e-05,6.951384200336851e-05,0.0,0.0,0.0,0.0,0.0,0.0,6.0
1.9284999999999997,1.1057407460137232,0.6734868488619231,1.1997274002673193,-0.0027992288000571607,-0.0015179202697660557,1.054266595057003e-05,6.921491580543888e-05,0.0,0.0,0.0,0.0,0.0,0.0,6.0
1.9314999999999998,1.1056381371003297,0.6735851163005908,1.200188655939616,-0.002710223344190274,-0.0015198519510149049,7.3937185526807125e-06,6.891908481617425e-05,0.0,0.0,0.0,0.0,0.0,0.0,6.0
1.9344999999999999,1.105534939078415,0.6736787276619335,1.2006416343077817,-0.0026210469988016106,-0.0015216894969413794,4.224898818473573e-06,6.862729356541192e-05,0.0,0.0,0.0,0.0,0.0,0.0,6.0
1.9375,1.1054311106834855,0.6737676584597333,1.201086316202569,-0.0025317082916792104,-0.001523433319102768,1.0380205540145155e-06,6.834037149122328e-05,0.0,0.0,0.0,0.0,0.0,0.0,6.0
1.9405000000000001,1.1053266079557695,0.6738518817964587,1.2015226818470965,-0.002442214739711088,-0.0015250833587308007,-2.1652584382119357e-06,6.805899880445617e-05,0.0,0.0,0.0,0.0,0.0,0.0,6.0
1.9435000000000002,1.1052213843159429,0.6739313683214487,1.2019507107570642,-0.0023525728675402612,-0.0015266391277310974,-5.383473372013308e-06,6.778369354423316e-05,0.0,0.0,0.0,0.0,0.0,0.0,6.0
1.9465000000000003,1.1051153909585987,0.6740060865230799,1.2023703818034783,-0.0022627883231093934,-0.0015280998005410145,-8.61537188635807e-06,6.751481483008762e-05,0.0,0.0,0.0,0.0,0.0,0.0,6.0
1.9494999999999996,1.1050085774469074,0.6740760032384187,1.2027816734452226,-0.0021728660247334083,-0.0015294643310160214,-1.1859923016681534e-05,6.725257583679933e-05,0.0,0.0,0.0,0.0,0.0,0.0,6.0
1.9524999999999997,1.104900892394475,0.6741410842635658,1.2031845641172902,-0.0020828102836059114,-0.0015307315701738637,-1.5116322187094479e-05,6.699706037619025e-05,0.0,0.0,0.0,0.0,0.0,0.0,6.0
1.9554999999999998,1.104792284140154,0.6742012949652791,1.203579032737165,-0.0019926248656543643,-0.0015319003659842732,-1.838399613727687e-05,6.674823866249571e-05,0.0,0.0,0.0,0.0,0.0,0.0,6.0
1.9585,1.1046827013481486,0.6742566008187978,1.2039650592679683,-0.0019023129813535574,-0.001532969633445771,-2.1662608287432757e-05,6.650598016628364e-05,0.0,0.0,0.0,0.0,0.0,0.0,6.0
1.9615,1.1045720934913443,0.6743069678202098,1.204342625255736,-0.0018118772157978383,-0.0015339383903020943,-2.49520618087086e-05,6.627006374088398e-05,0.0,0.0,0.0,0.0,0.0,0.0,6.0
1.9645000000000001,1.1044604111961545,0.6743523627407154,1.2047117142445516,-0.0017213194295496845,-0.0015348057598266514,-2.8252495463354704e-05,6.604018690485812e-05,0.0,0.0,0.0,0.0,0.0,0.0,6.0
1.9675000000000002,1.1043476064416993,0.674392753205249,1.2050723119729199,-0.0016306406706113117,-0.0015355709465679174,-3.1564266634040745e-05,6.581597698075071e-05,0.0,0.0,0.0,0.0,0.0,0.0,6.0
1.9705000000000004,1.1042336326164734,0.6744281075917581,1.2054244062721444,-0.0015398411380668044,-0.0015362331936100107,-3.488791701446604e-05,6.55970066514184e-05,0.0,0.0,0.0,0.0,0.0,0.0,6.0
1.9734999999999996,1.1041184444440848,0.6744583947627534,1.205767986623749,-0.0014489202289638067,-0.001536791730834834,-3.822411895886727e-05,6.53828155261934e-05,0.0,0.0,0.0,0.0,0.0,0.0,6.0
1.9764999999999997,1.104001997797849,0.6744835836585157,1.2061030433846323,-0.0013578766838738179,-0.001537245723130079,-4.157360396996255e-05,6.51729377831894e-05,0.0,0.0,0.0,0.0,0.0,0.0,6.0
1.9794999999999998,1.1038842494322678,0.6745036428001321,1.2064295667473355,-0.0012667088266274504,-0.0015375942258426417,-4.493707853179084e-05,6.496693423414579e-05,0.0,0.0,0.0,0.0,0.0,0.0,6.0
1.9825,1.1037651566666922,0.6745185397667585,1.206747545556868,-0.0011754148740556979,-0.0015378361524673733,-4.831513568147314e-05,6.476442563572387e-05,0.0,0.0,0.0,0.0,0.0,0.0,6.0
1.9855,1.1036446770609427,0.6745282407206905,1.2070569661426718,-0.0010839932762614969,-0.001537970257019512,-5.1708172644592775e-05,6.456512309677823e-05,0.0,0.0,0.0,0.0,0.0,0.0,6.0
1.9885000000000002,1.103522768122623,0.6745327100522244,1.2073578113348624,-0.0009924430401927356,-0.0015379951311494749,-5.511632503275862e-05,6.436885124816952e-05,0.0,0.0,0.0,0.0,0.0,0.0,6.0
1.9915000000000003,1.1033993870803194,0.6745319102023114,1.2076500598136082,-0.0009007639906872795,-0.0015379092141090372,-5.853942636149577e-05,6.417556052954505e-05,0.0,0.0,0.0,0.0,0.0,0.0,6.0
1.9945000000000004,1.1032744907462626,0.6745258016960548,1.20793368589208,-0.0008089569333264362,-0.0015377108123482523,-6.197699824180965e-05,6.39853263964864e-05,0.0,0.0,0.0,0.0,0.0,0.0,6.0
1.9974999999999996,1.103148035477888,0.674514343388337,1.2082086597659405,-0.000717023700096869,-0.0015373981248858093,-6.542827215354217e-05,6.379833518065416e-05,0.0,0.0,0.0,0.0,0.0,0.0,6.0
2.0004999999999997,1.1030199772327254,0.67449749289039,1.2084749481893606,-0.0006249670784322435,-0.0015369692706203913,-6.889223908853439e-05,6.361485835374755e-05,0.0,0.0,0.0,0.0,0.0,0.0,6.0
2.0035,1.1028902716979125,0.6744752071193003,1.2087325154735722,-0.0005327906426361509,-0.0015364223143257243,-7.236771946066188e-05,6.3435218646206e-05,0.0,0.0,0.0,0.0,0.0,0.0,6.0
2.0065,1.1027588744667534,0.674447442896374,1.208981324661078,-0.0004404985204337368,-0.0015357552890133026,-7.585344324243381e-05,6.325975252555507e-05,0.0,0.0,0.0,0.0,0.0,0.0,6.0
2.0095,1.1026257412314717,0.6744141575175766,1.209221338713744,-0.00034809513418028004,-0.0015349662134392505,-7.934812968360546e-05,6.308877377549628e-05,0.0,0.0,0.0,0.0,0.0,0.0,6.0
2.0125,1.1024908279636578,0.6743753092295257,1.2094525215665424,-0.00025558495547327705,-0.001534053104560292,-8.285055716092488e-05,6.292254234943998e-05,0.0,0.0,0.0,0.0,0.0,0.0,6.0
2.0155000000000003,1.1023540910608416,0.6743308575646654,1.2096748389352279,-0.00016297230460935117,-0.0015330139855342267,-8.635961629277322e-05,6.27612414828805e-05,0.0,0.0,0.0,0.0,0.0,0.0,6.0
2.0185000000000004,1.1022154874471601,0.6742807635145092,1.2098882588161286,-7.026121475220496e-05,-0.0015318468903134815,-8.987434278074048e-05,6.260496452851713e-05,0.0,0.0,0.0,0.0,0.0,0.0,6.0
2.0214999999999996,1.1020749746261083,0.6742249895449699,1.210092751668541,2.2544632371253872e-05,-0.0015305498659822893,-9.339392980183978e-05,6.245371144684885e-05,0.0,0.0,0.0,0.0,0.0,0.0,6.0
2.0244999999999997,1.1019325106918956,0.6741634994783442,1.210288290315168,0.00011544190431007838,-0.001529120973796182,-9.691772256313309e-05,6.230739361699856e-05,0.0,0.0,0.0,0.0,0.0,0.0,6.0
2.0275,1.101788054311702,0.6740962582796978,1.2104748496269935,0.00020842756309328136,-0.001527558289504443,-0.000100445199456226,6.21658448032206e-05,0.0,0.0,0.0,0.0,0.0,0.0,6.0
2.0305,1.1016415646935713,0.6740232317903558,1.2106524060733272,0.0003014987763294466,-0.0015258599030962426,-0.00010397594498732124,6.202883577872804e-05,0.0,0.0,0.0,0.0,0.0,0.0,6.0
2.0335,1.1014930015540416,0.6739443864488514,1.2108209372165817,0.0003946528133982262,-0.0015240239177151088,-0.00010750961942057901,6.189609021843998e-05,0.0,0.0,0.0,0.0,0.0,0.0,6.0
2.0365,1.1013423250965593,0.6738596890321435,1.2109804212185034,0.00048788694334867916,-0.001522048447216651,-0.00011104592913272198,6.176729990159272e-05,0.0,0.0,0.0,0.0,0.0,0.0,6.0
2.0395000000000003,1.1011894960073456,0.673769106439767,1.2111308364051228,0.0005811983464992632,-0.0015199316117354695,-0.0001145846003789733,6.164213785739395e-05,0.0,0.0,0.0,0.0,0.0,0.0,6.0
2.0425000000000004,1.1010344754705572,0.6736726055332034,1.2112721609166397,0.0006745840463386188,-0.0015176715306926946,-0.00011812535783872157,6.152026869695459e-05,0.0,0.0,0.0,0.0,0.0,0.0,6.0
2.0454999999999997,1.1008772252002526,0.6735701530339474,1.211404372449739,0.0007680408632320095,-0.0015152663128865866,-0.00012166790818896575,6.140135589289234e-05,0.0,0.0,0.0,0.0,0.0,0.0,6.0
2.0484999999999998,1.1007177074832921,0.6734617154773973,1.2115274480858034,0.0008615653873636366,-0.001512714043628834,-0.00012521192817866527,6.128506613694386e-05,0.0,0.0,0.0,0.0,0.0,0.0,6.0
2.0515,1.1005558852251918,0.6733472592160032,1.2116413641900163,0.0009551539656536712,-0.001510012769260873,-0.00012875705627592922,6.117107111569646e-05,0.0,0.0,0.0,0.0,0.0,0.0,6.0
2.0545,1.1003917219901649,0.6732267504636209,1.2117460963630233,0.0010488026961271084,-0.001507160479745978,-0.00013230288687639027,6.10590471223903e-05,0.0,0.0,0.0,0.0,0.0,0.0,6.0
2.0575,1.1002251820269746,0.6731001553730411,1.2118416194275443,0.0011425074232199095,-0.0015041550903283193,-0.00013584896619223832,6.094867291663782e-05,0.0,0.0,0.0,0.0,0.0,0.0,6.0
2.0605,1.100056230273663,0.6729674401393865,1.2119279074356852,0.0012362637285199519,-0.001500994423429803,-0.00013939478917362745,6.083962620433509e-05,0.0,0.0,0.0,0.0,0.0,0.0,6.0
2.0635000000000003,1.0998848323364105,0.6728285711228544,1.2120049336873242,0.001330066913139356,-0.001497676191995943,-0.00014293979705054017,6.073157907840177e-05,0.0,0.0,0.0,0.0,0.0,0.0,6.0
2.0664999999999996,1.0997109544405572,0.6726835149846886,1.2120726707547607,0.0014239119700043962,-0.001494197985410365,-0.00014648337526453804,6.062419276201578e-05,0.0,0.0,0.0,0.0,0.0,0.0,6.0
2.0694999999999997,1.099534563354874,0.6725322388301053,1.2121310905130234,0.0015177935465420327,-0.0014905572589060355,-0.00015002485166616976,6.0517112033924696e-05,0.0,0.0,0.0,0.0,0.0,0.0,6.0
2.0725,1.0993556262933033,0.6723747103512298,1.2121801641783685,0.0016117059002864862,-0.0014867513271699254,-0.00015356349490041403,6.040995977875292e-05,0.0,0.0,0.0,0.0,0.0,0.0,6.0
2.0755,1.0991741108013042,0.6722108979621029,1.21221986235931,0.0017056428516033315,-0.001482777362627943,-0.0001570985129248885,6.0302332170849386e-05,0.0,0.0,0.0,0.0,0.0,0.0,6.0
2.0785,1.0989899846363729,0.6720407709168487,1.2122501551250198,0.00179959773885206,-0.0014786323987633705,-0.00016062905164200818,6.019379504204959e-05,0.0,0.0,0.0,0.0,0.0,0.0,6.0
2.0815,1.0988032156539802,0.6718642994014673,1.2122710120951836,0.0018935633817650786,-0.0014743133387812362,-0.00016415419370319084,6.0083881978105316e-05,0.0,0.0,0.0,0.0,0.0,0.0,6.0
2.0845000000000002,1.0986137717108795,0.6716814545898004,1.2122824025536432,0.0019875320585624363,-0.0014698169699649414,-0.0001676729576636951,5.997209462121629e-05,0.0,0.0,0.0,0.0,0.0,0.0,6.0
2.0875000000000004,1.0984216205972668,0.6714922086552754,1.2122842955857225,0.0020814955013799645,-0.0014651399841163724,-0.00017118429780905485,5.985790552340709e-05,0.0,0.0,0.0,0.0,0.0,0.0,6.0
2.0904999999999996,1.0982267300075956,0.6712965347322137,1.2122766602363706,0.0021754449130788034,-0.0014602790044464422,-0.00017468710509877113,5.974076370673457e-05,0.0,0.0,0.0,0.0,0.0,0.0,6.0
2.0934999999999997,1.0980290675570075,0.6710944068237983,1.2122594656835628,0.002269371006601034,-0.0014552306191012152,-0.00017818020973362706,5.962010285878116e-05,0.0,0.0,0.0,0.0,0.0,0.0,6.0
2.0965,1.0978286008465308,0.6708857996580513,1.212232681419098,0.002363264065946727,-0.001449991421116039,-0.00018166238581149747,5.949535185010152e-05,0.0,0.0,0.0,0.0,0.0,0.0,6.0
2.0995,1.097625297575786,0.6706706884980257,1.2121962774273347,0.0024571140257978095,-0.0014445580539828588,-0.00018513235837684704,5.936594703037768e-05,0.0,0.0,0.0,0.0,0.0,0.0,6.0
2.1025,1.0974191256973502,0.6704490489173422,1.212150224351645,0.0025509105650079835,-0.0014389272612478567,-0.00018858881290264822,5.92313455659922e-05,0.0,0.0,0.0,0.0,0.0,0.0,6.0
2.1055,1.097210053602714,0.6702208565566437,1.2120944936385263,0.0026446432077829236,-0.001433095937742841,-0.00019203040690910094,5.909103894384648e-05,0.0,0.0,0.0,0.0,0.0,0.0,6.0
2.1085000000000003,1.0969980503264183,0.669986086879836,1.2120290576503117,0.002738301425524412,-0.001427061179338747,-0.00019545578308091514,5.894456569863674e-05,0.0,0.0,0.0,0.0,0.0,0.0,6.0
2.1115000000000004,1.0967830857529546,0.6697447149506612,1.2119538897391697,0.0028318747320716106,-0.0014208203276428906,-0.00019886358295808493,5.879152243054946e-05,0.0,0.0,0.0,0.0,0.0,0.0,6.0
2.1144999999999996,1.0965651308106283,0.6694967152498017,1.2118689642773497,0.002925352765477168,-0.001414371005967321,-0.00020225246010200618,5.863157226957935e-05,0.0,0.0,0.0,0.0,0.0,0.0,6.0
2.1174999999999997,1.0963441576379762,0.669242061550261,1.21177425664126,0.0030187253504703844,-0.0014077111432360158,-0.00020562109161537174,5.846445010534597e-05,0.0,0.0,0.0,0.0,0.0,0.0,6.0
2.1205,1.0961201397113174,0.6689807268643437,1.2116697431497199,0.0031119825373118718,-0.0014008389832707747,-0.00020896818702985473,5.828996412684686e-05,0.0,0.0,0.0,0.0,0.0,0.0,6.0
2.1235,1.0958930519263328,0.6687126834695875,1.2115554009594593,0.003205114614701515,-0.0013937530780246345,-0.00021229249385050305,5.8107993488038315e-05,0.0,0.0,0.0,0.0,0.0,0.0,6.0
2.1265,1.0956628706315992,0.6684379030141517,1.2114312079234408,0.0032981120965919807,-0.0013864522646830318,-0.00021559279941736585,5.7918482210314054e-05,0.0,0.0,0.0,0.0,0.0,0.0,6.0
2.1295,1.0954295736171638,0.6681563566951835,1.21129714241977,0.0033909656849709265,-0.0013789356279651653,-0.00021886792915608565,5.7721429726774515e-05,0.0,0.0,0.0,0.0,0.0,0.0,6.0
2.1325000000000003,1.0951931400658204,0.6678680154974067,1.2111531831606717,0.0034836662126839085,-0.00137120245025701,-0.00022211674168013434,5.751687873800365e-05,0.0,0.0,0.0,0.0,0.0,0.0,6.0
2.1355000000000004,1.094953550478137,0.6675728504743166,1.2109993089921653,0.0035762045719585165,-0.0013632521532417465,-0.00022533812152457472,5.730490125888079e-05,0.0,0.0,0.0,0.0,0.0,0.0,6.0
2.1384999999999996,1.09471078658404,0.6672708330514603,1.2108354986956151,0.0036685716352781784,-0.0013550842353535755,-0.00022853097049574058,5.708558386920528e-05,0.0,0.0,0.0,0.0,0.0,0.0,6.0
2.1414999999999997,1.0944648312536893,0.6669619353306454,1.2106617308022012,0.0037607581755324366,-0.0013466982096044715,-0.00023169419869369684,5.685901322289731e-05,0.0,0.0,0.0,0.0,0.0,0.0,6.0
2.1445,1.0942156684185036,0.6666461303755145,1.2104779834306039,0.0038527547919063204,-0.00133809354611874,-0.00023482671620391713,5.662526281665296e-05,0.0,0.0,0.0,0.0,0.0,0.0,6.0
2.1475,1.0939632830098678,0.6663233924624766,1.2102842341568298,0.003944551846839314,-0.001329269623106469,-0.00023792742627986715,5.6384381875904895e-05,0.0,0.0,0.0,0.0,0.0,0.0,6.0
2.1505,1.0937076609188148,0.6659936972859347,1.2100804599232775,0.004036139417739759,-0.0013202256891044091,-0.00024099522058043706,5.613638700050148e-05,0.0,0.0,0.0,0.0,0.0,0.0,6.0
2.1535,1.093448788975488,0.665657022112364,1.2098666369919975,0.004127507265216936,-0.0013109608382365536,-0.0002440289767260828,5.588125695144144e-05,0.0,0.0,0.0,0.0,0.0,0.0,6.0
2.1565000000000003,1.0931866549432268,0.6653133458833119,1.209642740944766,0.004218644817660099,-0.0013014739991257767,-0.0002470275581383374,5.561893068422386e-05,0.0,0.0,0.0,0.0,0.0,0.0,6.0
2.1595000000000004,1.0929212475192605,0.6649626492720321,1.2094087467303467,0.004309541170315828,-0.0012917639370566792,-0.0002499898158685548,5.534930847716078e-05,0.0,0.0,0.0,0.0,0.0,0.0,6.0
2.1624999999999996,1.0926525563327587,0.6646049147017015,1.2091646287572086,0.004400185095812264,-0.0012818292681475603,-0.00025291459193461024,5.5072255791889755e-05,0.0,0.0,0.0,0.0,0.0,0.0,6.0
2.1654999999999998,1.0923805719314994,0.664240126334668,1.2089103610282255,0.004490565062482159,-0.001271668483709779,-0.0002558007235865155,5.4787609358760285e-05,0.0,0.0,0.0,0.0,0.0,0.0,6.0
2.1685,1.092105285750585,0.6638682700419507,1.208645917312481,0.004580669256871167,-0.001261279982672225,-0.0002586470479162823,5.4495184908919345e-05,0.0,0.0,0.0,0.0,0.0,0.0,6.0
2.1715,1.0918266900600164,0.663489333360583,1.2083712713483086,0.004670485607391119,-0.0012506621099065422,-0.00026145240630095053,5.419478597351798e-05,0.0,0.0,0.0,0.0,0.0,0.0,6.0
2.1745,1.0915447778919087,0.6631033054439053,1.208086397070968,0.004760001807009529,-0.00123981319843371,-0.00026421564829601723,5.388621322157659e-05,0.0,0.0,0.0,0.0,0.0,0.0,6.0
2.1775,1.0912595429519447,0.6627101770072568,1.207791268857896,0.004849205333912381,-0.0012287316137408882,-0.0002669356347468086,5.356927388909261e-05,0.0,0.0,0.0,0.0,0.0,0.0,6.0
2.1805000000000003,1.0909709795226281,0.6623099402693688,1.2074858617840887,0.004938083469997223,-0.0012174157986921763,-0.00026961124002552046,5.3243790937285656e-05,0.0,0.0,0.0,0.0,0.0,0.0,6.0
2.1835000000000004,1.0906790823675063,0.6619025888886096,1.2071701518798876,0.005026623317647209,-0.0012058643177042389,-0.0002722413534046124,5.2909611646321466e-05,0.0,0.0,0.0,0.0,0.0,0.0,6.0
2.1864999999999997,1.0903838466455111,0.6614881178933648,1.2068441163831714,0.005114811815391576,-0.0011940758989325943,-0.0002748248796270934,5.2566615389085947e-05,0.0,0.0,0.0,0.0,0.0,0.0,6.0
2.1895,1.0900852678429989,0.6610665236071888,1.2065077339777934,0.005202635752762867,-0.0011820494731735322,-0.00027736073872804075,5.221472033488712e-05,0.0,0.0,0.0,0.0,0.0,0.0,6.0
2.1925,1.089783341728254,0.6606378035716206,1.2061609850101158,0.005290081784010932,-0.0011697842080653706,-0.0002798478651100961,5.185388881305385e-05,0.0,0.0,0.0,0.0,0.0,0.0,6.0
2.1955,1.089478064329743,0.6602019564722271,1.205803851675767,0.005377136439488269,-0.0011572795360264424,-0.000282285205797452,5.148413103510509e-05,0.0,0.0,0.0,0.0,0.0,0.0,6.0
2.1985,1.0891694319358467,0.659758982075893,1.2054363181694017,0.005463786132683439,-0.001144535174270204,-0.00028467171771231776,5.110550685026307e-05,0.0,0.0,0.0,0.0,0.0,0.0,6.0
2.2015000000000002,1.0888574411108254,0.659308881189088,1.2050583707913205,0.005550017160247244,-0.001131551135253668,-0.0002870063637590172,5.0718125209492424e-05,0.0,0.0,0.0,0.0,0.0,0.0,6.0
2.2045000000000003,1.0885420887198558,0.658851655647347,1.204669998006292,0.005635815692089658,-0.001118327726090789,-0.00028928810748253536,5.032214105090493e-05,0.0,0.0,0.0,0.0,0.0,0.0,6.0
2.2074999999999996,1.0882233719554528,0.6583873083452456,1.2042711904518044,0.0057211677488286095,-0.001104865535825829,-0.00029151590610307154,4.991774940235839e-05,0.0,0.0,0.0,0.0,0.0,0.0,6.0
2.2104999999999997,1.0879012883585915,0.6579158433136739,1.2038619408951512,0.005806059164583816,-0.0010911654100136167,-0.00029368870182025383,4.950517662651719e-05,0.0,0.0,0.0,0.0,0.0,0.0,6.0
2.2135,1.0875758358302419,0.6574372658473385,1.2034422441411654,0.00589047553430575,-0.00107722841277949,-0.00029580541142706977,4.908466890639024e-05,0.0,0.0,0.0,0.0,0.0,0.0,6.0
2.2165,1.087247012632563,0.6569515826804058,1.2030120968949725,0.005974402146433189,-0.0010630557773989328,-0.00029786491446475366,4.8656478277277066e-05,0.0,0.0,0.0,0.0,0.0,0.0,6.0
2.2195,1.0869148173831877,0.6564588022025131,1.202571497586762,0.006057823903549261,-0.0010486488473987119,-0.00029986604037002056,4.8220846742267945e-05,0.0,0.0,0.0,0.0,0.0,0.0,6.0
2.2225,1.0865792490502932,0.655958934701495,1.2021204461682207,0.006140725235685679,-0.0010340090111797806,-0.00030180755529496975,4.777798924735406e-05,0.0,0.0,0.0,0.0,0.0,0.0,6.0
2.2255000000000003,1.0862403069598625,0.6554519926137716,1.201658943892799,0.006223090012796822,-0.0010191376341160876,-0.00030368814949254306,4.7328076518045004e-05,0.0,0.0,0.0,0.0,0.0,0.0,6.0
2.2285000000000004,1.085897990829,0.6549379907590837,1.201186993094268,0.006304901464451201,-0.0010040359928981308,-0.0003055064263279877,4.687121894727334e-05,0.0,0.0,0.0,0.0,0.0,0.0,6.0
2.2314999999999996,1.085552300839877,0.6544169465338284,1.2007045969797736,0.006386142115723626,-0.0009887052174489682,-0.000307260894069552,4.6407452844964785e-05,0.0,0.0,0.0,0.0,0.0,0.0,6.0
2.2344999999999997,1.085203237767385,0.6538888800372805,1.200211759454557,0.0064667937483847675,-0.0009731462459253161,-0.00030894996160129765,4.593673038327734e-05,0.0,0.0,0.0,0.0,0.0,0.0,6.0
2.2375,1.0848508031697595,0.6533538141078907,1.1997084849952937,0.00654683739560414,-0.0009573597980134574,-0.0003105719390658182,4.545891447099253e-05,0.0,0.0,0.0,0.0,0.0,0.0,6.0
2.2405,1.0844949996454443,0.6528117742528431,1.199194778587351,0.006626253376418759,-0.0009413463708664867,-0.0003121250441739105,4.497377954898149e-05,0.0,0.0,0.0,0.0,0.0,0.0,6.0
2.2435,1.0841358311517602,0.6522627884628848,1.1986706457379568,0.006705021373225444,-0.0009251062605853757,-0.00031360741451837566,4.4481018913919174e-05,0.0,0.0,0.0,0.0,0.0,0.0,6.0
2.2465,1.0837733033723542,0.6517068869155067,1.1981360925723834,0.0067831205517213606,-0.0009086396101868488,-0.00031501712572470426,4.398025866822516e-05,0.0,0.0,0.0,0.0,0.0,0.0,6.0
2.2495000000000003,1.083407424111893,0.651144101581771,1.197591126014034,0.006860529718406715,-0.0008919464826825236,-0.0003163522147088742,4.3471077802660356e-05,0.0,0.0,0.0,0.0,0.0,0.0,6.0
2.2525000000000004,1.0830382036892223,0.6505744657640766,1.197035754042392,0.006937227506452558,-0.0008750269554502533,-0.00031761070675369275,4.29530333050834e-05,0.0,0.0,0.0,0.0,0.0,0.0,6.0
2.2554999999999996,1.0826656552952978,0.6499980136023377,1.1964699860158992,0.007013192576987492,-0.0008578812298104861,-0.00031879064463259785,4.2425688631211165e-05,0.0,0.0,0.0,0.0,0.0,0.0,6.0
2.2584999999999997,1.0822897952805506,0.6494147795928888,1.1958938330408826,0.007088403820219938,-0.0008405097479374107,-0.00031989011767537024,4.188864344886893e-05,0.0,0.0,0.0,0.0,0.0,0.0,6.0
2.2615,1.0819106433385082,0.6488247981667188,1.1953073083634995,0.0071628405397467666,-0.0008229133082135046,-0.0003209072885433668,4.13415623447957e-05,0.0,0.0,0.0,0.0,0.0,0.0,6.0
2.2645,1.0815282225586276,0.6482281033706488,1.1947104277599156,0.007236482604179335,-0.0008050931700614339,-0.0003218404155980979,4.0784200206883056e-05,0.0,0.0,0.0,0.0,0.0,0.0,6.0
2.2675,1.0811425593309612,0.6476247286868334,1.1941032099008748,0.00730931055287973,-0.0007870511402163995,-0.0003226878691102311,4.0216422276600876e-05,0.0,0.0,0.0,0.0,0.0,0.0,6.0
2.2705,1.0807536830976936,0.647014707013185,1.1934856766702986,0.007381305646910995,-0.0007687896342459852,-0.00032344814013512247,3.9638217380471244e-05,0.0,0.0,0.0,0.0,0.0,0.0,6.0
2.2735000000000003,1.080361625960439,0.6463980708114336,1.1928578534230843,0.007452449861791381,-0.000750311709658295,-0.0003241198416124836,3.904970353555432e-05,0.0,0.0,0.0,0.0,0.0,0.0,6.0
2.2765000000000004,1.0799664221661003,0.6457748524123925,1.1922197691739334,0.007522725824656089,-0.0007316210698322937,-0.0003247017020457504,3.8451125895748506e-05,0.0,0.0,0.0,0.0,0.0,0.0,6.0
2.2794999999999996,1.0795681075064265,0.6451450844516945,1.1915714567159787,0.007592116704229919,-0.000712722040886079,-0.0003251925528831763,3.784284776607619e-05,0.0,0.0,0.0,0.0,0.0,0.0,6.0
2.2824999999999998,1.0791667186758565,0.6445088003957997,1.1909129526741207,0.007660606066894858,-0.0006936195261006573,-0.00032559131136450267,3.722533606573717e-05,0.0,0.0,0.0,0.0,0.0,0.0,6.0
2.2855,1.078762292637611,0.6438660351090888,1.1902442975026393,0.007728177715486885,-0.0006743189443347341,-0.0003258969610343602,3.659914308828152e-05,0.0,0.0,0.0,0.0,0.0,0.0,6.0
2.2885,1.078354866048601,0.6432168254094881,1.1895655354392813,0.007794815528868957,-0.000654826159794978,-0.00032610853230346544,3.5964886635450534e-05,0.0,0.0,0.0,0.0,0.0,0.0,6.0
2.2915,1.0779444747893265,0.6425612105627654,1.1888767144284043,0.007860503319607711,-0.000635147410471089,-0.0003262250853368683,3.5323230565682615e-05,0.0,0.0,0.0,0.0,0.0,0.0,6.0
2.2945,1.0775311536358867,0.6418992326741405,1.1881778860240315,0.007925224724302708,-0.0006152892415419033,-0.0003262456971756993,3.467486750840543e-05,0.0,0.0,0.0,0.0,0.0,0.0,6.0
2.2975000000000003,1.0771149360983938,0.6412309369491966,1.187469105280178,0.007988963136597025,-0.0005952584482519633,-0.00032616945439777853,3.40205049901727e-05,0.0,0.0,0.0,0.0,0.0,0.0,6.0
2.3005000000000004,1.0766958544349647,0.6405563718125823,1.186750430631142,0.008051701687205834,-0.0005750620304090544,-0.00032599545186836796,3.33608555677814e-05,0.0,0.0,0.0,0.0,0.0,0.0,6.0
2.3034999999999997,1.0762739398348462,0.6398755888904885,1.1860219237594671,0.00811342326919657,-0.0005547071581100089,-0.0003257227973251519,3.2696630859701826e-05,0.0,0.0,0.0,0.0,0.0,0.0,6.0
2.3064999999999998,1.0758492227501875,0.6391886428788179,1.185283649444871,0.008174110601125703,-0.0005342011459717022,-0.00032535062079712423,3.202853871846018e-05,0.0,0.0,0.0,0.0,0.0,0.0,6.0
2.3095,1.0754217333453109,0.6384955913309281,1.1845356753846552,0.00823374631634833,-0.0005135514314374667,-0.0003248780872886181,3.135728230133534e-05,0.0,0.0,0.0,0.0,0.0,0.0,6.0
2.3125,1.0749915020263534,0.6377964944048898,1.183778071975767,0.008292313064563454,-0.0004927655519852693,-0.00032430441085872565,3.068355956405431e-05,0.0,0.0,0.0,0.0,0.0,0.0,6.0
2.3155,1.0745585600132381,0.6370914146094807,1.1830109120513836,0.008349793611786598,-0.00047185111647477093,-0.00032362886823953226,3.000806177122549e-05,0.0,0.0,0.0,0.0,0.0,0.0,6.0
2.3185000000000002,1.0741229399193903,0.6363804165810278,1.1822342705706204,0.008406170927348248,-0.00045081576740964454,-0.0003228508104521476,2.9331469980808693e-05,0.0,0.0,0.0,0.0,0.0,0.0,6.0
2.3215000000000003,1.073684676310885,0.6356635669114602,1.1814482242681559,0.008461428250627815,-0.0004296671333001395,-0.0003219696714249489,2.8654449050205373e-05,0.0,0.0,0.0,0.0,0.0,0.0,6.0
2.3244999999999996,1.073243806223644,0.6349409340342437,1.1806528512800074,0.008515549135118114,-0.00040841277312779657,-0.000320984973274177,2.7977639410010325e-05,0.0,0.0,0.0,0.0,0.0,0.0,6.0
2.3274999999999997,1.0728003696229356,0.6342125881622855,1.1798482307707223,0.00856851747201785,-0.00038706011757159487,-0.00031989632853533524,2.730164751438869e-05,0.0,0.0,0.0,0.0,0.0,0.0,6.0
2.3305,1.072354409792449,0.6334786012630198,1.1790344425940942,0.00862031749893636,-0.0003656164136002456,-0.00031870344011146847,2.662703636749367e-05,0.0,0.0,0.0,0.0,0.0,0.0,6.0
2.3335,1.0719059736404708,0.632739047052241,1.1782115670225917,0.008670933800891348,-0.0003440886798584255,-0.0003174060999521158,2.595431774466659e-05,0.0,0.0,0.0,0.0,0.0,0.0,6.0
2.3365,1.0714551119091063,0.6319940009900126,1.1773796845789637,0.008720351310485326,-0.0003224836797910709,-0.00031600418747519817,2.5283947635634786e-05,0.0,0.0,0.0,0.0,0.0,0.0,6.0
2.3395,1.0710018792707785,0.6312435402680241,1.1765388759967126,0.008768555312288623,-0.0003008079177266911,-0.00031449766852947674,2.4616326057293178e-05,0.0,0.0,0.0,0.0,0.0,0.0,6.0
2.3425000000000002,1.0705463342961994,0.6304877437862223,1.1756892223248823,0.00881553145365695,-0.0002790676604664952,-0.00031288659534240966,2.3951801790682897e-05,0.0,0.0,0.0,0.0,0.0,0.0,6.0
2.3455000000000004,1.0700885392808712,0.6297266921252997,1.1748308051782976,0.00886126576116545,-0.00025726898373587954,-0.00031117110749478673,2.329068189634985e-05,0.0,0.0,0.0,0.0,0.0,0.0,6.0
2.3484999999999996,1.0696285599232531,0.6289604675289505,1.1739637071189306,0.008905744659144408,-0.00023541783963626587,-0.0003093514335869649,2.263324516707087e-05,0.0,0.0,0.0,0.0,0.0,0.0,6.0
2.3514999999999997,1.069166464856148,0.6281891539145987,1.1730880121397391,0.00894895498484173,-0.00021352013846050692,-0.0003074278929664474,2.197975808998538e-05,0.0,0.0,0.0,0.0,0.0,0.0,6.0
2.3545,1.0687023250422387,0.6274128369330663,1.172203806211235,0.008990883993699553,-0.00019158183628180945,-0.00030540089670305924,2.133049148923669e-05,0.0,0.0,0.0,0.0,0.0,0.0,6.0
2.3575,1.0682362130532896,0.6266316040963685,1.1713111778449052,0.009031519348147865,-0.0001696090188571383,-0.000303270946937198,2.068573585574236e-05,0.0,0.0,0.0,0.0,0.0,0.0,6.0
2.3605,1.0677682022592587,0.6258455449886473,1.1704102186273475,0.009070849084168347,-0.0001476079727142709,-0.0003010386337918198,2.0045813462068283e-05,0.0,0.0,0.0,0.0,0.0,0.0,6.0
2.3635,1.0672983659580226,0.6250547515683631,1.1695010236845165,0.009108861551637853,-0.0001255852357750793,-0.00029870462922885533,1.9411085697239572e-05,0.0,0.0,0.0,0.0,0.0,0.0,6.0
2.3665000000000003,1.0668267764791772,0.6242593185604546,1.1685836920458692,0.009145545327098367,-0.00010354762232856793,-0.00029626967754259505,1.8781954602550675e-05,0.0,0.0,0.0,0.0,0.0,0.0,6.0
2.3695000000000004,1.066353504297487,0.6234593439255529,1.1676583268916474,0.009180889101060167,-8.150222030366993e-05,-0.0002937345826057737,1.8158858285598525e-05,0.0,0.0,0.0,0.0,0.0,0.0,6.0
2.3724999999999996,1.0658786171940478,0.6226549293801347,1.1667250356810541,0.009214881546056966,-5.945636224172652e-05,-0.0002911001924941507,1.754226066216396e-05,0.0,0.0,0.0,0.0,0.0,0.0,6.0
2.3754999999999997,1.065402179506585,0.6218461809278035,1.1657839301726285,0.009247511176116075,-3.741757474290203e-05,-0.000288367382669319,1.6932636742449213e-05,0.0,0.0,0.0,0.0,0.0,0.0,6.0
2.3785,1.064924251513982,0.6210332093493427,1.1648351263592318,0.009278766212568023,-1.539351409722237e-05,-0.0002855370394324529,1.63304553572419e-05,0.0,0.0,0.0,0.0,0.0,0.0,6.0
2.3815,1.0644448890027416,0.6202161305898127,1.163878744347675,0.009308634474539786,6.60810201008891e-06,-0.00028261004579273807,1.57361617325689e-05,0.0,0.0,0.0,0.0,0.0,0.0,6.0
2.3845,1.0639641430625226,0.6193950659770472,1.1629149082166697,0.009337103314300856,2.8579555686232772e-05,-0.00027958727213247555,1.5150162594457506e-05,0.0,0.0,0.0,0.0,0.0,0.0,6.0
2.3875,1.0634820601522876,0.6185701422094714,1.161943745886129,0.009364159617152626,5.0513172009470384e-05,-0.0002764695740100228,1.4572816452503023e-05,0.0,0.0,0.0,0.0,0.0,0.0,6.0
2.3905000000000003,1.0629986824667441,0.6177414910636685,1.1609653890256217,0.00938978988224439,7.240133489260188e-05,-0.00027325779905682993,1.4004431319768311e-05,0.0,0.0,0.0,0.0,0.0,0.0,6.0
2.3935000000000004,1.0625140486146991,0.6169092487938713,1.1599799730198326,0.009413980394367949,9.423646947238463e-05,-0.0002699528041698979,1.3445271353857033e-05,0.0,0.0,0.0,0.0,0.0,0.0,6.0
2.3964999999999996,1.0620281945981553,0.6160735552254403,1.1589876369943932,0.009436717487705235,0.00011601098947110281,-0.0002665554831069829,1.2895572774994282e-05,0.0,0.0,0.0,0.0,0.0,0.0,6.0
2.3994999999999997,1.0615411550559288,0.6152345525796096,1.1579885238875547,0.009457987891491165,0.00013771721365491007,-0.0002630668032574335,1.2355568028290214e-05,0.0,0.0,0.0,0.0,0.0,0.0,6.0
2.4025,1.0610529647112945,0.6143923841030487,1.1569827805342057,0.009477779135939009,0.00015934726155406178,-0.00025948784895241854,1.1825515683888764e-05,0.0,0.0,0.0,0.0,0.0,0.0,6.0
2.4055,1.060563659942596,0.6135471926077506,1.1559705577123571,0.009496079986260435,0.0001808929439962507,-0.0002558198674099828,1.1305732253852286e-05,0.0,0.0,0.0,0.0,0.0,0.0,6.0
2.4085,1.0600732803810926,0.6126991190488875,1.1549520100927997,0.009512880865018312,0.0002023456675811887,-0.0002520643125159544,1.0796621220857966e-05,0.0,0.0,0.0,0.0,0.0,0.0,6.0
2.4115,1.059581870432956,0.6118483012759152,1.1539272960341918,0.009528174219960606,0.00022369637296197143,-0.00024822288132366675,1.0298694361146387e-05,0.0,0.0,0.0,0.0,0.0,0.0,6.0
2.4145000000000003,1.059089480622672,0.610994873082672,1.152896577180724,0.009541954796878117,0.00024493552407991916,-0.00024429753853743804,9.812581044556203e-06,0.0,0.0,0.0,0.0,0.0,0.0,6.0
2.4175000000000004,1.0585961686629115,0.6101389636555816,1.1518600178472873,0.009554219785021028,0.00026605315937515146,-0.00024029052533433906,9.339022596326785e-06,0.0,0.0,0.0,0.0,0.0,0.0,6.0
2.4204999999999997,1.0581020001706198,0.6092806974783406,1.1508177842139864,0.00956496881533057,0.00028703900726560283,-0.00023620435055287238,8.878850826025882e-06,0.0,0.0,0.0,0.0,0.0,0.0,6.0
2.4234999999999998,1.0576070489698457,0.6084201947021831,1.1497700433914462,0.009574203807494554,0.0003078826582880373,-0.0002320417643028646,8.432952142883315e-06,0.0,0.0,0.0,0.0,0.0,0.0,6.0
2.4265,1.0571113969480717,0.6075575719397944,1.1487169624525655,0.009581928678435703,0.0003285737769971373,-0.0002278057161325247,8.002220883957411e-06,0.0,0.0,0.0,0.0,0.0,0.0,6.0
2.4295,1.0566151334637046,0.6066929433950391,1.147658707547707,0.00958814894006117,0.0003491023297185796,-0.0002234993017297766,7.587507199184186e-06,0.0,0.0,0.0,0.0,0.0,0.0,6.0
2.4325,1.0561183543368438,0.6058264222054165,1.146595443223356,0.009592871226082145,0.0003694588007957086,-0.00021912570349501035,7.189565782379872e-06,0.0,0.0,0.0,0.0,0.0,0.0,6.0
2.4355,1.0556211604914156,0.6049581218532881,1.1455273320472896,0.009596102795161763,0.0003896343706088174,-0.00021468813104579204,6.809011776873942e-06,0.0,0.0,0.0,0.0,0.0,0.0,6.0
2.4385000000000003,1.0551236563506814,0.6040881574972917,1.144454534608366,0.009597851059849677,0.0004096210332069871,-0.00021018976773177963,6.446289339726383e-06,0.0,0.0,0.0,0.0,0.0,0.0,6.0
2.4414999999999996,1.0546259481148406,0.6032166470875536,1.1433772099117618,0.009598123187408018,0.000429411639101088,-0.00020563372854548865,6.101656763357479e-06,0.0,0.0,0.0,0.0,0.0,0.0,6.0
2.4444999999999997,1.0541281420627049,0.6023437121568433,1.142295516138678,0.009596925809753562,0.0004489998584608186,-0.0002010230334560499,5.775189950306763e-06,0.0,0.0,0.0,0.0,0.0,0.0,6.0
2.4475,1.0536303430135268,0.6014694782229625,1.1412096116919757,0.009594264865789555,0.0004683800702799667,-0.00019636059826587027,5.466803682999294e-06,0.0,0.0,0.0,0.0,0.0,0.0,6.0
2.4505,1.0531326530572056,0.6005940747913985,1.1401196564139906,0.009590145581602748,0.00048754719257303587,-0.0001916492427775814,5.176287828345386e-06,0.0,0.0,0.0,0.0,0.0,0.0,6.0
2.4535,1.052635170613893,0.5997176350044126,1.139025812846016,0.009584572574680966,0.0005064964759266691,-0.00018689171366195658,4.90335369348733e-06,0.0,0.0,0.0,0.0,0.0,0.0,6.0
2.4565,1.0521379898263439,0.5988402950329877,1.1379282474032826,0.009577550050876953,0.0005252232865120118,-0.0001820907173489192,4.647684529705078e-06,0.0,0.0,0.0,0.0,0.0,0.0,6.0
2.4595000000000002,1.051641200234394,0.5979621933399243,1.1368271313630722,0.009569082051210757,0.0005437229042050975,-0.00017724895697269303,4.408983920714134e-06,0.0,0.0,0.0,0.0,0.0,0.0,6.0
2.4625000000000004,1.0511448866458215,0.597083469946847,1.1357226416006978,0.00955917270292312,0.0005619903567947581,-0.0001723691672319034,4.18701657736178e-06,0.0,0.0,0.0,0.0,0.0,0.0,6.0
2.4654999999999996,1.0506491291123443,0.5962042658124878,1.1346149610490883,0.009547826436542178,0.0005800203033997054,-0.0001674541420644317,3.9816377411830105e-06,0.0,0.0,0.0,0.0,0.0,0.0,6.0
2.4684999999999997,1.0501540029448173,0.5953247223807058,1.1335042788927225,0.009535048146256749,0.0005978069710263869,-0.00016250675203449556,3.7928095841713674e-06,0.0,0.0,0.0,0.0,0.0,0.0,6.0
2.4715,1.0496595787478498,0.5944449812985441,1.1323907905285369,0.009520843290117717,0.0006153441398412731,-0.0001575299507448148,3.6206051581198386e-06,0.0,0.0,0.0,0.0,0.0,0.0,6.0
2.4745,1.049165922502761,0.5935651842545838,1.1312746973335197,0.009505217943858942,0.0006326251669301185,-0.00015252677176720076,3.4652021153230343e-06,0.0,0.0,0.0,0.0,0.0,0.0,6.0
2.4775,1.048673095759372,0.5926854728601826,1.1301562062751904,0.009488178832689239,0.0006496430357708468,-0.00014750031900372421,3.3268693252515818e-06,0.0,0.0,0.0,0.0,0.0,0.0,6.0
2.4805,1.0481811559987455,0.5918059884966079,1.1290355293945322,0.009469733367135198,0.0006663904189154376,-0.0001424537538288852,3.2059496603347875e-06,0.0,0.0,0.0,0.0,0.0,0.0,6.0
2.4835000000000003,1.0476901572000548,0.5909268720752909,1.127912883187914,0.009449889702967586,0.0006828597433195344,-0.00013739028195057274,3.1028418426248025e-06,0.0,0.0,0.0,0.0,0.0,0.0,6.0
2.4865000000000004,1.0472001505975992,0.5900482636948771,1.1267884879168977,0.009428656834814161,0.0006990432503120092,-0.00013231314202602923,3.017983605110742e-06,0.0,0.0,0.0,0.0,0.0,0.0,6.0
2.4894999999999996,1.0467111855682512,0.5891703022141284,1.1256625668783782,0.009406044722216114,0.0007149330449556302,-0.0001272255970719596,2.951837694208916e-06,0.0,0.0,0.0,0.0,0.0,0.0,6.0
2.4924999999999997,1.0462233105642027,0.5882931247844008,1.1245353456643736,0.009382064438503852,0.0007305211328656461,-0.00012213092886833338,2.9048814255998926e-06,0.0,0.0,0.0,0.0,0.0,0.0,6.0
2.4955,1.0457365740106843,0.587416866396204,1.1234070514245034,0.00935672832787848,0.0007457994470030636,-0.00011703243492244066,2.8775995183771735e-06,0.0,0.0,0.0,0.0,0.0,0.0,6.0
2.4985,1.0452510251203984,0.5865416594939045,1.1222779121147628,0.009330050153742716,0.0007607598725971918,-0.00011193342704162655,2.8704787462564507e-06,0.0,0.0,0.0,0.0,0.0,0.0,6.0
2.5015,1.0447667146211763,0.585667633706467,1.121148155682036,0.009302045220193322,0.0007753942841839283,-0.00010683723005096093,2.8840017153302927e-06,0.0,0.0,0.0,0.0,0.0,0.0,6.0
2.5045,1.0442836954304997,0.5847949157351879,1.120018009109633,0.009272730447612338,0.000789694612818351,-0.00010174717866942465,2.9186361527253043e-06,0.0,0.0,0.0,0.0,0.0,0.0,6.0
2.5075000000000003,1.0438020233222158,0.5839236294339218,1.1188876972499358,0.009242124382410047,0.0008036529616660655,-9.66666101320237e-05,2.9748158826823444e-06,0.0,0.0,0.0,0.0,0.0,0.0,6.0
2.5105000000000004,1.0433217576084268,0.5830538961125302,1.117757441404463,0.009210247121052555,0.0008172617830005056,-9.159884999895262e-05,3.052910469162527e-06,0.0,0.0,0.0,0.0,0.0,0.0,6.0
2.5134999999999996,1.0428429618076487,0.5821858350873839,1.1166274576766337,0.009177120130880565,0.0008305141192897701,-8.654718889992012e-05,3.153182332139733e-06,0.0,0.0,0.0,0.0,0.0,0.0,6.0
2.5164999999999997,1.0423657042052965,0.5813195644903527,1.1154979552039619,0.009142765956066378,0.0008434038974184824,-8.151484880817172e-05,3.275732690270055e-06,0.0,0.0,0.0,0.0,0.0,0.0,6.0
2.5195,1.0418900581576769,0.5804552023273211,1.1143691344527933,0.009107207806899836,0.0008559262512243438,-7.650493878799002e-05,3.4204403999031497e-06,0.0,0.0,0.0,0.0,0.0,0.0,6.0
2.5225,1.0414161019685877,0.5795928677480334,1.113241185807728,0.009070469044121914,0.0008680778367405281,-7.152040186233675e-05,3.5869000383986347e-06,0.0,0.0,0.0,0.0,0.0,0.0,6.0
2.5255,1.0409439181932578,0.5787326824523897,1.112114288693846,0.009032572586058241,0.0008798570993474412,-6.65639564807553e-05,3.7743669289337692e-06,0.0,0.0,0.0,0.0,0.0,0.0,6.0
2.5285,1.0404735922997008,0.5778747721178853,1.1109886114278982,0.008993540282941397,0.0008912644535359292,-6.163803777719452e-05,3.9817169800257495e-06,0.0,0.0,0.0,0.0,0.0,0.0,6.0
2.5315000000000003,1.0400052107307773,0.5770192676946783,1.1098643119118619,0.008953392317625554,0.0009023023436600178,-5.674474514005978e-05,4.207428246954395e-06,0.0,0.0,0.0,0.0,0.0,0.0,6.0
2.5345000000000004,1.0395388585383083,0.57616630638652,1.108741539174854,0.008912146702187772,0.0009129751662037694,-5.188580333755542e-05,4.449589252718365e-06,0.0,0.0,0.0,0.0,0.0,0.0,6.0
2.5374999999999996,1.039074616874883,0.5753160321261149,1.1076204356577208,0.008869818942985058,0.0009232890484791631,-4.706254434227787e-05,4.7059366604951e-06,0.0,0.0,0.0,0.0,0.0,0.0,6.0
2.5404999999999998,1.038612560702228,0.5744685953705028,1.106501140037667,0.008826421940286032,0.0009332514932607102,-4.2275915913622755e-05,4.973922168247053e-06,0.0,0.0,0.0,0.0,0.0,0.0,6.0
2.5435,1.0381527570864888,0.57362415209148,1.1053837903225134,0.008781966171162059,0.0009428709121324315,-3.752652083362914e-05,5.2508057214108166e-06,0.0,0.0,0.0,0.0,0.0,0.0,6.0
2.5465,1.0376952643903015,0.5727828619189541,1.1042685269144406,0.008736460175907212,0.0009521560812228396,-3.281468749592105e-05,5.5337694882270545e-06,0.0,0.0,0.0,0.0,0.0,0.0,6.0
2.5495,1.037240132540396,0.571944885505776,1.1031554953561744,0.008689911330895363,0.0009611155605667298,-2.8140568566749252e-05,5.820044732238083e-06,0.0,0.0,0.0,0.0,0.0,0.0,6.0
2.5525,1.0367874043620127,0.5711103813072512,1.1020448485291996,0.008642326848983781,0.0009697571214855821,-2.3504260171543693e-05,6.10704205613124e-06,0.0,0.0,0.0,0.0,0.0,0.0,6.0
2.5555000000000003,1.0363371177573173,0.5702795020857253,1.1009367481675045,0.008593714909208952,0.000978087224331146,-1.890593023677657e-05,6.3924748080800475e-06,0.0,0.0,0.0,0.0,0.0,0.0,6.0
2.5585000000000004,1.035889308310783,0.5694523915341974,1.099831365663121,0.008544085788928587,0.0009861105820694474,-1.4345942069910656e-05,6.674465901613777e-06,0.0,0.0,0.0,0.0,0.0,0.0,6.0
2.5614999999999997,1.0354440117884078,0.5686291814377299,1.098728882239476,0.008493452861722933,0.000993829835650075,-9.824958728559442e-06,6.951629750491788e-06,0.0,0.0,0.0,0.0,0.0,0.0,6.0
2.5645,1.035001266011755,0.5678099897415393,1.0976294886192253,0.008441833338365323,0.0010012453581900516,-5.344015621588742e-06,7.223123037612164e-06,0.0,0.0,0.0,0.0,0.0,0.0,6.0
2.5675,1.0345611117509992,0.5669949197709566,1.0965333842940577,0.008389248665750795,0.0010083551991290703,-9.045529884690566e-07,7.488660207212806e-06,0.0,0.0,0.0,0.0,0.0,0.0,6.0
2.5705,1.0341235925552799,0.5661840606734179,1.0954407764284007,0.008335724552817985,0.0010151551761733877,3.4915942923156458e-06,7.748491805023412e-06,0.0,0.0,0.0,0.0,0.0,0.0,6.0
2.5735,1.0336887537288346,0.5653774889678197,1.0943518783469939,0.00828129065024862,0.0010216391183383248,7.84224593417429e-06,8.003346380208673e-06,0.0,0.0,0.0,0.0,0.0,0.0,6.0
2.5765000000000002,1.0332566408505457,0.564575270941336,1.0932669075312667,0.00822597995670394,0.0010277992532804468,1.2144955779130764e-05,8.254339923355191e-06,0.0,0.0,0.0,0.0,0.0,0.0,6.0
2.5795000000000003,1.0328272982415103,0.5637774655664604,1.0921860831197259,0.008169828046580329,0.0010336267149261699,1.6397110090477705e-05,8.502860599755676e-06,0.0,0.0,0.0,0.0,0.0,0.0,6.0
2.5824999999999996,1.0324007676163964,0.5629841276292318,1.091109623056862,0.008112872210189807,0.0010391121268906037,2.0596032925244393e-05,8.750440043523776e-06,0.0,0.0,0.0,0.0,0.0,0.0,6.0
2.5854999999999997,1.0319770869134983,0.5621953108305863,1.0900377411941373,0.00805515057669851,0.001044246200802149,2.473908872591391e-05,8.998624623393875e-06,0.0,0.0,0.0,0.0,0.0,0.0,6.0
2.5885,1.0315562891409635,0.5614110706848211,1.0889706447280891,0.007996701271832054,0.00104902028332798,2.8823774336817656e-05,9.248860197178917e-06,0.0,0.0,0.0,0.0,0.0,0.0,6.0
2.5915,1.0311384011237805,0.5606314670359109,1.0879085323070297,0.007937561663510416,0.0010534267939815841,3.2847793274316446e-05,9.502402042203184e-06,0.0,0.0,0.0,0.0,0.0,0.0,6.0
2.5945,1.0307234422943259,0.5598565659363477,1.0868515929530513,0.007877767771654652,0.00105745951550199,3.680910390164812e-05,9.760258426599076e-06,0.0,0.0,0.0,0.0,0.0,0.0,6.0
2.5975,1.0303114240046898,0.5590864405496219,1.0858000056926684,0.007817353943678726,0.0010611137257201077,4.070593198990799e-05,1.002317189273324e-05,0.0,0.0,0.0,0.0,0.0,0.0,6.0
2.6005000000000003,1.0299023500335887,0.5583211707607774,1.0847539395588435,0.007756352889840912,0.0010643861912586715,4.453674033350042e-05,1.0291636360314106e-05,0.0,0.0,0.0,0.0,0.0,0.0,6.0
2.6035000000000004,1.0294962188323549,0.5575608413992066,1.0837135535027047,0.007694796105323992,0.0010672750759682876,4.830015622389242e-05,1.0565940411098069e-05,0.0,0.0,0.0,0.0,0.0,0.0,6.0
2.6064999999999996,1.0290930275784897,0.556805539373676,1.0826789957849783,0.007632714584834795,0.0010697798434113148,5.1994870772809345e-05,1.084621902850706e-05,0.0,0.0,0.0,0.0,0.0,0.0,6.0
2.6094999999999997,1.0286927774580938,0.5560553504308923,1.081650402611153,0.0075701396099575905,0.0010719012397840428,5.561953693292292e-05,1.1132491326932596e-05,0.0,0.0,0.0,0.0,0.0,0.0,6.0
2.6125,1.0282954790800953,0.5553103564446425,1.0806278960894762,0.007507103330737507,0.0010736414179334855,5.917269802351072e-05,1.142466478491169e-05,0.0,0.0,0.0,0.0,0.0,0.0,6.0
2.6155,1.0279011567920304,0.554570633966689,1.0796115819397567,0.00744363891960344,0.0010750042026712757,6.265277070505598e-05,1.1722498889148868e-05,0.0,0.0,0.0,0.0,0.0,0.0,6.0
2.6185,1.027509850978169,0.5538362542671108,1.0786015476445896,0.0073797802349375545,0.0010759954210522583,6.605808750535025e-05,1.202553926516428e-05,0.0,0.0,0.0,0.0,0.0,0.0,6.0
2.6215,1.0271216180049905,0.5531072845047357,1.0775978618003255,0.007315561118326507,0.0010766231635106055,6.938698273348491e-05,1.2333049096064144e-05,0.0,0.0,0.0,0.0,0.0,0.0,6.0
2.6245000000000003,1.0267365280516199,0.5523837892970395,1.0766005752399814,0.007251014570470179,0.001076897834984191,7.263789225675771e-05,1.2643969642535455e-05,0.0,0.0,0.0,0.0,0.0,0.0,6.0
2.6275000000000004,1.0263546614066552,0.5516658319657234,1.075609724109124,0.007186172053557082,0.001076831907731375,7.58094377529694e-05,1.2956933033193371e-05,0.0,0.0,0.0,0.0,0.0,0.0,6.0
2.6304999999999996,1.0259761038909216,0.5509534750495149,1.0746253346109873,0.00712106307156271,0.001076439376629947,7.890047734209908e-05,1.3270332659182705e-05,0.0,0.0,0.0,0.0,0.0,0.0,6.0
2.6334999999999997,1.0256009419909662,0.5502467800704269,1.073647428757992,0.007055715053747734,0.001075735002925413,8.191011911072642e-05,1.3582438380921199e-05,0.0,0.0,0.0,0.0,0.0,0.0,6.0
2.6365,1.0252292581971338,0.5495458067972524,1.072676030284194,0.006990153478322778,0.0010747334800282266,8.483770445750756e-05,1.3891532984620708e-05,0.0,0.0,0.0,0.0,0.0,0.0,6.0
2.6395,1.0248611269867718,0.5488506122969794,1.0717111699078596,0.006924402148251133,0.00107344865514473,8.768277164164165e-05,1.4196045276177785e-05,0.0,0.0,0.0,0.0,0.0,0.0,6.0
2.6425,1.0244966118434007,0.5481612499718109,1.0707528893263605,0.006858483550811541,0.0010718929065365362,9.044500848008426e-05,1.4494661065852888e-05,0.0,0.0,0.0,0.0,0.0,0.0,6.0
2.6455,1.0241357636107793,0.5474777686657158,1.069801243577025,0.006792419261926776,0.0010700767316669574,9.31242005890005e-05,1.4786401139600786e-05,0.0,0.0,0.0,0.0,0.0,0.0,6.0
2.6485000000000003,1.0237786203518415,0.5468002118648635,1.0688563016130506,0.006726230372146339,0.0010680085662608378,9.572018030163117e-05,1.5070661260456371e-05,0.0,0.0,0.0,0.0,0.0,0.0,6.0
2.6515000000000004,1.0234252087323277,0.5461286170172379,1.0679181451021944,0.006659937910193187,0.0010656948326816403,9.82327814748681e-05,1.534721267568764e-05,0.0,0.0,0.0,0.0,0.0,0.0,6.0
2.6544999999999996,1.0230755467070225,0.5454630150268943,1.0669868656697796,0.006593563230695705,0.0010631401909542812,0.00010066180535230362,1.5616165827368202e-05,0.0,0.0,0.0,0.0,0.0,0.0,6.0
2.6574999999999998,1.0227296468340377,0.544803430005815,1.066062561234255,0.006527128325434337,0.0010603479135671725,0.000103007000986438,1.5877909276718834e-05,0.0,0.0,0.0,0.0,0.0,0.0,6.0
2.6605,1.0223875189709855,0.5441498793747089,1.0651453326418052,0.0064606560189251075,0.0010573202350825518,0.00010526806038220132,1.6133048600421423e-05,0.0,0.0,0.0,0.0,0.0,0.0,6.0
2.6635,1.0220491709007768,0.5435023743934482,1.0642352819952785,0.006394170020226905,0.0010540585054961073,0.00010744462551151106,1.638237458336035e-05,0.0,0.0,0.0,0.0,0.0,0.0,6.0
2.6665,1.0217146061574263,0.5428609211843,1.0633325133111144,0.0063276948174017,0.0010505630786035328,0.00010953630442674797,1.66268730244232e-05,0.0,0.0,0.0,0.0,0.0,0.0,6.0
2.6695,1.0213838199156284,0.5422255222997315,1.0624371344973926,0.006261255409740157,0.0010468330824540035,0.00011154269759530094,1.6867751699460394e-05,0.0,0.0,0.0,0.0,0.0,0.0,6.0
2.6725000000000003,1.0210567952787826,0.5415961788786323,1.0615492581731585,0.006194876871434052,0.0010428664083067592,0.0001134634403574936,1.7106427638558898e-05,0.0,0.0,0.0,0.0,0.0,0.0,6.0
2.6755000000000004,1.0207335023741007,0.5409728934038778,1.0606689988794555,0.006128583735665912,0.0010386602413336957,0.00011529826837939173,1.734442015423108e-05,0.0,0.0,0.0,0.0,0.0,0.0,6.0
2.6784999999999997,1.0204139009527478,0.5403556729850733,1.0597964661700805,0.006062399194258923,0.0010342121910367273,0.00011704710784668538,1.758314037243834e-05,0.0,0.0,0.0,0.0,0.0,0.0,6.0
2.6814999999999998,1.0200979447305272,0.5397445329303932,1.0589317558260145,0.005996344135158816,0.0010295217106740067,0.0001187101834511552,1.7823630660002657e-05,0.0,0.0,0.0,0.0,0.0,0.0,6.0
2.6845,1.0197855842354324,0.5391395001729641,1.0580749431609986,0.005930436085482965,0.001024591268715796,0.00012028813030959246,1.8066345270175965e-05,0.0,0.0,0.0,0.0,0.0,0.0,6.0
2.6875,1.0194767655623944,0.5385406159505719,1.0572260818646195,0.0058646881785907375,0.0010194268066101924,0.00012178209439817174,1.8311050810894115e-05,0.0,0.0,0.0,0.0,0.0,0.0,6.0
2.6905,1.0191714248378263,0.5379479370781699,1.056385209343602,0.005799108305784206,0.0010140373399628378,0.00012319380875372248,1.8556870630173874e-05,0.0,0.0,0.0,0.0,0.0,0.0,6.0
2.6935000000000002,1.0188694809145955,0.537361535245031,1.0555523565298814,0.005733698638982739,0.0010084339358281524,0.00012452563511865656,1.8802435569403534e-05,0.0,0.0,0.0,0.0,0.0,0.0,6.0
2.6965000000000003,1.0185708303324403,0.5367814940076906,1.0547275582005977,0.005668455715185164,0.0010026285226067224,0.00012578055942687703,1.9046069293071522e-05,0.0,0.0,0.0,0.0,0.0,0.0,6.0
2.6994999999999996,1.018275348199158,0.536207903489505,1.0539108597783002,0.005603371246690354,0.0009966329735143224,0.00012696212571182118,1.92859427184562e-05,0.0,0.0,0.0,0.0,0.0,0.0,6.0
2.7024999999999997,1.0179828967095816,0.5356408531729328,1.0531023181110217,0.005538433745262432,0.0009904587027268527,0.00012807429242704652,1.9520167316150856e-05,0.0,0.0,0.0,0.0,0.0,0.0,6.0
2.7055,1.0176933404690072,0.5350804235225627,1.0523019960025624,0.005473630909107484,0.0009841167562947616,0.00012912120435051427,1.974683682329988e-05,0.0,0.0,0.0,0.0,0.0,0.0,6.0
2.7085,1.0174065655992148,0.5345266774643338,1.0515099523292286,0.005408952526300432,0.0009776181918874944,0.00013010689442627686,1.99640500044268e-05,0.0,0.0,0.0,0.0,0.0,0.0,6.0
2.7115,1.0171224983980467,0.5339796529393336,1.0507262307969518,0.005344393440866018,0.0009709744844555021,0.00013103495792906564,2.016994554323111e-05,0.0,0.0,0.0,0.0,0.0,0.0,6.0
2.7145,1.0168411192840774,0.5334393578075142,1.0499508505353512,0.005279955983536306,0.0009641977594947382,0.0001319082647211063,2.0362760118437478e-05,0.0,0.0,0.0,0.0,0.0,0.0,6.0
2.7175000000000002,1.016562468760396,0.532905768217976,1.049183800933137,0.005215651271509695,0.000957300782634877,0.00013272878099755654,2.0540896860675803e-05,0.0,0.0,0.0,0.0,0.0,0.0,6.0
2.7205000000000004,1.016286643902424,0.5323788310662043,1.0484250417866763,0.005151498988106719,0.0009502967475203382,0.0001334975510079547,2.0702979160818665e-05,0.0,0.0,0.0,0.0,0.0,0.0,6.0
2.7234999999999996,1.0160137860881682,0.5318584702201424,1.047674508464007,0.005087525664717862,0.0009431989414595155,0.00013421484197153827,2.084787378314224e-05,0.0,0.0,0.0,0.0,0.0,0.0,6.0
2.7264999999999997,1.0157440629346943,0.5313445948927626,1.0469321208079279,0.005023762016283784,0.0009360203118156383,0.00013488039371360288,2.0974695909430558e-05,0.0,0.0,0.0,0.0,0.0,0.0,6.0
2.7295,1.015477649047882,0.5308371073641371,1.0461977940740952,0.004960240319432767,0.0009287728574935825,0.00013549366383832707,2.1082840474847263e-05,0.0,0.0,0.0,0.0,0.0,0.0,6.0
2.7325,1.0152147103133122,0.5303359072185133,1.0454714501258127,0.0048969928449742305,0.000921466754872777,0.0001360539560665322,2.1172087970932334e-05,0.0,0.0,0.0,0.0,0.0,0.0,6.0
2.7355,1.014955394226023,0.5298408914067454,1.044753026998167,0.004834051668957952,0.0009141093315917819,0.00013656039505189786,2.12427785556012e-05,0.0,0.0,0.0,0.0,0.0,0.0,6.0
2.7385,1.014699824497252,0.5293519535617772,1.0440424846807577,0.004771448884500146,0.0009067044115825632,0.00013701185366705423,2.1295941996815206e-05,0.0,0.0,0.0,0.0,0.0,0.0,6.0
2.7415000000000003,1.0144480944784124,0.5288689892754274,1.0433398051417533,0.00470921517816713,0.0008992528490566458,0.00013740705480924068,2.1333190888428725e-05,0.0,0.0,0.0,0.0,0.0,0.0,6.0
2.7445000000000004,1.0142002550158167,0.5283919118373386,1.0426449862789873,0.004647375313622874,0.0008917547116307292,0.00013774500931671503,2.13562581654306e-05,0.0,0.0,0.0,0.0,0.0,0.0,6.0
2.7474999999999996,1.0139563001082146,0.5279206732927803,1.0419580328106475,0.004585941887186852,0.0008842123562225164,0.00013802565027466724,2.136633752069425e-05,0.0,0.0,0.0,0.0,0.0,0.0,6.0
2.7504999999999997,1.0137161629538183,0.52745527487908,1.0412789499732986,0.004524911973975283,0.0008766323380017967,0.0001382501763422757,2.136368882918897e-05,0.0,0.0,0.0,0.0,0.0,0.0,6.0
2.7535,1.0134797345284345,0.526995751804977,1.0406077446907203,0.0044642711864928885,0.0008690242362311824,0.00013842062722843208,2.1347943426166786e-05,0.0,0.0,0.0,0.0,0.0,0.0,6.0
2.7565,1.0132469012352794,0.5265421359138164,1.0399444326499456,0.004404004367570097,0.0008613967510467264,0.00013853877998621785,2.1319024664691937e-05,0.0,0.0,0.0,0.0,0.0,0.0,6.0
2.7595,1.0130175792381957,0.5260944218043321,1.0392890434583144,0.004344105658507526,0.0008537540844815014,0.00013860514467533742,2.1277985462290353e-05,0.0,0.0,0.0,0.0,0.0,0.0,6.0
2.7625,1.01279173904121,0.525652562415208,1.0386416002256178,0.0042845802934528094,0.0008460978322506781,0.00013861891051227852,2.12266842772598e-05,0.0,0.0,0.0,0.0,0.0,0.0,6.0
2.7655000000000003,1.0125694112876025,0.5252164937317428,1.038002084097893,0.004225437906641712,0.0008384331347104894,0.00013857883755113656,2.1166510871455078e-05,0.0,0.0,0.0,0.0,0.0,0.0,6.0
2.7685000000000004,1.0123506340983086,0.5247861621633753,1.0373704550781533,0.004166684906621018,0.000830767875990611,0.0001384841495370891,2.1098250018309004e-05,0.0,0.0,0.0,0.0,0.0,0.0,6.0
2.7714999999999996,1.0121353515490745,0.5243615319765906,1.0367467443463505,0.004108322728194203,0.0008231012628892482,0.00013833468414969406,2.102386909765482e-05,0.0,0.0,0.0,0.0,0.0,0.0,6.0
2.7744999999999997,1.0119233646130144,0.5239425757280678,1.0361311109512932,0.004050351264412161,0.0008154158609847719,0.00013813058059090183,2.094783871399763e-05,0.0,0.0,0.0,0.0,0.0,0.0,6.0
2.7775,1.011714405634104,0.5235292640712323,1.035523773453919,0.003992772392707,0.0008076857889771902,0.0001378721784449245,2.0875743927292868e-05,0.0,0.0,0.0,0.0,0.0,0.0,6.0
2.7805,1.0115082732997618,0.5231215625956969,1.03492487423923,0.0039355908879463155,0.0007998940624768401,0.00013756025270595922,2.081133623623644e-05,0.0,0.0,0.0,0.0,0.0,0.0,6.0
2.7835,1.011304905004311,0.5227194324919571,1.0343344055326416,0.0038788136000061403,0.0007920421921454841,0.0001371962274274985,2.0754905980291647e-05,0.0,0.0,0.0,0.0,0.0,0.0,6.0
2.7865,1.0111043380407678,0.5223228307316142,1.0337522492388806,0.0038224485529220974,0.0007841451529173799,0.00013678211900749885,2.0704153132437876e-05,0.0,0.0,0.0,0.0,0.0,0.0,6.0
2.7895000000000003,1.0109066119185905,0.5219317082419949,1.0331782772154918,0.0037665048374066557,0.0007762186316045287,0.00013632025709966984,2.065638443778017e-05,0.0,0.0,0.0,0.0,0.0,0.0,6.0
2.7925000000000004,1.0107116899886242,0.5215460066769142,1.0326124322619752,0.0037109932782395886,0.0007682687997355964,0.0001358129580359574,2.061030019817702e-05,0.0,0.0,0.0,0.0,0.0,0.0,6.0
2.7954999999999997,1.010519438455065,0.5211656558676903,1.032054751622131,0.0036559272116599094,0.0007602894011147253,0.0001352622944073585,2.0566560850021318e-05,0.0,0.0,0.0,0.0,0.0,0.0,6.0
2.7984999999999998,1.0103296559855035,0.5207905742619598,1.031505340969733,0.003601322620178841,0.000752264941125121,0.0001346700188094425,2.052734105148135e-05,0.0,0.0,0.0,0.0,0.0,0.0,6.0
2.8015,1.0101421291538717,0.5204206736649085,1.0309643247497433,0.003547197239827125,0.0007441765145728091,0.00013403763074394787,2.049545714229788e-05,0.0,0.0,0.0,0.0,0.0,0.0,6.0
2.8045,1.0099566912467437,0.5200558677331,1.0304317949557114,0.003493568843046259,0.0007360074562405238,0.00013336652767700148,2.0473536426460443e-05,0.0,0.0,0.0,0.0,0.0,0.0,6.0
2.8075,1.0097732691010592,0.5196960815831199,1.0299077712533196,0.0034404534614056077,0.0007277473788873483,0.00013265814524105756,2.046345288550164e-05,0.0,0.0,0.0,0.0,0.0,0.0,6.0
2.8105,1.009591908301855,0.5193412585746962,1.0293921784307476,0.0033878645725262183,0.0007193941971278099,0.00013191398069685426,2.0466072330938046e-05,0.0,0.0,0.0,0.0,0.0,0.0,6.0
2.8135000000000003,1.0094127722924728,0.5189913607646158,1.0288848424960073,0.0033358140175740146,0.0007109543309417428,0.00013113543016854404,2.048125162507859e-05,0.0,0.0,0.0,0.0,0.0,0.0,6.0
2.8164999999999996,1.0092361170825543,0.5186463618876472,1.0283855031388371,0.0032843146516751223,0.0007024415760310166,0.00013032345446247281,2.0507999208214378e-05,0.0,0.0,0.0,0.0,0.0,0.0,6.0
2.8194999999999997,1.0090622491592742,0.5183062350560148,1.0278938377729203,0.003233383782167749,0.00069387518831015,0.00012947818726192483,2.0544710982681697e-05,0.0,0.0,0.0,0.0,0.0,0.0,6.0
2.8225,1.0088914776772226,0.5179709400191936,1.0274094914267986,0.003183045813059137,0.0006852776277641014,0.00012859866199131632,2.0589426236045864e-05,0.0,0.0,0.0,0.0,0.0,0.0,6.0
2.8255,1.008724071748485,0.5176404153969894,1.026932107205606,0.003133332567112395,0.0006766722682451847,0.00012768282133160982,2.0640075515849747e-05,0.0,0.0,0.0,0.0,0.0,0.0,6.0
2.8285,1.008560230188442,0.5173145795164358,1.0264613532003657,0.0030842805278825077,0.0006680813120248956,0.00012672788440463,2.069469827777435e-05,0.0,0.0,0.0,0.0,0.0,0.0,6.0
2.8315,1.008400066178068,0.5169933403222035,1.0259969429326112,0.0030359253882591675,0.0006595241607929054,0.00012573101766805522,2.0751596881086378e-05,0.0,0.0,0.0,0.0,0.0,0.0,6.0
2.8345000000000002,1.0082436049516879,0.5166766118686089,1.0255386474798884,0.002988295283984086,0.0006510165110453884,0.00012469014307031178,2.0809384612158142e-05,0.0,0.0,0.0,0.0,0.0,0.0,6.0
2.8375000000000004,1.0080907900820453,0.5163643333678652,1.0250862984968119,0.0029414044961935623,0.000642570378428281,0.00012360467048927988,2.086689479195993e-05,0.0,0.0,0.0,0.0,0.0,0.0,6.0
2.8404999999999996,1.0079414934952418,0.5160564869027068,1.0246397826643443,0.002895249089968984,0.0006341950909420082,0.00012247598095015456,2.0922945741442253e-05,0.0,0.0,0.0,0.0,0.0,0.0,6.0
2.8434999999999997,1.007795525584991,0.5157531109605846,1.0241990296836767,0.0028498051419065308,0.000625899062936396,0.00012130759178048712,2.0975991895697944e-05,0.0,0.0,0.0,0.0,0.0,0.0,6.0
2.8465,1.0076526440823013,0.5154543077342129,1.0237639974317858,0.002805029397356712,0.0006176919177620065,0.00012010504684717946,2.1023728791555708e-05,0.0,0.0,0.0,0.0,0.0,0.0,6.0
2.8495,1.0075125630915494,0.5151602418813014,1.0233346586746557,0.0027608619111311487,0.0006095862953163757,0.00011887562466885269,2.106276337959786e-05,0.0,0.0,0.0,0.0,0.0,0.0,6.0
2.8525,1.0073749661301765,0.5148711275327711,1.0229109931580527,0.002717230633560377,0.0006015985182018348,0.00011762791117849925,2.1088507902375257e-05,0.0,0.0,0.0,0.0,0.0,0.0,6.0
2.8555,1.0072395276254902,0.5145872006373674,1.0224929867258628,0.0026740585006069574,0.0005937473615570276,0.00011637119307504932,2.109546613455141e-05,0.0,0.0,0.0,0.0,0.0,0.0,6.0
2.8585000000000003,1.0071059442930665,0.514308677629902,1.0220806358204428,0.002631273346728683,0.0005860507119987462,0.00011511461673061345,2.107798518048558e-05,0.0,0.0,0.0,0.0,0.0,0.0,6.0
2.8615000000000004,1.0069739710539651,0.5140357090852637,1.0216739527168628,0.0025888192585429405,0.0005785209565651396,0.00011386619421264581,2.103132610980971e-05,0.0,0.0,0.0,0.0,0.0,0.0,6.0
2.8644999999999996,1.0068434499789685,0.5137683434183596,1.0212729662662747,0.002546665899332719,0.0005711609520436969,0.00011263189929609515,2.0952694771689167e-05,0.0,0.0,0.0,0.0,0.0,0.0,6.0
2.8674999999999997,1.006714322636222,0.5135065122983024,1.0208777165452834,0.0025048124312095246,0.0005639622846579821,0.00011141507048834506,2.084189227413939e-05,0.0,0.0,0.0,0.0,0.0,0.0,6.0
2.8705,1.0065866274217043,0.5132500356705633,1.020488246065332,0.0024632870327668866,0.0005569050702532634,0.00011021651738323321,2.070142046249158e-05,0.0,0.0,0.0,0.0,0.0,0.0,6.0
2.8735,1.00646049166265,0.5129986327877073,1.020104599503226,0.002422142246380458,0.0005499593414481103,0.00010903475470060477,2.0536291120408336e-05,0.0,0.0,0.0,0.0,0.0,0.0,6.0
2.8765,1.0063361094893384,0.5127519585926615,1.0197267916120576,0.0023814587708002577,0.0005430826834774061,0.0001078680797698437,2.035318110651428e-05,0.0,0.0,0.0,0.0,0.0,0.0,6.0
2.8795,1.0062137222250713,0.5125095853231062,1.0193549913599362,0.0023412621860357734,0.0005362528573417588,0.00010671121370099673,2.0158965270226108e-05,0.0,0.0,0.0,0.0,0.0,0.0,6.0
2.8825000000000003,1.0060612876539374,0.5122061161214297,1.0189076264021593,0.002298557775408853,0.0005332152547916821,0.00010579471782669225,1.943876486825417e-05,0.0,0.0,0.0,0.0,0.0,0.0,6.0
2.8855000000000004,1.0059752363271666,0.5120528577930464,1.0186539936284176,0.002260189135488033,0.0005236157921668069,0.00010490631721922215,1.9503017511701615e-05,0.0,0.0,0.0,0.0,0.0,0.0,6.0
2.8884999999999996,1.0058569882694992,0.5118076033342558,1.018274394871865,0.0022233553560233824,0.0005153582442401467,0.00010334574041220073,1.9605139942180565e-05,1.8075816422321525e-08,-1.3790477415676675e-09,0.0,0.0,0.0,0.0,8.0
2.8914999999999997,1.0057431698060286,0.5115826478937148,1.017928577307666,0.0021860570581163034,0.0005084500379845976,0.00010227359529109642,1.9435618842924326e-05,2.781091192171879e-08,1.4611319523857724e-09,0.0,0.0,0.0,0.0,8.0
2.8945,1.0056299935259951,0.5113604292315894,1.0175859477960492,0.0021485705690285238,0.0005013848212875194,0.0001012210645922293,1.9244536551789182e-05,2.685172825260879e-08,1.7246745368027054e-09,0.0,0.0,0.0,0.0,8.0
2.8975,1.0055182350605762,0.511142272288742,1.0172499169157303,0.0021117872340561225,0.0004942874730028177,0.0001002095960204062,1.907235462810694e-05,2.444495004388229e-08,1.890582044389696e-09,0.0,0.0,0.0,0.0,8.0
2.9005,1.005407139429914,0.5109278660038482,1.016920449673867,0.0020754870841681716,0.00048698785544662253,9.921503288456538e-05,1.893046860165965e-05,2.0381680663381772e-08,1.941923277147366e-09,0.0,0.0,0.0,0.0,8.0
2.9035,1.0052962868658704,0.5107172449203883,1.0165981659807128,0.0020397296927727915,0.0004794418783455986,9.823242412028093e-05,1.8829641948122937e-05,1.6102660745017824e-08,1.9101926530515413e-09,0.0,0.0,0.0,0.0,8.0
2.9065000000000003,1.0051855912707863,0.5105103357407246,1.016283124114976,0.002004536328959715,0.00047164083552642626,9.724969667613254e-05,1.8769084655881595e-05,1.202069415009733e-08,1.7759716018233856e-09,0.0,0.0,0.0,0.0,8.0
2.9095000000000004,1.0050753238245507,0.5103070171382,1.0159749749961517,0.0019699539796164908,0.0004636499517269352,9.626577212403733e-05,1.8742545598360227e-05,8.923478337654221e-09,1.5632019078877575e-09,0.0,0.0,0.0,0.0,8.0
2.9124999999999996,1.0049659683407963,0.5101071257191729,1.0156730512444734,0.0019360145905939106,0.0004555643624790956,9.527812961213788e-05,1.8736844086127134e-05,7.366032346368621e-09,1.3206120579331148e-09,0.0,0.0,0.0,0.0,8.0
2.9154999999999998,1.004858080179938,0.5099104936859632,1.0153765808520596,0.0019027411899163926,0.00044748804975286487,9.428259932487552e-05,1.8735318932838096e-05,7.505160078525078e-09,1.094551471518481e-09,0.0,0.0,0.0,0.0,8.0
2.9185,1.0047521867459648,0.5097169825952129,1.0150848370556613,0.0018701452243159735,0.0004395175159230192,9.3275998832393e-05,1.872182484359789e-05,9.116887084566372e-09,9.12976686001139e-10,0.0,0.0,0.0,0.0,8.0
2.9215,1.0046487358830274,0.5095265108721369,1.0147972300690835,0.0018382213217367537,0.00043172956354048516,9.225784917917292e-05,1.868368295573827e-05,1.1778519540512404e-08,7.887094609824664e-10,0.0,0.0,0.0,0.0,8.0
2.9245,1.0045480695402083,0.5093390643175785,1.0145133497204326,0.0018069432805832128,0.0004241732780460274,9.123024208016153e-05,1.861298810340778e-05,1.4994908159004373e-08,7.224746310071119e-10,0.0,0.0,0.0,0.0,8.0
2.9275,1.004450407725634,0.5091546846273205,1.0142329717490721,0.0017762666070074617,0.0004168687386345184,9.019725759173146e-05,1.8506780566401847e-05,1.8296663478469162e-08,7.057127632599541e-10,0.0,0.0,0.0,0.0,8.0
2.9305000000000003,1.0043558412876448,0.5089734413916617,1.0139560337389142,0.001746135710074406,0.0004098111956204961,8.916422558361773e-05,1.8366371187159145e-05,2.1310716164606785e-08,7.243830283977773e-10,0.0,0.0,0.0,0.0,8.0
2.9335000000000004,1.0042643387044468,0.5087954003079265,1.0136825901255768,0.0017164922370673996,0.00040297834810574623,8.813696226627827e-05,1.8196147573169034e-05,2.3795344534060285e-08,7.628298707083873e-10,0.0,0.0,0.0,0.0,8.0
2.9364999999999997,1.004175769129091,0.5086205996993872,1.0134127598303475,0.0016872820331206998,0.0003963384522002257,8.71211147688152e-05,1.8002210059841478e-05,2.5642764328412545e-08,8.067286239617634e-10,0.0,0.0,0.0,0.0,8.0
2.9395,1.0040899373335506,0.5084490412192121,1.0131466800337545,0.0016584598884016105,0.00038985752997018635,8.612163577202212e-05,1.7791105717364184e-05,2.686066726001633e-08,8.449078759087911e-10,0.0,0.0,0.0,0.0,8.0
2.9425,1.0040066218677377,0.5082806937748278,1.0128844749956118,0.001629992328914415,0.0003835046802309494,8.514234523250464e-05,1.7568816584378917e-05,2.7542308441627912e-08,8.702326827683425e-10,0.0,0.0,0.0,0.0,8.0
2.9455,1.0039256079193957,0.5081155055029224,1.012626242052446,0.0016018588814699565,0.0003772551797519631,8.418558437223664e-05,1.7340080794785413e-05,2.7831179739428165e-08,8.797745413412524e-10,0.0,0.0,0.0,0.0,8.0
2.9485,1.003846709713379,0.5079534176459307,1.0123720510471064,0.0015740518975163515,0.00037109153469389733,8.325203803260671e-05,1.7108077218655362e-05,2.788465385611543e-08,8.743626063210759e-10,0.0,0.0,0.0,0.0,8.0
2.9515000000000002,1.003769781347679,0.5077943754277854,1.0121219507322987,0.0015465748530956995,0.000365002910228625,8.234080638378828e-05,1.6874459319628225e-05,2.784165570546672e-08,8.575964267952028e-10,0.0,0.0,0.0,0.0,8.0
2.9545000000000003,1.003694718012498,0.5076383331962336,1.0118759764915475,0.0015194393673375224,0.00035898348326289856,8.1449722838477e-05,1.6639670319390528e-05,2.7799762264415652e-08,8.345556465297142e-10,0.0,0.0,0.0,0.0,8.0
2.9574999999999996,1.0036214511167165,0.5074852532154606,1.0116341566339262,0.001492661786379102,0.0003530302603974243,8.057579577511713e-05,1.6403425703997395e-05,2.7804970985586147e-08,8.105922581872433e-10,0.0,0.0,0.0,0.0,8.0
2.9604999999999997,1.0035499412235185,0.5073350989979707,1.0113965174202322,0.0014662606010665217,0.0003471408035043431,7.971557879817134e-05,1.6165236405502787e-05,2.7853217533031492e-08,7.905454895866201e-10,0.0,0.0,0.0,0.0,8.0
2.9635,1.0034801722125912,0.5071878248108871,1.0111630882672389,0.0014402558587159147,0.0003413111555268011,7.886529778747061e-05,1.5924875015817743e-05,2.7899214148818133e-08,7.784406656970139e-10,0.0,0.0,0.0,0.0,8.0
2.9665,1.0034121488562184,0.5070433632651646,1.0109339079005626,0.0014146710410870077,0.0003355341368805526,7.802067596764532e-05,1.568273774105049e-05,2.7867847843892694e-08,7.77371219757408e-10,0.0,0.0,0.0,0.0,8.0
2.9695,1.0033458980241352,0.5069016132767737,1.0107090303864428,0.0013895368184022319,0.00032979816380706445,7.717655080869253e-05,1.5440089780111786e-05,2.766650731358365e-08,7.8907736967316e-10,0.0,0.0,0.0,0.0,8.0
2.9725,1.0032814712419804,0.5067624315944121,1.0104885282658125,0.0013648949969733907,0.000324086841502511,7.632650648353801e-05,1.5199176053832855e-05,2.7200730350786095e-08,8.129472106491924e-10,0.0,0.0,0.0,0.0,8.0
2.9755000000000003,1.00321894409981,0.5066256321810768,1.0102724895251984,0.0013408002788575068,0.0003183797134280582,7.546280190243197e-05,1.496314242313584e-05,2.639663496828255e-08,8.44757347630757e-10,0.0,0.0,0.0,0.0,8.0
2.9785000000000004,1.0031584073849382,0.5064909977346371,1.0100610063096218,0.0013173176151943492,0.0003126545008957363,7.457682987043581e-05,1.4735689621700003e-05,2.522954888212382e-08,8.760757030346866e-10,0.0,0.0,0.0,0.0,8.0
2.9814999999999996,1.0030999470544044,0.5063583050474704,1.0098541558495233,0.0012945142472760179,0.00030689078046832727,7.366018828784604e-05,1.4520425914617444e-05,2.375037682901274e-08,8.953861533418776e-10,0.0,0.0,0.0,0.0,8.0
2.9844999999999997,1.0030436151920452,0.5062273605474547,1.0096519773746788,0.0012724476038139445,0.00030107447220527783,7.270616681735356e-05,1.4320017235013967e-05,2.209420571580994e-08,8.913144391301523e-10,0.0,0.0,0.0,0.0,8.0
2.9875,1.0029893997476445,0.5060980366252713,1.0094544509467387,0.001251152353513106,0.00029520192762283606,7.171123644813946e-05,1.4135356472603263e-05,2.046660126208977e-08,8.558904531208842e-10,0.0,0.0,0.0,0.0,8.0
2.9905,1.0029372035607058,0.5059702971189424,1.00926148406214,0.0012306306434326515,0.0002892824043886877,7.067603493381157e-05,1.396502829961419e-05,1.9106065205190707e-08,7.859536059781548e-10,0.0,0.0,0.0,0.0,8.0
2.9935,1.0028868463582359,0.5058442033614047,1.009072901080886,0.0012108494023928824,0.0002833392090402901,6.960538821206626e-05,1.3804972164447094e-05,1.832340429544517e-08,6.651771778796928e-10,0.0,0.0,0.0,0.0,8.0
2.9965,1.00283814448098,0.5057198900461435,1.0088883831696323,0.001191745230965556,0.00027742164465931754,6.850422540475433e-05,1.3647359466496469e-05,1.9022619384949477e-08,2.9974808998895594e-10,0.0,0.0,0.0,0.0,8.0
2.9995000000000003,1.0027917299214495,0.5055973719229492,1.008706647003528,0.0011733170321196447,0.0002717071814464997,6.736832794777814e-05,1.345239419460673e-05,3.128521914527967e-08,-2.522915619931494e-09,0.0,0.0,0.0,0.0,8.0
3.0025000000000004,1.0027246599204305,0.5054358168521954,1.008480526285846,0.0011527956308990577,0.00026763469203770166,6.62427512072196e-05,1.3028853678428903e-05,4.3425550828800686e-08,4.4577484465285084e-09,0.0,0.0,0.0,0.0,8.0
3.0054999999999996,1.002688982884743,0.5053679239477975,1.008366515235714,0.0011341263364563169,0.00026115407954695793,6.532900713942583e-05,1.2831543123329164e-05,1.2826492594390514e-08,6.512813581373687e-10,0.0,0.0,0.0,0.0,8.0
3.0084999999999997,1.0026275569820915,0.5052528256150982,1.0082118683385874,0.0011161627133926609,0.0002512317359822009,0.0,0.0,0.0,0.0,0.0,0.0,0.0,0.0,4.0
3.0115,1.002558862564843,0.5051509227324184,1.0080630573587521,0.0010941931958224913,0.00024420879580859496,0.0,0.0,0.0,0.0,0.0,0.0,0.0,0.0,4.0
3.0145,1.0024914702627616,0.505050590455668,1.0079166595585833,0.0010726524308810965,0.0002373412286752266,0.0,0.0,0.0,0.0,0.0,0.0,0.0,0.0,4.0
3.0175,1.002426660654121,0.5049518998945123,1.0077714144959584,0.0010515024598998007,0.00023076659427001173,0.0,0.0,0.0,0.0,0.0,0.0,0.0,0.0,4.0
3.0205,1.0023653917565947,0.5048548751303945,1.0076263523272133,0.0010307447241925918,0.00022461293096549454,0.0,0.0,0.0,0.0,0.0,0.0,0.0,0.0,4.0
3.0235000000000003,1.0023081084034522,0.5047594536359421,1.0074808086536633,0.0010103355362715966,0.0002189384403215753,0.0,0.0,0.0,0.0,0.0,0.0,0.0,0.0,4.0
3.0265000000000004,1.0022546942743287,0.5046655535834645,1.0073346581342244,0.000990233564244618,0.00021373523769936616,0.0,0.0,0.0,0.0,0.0,0.0,0.0,0.0,4.0
3.0294999999999996,1.0022045797040844,0.5045730921802739,1.0071882635980447,0.0009704137558217302,0.0002089439929933139,0.0,0.0,0.0,0.0,0.0,0.0,0.0,0.0,4.0
3.0324999999999998,1.0021569830278472,0.5044819907917125,1.0070422374993764,0.0009508599969079318,0.00020447801906156506,0.0,0.0,0.0,0.0,0.0,0.0,0.0,0.0,4.0
3.0355,1.0021111585495384,0.5043921886433304,1.006897218375031,0.0009315648937831097,0.0002002513073574445,0.0,0.0,0.0,0.0,0.0,0.0,0.0,0.0,4.0
3.0385,1.0020665443056278,0.5043036484172613,1.0067537310750883,0.0009125283286968449,0.00019619539096402445,0.0,0.0,0.0,0.0,0.0,0.0,0.0,0.0,4.0
3.0415,1.002022794947067,0.5042163524680431,1.0066121452059367,0.0008937553295222105,0.0001922631991060978,0.0,0.0,0.0,0.0,0.0,0.0,0.0,0.0,4.0
3.0445,1.001979742502188,0.5041302934698717,1.0064726982176213,0.00087525523572489,0.00018842536405182678,0.0,0.0,0.0,0.0,0.0,0.0,0.0,0.0,4.0
3.0475000000000003,1.0019373337878648,0.5040454618742971,1.0063355363371835,0.0008570413471328401,0.0001846643689189544,0.0,0.0,0.0,0.0,0.0,0.0,0.0,0.0,4.0
3.0505000000000004,1.001895574522971,0.5039618333255598,1.0062007464036453,0.0008391304882115917,0.00018096977598404038,0.0,0.0,0.0,0.0,0.0,0.0,0.0,0.0,4.0
3.0534999999999997,1.0018544904542417,0.5038793594643489,1.00606837252383,0.0008215423301739148,0.00017733549717091098,0.0,0.0,0.0,0.0,0.0,0.0,0.0,0.0,4.0
3.0564999999999998,1.0018141046856965,0.503797964875444,1.0059384220066343,0.0008042982696623699,0.0001737586649852415,0.0,0.0,0.0,0.0,0.0,0.0,0.0,0.0,4.0
3.0595,1.0017744270316427,0.5037175517154768,1.0058108674083468,0.0007874196652589828,0.00017023923647863432,0.0,0.0,0.0,0.0,0.0,0.0,0.0,0.0,4.0
3.0625,1.0017354514790497,0.5036380118036826,1.0056856498355424,0.0007709254112162156,0.00016677961044803607,0.0,0.0,0.0,0.0,0.0,0.0,0.0,0.0,4.0
3.0655,1.0016971587862085,0.5035592438876536,1.0055626857977136,0.0007548291181132001,0.0001633838908955108,0.0,0.0,0.0,0.0,0.0,0.0,0.0,0.0,4.0
3.0685000000000002,1.001659521824415,0.5034811720490615,1.0054418773956106,0.0007391364542065263,0.00016005678030729472,0.0,0.0,0.0,0.0,0.0,0.0,0.0,0.0,4.0
3.0715000000000003,1.0016225115862147,0.5034037605386839,1.005323124064304,0.0007238433329190069,0.00015680232717506197,0.0,0.0,0.0,0.0,0.0,0.0,0.0,0.0,4.0
3.0744999999999996,1.0015861021998618,0.5033270211439149,1.0052063335668142,0.0007089355151183726,0.0001536228390764756,0.0,0.0,0.0,0.0,0.0,0.0,0.0,0.0,4.0
3.0774999999999997,1.0015502739594324,0.5032510113025411,1.0050914302809084,0.0006943898472506787,0.00015051821728431086,0.0,0.0,0.0,0.0,0.0,0.0,0.0,0.0,4.0
3.0805,1.0015150141740228,0.5031758238252602,1.0049783596911823,0.0006801769069978086,0.00014748582736898627,0.0,0.0,0.0,0.0,0.0,0.0,0.0,0.0,4.0
3.0835,1.001480316299841,0.5031015713008331,1.0048670889933398,0.0006662644530688221,0.00014452086514466167,0.0,0.0,0.0,0.0,0.0,0.0,0.0,0.0,4.0
3.0865,1.0014461781540973,0.5030283692896184,1.0047576045200837,0.0006526209123040659,0.00014161706569601395,0.0,0.0,0.0,0.0,0.0,0.0,0.0,0.0,4.0
3.0895,1.0014125999947077,0.5029563220583524,1.0046499071478332,0.0006392182243780949,0.00013876755876223305,0.0,0.0,0.0,0.0,0.0,0.0,0.0,0.0,4.0
3.0925000000000002,1.0013795830024712,0.5028855132215785,1.004544006933547,0.0006260336373049232,0.00013596568896736001,0.0,0.0,0.0,0.0,0.0,0.0,0.0,0.0,4.0
3.0955000000000004,1.0013471283871513,0.5028160019020325,1.0044399180492054,0.0006130503809911937,0.00013320567083292682,0.0,0.0,0.0,0.0,0.0,0.0,0.0,0.0,4.0
3.0984999999999996,1.0013152370808165,0.5027478235567254,1.0043376547455591,0.0006002574193732832,0.00013048301208041583,0.0,0.0,0.0,0.0,0.0,0.0,0.0,0.0,4.0
3.1014999999999997,1.0012839098332595,0.5026809938191091,1.0042372286935421,0.0005876486233729158,0.00012779469724650023,0.0,0.0,0.0,0.0,0.0,0.0,0.0,0.0,4.0
3.1045,1.0012531474805102,0.5026155136144194,1.00413864770335,0.0005752217117705837,0.0001251391672787271,0.0,0.0,0.0,0.0,0.0,0.0,0.0,0.0,4.0
3.1075,1.0012229511878488,0.5025513741935286,1.0040419155624367,0.0005629772183893423,0.00012251615503367603,0.0,0.0,0.0,0.0,0.0,0.0,0.0,0.0,4.0
3.1105,1.001193322539359,0.5024885612951374,1.003947032590536,0.0005509176215529679,0.00011992644124004835,0.0,0.0,0.0,0.0,0.0,0.0,0.0,0.0,4.0
3.1135,1.0011642634273403,0.5024270581462187,1.0038539964800077,0.0005390466643513031,0.00011737158452551051,0.0,0.0,0.0,0.0,0.0,0.0,0.0,0.0,4.0
3.1165000000000003,1.001135775763643,0.5023668473358045,1.00376280304917,0.0005273688267289758,0.00011485365995116222,0.0,0.0,0.0,0.0,0.0,0.0,0.0,0.0,4.0
3.1195000000000004,1.0011078610773367,0.5023079117510718,1.003673446651043,0.0005158888858056255,0.00011237502150508495,0.0,0.0,0.0,0.0,0.0,0.0,0.0,0.0,4.0
3.1224999999999996,1.0010805200776705,0.5022502348074059,1.0035859201174828,0.0005046115092881282,0.00010993809148451386,0.0,0.0,0.0,0.0,0.0,0.0,0.0,0.0,4.0
3.1254999999999997,1.0010537522553995,0.50219380019818,1.0035002142545852,0.0004935408543108604,0.00010754517573041343,0.0,0.0,0.0,0.0,0.0,0.0,0.0,0.0,4.0
3.1285,1.0010275555995236,0.5021385913724333,1.0034163170014125,0.00048268017708238834,0.00010519830875733887,0.0,0.0,0.0,0.0,0.0,0.0,0.0,0.0,4.0
3.1315,1.001001926641797,0.5020845909304212,1.0033342122908984,0.00047203148579003166,0.00010289915683992662,0.0,0.0,0.0,0.0,0.0,0.0,0.0,0.0,4.0
3.1345,1.000976861499279,0.5020317801061974,1.0032538782069484,0.00046159528091109747,0.00010064906929422103,0.0,0.0,0.0,0.0,0.0,0.0,0.0,0.0,4.0
3.1375,1.00095235925411,0.5019801384797639,1.0031752833185614,0.0004513704178337204,9.844945236268134e-05,0.0,0.0,0.0,0.0,0.0,0.0,0.0,0.0,4.0
3.1405000000000003,1.0009284290326688,0.5019296440249441,1.0030983799505309,0.0004413540990784713,9.63026399967242e-05,0.0,0.0,0.0,0.0,0.0,0.0,0.0,0.0,4.0
3.1435000000000004,1.000905100362287,0.5018802735427319,1.0030230948025263,0.0004315419713959377,9.421320886700555e-05,0.0,0.0,0.0,0.0,0.0,0.0,0.0,0.0,4.0
3.1464999999999996,1.0008824328675359,0.5018320034414457,1.0029493207143558,0.000421928286947633,9.218924223393351e-05,0.0,0.0,0.0,0.0,0.0,0.0,0.0,0.0,4.0
3.1494999999999997,1.0008605184367538,0.5017848107109105,1.002876916214972,0.00041250609994264247,9.024267804238776e-05,0.0,0.0,0.0,0.0,0.0,0.0,0.0,0.0,4.0
3.1525,1.000839469825826,0.5017386738384332,1.0028057186268253,0.0004032675018895158,8.838797718308095e-05,0.0,0.0,0.0,0.0,0.0,0.0,0.0,0.0,4.0
3.1555,1.000819395266629,0.501693573388616,1.0027355709295571,0.0003942039238095204,8.663904307723238e-05,0.0,0.0,0.0,0.0,0.0,0.0,0.0,0.0,4.0
3.1585,1.0008003661888902,0.5016494920520106,1.0026663551216919,0.00038530652852917786,8.500526347031874e-05,0.0,0.0,0.0,0.0,0.0,0.0,0.0,0.0,4.0
3.1615,1.0007823898100354,0.5016064141355722,1.002598020265191,0.00037656667904982066,8.348812821907788e-05,0.0,0.0,0.0,0.0,0.0,0.0,0.0,0.0,4.0
3.1645000000000003,1.0007653969961994,0.5015643246466116,1.0025305948333223,0.00036797642269285,8.207971583391882e-05,0.0,0.0,0.0,0.0,0.0,0.0,0.0,0.0,4.0
3.1675000000000004,1.0007492493559274,0.5015232082323866,1.0024641794850104,0.0003595289048281666,8.076354710497779e-05,0.0,0.0,0.0,0.0,0.0,0.0,0.0,0.0,4.0
3.1704999999999997,1.0007337619200598,0.5014830482426087,1.0023989240279367,0.0003512186360291911,7.951736232018632e-05,0.0,0.0,0.0,0.0,0.0,0.0,0.0,0.0,4.0
3.1734999999999998,1.000718732935541,0.5014438261007689,1.0023349971597026,0.00034304157573081305,7.831677974867507e-05,0.0,0.0,0.0,0.0,0.0,0.0,0.0,0.0,4.0
3.1765,1.0007039718554607,0.5014055210548923,1.0022725579995144,0.000334995042850236,7.713873648858666e-05,0.0,0.0,0.0,0.0,0.0,0.0,0.0,0.0,4.0
3.1795,1.0006893195191984,0.501368110280135,1.0022117354758755,0.00032707749888202857,7.59639723069669e-05,0.0,0.0,0.0,0.0,0.0,0.0,0.0,0.0,4.0
3.1825,1.000674658513509,0.501331569250315,1.0021526176024145,0.0003192882622133876,7.477831115226267e-05,0.0,0.0,0.0,0.0,0.0,0.0,0.0,0.0,4.0
3.1855,1.0006599148645334,0.5012958722814275,1.0020952494875823,0.00031162720645641764,7.357288485528975e-05,0.0,0.0,0.0,0.0,0.0,0.0,0.0,0.0,4.0
3.1885000000000003,1.0006450537450153,0.5012609931605518,1.002039637377167,0.00030409447967202663,7.234363133961039e-05,0.0,0.0,0.0,0.0,0.0,0.0,0.0,0.0,4.0
3.1914999999999996,1.0006300720078356,0.5012269057908444,1.0019857559040264,0.00029669026460557796,7.109041250174977e-05,0.0,0.0,0.0,0.0,0.0,0.0,0.0,0.0,4.0
3.1944999999999997,1.0006149897285206,0.501193584797728,1.0019335563599927,0.0002894145876911158,6.981601619320544e-05,0.0,0.0,0.0,0.0,0.0,0.0,0.0,0.0,4.0
3.1975,1.0005998421433773,0.5011610060517762,1.0018829746150575,0.00028226717754593347,6.852520611789898e-05,0.0,0.0,0.0,0.0,0.0,0.0,0.0,0.0,4.0
3.2005,1.0005846727201857,0.5011291470737113,1.0018339379673158,0.0002752473703444501,6.722390260465675e-05,0.0,0.0,0.0,0.0,0.0,0.0,0.0,0.0,4.0
3.2035,1.000569527665988,0.501097987300102,1.0017863706379706,0.0002683540576754482,6.591852528932575e-05,0.0,0.0,0.0,0.0,0.0,0.0,0.0,0.0,4.0
3.2065,1.0005544519135154,0.5010675082054432,1.0017401978769693,0.0002615856708823871,6.461549949493241e-05,0.0,0.0,0.0,0.0,0.0,0.0,0.0,0.0,4.0
3.2095000000000002,1.0005394864687847,0.5010376932946186,1.0016953487862787,0.0002549401942108633,6.332091252073588e-05,0.0,0.0,0.0,0.0,0.0,0.0,0.0,0.0,4.0
3.2125000000000004,1.0005246669075505,0.5010085279945777,1.0016517580458866,0.00024841519785732697,6.20402980135136e-05,0.0,0.0,0.0,0.0,0.0,0.0,0.0,0.0,4.0
3.2154999999999996,1.000510022762187,0.5009799994813385,1.0016093667634214,0.00024200788187842828,6.077852321588394e-05,0.0,0.0,0.0,0.0,0.0,0.0,0.0,0.0,4.0
3.2184999999999997,1.0004955775362774,0.5009520964767173,1.0015681226710234,0.0002357151231543841,5.953975395500144e-05,0.0,0.0,0.0,0.0,0.0,0.0,0.0,0.0,4.0
3.2215,1.0004813491120363,0.5009248090403353,1.0015279798707373,0.0002295335199089034,5.8327474891828965e-05,0.0,0.0,0.0,0.0,0.0,0.0,0.0,0.0,4.0
3.2245,1.0004673503616177,0.5008981283705415,1.0014888982922723,0.00022345943096456792,5.714454680389959e-05,0.0,0.0,0.0,0.0,0.0,0.0,0.0,0.0,4.0
3.2275,1.0004535898232438,0.5008720466172951,1.0014508429850177,0.00021748900919829218,5.599328745130501e-05,0.0,0.0,0.0,0.0,0.0,0.0,0.0,0.0,4.0
3.2305,1.0004400723474451,0.5008465567036582,1.0014137833281451,0.00021161823006611411,5.487556693404355e-05,0.0,0.0,0.0,0.0,0.0,0.0,0.0,0.0,4.0
3.2335000000000003,1.000426799654148,0.5008216521510901,1.0013776922135587,0.00020584291649801862,5.379291170639903e-05,0.0,0.0,0.0,0.0,0.0,0.0,0.0,0.0,4.0
3.2365000000000004,1.0004137707691887,0.5007973269062664,1.0013425452380094,0.00020015876113506495,5.2746613235109176e-05,0.0,0.0,0.0,0.0,0.0,0.0,0.0,0.0,4.0
3.2394999999999996,1.0004009823318532,0.5007735751720862,1.0013083199316202,0.00019456134613191393,5.173783770855093e-05,0.0,0.0,0.0,0.0,0.0,0.0,0.0,0.0,4.0
3.2424999999999997,1.0003884287850717,0.5007503912512898,1.001274995047611,0.0001890461598836792,5.076773258192846e-05,0.0,0.0,0.0,0.0,0.0,0.0,0.0,0.0,4.0
3.2455,1.0003761024769582,0.5007277694158029,1.0012425499398865,0.00018360860885515939,4.983752482033342e-05,0.0,0.0,0.0,0.0,0.0,0.0,0.0,0.0,4.0
3.2485,1.0003639937145268,0.5007057038176083,1.0012109640579547,0.00017824402123665326,4.8948605215157754e-05,0.0,0.0,0.0,0.0,0.0,0.0,0.0,0.0,4.0
