-2.6985,2.0,0.5,1.0,0.0,0.0
-2.6955,2.0,0.5,1.0,0.0,0.0
-2.6925000000000003,2.0,0.5,1.0,0.0,0.0
-2.6895000000000002,2.0,0.5,1.0,0.0,0.0
-2.6865,2.0,0.5,1.0,0.0,0.0
-2.6835,2.0,0.5,1.0,0.0,0.0
-2.6805000000000003,2.0,0.5,1.0,0.0,0.0
-2.6775,2.0,0.5,1.0,0.0,0.0
-2.6745,2.0,0.5,1.0,0.0,0.0
-2.6715,2.0,0.5,1.0,0.0,0.0
-2.6685000000000003,2.0,0.5,1.0,0.0,0.0
-2.6655,2.0,0.5,1.0,0.0,0.0
-2.6625,2.0,0.5,1.0,0.0,0.0
-2.6595,2.0,0.5,1.0,0.0,0.0
-2.6565000000000003,2.0,0.5,1.0,0.0,0.0
-2.6535,2.0,0.5,1.0,0.0,0.0
-2.6505,2.0,0.5,1.0,0.0,0.0
-2.6475,2.0,0.5,1.0,0.0,0.0
-2.6445000000000003,2.0,0.5,1.0,0.0,0.0
-2.6415,2.0,0.5,1.0,0.0,0.0
-2.6385,2.0,0.5,1.0,0.0,0.0
-2.6355000000000004,2.0,0.5,1.0,0.0,0.0
-2.6325000000000003,2.0,0.5,1.0,0.0,0.0
-2.6295,2.0,0.5,1.0,0.0,0.0
-2.6265,2.0,0.5,1.0,0.0,0.0
-2.6235000000000004,2.0,0.5,1.0,0.0,0.0
-2.6205000000000003,2.0,0.5,1.0,0.0,0.0
-2.6175,2.0,0.5,1.0,0.0,0.0
-2.6145,2.0,0.5,1.0,0.0,0.0
-2.6115000000000004,2.0,0.5,1.0,0.0,0.0
-2.6085000000000003,2.0,0.5,1.0,0.0,0.0
-2.6055,2.0,0.5,1.0,0.0,0.0
-2.6025,2.0,0.5,1.0,0.0,0.0
-2.5995000000000004,2.0,0.5,1.0,0.0,0.0
-2.5965000000000003,2.0,0.5,1.0,0.0,0.0
-2.5935,2.0,0.5,1.0,0.0,0.0
-2.5905,2.0,0.5,1.0,0.0,0.0
-2.5875000000000004,2.0,0.5,1.0,0.0,0.0
-2.5845000000000002,2.0,0.5,1.0,0.0,0.0
-2.5815,2.0,0.5,1.0,0.0,0.0
-2.5785,2.0,0.5,1.0,0.0,0.0
-2.5755000000000003,2.0,0.5,1.0,0.0,0.0
-2.5725000000000002,2.0,0.5,1.0,0.0,0.0
-2.5695,2.0,0.5,1.0,0.0,0.0
-2.5665,2.0,0.5,1.0,0.0,0.0
-2.5635000000000003,2.0,0.5,1.0,0.0,0.0
-2.5605,2.0,0.5,1.0,0.0,0.0
-2.5575,2.0,0.5,1.0,0.0,0.0
-2.5545,2.0,0.5,1.0,0.0,0.0
-2.5515000000000003,2.0,0.5,1.0,0.0,0.0
-2.5485,2.0,0.5,1.0,0.0,0.0
-2.5455,2.0,0.5,1.0,0.0,0.0
-2.5425,2.0,0.5,1.0,0.0,0.0
-2.5395000000000003,2.0,0.5,1.0,0.0,0.0
-2.5365,2.0,0.5,1.0,0.0,0.0
-2.5335,2.0,0.5,1.0,0.0,0.0
-2.5305,2.0,0.5,1.0,0.0,0.0
-2.5275000000000003,2.0,0.5,1.0,0.0,0.0
-2.5245,2.0,0.5,1.0,0.0,0.0
-2.5215,2.0,0.5,1.0,0.0,0.0
-2.5185000000000004,2.0,0.5,1.0,0.0,0.0
-2.5155000000000003,2.0,0.5,1.0,0.0,0.0
-2.5125,2.0,0.5,1.0,0.0,0.0
-2.5095,2.0,0.5,1.0,0.0,0.0
-2.5065,2.0,0.5,1.0,0.0,0.0
-2.5035000000000003,2.0,0.5,1.0,0.0,0.0
-2.5005,2.0,0.5,1.0,0.0,0.0
-2.4975,2.0,0.5,1.0,0.0,0.0
-2.4945000000000004,2.0,0.5,1.0,0.0,0.0
-2.4915000000000003,2.0,0.5,1.0,0.0,0.0
-2.4885,2.0,0.5,1.0,0.0,0.0
-2.4855,2.0,0.5,1.0,0.0,0.0
-2.4825000000000004,2.0,0.5,1.0,0.0,0.0
-2.4795000000000003,2.0,0.5,1.0,0.0,0.0
-2.4765,2.0,0.5,1.0,0.0,0.0
-2.4735,2.0,0.5,1.0,0.0,0.0
-2.4705000000000004,2.0,0.5,1.0,0.0,0.0
-2.4675000000000002,2.0,0.5,1.0,0.0,0.0
-2.4645,2.0,0.5,1.0,0.0,0.0
-2.4615,2.0,0.5,1.0,0.0,0.0
-2.4585000000000004,2.0,0.5,1.0,0.0,0.0
-2.4555000000000002,2.0,0.5,1.0,0.0,0.0
-2.4525,2.0,0.5,1.0,0.0,0.0
-2.4495,2.0,0.5,1.0,0.0,0.0
-2.4465000000000003,2.0,0.5,1.0,0.0,0.0
-2.4435000000000002,2.0,0.5,1.0,0.0,0.0
-2.4405,2.0,0.5,1.0,0.0,0.0
-2.4375,2.0,0.5,1.0,0.0,0.0
-2.4345000000000003,2.0,0.5,1.0,0.0,0.0
-2.4315,2.0,0.5,1.0,0.0,0.0
-2.4285,2.0,0.5,1.0,0.0,0.0
-2.4255,2.0,0.5,1.0,0.0,0.0
-2.4225000000000003,2.0,0.5,1.0,0.0,0.0
-2.4195,2.0,0.5,1.0,0.0,0.0
-2.4165,2.0,0.5,1.0,0.0,0.0
-2.4135,2.0,0.5,1.0,0.0,0.0
-2.4105000000000003,2.0,0.5,1.0,0.0,0.0
-2.4075,2.0,0.5,1.0,0.0,0.0
-2.4045,2.0,0.5,1.0,0.0,0.0
-2.4015000000000004,2.0,0.5,1.0,0.0,0.0
-2.3985000000000003,2.0,0.5,1.0,0.0,0.0
-2.3955,2.0,0.5,1.0,0.0,0.0
-2.3925,2.0,0.5,1.0,0.0,0.0
-2.3895,2.0,0.5,1.0,0.0,0.0
-2.3865000000000003,2.0,0.5,1.0,0.0,0.0
-2.3835,2.0,0.5,1.0,0.0,0.0
-2.3805,2.0,0.5,1.0,0.0,0.0
-2.3775000000000004,2.0,0.5,1.0,0.0,0.0
-2.3745000000000003,2.0,0.5,1.0,0.0,0.0
-2.3715,2.0,0.5,1.0,0.0,0.0
-2.3685,2.0,0.5,1.0,0.0,0.0
-2.3655,2.0,0.5,1.0,0.0,0.0
-2.3625000000000003,2.0,0.5,1.0,0.0,0.0
-2.3595,2.0,0.5,1.0,0.0,0.0
-2.3565,2.0,0.5,1.0,0.0,0.0
-2.3535000000000004,2.0,0.5,1.0,0.0,0.0
-2.3505000000000003,2.0,0.5,1.0,0.0,0.0
-2.3475,2.0,0.5,1.0,0.0,0.0
-2.3445,2.0,0.5,1.0,0.0,0.0
-2.3415000000000004,2.0,0.5,1.0,0.0,0.0
-2.3385000000000002,2.0,0.5,1.0,0.0,0.0
-2.3355,2.0,0.5,1.0,0.0,0.0
-2.3325,2.0,0.5,1.0,0.0,0.0
-2.3295000000000003,2.0,0.5,1.0,0.0,0.0
-2.3265000000000002,2.0,0.5,1.0,0.0,0.0
-2.3235,2.0,0.5,1.0,0.0,0.0
-2.3205,2.0,0.5,1.0,0.0,0.0
-2.3175000000000003,2.0,0.5,1.0,0.0,0.0
-2.3145000000000002,2.0,0.5,1.0,0.0,0.0
-2.3115,2.0,0.5,1.0,0.0,0.0
-2.3085,2.0,0.5,1.0,0.0,0.0
-2.3055000000000003,2.0,0.5,1.0,0.0,0.0
-2.3025,2.0,0.5,1.0,0.0,0.0
-2.2995,2.0,0.5,1.0,0.0,0.0
-2.2965,2.0,0.5,1.0,0.0,0.0
-2.2935000000000003,2.0,0.5,1.0,0.0,0.0
-2.2905,2.0,0.5,1.0,0.0,0.0
-2.2875,2.0,0.5,1.0,0.0,0.0
-2.2845000000000004,2.0,0.5,1.0,0.0,0.0
-2.2815000000000003,2.0,0.5,1.0,0.0,0.0
-2.2785,2.0,0.5,1.0,0.0,0.0
-2.2755,2.0,0.5,1.0,0.0,0.0
-2.2725,2.0,0.5,1.0,0.0,0.0
-2.2695000000000003,2.0,0.5,1.0,0.0,0.0
-2.2665,2.0,0.5,1.0,0.0,0.0
-2.2635,2.0,0.5,1.0,0.0,0.0
-2.2605000000000004,2.0,0.5,1.0,0.0,0.0
-2.2575000000000003,2.0,0.5,1.0,0.0,0.0
-2.2545,2.0,0.5,1.0,0.0,0.0
-2.2515,2.0,0.5,1.0,0.0,0.0
-2.2485,2.0,0.5,1.0,0.0,0.0
-2.2455000000000003,2.0,0.5,1.0,0.0,0.0
-2.2425,2.0,0.5,1.0,0.0,0.0
-2.2395,2.0,0.5,1.0,0.0,0.0
-2.2365000000000004,2.0,0.5,1.0,0.0,0.0
-2.2335000000000003,2.0,0.5,1.0,0.0,0.0
-2.2305,2.0,0.5,1.0,0.0,0.0
-2.2275,2.0,0.5,1.0,0.0,0.0
-2.2245000000000004,2.0,0.5,1.0,0.0,0.0
-2.2215000000000003,2.0,0.5,1.0,0.0,0.0
-2.2185,2.0,0.5,1.0,0.0,0.0
-2.2155,2.0,0.5,1.0,0.0,0.0
-2.2125000000000004,2.0,0.5,1.0,0.0,0.0
-2.2095000000000002,2.0,0.5,1.0,0.0,0.0
-2.2065,2.0,0.5,1.0,0.0,0.0
-2.2035,2.0,0.5,1.0,0.0,0.0
-2.2005000000000003,2.0,0.5,1.0,0.0,0.0
-2.1975000000000002,2.0,0.5,1.0,0.0,0.0
-2.1945,2.0,0.5,1.0,0.0,0.0
-2.1915000000000004,2.0,0.5,1.0,0.0,0.0
-2.1885000000000003,2.0,0.5,1.0,0.0,0.0
-2.1855,2.0,0.5,1.0,0.0,0.0
-2.1825,2.0,0.5,1.0,0.0,0.0
-2.1795,2.0,0.5,1.0,0.0,0.0
-2.1765000000000003,2.0,0.5,1.0,0.0,0.0
-2.1735,2.0,0.5,1.0,0.0,0.0
-2.1705,2.0,0.5,1.0,0.0,0.0
-2.1675000000000004,2.0,0.5,1.0,0.0,0.0
-2.1645000000000003,2.0,0.5,1.0,0.0,0.0
-2.1615,2.0,0.5,1.0,0.0,0.0
-2.1585,2.0,0.5,1.0,0.0,0.0
-2.1555,2.0,0.5,1.0,0.0,0.0
-2.1525000000000003,2.0,0.5,1.0,0.0,0.0
-2.1495,2.0,0.5,1.0,0.0,0.0
-2.1465,2.0,0.5,1.0,0.0,0.0
-2.1435000000000004,2.0,0.5,1.0,0.0,0.0
-2.1405000000000003,2.0,0.5,1.0,0.0,0.0
-2.1375,2.0,0.5,1.0,0.0,0.0
-2.1345,2.0,0.5,1.0,0.0,0.0
-2.1315,2.0,0.5,1.0,0.0,0.0
-2.1285000000000003,2.0,0.5,1.0,0.0,0.0
-2.1255,2.0,0.5,1.0,0.0,0.0
-2.1225,2.0,0.5,1.0,0.0,0.0
-2.1195000000000004,2.0,0.5,1.0,0.0,0.0
-2.1165000000000003,2.0,0.5,1.0,0.0,0.0
-2.1135,2.0,0.5,1.0,0.0,0.0
-2.1105,2.0,0.5,1.0,0.0,0.0
-2.1075,2.0,0.5,1.0,0.0,0.0
-2.1045000000000003,2.0,0.5,1.0,0.0,0.0
-2.1015,2.0,0.5,1.0,0.0,0.0
-2.0985,2.0,0.5,1.0,0.0,0.0
-2.0955000000000004,2.0,0.5,1.0,0.0,0.0
-2.0925000000000002,2.0,0.5,1.0,0.0,0.0
-2.0895,2.0,0.5,1.0,0.0,0.0
-2.0865,2.0,0.5,1.0,0.0,0.0
-2.0835,2.0,0.5,1.0,0.0,0.0
-2.0805000000000002,2.0,0.5,1.0,0.0,0.0
-2.0775,2.0,0.5,1.0,0.0,0.0
-2.0745000000000005,2.0,0.5,1.0,0.0,0.0
-2.0715000000000003,2.0,0.5,1.0,0.0,0.0
-2.0685000000000002,2.0,0.5,1.0,0.0,0.0
-2.0655,2.0,0.5,1.0,0.0,0.0
-2.0625,2.0,0.5,1.0,0.0,0.0
-2.0595000000000003,2.0,0.5,1.0,0.0,0.0
-2.0565,2.0,0.5,1.0,0.0,0.0
-2.0535,2.0,0.5,1.0,0.0,0.0
-2.0505000000000004,2.0,0.5,1.0,0.0,0.0
-2.0475000000000003,2.0,0.5,1.0,0.0,0.0
-2.0445,2.0,0.5,1.0,0.0,0.0
-2.0415,2.0,0.5,1.0,0.0,0.0
-2.0385,2.0,0.5,1.0,0.0,0.0
-2.0355000000000003,2.0,0.5,1.0,0.0,0.0
-2.0325,2.0,0.5,1.0,0.0,0.0
-2.0295,2.0,0.5,1.0,0.0,0.0
-2.0265000000000004,2.0,0.5,1.0,0.0,0.0
-2.0235000000000003,2.0,0.5,1.0,0.0,0.0
-2.0205,2.0,0.5,1.0,0.0,0.0
-2.0175,2.0,0.5,1.0,0.0,0.0
-2.0145,2.0,0.5,1.0,0.0,0.0
-2.0115000000000003,2.0,0.5,1.0,0.0,0.0
-2.0085,2.0,0.5,1.0,0.0,0.0
-2.0055,2.0,0.5,1.0,0.0,0.0
-2.0025000000000004,2.0,0.5,1.0,0.0,0.0
-1.9995000000000003,2.0,0.5,1.0,0.0,0.0
-1.9965000000000002,2.0,0.5,1.0,0.0,0.0
-1.9935,2.0,0.5,1.0,0.0,0.0
-1.9905000000000002,2.0,0.5,1.0,0.0,0.0
-1.9875000000000003,2.0,0.5,1.0,0.0,0.0
-1.9845000000000002,2.0,0.5,1.0,0.0,0.0
-1.9815,2.0,0.5,1.0,0.0,0.0
-1.9785000000000001,2.0,0.5,1.0,0.0,0.0
-1.9755000000000003,2.0,0.5,1.0,0.0,0.0
-1.9725000000000001,2.0,0.5,1.0,0.0,0.0
-1.9695,2.0,0.5,1.0,0.0,0.0
-1.9665000000000001,2.0,0.5,1.0,0.0,0.0
-1.9635000000000002,2.0,0.5,1.0,0.0,0.0
-1.9605000000000001,2.0,0.5,1.0,0.0,0.0
-1.9575,2.0,0.5,1.0,0.0,0.0
-1.9545000000000001,2.0,0.5,1.0,0.0,0.0
-1.9515000000000002,2.0,0.5,1.0,0.0,0.0
-1.9485000000000001,2.0,0.5,1.0,0.0,0.0
-1.9455000000000002,2.0,0.5,1.0,0.0,0.0
-1.9425000000000003,2.0,0.5,1.0,0.0,0.0
-1.9395000000000002,2.0,0.5,1.0,0.0,0.0
-1.9365,2.0,0.5,1.0,0.0,0.0
-1.9335000000000002,2.0,0.5,1.0,0.0,0.0
-1.9305000000000003,2.0,0.5,1.0,0.0,0.0
-1.9275000000000002,2.0,0.5,1.0,0.0,0.0
-1.9245,2.0,0.5,1.0,0.0,0.0
-1.9215000000000002,2.0,0.5,1.0,0.0,0.0
-1.9185000000000003,2.0,0.5,1.0,0.0,0.0
-1.9155000000000002,2.0,0.5,1.0,0.0,0.0
-1.9125,2.0,0.5,1.0,0.0,0.0
-1.9095000000000002,2.0,0.5,1.0,0.0,0.0
-1.9065000000000003,2.0,0.5,1.0,0.0,0.0
-1.9035000000000002,2.0,0.5,1.0,0.0,0.0
-1.9005,2.0,0.5,1.0,0.0,0.0
-1.8975000000000002,2.0,0.5,1.0,0.0,0.0
-1.8945000000000003,2.0,0.5,1.0,0.0,0.0
-1.8915000000000002,2.0,0.5,1.0,0.0,0.0
-1.8885,2.0,0.5,1.0,0.0,0.0
-1.8855000000000002,2.0,0.5,1.0,0.0,0.0
-1.8825000000000003,2.0,0.5,1.0,0.0,0.0
-1.8795000000000002,2.0,0.5,1.0,0.0,0.0
-1.8765,2.0,0.5,1.0,0.0,0.0
-1.8735000000000002,2.0,0.5,1.0,0.0,0.0
-1.8705000000000003,2.0,0.5,1.0,0.0,0.0
-1.8675000000000002,2.0,0.5,1.0,0.0,0.0
-1.8645,2.0,0.5,1.0,0.0,0.0
-1.8615000000000002,2.0,0.5,1.0,0.0,0.0
-1.8585000000000003,2.0,0.5,1.0,0.0,0.0
-1.8555000000000001,2.0,0.5,1.0,0.0,0.0
-1.8525,2.0,0.5,1.0,0.0,0.0
-1.8495000000000001,2.0,0.5,1.0,0.0,0.0
-1.8465000000000003,2.0,0.5,1.0,0.0,0.0
-1.8435000000000001,2.0,0.5,1.0,0.0,0.0
-1.8405,2.0,0.5,1.0,0.0,0.0
-1.8375000000000001,2.0,0.5,1.0,0.0,0.0
-1.8345000000000002,2.0,0.5,1.0,0.0,0.0
-1.8315000000000001,2.0,0.5,1.0,0.0,0.0
-1.8285,2.0,0.5,1.0,0.0,0.0
-1.8255000000000001,2.0,0.5,1.0,0.0,0.0
-1.8225000000000002,2.0,0.5,1.0,0.0,0.0
-1.8195000000000001,2.0,0.5,1.0,0.0,0.0
-1.8165000000000002,2.0,0.5,1.0,0.0,0.0
-1.8135000000000003,2.0,0.5,1.0,0.0,0.0
-1.8105000000000002,2.0,0.5,1.0,0.0,0.0
-1.8075,2.0,0.5,1.0,0.0,0.0
-1.8045000000000002,2.0,0.5,1.0,0.0,0.0
-1.8015000000000003,2.0,0.5,1.0,0.0,0.0
-1.7985000000000002,2.0,0.5,1.0,0.0,0.0
-1.7955,2.0,0.5,1.0,0.0,0.0
-1.7925000000000002,2.0,0.5,1.0,0.0,0.0
-1.7895000000000003,2.0,0.5,1.0,0.0,0.0
-1.7865000000000002,2.0,0.5,1.0,0.0,0.0
-1.7835,2.0,0.5,1.0,0.0,0.0
-1.7805000000000002,2.0,0.5,1.0,0.0,0.0
-1.7775000000000003,2.0,0.5,1.0,0.0,0.0
-1.7745000000000002,2.0,0.5,1.0,0.0,0.0
-1.7715,2.0,0.5,1.0,0.0,0.0
-1.7685000000000002,2.0,0.5,1.0,0.0,0.0
-1.7655000000000003,2.0,0.5,1.0,0.0,0.0
-1.7625000000000002,2.0,0.5,1.0,0.0,0.0
-1.7595,2.0,0.5,1.0,0.0,0.0
-1.7565000000000002,2.0,0.5,1.0,0.0,0.0
-1.7535000000000003,2.0,0.5,1.0,0.0,0.0
-1.7505000000000002,2.0,0.5,1.0,0.0,0.0
-1.7475,2.0,0.5,1.0,0.0,0.0
-1.7445000000000002,2.0,0.5,1.0,0.0,0.0
-1.7415000000000003,2.0,0.5,1.0,0.0,0.0
-1.7385000000000002,2.0,0.5,1.0,0.0,0.0
-1.7355,2.0,0.5,1.0,0.0,0.0
-1.7325000000000002,2.0,0.5,1.0,0.0,0.0
-1.7295000000000003,2.0,0.5,1.0,0.0,0.0
-1.7265000000000001,2.0,0.5,1.0,0.0,0.0
-1.7235,2.0,0.5,1.0,0.0,0.0
-1.7205000000000001,2.0,0.5,1.0,0.0,0.0
-1.7175000000000002,2.0,0.5,1.0,0.0,0.0
-1.7145000000000001,2.0,0.5,1.0,0.0,0.0
-1.7115,2.0,0.5,1.0,0.0,0.0
-1.7085000000000001,2.0,0.5,1.0,0.0,0.0
-1.7055000000000002,2.0,0.5,1.0,0.0,0.0
-1.7025000000000001,2.0,0.5,1.0,0.0,0.0
-1.6995000000000002,2.0,0.5,1.0,0.0,0.0
-1.6965000000000001,2.0,0.5,1.0,0.0,0.0
-1.6935000000000002,2.0,0.5,1.0,0.0,0.0
-1.6905000000000001,2.0,0.5,1.0,0.0,0.0
-1.6875000000000002,2.0,0.5,1.0,0.0,0.0
-1.6845,2.0,0.5,1.0,0.0,0.0
-1.6815000000000002,2.0,0.5,1.0,0.0,0.0
-1.6785,2.0,0.5,1.0,0.0,0.0
-1.6755000000000002,2.0,0.5,1.0,0.0,0.0
-1.6725,2.0,0.5,1.0,0.0,0.0
-1.6695000000000002,2.0,0.5,1.0,0.0,0.0
-1.6665,2.0,0.5,1.0,0.0,0.0
-1.6635000000000002,2.0,0.5,1.0,0.0,0.0
-1.6605,2.0,0.5,1.0,0.0,0.0
-1.6575000000000002,2.0,0.5,1.0,0.0,0.0
-1.6545,2.0,0.5,1.0,0.0,0.0
-1.6515000000000002,2.0,0.5,1.0,0.0,0.0
-1.6485,2.0,0.5,1.0,0.0,0.0
-1.6455000000000002,2.0,0.5,1.0,0.0,0.0
-1.6425,2.0,0.5,1.0,0.0,0.0
-1.6395000000000002,2.0,0.5,1.0,0.0,0.0
-1.6365000000000003,2.0,0.5,1.0,0.0,0.0
-1.6335000000000002,2.0,0.5,1.0,0.0,0.0
-1.6305000000000003,2.0,0.5,1.0,0.0,0.0
-1.6275000000000002,2.0,0.5,1.0,0.0,0.0
-1.6245000000000003,2.0,0.5,1.0,0.0,0.0
-1.6215000000000002,2.0,0.5,1.0,0.0,0.0
-1.6185000000000003,2.0,0.5,1.0,0.0,0.0
-1.6155000000000002,2.0,0.5,1.0,0.0,0.0
-1.6125000000000003,2.0,0.5,1.0,0.0,0.0
-1.6095000000000002,2.0,0.5,1.0,0.0,0.0
-1.6065000000000003,2.0,0.5,1.0,0.0,0.0
-1.6035000000000001,2.0,0.5,1.0,0.0,0.0
-1.6005000000000003,2.0,0.5,1.0,0.0,0.0
-1.5975000000000001,2.0,0.5,1.0,0.0,0.0
-1.5945000000000003,2.0,0.5,1.0,0.0,0.0
-1.5915000000000001,2.0,0.5,1.0,0.0,0.0
-1.5885000000000002,2.0,0.5,1.0,0.0,0.0
-1.5855000000000001,2.0,0.5,1.0,0.0,0.0
-1.5825000000000002,2.0,0.5,1.0,0.0,0.0
-1.5795000000000001,2.0,0.5,1.0,0.0,0.0
-1.5765000000000002,2.0,0.5,1.0,0.0,0.0
-1.5735000000000001,2.0,0.5,1.0,0.0,0.0
-1.5705000000000002,2.0,0.5,1.0,0.0,0.0
-1.5675000000000001,2.0,0.5,1.0,0.0,0.0
-1.5645000000000002,2.0,0.5,1.0,0.0,0.0
-1.5615,2.0,0.5,1.0,0.0,0.0
-1.5585000000000002,2.0,0.5,1.0,0.0,0.0
-1.5555,2.0,0.5,1.0,0.0,0.0
-1.5525000000000002,2.0,0.5,1.0,0.0,0.0
-1.5495,2.0,0.5,1.0,0.0,0.0
-1.5465000000000002,2.0,0.5,1.0,0.0,0.0
-1.5435,2.0,0.5,1.0,2.0285255579873525e-91,-7.902949794870653e-92
-1.5405000000000002,2.0,0.5,1.0,9.952691418484269e-89,-3.8823723339916656e-89
-1.5375,2.0,0.5,1.0,2.5484806027914125e-86,-9.952607036812587e-87
-1.5345000000000002,2.0,0.5,1.0,4.538482072468814e-84,-1.7742731117075787e-84
-1.5315,2.0,0.5,1.0,6.391258219903258e-82,-2.5008568753435265e-82
-1.5285000000000002,2.0,0.5,1.0,7.364437314438772e-80,-2.8844146741821065e-80
-1.5255,2.0,0.5,1.0,7.003004568103371e-78,-2.7459013519103196e-78
-1.5225000000000002,2.0,0.5,1.0,5.563136855666115e-76,-2.1840435058033695e-76
-1.5195,2.0,0.5,1.0,3.757908290764455e-74,-1.477278833489726e-74
-1.5165000000000002,2.0,0.5,1.0,2.2011033696810627e-72,-8.664455967891743e-73
-1.5135,2.0,0.5,1.0,1.1391384111178193e-70,-4.490067406657189e-71
-1.5105000000000002,2.0,0.5,1.0,5.299032152805651e-69,-2.091343324069805e-69
-1.5075000000000003,2.0,0.5,1.0,2.249691322211625e-67,-8.889366802693933e-68
-1.5045000000000002,2.0,0.5,1.0,8.833871560751298e-66,-3.494446221093392e-66
-1.5015000000000003,2.0,0.5,1.0,3.2452686006740195e-64,-1.2850354228291325e-64
-1.4985000000000002,2.0,0.5,1.0,1.1262605066582875e-62,-4.4637348110765376e-63
-1.4955000000000003,2.0,0.5,1.0,3.7206633692047456e-61,-1.4758398058678343e-61
-1.4925000000000002,2.0,0.5,1.0,1.1749908416961716e-59,-4.664410753078895e-60
-1.4895000000000003,2.0,0.5,1.0,3.547737598142399e-58,-1.4095205896683604e-58
-1.4865000000000002,2.0,0.5,1.0,1.0213276045605035e-56,-4.0614584885066053e-57
-1.4835000000000003,2.0,0.5,1.0,2.7935264930093918e-55,-1.1120281283253848e-55
-1.4805000000000001,2.0,0.5,1.0,7.243382997264596e-54,-2.8866364815704633e-54
-1.4775000000000003,2.0,0.5,1.0,1.780618710623991e-52,-7.104465448509469e-53
-1.4745000000000001,2.0,0.5,1.0,4.1599671274138103e-51,-1.661725040325855e-51
-1.4715000000000003,2.0,0.5,1.0,9.271146137999607e-50,-3.7076083586159277e-50
-1.4685000000000001,2.0,0.5,1.0,1.978347998163886e-48,-7.920160034447996e-49
-1.4655000000000002,2.0,0.5,1.0,4.0519629738391567e-47,-1.623895453549364e-47
-1.4625000000000001,2.0,0.5,1.0,7.973339341974822e-46,-3.1988970380229306e-46
-1.4595000000000002,2.0,0.5,1.0,1.5075077707322303e-44,-6.054845455077261e-45
-1.4565000000000001,2.0,0.5,1.0,2.7391337559545392e-43,-1.1014235423100313e-43
-1.4535000000000002,2.0,0.5,1.0,4.788555249595723e-42,-1.9277217636595863e-42
-1.4505000000000001,2.0,0.5,1.0,8.074428747727788e-41,-3.2541084431875537e-41
-1.4475000000000002,2.0,0.5,1.0,1.3180271779702778e-39,-5.317254562464953e-40
-1.4445000000000001,2.0,0.5,1.0,2.0915367141651404e-38,-8.445452087566763e-39
-1.4415000000000002,2.0,0.5,1.0,3.238238099033506e-37,-1.3086317211060638e-37
-1.4385000000000001,2.0,0.5,1.0,4.898152918861303e-36,-1.980988823965091e-36
-1.4355000000000002,2.0,0.5,1.0,7.227100379960954e-35,-2.9254179115110863e-35
-1.4325,2.0,0.5,1.0,1.0374113426082853e-33,-4.203383356949718e-34
-1.4295000000000002,2.0,0.5,1.0,1.447936355005849e-32,-5.87269769791262e-33
-1.4265,2.0,0.5,1.0,1.9704610999150711e-31,-7.999393124142384e-32
-1.4235000000000002,2.0,0.5,1.0,2.6210101979334915e-30,-1.0649455068987517e-30
-1.4205,2.0,0.5,1.0,3.4079264655743406e-29,-1.3858842607244827e-29
-1.4175000000000002,2.0,0.5,1.0,4.328575115798936e-28,-1.7618904257590476e-28
-1.4145,2.0,0.5,1.0,5.3550595749156935e-27,-2.182013375983659e-27
-1.4115000000000002,2.0,0.5,1.0,6.459202713763935e-26,-2.634611756609377e-26
-1.4085,2.0,0.5,1.0,7.640385270593236e-25,-3.1188406963292236e-25
-1.4055000000000002,2.0,0.5,1.0,8.836923025334274e-24,-3.610723542279735e-24
-1.4025,2.0,0.5,1.0,1.0142142513479894e-22,-4.145125147808079e-23
-1.3995000000000002,2.0,0.5,1.0,1.163479859148889e-21,-4.755151160788648e-22
-1.3965,2.0,0.5,1.0,1.2928804755691427e-20,-5.292009281343645e-21
-1.3935000000000002,2.0,0.5,1.0,1.499910151494584e-19,-6.126022200773102e-20
-1.3905,2.0,0.5,1.0,1.6531375018704238e-18,-6.769760483652607e-19
-1.3875000000000002,2.0,0.5,1.0,1.5914701837985556e-17,-6.557793534981884e-18
-1.3845000000000003,2.0,0.5,0.9999999999999999,1.1910949962156525e-16,-4.620081590589987e-17
-1.3815000000000002,2.0,0.5000000000000002,0.9999999999999993,4.45597861351652e-16,-1.5299524050332803e-16
-1.3785000000000003,1.9999999999999996,0.5000000000000009,0.9999999999999979,1.411167323543138e-15,-4.93016474973076e-16
-1.3755000000000002,1.9999999999999982,0.5000000000000027,0.9999999999999934,4.308527510509135e-15,-1.4930689088215795e-15
-1.3725000000000003,1.9999999999999944,0.5000000000000079,0.9999999999999806,1.268036426886049e-14,-4.390121669614637e-15
-1.3695000000000002,1.9999999999999838,0.5000000000000228,0.9999999999999443,3.633964429304151e-14,-1.2575539892316343e-14
-1.3665000000000003,1.9999999999999543,0.5000000000000638,0.9999999999998439,1.0159127950989132e-13,-3.512970698512052e-14
-1.3635000000000002,1.999999999999875,0.5000000000001744,0.9999999999995738,2.7708767270278015e-13,-9.575912559273739e-14
-1.3605000000000003,1.9999999999996667,0.5000000000004653,0.9999999999988642,7.375047379717548e-13,-2.547949655079656e-13
-1.3575000000000002,1.9999999999991314,0.5000000000012113,0.9999999999970455,1.916327556711112e-12,-6.618116039591339e-13
-1.3545000000000003,1.9999999999977898,0.5000000000030794,0.9999999999924948,4.8622270315056716e-12,-1.6784788975933125e-12
-1.3515000000000001,1.9999999999945086,0.5000000000076466,0.9999999999813782,1.2049440669714008e-11,-4.157706868888522e-12
-1.3485000000000003,1.99999999998667,0.5000000000185505,0.9999999999548611,2.9170828190659045e-11,-1.0060895530385108e-11
-1.3455000000000001,1.9999999999683797,0.5000000000439764,0.9999999998930846,6.900254916951824e-11,-2.378734848223173e-11
-1.3425000000000002,1.9999999999266882,0.5000000001018933,0.9999999997525009,1.595142133820409e-10,-5.496215568747223e-11
-1.3395000000000001,1.9999999998338358,0.5000000002307892,0.9999999994399404,3.604392079229404e-10,-1.241277549544317e-10
-1.3365000000000002,1.9999999996317503,0.5000000005111073,0.9999999987609133,7.962345278528583e-10,-2.7405585039117423e-10
-1.3335000000000001,1.9999999992018787,0.5000000011069167,0.9999999973192617,1.7198977366137867e-09,-5.916295846062263e-10
-1.3305000000000002,1.999999998308015,0.5000000023447795,0.9999999943275694,3.633217919272631e-09,-1.249036138370244e-09
-1.3275000000000001,1.99999999649084,0.5000000048590405,0.999999988258553,7.50724427882868e-09,-2.5792089200680463e-09
-1.3245000000000002,1.9999999928785797,0.50000000985228,0.9999999762213992,1.5175457448409983e-08,-5.210210511009864e-09
-1.3215000000000001,1.9999999858562738,0.5000000195495339,0.9999999528765461,3.001553650150729e-08,-1.0297955930458375e-08
-1.3185000000000002,1.9999999725038573,0.5000000379686357,0.9999999085997053,5.809834773787519e-08,-1.9917866316777908e-08
-1.3155000000000001,1.999999947667967,0.5000000721901762,0.9999998264633544,1.1006892627610508e-07,-3.7705019640289233e-08
-1.3125000000000002,1.999999902472038,0.5000001343915097,0.9999996774168437,2.0413565165462761e-07,-6.98696382490728e-08
-1.3095,1.999999821993751,0.5000002450096441,0.9999994128169329,3.7067765801282917e-07,-1.2675916317495872e-07
-1.3065000000000002,1.9999996817515804,0.5000004375125174,0.9999989532034227,6.591258609777429e-07,-2.2518576069727868e-07
-1.3035,1.9999994425517884,0.5000007653743848,0.9999981719621389,1.1479072944577642e-06,-3.917809484385386e-07
-1.3005000000000002,1.9999990431695598,0.5000013119463242,0.9999968723257692,1.958328667445011e-06,-6.676642384105171e-07
-1.2975,1.9999983902970822,0.500002203953727,0.9999947561133758,3.273260835802404e-06,-1.1147022921329797e-06
-1.2945000000000002,1.9999973452187236,0.5000036292957679,0.9999913828050693,5.361306923485824e-06,-1.8235672338731352e-06
-1.2915,1.9999957068048304,0.500005859618978,0.9999861181015408,8.606726002564432e-06,-2.923655060907492e-06
-1.2885000000000002,1.9999931906844395,0.5000092777443239,0.9999780721265196,1.3544687689009414e-05,-4.59468018133916e-06
-1.2855,1.9999894048846916,0.5000144094191143,0.9999660289424984,2.090043236087426e-05,-7.0794153933565735e-06
-1.2825000000000002,1.99998382280792,0.5000219580510377,0.9999483710263776,3.1629649153594226e-05,-1.0696614781501828e-05
-1.2795,1.9999757551173543,0.500032840121883,0.9999230046269145,4.6955983765372035e-05,-1.5852685148487478e-05
-1.2765000000000002,1.9999643228367745,0.500048217993357,0.9998872941901729,6.840026613244781e-05,-2.3050235933419094e-05
-1.2735,1.9999484346136103,0.5000695259844034,0.9998380158498642,9.779509893317142e-05,-3.289134045541554e-05
-1.2705000000000002,1.9999267714954574,0.5000984851328298,0.9997713408160176,0.00013727820478851268,-4.60732965508652e-05
-1.2675,1.9998977825714175,0.5001371021658255,0.9996828588589941,0.0001892586957016211,-6.337498316533749e-05
-1.2645000000000002,1.9998596943120652,0.5001876490509207,0.9995676496309496,0.00025635238793772264,-8.563262907259184e-05
-1.2615000000000003,1.9998105353606344,0.5002526211270364,0.9994204052355461,0.0003412854215619679,-0.00011370492653534471
-1.2585000000000002,1.9997481769451968,0.5003346741176165,0.9992356015755697,0.00044676947944758793,-0.00014842883224932266
-1.2555000000000003,1.9996703871765151,0.500436543032901,0.9990077093063321,0.0005753562988357348,-0.00019056890770406839
-1.2525000000000002,1.999574895547203,0.5005609486696173,0.9987314287464131,0.0007292832019436319,-0.00024076440613468543
-1.2495000000000003,1.9994594622848676,0.5007104996428855,0.9984019280223877,0.0009103242577198793,-0.0002994792443811349
-1.2465000000000002,1.9993219461490301,0.5008875991998548,0.9980150611059349,0.0011196627592152371,-0.0003669602821819008
-1.2435000000000003,1.999160364026205,0.5010943661648493,0.9975675429242586,0.0013577995780597804,-0.0004432088481270227
-1.2405000000000002,1.9989729363555853,0.5013325781585257,0.9970570625220783,0.0016245086505802646,-0.0005279692184494586
-1.2375000000000003,1.9987581139313548,0.5016036428630624,0.9964823218553907,0.0019188457839569063,-0.0006207359322176202
-1.2345000000000002,1.9985145837498575,0.5019085999261199,0.9958429962169926,0.00223921090530137,-0.0007207796871002537
-1.2315000000000003,1.9982412539726722,0.502248152598809,0.9951396212317948,0.00258345775106213,-0.0008271894336661622
-1.2285000000000001,1.9979372203976795,0.502622724914468,0.9943734194664551,0.0029490397382837315,-0.0009389264942601885
-1.2255000000000003,1.9976017187406567,0.5030325376008435,0.9935460858262072,0.0033331771178229073,-0.0010548853273812263
-1.2225000000000001,1.9972340682888567,0.5034776943047649,0.9926595543063104,0.0037330289216633166,-0.0011739550836608566
-1.2195000000000003,1.9968336129735953,0.5039582692423314,0.9917157690526808,0.00414585376692288,-0.0012950763744711653
-1.2165000000000001,1.9963996656247003,0.5044743880319894,0.9907164802669066,0.004569146022004177,-0.001417288603816332
-1.2135000000000002,1.995931460229439,0.505026295029333,0.9896630808533986,0.0050007376759371724,-0.0015397646167501678
-1.2105000000000001,1.995428115615851,0.505614402659283,0.9885564936904243,0.005438860834617901,-0.0016618310626775924
-1.2075000000000002,1.9948886123507477,0.5062393206809108,0.9873971129477829,0.005882170420237346,-0.0017829745205335354
-1.2045000000000001,1.9943117830242283,0.5069018656764299,0.9861847968556898,0.006329730767175303,-0.0019028348733212623
-1.2015000000000002,1.9936963146916822,0.5076030530381724,0.9849189044629594,0.006780972933605076,-0.002021188494797533
-1.1985000000000001,1.9930407612090466,0.5083440751359274,0.9835983656646246,0.007235631424490309,-0.0021379244348092717
-1.1955000000000002,1.9923435626032806,0.5091262700905501,0.982221772298545,0.007693669598857624,-0.0022530169497993018
-1.1925000000000001,1.9916030684692918,0.509951085674318,0.9807874783022126,0.008155202450250934,-0.0023664974754040724
-1.1895000000000002,1.9908175626152795,0.5108200424094207,0.9792936984614977,0.008620423982175506,-0.00247842858165833
-1.1865,1.9899852866853318,0.5117346991073943,0.9777385977146746,0.00908954440418704,-0.002588881716466608
-1.1835000000000002,1.9891044611463597,0.5126966230713745,0.9761203657996622,0.009562740211812049,-0.002697919759532711
-1.1805,1.988173302715312,0.5137073661459883,0.974437274797482,0.010040118197981928,-0.0028055846876150854
-1.1775000000000002,1.987190037923704,0.5147684468860695,0.972687719485934,0.010521692799524928,-0.0029118900707924564
-1.1745,1.9861529130043118,0.515881338414003,0.970870242169095,0.011007375028580612,-0.0030168177182444056
-1.1715000000000002,1.985060200608691,0.5170474610828073,0.9689835447240335,0.011496970594724319,-0.003120317574979649
-1.1685,1.9839102040226095,0.518268178850485,0.9670264910538067,0.0119901846297323,-0.003222309914299833
-1.1655000000000002,1.9827012595569193,0.5195447982641134,0.964998103077901,0.012486630574853297,-0.003322688933745345
-1.1625,1.9814317376767834,0.520878569101329,0.9628975529828868,0.012985841152318166,-0.003421326997327929
-1.1595000000000002,1.9801000432068536,0.5222706859791958,0.960724153847557,0.013487279794975217,-0.0035180789279248685
-1.1565,1.9787046146058607,0.5237222905923583,0.9584773500671381,0.013990351345406939,-0.0036127859007442035
-1.1535000000000002,1.977243921796782,0.5252344746912903,0.9561567083024352,0.014494411177090182,-0.003705278588789799
-1.1505,1.9757164612752176,0.5268082845042262,0.9537619089925283,0.01499877207374108,-0.00379537923654681
-1.1475000000000002,1.9741207460465366,0.5284447281342325,0.951292737766012,0.015502708179923897,-0.0038829022630331098
-1.1445,1.9724552861484732,0.5301447886598765,0.9487490752998903,0.016005455061353424,-0.00396765279371889
-1.1415000000000002,1.970718552842014,0.5319094473969246,0.9461308832213638,0.01650620434244533,-0.004049422166264697
-1.1385,1.9689089157484654,0.5337397241940022,0.9434381824502968,0.017004090483550546,-0.004127978927489292
-1.1355000000000002,1.967024537138848,0.5356367448101849,0.9406710189209198,0.017498166011690533,-0.00420305314000976
-1.1325000000000003,1.9650632014082434,0.5376018492270346,0.9378294100085998,0.017987359988318418,-0.00427431099612781
-1.1295000000000002,1.9630220512244771,0.5396367586776071,0.934913263545,0.01847041288121283,-0.004341315927534766
-1.1265000000000003,1.9608971965395776,0.5417438221565049,0.9319222606636556,0.01894577970769205,-0.004403471859302031
-1.1235000000000002,1.9586831613466542,0.543926363410342,0.9288556948706238,0.019411493001722343,-0.004459944390909253
-1.1205000000000003,1.9563721396686093,0.5461891443866601,0.9257122639846128,0.0198649787629856,-0.004509557033492212
-1.1175000000000002,1.9539530513729706,0.5485389479637752,0.9224898203063372,0.020302823151327674,-0.004550662768415307
-1.1145000000000003,1.9514104240417525,0.5509852590942927,0.9191850984779016,0.020720496217905497,-0.004580996536080196
-1.1115000000000002,1.9487231806116614,0.5535409887417684,0.9157934596707901,0.021112051677866228,-0.004597521771661634
-1.1085000000000003,1.9458634797736534,0.5562231422279637,0.9123087125742668,0.021469837606996053,-0.004596292926150753
-1.1055000000000001,1.942795825420396,0.5590532908635939,0.908723091016581,0.021784269159186277,-0.004572364157050216
-1.1025000000000003,1.9394767129661215,0.5620576760258614,0.9050274773790219,0.022043726272773973,-0.004519779211548989
-1.0995000000000001,1.9358550896844622,0.5652667737565027,0.901211951948808,0.022234641149242368,-0.004431675810575761
-1.0965000000000003,1.9318738519983323,0.5687141884072705,0.8972667151062939,0.022341827145895946,-0.004300527292868929
-1.0935000000000001,1.9274724773578729,0.5724348292701736,0.8931833720740114,0.02234907101628719,-0.004118524877406725
-1.0905000000000002,1.9225907071947985,0.5764624429358233,0.8889564980278933,0.02223996791958713,-0.00387807885028871
-1.0875000000000001,1.917173000036434,0.5808266994445576,0.884585332055103,0.021998932741516385,-0.0035723924446207094
-1.0845000000000002,1.9111733144289005,0.5855501269150944,0.8800754024556581,0.021612284798929793,-0.0031960455110680167
-1.0815000000000001,1.904559709513707,0.590645226445223,0.8754398794890925,0.021069287497155635,-0.0027455220119221506
-1.0785000000000002,1.8973182913535867,0.5961120633084588,0.8707004894029303,0.02036303547462859,-0.0022196274931027484
-1.0755000000000001,1.8894561728353994,0.6019365326170701,0.8658878953526435,0.019491115959380054,-0.0016197664644765485
-1.0725000000000002,1.8810033079236352,0.6080893695172248,0.8610415350627733,0.018456017419984795,-0.0009500775846335421
-1.0695000000000001,1.8720132436187475,0.614525857342561,0.8562089763613723,0.017265302277947737,-0.00021744797195498701
-1.0665000000000002,1.8625629450672792,0.6211861202768403,0.851444889011523,0.015931587823867898,0.0005685603782789173
-1.0635000000000001,1.8527518501553004,0.627995895171073,0.8468097233037435,0.014472381799392357,0.0013958432511593886
-1.0605000000000002,1.842700185666223,0.6348677682330383,0.842368132714947,0.012909793919995914,0.0022499376511795504
-1.0575,1.8325463430693774,0.6417030257303501,0.8381870905382697,0.011270095690402547,0.0031142819369531422
-1.0545000000000002,1.8224428186097261,0.6483944699831927,0.8343335515049022,0.009583038504290459,0.003970620122957885
-1.0515,1.8125499697958503,0.6548307249061657,0.8308714378899931,0.007880783245340596,0.004799654793186274
-1.0485000000000002,1.8030267967756366,0.6609025833350716,0.82785774544074,0.006196274558515703,0.005582065032747443
-1.0455,1.7940183517478474,0.6665116712586635,0.825337744232859,0.004560952623455242,0.006299963542705579
-1.0425000000000002,1.7856404183600434,0.6715809766063217,0.8233396530714056,0.003001875823847716,0.006938742062683194
-1.0395,1.7779637610393422,0.6760656287785023,0.8218697603355446,0.0015386322524352915,0.0074890441119395065
-1.0365000000000002,1.7710019919050393,0.6799610922859584,0.8209095295840698,0.00018075998139245857,0.007948369663542449
-1.0335,1.7647078290889207,0.6833054377561709,0.8204163469338669,-0.0010734227268179516,0.008321696886663631
-1.0305000000000002,1.7589810300010595,0.6861734175630332,0.8203288291269409,-0.002235886756890944,0.008620662081556022
-1.0275,1.7536873874138552,0.6886628273391475,0.8205760249220617,-0.0033258419905930884,0.008861313327874624
-1.0245000000000002,1.7486835250489048,0.6908769043918512,0.821088113129146,-0.004365415786648752,0.00906105339940524
-1.0215,1.7438396512645933,0.6929083025668061,0.8218054188987296,-0.005375457236080987,0.009235752159477483
-1.0185000000000002,1.7390537722214077,0.6948292009281047,0.8226833590302733,-0.006372713903896996,0.009397880261201776
-1.0155,1.7342552753364882,0.6966889719958208,0.8236928279246429,-0.007368876108689013,0.009555976536046335
-1.0125000000000002,1.7294003526686426,0.6985176187700349,0.8248173394551943,-0.008371140514509632,0.009715173217507691
-1.0095000000000003,1.724463891231766,0.7003316808855161,0.8260489749669281,-0.009383499720527886,0.009878203834170679
-1.0065000000000002,1.7194317978844433,0.702139792395998,0.8273847772181702,-0.01040803444191898,0.01004638124758397
-1.0035000000000003,1.7142956511942442,0.7039465532012296,0.8288243015238806,-0.011445838069688123,0.010220290211560026
-1.0005000000000002,1.709049736887692,0.7057546822389623,0.8303682673347513,-0.012497536783972939,0.010400176575543508
-0.9975000000000003,1.703689688075515,0.7075660146250367,0.8320179298057664,-0.013563530098841117,0.010586128629783309
-0.9945000000000002,1.6982119425045414,0.7093819101670191,0.8337748127799256,-0.014644087552643245,0.010778151592065424
-0.9915000000000003,1.6926135355499043,0.7112034205301837,0.8356405888846109,-0.015739386563850183,0.01097619823435478
-0.9885000000000002,1.686892015199268,0.713031368987489,0.8376170130665993,-0.016849529439888364,0.011180183778994773
-0.9855000000000003,1.6810453963903362,0.7148663964811214,0.8397058807616868,-0.017974552710173383,0.01138999421747541
-0.9825000000000002,1.6750720922335947,0.7167089909826213,0.84190901928168,-0.01911443269858753,0.011605487839775655
-0.9795000000000003,1.668970686251825,0.7185595054209294,0.8442283728179608,-0.02026908787758638,0.011826479939583405
-0.9765000000000001,1.662739213183214,0.7204181628520077,0.8466663492382127,-0.021438375550243464,0.0120526816427597
-0.9735000000000003,1.6563732552304298,0.7222850385059256,0.8492267932607036,-0.022622075015978748,0.012283529354556389
-0.9705000000000001,1.6498616659541572,0.72415999343587,0.8519172290912793,-0.02381983975066908,0.012517792235052706
-0.9675000000000002,1.6431783052480904,0.7260425129220894,0.8547532811296553,-0.02503108674725645,0.012752797510197186
-0.9645000000000001,1.6362682218088926,0.7279313789254203,0.8577662208032536,-0.026254774685848685,0.01298310394949478
-0.9615000000000002,1.6290277807856874,0.7298240921567096,0.8610141180777041,-0.02748901177507247,0.013198531634942504
-0.9585000000000001,1.6212806421589054,0.7317159760664883,0.8645959017009174,-0.028730441736465582,0.013381656172354983
-0.9555000000000002,1.612755009947021,0.733598963943191,0.8686658559682973,-0.029973396642956375,0.013505182073464081
-0.9525000000000001,1.6030711368415376,0.7354601997266178,0.8734442280152996,-0.031208885750225953,0.013529935504660901
-0.9495000000000002,1.5917499625196727,0.7372807494780629,0.8792185112360112,-0.032423601067580805,0.013404421352094369
-0.9465000000000001,1.5782522010921174,0.7390348579410692,0.8863303520437505,-0.03359923064482624,0.01306684518795596
-0.9435000000000002,1.5620511759544031,0.740690201517529,0.895145148777599,-0.03471242640330022,0.012450159834936012
-0.9405000000000001,1.5427327881416495,0.7422094175011661,0.9060048861463118,-0.03573571975442508,0.011490116102403067
-0.9375000000000002,1.5201046719180755,0.7435528486774821,0.9191688091161543,-0.03663948947592627,0.010135597597830857
-0.9345000000000001,1.494287900062943,0.7446820647784073,0.9347504535004804,-0.037394796018349614,0.008359816534231092
-0.9315000000000002,1.4657629729146076,0.7455634978551995,0.9526627611639134,-0.03797660305121977,0.006170336673287148
-0.9285000000000001,1.4353499888691363,0.7461715776805757,0.9725848356118498,-0.03836673667547192,0.003615502959375096
-0.9255000000000002,1.4041197816753963,0.7464910162402396,0.993963146971043,-0.03855596937079186,0.0007849278267623212
-0.9225000000000001,1.373252916913684,0.7465181523694517,1.0160551851103572,-0.03854484534199085,-0.002197503476895968
-0.9195000000000002,1.3438788669654427,0.7462613392568489,1.0380140774155704,-0.03834318158218247,-0.0051879738700839765
-0.9165000000000001,1.3169322035581474,0.7457402622841481,1.0590003446610683,-0.03796845978556366,-0.008042078847420458
-0.9135000000000002,1.2930551170148765,0.7449840364244177,1.0782964019039458,-0.03744349640621811,-0.010634919152118259
-0.9105000000000001,1.2725601696651418,0.7440281424418222,1.0953961545429838,-0.03679383750783794,-0.012877059321124611
-0.9075000000000002,1.2554505368559035,0.7429106585647143,1.1100489314738347,-0.0360452971741706,-0.014722637427024262
-0.9045000000000001,1.2414825893396466,0.7416685531062757,1.122251644388199,-0.03522196447264028,-0.016168460430272508
-0.9015000000000002,1.2302500178331512,0.7403347884477196,1.1321988328635926,-0.03434486319634039,-0.017245689484529685
-0.8985000000000001,1.2212694360786098,0.7389366563297686,1.1402103529349397,-0.03343129291890714,-0.018007515358885295
-0.8955000000000002,1.214052505252346,0.7374953331509561,1.1466578589569312,-0.032494751055118086,-0.018516503513569274
-0.8925000000000001,1.2081565937449372,0.7360263366282839,1.1519055518780752,-0.031545263680128485,-0.018834325169263432
-0.8895000000000002,1.203212609049019,0.734540469320313,1.1562721338445168,-0.030589941337882447,-0.019015114824190178
-0.8865000000000003,1.1989334382370334,0.733044900804648,1.1600134395670896,-0.02963360672551836,-0.019102392220452225
-0.8835000000000002,1.195108846835665,0.731544169855098,1.1633208004101019,-0.028679389506770764,-0.019128710620889867
-0.8805000000000003,1.1915929586160274,0.7300410066230707,1.1663288932550646,-0.027729230921556814,-0.019116957918801036
-0.8775000000000002,1.1882893049530012,0.7285369537787757,1.169127620834947,-0.026784277836860063,-0.01908236865499665
-0.8745000000000003,1.1851367270782023,0.7270328065375568,1.171774269509188,-0.025845169986354527,-0.019034596104231537
-0.8715000000000002,1.182097784608317,0.7255289066044439,1.1743039172254823,-0.024912236758795534,-0.018979491258999753
-0.8685000000000003,1.1791501133593578,0.7240253254850217,1.1767373762543392,-0.023985623915863105,-0.01892046231916158
-0.8655000000000002,1.176280460622843,0.7225219655475212,1.1790867499915132,-0.023065369138381014,-0.018859425957953438
-0.8625000000000003,1.1734808198618485,0.7210185965638511,1.1813590463362904,-0.022151440894297433,-0.0187974246834706
-0.8595000000000002,1.1707460446220592,0.7195148329414183,1.1835583694531635,-0.02124374955658336,-0.01873499840015207
-0.8565000000000003,1.1680724102557105,0.7180100429277982,1.185687142614278,-0.02034213392331666,-0.018672386126765386
-0.8535000000000001,1.165456719311136,0.7165031655081726,1.1877466918580206,-0.01944632064717064,-0.018609612040727055
-0.8505000000000003,1.1628956618532797,0.714992393241942,1.189737396136715,-0.01855584860724012,-0.01854648770809313
-0.8475000000000001,1.1603852266761936,0.7134746602241123,1.1916585067359193,-0.017669945008411046,-0.01848254344043468
-0.8445000000000003,1.1579200132011356,0.7119448553542717,1.1935076620964291,-0.016787335327341085,-0.018416887246290148
-0.8415000000000001,1.15549232578324,0.7103946658384116,1.1952800720757706,-0.01590596602772572,-0.018347979863513553
-0.8385000000000002,1.153090954672362,0.7088109507019276,1.1969673162539314,-0.015022618840471685,-0.01827330909783239
-0.8355000000000001,1.150699574578186,0.7071735585348249,1.1985556952779215,-0.014132400768657839,-0.018188947173212514
-0.8325000000000002,1.1482947366372558,0.7054525504083778,1.2000240977502248,-0.013228108094023533,-0.01808898304660895
-0.8295000000000001,1.1458435066983197,0.7036048833425564,1.2013414069848154,-0.012299489492577009,-0.017964840618026823
-0.8265000000000002,1.1433009258536058,0.701570768678956,1.2024635838854552,-0.011332477122919751,-0.017804527042724484
-0.8235000000000001,1.1406076489162487,0.6992701580912357,1.2033307359368266,-0.010308518572729493,-0.01759190629451627
-0.8205000000000002,1.1376883556432869,0.6966001333672384,1.2038647237805444,-0.009204226827586443,-0.01730616316982458
-0.8175000000000001,1.134451810752631,0.6934343662024657,1.2039681551302297,-0.007991661772958498,-0.01692170808016254
-0.8145000000000002,1.1307937155283139,0.6896262030205901,1.2035259235652793,-0.0066396408949352045,-0.01640885783177751
-0.8115000000000001,1.126603623513506,0.6850171634248423,1.2024106559352925,-0.005116498874935292,-0.01573567699537383
-0.8085000000000002,1.1217769776563813,0.6794524485203234,1.2004933375886053,-0.003394595462223923,-0.0148713169257052
-0.8055000000000001,1.116232496587044,0.6728040674100481,1.197659713831354,-0.0014565135025266939,-0.013790962679729827
-0.8025000000000002,1.1099334841998496,0.6650000808837738,1.1938315702094864,0.0006977587220791747,-0.012482023792430068
-0.7995000000000001,1.1029092683940134,0.6560552785518313,1.1889896928036856,0.0030442132665427827,-0.01095050550857854
-0.7965000000000002,1.0952706291875869,0.6460952107084764,1.183192812283814,0.005531040118972271,-0.00922578105661319
-0.7935000000000001,1.087212181592137,0.6353637460601247,1.1765854740699828,0.008079973609049025,-0.007361673243291209
-0.7905000000000002,1.0789967579467257,0.624206421233408,1.169389130896367,0.010593963415641987,-0.005432309106871063
-0.7875000000000001,1.0709222296990766,0.6130286617460375,1.1618754501923887,0.012970235107095473,-0.0035227645219747415
-0.7845000000000002,1.0632780171666019,0.6022373761204936,1.154327378267972,0.015115553203102448,-0.0017165323349667503
-0.7815000000000001,1.0563031588960015,0.5921816672414599,1.1469985652911885,0.016959411486780963,-8.326736194865608e-05
-0.7785000000000002,1.0501573630796823,0.5831090420406613,1.1400822974208935,0.018461671500412946,0.0013298001545938025
-0.7755000000000001,1.0449111157033963,0.5751469962392985,1.1336967897897703,0.019613393380256774,0.0025009262835455183
-0.7725000000000002,1.0405538312314984,0.5683100966874545,1.1278872346679893,0.020431974661973423,0.003431628351646533
-0.7695000000000001,1.037013865947748,0.5625249087711235,1.1226398582315966,0.020953106649724156,0.004140964347384603
-0.7665000000000002,1.0341827047149192,0.5576622501106412,1.1179013086907645,0.021222165062307327,0.004658578032835479
-0.7635000000000001,1.0319371475409556,0.553567844048165,1.113597646883615,0.021286888427677297,0.0050183298416607335
-0.7605000000000002,1.0301561063848408,0.5500861622538378,1.1096495209237403,0.021192195537403764,0.005253505919328399
-0.7575000000000003,1.0287311677250852,0.5470758684632906,1.1059823721393658,0.02097719248182151,0.005393840783171978
-0.7545000000000002,1.0275716959765608,0.544417687584108,1.1025320425439507,0.020673968301417316,0.00546411222382223
-0.7515000000000003,1.0266059382559236,0.5420166143370847,1.099246864804046,0.02030762799552706,0.005483871676950271
-0.7485000000000002,1.0257796377475246,0.5398005246160167,1.0960874460315642,0.019897046914073034,0.0054678678085339156
-0.7455000000000003,1.0250533903246069,0.5377169134445192,1.0930251807315616,0.019455947299975365,0.005426807695814719
-0.7425000000000002,1.0243996129672321,0.5357289878069518,1.0900402470528594,0.018994029044293845,0.005368210755789544
-0.7395000000000003,1.0237996548894495,0.5338118745476064,1.0871195667085831,0.018517999532509613,0.005297209857007564
-0.7365000000000002,1.023241321203844,0.531949337691472,1.084254990054868,0.018032430823419477,0.005217228815990981
-0.7335000000000003,1.0227169009831436,0.5301311484580391,1.0814418139069937,0.017540426898547932,0.005130514961907858
-0.7305000000000001,1.0222216845218102,0.5283510990056993,1.0786776432274023,0.017044114734966753,0.005038534100648748
-0.7275000000000003,1.0217529003947536,0.5266055726151341,1.0759615552497932,0.01654498702223101,0.0049422488055524275
-0.7245000000000001,1.0213089839969065,0.5248925541382727,1.0732935020317638,0.01604412744272192,0.00484230482986358
-0.7215000000000003,1.0208890912289197,0.523210965064387,1.0706738832643479,0.01554234634376601,0.004739148783179627
-0.7185000000000001,1.020492783364724,0.5215602229256092,1.068103226980643,0.015040248837616656,0.0046330960392718095
-0.7155000000000002,1.020119825043374,0.5199399455622291,1.0655819263229112,0.014538251240244039,0.004524363095087025
-0.7125000000000001,1.0197700528856488,0.5183497417508238,1.0631099931544103,0.01403655682000114,0.004413074429932163
-0.7095000000000002,1.0194432856991555,0.5167890486230157,1.0606868034029404,0.013535098995396596,0.004299250916893574
-0.7065000000000001,1.0191392582038448,0.5152569927795753,1.0583108250656121,0.01303345989308403,0.004182785253911164
-0.7035000000000002,1.0188575689658115,0.513752266498381,1.055979338445775,0.012530774668651963,0.004063409707037201
-0.7005000000000001,1.018597640239078,0.5122730234671019,1.0536881793728294,0.012025636873408104,0.003940662493025399
-0.6975000000000002,1.0183586930014448,0.5108168100448943,1.051431558302027,0.011516026511266512,0.0038138609661333223
-0.6945000000000001,1.018139744617988,0.5093805573234815,1.0492020277077017,0.010999288669891123,0.003682091779012323
-0.6915,1.017939638888313,0.507960664468088,1.0469906814314287,0.010472194445675025,0.0035442295008617846
-0.6885000000000003,1.017757118071046,0.506553202604072,1.0447876656520825,0.009931114586570736,0.0033989947949041974
-0.6855000000000002,1.017590943129735,0.5051542585246412,1.0425830551794584,0.009372327229411793,0.0032450602186104988
-0.6825000000000001,1.0174400615125438,0.503760417360331,1.0403680967916167,0.008792462659768428,0.0030812053841075284
-0.6795,1.0173038115808761,0.5023693538356905,1.038136744927223,0.00818906056642276,0.0029065136741246366
-0.6765000000000003,1.0171821407288497,0.5009804667639716,1.0358873240985969,0.007561182224740309,0.0027205910694980285
-0.6735000000000002,1.0170758028923672,0.49959545848159265,1.0336240661723548,0.006909988297631041,0.002523776235440212
-0.6705000000000001,1.0169864940829905,0.49821874024322105,1.0313582157001926,0.006239172064387613,0.0023173031457911727
-0.6675,1.0169168854563986,0.4968575467419271,1.0291084001579611,0.005555137824480273,0.0021033767236331453
-0.6645000000000003,1.0168705246662648,0.49552167485989407,1.0269000423259618,0.004866841591406421,0.00188513072490739
-0.6615000000000002,1.0168515976109254,0.4942228227011971,1.0247637470249713,0.004185265364322622,0.001666455444758093
-0.6585000000000001,1.0168645703657486,0.49297358394552465,1.0227327957169288,0.003522567240025446,0.001451707579125767
-0.6555,1.0169137582434935,0.49178622988183546,1.0208400795718684,0.0028910195362193197,0.0012453396448663923
-0.6525000000000003,1.017002887601199,0.4906714645424369,1.0191149370783759,0.0023018957302866913,0.0010515045997037036
-0.6495000000000002,1.0171347201457055,0.4896373501034491,1.0175803933298635,0.0017644794241212687,0.0008736971301171432
-0.6465000000000001,1.0173107974123998,0.4886885657172078,1.0162512142143474,0.001285341100478592,0.0007144847385321608
-0.6435,1.0175313383309808,0.4878260934236932,1.0151330160986123,0.0008679702136990148,0.000575362032011635
-0.6405000000000003,1.0177952926571674,0.4870473404316174,1.0142224620972753,0.0005127789210728589,0.0004567365634919856
-0.6375000000000002,1.0181005257423732,0.48634663078830004,1.0135083864657213,0.0002174288216726337,0.00035803111174100076
-0.6345000000000001,1.0184440918296593,0.4857159483894744,1.0129735610531756,-2.261235785735405e-05,0.0002778707189178768
-0.6315000000000004,1.0188225463564553,0.4851457943333914,1.0125967688728164,-0.0002133953754419886,0.00021431548971491662
-0.6285000000000003,1.0192322515666068,0.48462603179149183,1.012354872294819,-0.00036180087617778875,0.00016510151345143135
-0.6255000000000002,1.0196696407045216,0.4841466214900823,1.0122246344555008,-0.00047492075687845486,0.0001278597841789943
-0.6225,1.020131420094058,0.4836981893444299,1.0121841450704405,-0.0005595626444115726,0.00010029349630720383
-0.6195000000000004,1.0206147019862404,0.4832724051498018,1.0122137926934722,-0.000621900592684658,8.030478208611907e-05
-0.6165000000000003,1.0211170719111349,0.48286218125098107,1.0122967992883984,-0.0006672701758042792,6.607091965363675e-05
-0.6135000000000002,1.0216366014025118,0.4824617200339096,1.0124193828478296,-0.000700088815058752,5.607633750467175e-05
-0.6105,1.0221718204091104,0.48206644892677875,1.012570639400581,-0.0007238727345932508,4.9110229145277964e-05
-0.6075000000000004,1.0227216641214296,0.48167288310030054,1.0127422409889688,-0.0007413192941911276,4.4240648035796604e-05
-0.6045000000000003,1.023285407259163,0.48127845172285305,1.0129280369256861,-0.0007544257880621432,4.077521763780526e-05
-0.6015000000000001,1.0238625960258838,0.48088131602409545,1.0131236279945457,-0.0007646211518578791,3.821676628718405e-05
-0.5985,1.0244529847423727,0.48048019874337555,1.0133259625795312,-0.0007728936145837102,3.621991195155185e-05
-0.5955000000000004,1.0250564811942766,0.48007423638814306,1.0135329839685157,-0.0007799038063730864,3.455236211829344e-05
-0.5925000000000002,1.0256731023145735,0.4796628590651038,1.0137433417359656,-0.0007860783123284022,3.306277134558825e-05
-0.5895000000000001,1.0263029401007517,0.4792456978661548,1.0139561682290015,-0.0007916827326664923,3.165556299185383e-05
-0.5865,1.0269461366198471,0.47882251685424376,1.0141709137568002,-0.0007968759238358954,3.027219214056886e-05
-0.5835000000000004,1.027602866465635,0.4783931652947844,1.0143872304239674,-0.0008017484508905373,2.88778375306248e-05
-0.5805000000000002,1.0282733249450646,0.4779575454926462,1.0146048936506624,-0.0008063486944196505,2.745235244244649e-05
-0.5775000000000001,1.0289577204305365,0.4775155919987835,1.0148237512597011,-0.0008106998613860143,2.5984361411584193e-05
-0.5745,1.0296562695926896,0.47706725869101624,1.0150436917176853,-0.0008148106382021099,2.4467560127851637e-05
-0.5715000000000003,1.030369194534088,0.4766125110581608,1.0152646250681188,-0.000818681609859907,2.289848498082434e-05
-0.5685000000000002,1.0310967211229969,0.47615132177343955,1.015486471906822,-0.0008223089846949926,2.1275219181195145e-05
-0.5655000000000001,1.0318390780531195,0.47568366826056124,1.01570915723989,-0.0008256866773389813,1.95966703066674e-05
-0.5625,1.0325964963245076,0.4752095314181305,1.015932607185655,-0.0008288074323567109,1.786218212329338e-05
-0.5595000000000003,1.033369208958841,0.4747288949906961,1.016156747267746,-0.0008316634098758079,1.6071334090307698e-05
-0.5565000000000002,1.0341574508397058,0.4742417452866521,1.0163815015638709,-0.0008342464814405958,1.422384207670568e-05
-0.5535000000000001,1.0349614586165672,0.47374807107493905,1.0166067922974926,-0.0008365483759380027,1.2319511521211058e-05
-0.5505,1.0357814706395356,0.4732478635702894,1.0168325396504556,-0.0008385607510218053,1.0358216707080518e-05
-0.5475000000000003,1.036617726907983,0.47274111646053946,1.017058661682223,-0.0008402752290148285,8.339892532065612e-06
-0.5445000000000002,1.0374704690246386,0.472227825953035,1.0172850742992565,-0.0008416834166007286,6.264532018060165e-06
-0.5415000000000001,1.03833994015119,0.4717079908292182,1.0175116912478104,-0.0008427769174795787,4.132186346075743e-06
-0.5385,1.0392263849635857,0.47118161250240104,1.0177384241180156,-0.0008435473421661881,1.9429659486879716e-06
-0.5355000000000003,1.0401300496062267,0.47064869507650964,1.0179651823540043,-0.000843986316755414,-3.029579854185621e-07
-0.5325000000000002,1.0410511816447163,0.4701092454048305,1.0181918732679072,-0.0008440854914159579,-2.6053518673786615e-06
-0.5295000000000001,1.0419900300170144,0.4695632731483267,1.018418402056888,-0.000843836548916032,-4.9639180376227294e-06
-0.5265,1.0429468449829327,0.4690107908333109,1.0186446718229305,-0.0008432312132936517,-7.378293115473534e-06
-0.5235000000000003,1.0439218780719435,0.46845181390835,1.0188705835952958,-0.0008422612587092361,-9.848046389091075e-06
-0.5205000000000002,1.044915382029272,0.4678863608003059,1.0190960363556594,-0.0008409185184894283,-1.2372678256550924e-05
-0.5175000000000001,1.0459276107602684,0.46731445296942875,1.019320927065955,-0.0008391948943601543,-1.4951618725070044e-05
-0.5145,1.046958819273036,0.4667361149634217,1.0195451506989643,-0.0008370823658626617,-1.758422597450907e-05
-0.5115000000000003,1.0480092636193148,0.4661513744703972,1.019768600271691,-0.0008345729999445964,-2.026978499043877e-05
-0.5085000000000002,1.0490792008336,0.4655602623706442,1.0199911668815522,-0.0008316589607174686,-2.300750627281004e-05
-0.5055000000000001,1.0501688888704934,0.46496281278712526,1.020212739745423,-0.0008283325193704688,-2.5796524625317542e-05
-0.5025000000000004,1.0512785865402698,0.46435906313462183,1.0204332062415618,-0.0008245860642308875,-2.8635898031323826e-05
-0.4995000000000003,1.0524085534426602,0.4637490541674452,1.0206524519544402,-0.0008204121109597398,-3.152460662188723e-05
-0.49650000000000016,1.0535590498988354,0.46313283002563294,1.0208703607225023,-0.0008158033128712396,-3.446155174140879e-05
-0.49350000000000005,1.0547303368815908,0.46251043827954513,1.021086814688865,-0.0008107524713640322,-3.744555511627835e-05
-0.4905000000000004,1.0559226759437166,0.46188192997278166,1.021301694354978,-0.0008052525464514744,-4.0475358132592085e-05
-0.48750000000000027,1.0571363291445617,0.4612473596633354,1.0215148786372465,-0.0007992966673772442,-4.354962122772529e-05
-0.48450000000000015,1.0583715589747738,0.46060678546290157,1.0217262449266225,-0.0007928781433027326,-4.6666923401481394e-05
-0.48150000000000004,1.0596286282792233,0.45996026907425985,1.0219356691511632,-0.0007859904740516012,-4.982576185217424e-05
-0.47850000000000037,1.0609078001781005,0.4593078758266498,1.0221430258415491,-0.0007786273608962019,-5.3024551742546385e-05
-0.47550000000000026,1.0622093379861919,0.4586496747090581,1.0223481881995502,-0.0007707827173703653,-5.626162610066314e-05
-0.47250000000000014,1.0635335051303305,0.4579857384013392,1.0225510281694228,-0.0007624506800924455,-5.953523586071862e-05
-0.46950000000000003,1.064880565065022,0.45731614330309134,1.0227514165122156,-0.0007536256195817238,-6.284355004821662e-05
-0.46650000000000036,1.06625078118625,0.45664096956020916,1.0229492228829569,-0.000744302151051249,-6.618465611414231e-05
-0.46350000000000025,1.0676444167434633,0.4559603010890391,1.0231443159106868,-0.0007344751451593725,-6.955656042235542e-05
-0.46050000000000013,1.0690617347497462,0.45527422559806213,1.0233365632812974,-0.0007241397387018304,-7.295718889396584e-05
-0.4575,1.0705029978901819,0.45458283460703197,1.0235258318231342,-0.0007132913452258863,-7.638438781272453e-05
-0.45450000000000035,1.0719684684284092,0.453886223463498,1.0237119875953073,-0.0007019256655479942,-7.983592479456924e-05
-0.45150000000000023,1.0734584081113872,0.45318449135664346,1.023894895978655,-0.0006900386981553693,-8.330948992451999e-05
-0.4485000000000001,1.0749730780723687,0.45247774132837437,1.0240744217692963,-0.0006776267494722158,-8.680269706371025e-05
-0.4455,1.0765127387321,0.45176608028159304,1.0242504292747026,-0.000664686443970817,-9.031308532869868e-05
-0.44250000000000034,1.078077649698251,0.4510496189855963,1.0244227824122107,-0.0006512147341075191,-9.383812074543113e-05
-0.4395000000000002,1.0796680696630931,0.4503284720785395,1.024591344809899,-0.0006372089100633222,-9.737519807902778e-05
-0.4365000000000001,1.081284256299437,0.44960275806690814,1.024755979909734,-0.0006226666092688627,-0.00010092164284088373
-0.4335,1.0829264661548423,0.44887259932194784,1.0249165510728975,-0.0006075858256932387,-0.00010447471347376086
-0.4305000000000003,1.0845949545441225,0.4481381220729999,1.0250729216871886,-0.0005919649188763914,-0.00010803160371477017
-0.4275000000000002,1.0862899754401525,0.44739945639769835,1.0252249552763997,-0.0005758026226843607,-0.00011158944513661917
-0.4245000000000001,1.088011781363008,0.4466567362089832,1.0253725156115492,-0.000559098053767062,-0.000115145309865828
-0.4215,1.089760623267449,0.44591009923889313,1.0255154668238555,-0.0005418507196983207,-0.00011869621347713409
-0.4185000000000003,1.0915367504287758,0.4451596870190996,1.0256536735193271,-0.0005240605267777229,-0.0001222391180620065
-0.4155000000000002,1.0933404103270739,0.444405644858154,1.0257870008948395,-0.0005057277874746097,-0.00012577093546919853
-0.4125000000000001,1.0951718485298776,0.4436481218154167,1.0259153148555626,-0.00048685322749411977,-0.0001292885307144885
-0.4095,1.0970313085732764,0.44288727067164735,1.026038482133602,-0.0004674379924460214,-0.00013278872555615257
-0.4065000000000003,1.0989190318414912,0.44212324789623647,1.0261563704077012,-0.0004474836540973466,-0.00013626830223225324
-0.4035000000000002,1.1008352574449494,0.44135621361106325,1.0262688484238647,-0.0004269922161898619,-0.00013972400735540183
-0.4005000000000001,1.1027802220968925,0.44058633155096966,1.0263757861167353,-0.0004059661198043852,-0.00014315255595966677
-0.39749999999999996,1.1047541599885407,0.43981376902084585,1.0264770547315782,-0.00038440824825422814,-0.00014655063569440286
-0.3945000000000003,1.1067573026628563,0.4390386968493246,1.0265725269466968,-0.0003623219314907404,-0.00014991491115846507
-0.3915000000000002,1.1087898788869393,0.4382612893390902,1.0266620769961212,-0.000339710950004162,-0.0001532420283681513
-0.38850000000000007,1.1108521145230832,0.43748172421380926,1.0267455807923944,-0.00031657953820456505,-0.00015652861935185367
-0.3855000000000004,1.112944232398543,0.4367001825616968,1.0268229160492837,-0.0002929323872672502,-0.00015977130686346035
-0.3825000000000003,1.1150664521740454,0.43591684877573766,1.0268939624042366,-0.00026877464742895956,-0.0001629667092058845
-0.37950000000000017,1.1172189902110834,0.43513191049058453,1.0269586015404093,-0.00024411192972083193,-0.00016611144515645942
-0.37650000000000006,1.1194020594380443,0.4343455585161623,1.0270167173080738,-0.0002189503071262828,-0.0001692021389842872
-0.3735000000000004,1.121615869215208,0.4335579867680114,1.0270681958452341,-0.00019329631515168128,-0.0001722354255502243
-0.3705000000000003,1.123860625198667,0.432769392194409,1.0271129256972529,-0.00016715695179965966,-0.00017520795547872054
-0.36750000000000016,1.1261365292032133,0.43197997470031124,1.0271507979353116,-0.00014053967693548194,-0.00017811640039126027
-0.36450000000000005,1.1284437790642434,0.4311899370681641,1.0271817062735142,-0.0001134524110376504,-0.00018095745819012452
-0.3615000000000004,1.1307825684987285,0.430399484875638,1.0272055471844472,-8.590353332576629e-05,-0.00018372785838100068
-0.35850000000000026,1.1331530869653086,0.42960882641034154,1.0272222200130083,-5.790187925934782e-05,-0.00018642436742257427
-0.35550000000000015,1.1355555195235578,0.42881817258158,1.027231627088321,-2.9456737402643827e-05,-0.00018904379409108159
-0.35250000000000004,1.137990046692483,0.4280277368292249,1.0272336738335457,-5.778456515470427e-07,-0.00019158299484725694
-0.34950000000000037,1.140456844308307,0.4272377350297676,1.0272282688734076,2.872461317966814e-05,-0.00019403887919328255
-0.34650000000000025,1.1429560833815988,0.4264483853996338,1.0272153241392594,5.8440016413479425e-05,-0.00019640841500677956
-0.34350000000000014,1.145487929953812,0.42565990839584145,1.0271947549714966,8.8557307205667e-05,-0.0001986886338385216
-0.3405,1.1480525449532883,0.42487252661408614,1.0271664802191554,0.00011906500088207725,-0.0002008766361613948
-0.33750000000000036,1.1506500840507965,0.4240864646843467,1.0271304223365134,0.00014995119191294677,-0.00020296959655671774
-0.33450000000000024,1.1532806975146652,0.4233019491641044,1.0270865074765323,0.00018120356152059544,-0.00020496476882534307
-0.33150000000000013,1.1559445300655806,0.42251920842927354,1.0270346655809695,0.00021280938591542283,-0.00020685949100959308
-0.3285,1.1586417207311137,0.42173847256294755,1.0269748304670072,0.00024475554515298833,-0.0002086511903137376
-0.32550000000000034,1.1613724027000485,0.42095997324206513,1.0269069399102377,0.000277028532604647,-0.00021033738790910894
-0.32250000000000023,1.164136703176581,0.4201839436221077,1.0268309357238592,0.0003096144650316319,-0.00021191570361145558
-0.3195000000000001,1.1669347432344592,0.4194106182199387,1.0267467638339385,0.0003424990932523665,-0.0002133838604179065
-0.3165,1.1697666376711437,0.41864023279490375,1.0266543743506011,0.0003756678133905016,-0.00021473968889049243
-0.31350000000000033,1.1726324948620528,0.41787302422830963,1.0265537216350238,0.0004091056786903761,-0.0002159811313749453
-0.3105000000000002,1.1755324166149796,0.4171092304014033,1.0264447643621,0.0004427974118851526,-0.0002171062460420969
-0.3075000000000001,1.1784664980247508,0.4163490900719768,1.0263274655786678,0.00047672741810133744,-0.0002181132107409496
-0.3045,1.1814348273282074,0.41559284274972397,1.02620179275719,0.0005108797982827309,-0.00021900032665229406
-0.3015000000000003,1.1844374857595892,0.41484072857047843,1.0260677178447843,0.0005452383631151988,-0.00021976602173215696
-0.2985000000000002,1.187474547406399,0.4140929881694637,1.0259252173075177,0.0005797866474323133,-0.000220408853935328
-0.2955000000000001,1.190546079065834,0.41334986255368844,1.0257742721698757,0.0006145079250814393,-0.00022092751420914005
-0.2925,1.1936521401018614,0.41261159297361955,1.0256148680493369,0.0006493852242280737,-0.00022132082924908433
-0.2895000000000003,1.1967927823030262,0.4118784207942698,1.0254469951859833,0.0006844013430753553,-0.00022158776400731418
-0.2865000000000002,1.199968049741075,0.4111505873658354,1.0252706484670957,0.0007195388659749296,-0.00022172742394712145
-0.2835000000000001,1.2031779786304793,0.4104283338940208,1.0250858274466808,0.0007547801799042844,-0.0002217390570358865
-0.28049999999999997,1.2064225971889455,0.4097119013101875,1.0248925363599004,0.0007901074912842293,-0.00022162205547088628
-0.2775000000000003,1.2097019254990018,0.4090015301414647,1.024690784132369,0.0008255028431103728,-0.0002213759571319849
-0.2745000000000002,1.2130159753707448,0.4082974603809606,1.0244805843843032,0.0008609481323707201,-0.0002210004467565675
-0.2715000000000001,1.2163647502058383,0.407599931358209,1.024261955429519,0.0008964251277213779,-0.00022049535683317317
-0.26849999999999996,1.2197482448628512,0.4069091816099899,1.0240349202692716,0.0009319154873915218,-0.000219860668210468
-0.2655000000000003,1.2231664455240268,0.4062254487516598,1.023799506580956,0.000967400777288043,-0.00021909651041919327
-0.2625000000000002,1.226619329563569,0.4055489693491264,1.0235557467016838,0.0010028624892700782,-0.00021820316170589822
-0.25950000000000006,1.2301068654175416,0.40487997879160187,1.0233036776067717,0.001038282059562926,-0.00021718104877769534
-0.2565000000000004,1.2336290124554674,0.404218711165266,1.023043340883177,0.0010736408872807292,-0.00021603074625809823
-0.2535000000000003,1.2371857208537205,0.40356539912797024,1.0227747826979359,0.0011089203530269198,-0.00021475297585551794
-0.25050000000000017,1.2407769314708044,0.4029202737851126,1.0224980537616577,0.0011441018375410491,-0.00021334860524571
-0.24750000000000005,1.244402575724604,0.4022835645668077,1.0222132092871457,0.001179166740360525,-0.00021181864667121634
-0.24450000000000038,1.2480625754717067,0.401655499106477,1.0219203089432236,0.0012140964984660378,-0.00021016425526143904
-0.24150000000000027,1.251756842888884,0.401036303120982,1.021619416803851,0.0012488726048793313,-0.00020838672707760339
-0.23850000000000016,1.2554852803568226,0.4004262002924161,1.0213106012926216,0.0012834766271817288,-0.0002064874968877353
-0.23550000000000004,1.259247780346205,0.39982541215167433,1.0209939351227475,0.0013178902259223142,-0.0002044681356774856
-0.23250000000000037,1.2630442253062195,0.39923415796391165,1.0206694952326423,0.0013520951728850047,-0.0002023303479037158
-0.22950000000000026,1.2668744875556002,0.39865265461599886,1.0203373627172165,0.001386073369183852,-0.00020007596849834226
-0.22650000000000015,1.270738429176287,0.39808111650608297,1.0199976227550138,0.0014198068631564983,-0.00019770695962988114
-0.22350000000000003,1.2746359019097937,0.39751975543535384,1.0196503645313184,0.0014532778680259176,-0.00019522540723231803
-0.22050000000000036,1.2785667470563766,0.3969687805021148,1.019295681157373,0.0014864687793013033,-0.000192633517309945
-0.21750000000000025,1.2825307953770946,0.39642839799825247,1.0189336695858524,0.001519362191889812,-0.00018993361202886188
-0.21450000000000014,1.2865278669988487,0.39589881130819493,1.0185644305227428,0.001551940916891115,-0.00018712812560488449
-0.21150000000000002,1.290557771322492,0.3953802208104455,1.0181880683357818,0.0015841879980476386,-0.0001842195999997523
-0.20850000000000035,1.294620306934098,0.39487282378177274,1.0178046909596214,0.0016160867278243397,-0.0001812106804363875
-0.20550000000000024,1.2987152615194728,0.3943768143041352,1.0174144097978808,0.0016476206630925065,-0.00017810411074588398
-0.20250000000000012,1.3028424117820034,0.39389238317441194,1.017017339622252,0.0016787736403931829,-0.00017490272855799093
-0.1995,1.307001523363922,0.39341971781700924,1.0166135984688414,0.0017095297907567648,-0.00017160946034813204
-0.19650000000000034,1.3111923507710783,0.39295900219940494,1.016203307531913,0.0017398735540561537,-0.00016822731635373817
-0.19350000000000023,1.3154146373012965,0.39251041675069054,1.0157865910552222,0.0017697896928723538,-0.00016475938537358417
-0.1905000000000001,1.3196681149764096,0.3920741382831644,1.0153635762211115,0.0017992633058523477,-0.00016120882946264766
-0.1875,1.3239525044780445,0.39165033991702586,1.014934393037561,0.0018282798405396938,-0.00015757887853704133
-0.18450000000000033,1.328267515087245,0.3912391910082143,1.0144991742233718,0.0018568251056607467,-0.0001538728249021869
-0.18150000000000022,1.3326128446280086,0.39084085707943317,1.014058055091671,0.0018848852828494836,-0.00015009401771815334
-0.1785000000000001,1.336988179414821,0.3904554997543927,1.0136111734319204,0.0019124469377959027,-0.00014624585741548432
-0.1755,1.3413931942042592,0.3900832766953024,1.0131586693906238,0.0019394970308036243,-0.00014233179007609763
-0.17250000000000032,1.3458275521507432,0.389724341543638,1.012700685350907,0.0019660229267444824,-0.00013835530179189624
-0.1695000000000002,1.3502909047665124,0.3893788438642031,1.012237365811167,0.0019920124043986366,-0.0001343199130152982
-0.1665000000000001,1.3547828918858926,0.3890469290925003,1.011768857262966,0.0020174536651701926,-0.0001302291729146004
-0.16349999999999998,1.3593031416339356,0.38872873848542483,1.011295308068357,0.002042335341169893,-0.00012608665374747046
-0.1605000000000003,1.3638512703994885,0.38842440907528364,1.0108168683368242,0.002066646502657485,-0.00012189594526547848
-0.1575000000000002,1.3684268828127746,0.3881340736271447,1.0103336898020057,0.002090376664838263,-0.00011766064916190416
-0.15450000000000008,1.3730295717275383,0.387857860599512,1.0098459256983898,0.0021135157940090003,-0.00011338437357537865
-0.15149999999999997,1.377658918207832,0.387595894108318,1.0093537306381435,0.002136054313050412,-0.0001090707276610728
-0.1485000000000003,1.3823144915194965,0.38734829389422415,1.0088572604882537,0.0021579831062646182,-0.0001047233162410742
-0.14550000000000018,1.3869958491263998,0.38711517529321177,1.0083566722481372,0.002179293523556757,-0.0001003457345445383
-0.14250000000000007,1.3917025366914983,0.3868966492104433,1.0078521239278904,0.0021999773839619947,-9.594156304872561e-05
-0.13949999999999996,1.3964340880827657,0.3866928220973712,1.00734377442733,0.0022200269785205918,-9.151436243058529e-05
-0.1365000000000003,1.4011900253840557,0.3865037959320643,1.0068317834159823,0.0022394350725039765,-8.706766863888855e-05
-0.13350000000000017,1.4059698589109424,0.38632966820272113,1.0063163112141675,0.0022581949069968503,-8.260498809556435e-05
-0.13050000000000006,1.4107730872315942,0.38617053189433476,1.005797518675323,0.002276300199841686,-7.812979303497799e-05
-0.1275000000000004,1.4155991971927262,0.38602647547846974,1.005275567069706,0.0022937451459525003,-7.364551698913177e-05
-0.12450000000000028,1.4204476639506753,0.3858975829061083,1.0047506179696097,0.0023105244170065764,-6.915555042610373e-05
-0.12150000000000016,1.425317951007647,0.38578393360352087,1.004222833136216,0.002326633160523426,-6.466323654835134e-05
-0.11850000000000005,1.430209510253168,0.38568560247111144,1.0036923744082147,0.002342066998341686,-6.017186725756984e-05
-0.11550000000000038,1.435121782010787,0.3856026598851866,1.003159403592301,0.00235682202450588,-5.568467929110887e-05
-0.11250000000000027,1.4400541950900583,0.38553517170259316,1.0026240823556638,0.002370894802575145,-5.1204850535503836e-05
-0.10950000000000015,1.4450061668438405,0.3854831992681669,1.002086572120571,0.0023842823623679093,-4.6735496521073584e-05
-0.10650000000000004,1.4499771032309445,0.3854467994249337,1.001547033961149,0.0023969821961568245,-4.2279667101666353e-05
-0.10350000000000037,1.454966398884152,0.38542602452700037,1.0010056285024538,0.002408992254329152,-3.78403433227433e-05
-0.10050000000000026,1.4599734371836366,0.3854209224550694,1.000462515821914,0.002420310940528863,-3.342043448029245e-05
-0.09750000000000014,1.4649975903358068,0.3854315366345149,0.9999178553532359,0.0024309371062971614,-2.902277537266906e-05
-0.09450000000000003,1.470038219457589,0.3854579060559473,0.9993718057928358,0.002440870045228895,-2.4650123746868902e-05
-0.09150000000000036,1.4750946746661708,0.38550006529819997,0.9988245250088783,0.002450109486662991,-2.030515794002445e-05
-0.08850000000000025,1.4801662951742152,0.38555804455366505,0.9982761699529766,0.002458655588925618,-1.5990474716684735e-05
-0.08550000000000013,1.4852524093905586,0.38563186965590535,0.9977268965746139,0.0024665089321451736,-1.170858730136456e-05
-0.08250000000000002,1.4903523350264019,0.38572156210946906,0.9971768597383379,0.002473670510658784,-7.461923605918485e-06
-0.07950000000000035,1.4954653792069939,0.3858271391218311,0.9966262131437736,0.0024801417250303165,-3.252824650574542e-06
-0.07650000000000023,1.5005908385888165,0.3859486136373852,0.9960751092484916,0.0024859243737003155,9.164568232211733e-07
-0.07350000000000012,1.5057279994822652,0.38608599437341046,0.9955236991937675,0.0024910206442883727,5.043757550343817e-06
-0.07050000000000001,1.510876137979822,0.3862392858579329,0.9949721327332608,0.002495433104569023,9.127004752063527e-06
-0.06750000000000034,1.516034520089716,0.3864084884694059,0.9944205581646336,0.002499164693142034,1.316421696216247e-05
-0.06450000000000022,1.521202401875058,0.38659359847812963,0.9938691222641279,0.002502218709818377,1.7153504672227118e-05
-0.06150000000000011,1.5263790295984339,0.38679460808933125,0.9933179702241144,0.002504598805742951,2.109307079971782e-05
-0.058499999999999996,1.5315636398719457,0.38701150548782626,0.9927672455936164,0.002506308973275571,2.498121098325382e-05
-0.05550000000000033,1.5367554598126765,0.3872442748841829,0.9922170902218143,0.002507353535651299,2.8816313709328232e-05
-0.05250000000000021,1.5419537072035556,0.38749289656231056,0.9916676442045248,0.0025077371364411773,3.2596860275092744e-05
-0.0495000000000001,1.5471575906595982,0.3877573469283933,0.9911190458336483,0.002507464728834513,3.6321424592393864e-05
-0.046499999999999986,1.5523663097994884,0.38803759856109127,0.990571431549574,0.002506541564763491,3.998867283806665e-05
-0.043500000000000316,1.5575790554224764,0.38833362026293067,0.9900249358965231,0.0025049731838908927,4.359736295618922e-05
-0.0405000000000002,1.5627950096905472,0.3886453771128075,0.9894796914808114,0.002502765402480982,4.714634401757659e-05
-0.03750000000000009,1.5680133463158274,0.3889728305195269,0.9889358289320073,0.0024999243021739063,5.063455544292522e-05
-0.034499999999999975,1.573233230753182,0.3893159382763032,0.9883934768669548,0.002496456218683204,5.406102609483951e-05
-0.031500000000000306,1.5784538203979563,0.3896746546161458,0.9878527618566323,0.002492367730435854,5.742487324532149e-05
-0.028500000000000192,1.583674264788816,0.39004893026805765,0.9873138083958084,0.0024876656471737174,6.072530142484415e-05
-0.025500000000000078,1.5888937058156283,0.3904387125139726,0.9867767388754596,0.002482356998535097,6.39616011592029e-05
-0.022499999999999964,1.5941112779323277,0.39084394524636146,0.9862416735579056,0.0024764490226342143,6.713314760027969e-05
-0.019500000000000295,1.5993261083747132,0.3912645690264353,0.9857087305546184,0.0024699491546563987,7.023939905767528e-05
-0.01650000000000018,1.604537317383104,0.3917005211428772,0.9851780258066594,0.002462865015485893,7.327989543668993e-05
-0.013500000000000068,1.6097440184297949,0.3921517356710352,0.9846496730676909,0.002455204400382797,7.625425659002819e-05
-0.010500000000000398,1.6149453184512417,0.3926181435325091,0.9841237838895152,0.002446975267725313,7.916218058864972e-05
-0.007500000000000284,1.620140318084895,0.39309967255506756,0.983600467610082,0.0024381857278323866,8.200344191869083e-05
-0.0045000000000001705,1.6253281119106207,0.39359624753283007,0.9830798313439111,0.0024288440318816235,8.477788961048735e-05
-0.0015000000000000568,1.6305077886966142,0.39410779028665505,0.9825619799748696,0.002418958560936697,8.748544530594287e-05
0.0014999999999996128,1.635678431649733,0.3946342197246699,0.9820470161512491,0.002408537815097864,9.0126101269984e-05
0.0044999999999997264,1.640839118670162,0.3951754519028873,0.981535040283074,0.00239759040278846,9.269991835268903e-05
0.00749999999999984,1.6459889226103197,0.3957314000858493,0.9810261505415844,0.002386125030189532,9.520702390755176e-05
0.010499999999999954,1.651126911537915,0.39630197480724483,0.9805204428608286,0.0023741504908345538,9.764760967154751e-05
0.013499999999999623,1.6562521490030577,0.3968870839304453,0.9800180109413001,0.0023616756553749892,0.00010002192961280303
0.016499999999999737,1.6613636943093288,0.397486632708908,0.9795189462555524,0.002348709461527233,0.00010233029775130406
0.01949999999999985,1.6664606027887052,0.39810052384639605,0.9790233380557278,0.0023352609042106413,0.00010457308595780674
0.022499999999999964,1.6715419260802344,0.3987286575569673,0.9785312733829326,0.0023213390258855237,0.00010675072173619481
0.025499999999999634,1.6766067124123574,0.3993709316246842,0.9780428370783903,0.0023069529070997557,0.00010886368599412657
0.028499999999999748,1.6816540068887615,0.4000272414630005,0.9775581117963088,0.0022921116572518505,0.00011091251080671297
0.03149999999999986,1.6866828517776586,0.4006974801737818,0.9770771780183891,0.0022768244055774186,0.0001128977771778925
0.034499999999999975,1.691692286804368,0.4013815386059174,0.976600114069913,0.002261100292365782,0.00011482011280400777
0.037499999999999645,1.6966813494470856,0.4020793054134849,0.9761269961373386,0.0022449484604126677,0.00011668018984327291
0.04049999999999976,1.7016490752357218,0.4027906671134288,0.9756578982873385,0.002228378046714139,0.00011847872269580164
0.04349999999999987,1.7065944980536807,0.40351550814271747,0.975192892487213,0.0022113981744066335,0.00012021646579746764
0.046499999999999986,1.7115166504424548,0.4042537109149431,0.974732048626611,0.0021940179449574018,0.00012189421143141256
0.049499999999999655,1.7164145639089112,0.4050051558763328,0.9742754345404939,0.0021762464306086765,0.0001235127875605522
0.05249999999999977,1.7212872692351293,0.40576972156113933,0.973823116033276,0.0021580926670789237,0.0001250730556843112
0.05549999999999988,1.726133796790665,0.40654728464638207,0.9733751569040769,0.0021395656465233595,0.00012657590872238675
0.058499999999999996,1.7309531768470985,0.4073377200059102,0.9729316189730228,0.002120674310756093,0.00012802226892856268
0.061499999999999666,1.7357444398947355,0.40814090076376247,0.9724925621085304,0.0021014275447351015,0.00012941308583707577
0.06449999999999978,1.7405066169613106,0.408956698346799,0.9720580442555152,0.0020818341703111374,0.00013074933424385605
0.0674999999999999,1.7452387399325613,0.40978498253658097,0.9716281214644602,0.0020619029402412555,0.00013203201222483667
0.07050000000000001,1.7499398418745213,0.41062562152047966,0.9712028479212845,0.002041642532466899,0.00013326213919349463
0.07349999999999968,1.7546089573573895,0.41147848194199144,0.9707822759779545,0.0020210615446562717,0.0001344407539992388
0.07649999999999979,1.759245122780825,0.4123434289502429,0.9703664561837765,0.0020001684890102274,0.00013556891306853801
0.0794999999999999,1.7638473767005198,0.4132203262486687,0.9699554373173174,0.001978971787330471,0.00013664768858987964
0.08250000000000002,1.7684147601558968,0.41410903614284594,0.9695492664188942,0.0019574797663488653,0.0001376781667442637
0.08549999999999969,1.7729463169987787,0.415009419587472,0.9691479888235796,0.0019357006533155727,0.00013866144598208996
0.0884999999999998,1.7774410942228724,0.4159213362324729,0.9687516481946712,0.00191364257184408,0.00013959863534733404
0.09149999999999991,1.7818981422939197,0.4168446444682305,0.968360286557569,0.0018913135380106613,0.00014049085285019897
0.09450000000000003,1.7863165154803449,0.417779201469919,0.9679739443340144,0.0018687214567051863,0.00014133922388841208
0.0974999999999997,1.7906952721842522,0.4187248632409421,0.9675926603766389,0.0018458741182304993,0.00014214487971807833
0.10049999999999981,1.7950334752726032,0.4196814846554632,0.9672164720037759,0.0018227791951467634,0.00014290895597411472
0.10349999999999993,1.7993301924084226,0.42064891950002165,0.9668454150344873,0.0017994442393574714,0.0001436325912407201
0.10650000000000004,1.803584496381863,0.4216270205142319,0.9664795238237616,0.0017758766794331196,0.00014431692567205143
0.10949999999999971,1.8077954654409716,0.4226156394305593,0.9661188312978382,0.001752083818168515,0.0001449630996628492
0.11249999999999982,1.811962183621989,0.42361462701317165,0.9657633689896167,0.0017280728303696604,0.0001455722525689688
0.11549999999999994,1.8160837410790236,0.4246238330958632,0.9654131670741087,0.0017038507608658241,0.0001461455214777558
0.1184999999999996,1.820159234412932,0.42564310661905147,0.965068254403894,0.0016794245227422747,0.00014668404002763082
0.12149999999999972,1.8241877669992412,0.42667229566584625,0.9647286585445405,0.0016548008957889676,0.00014718893727673173
0.12449999999999983,1.8281684493149497,0.42771124749719325,0.9643944058099538,0.0016299865251604882,0.00014766133661991979
0.12749999999999995,1.8321003992640377,0.4287598085860932,0.9640655212976198,0.0016049879202423931,0.00014810235475344526
0.13049999999999962,1.8359827425015258,0.4298178246509,0.9637420289237035,0.001579811453719137,0.00014851310068696912
0.13349999999999973,1.8398146127559125,0.43088514068770206,0.9634239514579759,0.001554463360838164,0.00014889467480169014
0.13649999999999984,1.8435951521498266,0.43196160100179115,0.9631113105585327,0.0015289497388654304,0.00014924816795402107
0.13949999999999996,1.8473235115187303,0.4330470492382247,0.9628041268062784,0.0015032765467270864,0.00014957466062401082
0.14249999999999963,1.850998850727507,0.43414132841148767,0.9625024197391425,0.0014774496048322616,0.0001498752221072672
0.14549999999999974,1.854620338984769,0.4352442809342614,0.9622062078860052,0.0014514745950715447,0.00015015090974971406
0.14849999999999985,1.8581871551547195,0.4363557486453057,0.9619155088003009,0.0014253570609861273,0.0001504027682237691
0.15149999999999997,1.861698488066411,0.4374755728364647,0.9616303390932773,0.0013991024081024817,0.00015063182884525627
0.15449999999999964,1.8651535368202332,0.4386035942788047,0.9613507144668854,0.0013727159044270762,0.00015083910892961844
0.15749999999999975,1.868551511091468,0.4397396532478927,0.9610766497462762,0.001346202681096335,0.00015102561118646456
0.16049999999999986,1.8718916314307552,0.44088358954822776,0.9608081589118833,0.0013195677331764243,0.00015119232315111337
0.16349999999999998,1.8751731295613052,0.4420352425368339,0.9605452551310697,0.001292815920607984,0.00015134021665222475
0.16649999999999965,1.8783952486727027,0.44319445114602823,0.9602879507893204,0.0012659519692904775,0.00015147024731378556
0.16949999999999976,1.8815572437111447,0.4443610539053741,0.9600362575209596,0.00123898047230146,0.0001515833540908209
0.17249999999999988,1.8846583816659555,0.4455348889628331,0.9597901862393777,0.0012119058912457065,0.00015168045883709672
0.1755,1.8876979418522237,0.44671579410512785,0.9595497471667487,0.001184732557729219,0.00015176246590387467
0.17849999999999966,1.890675216189415,0.4479036067773294,0.9593149498632237,0.0011574646749534557,0.00015183026176826176
0.18149999999999977,1.8935895094758013,0.44909816410168274,0.9590858032555857,0.0011301063194251002,0.00015188471469001924
0.1844999999999999,1.896440139658565,0.4502993028956842,0.9588623156653491,0.001102661442776754,0.00015192667439546906
0.1875,1.8992264380994255,0.45150685968942583,0.9586444948362951,0.0010751338736937133,0.00015195697178731383
0.19049999999999967,1.9019477498356492,0.4527206707422206,0.9584323479614262,0.0010475273199428013,0.00015197641867921712
0.19349999999999978,1.9046034338362934,0.4539405720585251,0.9582258817093307,0.0010198453704986644,0.0001519858075536651
0.1964999999999999,1.907192863253552,0.4551663994031729,0.9580251022499453,0.0009920914977633749,0.00015198591134213787
0.1995,1.9097154256690567,0.45639798831593675,0.9578300152797062,0.0009642690598750872,0.00015197748322624694
0.20249999999999968,1.9121705233350041,0.4576351741254338,0.9576406260460787,0.0009363813031017444,0.0001519612564586041
0.2054999999999998,1.9145575734099731,0.4588777919623914,0.957456939371457,0.0009084313643160544,0.0001519379442023945
0.2084999999999999,1.916876008189302,0.4601256767722887,0.9572789596764255,0.0008804222735477051,0.00015190823938843558
0.21150000000000002,1.919125275329901,0.4613786633273917,0.9571066910023729,0.0008523569566090824,0.0001518728145887187
0.2144999999999997,1.9213048380693696,0.4626365862381986,0.9569401370334556,0.0008242382377908893,0.00015183232190485273
0.2174999999999998,1.9234141754393024,0.4638992799643127,0.9567793011178998,0.0007960688426244989,0.0001517873928710138
0.22049999999999992,1.9254527824726635,0.4651665788247591,0.9566241862886381,0.0007678514007070553,0.0001517386383698186
0.22350000000000003,1.9274201704051088,0.4664383170077648,0.9564747952832758,0.0007395884485863585,0.00015168664856040723
0.2264999999999997,1.929315866870153,0.4677143285800173,0.9563311305633804,0.0007112824327025478,0.00015163199281757655
0.22949999999999982,1.9311394160880624,0.46899444749542196,0.9561931943330898,0.0006829357123829717,0.00015157521968106654
0.23249999999999993,1.932890379048375,0.4702785076033742,0.9560609885570358,0.0006545505628876455,0.00015151685681402067
0.23550000000000004,1.9345683336859378,0.4715663426565659,0.9559345149775798,0.0006261291785023438,0.0001514574109696564
0.2384999999999997,1.9361728750503746,0.47285778631834346,0.9558137751313531,0.0005976736756765748,0.00015139736796552188
0.24149999999999983,1.9377036154688725,0.47415267216963597,0.9556987703651043,0.0005691860962035411,0.0001513371926642372
0.24449999999999994,1.93916018470221,0.4754508337154723,0.9555895018508457,0.0005406684104398052,0.00015127732896002088
0.2474999999999996,1.9405422300939295,0.4767521043911052,0.9554859706003008,0.0005121225205620051,0.00015121819977014246
0.2504999999999997,1.9418494167125755,0.47805631756776085,0.9553881774786457,0.00048355026385820304,0.00015116020703083113
0.25349999999999984,1.9430814274869128,0.47936330655803355,0.9552961232175464,0.0004549534160515156,0.0001511037316966383
0.25649999999999995,1.9442379633340512,0.4806729046209427,0.9552098084274888,0.0004263336946539202,0.00015104913374257485
0.2594999999999996,1.9453187432804058,0.4819849449666722,0.9551292336093979,0.00039769276234805675,0.0001509967521687351
0.26249999999999973,1.9463235045754215,0.48329926076101054,0.9550543991655476,0.0003690322303948302,0.000150946905006477
0.26549999999999985,1.9472520027979947,0.4846156851295111,0.9549853054097571,0.0003403536620647599,0.00015089988932578372
0.26849999999999996,1.948104011955539,0.48593405116139043,0.9549219525768767,0.000311658576091425,0.0001508559812430857
0.27149999999999963,1.9488793245756315,0.4872541919131847,0.954864340831556,0.00028294845014489894,0.00015081543592933153
0.27449999999999974,1.9495777517901907,0.4885759404121832,0.9548124702762998,0.00025422472432326987,0.00015077848761764438
0.27749999999999986,1.9501991234121385,0.4898991296596573,0.9547663409588065,0.00022548880466074413,0.00015074534961022543
0.28049999999999997,1.9507432880045017,0.49122359263390425,0.9547259528785917,0.00019674206665040597,0.00015071621428410577
0.28349999999999964,1.9512101129419128,0.49254916229312595,0.9546913059928928,0.00016798585878013704,0.00015069125309549888
0.28649999999999975,1.9515994844644762,0.4938756715781608,0.9546624002218579,0.0001392215060798226,0.00015067061658234065
0.28949999999999987,1.951911307723969,0.49520295341508747,0.954639235453016,0.00011045031367848637,0.00015065443436469955
0.2925,1.9521455068223497,0.49653084071772136,0.9546218115450296,8.167357036986827e-05,0.000150642815143123
0.29549999999999965,1.9523020248425529,0.49785916639002153,0.9546101283307281,5.289255218445098e-05,0.00015063584669428113
0.29849999999999977,1.9523808238715517,0.4991877633284284,0.954604185619424,2.410852596700712e-05,0.00015063359586427852
0.3014999999999999,1.9523818850156767,0.5005164644241502,0.9546039831985091,-4.677247042174028e-06,0.00015063610855896217
0.3045,1.9523052084081798,0.5018451025654189,0.9546095208343337,-3.3463507623726116e-05,0.0001506434097315658
0.30749999999999966,1.9521508132090422,0.5031735106397346,0.9546207982723645,-6.224899499494588e-05,0.00015065550336756885
0.3104999999999998,1.9519187375970226,0.5045015215361156,0.9546378152366263,-9.103244322593159e-05,0.0001506723724666128
0.3134999999999999,1.9516090387539529,0.5058289681473777,0.9546605714284246,-0.00011981257765806832,0.00015069397902151046
0.3165,1.9512217928412914,0.5071556833724568,0.9546890665243483,-0.00014858811132592223,0.00015072026399479412
0.3194999999999997,1.950757094968942,0.5084815001187988,0.954723300173556,-0.00017735774138436384,0.00015075114729225426
0.3224999999999998,1.9502150591563638,0.5098062513048327,0.9547632719943435,-0.00020612014554194616,0.0001507865277342917
0.3254999999999999,1.9495958182859887,0.511129769862548,0.954808981569993,-0.00023487397850278813,0.00015082628302485045
0.3285,1.948899524048974,0.512451888740195,0.9548604284439062,-0.0002636178684176687,0.00015087026971816262
0.3314999999999997,1.9481263468833223,0.5137724409051273,0.9549176121140196,-0.00029235041334659125,0.0001509183231837294
0.3344999999999998,1.9472764759044066,0.5150912593468059,0.9549805320265036,-0.00032107017773405335,0.00015097025756988052
0.3374999999999999,1.9463501188279324,0.5164081770799837,0.9550491875687461,-0.0003497756888989858,0.00015102586576589924
0.3405,1.9453475018853894,0.51772302714809,0.9551235780616214,-0.00037846543354050707,0.00015108491936346628
0.3434999999999997,1.944268869732035,0.5190356426268342,0.9552037027510434,-0.0004071378542619472,0.00015114716861752114
0.3464999999999998,1.9431144853474658,0.520345856628047,0.9552895607988064,-0.0004357913461145377,0.00015121234240730898
0.3494999999999999,1.9418846299288324,0.5216535023037797,0.9553811512727144,-0.0004644242531625134,0.0001512801481978152
0.35250000000000004,1.9405796027767563,0.5229584128506783,0.9554784731359972,-0.0004930348650718565,0.00015135027200216043
0.3554999999999997,1.9391997211740155,0.524260421514655,0.955581525236019,-0.0005216214137247336,0.00015142237834559
0.3584999999999998,1.9377453202570698,0.5255593615958712,0.9556903062922764,-0.0005501820698610841,0.00015149611023161454
0.36149999999999993,1.936216752880494,0.5268550664540562,0.9558048148836913,-0.0005787149397503354,0.0001515710891109409
0.3644999999999996,1.9346143894743995,0.5281473695141757,0.9559250494351988,-0.0006072180618948508,0.00015164691485377305
0.3674999999999997,1.9329386178949235,0.5294361042724726,0.9560510082036324,-0.0006356894037676031,0.00015172316572625277
0.37049999999999983,1.931189843267871,0.5307211043028955,0.9561826892629083,-0.0006641268585863773,0.00015179939837182404
0.37349999999999994,1.9293684878255961,0.5320022032639372,0.9563200904885124,-0.000692528242127254,0.00015187514779821756
0.3764999999999996,1.9274749907372175,0.5332792349058979,0.9564632095412928,-0.000720891289579584,0.00015194992737069393
0.3794999999999997,1.9255098079322626,0.5345520330785944,0.9566120438505601,-0.0007492136524451914,0.0001520232288128934
0.38249999999999984,1.9234734119178376,0.5358204317395326,0.9567665905964994,-0.0007774928954848727,0.00015209452221554804
0.38549999999999995,1.9213662915894276,0.5370842649625603,0.956926846691899,-0.0008057264937145178,0.0001521632560542694
0.3884999999999996,1.9191889520354353,0.5383433669470215,0.9570928087631971,-0.0008339118294541929,0.00015222885721745551
0.39149999999999974,1.9169419143355642,0.5395975720274261,0.9572644731308546,-0.0008620461894331368,0.00015229073104513048
0.39449999999999985,1.9146257153531592,0.5408467146836573,0.957441835789056,-0.0008901267619538521,0.00015234826137957297
0.39749999999999996,1.9122409075216238,0.5420906295517298,0.957624892384746,-0.0009181506341183599,0.00015240081062911816
0.40049999999999963,1.9097880586250275,0.54332915143512,0.9578136381960065,-0.00094611478912049,0.00015244771984586542
0.40349999999999975,1.907267751573034,0.544562115316683,0.9580080681097812,-0.0009740161036069447,0.00015248830881859425
0.40649999999999986,1.9046805841702625,0.5457893563711762,0.9582081765989527,-0.0010018513451115416,0.0001525218761819425
0.4095,1.9020271688802233,0.5470107099784023,0.9584139576987841,-0.0010296171695656673,0.00015254769954269097
0.41249999999999964,1.8993081325839487,0.5482260117369928,0.9586254049827264,-0.0010573101188889953,0.00015256503562504476
0.41549999999999976,1.896524116333457,0.5494350974788457,0.9588425115376077,-0.0010849266186646355,0.00015257312043529363
0.41849999999999987,1.8936757751001834,0.5506378032842344,0.9590652699382075,-0.0011124629759022091,0.0001525711694473863
0.4215,1.8907637775185155,0.551833965497604,0.9592936722212306,-0.0011399153768934613,0.0001525583778107875
0.42449999999999966,1.887788805624578,0.5530234207440706,0.9595277098586872,-0.0011672798851643477,0.0001525339205816569
0.42749999999999977,1.8847515545904023,0.5542060059466373,0.9597673737306942,-0.0011945524395279834,0.00015249695297865764
0.4304999999999999,1.8816527324536345,0.5553815583441448,0.9600126540977074,-0.0012217288522430247,0.00015244661066470593
0.4335,1.8784930598429193,0.5565499155099694,0.9602635405721998,-0.0012488048072815804,0.0001523820100556734
0.43649999999999967,1.8752732696991183,0.5577109153714825,0.9605200220897964,-0.001275775858711793,0.0001523022486578234
0.4394999999999998,1.8719941069925072,0.5588643962302867,0.9607820868798845,-0.0013026374291995782,0.0001522064054347502
0.4424999999999999,1.8686563284361046,0.5600101967832408,0.9610497224357117,-0.0013293848086339541,0.00015209354120547958
0.4455,1.865260702195292,0.5611481561442876,0.961322915483989,-0.0013560131528813932,0.00015196269907477434
0.4484999999999997,1.8618080075938734,0.562278113867097,0.9616016519540173,-0.001382517482673782,0.00015181290489696034
0.4514999999999998,1.858299034816738,0.5633999099685364,0.9618859169463546,-0.0014088926826347154,0.0001516431677747069
0.4544999999999999,1.8547345846092786,0.564513384952979,0.9621756947010445,-0.0014351335004499316,0.00015145248059381117
0.4575,1.8511154679737338,0.5656183798374635,0.962470968565424,-0.0014612345461861565,0.00015123982059532024
0.4604999999999997,1.8474425058626036,0.5667147361777136,0.9627717209615362,-0.001487190291763986,0.0001510041499862448
0.4634999999999998,1.8437165288693096,0.5678022960950276,0.9630779333531662,-0.0015129950705897223,0.00015074441658993583
0.4664999999999999,1.8399383769162592,0.5688809023040485,0.9633895862125271,-0.0015386430773515964,0.00015045955453738823
0.46950000000000003,1.836108898940475,0.569950398141422,0.96370665898662,-0.001564128367985276,0.0001501484850005804
0.4724999999999997,1.8322289525769573,0.5710106275953517,0.9640291300632933,-0.0015894448598140797,0.00014981011696891944
0.4754999999999998,1.828299403839942,0.5720614353360571,0.9643569767370297,-0.001614586331868907,0.00014944334806985733
0.4784999999999999,1.824321126802219,0.5731026667471427,0.9646901751744897,-0.0016395464253934845,0.00014904706543474725
0.48150000000000004,1.8202950032726781,0.5741341679578834,0.9650287003798396,-0.0016643186445394794,0.00014862014661066528
0.4844999999999997,1.8162219224722462,0.5751557858764307,0.965372526159898,-0.0016888963572569901,0.00014816146051932705
0.4874999999999998,1.8121027807083834,0.576167368223944,0.9657216250891302,-0.0017132727963852163,0.00014766986846376966
0.49049999999999994,1.8079384810483003,0.5771687635696517,0.9660759684745256,-0.0017374410609486274,0.00014714422518368142
0.4934999999999996,1.8037299329910685,0.5781598213668425,0.9664355263203943,-0.0017613941176631708,0.00014658337995997748
0.4964999999999997,1.7994780521387823,0.5791403919897895,0.9668002672931165,-0.0017851248026573788,0.00014598617776901817
0.49949999999999983,1.7951837598669416,0.5801103267716078,0.9671701586858852,-0.0018086258234133454,0.00014535146048751793
0.5025,1.7908479829942199,0.5810694780430443,0.9675451663834791,-0.0018318897609316492,0.0001446780681478951
0.5054999999999996,1.7864716534517793,0.5820176991721997,0.9679252548271081,-0.0018549090721249773,0.00014396484024485645
0.5084999999999997,1.7820557079523012,0.5829548446051777,0.9683103869793714,-0.0018776760924445934,0.00014321061709328829
0.5114999999999998,1.7776010876588881,0.5838807699076596,0.968700524289373,-0.0019001830387435274,0.00014241424123730262
0.5145,1.773108737854004,0.5847953318074004,0.9690956266580382,-0.0019224220123807713,0.000141574558910945
0.5174999999999996,1.7685796076086133,0.585698388237637,0.9694956524036772,-0.0019443850025696173,0.00014069042154978202
0.5204999999999997,1.7640146494516795,0.5865897983814039,0.9699005582278435,-0.0019660638899737758,0.0001397606873536588
0.5234999999999999,1.7594148190401762,0.5874694227167486,0.9703102991815358,-0.001987450450554591,0.00013878422289975739
0.5265,1.754781074829777,0.5883371230628334,0.9707248286317927,-0.002008536359671772,0.00013775990480561123
0.5294999999999996,1.7501143777463755,0.5891927626269169,0.9711440982287324,-0.002029313196440808,0.00013668662144143915
0.5324999999999998,1.7454156908585883,0.5900362060522,0.9715680578730895,-0.002049772448348929,0.00013556327469069275
0.5354999999999999,1.740685979051402,0.5908673194665228,0.9719966556843033,-0.0020699055161314704,0.00013438878175805986
0.5385,1.7359262087011074,0.5916859705318983,0.9724298379692111,-0.0020897037189107916,0.00013316207702340245
0.5414999999999996,1.7311373473516753,0.5924920284948658,0.9728675491914067,-0.0021091582995983894,0.00013188211394058732
0.5444999999999998,1.7263203633927247,0.5932853642376448,0.9733097319413162,-0.00212826043056131,0.00013054786697951808
0.5474999999999999,1.721476225739223,0.5940658503300716,0.9737563269070545,-0.0021470012195532605,0.00012915833360959471
0.5505,1.71660590351307,0.5948333610822962,0.9742072728461201,-0.002165371715910517,0.0001277125363226766
0.5534999999999997,1.7117103657267019,0.5955877725982167,0.9746625065579884,-0.0021833629170119715,0.0001262095246937126
0.5564999999999998,1.7067905809688608,0.5963289628296268,0.975121962857667,-0.002200965775002518,0.00012464837747634883
0.5594999999999999,1.7018475170926666,0.5970568116310512,0.9755855745502738,-0.0022181712037785146,0.00012302820473133254
0.5625,1.696882140906123,0.5977712008152414,0.9760532724067031,-0.002234970086233335,0.00012134814998479623
0.5654999999999997,1.6918954178651988,0.5984720142092995,0.9765249851404421,-0.002251353281760495,0.00011960739241377207
0.5684999999999998,1.6868883117696092,0.5991591377114045,0.977000639385604,-0.0022673116340115834,0.00011780514905563505
0.5714999999999999,1.681861784461429,0.5998324593481027,0.9774801596762431,-0.0022828359789055304,0.0001159406770383215
0.5745,1.6768167955266655,0.6004918693321314,0.9779634684270176,-0.002297917152885052,0.00011401327582756768
0.5774999999999997,1.6717543019999093,0.6011372601207386,0.978450485915267,-0.0023125460014156505,0.0001120222894878322
0.5804999999999998,1.666675258072189,0.6017685264744612,0.9789411302645691,-0.0023267133877222053,0.0001099671089527826
0.5834999999999999,1.661580614802149,0.6023855655163197,0.9794353174298476,-0.0023404102017570458,0.00010784717430117996
0.5865,1.6564713198306598,0.6029882767913919,0.9799329611840931,-0.00235362736939316,0.00010566197703396022
0.5894999999999997,1.6513483170989793,0.6035765623267186,0.9804339731067667,-0.0023663558618356815,0.00010341106234800019
0.5924999999999998,1.6462125465705744,0.6041503266914989,0.9809382625739537,-0.002378586705243671,0.00010109403140182156
0.5954999999999999,1.6410649439567053,0.604709477057526,0.9814457367503329,-0.0023903109905542906,9.871054356842135e-05
0.5985,1.6359064404458818,0.6052539232598169,0.9819563005830292,-0.0024015198835000188,9.62603186699994e-05
0.6014999999999997,1.630737962437292,0.6057835778573848,0.982469856797414,-0.0024122046348095867,9.374313918964016e-05
0.6044999999999998,1.6255604312782959,0.6062983561941014,0.9829863058949194,-0.0024223565905822516,9.115885245430654e-05
0.6074999999999999,1.620374763006086,0.6067981764595971,0.9835055461529313,-0.0024319672028245577,8.850737278361097e-05
0.6105,1.6151818680936034,0.6072829597501407,0.9840274736268234,-0.0024410280401382005,8.578868359877756e-05
0.6134999999999997,1.6099826511997948,0.6077526301294447,0.9845519821541965,-0.0024495307985464812,8.300283948578142e-05
0.6164999999999998,1.6047780109243033,0.6082071146893347,0.9850789633613815,-0.002457467312446978,8.014996820699862e-05
0.6194999999999999,1.5995688395666665,0.6086463436102233,0.9856083066722698,-0.002464829565676581,7.723027265479622e-05
0.6224999999999996,1.59435602289011,0.6090702502213262,0.9861398993195247,-0.0024716097026749287,7.424403274152652e-05
0.6254999999999997,1.5891404398900013,0.6094787710605576,0.9866736263582341,-0.0024778000397320046,7.119160721902656e-05
0.6284999999999998,1.5839229625670481,0.609871845934038,0.987209370682057,-0.0024833930763037784,6.807343542166277e-05
0.6315,1.5787044557053003,0.6102494179751489,0.9877470130419174,-0.0024883815063808873,6.489003892659072e-05
0.6344999999999996,1.5734857766550265,0.6106114337030664,0.9882864320672936,-0.002492758229893379,6.164202312455193e-05
0.6374999999999997,1.568267775120528,0.6109578430807039,0.9888275042901539,-0.002496516364134872,5.8330078694980144e-05
0.6404999999999998,1.5630512929529452,0.6112885995719929,0.9893701041715812,-0.002499649255188331,5.495498297882267e-05
0.6435,1.5578371639481159,0.6116036601984305,0.9899141041311298,-0.0025021504893359124,5.151760124301631e-05
0.6464999999999996,1.5526262136495372,0.6119029855948197,0.9904593745789536,-0.0025040139044339026,4.801888782968851e-05
0.6494999999999997,1.5474192591564775,0.61218654006413,0.9910057839507422,-0.0025052336012344086,4.4459887184401406e-05
0.6524999999999999,1.5422171089372894,0.6124542916314004,0.9915531987454964,-0.0025058039546338655,4.0841734756860326e-05
0.6555,1.5370205626479585,0.6127062120966122,0.9921014835661742,-0.002505719624829431,3.716565776807363e-05
0.6584999999999996,1.5318304109559353,0.6129422770864518,0.9926505011632318,-0.002504975568362512,3.3432975838114376e-05
0.6614999999999998,1.5266474353692785,0.6131624661048871,0.9932001124810806,-0.0025035670490295586,2.9645101468482035e-05
0.6644999999999999,1.5214724080711464,0.6133667625824802,0.99375017670748,-0.002501489648639243,2.5803540373669127e-05
0.6675,1.5163060917596636,0.6135551539243562,0.9943005513258758,-0.002498739277595519,2.1909891656544972e-05
0.6704999999999997,1.5111492394931891,0.6137276315567503,0.9948510921706971,-0.0024953121852852064,1.7965847821998423e-05
0.6734999999999998,1.5060025945410094,0.6138841909720523,0.9954016534856142,-0.002491204970248956,1.3973194624406855e-05
0.6764999999999999,1.5008668902394708,0.6140248317722724,0.9959520879847553,-0.002486414590114913,9.93381074406448e-06
0.6795,1.4957428498535754,0.614149557710844,0.9965022469168804,-0.002480938371272936,5.849667288367018e-06
0.6824999999999997,1.4906311864440418,0.614258376732689,0.9970519801324994,-0.0024747740182689717,1.722827113568571e-06
0.6854999999999998,1.4855326027398528,0.6143513010124628,0.9976011361539204,-0.002467919622897564,-2.444556036440257e-06
0.6884999999999999,1.4804477910162837,0.6144283469909028,0.9981495622482072,-0.0024603736729720107,-6.650238577403226e-06
0.6915,1.4753774329784244,0.6144895354092001,0.9986971045030179,-0.0024521350607510186,-1.0891888321050451e-05
0.6944999999999997,1.47032219965019,0.6145348913413193,0.9992436079052966,-0.002443203091001003,-1.516708590301754e-05
0.6974999999999998,1.4652827512688158,0.6145644442241868,0.9997889164227783,-0.002433577488673714,-1.9473326403986913e-05
0.7004999999999999,1.4602597371848343,0.614578227885675,1.0003328730882635,-0.0024232584061792623,-2.380802116592653e-05
0.7035,1.4552537957675227,0.6145762805703041,1.0008753200866154,-0.002412246430234357,-2.816849980418196e-05
0.7064999999999997,1.4502655543158083,0.6145586449625922,1.001416098844425,-0.002400542588266849,-3.255201241599618e-05
0.7094999999999998,1.445295628974618,0.6145253682079778,1.00195505012228,-0.0023881483543577936,-3.695573198552745e-05
0.7124999999999999,1.4403446246566534,0.614476501931247,1.0024920141095754,-0.0023750656547024086,-4.1376756984507214e-05
0.7155,1.4354131349695687,0.6144121022523967,1.0030268305217915,-0.0023612968725730665,-4.581211416788508e-05
0.7184999999999997,1.4305017421485318,0.6143322297998636,1.0035593387001573,-0.0023468448527664302,-5.025876156227789e-05
0.7214999999999998,1.4256110169941378,0.6142369497210599,1.0040893777136206,-0.002331712905519128,-5.471359164533016e-05
0.7244999999999999,1.4207415188156483,0.6141263316901485,1.004616786463028,-0.0023159048098765588,-5.917343471285499e-05
0.7275,1.4158937953795239,0.614000449912999,1.0051414037874231,-0.0022994248164996947,-6.36350624305747e-05
0.7304999999999997,1.4110683828632162,0.6138593831292682,1.0056630685723569,-0.0022822776498967784,-6.809519156609865e-05
0.7334999999999998,1.406265805814181,0.613703214611549,1.0061816198601015,-0.0022644685100666343,-7.255048789664789e-05
0.7364999999999999,1.4014865771140739,0.6135320321615342,1.006696896961657,-0.0022460030735418314,-7.699757028742863e-05
0.7394999999999996,1.396731197948086,0.6133459281031501,1.0072087395704263,-0.0022268874938214337,-8.143301493447048e-05
0.7424999999999997,1.3920001577793786,0.6131449992726096,1.0077169878774366,-0.002207128401182678,-8.585335976571514e-05
0.7454999999999998,1.3872939343285624,0.6129293470053442,1.0082214826879727,-0.002186732901863782,-9.025510899316597e-05
0.7484999999999999,1.3826129935581815,0.6126990771197768,1.00872206553949,-0.002165708576610028,-9.46347378085607e-05
0.7514999999999996,1.3779577896621447,0.612454299897897,1.0092185788206616,-0.0021440634785769674,-9.89886972143603e-05
0.7544999999999997,1.3733287650600545,0.6121951300626085,1.0097108658914171,-0.0021218061305856985,-0.00010331341898121298
0.7574999999999998,1.368726350396375,0.6119216867518202,1.0101987712038192,-0.002098945521726422,-0.00010760532072288262
0.7605,1.364150964544383,0.6116340934892573,1.0106821404236248,-0.002075491103307778,-0.00011186081107850411
0.7634999999999996,1.3596030146148461,0.6113324781519706,1.0111608205523688,-0.002051452784150642,-0.00011607629499201772
0.7664999999999997,1.3550828959693582,0.6110169729345296,1.01163466004981,-0.0020268409252267422,-0.00012024817907804293
0.7694999999999999,1.3505909922382786,0.6106877143098886,1.0121035089565684,-0.002001666333643677,-0.0001243728770629716
0.7725,1.346127675343203,0.6103448429869142,1.0125672190167863,-0.0019759402559785238,-0.0001284468152897683
0.7754999999999996,1.341693305523902,0.6099885038645771,1.0130256438006375,-0.001949674370965051,-0.00013246643827401363
0.7784999999999997,1.3372882313696597,0.6096188459828059,1.0134786388265096,-0.0019228807815397072,-0.00013642821429948326
0.7814999999999999,1.3329127898549409,0.6092360224700094,1.0139260616826795,-0.0018955720062534826,-0.0001403286410402193
0.7845,1.3285673063793155,0.6088401904872816,1.0143677721483018,-0.0018677609700577466,-0.00014416425119601956
0.7874999999999996,1.3242520948115666,0.6084315111693008,1.0148036323135272,-0.0018394609944743826,-0.00014793161812858964
0.7904999999999998,1.3199674575379108,0.608010149561947,1.015233506698569,-0.001810685787160573,-0.0001516273614846578
0.7934999999999999,1.3157136855142488,0.6075762745566596,1.0156572623715303,-0.0017814494308812903,-0.00015524815279257493
0.7965,1.3114910583223776,0.6071300588215695,1.016074769064809,-0.001751766371902871,-0.0001587907210188829
0.7994999999999997,1.3072998442300774,0.6066716787294358,1.016485899289895,-0.0017216514078229454,-0.00016225185807094741
0.8024999999999998,1.3031403002549995,0.6062013142824325,1.016890528450373,-0.0016911196748531265,-0.0001656284242321365
0.8054999999999999,1.2990126722322717,0.6057191490338244,1.0172885349529506,-0.0016601866345720136,-0.0001689173535158489
0.8085,1.2949171948857412,0.6052253700065859,1.017679800316327,-0.0016288680601672584,-0.00017211565892459677
0.8114999999999997,1.290854091902771,0.604720167609015,1.018064209277721,-0.0015971800221868356,-0.00017522043760091695
0.8144999999999998,1.2868235760125066,0.6042037355474025,1.0184416498968787,-0.0015651388738207835,-0.00017822887585648142
0.8174999999999999,1.2828258490675286,0.6036762707358202,1.0188120136573888,-0.001532761235735676,-0.00018113825406668673
0.8205,1.2788611021288077,0.6031379732030961,1.0191751955651265,-0.0015000639804847089,-0.00018394595141754718
0.8234999999999997,1.2749295155538711,0.6025890459970502,1.0195310942436602,-0.0014670642165183487,-0.00018664945049258285
0.8264999999999998,1.2710312590881006,0.6020296950860685,1.019879612026455,-0.001433779271820426,-0.00018924634168770605
0.8294999999999999,1.2671664919590677,0.6014601292580979,1.0202206550457094,-0.0014002266771960003,-0.00019173432744192293
0.8325,1.2633353629738269,0.6008805600171465,1.0205541333176678,-0.0013664241492376285,-0.00019411122627287211
0.8354999999999997,1.2595380106190674,0.6002912014773828,1.0208799608242622,-0.0013323895729981947,-0.0001963749766064036
0.8384999999999998,1.255774563164045,0.5996922702549254,1.0211980555909304,-0.0012981409843986383,-0.00019852364038984349
0.8414999999999999,1.2520451387661984,0.5990839853574247,1.0215083397604767,-0.001263696552399187,-0.0002005554064793713
0.8445,1.248349845579365,0.5984665680715362,1.0218107396628358,-0.0012290745609642485,-0.0002024685937921298
0.8474999999999997,1.2446887818645023,0.5978402418483946,1.0221051858806163,-0.0011942933908507826,-0.0002042616542149081
0.8504999999999998,1.2410620361028266,0.5972052321871952,1.0223916133103057,-0.0011593715012507115,-0.00020593317526172952
0.8534999999999999,1.2374696871112811,0.5965617665169987,1.0226699612190169,-0.0011243274113181413,-0.00020748188247285664
0.8565,1.23391180416024,0.5959100740768715,1.0229401732966819,-0.0010891796816124475,-0.00020890664154927906
0.8594999999999997,1.2303884470933595,0.5952503857944847,1.0232021977035863,-0.0010539468954887273,-0.00021020646021703047
0.8624999999999998,1.2268996664494873,0.5945829341632911,1.0234559871131619,-0.001018647640466659,-0.00021138048981624136
0.8654999999999999,1.2234455035865384,0.5939079531184042,1.0237014987499555,-0.0009833004896094247,-0.00021242802661142006
0.8684999999999996,1.220025990807247,0.593225677911307,1.0239386944227047,-0.0009479239829440338,-0.0002133485128194636
0.8714999999999997,1.2166411514867084,0.5925363449835203,1.0241675405524546,-0.0009125366089541322,-0.00021414153735305124
0.8744999999999998,1.2132910002016148,0.591840191839358,1.0243880081956673,-0.0008771567861763841,-0.00021480683627790137
0.8775,1.2099755428611048,0.5911374569179048,1.0246000730622766,-0.0008418028449312615,-0.00021534429298323055
0.8804999999999996,1.2066947768391294,0.5904283794643485,1.0248037155286573,-0.0008064930092185358,-0.00021575393806561637
0.8834999999999997,1.20344869110825,0.5897131994008034,1.0249989206454815,-0.0007712453788074088,-0.00021603594892706366
0.8864999999999998,1.2002372663747822,0.5889921571967579,1.0251856781404487,-0.0007360779115508266,-0.00021619064908901913
0.8895,1.1970604752151948,0.5882654937392874,1.0253639824158842,-0.0007010084059528651,-0.00021621850722529468
0.8924999999999996,1.1939182822136762,0.5875334502031648,1.0255338325412104,-0.0006660544840172156,-0.00021612013591690166
0.8954999999999997,1.1908106441007889,0.5867962679210106,1.0256952322403041,-0.0006312335744046946,-0.0002158962901332991
0.8984999999999999,1.1877375098931178,0.5860541882536165,1.0258481898737655,-0.0005965628959262345,-0.00021554786544485566
0.9015,1.1846988210338336,0.5853074524605827,1.0259927184161313,-0.0005620594413972227,-0.00021507589597242324
0.9044999999999996,1.1816945115340844,0.584556301571402,1.0261288354280738,-0.0005277399618786437,-0.00021448155208017916
0.9074999999999998,1.1787245081151345,0.5838009762571311,1.02625656302364,-0.0004936209513288,-0.00021376613781936803
0.9104999999999999,1.1757887303511656,0.5830417167027808,1.0263759278325921,-0.00045971863168864927,-0.00021293108813031657
0.9135,1.1728870908126592,0.5822787624805599,1.0264869609579186,-0.0004260489384229497,-0.00021197796581141738
0.9164999999999996,1.170019495210283,0.5815123524241045,1.0265896979285964,-0.00039262750653823626,-0.00021090845826422425
0.9194999999999998,1.167185842539198,0.5807427245038259,1.026684178647693,-0.00035946965709712515,-0.00020972437402406988
0.9224999999999999,1.1643860252237097,0.579970115703502,1.0267704473359016,-0.000326590384247852,-0.00020842763908639946
0.9255,1.1616199292621836,0.5791947618982413,1.0268485524706188,-0.00029400434278651385,-0.0002070202930397101
0.9284999999999997,1.1588874343721558,0.578416897733943,1.026918546720672,-0.0002617258362678539,-0.0002055044850160468
0.9314999999999998,1.1561884141355512,0.5776367565083753,1.0269804868768229,-0.00022976880567964812,-0.0002038824694704782
0.9344999999999999,1.15352273614395,0.576854570053989,1.027034433778164,-0.00019814681869444263,-0.00020215660180147605
0.9375,1.150890262143815,0.5760705686225851,1.027080452234554,-0.0001668730595108731,-0.00020032933382428927
0.9404999999999997,1.1482908481816234,0.575284980771946,1.0271186109452226,-0.00013596031929525117,-0.00019840320911003367
0.9434999999999998,1.1457243447488183,0.5744980332545416,1.027148982413697,-0.00010542098723330806,-0.00019638085820280565
0.9464999999999999,1.1431905969265213,0.5737099509084157,1.0271716428591986,-7.526704220034239e-05,-0.00019426499372777504
0.9495,1.1406894445299354,0.5729209565503529,1.0271866721246694,-4.5510045056653236e-05,-0.0001920584054034317
0.9524999999999997,1.138220722252369,0.572131270871428,1.0271941535815894,-1.616113157358858e-05,-0.00018976395497063148
0.9554999999999998,1.1357842598088226,0.571341112335028,1.0271941740317494,1.2768994005094925e-05,-0.00018738457105184388
0.9584999999999999,1.1333798820790675,0.570550697077438,1.0271868236061559,4.127006476431981e-05,-0.00018492324395370287
0.9615,1.1310074092501616,0.5697602388110788,1.027172195661234,6.933225627914277e-05,-0.00018238302042546787
0.9644999999999997,1.1286666569583357,0.5689699487304744,1.027150386672512,9.694619113658116e-05,-0.00017976699838693916
0.9674999999999998,1.1263574364301954,0.5681800354210272,1.027121496125962,0.00012410294281905588,-0.00017707832163798393
0.9704999999999999,1.1240795546231797,0.5673907047706747,1.0270856264071848,0.00015079403895139554,-0.00017432017456283958
0.9735,1.1218328143652194,0.566602159884492,1.027042882688617,0.0001770114639153455,-0.00017149577684133158
0.9764999999999997,1.1196170144935431,0.5658146010023065,1.0269933728149476,0.00020274766083632208,-0.00016860837817893112
0.9794999999999998,1.117431949992573,0.5650282254193789,1.0269372071869312,0.00022799553294823826,-0.00016566125306818148
0.9824999999999999,1.1152774121308662,0.5642432274102068,1.026874498643781,0.0002527484443439369,-0.00016265769559225377
0.9855,1.1131531885970463,0.5634597981554972,1.0268053623443303,0.0002770002201190066,-0.00015960101428210728
0.9884999999999997,1.1110590636346767,0.5626781256723504,1.0267299156471485,0.00030074514591866294,-0.0001564945270385036
0.9914999999999998,1.1089948181760316,0.5618983947476964,1.0266482779897923,0.00032397796689808306,-0.00015334155612845582
0.9944999999999999,1.1069602299747199,0.561120786875013,1.0265605707673833,0.0003466938861074277,-0.00015014542326669014
0.9974999999999996,1.104955073737112,0.5603454801943574,1.026466917210686,0.0003688885623139743,-0.0001469094447914114
1.0004999999999997,1.1029791212525375,0.5595726494357323,1.0263674422638707,0.0003905581072744332,-0.0001436369269431494
1.0034999999999998,1.101032141522202,0.5588024658658055,1.0262622724621397,0.0004116990824717026,-0.00014033116125571995
1.0065,1.0991139008867954,0.5580350972379976,1.026151535809386,0.00043230849533087745,-0.00013699542006674425
1.0094999999999996,1.0972241631527422,0.5572707077459447,1.0260353616560636,0.00045238379492987507,-0.0001336329521557079
1.0124999999999997,1.095362689717068,0.5565094579803403,1.025913880577431,0.00047192286722142043,-0.00013024697851621265
1.0154999999999998,1.0935292396908436,0.5557515048891573,1.0257872242523378,0.000490924029782955,-0.00012684068826886684
1.0185,1.09172357002117,0.5549970017412422,1.0256555253427093,0.0005093860261118882,-0.00012341723472072676
1.0214999999999996,1.089945435611682,0.554246098093273,1.0255189173738923,0.0005273080194849023,-0.00011997973157661344
1.0244999999999997,1.0881945894415315,0.5534989397600654,1.025377534616005,0.0005446895863990635,-0.00011653124930696029
1.0274999999999999,1.0864707826828266,0.55275566878821,1.0252315119664472,0.0005615307096140707,-0.00011307481167661638
1.0305,1.0847737648165008,0.5520164234330148,1.0250809848337046,0.0005778317708149364,-0.00010961339243773196
1.0334999999999996,1.0831032837465804,0.5512813381387286,1.024926089022589,0.0005935935429144756,-0.00010614991219066343
1.0364999999999998,1.0814590859128363,0.550550543522011,1.0247669606210443,0.0006088171820160244,-0.0001026872354146018
1.0394999999999999,1.0798409164017861,0.5498241663586184,1.0246037358886424,0.0006235042190557388,-9.922816767059302e-05
1.0425,1.0782485190560354,0.5491023295732599,1.0244365511468914,0.000637656551145307,-9.577545297795487e-05
1.0454999999999997,1.0766816365819318,0.5483851522325893,1.0242655426714689,0.0006512764326350072,-9.233177136562527e-05
1.0484999999999998,1.0751400106555171,0.5476727495412809,1.02409084658649,0.0006643664659176761,-8.889973659848668e-05
1.0514999999999999,1.0736233820267573,0.5469652328411408,1.0239125987609103,0.0006769295919939839,-8.54818940789167e-05
1.0545,1.0721314906220392,0.5462627096132051,1.0237309347071635,0.0006889690808192587,-8.208071892327307e-05
1.0574999999999997,1.0706640756449135,0.5455652834827633,1.0235459894821202,0.0007004885214521819,-7.869861421199699e-05
1.0604999999999998,1.0692208756750794,0.5448730542272556,1.0233578975904545,0.0007114918120252661,-7.533790941250849e-05
1.0635,1.0678016287655878,0.5441861177869762,1.023166792890496,0.0007219831495574077,-7.200085897285773e-05
1.0665,1.0664060725382656,0.543504566278525,1.022972808502638,0.0007319670196277284,-6.868964108402761e-05
1.0694999999999997,1.06503394427734,0.5428284880109386,1.0227760767203686,0.0007414481859305815,-6.540635660871821e-05
1.0724999999999998,1.0636849810212625,0.5421579675044329,1.0225767289239842,0.0007504316797306245,-6.215302817344363e-05
1.0755,1.0623589196527234,0.5414930855116878,1.0223748954970378,0.0007589227892366907,-5.893159942082913e-05
1.0785,1.0610554969868506,0.540833919041602,1.022170705745572,0.0007669270489131731,-5.574393441892793e-05
1.0814999999999997,1.0597744498575894,0.5401805413854451,1.0219642878201753,0.0007744502287466802,-5.259181722330878e-05
1.0844999999999998,1.058515515202256,0.5395330221453288,1.021755768640901,0.0007814983234858113,-4.94769515885881e-05
1.0875,1.0572784301442721,0.5388914272649251,1.0215452738250748,0.00078807754187092,-4.640096082448493e-05
1.0905,1.056062932074066,0.5382558190623509,1.02133292761802,0.0007941942958707909,-4.336538779241806e-05
1.0934999999999997,1.0548687587281511,0.5376262562651397,1.0211188528267174,0.0007998551899424345,-4.037169503781578e-05
1.0964999999999998,1.0536956482663788,0.537002794047223,1.0209031707564087,0.0008050670103293456,-3.742126505308853e-05
1.0995,1.0525433393473662,0.5363854840678407,1.0206860011501624,0.0008098367144134577,-3.451540066695353e-05
1.1025,1.0514115712021033,0.5357743745122967,1.020467462131397,0.0008141714201357989,-3.165532555415087e-05
1.1054999999999997,1.0503000837057435,0.5351695101344829,1.0202476701493592,0.0008180783954988831,-2.8842184860846787e-05
1.1084999999999998,1.0492086174475814,0.534570932301085,1.0200267399275602,0.0008215650481651895,-2.607704594061483e-05
1.1115,1.0481369137992265,0.5339786790373923,1.019804784415147,0.0008246389151639563,-2.3360899194843913e-05
1.1144999999999996,1.0470847149809726,0.533392785074628,1.0195819147412033,0.0008273076527184742,-2.0694659013067e-05
1.1174999999999997,1.0460517641263796,0.5328132818987175,1.0193582401719536,0.0008295790262058987,-1.807916480710382e-05
1.1204999999999998,1.0450378053450677,0.5322401978004154,1.0191338680708517,0.0008314609002601117,-1.551518213381189e-05
1.1235,1.0440425837837388,0.531673557926708,1.018908903861521,0.0008329612290281939,-1.3003403900784045e-05
1.1264999999999996,1.0430658456854323,0.5311133843334115,1.01868345099352,0.0008340880465899797,-1.054445164979785e-05
1.1294999999999997,1.0421073384470254,0.5305596960388864,1.0184576109108965,0.000834849457550228,-8.138876912599019e-06
1.1324999999999998,1.0411668106749932,0.5300125090787894,1.01823148302349,0.0008352536278116402,-5.787162633141761e-06
1.1355,1.0402440122394343,0.5294718365617812,1.0180051646809456,0.0008353087755365778,-3.4897246516923346e-06
1.1384999999999996,1.0393386943263827,0.5289376887261177,1.017778751149391,0.0008350231623048827,-1.2469132449111748e-06
1.1414999999999997,1.0384506094884114,0.5284100729970435,1.0175523355907317,0.0008344050844743973,9.40985282780082e-07
1.1444999999999999,1.0375795116935487,0.5278889940449148,1.0173260090445146,0.0008334628647502836,3.073746961887068e-06
1.1475,1.0367251563725162,0.527374453843978,1.0170998604123087,0.0008322048439687195,5.151208479378191e-06
1.1504999999999996,1.0358873004643079,0.5268664517317282,1.0168739764445465,0.0008306393730998038,7.173265464003785e-06
1.1534999999999997,1.0350657024601273,0.5263649844687801,1.0166484417297723,0.0008287748054740877,9.13987074032476e-06
1.1564999999999999,1.0342601224456913,0.5258700462991774,1.0164233386862394,0.0008266194892364116,1.1051032555407344e-05
1.1595,1.033470322141929,0.5253816290110748,1.0161987475557939,0.0008241817600307215,1.2906812783431855e-05
1.1624999999999996,1.032696064944084,0.5248997219977232,1.0159747463999875,0.0008214699339181525,1.4707325112052565e-05
1.1654999999999998,1.0319371159592416,0.524424312318695,1.0157514110983539,0.0008184923005308988,1.645273321467678e-05
1.1684999999999999,1.031193242042301,0.5239553847612834,1.0155288153487871,0.0008152571164636029,1.814324891283197e-05
1.1715,1.0304642118304064,0.5234929219020146,1.0153070306699576,0.0008117725989034782,1.977913033243247e-05
1.1744999999999997,1.029749795775863,0.5230369041682118,1.0150861264056972,0.0008080469195001972,2.1360680057649854e-05
1.1774999999999998,1.0290497661775524,0.5225873098995536,1.014866169731291,0.0008040881984754459,2.2888243285854734e-05
1.1804999999999999,1.028363897210868,0.5221441154095678,1.0146472256616077,0.000799904498972821,2.4362205987093537e-05
1.1835,1.0276919649561942,0.5217072950470067,1.0144293570610006,0.0007955038216471015,2.578299307119623e-05
1.1864999999999997,1.0270337474259468,0.5212768212570503,1.014212624654913,0.0007908940994920002,2.7151066565787707e-05
1.1894999999999998,1.0263890245901959,0.5208526646422863,1.0139970870431214,0.0007860831929055502,2.8466923807785672e-05
1.1925,1.025757578400896,0.5204347940234152,1.0137828007145469,0.0007810788849914746,2.9731095651214885e-05
1.1955,1.0251391928147389,0.5200231764996367,1.0135698200635685,0.000775888877094533,3.094414469410594e-05
1.1984999999999997,1.024533653814658,0.5196177775086673,1.0133581974077723,0.0007705207845674314,3.2106663526642e-05
1.2014999999999998,1.0239407494300021,0.519218560886347,1.0131479830070682,0.0007649821327672859,3.321927300262555e-05
1.2045,1.0233602697554003,0.518825488925793,1.0129392250841087,0.0007592803532784486,3.4282620536934034e-05
1.2075,1.0227920069683425,0.51843852243606,1.0127319698459454,0.0007534227803587661,3.529737843013675e-05
1.2104999999999997,1.0222357553454997,0.5180576208002676,1.0125262615068535,0.0007474166476060768,3.626424222267017e-05
1.2134999999999998,1.0216913112778014,0.51768274203316,1.0123221423122666,0.0007412690848411735,3.718392907987606e-05
1.2165,1.0211584732843,0.5173138428380609,1.012119652563751,0.0007349871152036219,3.8057176209525146e-05
1.2195,1.020637042024839,0.5169508786631923,1.011918830644964,0.0007285776524565328,3.8884739312993565e-05
1.2224999999999997,1.0201268203115519,0.5165938037573267,1.0117197130485291,0.0007220474984961419,3.9667391071418275e-05
1.2254999999999998,1.0196276131192141,0.5162425712247396,1.0115223344037694,0.0007154033410619607,4.040591966803806e-05
1.2285,1.0191392275944726,0.5158971330794393,1.01132672750524,0.0007086517516428609,4.1101127347383125e-05
1.2315,1.0186614730639714,0.5155574402986444,1.0111329233419994,0.0007017991835748537,4.1753829012360385e-05
1.2344999999999997,1.0181941610414043,0.5152234428754868,1.0109409511275655,0.0006948519703256884,4.236485085976495e-05
1.2374999999999998,1.0177371052335114,0.5148950898709169,1.010750838330495,0.0006878163239614993,4.293502905506786e-05
1.2405,1.0172901215450467,0.5145723294647893,1.010562610705538,0.000680698333790696,4.3465208446522356e-05
1.2434999999999996,1.0168530280827381,0.5142551090061108,1.0103762923253092,0.0006735039651802971,4.3956241319527685e-05
1.2464999999999997,1.016425645158265,0.5139433750624328,1.0101919056124247,0.000666239058539297,4.440898619101025e-05
1.2494999999999998,1.0160077952902762,0.5136370734683702,1.0100094713720549,0.0006589093284644811,4.482430664443411e-05
1.2525,1.0155993032054689,0.5133361493732346,1.0098290088248443,0.0006515203630432587,4.520307020507774e-05
1.2554999999999996,1.015199995838757,0.5130405472877657,1.0096505356401473,0.0006440776233086628,4.5546147256013516e-05
1.2584999999999997,1.014809702332548,0.5127502111299511,1.0094740679695375,0.000636586442841269,4.585440999450977e-05
1.2614999999999998,1.014428254035152,0.5124650842699235,1.0092996204805424,0.0006290520275127274,4.6128731428628496e-05
1.2645,1.0140554844983467,0.5121851095739248,1.009127206390561,0.0006214794553659803,4.63699844140293e-05
1.2674999999999996,1.0136912294741223,0.5119102294473309,1.0089568375009215,0.0006138736766272219,4.657904073043297e-05
1.2704999999999997,1.0133353269106256,0.5116403858767298,1.008788524231041,0.0006062395138440825,4.675677019765922e-05
1.2734999999999999,1.0129876169473286,0.5113755204710478,1.0086222756526435,0.0005985816621452208,4.690403983052406e-05
1.2765,1.012647941909444,0.5111155745017192,1.008458099524003,0.0005909046896162416,4.702171303229196e-05
1.2794999999999996,1.01231614630161,0.510860488941896,1.0082960023241705,0.000583213037787135,4.711064882638824e-05
1.2824999999999998,1.0119920768008617,0.5106102045046982,1.0081359892871558,0.0005755110222258822,4.717170112543688e-05
1.2854999999999999,1.0116755822489192,0.5103646616805003,1.0079780644360268,0.0005678028332337763,4.720571803699213e-05
1.2885,1.0113665136438084,0.5101238007732561,1.0078222306168938,0.0005600925366376554,4.72135412058929e-05
1.2914999999999996,1.011064724130837,0.5098875619358625,1.0076684895327506,0.0005523840746738258,4.7196005192016366e-05
1.2944999999999998,1.0107700689929482,0.5096558852045643,1.0075168417771427,0.000544681266959529,4.715393688269726e-05
1.2974999999999999,1.0104824056404722,0.5094287105324034,1.0073672868676347,0.0005369878115472631,4.708815493961677e-05
1.3004999999999995,1.010201593600297,0.5092059778217146,1.007219823279047,0.000529307286057185,4.699946927877822e-05
1.3034999999999997,1.0099274945044785,0.5089876269556751,1.0070744484764453,0.0005216431488835452,4.688868058319952e-05
1.3064999999999998,1.0096599720783104,0.5087735978289115,1.006931158947848,0.0005139987404705711,4.6756579847392314e-05
1.3094999999999999,1.0093988921278758,0.5085638303771689,1.0067899502366373,0.0005063772846537478,4.6603947952817474e-05
1.3125,1.0091441225270978,0.5083582646060534,1.0066508169736517,0.0004987818900622065,4.6431555273456355e-05
1.3155000000000001,1.008895533204309,0.5081568406188511,1.006513752908935,0.0004912155515782593,4.624016131064841e-05
1.3185000000000002,1.0086529961283623,0.5079594986434343,1.006378750943129,0.00048368115185030123,4.6030514356554295e-05
1.3214999999999995,1.0084163852942998,0.5077661790582619,1.0062458031584878,0.0004761814628549399,4.580335118503237e-05
1.3244999999999996,1.008185576708597,0.5075768224174864,1.0061149008495005,0.0004687191475047636,4.555939676949782e-05
1.3274999999999997,1.007960448374005,0.5073913694751728,1.0059860345531053,0.0004612967612982728,4.52993640265205e-05
1.3304999999999998,1.007740880274006,0.507209761208644,1.0058591940784818,0.0004539167540082291,4.502395358440933e-05
1.3335,1.0075267543569013,0.5070319388409611,1.0057343685364064,0.0004465814714052074,4.473385357629048e-05
1.3365,1.0073179545195483,0.5068578438625511,1.0056115463681612,0.000439293157012773,4.442973945619638e-05
1.3395000000000001,1.0071143665907667,0.5066874180519916,1.005490715373985,0.0004320539538913706,4.4112273837864196e-05
1.3425000000000002,1.0069158783144276,0.5065206034959687,1.0053718627410528,0.00042486590644757257,4.3782106355141615e-05
1.3454999999999995,1.006722379332245,0.5063573426084158,1.0052549750709816,0.00041773096226608805,4.3439873543161216e-05
1.3484999999999996,1.006533761166284,0.5061975781488482,1.0051400384068474,0.00041065097396101425,4.308619873945877e-05
1.3514999999999997,1.0063499172012054,0.506041253239908,1.0050270382597082,0.00040362770104431596,4.2721692004680866e-05
1.3544999999999998,1.0061707426662594,0.5058883113841294,1.0049159596346298,0.00039666281180798736,4.234695006119956e-05
1.3575,1.0059961346170434,0.5057386964799401,1.0048067870562047,0.0003897578852182384,4.19625562495478e-05
1.3605,1.0058259919170442,0.5055923528369117,1.0046995045935607,0.0003829144128184728,4.156908050177889e-05
1.3635000000000002,1.0056602152189746,0.5054492251902738,1.0045940958848554,0.00037613380063914543,4.116707933073404e-05
1.3664999999999994,1.0054987069459211,0.5053092587147044,1.0044905441612526,0.0003694173711118516,4.075709583475627e-05
1.3694999999999995,1.0053413712723158,0.5051723990374128,1.00438883227038,0.00036276636498588666,4.033965971688303e-05
1.3724999999999996,1.0051881141047512,0.5050385922505268,1.0042889426992627,0.0003561819432448812,3.99152873180885e-05
1.3754999999999997,1.0050388430626447,0.5049077849228018,1.0041908575967344,0.000349665189021677,3.9484481663516184e-05
1.3784999999999998,1.0048934674587722,0.5047799241106632,1.0040945587953232,0.0003432171095093525,3.904773252143526e-05
1.3815,1.0047518982796788,0.5046549573685994,1.004000027832616,0.0003368386378667394,3.860551647371971e-05
1.3845,1.0046140481659864,0.5045328327589174,1.003907245972096,0.0003305306351168382,3.815829699780315e-05
1.3875000000000002,1.0044798313926029,0.5044134988608778,1.003816194223458,0.00032429389203608765,3.77065245590629e-05
1.3904999999999994,1.0043491638488509,0.5042969047792233,1.0037268533624055,0.00031812913103346533,3.725063671314049e-05
1.3934999999999995,1.0042219630185263,0.5041830001521145,1.0036392039499242,0.0003120370080174004,3.679105821757016e-05
1.3964999999999996,1.0040981479598947,0.5040717351584885,1.0035532263510434,0.000306018114249521,3.632820115220654e-05
1.3994999999999997,1.0039776392856463,0.5039630605248548,1.0034689007530802,0.00030007297818388765,3.586246504786229e-05
1.4024999999999999,1.0038603591428075,0.5038569275315425,1.0033862071833757,0.00029420206729021124,3.539423702254858e-05
1.4055,1.003746231192632,0.5037532880184146,1.0033051255265226,0.0002884057898599894,3.4923891924901636e-05
1.4085,1.0036351805904735,0.5036520943900621,1.0032256355410942,0.000282684496794778,3.445179248410664e-05
1.4115000000000002,1.0035271339656548,0.5035532996204934,1.003147716875871,0.0002770384833751712,3.397828946610852e-05
1.4144999999999994,1.0034220194013408,0.5034568572573321,1.0030713490855763,0.0002714679910099071,3.350372183527658e-05
1.4174999999999995,1.0033197664144256,0.5033627214255397,1.0029965116461255,0.0002659732089636565,3.302841692142175e-05
1.4204999999999997,1.0032203059354423,0.5032708468306741,1.0029231839693886,0.00026055427606330576,3.255269059150375e-05
1.4234999999999998,1.0031235702885075,0.5031811887616997,1.0028513454174814,0.0002552112823817174,3.207684742552137e-05
1.4264999999999999,1.0030294931713035,0.5030937030933622,1.0027809753165806,0.0002499442708981311,3.1601180896462406e-05
1.4295,1.0029380096351133,0.5030083462881426,1.0027120529702764,0.0002447532391346888,3.112597355382408e-05
1.4325,1.00284905606491,0.5029250753978022,1.0026445576724667,0.00023963814076855594,3.065149721005114e-05
1.4355000000000002,1.002762570159514,0.5028438480645331,1.0025784687197992,0.00023459888721898042,3.017801312995702e-05
1.4384999999999994,1.0026784909118218,0.5027646225217267,1.002513765423667,0.00022963534920881045,2.9705772222386606e-05
1.4414999999999996,1.0025967585891151,0.5026873575943739,1.002450427121769,0.00022474735830020984,2.923501523403399e-05
1.4444999999999997,1.0025173147134578,0.5026120126991086,1.0023884331892345,0.0002199347084039195,2.876597294525007e-05
1.4474999999999998,1.0024401020421865,0.502538547843908,1.0023277630493286,0.00021519715726196366,2.829886636689796e-05
1.4505,1.002365064548501,0.5024669236274614,1.0022683961837366,0.0002105344279033789,2.7833906938664962e-05
1.4535,1.0022921474021633,0.5023971012382209,1.0022103121424417,0.00020594621007269463,2.7371296728334177e-05
1.4565000000000001,1.0022212969503086,0.5023290424531441,1.0021534905531988,0.00020143216163101123,2.691122863147959e-05
1.4595000000000002,1.0021524606983727,0.5022627096361421,1.0020979111306159,0.00019699190992952104,2.6453886571639015e-05
1.4624999999999995,1.0020855872911474,0.5021980657362437,1.0020435536848462,0.00019262505315520835,2.5999445700715633e-05
1.4654999999999996,1.0020206264939622,0.502135074285487,1.0019903981299043,0.0001883311616487585,2.5548072599123094e-05
1.4684999999999997,1.0019575291740013,0.502073699396551,1.001938424491608,0.00018410977919451832,2.5099925475791646e-05
1.4714999999999998,1.0018962472817603,0.5020139057601358,1.0018876129151586,0.00017996042428253974,2.465515436761195e-05
1.4745,1.0018367338326466,0.501955658642104,1.0018379436723632,0.00017588259134268907,2.4213901338202476e-05
1.4775,1.0017789428887263,0.5018989238803929,1.0017893971685117,0.00017187575195071417,2.37763006756707e-05
1.4805000000000001,1.0017228295406264,0.5018436678817089,1.0017419539489112,0.00016793935600654413,2.334247908962848e-05
1.4835000000000003,1.0016683498895902,0.501789857618012,1.0016955947050894,0.0001640728328846579,2.2912555906680274e-05
1.4864999999999995,1.0016154610296941,0.5017374606228031,1.001650300280672,0.00016027559255678265,2.2486643264737857e-05
1.4894999999999996,1.0015641210302288,0.5016864449872211,1.0016060516769456,0.00015654702668710803,2.2064846305699657e-05
1.4924999999999997,1.0015142889182438,0.5016367793559618,1.0015628300581074,0.00015288650969983247,2.1647263366669688e-05
1.4954999999999998,1.0014659246612654,0.5015884329230252,1.001520616756219,0.0001492933998196231,2.123398616922411e-05
1.4985,1.0014189891501872,0.5015413754273018,1.0014793932758597,0.0001457670400850133,2.0825100006976195e-05
1.5015,1.0013734441823319,0.5014955771480075,1.0014391412985002,0.00014230675933467628,2.0420683930889212e-05
1.5045000000000002,1.0013292524446962,0.5014510088999733,1.0013998426865935,0.00013891187316726972,2.002081093283474e-05
1.5074999999999994,1.0012863774973746,0.5014076420287995,1.0013614794873955,0.00013558168487475921,1.9625548126736222e-05
1.5104999999999995,1.0012447837571627,0.5013654484058832,1.0013240339365224,0.00013231548634958808,1.9234956927459807e-05
1.5134999999999996,1.0012044364813488,0.5013244004233258,1.0012874884612537,0.0001291125589659489,1.8849093227371724e-05
1.5164999999999997,1.001165301751692,0.5012844709887287,1.0012518256835805,0.00012597217443551943,1.846800757068254e-05
1.5194999999999999,1.0011273464585841,0.5012456335198854,1.0012170284230189,0.00012289359563768471,1.809174532490312e-05
1.5225,1.001090538285407,0.5012078619393756,1.0011830796991836,0.00011987607742503055,1.7720346850059836e-05
1.5255,1.0010548456930755,0.5011711306690702,1.0011499627341376,0.00011691886740389697,1.7353847665167575e-05
1.5285000000000002,1.001020237904776,0.5011354146245534,1.0011176609545176,0.00011402120669059999,1.699227861209811e-05
1.5314999999999994,1.0009866848908975,0.5011006892094679,1.0010861579934502,0.00011118233064387322,1.663566601672618e-05
1.5344999999999995,1.0009541573541567,0.5010669303097918,1.0010554376922565,0.00010840146957329688,1.6284031847374986e-05
1.5374999999999996,1.0009226267149167,0.50103411428805,1.0010254841019592,0.00010567784942459967,1.5937393870408768e-05
1.5404999999999998,1.0008920650967035,0.5010022179774706,1.0009962814845965,0.00010301069244189354,1.559576580310438e-05
1.5434999999999999,1.0008624453119168,0.5009712186760876,1.000967814314346,0.00010039921780736322,1.5259157463712866e-05
1.5465,1.0008337408477395,0.5009410941408,1.0009400672784712,9.78426422587837e-05,1.4927574918506617e-05
1.5495,1.000805925852241,0.5009118225813899,1.0009130252780911,9.53401806850163e-05,1.4601020626214786e-05
1.5525000000000002,1.0007789751206801,0.5008833826545056,1.0008866734287822,9.289104670014526e-05,1.4279493579415071e-05
1.5554999999999994,1.000752864082003,0.5008557534576157,1.0008609970610183,9.049445319648313e-05,1.3962989443090267e-05
1.5584999999999996,1.0007275687855393,0.5008289145229384,1.000835981720455,8.814961287686266e-05,1.365150069023405e-05
1.5614999999999997,1.0007030658878935,0.5008028458113516,1.0008116131680618,8.585573876667867e-05,1.334501673466518e-05
1.5644999999999998,1.0006793326400356,0.5007775277062869,1.0007878773801107,8.361204470591632e-05,1.3043524060907683e-05
1.5675,1.0006563468745835,0.5007529410076141,1.0007647605480254,8.141774582174155e-05,1.2747006351131365e-05
1.5705,1.0006340869932848,0.5007290669255193,1.0007422490780982,7.927205898184733e-05,1.245544460932961e-05
1.5735000000000001,1.0006125319546912,0.5007058870743807,1.0007203295910754,7.717420322914742e-05,1.2168817282525789e-05
1.5765000000000002,1.0005916612620283,0.5006833834666462,1.000698988921625,7.512340019810464e-05,1.1887100379091542e-05
1.5794999999999995,1.0005714549512574,0.5006615385067176,1.0006782141176807,7.311887451298282e-05,1.1610267584382566e-05
1.5824999999999996,1.000551893579333,0.5006403349848435,1.0006579924396792,7.115985416880128e-05,1.1338290373332484e-05
1.5854999999999997,1.000532958212649,0.5006197560710262,1.000638311359685,6.924557089492323e-05,1.107113812046043e-05
1.5884999999999998,1.000514630415676,0.5005997853089434,1.0006191585604165,6.737526050186369e-05,1.0808778206825568e-05
1.5915,1.0004968922397908,0.5005804066098921,1.000600521934169,6.554816321186104e-05,1.0551176124531435e-05
1.5945,1.000479726212292,0.5005616042467529,1.0005823895816504,6.376352397334128e-05,1.0298295578159788e-05
1.5975000000000001,1.0004631153256023,0.5005433628479817,1.0005647498107233,6.202059275981827e-05,1.0050098583724538e-05
1.6005000000000003,1.0004470430266612,0.5005256673916302,1.0005475911350645,6.031862485360338e-05,9.806545564882124e-06
1.6034999999999995,1.0004314932064973,0.5005085031993957,1.000530902272743,5.865688111461237e-05,9.567595446403976e-06
1.6064999999999996,1.000416450189986,0.5004918559307078,1.0005146721447242,5.703462823469643e-05,9.333205744990848e-06
1.6094999999999997,1.000401898725791,0.5004757115768497,1.0004988898732998,5.545113897808606e-05,9.1033326576866e-06
1.6124999999999998,1.0003878239764832,0.5004600564551185,1.000483544780451,5.3905692407863406e-05,8.877931147526585e-06
1.6155,1.0003742115088405,0.5004448772030271,1.0004686263861464,5.239757409919629e-05,8.656955026792764e-06
1.6185,1.0003610472843238,0.5004301607725481,1.0004541244065819,5.092607633971524e-05,8.44035703754305e-06
1.6215000000000002,1.0003483176497294,0.5004158944244044,1.0004400287523603,4.9490498317118e-05,8.228088929976811e-06
1.6244999999999994,1.0003360093280151,0.5004020657224052,1.0004263295266211,4.809014629448734e-05,8.020101538184337e-06
1.6274999999999995,1.0003241094092994,0.5003886625278321,1.0004130170231187,4.672433377394661e-05,7.816344853455023e-06
1.6304999999999996,1.000312605342028,0.5003756729938739,1.0004000817242544,4.539238164850426e-05,7.616768095406663e-06
1.6334999999999997,1.0003014849243146,0.500363085560115,1.0003875142990655,4.409361834275177e-05,7.4213197806228985e-06
1.6364999999999998,1.0002907362954443,0.5003508889470771,1.0003753056011748,4.2827379942772965e-05,7.229947789124345e-06
1.6395,1.0002803479275428,0.5003390721508147,1.0003634466667028,4.159301031545765e-05,7.0425994285835356e-06
1.6425,1.00027030861741,0.5003276244375671,1.0003519287121456,4.0389861217614586e-05,6.8592214962785345e-06
1.6455000000000002,1.0002606074785148,0.5003165353384681,1.0003407431322218,3.921729239518475e-05,6.679760338926738e-06
1.6484999999999994,1.0002512339331477,0.5003057946443142,1.000329881497692,3.807467167287145e-05,6.5041619103606705e-06
1.6514999999999995,1.0002421777047334,0.500295392400391,1.000319335553152,3.696137503464555e-05,6.332371827181386e-06
1.6544999999999996,1.0002334288102972,0.5002853189013614,1.0003090972148017,3.587678669517422e-05,6.164335422345625e-06
1.6574999999999998,1.0002249775530851,0.5002755646862141,1.0002991585681964,3.4820299162604054e-05,5.99999779670692e-06
1.6604999999999999,1.0002168145153365,0.5002661205332749,1.0002895118659771,3.3791313293124884e-05,5.8393038686536886e-06
1.6635,1.0002089305512036,0.500256977455279,1.0002801495255875,3.278923833746399e-05,5.682198421735653e-06
1.6665,1.0002013167798245,0.5002481266945086,1.0002710641269745,3.181349197963911e-05,5.528626150543591e-06
1.6695000000000002,1.0001939645785332,0.5002395597179933,1.00026224841028,3.086350036800697e-05,5.378531704662017e-06
1.6724999999999994,1.000186865576221,0.5002312682127745,1.0002536952735237,2.993869813948922e-05,5.231859730782134e-06
1.6754999999999995,1.0001800116468347,0.500223244081236,1.000245397770275,2.9038528436694226e-05,5.08855491313632e-06
1.6784999999999997,1.000173394903016,0.5002154794364979,1.0002373491073249,2.816244291840816e-05,4.948562012155936e-06
1.6814999999999998,1.000167007689878,0.5002079665978777,1.0002295426423489,2.7309901763579802e-05,4.811825901568691e-06
1.6844999999999999,1.0001608425789172,0.5002006980864157,1.0002219718815737,2.6480373669374615e-05,4.678291603604049e-06
1.6875,1.0001548923620571,0.5001936666204673,1.0002146304774395,2.5673335843251602e-05,4.547904322911182e-06
1.6905000000000001,1.000149150045826,0.5001868651113608,1.0002075122262668,2.488827398935292e-05,4.4206094786428535e-06
1.6935000000000002,1.0001436088456614,0.5001802866591211,1.0002006110659254,2.4124682289639972e-05,4.296352735094683e-06
1.6964999999999995,1.000138262180344,0.5001739245482606,1.0001939210735076,2.3382063379628667e-05,4.175080031056858e-06
1.6994999999999996,1.0001331036665533,0.5001677722436353,1.0001874364630097,2.2659928319342503e-05,4.056737607368574e-06
1.7024999999999997,1.0001281271135503,0.5001618233863664,1.0001811515830192,2.195779655974021e-05,3.9412720333937834e-06
1.7054999999999998,1.0001233265179783,0.5001560717898297,1.0001750609144116,2.1275195904203614e-05,3.82863023184333e-06
1.7085,1.0001186960587836,0.5001505114357097,1.0001691590680573,2.061166246610467e-05,3.7187595025213324e-06
1.7115,1.0001142300922543,0.5001451364701189,1.0001634407825406,1.996674062219604e-05,3.6116075446234587e-06
1.7145000000000001,1.000109923147172,0.5001399411997837,1.0001579009218906,1.9339982962114064e-05,3.507122477725675e-06
1.7175000000000002,1.000105769920079,0.5001349200882942,1.0001525344733249,1.8730950234226688e-05,3.4052528617404205e-06
1.7204999999999995,1.000101765270655,0.5001300677524204,1.0001473365450095,1.8139211287941245e-05,3.3059477155031316e-06
1.7234999999999996,1.0000979042172016,0.5001253789584916,1.0001423023638343,1.7564343012763534e-05,3.2091565342555916e-06
1.7264999999999997,1.0000941819322375,0.5001208486188403,1.0001374272732035,1.7005930274381003e-05,3.114829305989582e-06
1.7294999999999998,1.000090593738197,0.5001164717883105,1.0001327067308448,1.6463565847591437e-05,3.022916526847227e-06
1.7325,1.0000871351032294,0.5001122436608292,1.000128136306637,1.5936850346554196e-05,2.9333692152995206e-06
1.7355,1.0000838016371043,0.5001081595660394,1.0001237116804547,1.5425392152535002e-05,2.8461389253384674e-06
1.7385000000000002,1.0000805890872135,0.5001042149659981,1.0001194286400357,1.4928807339109814e-05,2.761177758752592e-06
1.7414999999999994,1.0000774933346717,0.5001004054519346,1.000115283078865,1.4446719594985413e-05,2.6784383763837647e-06
1.7444999999999995,1.0000745103905102,0.50009672674107,1.0001112709940856,1.3978760145063243e-05,2.597874008447083e-06
1.7474999999999996,1.0000716363919693,0.500093174673499,1.0001073884844232,1.3524567669248627e-05,2.51943846401223e-06
1.7504999999999997,1.0000688675988787,0.5000897452091312,1.0001036317481395,1.3083788219415703e-05,2.4430861396547706e-06
1.7534999999999998,1.0000662003901308,0.500086434424691,1.0000999970810063,1.2656075134873745e-05,2.3687720271220883e-06
1.7565,1.0000636312602396,0.5000832385107802,1.0000964808743005,1.2241088956045695e-05,2.29645172034512e-06
1.7595,1.000061156815989,0.500080153768995,1.0000930796128262,1.1838497336956065e-05,2.226081421593501e-06
1.7625000000000002,1.0000587737731654,0.5000771766091036,1.0000897898729586,1.1447974956277184e-05,2.157617946981032e-06
1.7654999999999994,1.0000564789533728,0.5000743035462808,1.0000866083207127,1.1069203427145268e-05,2.091018731120161e-06
1.7684999999999995,1.0000542692809298,0.5000715311983981,1.0000835317098364,1.0701871206201883e-05,2.0262418311482324e-06
1.7714999999999996,1.0000521417798467,0.5000688562833708,1.00008055687993,1.0345673501375857e-05,1.9632459301686325e-06
1.7744999999999997,1.0000500935708811,0.5000662756165604,1.0000776807545877,1.0000312178914588e-05,1.9019903399540866e-06
1.7774999999999999,1.000048121868668,0.5000637861082309,1.00007490033957,9.665495669838416e-06,1.842435002947504e-06
1.7805,1.0000462239789283,0.5000613847610598,1.0000722127209958,9.3409388756117e-06,1.7845404938581806e-06
1.7835,1.000044397295747,0.5000590686677018,1.0000696150635644,9.026363073382651e-06,1.7282680206708597e-06
1.7865000000000002,1.0000426392989257,0.5000568350084056,1.0000671046088014,8.721495820667894e-06,1.673579425000137e-06
1.7894999999999994,1.0000409475514045,0.5000546810486817,1.0000646786733327,8.426070859872983e-06,1.6204371820057121e-06
1.7924999999999995,1.000039319696752,0.500052604137021,1.000062334647182,8.139828022364708e-06,1.5688043997640304e-06
1.7954999999999997,1.0000377534567242,0.5000506017026662,1.0000600699920967,7.86251313258283e-06,1.5186448183151095e-06
1.7984999999999998,1.0000362466288855,0.5000486712534297,1.0000578822399,7.593877911860752e-06,1.4699228080429772e-06
1.8014999999999999,1.0000347970842973,0.5000468103735612,1.0000557689908687,7.333679882329235e-06,1.4226033676757262e-06
1.8045,1.0000334027652689,0.5000450167216656,1.0000537279121373,7.081682270877645e-06,1.376652122065395e-06
1.8075,1.0000320616831675,0.5000432880286647,1.0000517567361287,6.8376539133215665e-06,1.3320353193427542e-06
1.8105000000000002,1.000030771916291,0.5000416220958088,1.0000498532590114,6.601369158576914e-06,1.2887198278489753e-06
1.8134999999999994,1.0000295316077976,0.500040016792732,1.000048015339183,6.37260777328041e-06,1.2466731326311825e-06
1.8164999999999996,1.0000283389636917,0.5000384700555538,1.0000462408957802,6.151154846647045e-06,1.2058633316384875e-06
1.8194999999999997,1.0000271922508681,0.5000369798850246,1.000044527907213,5.93680069579596e-06,1.1662591316387897e-06
1.8224999999999998,1.0000260897952091,0.5000355443447152,1.0000428744097274,5.729340771382637e-06,1.1278298437845697e-06
1.8255,1.000025029979736,0.5000341615592492,1.000041278495993,5.528575563843924e-06,1.0905453789354736e-06
1.8285,1.0000240112428103,0.500032829712577,1.000039738313715,5.334310510003445e-06,1.0543762426699893e-06
1.8315000000000001,1.0000230320763885,0.5000315470462919,1.0000382520642752,5.146355900556466e-06,1.0192935300814936e-06
1.8345000000000002,1.0000220910243247,0.5000303118579873,1.0000368180013957,4.964526787998449e-06,9.852689202972703e-07
1.8374999999999995,1.0000211866807212,0.500029122499652,1.0000354344298268,4.788642895311912e-06,9.522746708884071e-07
1.8404999999999996,1.0000203176883284,0.5000279773761076,1.0000340997040635,4.618528525219718e-06,9.202836120260197e-07
1.8434999999999997,1.0000194827369884,0.5000268749434819,1.0000328122270843,4.454012470374309e-06,8.892691403985361e-07
1.8464999999999998,1.0000186805621243,0.5000258137077211,1.0000315704491158,4.2949279242238245e-06,8.59205212931191e-07
1.8495,1.0000179099432727,0.5000247922231402,1.0000303728664215,4.141112392858732e-06,8.30066340443249e-07
1.8525,1.0000171697026614,0.5000238090910074,1.0000292180201138,3.992407607499227e-06,8.018275811368589e-07
1.8555000000000001,1.0000164587038238,0.5000228629581666,1.000028104494993,3.848659438009592e-06,7.744645338300093e-07
1.8585000000000003,1.0000157758502592,0.500021952515693,1.000027030918406,3.7097178074016958e-06,7.47953331250358e-07
1.8614999999999995,1.0000151200841287,0.5000210764975846,1.0000259959591313,3.575436606975859e-06,7.222706330793028e-07
1.8644999999999996,1.0000144903849912,0.5000202336794864,1.0000249983262866,3.445673612769271e-06,6.973936189142576e-07
1.8674999999999997,1.000013885768577,0.5000194228774476,1.0000240367682587,3.3202904027547927e-06,6.732999812062486e-07
1.8704999999999998,1.000013305285597,0.5000186429467113,1.0000231100716583,3.1991522752212137e-06,6.499679179416818e-07
1.8735,1.0000127480205896,0.5000178927805355,1.0000222170602933,3.0821281680992293e-06,6.27376125568181e-07
1.8765,1.0000122130907985,0.500017171309046,1.0000213565941685,2.969090579124153e-06,6.055037914909049e-07
1.8795000000000002,1.0000116996450878,0.5000164774981183,1.0000205275685048,2.8599154874503178e-06,5.843305867312926e-07
1.8824999999999994,1.0000112068628888,0.5000158103482897,1.0000197289127792,2.7544822760771043e-06,5.638366585611998e-07
1.8854999999999995,1.0000107339531779,0.5000151688937016,1.0000189595897895,2.6526736553146074e-06,5.4400262301079e-07
1.8884999999999996,1.0000102801534865,0.5000145522010677,1.0000182185947366,2.5543755874940566e-06,5.248095572774495e-07
1.8914999999999997,1.0000098447289425,0.5000139593686724,1.0000175049543283,2.4594772127711454e-06,5.062389923303772e-07
1.8944999999999999,1.0000094269713369,0.5000133895253955,1.0000168177259052,2.367870775839864e-06,4.882729053408941e-07
1.8975,1.0000090261982242,0.5000128418297628,1.0000161559965852,2.2794515539435556e-06,4.7089371207641436e-07
1.9005,1.0000086417520475,0.5000123154690237,1.0000155188824273,2.1941177860572893e-06,4.5408425942866034e-07
1.9035000000000002,1.000008272999292,0.5000118096582541,1.0000149055276166,2.111770602930149e-06,4.3782781791538635e-07
1.9064999999999994,1.0000079193296652,0.5000113236394833,1.0000143151036662,2.0323139585498472e-06,4.2210807410165106e-07
1.9094999999999995,1.000007580155301,0.5000108566808461,1.0000137468086407,1.9556545624920214e-06,4.0690912313443565e-07
1.9124999999999996,1.0000072549099908,0.500010408075758,1.0000131998663966,1.8817018135503237e-06,3.9221546120906547e-07
1.9154999999999998,1.0000069430484366,0.5000099771421141,1.0000126735258406,1.810367734526092e-06,3.780119781304128e-07
1.9184999999999999,1.0000066440455313,0.50000956322151,1.0000121670602062,1.7415669079664384e-06,3.642839500075857e-07
1.9215,1.0000063573956572,0.5000091656784852,1.00001167976635,1.6752164131757718e-06,3.510170317526898e-07
1.9245,1.000006082612011,0.5000087838997879,1.000011210964061,1.6112357643130935e-06,3.381972498218109e-07
1.9275000000000002,1.0000058192259471,0.5000084172936609,1.0000107599953914,1.5495468496005933e-06,3.25810994865479e-07
1.9304999999999994,1.0000055667863441,0.500008065289148,1.0000103262240008,1.4900738717081857e-06,3.1384501461010633e-07
1.9334999999999996,1.0000053248589913,0.5000077273354208,1.0000099090345194,1.4327432890575602e-06,3.022864065755486e-07
1.9364999999999997,1.0000050930259945,0.5000074029011234,1.0000095078319242,1.3774837584952175e-06,2.911226109731661e-07
1.9394999999999998,1.0000048708852012,0.5000070914737398,1.000009122040935,1.3242260788518038e-06,2.803414037377147e-07
1.9425,1.0000046580496438,0.500006792558975,1.000008751105422,1.272903135750532e-06,2.699308894402902e-07
1.9455,1.000004454147003,0.5000065056801583,1.0000083944878315,1.2234498473983512e-06,2.5987949441570173e-07
1.9485000000000001,1.0000042588190863,0.5000062303776623,1.0000080516686238,1.1758031114207177e-06,2.5017595988379903e-07
1.9515000000000002,1.0000040717213252,0.5000059662083398,1.0000077221457289,1.1299017528986981e-06,2.4080933521039385e-07
1.9544999999999995,1.0000038925222892,0.5000057127449767,1.0000074054340136,1.0856864733654496e-06,2.3176897122593152e-07
1.9574999999999996,1.000003720903214,0.5000054695757628,1.0000071010647642,1.043099800860778e-06,2.2304451352586815e-07
1.9604999999999997,1.0000035565575476,0.500005236303776,1.000006808585183,1.002086041089959e-06,2.1462589601905326e-07
1.9634999999999998,1.0000033991905093,0.5000050125464858,1.0000065275578969,9.625912294654816e-07,2.0650333439762506e-07
1.9665,1.0000032485186656,0.500004797935267,1.000006257560481,9.245630843434365e-07,1.9866731982934924e-07
1.9695,1.000003104269519,0.5000045921149331,1.0000059981849931,8.879509611485734e-07,1.9110861260548156e-07
1.9725000000000001,1.000002966181111,0.5000043947432806,1.000005749037523,8.527058074923927e-07,1.8381823602441596e-07
1.9755000000000003,1.0000028340016376,0.5000042054906488,1.000005509737752,8.187801192745611e-07,1.7678747014940313e-07
1.9784999999999995,1.0000027074890792,0.5000040240394926,1.0000052799185264,7.86127897998753e-07,1.7000784585010666e-07
1.9814999999999996,1.0000025864108433,0.5000038500839683,1.000005059225441,7.547046086310348e-07,1.6347113896638033e-07
1.9844999999999997,1.000002470543416,0.5000036833295335,1.0000048473164356,7.244671386091012e-07,1.5716936426933897e-07
1.9874999999999998,1.000002359672031,0.5000035234925579,1.0000046438614014,6.953737579052176e-07,1.5109476987275567e-07
1.9905,1.0000022535903441,0.5000033702999478,1.0000044485418007,6.673840797702703e-07,1.4523983145361406e-07
1.9935,1.0000021521001232,0.5000032234887806,1.0000042610502942,6.404590225621559e-07,1.3959724676026527e-07
1.9965000000000002,1.0000020550109467,0.5000030828059526,1.0000040810903812,6.145607724201004e-07,1.3415993010472272e-07
1.9994999999999994,1.0000019621399139,0.5000029480078375,1.0000039083760501,5.896527467592915e-07,1.2892100696511184e-07
2.0024999999999995,1.000001873311363,0.5000028188599547,1.0000037426314365,5.656995586862274e-07,1.2387380881372479e-07
2.0054999999999996,1.0000017883566024,0.5000026951366492,1.0000035835904946,5.426669822500197e-07,1.1901186768958596e-07
2.0084999999999997,1.0000017071136467,0.5000025766207821,1.0000034309966757,5.205219186179728e-07,1.1432891122296815e-07
2.0115,1.000001629426968,0.50000246310343,1.0000032846026157,4.992323629393856e-07,1.0981885774027848e-07
2.0145,1.0000015551472505,0.5000023543835947,1.0000031441698343,4.787673720657108e-07,1.0547581117081546e-07
2.0175,1.0000014841311562,0.5000022502679222,1.000003009468441,4.590970331218073e-07,1.0129405622546634e-07
2.0205,1.0000014162410982,0.5000021505704311,1.000002880276849,4.4019243280788124e-07,9.726805377412771e-08
2.0234999999999994,1.0000013513450237,0.5000020551122494,1.0000027563815013,4.220256274971083e-07,9.33924361430511e-08
2.0264999999999995,1.0000012893162016,0.5000019637213604,1.0000026375766002,4.045696141490997e-07,8.966200255662447e-08
2.0294999999999996,1.0000012300330205,0.5000018762323567,1.000002523663848,3.8779830176535784e-07,8.607171471089152e-08
2.0324999999999998,1.0000011733787928,0.5000017924862022,1.0000024144521948,3.716864837413881e-07,8.261669234109089e-08
2.0355,1.0000011192415654,0.5000017123300025,1.0000023097575947,3.562098110188076e-07,7.929220905109698e-08
2.0385,1.0000010675139381,0.5000016356167816,1.0000022094027663,3.4134476572096214e-07,7.609368801373097e-08
2.0415,1.0000010180928873,0.5000015622052687,1.0000021132169652,3.270686355509573e-07,7.301669787056467e-08
2.0445,1.0000009708795985,0.5000014919596889,1.0000020210357599,3.133594890158324e-07,7.005694880772855e-08
2.0474999999999994,1.0000009257793012,0.5000014247495638,1.0000019327008152,3.001961510850122e-07,6.721028852808893e-08
2.0504999999999995,1.0000008827011138,0.5000013604495163,1.0000018480596837,2.875581796785822e-07,6.447269846580843e-08
2.0534999999999997,1.0000008415578903,0.5000012989390842,1.000001766965602,2.7542584257004923e-07,6.184029007711558e-08
2.0564999999999998,1.0000008022660767,0.5000012401025392,1.0000016892772954,2.6378009516462236e-07,5.9309301036623414e-08
2.0595,1.000000764745569,0.5000011838287111,1.0000016148587858,2.526025588470891e-07,5.687609174105159e-08
2.0625,1.0000007289195778,0.5000011300108201,1.0000015435792091,2.418754996807244e-07,5.453714173126441e-08
2.0655,1.0000006947144986,0.5000010785463133,1.0000014753126354,2.3158180792287186e-07,5.2289046324910576e-08
2.0685000000000002,1.000000662059786,0.5000010293367068,1.0000014099378964,2.2170497807828235e-07,5.0128513223195384e-08
2.0714999999999995,1.0000006308878333,0.5000009822874342,1.0000013473384182,2.1222908958153547e-07,4.805235924861023e-08
2.0744999999999996,1.0000006011338558,0.5000009373077001,1.000001287402058,2.0313878774836629e-07,4.605750720719111e-08
2.0774999999999997,1.0000005727357788,0.500000894310338,1.000001230020949,1.9441926543620817e-07,4.4140982703223706e-08
2.0805,1.0000005456341297,0.5000008532116739,1.0000011750913482,1.8605624537102872e-07,4.229991106643515e-08
2.0835,1.000000519771934,0.5000008139313936,1.0000011225134886,1.7803596276698687e-07,4.053151445746573e-08
2.0865,1.0000004950946169,0.5000007763924169,1.0000010721914376,1.7034514850248145e-07,3.8833108965745305e-08
2.0895,1.0000004715499047,0.5000007405207739,1.0000010240329598,1.6297101284383172e-07,3.720210177151524e-08
2.0925000000000002,1.0000004490877348,0.5000007062454864,1.0000009779493835,1.5590122951266076e-07,3.5635988359175605e-08
2.0954999999999995,1.0000004276601644,0.5000006734984541,1.0000009338554734,1.4912392036036777e-07,3.413234981803388e-08
2.0984999999999996,1.0000004072212874,0.5000006422143445,1.0000008916693044,1.4262764044123814e-07,3.2688850369131235e-08
2.1014999999999997,1.0000003877271502,0.5000006123304861,1.0000008513121423,1.364013634882014e-07,3.1303234670503824e-08
2.1045,1.0000003691356727,0.5000005837867664,1.0000008127083284,1.3043446790102258e-07,2.9973325396960714e-08
2.1075,1.000000351406573,0.500000556525533,1.0000007757851657,1.2471672305876235e-07,2.8697020736601925e-08
2.1105,1.0000003345012938,0.5000005304914988,1.0000007404728115,1.1923827607200574e-07,2.7472292180656596e-08
2.1135,1.0000003183829314,0.5000005056316497,1.000000706704172,1.1398963899883316e-07,2.629718210796573e-08
2.1164999999999994,1.000000303016169,0.5000004818951561,1.000000674414801,1.089616764036823e-07,2.51698016585761e-08
2.1194999999999995,1.0000002883672114,0.5000004592332884,1.0000006435428015,1.0414559323144214e-07,2.4088328455752025e-08
2.1224999999999996,1.0000002744037215,0.5000004375993342,1.000000614028733,9.953292317235598e-08,2.3051004512794094e-08
2.1254999999999997,1.0000002610947616,0.5000004169485198,1.000000585815517,9.51155172812497e-08,2.2056134319739875e-08
2.1285,1.0000002484107344,0.5000003972379337,1.0000005588483523,9.088553302541508e-08,2.110208260613958e-08
2.1315,1.0000002363233285,0.5000003784264525,1.0000005330746276,8.683542367900523e-08,2.018727257775461e-08
2.1345,1.0000002248054642,0.5000003604746717,1.0000005084438395,8.295792795085713e-08,1.9310183958161818e-08
2.1375,1.0000002138312434,0.5000003433448362,1.000000484907514,7.924605997177905e-08,1.846935118265586e-08
2.1404999999999994,1.0000002033758997,0.5000003270007763,1.0000004624191288,7.569309968246697e-08,1.76633616028053e-08
2.1434999999999995,1.0000001934157499,0.5000003114078432,1.0000004409340408,7.22925834784269e-08,1.6890853733373853e-08
2.1464999999999996,1.000000183928151,0.5000002965328487,1.0000004204094135,6.903829514218702e-08,1.6150515509627045e-08
2.1494999999999997,1.0000001748914549,0.5000002823440074,1.0000004008041483,6.592425699165483e-08,1.5441082828448828e-08
2.1525,1.000000166284968,0.5000002688108793,1.0000003820788186,6.294472144264181e-08,1.4761337775754358e-08
2.1555,1.0000001580889095,0.500000255904317,1.0000003641956061,6.009416273745023e-08,1.411010721462545e-08
2.1585,1.000000150284373,0.5000002435964123,1.0000003471182382,5.736726908084888e-08,1.3486261146905854e-08
2.1615,1.0000001428532905,0.5000002318604467,1.000000330811929,5.475893497055388e-08,1.2888711376578207e-08
2.1644999999999994,1.0000001357783963,0.5000002206708437,1.000000315243321,5.22642535798537e-08,1.2316410056212628e-08
2.1674999999999995,1.0000001290431928,0.5000002100031212,1.0000003003804314,4.987850966025665e-08,1.1768348362963236e-08
2.1704999999999997,1.0000001226319177,0.5000001998338485,1.0000002861925963,4.759717255344538e-08,1.1243555128921311e-08
2.1734999999999998,1.0000001165295131,0.5000001901406017,1.0000002726504218,4.541588950755597e-08,1.0741095493469458e-08
2.1765,1.000000110721595,0.5000001809019238,1.0000002597257336,4.333047919872822e-08,1.026006971601006e-08
2.1795,1.000000105194424,0.5000001720972845,1.0000002473915275,4.133692531132944e-08,9.799612083786205e-09
2.1825,1.0000000999348793,0.5000001637070421,1.000000235621926,3.9431370537326537e-08,9.358889549971224e-09
2.1855,1.0000000949304286,0.5000001557124073,1.0000002243921327,3.761011064379359e-08,8.937100600748891e-09
2.1884999999999994,1.0000000901691068,0.5000001480954068,1.0000002136783899,3.586958897436461e-08,8.533474245072625e-09
2.1914999999999996,1.000000085639489,0.5000001408388508,1.0000002034579363,3.420639077430005e-08,8.147268990890346e-09
2.1944999999999997,1.0000000813306678,0.5000001339263003,1.0000001937089686,3.261723793537863e-08,7.777771694225959e-09
2.1975,1.00000007723223,0.5000001273420349,1.0000001844106043,3.109898390744026e-08,7.424296553131806e-09
2.2005,1.0000000733342367,0.500000121071024,1.0000001755428423,2.9648608762227658e-08,7.086184264573217e-09
2.2035,1.0000000696272011,0.5000001150988972,1.00000016708653,2.826321442243663e-08,6.762800962778175e-09
2.2065,1.0000000661020696,0.500000109411917,1.0000001590233276,2.6940020072863844e-08,6.453537350111289e-09
2.2095000000000002,1.0000000627502024,0.5000001039969517,1.0000001513356769,2.567635763578016e-08,6.157807841226368e-09
2.2124999999999995,1.0000000595633556,0.5000000988414507,1.0000001440067687,2.4469667565239075e-08,5.875049634255996e-09
2.2154999999999996,1.0000000565336633,0.5000000939334194,1.0000001370205125,2.331749468230291e-08,5.604721985470937e-09
2.2184999999999997,1.0000000536536218,0.5000000892613956,1.0000001303615078,2.2217484175591613e-08,5.346305368680717e-09
2.2215,1.000000050916073,0.5000000848144274,1.0000001240150158,2.116737781989993e-08,5.099300674417798e-09
2.2245,1.000000048314189,0.5000000805820509,1.0000001179669324,2.0165010120964165e-08,4.863228519194251e-09
2.2275,1.0000000458414584,0.5000000765542701,1.0000001122037625,1.920830486012306e-08,4.6376284671548075e-09
2.2305,1.0000000434916705,0.5000000727215365,1.0000001067125948,1.829527154862104e-08,4.422058362742067e-09
2.2335000000000003,1.0000000412589034,0.5000000690747297,1.0000001014810778,1.7424002156123285e-08,4.2160936873304646e-09
2.2364999999999995,1.0000000391375106,0.5000000656051399,1.0000000964973965,1.659266788776077e-08,4.019326828407861e-09
2.2394999999999996,1.0000000371221087,0.5000000623044493,1.0000000917502514,1.5799516033346486e-08,3.831366503095891e-09
2.2424999999999997,1.0000000352075653,0.5000000591647156,1.0000000872288357,1.504286712048272e-08,3.6518371414401013e-09
2.2455,1.000000033388989,0.5000000561783559,1.0000000829228153,1.4321111860121593e-08,3.4803783498404007e-09
2.2485,1.000000031661716,0.500000053338131,1.0000000788223098,1.3632708519279448e-08,3.3166442236455984e-09
2.2515,1.0000000300213034,0.5000000506371305,1.0000000749178724,1.2976180159479649e-08,3.16030293232567e-09
2.2545,1.0000000284635162,0.5000000480687585,1.0000000712004729,1.2350112120482662e-08,3.011036036376461e-09
2.2574999999999994,1.0000000269843183,0.5000000456267203,1.0000000676614795,1.1753149511211881e-08,2.8685381325572213e-09
2.2604999999999995,1.0000000255798651,0.5000000433050082,1.0000000642926428,1.1183994903765147e-08,2.7325162638033767e-09
2.2634999999999996,1.0000000242464937,0.50000004109789,1.0000000610860784,1.0641405963545429e-08,2.6026895130739346e-09
2.2664999999999997,1.0000000229807147,0.5000000389998962,1.0000000580342523,1.0124193175335766e-08,2.478788494946063e-09
2.2695,1.0000000217792044,0.500000037005809,1.0000000551299668,9.63121785156752e-09,2.3605548588460212e-09
2.2725,1.0000000206387967,0.500000035110651,1.0000000523663448,9.161390011391715e-09,2.2477409720504466e-09
2.2755,1.0000000195564769,0.5000000333096746,1.0000000497368169,8.713666435311289e-09,2.140109456340705e-09
2.2785,1.0000000185293743,0.5000000315983514,1.0000000472351078,8.287048730632557e-09,2.037432805354638e-09
2.2814999999999994,1.0000000175547545,0.5000000299723633,1.0000000448552253,7.880581564650106e-09,1.9394929167552472e-09
2.2844999999999995,1.0000000166300147,0.5000000284275925,1.0000000425914461,7.493350916416983e-09,1.8460808479809896e-09
2.2874999999999996,1.0000000157526772,0.5000000269601126,1.0000000404383054,7.124482294551019e-09,1.7569963974113525e-09
2.2904999999999998,1.0000000149203834,0.5000000255661804,1.0000000383905843,6.7731391331866146e-09,1.6720477992342563e-09
2.2935,1.0000000141308878,0.5000000242422277,1.000000036443302,6.438521294224748e-09,1.5910513020115643e-09
2.2965,1.0000000133820541,0.5000000229848531,1.000000034591703,6.119863591151453e-09,1.5138309327553013e-09
2.2995,1.0000000126718487,0.5000000217908148,1.0000000328312486,5.8164342573015225e-09,1.4402181780387289e-09
2.3025,1.000000011998336,0.5000000206570232,1.0000000311576067,5.527533630630026e-09,1.3700516218611272e-09
2.3054999999999994,1.0000000113596752,0.5000000195805341,1.0000000295666431,5.252492741451907e-09,1.303176767884917e-09
2.3084999999999996,1.0000000107541143,0.5000000185585423,1.0000000280544135,4.990672046441855e-09,1.2394456811630913e-09
2.3114999999999997,1.0000000101799869,0.5000000175883748,1.0000000266171538,4.741460337640781e-09,1.1787167523143408e-09
2.3145,1.000000009635708,0.5000000166674858,1.0000000252512733,4.504273361332008e-09,1.1208544649304495e-09
2.3175,1.0000000091197698,0.5000000157934499,1.0000000239533473,4.278552773361645e-09,1.0657290873109333e-09
2.3205,1.0000000086307388,0.5000000149639569,1.0000000227201082,4.063765074405047e-09,1.0132165077801426e-09
2.3235,1.0000000081672507,0.5000000141768067,1.0000000215484404,3.8594004788375265e-09,9.63197992706487e-10
2.3265000000000002,1.0000000077280093,0.5000000134299043,1.0000000204353725,3.6649720383607356e-09,9.155598915755318e-10
2.3294999999999995,1.0000000073117816,0.5000000127212546,1.000000019378071,3.480014561802461e-09,8.701935356282451e-10
2.3324999999999996,1.000000006917395,0.5000000120489585,1.0000000183738345,3.3040836730895027e-09,8.269949447499469e-10
2.3354999999999997,1.0000000065437362,0.5000000114112074,1.0000000174200876,3.136755070427621e-09,7.858647282458991e-10
2.3385,1.0000000061897454,0.50000001080628,1.0000000165143754,2.9776235075170073e-09,7.46707815566419e-10
2.3415,1.0000000058544165,0.5000000102325379,1.000000015654358,2.8263020199822367e-09,7.09433277834879e-10
2.3445,1.0000000055367924,0.5000000096884217,1.000000014837805,2.682421246025797e-09,6.739542265321812e-10
2.3475,1.0000000052359643,0.5000000091724476,1.0000000140625909,2.545628491894282e-09,6.401876032579634e-10
2.3505000000000003,1.000000004951068,0.5000000086832034,1.0000000133266906,2.4155870891420677e-09,6.080539765905025e-10
2.3534999999999995,1.0000000046812831,0.5000000082193454,1.000000012628175,2.2919757788905605e-09,5.774774757289195e-10
2.3564999999999996,1.0000000044258297,0.5000000077795956,1.000000011965206,2.1744879529585167e-09,5.483855589580261e-10
2.3594999999999997,1.0000000041839676,0.5000000073627379,1.000000011336032,2.0628310162611296e-09,5.207089728368696e-10
2.3625,1.000000003954993,0.5000000069676156,1.0000000107389855,1.9567258290134237e-09,4.94381498482239e-10
2.3655,1.0000000037382377,0.5000000065931288,1.000000010172478,1.8559060379986952e-09,4.69339887256295e-10
2.3685,1.0000000035330667,0.5000000062382313,1.000000009634997,1.760117571613342e-09,4.455237120611317e-10
2.3715,1.000000003338878,0.500000005901928,1.0000000091251022,1.6691181361496656e-09,4.228752962214719e-10
2.3744999999999994,1.0000000031550993,0.5000000055832731,1.000000008641422,1.5826766092587744e-09,4.0133955719876887e-10
2.3774999999999995,1.0000000029811873,0.5000000052813669,1.0000000081826508,1.500572616025289e-09,3.8086387085250825e-10
2.3804999999999996,1.0000000028166267,0.5000000049953548,1.0000000077475455,1.4225959740485893e-09,3.613980271317945e-10
2.3834999999999997,1.0000000026609277,0.5000000047244242,1.0000000073349236,1.3485463220468983e-09,3.4289409486665707e-10
2.3865,1.0000000025136258,0.5000000044678022,1.0000000069436592,1.2782326575945456e-09,3.2530627482362316e-10
2.3895,1.0000000023742799,0.5000000042247549,1.0000000065726804,1.211472887580647e-09,3.0859090197176076e-10
2.3925,1.0000000022424718,0.5000000039945847,1.0000000062209682,1.1480934768663006e-09,2.9270626492417274e-10
2.3955,1.0000000021178042,0.5000000037766286,1.0000000058875527,1.0879290213425513e-09,2.7761262828702477e-10
2.3984999999999994,1.0000000019999005,0.5000000035702565,1.0000000055715108,1.0308219392530546e-09,2.6327200073680237e-10
2.4014999999999995,1.0000000018884028,0.5000000033748705,1.0000000052719649,9.76622048833899e-10,2.4964817536636936e-10
2.4044999999999996,1.0000000017829727,0.5000000031899018,1.0000000049880797,9.251862921725698e-10,2.3670665006416623e-10
2.4074999999999998,1.000000001683288,0.5000000030148106,1.0000000047190614,8.763783922184913e-10,2.244144458434969e-10
2.4105,1.000000001589044,0.5000000028490842,1.0000000044641546,8.300685412777224e-10,2.1274017279200274e-10
2.4135,1.000000001499951,0.5000000026922355,1.0000000042226411,7.861330508642379e-10,2.0165386770248992e-10
2.4165,1.000000001415735,0.5000000025438022,1.0000000039938386,7.444541869898703e-10,1.9112695890816602e-10
2.4195,1.000000001336136,0.5000000024033452,1.0000000037770975,7.049198508529971e-10,1.811322462015402e-10
2.4224999999999994,1.000000001260907,0.5000000022704478,1.0000000035718009,6.674232598336834e-10,1.7164377274777716e-10
2.4254999999999995,1.0000000011898142,0.500000002144714,1.0000000033773626,6.318628118167322e-10,1.6263673850845235e-10
2.4284999999999997,1.0000000011226362,0.5000000020257682,1.0000000031932248,5.981417624218964e-10,1.5408762812549626e-10
2.4314999999999998,1.0000000010591623,0.5000000019132541,1.000000003018858,5.661679835503995e-10,1.4597393042269764e-10
2.4345,1.0000000009991938,0.5000000018068333,1.000000002853759,5.358538476695946e-10,1.3827423293875008e-10
2.4375,1.0000000009425416,0.5000000017061846,1.0000000026974492,5.07115926670234e-10,1.3096815341414217e-10
2.4405,1.0000000008890273,0.5000000016110034,1.000000002549474,4.798749057317783e-10,1.2403624399352819e-10
2.4435000000000002,1.0000000008384813,0.5000000015210009,1.0000000024094022,4.5405526258908355e-10,1.174600322316133e-10
2.4464999999999995,1.0000000007907435,0.5000000014359024,1.0000000022768236,4.2958519615903737e-10,1.1122185800683393e-10
2.4494999999999996,1.0000000007456606,0.5000000013554483,1.0000000021513493,4.0639635649614997e-10,1.0530490583468294e-10
2.4524999999999997,1.0000000007030894,0.5000000012793914,1.0000000020326092,3.8442376443066546e-10,9.969320846497573e-11
2.4555,1.0000000006628933,0.5000000012074981,1.000000001920252,3.6360561314181683e-10,9.437156310496807e-11
2.4585,1.000000000624943,0.5000000011395463,1.000000001813944,3.4388311312399415e-10,8.932547147652431e-11
2.4615,1.000000000589116,0.5000000010753258,1.0000000017133694,3.252003472242606e-10,8.454113883215353e-11
2.4645,1.0000000005552965,0.5000000010146369,1.0000000016182276,3.0750426473350324e-10,8.000539598508071e-11
2.4675000000000002,1.0000000005233747,0.5000000009572905,1.0000000015282329,2.9074434754672625e-10,7.570581595832018e-11
2.4704999999999995,1.0000000004932466,0.5000000009031073,1.000000001443115,2.7487254798489506e-10,7.16304469340808e-11
2.4734999999999996,1.0000000004648135,0.5000000008519174,1.000000001362617,2.5984323469533086e-10,6.776799941563504e-11
2.4764999999999997,1.0000000004379832,0.5000000008035596,1.0000000012864947,2.4561305097239003e-10,6.410773142116063e-11
2.4795,1.0000000004126672,0.5000000007578812,1.000000001214517,2.3214078819413262e-10,6.06393917427014e-11
2.4825,1.0000000003887817,0.5000000007147378,1.0000000011464645,2.1938730254341768e-10,5.7353235371554016e-11
2.4855,1.0000000003662481,0.5000000006739923,1.000000001082129,2.0731533142512473e-10,5.424002151610541e-11
2.4885,1.0000000003449918,0.5000000006355146,1.0000000010213133,1.958895822856026e-10,5.1290914281844684e-11
2.4914999999999994,1.0000000003249419,0.500000000599182,1.0000000009638297,1.850765071947481e-10,4.849754837854696e-11
2.4944999999999995,1.0000000003060319,0.5000000005648778,1.0000000009095005,1.748442074844859e-10,4.585197688635619e-11
2.4974999999999996,1.0000000002881975,0.5000000005324916,1.000000000858158,1.6516240852060736e-10,4.3346551512777123e-11
2.5004999999999997,1.00000000027138,0.5000000005019188,1.0000000008096417,1.560024030419758e-10,4.0974158182645516e-11
2.5035,1.0000000002555227,0.5000000004730605,1.0000000007638004,1.4733683668755683e-10,3.872792956907765e-11
2.5065,1.0000000002405716,0.5000000004458229,1.0000000007204908,1.3913981965352268e-10,3.660136670694154e-11
2.5095,1.0000000002264764,0.5000000004201173,1.0000000006795764,1.3138677410760256e-10,3.458828095297468e-11
2.5125,1.000000000213189,0.5000000003958597,1.0000000006409286,1.2405429866899195e-10,3.268280225772996e-11
2.5154999999999994,1.0000000002006646,0.5000000003729705,1.0000000006044252,1.1712025746815204e-10,3.087938871862613e-11
2.5184999999999995,1.00000000018886,0.5000000003513745,1.0000000005699503,1.1056364447857241e-10,2.9172719355451193e-11
2.5214999999999996,1.0000000001777352,0.5000000003310003,1.0000000005373937,1.0436449120586255e-10,2.7557772086181004e-11
2.5244999999999997,1.0000000001672513,0.5000000003117806,1.0000000005066523,9.850384048115017e-11,2.6029734519386265e-11
2.5275,1.000000000157373,0.5000000002936514,1.0000000004776266,9.296377531530641e-11,2.4584111335972242e-11
2.5305,1.0000000001480656,0.5000000002765526,1.000000000450224,8.772720724467462e-11,2.3216576179690967e-11
2.5335,1.0000000001392968,0.500000000260427,1.000000000424356,8.277801173244821e-11,2.192301722495907e-11
2.5365,1.0000000001310365,0.5000000002452205,1.0000000003999387,7.810085505885897e-11,2.0699601081203057e-11
2.5394999999999994,1.0000000001232558,0.5000000002308819,1.000000000376893,7.368121356638029e-11,1.954261016754094e-11
2.5424999999999995,1.0000000001159275,0.5000000002173629,1.0000000003551435,6.95052863412879e-11,1.844854558305052e-11
2.5454999999999997,1.0000000001090257,0.500000000204618,1.0000000003346192,6.556001696734439e-11,1.7414087390471072e-11
2.5484999999999998,1.0000000001025258,0.5000000001926036,1.0000000003152536,6.183298902248628e-11,1.6436060422520584e-11
2.5515,1.0000000000964056,0.500000000181279,1.0000000002969822,5.831248801640645e-11,1.5511508234401784e-11
2.5545,1.0000000000906433,0.5000000001706055,1.0000000002797447,5.49873743553968e-11,1.4637590452028425e-11
2.5575,1.0000000000852178,0.5000000001605468,1.0000000002634846,5.184709162791238e-11,1.3811572176982615e-11
2.5605,1.0000000000801108,0.5000000001510679,1.0000000002481475,4.888169953347821e-11,1.3030957887177201e-11
2.5634999999999994,1.000000000075303,0.5000000001421365,1.0000000002336826,4.6081677427151644e-11,1.2293305894426235e-11
2.5664999999999996,1.0000000000707783,0.5000000001337215,1.0000000002200413,4.343807951109906e-11,1.1596288040067513e-11
2.5694999999999997,1.0000000000665197,0.5000000001257938,1.000000000207178,4.094238076201263e-11,1.0937756115259573e-11
2.5725,1.000000000062512,0.5000000001183259,1.0000000001950495,3.858650343408033e-11,1.0315657054768507e-11
2.5755,1.0000000000587408,0.5000000001112915,1.000000000183615,3.636287366625733e-11,9.728000483150593e-12
2.5785,1.0000000000551925,0.5000000001046665,1.000000000172835,3.426424787919964e-11,9.172966421069897e-12
2.5815,1.0000000000518543,0.5000000000984274,1.0000000001626737,3.228379397185048e-11,8.648796954806067e-12
2.5845000000000002,1.0000000000487137,0.5000000000925522,1.000000000153096,3.041501516501444e-11,8.153808571225158e-12
2.5874999999999995,1.0000000000457596,0.5000000000870201,1.0000000001440694,2.8651771399296707e-11,7.68644285952991e-12
2.5904999999999996,1.0000000000429812,0.5000000000818116,1.000000000135563,2.6988287281138223e-11,7.245179763402424e-12
2.5934999999999997,1.0000000000403677,0.5000000000769083,1.0000000001275478,2.5419055493162676e-11,6.828590505486531e-12
2.5965,1.0000000000379103,0.5000000000722924,1.0000000001199956,2.3938863214275415e-11,6.43535411487562e-12
2.5995,1.0000000000355993,0.5000000000679478,1.0000000001128806,2.2542805482766107e-11,6.064197517954498e-12
2.6025,1.0000000000334266,0.5000000000638586,1.000000000106178,2.1226223745839246e-11,5.713919238876735e-12
2.6055,1.0000000000313838,0.5000000000600104,1.0000000000998643,1.998468335048376e-11,5.383380134930744e-12
2.6085000000000003,1.0000000000294633,0.5000000000563893,1.0000000000939182,1.881401815337451e-11,5.071460487159737e-12
2.6114999999999995,1.000000000027658,0.5000000000529822,1.000000000088318,1.7710334602739243e-11,4.7771620430418845e-12
2.6144999999999996,1.000000000025961,0.5000000000497766,1.000000000083045,1.666987915780535e-11,4.499499815996004e-12
2.6174999999999997,1.000000000024366,0.5000000000467608,1.0000000000780795,1.5689123392682118e-11,4.237582197416832e-12
2.6205,1.0000000000228673,0.5000000000439239,1.0000000000734042,1.4764707909313278e-11,3.9905528829279985e-12
2.6235,1.000000000021459,0.5000000000412556,1.000000000069003,1.389347791556121e-11,3.7575736909322654e-12
2.6265,1.0000000000201357,0.500000000038746,1.0000000000648597,1.3072459530219382e-11,3.5378602524150852e-12
2.6295,1.0000000000188924,0.500000000036386,1.00000000006096,1.2298818903855543e-11,3.3306893909877088e-12
2.6324999999999994,1.0000000000177247,0.5000000000341668,1.0000000000572893,1.156992033670787e-11,3.135358134650478e-12
2.6354999999999995,1.0000000000166276,0.5000000000320801,1.0000000000538352,1.0883216300874486e-11,2.951198600888044e-12
2.6384999999999996,1.0000000000155969,0.5000000000301182,1.0000000000505849,1.0236317332400022e-11,2.77759985001363e-12
2.6414999999999997,1.0000000000146287,0.500000000028274,1.0000000000475269,9.627023293048898e-12,2.613939080133429e-12
2.6445,1.0000000000137197,0.5000000000265404,1.0000000000446496,9.053181745926297e-12,2.4597026720909e-12
2.6475,1.0000000000128662,0.5000000000249109,1.0000000000419427,8.512758151634e-12,2.3143581712849517e-12
2.6505,1.0000000000120648,0.5000000000233793,1.0000000000393965,8.003862737699813e-12,2.1774003197479473e-12
2.6535,1.0000000000113125,0.50000000002194,1.0000000000370013,7.524722807369612e-12,2.04836555812674e-12
2.6564999999999994,1.000000000010606,0.5000000000205875,1.0000000000347486,7.073582527246068e-12,1.926811675866979e-12
2.6594999999999995,1.0000000000099425,0.5000000000193169,1.0000000000326306,6.648864414373926e-12,1.8122783804784676e-12
2.6624999999999996,1.0000000000093203,0.5000000000181228,1.0000000000306386,6.24911736209366e-12,1.7044009154735742e-12
2.6654999999999998,1.0000000000087361,0.5000000000170013,1.0000000000287659,5.8728698571700425e-12,1.6027682665447485e-12
2.6685,1.0000000000081877,0.5000000000159478,1.000000000027005,5.518776325274098e-12,1.5070787491037902e-12
2.6715,1.0000000000076732,0.5000000000149583,1.00000000002535,5.1855348357669726e-12,1.4169549485474589e-12
2.6745,1.0000000000071902,0.5000000000140291,1.0000000000237943,4.871972301671854e-12,1.332063940584666e-12
2.6775,1.0000000000067373,0.5000000000131565,1.000000000022332,4.5769606843919625e-12,1.2521832418268924e-12
2.6804999999999994,1.000000000006312,0.5000000000123369,1.000000000020958,4.299437465481406e-12,1.1769615837730335e-12
2.6834999999999996,1.0000000000059135,0.5000000000115673,1.0000000000196663,4.03835010549799e-12,1.1061800679134816e-12
2.6864999999999997,1.0000000000055393,0.5000000000108448,1.0000000000184528,3.792764672734041e-12,1.039529388668804e-12
2.6895,1.000000000005189,0.5000000000101664,1.0000000000173126,3.5618568815415468e-12,9.768150694146875e-13
2.6925,1.0000000000048601,0.5000000000095298,1.0000000000162415,3.3446733089136203e-12,9.177816979457284e-13
2.6955,1.0000000000045515,0.5000000000089323,1.0000000000152351,3.1404370137500995e-12,8.622566892352491e-13
2.6985,1.0000000000042624,0.5000000000083715,1.00000000001429,2.948388469046896e-12,8.100239803812568e-13
2.7015000000000002,1.0000000000039913,0.5000000000078453,1.0000000000134022,2.7678202540580822e-12,7.608732061312158e-13
2.7044999999999995,1.0000000000037368,0.5000000000073516,1.0000000000125688,2.5980702647745474e-12,7.14620537783779e-13
2.7074999999999996,1.000000000003498,0.5000000000068884,1.0000000000117861,2.4385315550549954e-12,6.711236088287495e-13
2.7104999999999997,1.0000000000032747,0.5000000000064536,1.000000000011051,2.288584475697961e-12,6.302100459583905e-13
2.7135,1.0000000000030653,0.5000000000060457,1.0000000000103608,2.1476779081002853e-12,5.917526477493567e-13
2.7165,1.0000000000028693,0.5000000000056631,1.0000000000097127,2.015246635292239e-12,5.556098014599254e-13
2.7195,1.0000000000026852,0.5000000000053043,1.0000000000091045,1.890817570597378e-12,5.216087207240923e-13
2.7225,1.0000000000025129,0.5000000000049678,1.0000000000085338,1.773928539648656e-12,4.896290279213277e-13
2.7255000000000003,1.0000000000023517,0.5000000000046523,1.0000000000079978,1.6640877823370546e-12,4.595931164954397e-13
2.7284999999999995,1.0000000000022005,0.5000000000043565,1.000000000007495,1.560876386410891e-12,4.313508227924982e-13
2.7314999999999996,1.0000000000020588,0.5000000000040791,1.000000000007023,1.463948441428109e-12,4.0480984397692515e-13
2.7344999999999997,1.0000000000019262,0.5000000000038188,1.00000000000658,1.3729031960395773e-12,3.7987733523377743e-13
2.7375,1.000000000001802,0.500000000003575,1.0000000000061648,1.2874166703566817e-12,3.5643263750340044e-13
2.7405,1.0000000000016853,0.5000000000033465,1.0000000000057752,1.2071557862517425e-12,3.3441127901234807e-13
2.7435,1.0000000000015765,0.5000000000031324,1.0000000000054095,1.1317704728849787e-12,3.1373906996992636e-13
2.7465,1.0000000000014744,0.5000000000029317,1.0000000000050666,1.0610136445597745e-12,2.9429266367564304e-13
2.7494999999999994,1.000000000001379,0.5000000000027435,1.000000000004745,9.94615728387232e-13,2.760181179697785e-13
2.7524999999999995,1.0000000000012894,0.5000000000025673,1.0000000000044436,9.322489618215427e-13,2.588591884855333e-13
2.7554999999999996,1.000000000001206,0.5000000000024021,1.0000000000041607,8.737299564718297e-13,2.427509728830491e-13
2.7584999999999997,1.0000000000011275,0.5000000000022474,1.0000000000038956,8.188167870037029e-13,2.2762688803873346e-13
2.7615,1.000000000001054,0.5000000000021027,1.000000000003647,7.672817173141453e-13,2.1341408183098018e-13
2.7645,1.0000000000009854,0.5000000000019668,1.0000000000034142,7.18919917927414e-13,2.0008530131316982e-13
2.7675,1.0000000000009213,0.5000000000018395,1.0000000000031959,6.735430546926079e-13,1.8758109044363946e-13
2.7705,1.0000000000008613,0.5000000000017204,1.0000000000029912,6.309643059468541e-13,1.7583845687455037e-13
2.7734999999999994,1.0000000000008051,0.5000000000016088,1.0000000000027993,5.910429733600503e-13,1.64802451378872e-13
2.7764999999999995,1.0000000000007525,0.5000000000015045,1.0000000000026197,5.535877493409094e-13,1.5443171245494217e-13
2.7794999999999996,1.0000000000007032,0.5000000000014067,1.0000000000024514,5.184735945089691e-13,1.4470812916062117e-13
2.7824999999999998,1.000000000000657,0.500000000001315,1.0000000000022935,4.855347134849501e-13,1.3560588965141636e-13
2.7855,1.0000000000006142,0.5000000000012292,1.0000000000021454,4.5462232392602817e-13,1.2706962988391162e-13
2.7885,1.000000000000574,0.5000000000011491,1.000000000002007,4.256384157545763e-13,1.1904760633526333e-13
2.7915,1.0000000000005365,0.500000000001074,1.0000000000018772,3.984901460151736e-13,1.1151662601063599e-13
2.7945,1.0000000000005012,0.5000000000010039,1.0000000000017557,3.7303948364387674e-13,1.044370909033277e-13
2.7974999999999994,1.000000000000468,0.5000000000009382,1.000000000001642,3.4917783918407167e-13,9.78003880282657e-14
2.8004999999999995,1.0000000000004372,0.5000000000008766,1.0000000000015354,3.268339349668575e-13,9.161956527705454e-14
2.8034999999999997,1.0000000000004086,0.500000000000819,1.0000000000014353,3.058699502499557e-13,8.582361979710511e-14
2.8064999999999998,1.0000000000003817,0.5000000000007653,1.0000000000013418,2.861870566490332e-13,8.037153652346481e-14
2.8095,1.0000000000003564,0.5000000000007148,1.0000000000012546,2.6778995188420776e-13,7.525562677900686e-14
2.8125,1.000000000000333,0.5000000000006676,1.0000000000011726,2.505447128922557e-13,7.046210672637558e-14
2.8155,1.0000000000003113,0.5000000000006234,1.0000000000010958,2.343820565133538e-13,6.597320015099234e-14
2.8185000000000002,1.0000000000002909,0.5000000000005823,1.000000000001024,2.1922861793385024e-13,6.176145182320029e-14
2.8214999999999995,1.0000000000002716,0.5000000000005438,1.000000000000957,2.0502817312935696e-13,5.778899562525404e-14
2.8244999999999996,1.0000000000002536,0.5000000000005078,1.0000000000008944,1.9175660608873224e-13,5.405288207692769e-14
2.8274999999999997,1.0000000000002367,0.5000000000004741,1.0000000000008358,1.793362114627379e-13,5.056749980667262e-14
2.8305,1.000000000000221,0.5000000000004423,1.000000000000781,1.6771360714903452e-13,4.7321844330992906e-14
2.8335,1.0000000000002065,0.5000000000004128,1.0000000000007292,1.568246393499797e-13,4.4285997792815043e-14
2.8365,1.000000000000193,0.5000000000003852,1.000000000000681,1.4660727824482028e-13,4.1421424365314617e-14
2.8395,1.0000000000001803,0.5000000000003597,1.0000000000006362,1.370369763001245e-13,3.874050076070423e-14
2.8425000000000002,1.0000000000001685,0.5000000000003357,1.0000000000005942,1.2806974717585076e-13,3.6236338009264776e-14
2.8454999999999995,1.0000000000001574,0.5000000000003133,1.000000000000555,1.1969580776832408e-13,3.386816350588825e-14
2.8484999999999996,1.000000000000147,0.5000000000002924,1.000000000000518,1.118507691404213e-13,3.166387851290034e-14
2.8514999999999997,1.0000000000001372,0.5000000000002728,1.0000000000004838,1.0449609410977203e-13,2.960127424671374e-14
2.8545,1.0000000000001281,0.5000000000002546,1.0000000000004516,9.76450175688082e-14,2.7663503206447186e-14
2.8575,1.0000000000001197,0.5000000000002376,1.0000000000004217,9.122066393732259e-14,2.586885952251108e-14
2.8605,1.000000000000112,0.5000000000002217,1.0000000000003935,8.5205202854638e-14,2.41806351337275e-14
2.8635,1.0000000000001046,0.5000000000002068,1.0000000000003673,7.956576567463245e-14,2.2589611684450563e-14
2.8664999999999994,1.0000000000000977,0.500000000000193,1.0000000000003428,7.429952603079224e-14,2.109697001832648e-14
2.8694999999999995,1.0000000000000915,0.50000000000018,1.0000000000003197,6.937011401562592e-14,1.973550029513731e-14
2.8724999999999996,1.0000000000000855,0.5000000000001679,1.0000000000002982,6.474677487059543e-14,1.841989116173303e-14
2.8754999999999997,1.0000000000000802,0.5000000000001567,1.0000000000002782,6.043772048732666e-14,1.7211379654007223e-14
2.8785,1.0000000000000748,0.5000000000001462,1.0000000000002596,5.6400556611230097e-14,1.6078100076702237e-14
2.8815,1.0000000000000702,0.5000000000001364,1.000000000000242,5.2629247677912316e-14,1.50278223605138e-14
2.8845,1.0000000000000657,0.5000000000001273,1.0000000000002258,4.91048609015704e-14,1.4057072139520703e-14
2.8875,1.0000000000000615,0.5000000000001188,1.0000000000002107,4.58339177913416e-14,1.3130243269438789e-14
2.8904999999999994,1.0000000000000577,0.5000000000001108,1.0000000000001967,4.2810715323853504e-14,1.2248531231836627e-14
2.8934999999999995,1.0000000000000542,0.5000000000001034,1.0000000000001834,3.9962656392086364e-14,1.1436297844036551e-14
2.8964999999999996,1.0000000000000508,0.5000000000000964,1.000000000000171,3.726061190766482e-14,1.0663832743457817e-14
2.8994999999999997,1.0000000000000477,0.5000000000000898,1.0000000000001594,3.4711802298844974e-14,9.944936596592655e-15
2.9025,1.0000000000000449,0.5000000000000839,1.0000000000001485,3.2323065730581495e-14,9.281377917997829e-15
2.9055,1.0000000000000422,0.5000000000000784,1.0000000000001386,3.009859382001924e-14,8.650556190141541e-15
2.9085,1.0000000000000397,0.5000000000000733,1.0000000000001292,2.804132483937578e-14,8.067818566413487e-15
2.9115,1.0000000000000373,0.5000000000000685,1.0000000000001203,2.61149490544284e-14,7.522964316236432e-15
2.9144999999999994,1.0000000000000349,0.5000000000000637,1.0000000000001124,2.433265238461669e-14,6.989095307404171e-15
2.9174999999999995,1.0000000000000329,0.5000000000000595,1.0000000000001048,2.2638771168371927e-14,6.490612995229615e-15
2.9204999999999997,1.0000000000000309,0.5000000000000558,1.000000000000098,2.106929061368782e-14,6.030840554130884e-15
2.9234999999999998,1.000000000000029,0.5000000000000523,1.0000000000000913,1.9635460253530264e-14,5.6215725808617405e-15
2.9265,1.0000000000000273,0.500000000000049,1.0000000000000848,1.827981395457467e-14,5.254113694181814e-15
2.9295,1.0000000000000258,0.500000000000046,1.0000000000000793,1.699065776150245e-14,4.886537109055683e-15
2.9325,1.0000000000000242,0.5000000000000432,1.0000000000000742,1.5804270966654992e-14,4.531384466238885e-15
2.9355,1.0000000000000229,0.5000000000000405,1.0000000000000693,1.47166513480235e-14,4.210465235904092e-15
2.9384999999999994,1.0000000000000215,0.500000000000038,1.0000000000000648,1.3702851861996001e-14,3.916472474685079e-15
2.9414999999999996,1.0000000000000202,0.5000000000000356,1.0000000000000606,1.2723997635717526e-14,3.629419296710412e-15
2.9444999999999997,1.0000000000000193,0.5000000000000334,1.0000000000000566,1.1809455309629214e-14,3.349675815369407e-15
2.9475,1.0000000000000184,0.5000000000000315,1.000000000000053,1.0962887467727592e-14,3.0858275021797556e-15
2.9505,1.0000000000000173,0.5000000000000296,1.00000000000005,1.0209553558201782e-14,2.85831747938514e-15
2.9535,1.0000000000000164,0.500000000000028,1.0000000000000466,9.51545159039882e-15,2.6715342689461436e-15
2.9565,1.0000000000000155,0.5000000000000263,1.0000000000000437,8.854027879046159e-15,2.4980887041087956e-15
2.9595000000000002,1.0000000000000147,0.5000000000000249,1.000000000000041,8.223558255828527e-15,2.3393126043224056e-15
2.9624999999999995,1.0000000000000138,0.5000000000000234,1.0000000000000384,7.638400618208784e-15,2.1876058013754544e-15
2.9654999999999996,1.0000000000000129,0.5000000000000221,1.0000000000000362,7.085425966650984e-15,2.021344387256249e-15
2.9684999999999997,1.0000000000000124,0.500000000000021,1.000000000000034,6.564903282568839e-15,1.862606895113607e-15
2.9715,1.0000000000000118,0.5000000000000199,1.000000000000032,6.136278385465394e-15,1.696735371732606e-15
2.9745,1.000000000000011,0.5000000000000188,1.0000000000000304,5.739574353545157e-15,1.5305655932607904e-15
2.9775,1.0000000000000107,0.5000000000000175,1.0000000000000286,5.348509863323343e-15,1.380879981499853e-15
2.9805,1.0000000000000102,0.5000000000000167,1.000000000000027,4.9923277739308584e-15,1.2636412345410119e-15
2.9835000000000003,1.0000000000000098,0.5000000000000159,1.0000000000000255,4.6542615948358204e-15,1.1775508035237007e-15
2.9864999999999995,1.0000000000000093,0.5000000000000151,1.000000000000024,4.337943319570044e-15,1.1009543081723961e-15
2.9894999999999996,1.0000000000000089,0.5000000000000143,1.0000000000000224,4.050350571404191e-15,1.038517579223415e-15
2.9924999999999997,1.0000000000000084,0.5000000000000135,1.000000000000021,3.778343212726169e-15,9.720066364996552e-16
2.9955,1.0000000000000078,0.5000000000000128,1.00000000000002,3.5255127429194747e-15,8.930507163192985e-16
2.9985,1.0000000000000073,0.5000000000000121,1.0000000000000189,3.2962612158151677e-15,8.237658495299036e-16
3.0015,1.0000000000000067,0.5000000000000115,1.000000000000018,3.0818098982194856e-15,7.559662010154577e-16
3.0045,1.0000000000000062,0.500000000000011,1.000000000000017,2.8833695080602946e-15,7.117299374174469e-16
3.0074999999999994,1.0000000000000056,0.5000000000000103,1.0000000000000164,2.741741150810198e-15,6.626845749189587e-16
3.0104999999999995,1.000000000000005,0.5000000000000095,1.0000000000000158,2.647321229675079e-15,6.195278907837084e-16
3.0134999999999996,1.0000000000000047,0.5000000000000089,1.0000000000000149,2.541214436587467e-15,6.051849597404021e-16
3.0164999999999997,1.0000000000000042,0.5000000000000082,1.0000000000000142,2.439033966929868e-15,5.747506584374808e-16
3.0195,1.0000000000000038,0.5000000000000077,1.0000000000000133,2.335653366939986e-15,5.498378290694231e-16
3.0225,1.0000000000000033,0.5000000000000071,1.0000000000000127,2.229930975504924e-15,5.237731607871506e-16
3.0255,1.0000000000000029,0.5000000000000067,1.000000000000012,2.1194280631537536e-15,5.01637938956751e-16
3.0285,1.0000000000000024,0.5000000000000062,1.000000000000011,2.0213921548576503e-15,4.73826868523748e-16
3.0314999999999994,1.000000000000002,0.5000000000000058,1.0000000000000104,1.9250570465566607e-15,4.517301948959786e-16
3.0344999999999995,1.0000000000000016,0.5000000000000053,1.0000000000000095,1.8078199822757665e-15,4.323921492342727e-16
3.0374999999999996,1.0000000000000009,0.500000000000005,1.000000000000009,1.6998095071782317e-15,4.1126914397818155e-16
3.0404999999999998,1.0000000000000004,0.5000000000000046,1.0000000000000087,1.627352795780007e-15,4.0010577419076733e-16
3.0435,1.0,0.5000000000000041,1.0000000000000082,1.5747166428121186e-15,4.035095206064271e-16
3.0465,1.0,0.5000000000000038,1.0000000000000078,1.5159979440582775e-15,4.0943405368829445e-16
3.0495,1.0,0.5000000000000036,1.0000000000000075,1.4666069084756968e-15,3.9258910914666993e-16
3.0525,1.0,0.5000000000000034,1.000000000000007,1.4182198955741886e-15,3.9025732513832636e-16
3.0554999999999994,1.0,0.5000000000000032,1.0000000000000067,1.3636820949776038e-15,3.8476872797760215e-16
3.0584999999999996,1.0,0.500000000000003,1.0000000000000064,1.2962887276175997e-15,3.731460054116889e-16
3.0614999999999997,1.0,0.5000000000000029,1.000000000000006,1.2549476374229991e-15,3.592866633495004e-16
3.0645,1.0,0.5000000000000028,1.0000000000000058,1.214725001639402e-15,3.525240108850554e-16
3.0675,1.0,0.5000000000000027,1.0000000000000053,1.1607342582054979e-15,3.427103036432679e-16
3.0705,1.0,0.5000000000000024,1.000000000000005,1.1271712422779778e-15,3.32210316531053e-16
3.0735,1.0,0.5000000000000022,1.0000000000000049,1.0623622411257179e-15,3.172469779047428e-16
3.0765000000000002,1.0,0.5000000000000021,1.0000000000000047,1.0185811922538624e-15,3.0517218132205637e-16
3.0794999999999995,1.0,0.5000000000000019,1.0000000000000042,9.865779567588024e-16,2.908638781995173e-16
3.0824999999999996,1.0,0.5000000000000018,1.000000000000004,9.496683975642066e-16,2.8232166309860123e-16
3.0854999999999997,1.0,0.5000000000000016,1.0000000000000038,8.934640001918677e-16,2.7081426512041974e-16
3.0885,1.0,0.5000000000000014,1.0000000000000036,8.501432802203547e-16,2.61017915190026e-16
3.0915,1.0,0.5000000000000012,1.0000000000000033,7.929835681176602e-16,2.5016780764832077e-16
3.0945,1.0,0.5000000000000011,1.000000000000003,7.436192877803994e-16,2.3747545849529687e-16
3.0975,1.0,0.500000000000001,1.0000000000000027,6.99464636419302e-16,2.17409733805359e-16
3.1005000000000003,1.0,0.5000000000000009,1.0000000000000024,6.558257251039445e-16,2.0167742751562472e-16
3.1034999999999995,1.0,0.5000000000000008,1.000000000000002,6.007813857090562e-16,1.8282174176200225e-16
3.1064999999999996,1.0,0.5000000000000007,1.0000000000000018,5.388326610076323e-16,1.7877536722168434e-16
3.1094999999999997,1.0,0.5000000000000004,1.0000000000000016,4.649136566377599e-16,1.597713535678661e-16
3.1125,1.0,0.5000000000000003,1.000000000000001,4.0412899905355644e-16,1.3376689653934323e-16
3.1155,1.0,0.5000000000000003,1.0000000000000009,3.365030089590957e-16,1.183970846869146e-16
3.1185,1.0,0.5000000000000001,1.0000000000000007,2.6131613852631236e-16,9.262555052844456e-17
3.1215,1.0,0.5000000000000001,1.0000000000000004,2.0642407173449553e-16,7.892304706906661e-17
3.1244999999999994,1.0,0.5000000000000001,1.0000000000000004,1.4465777660790885e-16,5.551440690158239e-17
3.1274999999999995,1.0,0.5,1.0,7.349182495843974e-17,3.113402245729862e-17
3.1304999999999996,1.0,0.5,1.0,2.2419760919786537e-17,1.018089449171894e-17
3.1334999999999997,1.0,0.5,1.0,6.542819874964153e-18,2.939366106582129e-18
3.1365,1.0,0.5,1.0,1.600473957478487e-18,7.199774666136511e-19
3.1395,1.0,0.5,1.0,3.856846068720952e-19,1.704711195691247e-19
3.1425,1.0,0.5,1.0,4.6091704388430496e-20,1.6661000938580082e-20
3.1455,1.0,0.5,1.0,-4.9525787391161065e-20,-2.639548638299027e-20
3.1484999999999994,1.0,0.5,1.0,-7.279574195477593e-20,-3.664378095389908e-20
3.1514999999999995,1.0,0.5,1.0,-7.508881692518386e-20,-3.7405264114485803e-20
3.1544999999999996,1.0,0.5,1.0,-7.162462837900937e-20,-3.557609513875165e-20
3.1574999999999998,1.0,0.5,1.0,-6.676674655350812e-20,-3.3131074619991215e-20
3.1605,1.0,0.5,1.0,-6.174128558159478e-20,-3.062487213560057e-20
3.1635,1.0,0.5,1.0,-5.689194022156871e-20,-2.821324759289031e-20
3.1665,1.0,0.5,1.0,-5.232036688082447e-20,-2.5942756547434103e-20
3.1695,1.0,0.5,1.0,-4.8064466042105396e-20,-2.3831291687219345e-20
3.1724999999999994,1.0,0.5,1.0,-4.414635470375555e-20,-2.1889650314154527e-20
3.1754999999999995,1.0,0.5,1.0,-4.0583531555984285e-20,-2.01264138165092e-20
3.1784999999999997,1.0,0.5,1.0,-3.738927294205005e-20,-1.8547930959303413e-20
3.1814999999999998,1.0,0.5,1.0,-3.456981200088065e-20,-1.7156852074787575e-20
3.1845,1.0,0.5,1.0,-3.2120895668709547e-20,-1.5950423255802198e-20
3.1875,1.0,0.5,1.0,-3.002495619909439e-20,-1.491913106577808e-20
3.1905,1.0,0.5,1.0,-2.824965866215154e-20,-1.4046062905383077e-20
3.1935000000000002,1.0,0.5,1.0,-2.6748275337027666e-20,-1.3307193331653039e-20
3.1964999999999995,1.0,0.5,1.0,-2.546202574637045e-20,-1.2672649463716136e-20
3.1994999999999996,1.0,0.5,1.0,-2.4324198281334948e-20,-1.2108847715126389e-20
3.2024999999999997,1.0,0.5,1.0,-2.3265573495603007e-20,-1.1581249080370293e-20
3.2055,1.0,0.5,1.0,-2.2220447430651692e-20,-1.1057374494862923e-20
3.2085,1.0,0.5,1.0,-2.113244480386331e-20,-1.0509674075632044e-20
3.2115,1.0,0.5,1.0,-1.9959336465949597e-20,-9.91786310005989e-21
3.2145,1.0,0.5,1.0,-1.8676228592466516e-20,-9.27041980660432e-21
3.2175000000000002,1.0,0.5,1.0,-1.7276743852611405e-20,-8.565070059804877e-21
3.2204999999999995,1.0,0.5,1.0,-1.577212029321141e-20,-7.808237496519244e-21
3.2234999999999996,1.0,0.5,1.0,-1.4188456542446697e-20,-7.013587251144111e-21
3.2264999999999997,1.0,0.5,1.0,-1.2562579973412028e-20,-6.199911168830722e-21
3.2295,1.0,0.5,1.0,-1.0937168944815885e-20,-5.3886741404468156e-21
3.2325,1.0,0.5,1.0,-9.355802751919255e-21,-4.601556765276251e-21
3.2355,1.0,0.5,1.0,-7.858547396977608e-21,-3.858291993391781e-21
3.2385,1.0,0.5,1.0,-6.478535033796681e-21,-3.1750151480830937e-21
3.2414999999999994,1.0,0.5,1.0,-5.2397958923073404e-21,-2.5632460992783066e-21
3.2444999999999995,1.0,0.5,1.0,-4.156393566278154e-21,-2.0295192187088297e-21
3.2474999999999996,1.0,0.5,1.0,-3.2327333017694062e-21,-1.5755884175442841e-21
3.2504999999999997,1.0,0.5,1.0,-2.464783316706774e-21,-1.1990728627539192e-21
3.2535,1.0,0.5,1.0,-1.8418825641272975e-21,-8.94378863973172e-22
3.2565,1.0,0.5,1.0,-1.3488027915429734e-21,-6.537333670841646e-22
3.2595,1.0,0.5,1.0,-9.677760330846506e-22,-4.681880054028228e-22
3.2625,1.0,0.5,1.0,-6.802728001614612e-22,-3.2849061645812524e-22
3.2654999999999994,1.0,0.5,1.0,-4.684021191350468e-22,-2.257640724962242e-22
3.2684999999999995,1.0,0.5,1.0,-3.1588584503966643e-22,-1.5197224934382206e-22
3.2714999999999996,1.0,0.5,1.0,-2.0862507485112041e-22,-1.0018462188976046e-22
3.2744999999999997,1.0,0.5,1.0,-1.3492049856521765e-22,-6.467185732156717e-23
3.2775,1.0,0.5,1.0,-8.54308323967436e-23,-4.087492819116066e-23
3.2805,1.0,0.5,1.0,-5.295744949344432e-23,-2.5291497057931708e-23
3.2835,1.0,0.5,1.0,-3.213429106687758e-23,-1.531833333775893e-23
3.2865,1.0,0.5,1.0,-1.9085819173600104e-23,-9.080129461402002e-24
3.2894999999999994,1.0,0.5,1.0,-1.1097130969738137e-23,-5.265678989482909e-24
3.2924999999999995,1.0,0.5,1.0,-6.323025787868882e-24,-2.98364550672404e-24
3.2954999999999997,1.0,0.5,1.0,-3.549007664389176e-24,-1.6430191959787625e-24
3.2984999999999998,1.0,0.5,1.0,-2.0121692413135462e-24,-8.60827435961632e-25
