-0.9995,1.0038868166022903,-0.003374959791771787
-0.9985,1.0039236622289205,-0.003411695387015477
-0.9975,1.0039714442940408,-0.003459298282551454
-0.9965,1.0040228288211555,-0.003510445886948594
-0.9955,1.0040757409475602,-0.0035630665299275052
-0.9945,1.0041295968947725,-0.0036165772841234354
-0.9935,1.004184236238755,-0.0036708178971233078
-0.9925,1.0042396189508296,-0.0037257483094369132
-0.9915,1.0042957393249323,-0.0037813627192216917
-0.9905,1.0043526014932171,-0.0038376651375635726
-0.9895,1.0044102124528878,-0.003894662426756648
-0.9885,1.0044685800781374,-0.003952362315529943
-0.9875,1.0045277125529875,-0.00401077283281039
-0.9865,1.0045876182096107,-0.0040699021462841664
-0.9855,1.0046483054825057,-0.0041297585166093585
-0.9845,1.0047097828958111,-0.004190350284709674
-0.9835,1.004772059060113,-0.004251685868542859
-0.9825,1.004835142671975,-0.004313773762586234
-0.9815,1.0048990425142557,-0.004376622538103794
-0.9805,1.00496376745665,-0.004440240843639549
-0.9795,1.0050293264563024,-0.004504637405577399
-0.9785,1.0050957285584403,-0.004569821028721737
-0.9775,1.0051629828970179,-0.004635800596885761
-0.9765,1.0052310986953643,-0.004702585073483544
-0.9755,1.0053000852668363,-0.00477018350212471
-0.9745,1.0053699520154764,-0.00483860500721117
-0.9735,1.0054407084366714,-0.004907858794536536
-0.9725,1.0055123641178194,-0.0049779541518877885
-0.9715,1.0055849287389962,-0.005048900449648289
-0.9705,1.0056584120736276,-0.005120707141403962
-0.9695,1.0057328239891665,-0.00519338376455108
-0.9685,1.0058081744477718,-0.005266939940905968
-0.9675,1.005884473506992,-0.005341385377317252
-0.9665,1.005961731320453,-0.005416729866280119
-0.9655,1.0060399581385489,-0.005492983286552469
-0.9645,1.006119164309137,-0.005570155603773139
-0.9635,1.006199360278237,-0.005648256871082073
-0.9625,1.006280556590734,-0.005727297229742653
-0.9615,1.0063627638910833,-0.005807286909766098
-0.9605,1.0064459929240224,-0.005888236230537573
-0.9595,1.0065302545352846,-0.005970155601444291
-0.9585,1.0066155596723159,-0.006053055522505558
-0.9575,1.0067019193849978,-0.006136946585004553
-0.9565,1.0067893448263716,-0.006221839472122254
-0.9555,1.0068778472533684,-0.006307744959573007
-0.9545,1.0069674380275409,-0.006394673916241656
-0.9535,1.0070581286158016,-0.00648263730482278
-0.9525,1.007149930591161,-0.006571646182461428
-0.9515,1.0072428556334738,-0.006661711701395495
-0.9505,1.007336915530185,-0.006752845109599904
-0.9495,1.007432122177082,-0.00684505775143239
-0.9485,1.0075284875790496,-0.006938361068280581
-0.9475,1.007626023850829,-0.0070327665992106474
-0.9465,1.00772474321778,-0.0071282859816176065
-0.9455,1.0078246580166472,-0.00722493095187701
-0.9445,1.0079257806963289,-0.0073227133459978
-0.9435,1.0080281238186513,-0.007421645100276511
-0.9425,1.008131700059145,-0.007521738251952941
-0.9415,1.0082365222078247,-0.00762300493986684
-0.9405,1.0083426031699736,-0.007725457405115657
-0.9395,1.008449955966931,-0.00782910799171372
-0.9385,1.0085585937368822,-0.0079339691472522
-0.9375,1.0086685297356526,-0.00804005342356009
-0.9365,1.0087797773375067,-0.008147373477366012
-0.9355,1.0088923500359468,-0.008255942070960967
-0.9345,1.0090062614445188,-0.008365772072862074
-0.9335,1.0091215252976191,-0.008476876458476465
-0.9325,1.0092381554513048,-0.008589268310766408
-0.9315,1.0093561658841075,-0.00870296082091469
-0.9305,1.0094755706978509,-0.008817967288990387
-0.9295,1.0095963841184696,-0.008934301124615544
-0.9285,1.0097186204968327,-0.00905197584763166
-0.9275,1.0098422943095695,-0.009171005088766714
-0.9265,1.0099674201598983,-0.009291402590302233
-0.9255,1.0100940127784572,-0.009413182206740589
-0.9245,1.0102220870241396,-0.00953635790547199
-0.9235,1.0103516578849292,-0.009660943767441565
-0.9225,1.010482740478742,-0.009786953987816429
-0.9215,1.010615350054266,-0.009914402876652007
-0.9205,1.0107495019918076,-0.010043304859558061
-0.9195,1.0108852118041372,-0.010173674478364198
-0.9185,1.0110224951373392,-0.01030552639178501
-0.9175,1.011161367771663,-0.010438875376083886
-0.9165,1.011301845622377,-0.010573736325736214
-0.9155,1.0114439447406238,-0.010710124254091609
-0.9145,1.011587681314278,-0.010848054294034591
-0.9135,1.011733071668805,-0.010987541698644436
-0.9125,1.011880132268124,-0.011128601841853275
-0.9115,1.012028879715468,-0.011271250219102528
-0.9105,1.0121793307542504,-0.011415502447997893
-0.9095,1.0123315022689294,-0.011561374268962173
-0.9085,1.012485411285876,-0.011708881545885933
-0.9075,1.0126410749742418,-0.011858040266776114
-0.9065,1.0127985106468274,-0.012008866544402193
-0.9055,1.0129577357609534,-0.012161376616939926
-0.9045,1.0131187679193316,-0.012315586848611794
-0.9035,1.0132816248709355,-0.012471513730324894
-0.9025,1.0134463245118726,-0.012629173880305723
-0.9015,1.0136128848862571,-0.01278858404473125
-0.9005,1.0137813241870817,-0.01294976109835678
-0.8995,1.0139516607570909,-0.013112722045139791
-0.8985,1.0141239130896516,-0.013277484018859973
-0.8975,1.014298099829627,-0.013444064283734777
-0.8965,1.0144742397742463,-0.01361248023503057
-0.8955,1.0146523518739765,-0.013782749399669116
-0.8945,1.0148324552333916,-0.013954889436828963
-0.8935,1.015014569112041,-0.014128918138541715
-0.8925,1.0151987129253173,-0.014304853430282328
-0.8915,1.0153849062453235,-0.014482713371553897
-0.8905,1.0155731688017349,-0.01466251615646619
-0.8895,1.0157635204826645,-0.014844280114307329
-0.8885,1.0159559813355215,-0.015028023710108696
-0.8875,1.016150571567872,-0.01521376554520232
-0.8865,1.0163473115482946,-0.015401524357770502
-0.8855,1.0165462218072343,-0.01559131902338726
-0.8845,1.0167473230378559,-0.01578316855555041
-0.8835,1.0169506360968927,-0.015977092106204342
-0.8825000000000001,1.0171561820054955,-0.016173108966252642
-0.8815,1.0173639819500764,-0.01637123856605952
-0.8805000000000001,1.017574057283154,-0.016571500475939346
-0.8795,1.017786429524195,-0.01677391440663299
-0.8785000000000001,1.0180011203604553,-0.016978500209770275
-0.8775,1.0182181516478213,-0.01718527787831662
-0.8765000000000001,1.018437545411651,-0.017394267547002833
-0.8755,1.0186593238476163,-0.01760548949273585
-0.8745,1.0188835093225486,-0.0178189641349882
-0.8734999999999999,1.0191101243752885,-0.01803471203616446
-0.8725,1.0193391917175412,-0.018252753901941473
-0.8714999999999999,1.019570734234742,-0.018473110581579077
-0.8705,1.0198047749869306,-0.018695803068198156
-0.8694999999999999,1.0200413372096426,-0.018920852499021198
-0.8685,1.0202804443148175,-0.019148280155571316
-0.8674999999999999,1.020522119891729,-0.01937810746382433
-0.8665,1.0207663877079458,-0.019610355994307046
-0.8654999999999999,1.0210132717103235,-0.019845047462136035
-0.8645,1.0212627960260372,-0.020082203726988865
-0.8634999999999999,1.0215149849636627,-0.020321846792999098
-0.8625,1.0217698630143126,-0.020563998808566148
-0.8614999999999999,1.022027454852839,-0.020808682066069468
-0.8605,1.0222877853391097,-0.021055919001476325
-0.8594999999999999,1.022550879519372,-0.021305732193830366
-0.8585,1.0228167626277145,-0.021558144364608855
-0.8575,1.0230854600876396,-0.021813178376934094
-0.8565,1.023356997513761,-0.022070857234624718
-0.8555,1.0236314007136385,-0.022331204081072278
-0.8545,1.023908695689767,-0.022594242197926336
-0.8535,1.0241889086417322,-0.022859995003573403
-0.8525,1.0244720659685493,-0.02312848605139354
-0.8515,1.0247581942711967,-0.023399739027779108
-0.8505,1.0250473203553614,-0.023673777749901242
-0.8495,1.0253394712344042,-0.02395062616321037
-0.8485,1.0256346741325606,-0.024230308338659134
-0.8475,1.0259329564883795,-0.024512848469637662
-0.8465,1.0262343459584111,-0.02479827086861449
-0.8455,1.026538870421143,-0.02508659996347981
-0.8445,1.0268465579811823,-0.02537786029359008
-0.8435,1.0271574369736804,-0.025672076505520464
-0.8425,1.0274715359689843,-0.025969273348534286
-0.8415,1.0277888837775002,-0.026269475669785738
-0.8405,1.0281095094547437,-0.02657270840927823
-0.8395,1.0284334423065438,-0.026878996594607595
-0.8385,1.0287607118943645,-0.027188365335527483
-0.8375,1.0290913480406942,-0.02750083981838043
-0.8365,1.0294253808344505,-0.027816445300447162
-0.8355,1.0297628406363355,-0.028135207104274473
-0.8345,1.0301037580840717,-0.028457150612049262
-0.8335,1.0304481640974412,-0.028782301260093592
-0.8325,1.0307960898830395,-0.029110684533562508
-0.8315,1.0311475669386567,-0.029442325961432213
-0.8305,1.0315026270571876,-0.02977725111187099
-0.8295,1.03186130232997,-0.03011548558808828
-0.8285,1.0322236251494514,-0.03045705502475964
-0.8275,1.0325896282110791,-0.03080198508512506
-0.8265,1.0329593445143161,-0.031150301458856035
-0.8255,1.0333328073626844,-0.03150202986078365
-0.8245,1.0337100503627448,-0.03185719603057208
-0.8235,1.034091107421934,-0.03221582573341386
-0.8225,1.0344760127451855,-0.0325779447618132
-0.8215,1.0348648008302794,-0.03294357893850796
-0.8205,1.0352575064618783,-0.03331275412056724
-0.8195,1.0356541647042266,-0.033685496204683064
-0.8185,1.036054810892508,-0.034061831133654685
-0.8175,1.0364594806228806,-0.034441784904043767
-0.8165,1.0368682097412274,-0.0348253835749563
-0.8155,1.0372810343306837,-0.03521265327788422
-0.8145,1.0376979906980324,-0.03560362022751725
-0.8135,1.038119115359069,-0.035998310733412406
-0.8125,1.038544445023072,-0.03639675121238731
-0.8115,1.0389740165765304,-0.03679896820148286
-0.8105,1.0394078670662936,-0.03720498837132312
-0.8095,1.039846033682335,-0.03761483853968511
-0.8085,1.0402885537403257,-0.03802854568507657
-0.8075,1.0407354646642266,-0.038446136960113154
-0.8065,1.0411868039691135,-0.03886763970447977
-0.8055,1.041642609244452,-0.03929308145725924
-0.8045,1.0421029181380321,-0.03972248996841583
-0.8035,1.0425677683407724,-0.04015589320922668
-0.8025,1.0430371975725834,-0.04059331938146721
-0.8015,1.0435112435694711,-0.04103479692517155
-0.8005,1.0439899440720413,-0.04148035452480794
-0.7995,1.0444733368155363,-0.041930021113732494
-0.7985,1.0449614595215186,-0.04238382587681053
-0.7975,1.0454543498912785,-0.04284179825112222
-0.7965,1.0459520456010216,-0.04330396792469924
-0.7955,1.0464545842988513,-0.043770364833270146
-0.7945,1.0469620036035374,-0.04424101915502371
-0.7935,1.0474743411050254,-0.044715961303428975
-0.7925,1.0479916343666145,-0.04519522191818205
-0.7915,1.0485139209286984,-0.04567883185437676
-0.7905,1.0490412383139447,-0.0461668221700213
-0.7895,1.0495736240337559,-0.04665922411204702
-0.7885,1.050111115595844,-0.04715606910097295
-0.7875,1.0506537505127294,-0.04765738871440627
-0.7865,1.051201566310962,-0.04816321466956997
-0.7855,1.051754600540861,-0.048673578805056024
-0.7845,1.0523128907865602,-0.04918851306200445
-0.7835,1.0528764746761465,-0.04970804946490974
-0.7825,1.0534453898916913,-0.0502322201022486
-0.7815,1.0540196741789734,-0.050761057107115315
-0.7805,1.0545993653567114,-0.05129459263803876
-0.7795,1.0551845013251344,-0.05183285886014035
-0.7785,1.0557751200737397,-0.05237588792677453
-0.7775,1.056371259688103,-0.052923711961774006
-0.7765,1.05697295835563,-0.0534763630424019
-0.7755,1.057580254370159,-0.05403387318309173
-0.7745,1.0581931861353433,-0.05459627432003404
-0.7735,1.0588117921667697,-0.05516359829664751
-0.7725,1.0594361110927817,-0.05573587684995257
-0.7715,1.0600661816540058,-0.05631314159784438
-0.7705,1.0607020427015899,-0.05689542402724654
-0.7695,1.06134373319418,-0.05748275548310907
-0.7685,1.0619912921936836,-0.05807516715820044
-0.7675,1.062644758859867,-0.05867269008363233
-0.7665,1.0633041724438574,-0.05927535512004444
-0.7655000000000001,1.063969572280619,-0.05988319294937152
-0.7645,1.0646409977804832,-0.06049623406710754
-0.7635000000000001,1.065318488419811,-0.061114508774979995
-0.7625,1.0660020837308761,-0.061738047173945466
-0.7615000000000001,1.066691823291045,-0.06236687915741803
-0.7605,1.0673877467113364,-0.06300103440464595
-0.7595000000000001,1.0680898936244387,-0.06364054237415365
-0.7585,1.0687983036722555,-0.06428543229717126
-0.7575000000000001,1.0695130164930442,-0.06493573317098075
-0.7565,1.070234071708212,-0.06559147375211247
-0.7555000000000001,1.0709615089088178,-0.06625268254933336
-0.7545,1.0716953676418322,-0.06691938781637463
-0.7535000000000001,1.0724356873961882,-0.06759161754435482
-0.7525,1.0731825075886618,-0.06826939945385939
-0.7515000000000001,1.0739358675496036,-0.06895276098664609
-0.7505,1.074695806508544,-0.06964172929695056
-0.7495,1.075462363579683,-0.07033633124237391
-0.7484999999999999,1.0762355777472752,-0.07103659337433747
-0.7475,1.077015487850913,-0.07174254192809658
-0.7464999999999999,1.0778021325707066,-0.07245420281230805
-0.7455,1.0785955504123572,-0.07317160159815064
-0.7444999999999999,1.079395779692117,-0.07389476350800046
-0.7435,1.0802028585216252,-0.07462371340366546
-0.7424999999999999,1.0810168247926097,-0.07535847577418614
-0.7415,1.0818377161614414,-0.07609907472321006
-0.7404999999999999,1.0826655700335244,-0.07684553395594994
-0.7395,1.0835004235475145,-0.07759787676573394
-0.7384999999999999,1.0843423135593424,-0.07835612602016011
-0.7375,1.0851912766260334,-0.0791203041468634
-0.7364999999999999,1.0860473489893043,-0.07989043311890605
-0.7355,1.0869105665589247,-0.08066653443980006
-0.7344999999999999,1.0877809648958252,-0.08144862912816986
-0.7335,1.0886585791949401,-0.08223673770206104
-0.7324999999999999,1.089543444267765,-0.08303088016290087
-0.7315,1.0904355945246125,-0.0838310759791116
-0.7304999999999999,1.0913350639565496,-0.0846373440693754
-0.7295,1.0922418861169887,-0.08544970278554556
-0.7284999999999999,1.09315609410291,-0.08626816989519204
-0.7275,1.0940777205356769,-0.08709276256376178
-0.7264999999999999,1.0950067975414048,-0.08792349733632555
-0.7255,1.0959433567308254,-0.08876039011886766
-0.7244999999999999,1.0968874291785713,-0.08960345615905953
-0.7235,1.0978390454017894,-0.0904527100264348
-0.7224999999999999,1.098798235337953,-0.09130816559185295
-0.7215,1.0997650283217062,-0.09216983600610344
-0.7204999999999999,1.1007394530605261,-0.09303773367744989
-0.7195,1.1017215376089171,-0.09391187024785336
-0.7185,1.102711309340772,-0.09479225656753483
-0.7175,1.1037087949194258,-0.09567890266743588
-0.7165,1.104714020264798,-0.09657181772901306
-0.7155,1.1057270105168542,-0.09747101005064708
-0.7145,1.1067477899944125,-0.09837648700975607
-0.7135,1.1077763821480768,-0.09928825501947315
-0.7125,1.108812809505775,-0.1002063194784671
-0.7115,1.109857093609025,-0.10113068471214913
-0.7105,1.1109092549376183,-0.102061353903112
-0.7095,1.1119693128199142,-0.10299832900817966
-0.7085,1.1130372853253512,-0.1039416106589029
-0.7075,1.114113189135103,-0.1048911980417131
-0.7065,1.1151970393860544,-0.10584708875323917
-0.7055,1.1162888494824006,-0.10680927862550083
-0.7045,1.1173886308682366,-0.10777776151481964
-0.7035,1.1184963927534666,-0.1087525290473435
-0.7025,1.1196121417842686,-0.10973357031307568
-0.7015,1.1207358816482034,-0.11072087149925759
-0.7005,1.121867612602895,-0.11171441545290083
-0.6995,1.123007330916077,-0.11271418116124199
-0.6985,1.124155028203731,-0.11372014313794807
-0.6975,1.1253106906521293,-0.11473227070209127
-0.6965,1.1264742981088802,-0.11575052713631262
-0.6955,1.1276458230276745,-0.11677486871028045
-0.6945,1.1288252292514185,-0.11780524355561857
-0.6935,1.1300124706189498,-0.11884159037902259
-0.6925,1.1312074893816428,-0.11988383700140984
-0.6915,1.1324102144180679,-0.12093189871275783
-0.6905,1.1336205592375668,-0.12198567643488066
-0.6895,1.1348384197672425,-0.12304505468785762
-0.6885,1.1360636719215285,-0.12410989936023924
-0.6875,1.1372961689592447,-0.12518005528855175
-0.6865,1.1385357386398929,-0.12625534365801944
-0.6855,1.1397821801988544,-0.12733555924378584
-0.6845,1.1410352611700612,-0.12842046752016112
-0.6835,1.142294714094455,-0.1295098016744137
-0.6825,1.143560233162941,-0.13060325957114519
-0.6815,1.1448314708532663,-0.13170050072307918
-0.6805,1.1461080346309795,-0.13280114333381346
-0.6795,1.1473894837949121,-0.13390476148733163
-0.6785,1.1486753265569942,-0.1350108825673999
-0.6775,1.1499650174541365,-0.13611898499689948
-0.6765,1.1512579551958344,-0.1372284963921577
-0.6755,1.1525534810545301,-0.13833879222994575
-0.6745,1.1538508779060763,-0.13944919512454104
-0.6735,1.155149370024434,-0.14055897480871174
-0.6725,1.1564481237276638,-0.14166734890535493
-0.6715,1.1577462489610761,-0.14277348456564704
-0.6705,1.1590428018880876,-0.1438765010349015
-0.6695,1.1603367885399591,-0.14497547318904186
-0.6685,1.1616271695525513,-0.14606943606301345
-0.6675,1.162912865992021,-0.14715739036810796
-0.6665,1.1641927662427776,-0.14823830896877224
-0.6655,1.165465733900923,-0.14931114426187836
-0.6645,1.1667306165858808,-0.15037483637364918
-0.6635,1.1679862555531684,-0.1514283220625316
-0.6625,1.1692314959634502,-0.15247054419140033
-0.6615,1.170465197638376,-0.15350046161062253
-0.6605,1.1716862461132846,-0.15451705927571893
-0.6595,1.172893563781673,-0.1555193584104369
-0.6585,1.1740861209170652,-0.15650642651866917
-0.6575,1.1752629463551143,-0.15747738704719602
-0.6565,1.1764231376226175,-0.15843142850585282
-0.6555,1.1775658703105385,-0.1593678128623048
-0.6545000000000001,1.1786904065047565,-0.1602858830447535
-0.6535,1.179796102110439,-0.16118506940698754
-0.6525000000000001,1.1808824129328028,-0.16206489503538563
-0.6515,1.1819488994075311,-0.16292497980581333
-0.6505000000000001,1.1829952299070956,-0.163765043128734
-0.6495,1.184021182583441,-0.16458490535216572
-0.6485000000000001,1.1850266457417322,-0.1653844878232527
-0.6475,1.1860116167729662,-0.1661638116391393
-0.6465000000000001,1.1869761997041761,-0.16692299514562473
-0.6455,1.1879206014528274,-0.16766225026694684
-0.6445000000000001,1.1888451268961147,-0.16838187777139307
-0.6435,1.189750172885702,-0.16908226159484108
-0.6425000000000001,1.190636221353735,-0.16976386235754212
-0.6415,1.1915038316665374,-0.1704272102184107
-0.6405000000000001,1.1923536323884025,-0.17107289721586025
-0.6395,1.1931863126194766,-0.1717015692450506
-0.6385000000000001,1.194002613069296,-0.17231391781861682
-0.6375,1.1948033170214898,-0.17291067175195157
-0.6365000000000001,1.1955892413360314,-0.17349258890537742
-0.6355,1.1963612276237432,-0.1740604481045792
-0.6345000000000001,1.197120133714111,-0.17461504134797365
-0.6335,1.197866825522374,-0.17515716639577456
-0.6325000000000001,1.19860216940588,-0.17568761982083927
-0.6315,1.1993270250832897,-0.17620719058639062
-0.6305000000000001,1.2000422391738372,-0.1767166542007867
-0.6295,1.2007486393978826,-0.17721676748499807
-0.6285000000000001,1.2014470294647364,-0.17770826397463543
-0.6275,1.2021381846594903,-0.17819184996548212
-0.6265000000000001,1.2028228481275238,-0.17866820119970997
-0.6255,1.2035017278436582,-0.1791379601794252
-0.6245,1.204175494242687,-0.17960173408499416
-0.6234999999999999,1.204844778479276,-0.18006009326778688
-0.6225,1.2055101712780356,-0.18051357028055925
-0.6214999999999999,1.2061722223288809,-0.1809626594036527
-0.6205,1.2068314401785742,-0.18140781662147978
-0.6194999999999999,1.207488292566518,-0.1818494600013101
-0.6185,1.208143207151319,-0.18228797042508993
-0.6174999999999999,1.20879657257429,-0.18272369262480698
-0.6165,1.2094487398067373,-0.183156936472647
-0.6154999999999999,1.2101000237294879,-0.1835879784787461
-0.6145,1.2107507048954997,-0.1840170634515961
-0.6134999999999999,1.2114010314294033,-0.18444440627899275
-0.6125,1.212051221021351,-0.18487019379068492
-0.6114999999999999,1.2127014629764186,-0.1852945866674789
-0.6105,1.2133519202849297,-0.18571772136535203
-0.6094999999999999,1.2140027316833033,-0.18613971202703605
-0.6085,1.2146540136792825,-0.18656065235743807
-0.6074999999999999,1.2153058625195756,-0.18698061744310052
-0.6065,1.2159583560819667,-0.18739966549958204
-0.6054999999999999,1.2166115556777433,-0.18781783953411882
-0.6045,1.2172655077538257,-0.1882351689141425
-0.6034999999999999,1.2179202454871914,-0.1886516708351638
-0.6025,1.2185757902670686,-0.18906735168415334
-0.6014999999999999,1.2192321530629142,-0.18948220829684734
-0.6005,1.2198893356783538,-0.1898962291093829
-0.5994999999999999,1.2205473318931104,-0.19030939520632267
-0.5985,1.2212061284964388,-0.19072168126848107
-0.5974999999999999,1.2218657062167742,-0.19113305642503026
-0.5965,1.2225260405531988,-0.19154348501516494
-0.5954999999999999,1.2231871025149776,-0.191952927265171
-0.5945,1.2238488592758086,-0.1923613398870971
-0.5935,1.224511274749654,-0.19276867660540103
-0.5925,1.2251743100950516,-0.19317488861796184
-0.5915,1.2258379241546968,-0.19357992499773982
-0.5905,1.2265020738368821,-0.19398373304115862
-0.5895,1.2271667144450693,-0.19438625856899383
-0.5885,1.2278317999615078,-0.19478744618520957
-0.5875,1.228497283290401,-0.1951872394987999
-0.5865,1.2291631164656847,-0.19558558131328724
-0.5855,1.2298292508280406,-0.19598241378811468
-0.5845,1.2304956371753126,-0.19637767857575675
-0.5835,1.231162225890066,-0.19677131693797073
-0.5825,1.2318289670476101,-0.19716326984422788
-0.5815,1.2324958105074093,-0.1975534780550004
-0.5805,1.2331627059904466,-0.19794188219224623
-0.5795,1.233829603144764,-0.19832842279912377
-0.5785,1.2344964516011003,-0.19871304039069018
-0.5775,1.235163201020277,-0.19909567549708612
-0.5765,1.2358298011337294,-0.19947626870048554
-0.5755,1.2364962017783743,-0.19985476066689348
-0.5745,1.237162352926813,-0.2002310921737017
-0.5735,1.2378282047137061,-0.20060520413376284
-0.5725,1.2384937074590106,-0.2009770376166163
-0.5715,1.2391588116886578,-0.20134653386738746
-0.5705,1.2398234681531426,-0.20171363432378983
-0.5695,1.2404876278444081,-0.2020782806315804
-0.5685,1.2411512420113395,-0.20244041465875395
-0.5675,1.2418142621741197,-0.20279997850870524
-0.5665,1.2424766401376508,-0.2031569145325432
-0.5655,1.2431383280042,-0.20351116534070635
-0.5645,1.2437992781854017,-0.2038626738139944
-0.5635,1.244459443413714,-0.20421138311410905
-0.5625,1.2451187767534106,-0.20455723669377707
-0.5615,1.2457772316111684,-0.2049001783065093
-0.5605,1.246434761746296,-0.20524015201604157
-0.5595,1.247091321280644,-0.20557710220548878
-0.5585,1.2477468647082182,-0.20591097358623883
-0.5575,1.2484013469045194,-0.20624171120660453
-0.5565,1.2490547231356253,-0.20656926046024698
-0.5555,1.2497069490670212,-0.20689356709438195
-0.5545,1.250357980772191,-0.20721457721777584
-0.5535,1.2510077747409698,-0.2075322373085363
-0.5525,1.2516562878876647,-0.20784649422170196
-0.5515,1.2523034775589434,-0.20815729519663204
-0.5505,1.2529493015414912,-0.20846458786419936
-0.5495,1.2535937180694379,-0.20876832025378506
-0.5485,1.2542366858315537,-0.20906844080007791
-0.5475,1.254878163978213,-0.20936489834967636
-0.5465,1.2555181121281247,-0.20965764216749452
-0.5455,1.2561564903748315,-0.2099466219429709
-0.5445,1.2567932592929714,-0.21023178779608068
-0.5435,1.2574283799443062,-0.2105130902831504
-0.5425,1.2580618138835131,-0.21079048040247625
-0.5415,1.2586935231637388,-0.21106390959974425
-0.5405,1.2593234703419176,-0.21133332977325409
-0.5395,1.2599516184838502,-0.2115986932789456
-0.5385,1.2605779311690455,-0.21185995293522938
-0.5375,1.2612023724953234,-0.2121170620276207
-0.5365,1.2618249070831815,-0.21236997431317856
-0.5355,1.262445500079921,-0.21261864402475006
-0.5345,1.2630641171635388,-0.21286302587502068
-0.5335,1.2636807245463793,-0.21310307506037224
-0.5325,1.2642952889785537,-0.2133387472645497
-0.5315,1.2649077777511224,-0.21356999866213677
-0.5305,1.2655181586990436,-0.2137967859218432
-0.5295000000000001,1.2661264002038903,-0.2140190662096049
-0.5285,1.266732471196336,-0.21423679719149777
-0.5275000000000001,1.2673363411584082,-0.2144499370364685
-0.5265,1.2679379801255193,-0.21465844441888193
-0.5255000000000001,1.2685373586882651,-0.2148622785208894
-0.5245,1.269134447994004,-0.2150613990346183
-0.5235000000000001,1.269729219748212,-0.21525576616418543
-0.5225,1.2703216462156173,-0.21544534062753695
-0.5215000000000001,1.2709117002211192,-0.21563008365811653
-0.5205,1.2714993551504898,-0.21580995700636404
-0.5195000000000001,1.2720845849508655,-0.21598492294104762
-0.5185,1.2726673641310253,-0.2161549442504315
-0.5175000000000001,1.2732476677614653,-0.21631998424328125
-0.5165,1.273825471474266,-0.2164800067497112
-0.5155000000000001,1.2744007514627598,-0.21663497612187393
-0.5145,1.2749734844809995,-0.21678485723449648
-0.5135000000000001,1.2755436478430313,-0.21692961548526593
-0.5125,1.2761112194219755,-0.2170692167950656
-0.5115000000000001,1.2766761776489188,-0.21720362760806658
-0.5105,1.2772385015116194,-0.21733281489167622
-0.5095000000000001,1.2777981705530315,-0.21745674613634747
-0.5085,1.2783551648696503,-0.21757538935525061
-0.5075000000000001,1.2789094651096808,-0.21768871308381174
-0.5065,1.2794610524710353,-0.2177966863791202
-0.5055000000000001,1.280009908699163,-0.21789927881920793
-0.5045,1.2805560160847138,-0.21799646050220473
-0.5035000000000001,1.2810993574610425,-0.21808820204537022
-0.5025,1.2816399162015544,-0.21817447458400901
-0.5015000000000001,1.2821776762168973,-0.21825524977026808
-0.5005,1.2827126219520053,-0.2183304997718229
-0.49950000000000006,1.2832447383829946,-0.2184001972704532
-0.49850000000000005,1.283774011013918,-0.2184643154605122
-0.49750000000000005,1.2843004258733812,-0.21852282804729267
-0.49650000000000005,1.2848239695110244,-0.21857570924529163
-0.49550000000000005,1.2853446289938726,-0.21862293377637845
-0.49450000000000005,1.2858623919025594,-0.2186644768678681
-0.49350000000000005,1.2863772463274286,-0.2187003142505024
-0.49250000000000005,1.2868891808645162,-0.21873042215634333
-0.49150000000000005,1.2873981846114164,-0.21875477731658113
-0.49050000000000005,1.2879042471630373,-0.21877335695925856
-0.48950000000000005,1.288407358607248,-0.21878613880691655
-0.48850000000000005,1.2889075095204234,-0.21879310107416278
-0.48750000000000004,1.2894046909628878,-0.21879422246516628
-0.48650000000000004,1.2898988944742633,-0.2187894821710807
-0.48550000000000004,1.290390112068725,-0.21877885986739962
-0.48450000000000004,1.290878336230169,-0.21876233571124598
-0.48350000000000004,1.2913635599072941,-0.21873989033859928
-0.48250000000000004,1.2918457765086033,-0.218711504861462
-0.48150000000000004,1.292324979897328,-0.21867716086496944
-0.48050000000000004,1.2928011643862771,-0.21863684040444387
-0.47950000000000004,1.293274324732619,-0.21859052600239656
-0.47850000000000004,1.2937444561325926,-0.21853820064548118
-0.47750000000000004,1.2942115542161585,-0.21847984778139914
-0.47650000000000003,1.2946756150415903,-0.2184154513157597
-0.47550000000000003,1.2951366350900093,-0.21834499560889925
-0.47450000000000003,1.2955946112598653,-0.21826846547265938
-0.47350000000000003,1.2960495408613701,-0.21818584616712797
-0.47250000000000003,1.296501421610885,-0.21809712339734474
-0.47150000000000003,1.2969502516252633,-0.21800228330997373
-0.47050000000000003,1.2973960294161562,-0.21790131248994496
-0.46950000000000003,1.2978387538842804,-0.21779419795706684
-0.4685,1.2982784243136534,-0.21768092716261292
-0.4675,1.2987150403657992,-0.21756148798588243
-0.4665,1.2991486020739254,-0.21743586873073992
-0.4655,1.2995791098370786,-0.21730405812213244
-0.4645,1.3000065644142764,-0.21716604530258912
-0.4635,1.3004309669186225,-0.2170218198287035
-0.4625,1.3008523188114067,-0.21687137166759995
-0.4615,1.3012706218961905,-0.21671469119338754
-0.4605,1.3016858783128846,-0.21655176918360164
-0.4595,1.3020980905318185,-0.2163825968156357
-0.4585,1.3025072613478046,-0.2162071656631641
-0.4575,1.3029133938742024,-0.21602546769255854
-0.4565,1.3033164915369793,-0.21583749525929857
-0.4555,1.3037165580687784,-0.21564324110437869
-0.4545,1.3041135975029894,-0.2154426983507118
-0.4535,1.3045076141678251,-0.215235860499533
-0.4525,1.3048986126804116,-0.21502272142680187
-0.4515,1.305286597940887,-0.21480327537960764
-0.4505,1.3056715751265162,-0.2145775169725758
-0.4495,1.3060535496858212,-0.2143454411842791
-0.4485,1.306432527332729,-0.21410704335365355
-0.4475,1.306808514040741,-0.2138623191764202
-0.4465,1.3071815160371223,-0.21361126470151431
-0.4455,1.3075515397971176,-0.21335387632752245
-0.4445,1.3079185920381913,-0.21309015079912874
-0.4435,1.3082826797142946,-0.21282008520357137
-0.4425,1.3086438100101632,-0.21254367696711002
-0.4415,1.3090019903356447,-0.21226092385150477
-0.4405,1.3093572283200596,-0.211971823950508
-0.4395,1.3097095318065946,-0.21167637568636946
-0.4385,1.3100589088467327,-0.21137457780635593
-0.4375,1.3104053676947203,-0.21106642937928538
-0.4365,1.310748916802071,-0.21075192979207674
-0.4355,1.3110895648121108,-0.21043107874631614
-0.4345,1.311427320554563,-0.21010387625483967
-0.4335,1.311762193040176,-0.20977032263833392
-0.4325,1.3120941914553932,-0.20943041852195404
-0.4315,1.312423325157069,-0.20908416483196074
-0.4305,1.3127496036672288,-0.2087315627923757
-0.4295,1.3130730366678764,-0.20837261392165693
-0.4285,1.3133936339958483,-0.2080073200293939
-0.4275,1.313711405637717,-0.20763568321302256
-0.4265,1.3140263617247432,-0.2072577058545613
-0.4255,1.314338512527879,-0.2068733906173681
-0.4245,1.3146478684528211,-0.20648274044291853
-0.4235,1.3149544400351167,-0.20608575854760597
-0.4225,1.3152582379353215,-0.20568244841956262
-0.4215,1.3155592729342103,-0.20527281381550427
-0.4205,1.3158575559280425,-0.20485685875759602
-0.4195,1.3161530979238822,-0.20443458753034124
-0.4185,1.3164459100349721,-0.2040060046774936
-0.4175,1.3167360034761637,-0.20357111499899144
-0.4165,1.3170233895594037,-0.20312992354791548
-0.4155,1.3173080796892764,-0.2026824356274701
-0.4145,1.3175900853586038,-0.20222865678798746
-0.4135,1.3178694181441015,-0.20176859282395565
-0.4125,1.3181460897020942,-0.20130224977106995
-0.4115,1.318420111764287,-0.20082963390330782
-0.4105,1.3186914961335978,-0.20035075173002775
-0.4095,1.3189602546800443,-0.19986560999309158
-0.4085,1.319226399336693,-0.19937421566401078
-0.4075,1.3194899420956665,-0.19887657594111624
-0.4065,1.3197508950042074,-0.19837269824675222
-0.40549999999999997,1.320009270160805,-0.19786259022449332
-0.40449999999999997,1.320265079711378,-0.19734625973638603
-0.40349999999999997,1.3205183358455188,-0.19682371486021333
-0.40249999999999997,1.320769050792796,-0.19629496388678325
-0.40149999999999997,1.3210172368191164,-0.19576001531724058
-0.40049999999999997,1.321262906223147,-0.1952188778604027
-0.39949999999999997,1.3215060713327944,-0.19467156043011868
-0.39849999999999997,1.3217467445017472,-0.1941180721426514
-0.39749999999999996,1.3219849381060735,-0.19355842231408307
-0.39649999999999996,1.3222206645408794,-0.19299262045774437
-0.39549999999999996,1.3224539362170271,-0.19242067628166595
-0.39449999999999996,1.3226847655579104,-0.19184259968605352
-0.39349999999999996,1.322913164996289,-0.19125840076078546
-0.39249999999999996,1.3231391469711833,-0.19066808978293315
-0.39149999999999996,1.3233627239248231,-0.1900716772143044
-0.39049999999999996,1.3235839082996592,-0.18946917369900826
-0.38949999999999996,1.3238027125354297,-0.18886059006104344
-0.38849999999999996,1.3240191490662838,-0.18824593730190797
-0.38749999999999996,1.3242332303179645,-0.1876252265982317
-0.38649999999999995,1.3244449687050472,-0.18699846929942976
-0.38549999999999995,1.3246543766282337,-0.18636567692537873
-0.38449999999999995,1.3248614664717049,-0.18572686116411388
-0.38349999999999995,1.325066250600527,-0.18508203386954797
-0.38249999999999995,1.3252687413581155,-0.18443120705921137
-0.38149999999999995,1.3254689510637516,-0.1837743929120132
-0.38049999999999995,1.3256668920101562,-0.18311160376602384
-0.37949999999999995,1.3258625764611158,-0.18244285211627767
-0.37849999999999995,1.3260560166491648,-0.1817681506125969
-0.37749999999999995,1.326247224773319,-0.18108751205743565
-0.37649999999999995,1.3264362129968634,-0.18040094940374451
-0.37549999999999994,1.3266229934451923,-0.1797084757528552
-0.37450000000000006,1.326807578203702,-0.17901010435238515
-0.37350000000000005,1.3269899793157354,-0.17830584859416193
-0.37250000000000005,1.3271702087805755,-0.17759572201216733
-0.37150000000000005,1.3273482785514932,-0.17687973828050108
-0.37050000000000005,1.327524200533843,-0.176157911211364
-0.36950000000000005,1.3276979865832097,-0.17543025475305937
-0.36850000000000005,1.3278696485036026,-0.17469678298801458
-0.36750000000000005,1.3280391980457005,-0.17395751013082092
-0.36650000000000005,1.3282066469051435,-0.17321245052629208
-0.36550000000000005,1.328372006720873,-0.17246161864754134
-0.36450000000000005,1.32853528907352,-0.1717050290940766
-0.36350000000000005,1.3286965054838367,-0.1709426965899145
-0.36250000000000004,1.3288556674111778,-0.1701746359817118
-0.36150000000000004,1.3290127862520256,-0.16940086223691472
-0.36050000000000004,1.3291678733385601,-0.16862139044192645
-0.35950000000000004,1.329320939937274,-0.1678362358002916
-0.35850000000000004,1.3294719972476314,-0.1670454136308984
-0.35750000000000004,1.3296210564007687,-0.16624893936619833
-0.35650000000000004,1.3297681284582403,-0.1654468285504423
-0.35550000000000004,1.3299132244108054,-0.1646390968379342
-0.35450000000000004,1.3300563551772557,-0.16382575999130117
-0.35350000000000004,1.330197531603285,-0.1630068338797806
-0.35250000000000004,1.3303367644604,-0.1621823344775232
-0.35150000000000003,1.3304740644448683,-0.16135227786191317
-0.35050000000000003,1.3306094421767092,-0.160516680211904
-0.34950000000000003,1.3307429081987203,-0.15967555780637055
-0.34850000000000003,1.3308744729755444,-0.15882892702247703
-0.34750000000000003,1.3310041468927722,-0.15797680433406108
-0.34650000000000003,1.3311319402560837,-0.15711920631003323
-0.34550000000000003,1.3312578632904242,-0.15625614961279213
-0.34450000000000003,1.3313819261392181,-0.15538765099665458
-0.3435,1.3315041388636166,-0.15451372730630208
-0.3425,1.3316245114417804,-0.15363439547524144
-0.3415,1.3317430537681971,-0.15274967252428084
-0.3405,1.3318597756530317,-0.15185957556002086
-0.3395,1.3319746868215097,-0.1509641217733603
-0.3385,1.3320877969133338,-0.1500633284380166
-0.3375,1.3321991154821315,-0.1491572129090609
-0.3365,1.3323086519949339,-0.1482457926214678
-0.3355,1.3324164158316865,-0.14732908508867895
-0.3345,1.3325224162847888,-0.14640710790118122
-0.3335,1.332626662558664,-0.14547987872509913
-0.3325,1.332729163769358,-0.144547415300801
-0.3315,1.3328299289441667,-0.1436097354415193
-0.3305,1.3329289670212916,-0.1426668570319846
-0.3295,1.3330262868495222,-0.1417187980270734
-0.3285,1.3331218971879453,-0.14076557645046997
-0.3275,1.3332158067056818,-0.13980721039334104
-0.3265,1.3333080239816482,-0.1388437180130241
-0.3255,1.333398557504342,-0.13787511753172985
-0.3245,1.3334874156716567,-0.13690142723525708
-0.3235,1.333574606790714,-0.13592266547172133
-0.3225,1.3336601390777256,-0.134938850650296
-0.3215,1.3337440206578755,-0.1339500012399676
-0.3205,1.3338262595652242,-0.13295613576830279
-0.3195,1.3339068637426377,-0.1319572728202295
-0.3185,1.333985841041735,-0.1309534310368301
-0.3175,1.3340631992228584,-0.12994462911414753
-0.3165,1.334138945955064,-0.12893088580200443
-0.3155,1.334213088816133,-0.1279122199028348
-0.3145,1.334285635292601,-0.12688865027052793
-0.3135,1.334356592779807,-0.12586019580928515
-0.3125,1.334425968581962,-0.1248268754724893
-0.3115,1.334493769912235,-0.1237887082615861
-0.3105,1.3345600038928553,-0.12274571322497801
-0.3095,1.3346246775552348,-0.12169790945693071
-0.3085,1.3346877978401042,-0.1206453160964911
-0.3075,1.334749371597668,-0.1195879523264182
-0.3065,1.3348094055877722,-0.11852583737212588
-0.3055,1.334867906480092,-0.11745899050063698
-0.3045,1.3349248808543288,-0.11638743101955062
-0.3035,1.334980335200428,-0.11531117827602015
-0.3025,1.3350342759188039,-0.11423025165574353
-0.3015,1.3350867093205854,-0.11314467058196567
-0.3005,1.3351376416278704,-0.11205445451449189
-0.2995,1.3351870789739944,-0.11095962294871305
-0.2985,1.3352350274038123,-0.10986019541464254
-0.2975,1.335281492873992,-0.10875619147596456
-0.2965,1.3353264812533199,-0.10764763072909336
-0.2955,1.3353699983230174,-0.10653453280224429
-0.2945,1.33541204977707,-0.10541691735451575
-0.2935,1.3354526412225656,-0.10429480407498208
-0.2925,1.3354917781800444,-0.10316821268179786
-0.2915,1.3355294660838584,-0.10203716292131255
-0.2905,1.335565710282542,-0.10090167456719622
-0.2895,1.3356005160391908,-0.09976176741957593
-0.2885,1.3356338885318502,-0.09861746130418282
-0.2875,1.3356658328539135,-0.0974687760715091
-0.2865,1.3356963540145297,-0.0963157315959757
-0.2855,1.3357254569390176,-0.09515834777510988
-0.2845,1.3357531464692909,-0.09399664452873287
-0.2835,1.335779427364291,-0.0928306417981569
-0.2825,1.3358043043004273,-0.09166035954539162
-0.2815,1.335827781872028,-0.09048581775235992
-0.28049999999999997,1.3358498645917962,-0.08930703642012208
-0.27949999999999997,1.3358705568912788,-0.0881240355681082
-0.27849999999999997,1.3358898631213405,-0.08693683523335806
-0.27749999999999997,1.3359077875526502,-0.08574545546976797
-0.27649999999999997,1.3359243343761762,-0.08454991634734382
-0.27549999999999997,1.3359395077036937,-0.08335023795145831
-0.27449999999999997,1.3359533115683027,-0.08214644038211223
-0.27349999999999997,1.3359657499249626,-0.08093854375319713
-0.27249999999999996,1.335976826651041,-0.07972656819175783
-0.27149999999999996,1.3359865455468831,-0.07851053383725189
-0.27049999999999996,1.3359949103364013,-0.07729046084080311
-0.26949999999999996,1.3360019246676929,-0.0760663693644448
-0.26849999999999996,1.3360075921136882,-0.0748382795803484
-0.26749999999999996,1.336011916172839,-0.0736062116700314
-0.26649999999999996,1.3360149002698485,-0.07237018582353782
-0.26549999999999996,1.3360165477564623,-0.07113022223858181
-0.26449999999999996,1.3360168619123223,-0.06988634111964516
-0.26349999999999996,1.3360158459459048,-0.06863856267701482
-0.26249999999999996,1.3360135029955558,-0.06738690712574676
-0.26149999999999995,1.336009836130646,-0.06613139468453655
-0.26049999999999995,1.3360048483528708,-0.06487204557447637
-0.25949999999999995,1.335998542597721,-0.06360888001767184
-0.25849999999999995,1.3359909217361656,-0.06234191823568832
-0.25749999999999995,1.3359819885765805,-0.0610711804477909
-0.25649999999999995,1.3359717458669789,-0.05979668686893479
-0.25549999999999995,1.3359601962975949,-0.05851845770745722
-0.25449999999999995,1.3359473425038921,-0.05723651316241118
-0.25349999999999995,1.3359331870700726,-0.05595087342047358
-0.25249999999999995,1.3359177325331772,-0.054661558652349125
-0.25149999999999995,1.3359009813878855,-0.05336858900857689
-0.25049999999999994,1.33588293609213,-0.05207198461463615
-0.24950000000000006,1.3358635990736725,-0.050771765565229304
-0.24850000000000005,1.3358429727377925,-0.0494679519176036
-0.24750000000000005,1.3358210594762765,-0.048160563683755216
-0.24650000000000005,1.3357978616779052,-0.046849620821336625
-0.24550000000000005,1.3357733817406783,-0.04553514322306683
-0.24450000000000005,1.3357476220860283,-0.044217150704418416
-0.24350000000000005,1.335720585175319,-0.04289566298932849
-0.24250000000000005,1.3356922735289503,-0.04157069969365378
-0.24150000000000005,1.3356626897484218,-0.040242280306058746
-0.24050000000000005,1.3356318365417565,-0.038910424165994606
-0.23950000000000005,1.3355997167527063,-0.03757515043839527
-0.23850000000000005,1.3355663333942125,-0.03623647808468207
-0.23750000000000004,1.335531689686625,-0.03489442582963721
-0.23650000000000004,1.3354957891012238,-0.03354901212367217
-0.23550000000000004,1.3354586354096263,-0.03220025509998478
-0.23450000000000004,1.3354202327396874,-0.03084817252607044
-0.23350000000000004,1.3353805856385446,-0.029492781749024734
-0.23250000000000004,1.335339699143474,-0.028134099634051658
-0.23150000000000004,1.3352975788612522,-0.026772142495573765
-0.23050000000000004,1.3352542310567217,-0.025406926020329637
-0.22950000000000004,1.3352096627512764,-0.02403846518183898
-0.22850000000000004,1.3351638818319587,-0.022666774145622674
-0.22750000000000004,1.335116897171853,-0.02129186616458154
-0.22650000000000003,1.3350687187624215,-0.01991375346396569
-0.22550000000000003,1.335019357858374,-0.018532447115411223
-0.22450000000000003,1.334968827135602,-0.017147956899579788
-0.22350000000000003,1.3349171408626077,-0.015760291157013436
-0.22250000000000003,1.3348643150857575,-0.01436945662691292
-0.22150000000000003,1.3348103678285475,-0.012975458273664184
-0.22050000000000003,1.334755319304914,-0.011578299101074194
-0.21950000000000003,1.334699192146434,-0.010177979954437439
-0.21850000000000003,1.3346420116430544,-0.008774499310735985
-0.21750000000000003,1.334583805996751,-0.007367853057480207
-0.21650000000000003,1.3345246065872542,-0.00595803426092401
-0.21550000000000002,1.334464448248701,-0.004545032924634626
-0.21450000000000002,1.334403369555756,-0.0031288357396645275
-0.21350000000000002,1.334341413117432,-0.0017094258278556298
-0.21250000000000002,1.33427862587648,-0.0002867824801021679
-0.21150000000000002,1.3342150594118884,0.0011391191082928457
-0.21050000000000002,1.3341507702416526,0.0025683081027212252
-0.20950000000000002,1.3340858201226329,0.004000818292075028
-0.20850000000000002,1.3340202763439581,0.005436688346187752
-0.20750000000000002,1.3339542120100996,0.006875962064551514
-0.20650000000000002,1.3338877063094285,0.008318688612675495
-0.20550000000000002,1.3338208447637856,0.009764922742203912
-0.20450000000000002,1.3337537194543525,0.011214724990699578
-0.20350000000000001,1.3336864292189243,0.012668161856829601
-0.2025,1.3336190798155523,0.014125305946572514
-0.2015,1.333551784047464,0.015586236086007335
-0.2005,1.3334846618441791,0.017051037396252727
-0.1995,1.333417840293843,0.01851980132620565
-0.1985,1.333351453621987,0.019992625638887814
-0.1975,1.3332856431122047,0.021469614347449883
-0.1965,1.3332205569646265,0.022950877597212593
-0.1955,1.3331563500885486,0.024436531490539506
-0.1945,1.3330931838261606,0.025926697851836163
-0.1935,1.3330312256049948,0.02742150393055838
-0.1925,1.3329706485174866,0.02892108204077689
-0.1915,1.3329116308268913,0.030425569136583095
-0.1905,1.332854355399723,0.03193510632342221
-0.1895,1.332799009065867,0.03344983830629289
-0.1885,1.3327457819085444,0.03496991277664648
-0.1875,1.3326948664873581,0.036495479740735276
-0.1865,1.3326464569987193,0.038026690793085044
-0.1855,1.3326007483789948,0.039563698339683886
-0.1845,1.3325579353567423,0.04110665477636989
-0.1835,1.332518211461363,0.04265571162874334
-0.1825,1.3324817679963896,0.04421101866071036
-0.1815,1.332448792986429,0.04577272295946552
-0.1805,1.3324194701074592,0.04734096800532237
-0.1795,1.3323939776107396,0.04891589273529319
-0.1785,1.332372487250998,0.050497630609683285
-0.1775,1.332355163229821,0.05208630869119763
-0.1765,1.3323421611652573,0.0536820467461448
-0.1755,1.3323336270985755,0.055284956377265104
-0.1745,1.3323296965488627,0.056895140197503184
-0.1735,1.3323304936257367,0.0585126910536899
-0.1725,1.3323361302098713,0.0601376913086043
-0.17149999999999999,1.3323467052102946,0.061770212189256206
-0.17049999999999998,1.3323623039065604,0.06341031320847879
-0.16949999999999998,1.332382997382889,0.06505804166605819
-0.16849999999999998,1.3324088420602755,0.06671343223467352
-0.16749999999999998,1.332439879331382,0.06837650663488884
-0.16649999999999998,1.3324761353017636,0.07004727340235098
-0.16549999999999998,1.3325176206396996,0.07172572774922102
-0.16449999999999998,1.33256433053558,0.0734118515207251
-0.16349999999999998,1.3326162447704888,0.07510561324656802
-0.16249999999999998,1.3326733278923382,0.07680696828583614
-0.16149999999999998,1.3327355294966865,0.07851585906293589
-0.16049999999999998,1.3328027846081802,0.0802322153910951
-0.15949999999999998,1.3328750141574932,0.08195595487900431
-0.15849999999999997,1.332952125547637,0.08368698341531258
-0.15749999999999997,1.3330340133026497,0.0854251957249281
-0.15649999999999997,1.333120559790905,0.08717047599041303
-0.15549999999999997,1.3332116360146715,0.08892269853121516
-0.15449999999999997,1.3333071024570495,0.09068172853304884
-0.15349999999999997,1.3334068099770646,0.09244742281942443
-0.15249999999999997,1.3335106007434738,0.0942196306571321
-0.15149999999999997,1.3336183091977523,0.09599819458740627
-0.15049999999999997,1.3337297630367715,0.09778295127453022
-0.14949999999999997,1.3338447842058343,0.0995737323637774
-0.14849999999999997,1.3339631898930135,0.10137036534082204
-0.14749999999999996,1.3340847935161062,0.10317267438507657
-0.14649999999999996,1.3342094056939906,0.104980481209817
-0.14549999999999996,1.3343368351947158,0.10679360588243268
-0.14449999999999996,1.3344668898532657,0.10861186761866946
-0.14349999999999996,1.3345993774526135,0.11043508554531559
-0.14249999999999996,1.33473410656239,0.11226307942639743
-0.14149999999999996,1.334870887330232,0.11409567034859655
-0.14049999999999996,1.3350095322216344,0.11593268136225861
-0.13949999999999996,1.335149856704905,0.11777393807502827
-0.13849999999999996,1.335291679878565,0.11961926919580719
-0.13749999999999996,1.3354348250393053,0.1214685070273796
-0.13649999999999995,1.335579120189318,0.12332148790667732
-0.13549999999999995,1.33572439848252,0.12517805259225617
-0.13449999999999995,1.3358704986098413,0.12703804659912296
-0.13349999999999995,1.3360172651243505,0.1289013204815776
-0.13249999999999995,1.3361645487075593,0.13076773006521905
-0.13149999999999995,1.3363122063787394,0.13263713662970097
-0.13049999999999995,1.3364601016495423,0.13450940704420877
-0.12949999999999995,1.336608104626597,0.1363844138579662
-0.12849999999999995,1.3367560920650852,0.13826203534836465
-0.12749999999999995,1.3369039473765707,0.14014215552953968
-0.12649999999999995,1.3370515605945628,0.14202466412440137
-0.12549999999999994,1.3371988283014493,0.1439094565032577
-0.12450000000000006,1.3373456535205315,0.14579643359225378
-0.12350000000000005,1.337491945576943,0.14768550175489056
-0.12250000000000005,1.3376376199312254,0.1495765726498842
-0.12150000000000005,1.3377825979892972,0.15146956306858717
-0.12050000000000005,1.3379268068924557,0.15336439475511768
-0.11950000000000005,1.338070179290936,0.15526099421223802
-0.11850000000000005,1.3382126531043979,0.15715929249589028
-0.11750000000000005,1.3383541712725275,0.15905922500114328
-0.11650000000000005,1.3384946814987466,0.16096073124213225
-0.11550000000000005,1.3386341359897995,0.16286375462838296
-0.11450000000000005,1.3387724911937644,0.16476824223971637
-0.11350000000000005,1.3389097075387875,0.16667414460172422
-0.11250000000000004,1.339045749174613,0.1685814154635956
-0.11150000000000004,1.3391805837187236,0.17049001157986976
-0.11050000000000004,1.3393141820086794,0.1723998924974809
-0.10950000000000004,1.3394465178620032,0.17431102034926205
-0.10850000000000004,1.3395775678447432,0.17622335965488095
-0.10750000000000004,1.339707311049621,0.17813687712999832
-0.10650000000000004,1.3398357288844815,0.18005154150426367
-0.10550000000000004,1.3399628048715726,0.18196732334860416
-0.10450000000000004,1.3400885244580014,0.1838841949121153
-0.10350000000000004,1.3402128748375757,0.18580212996872394
-0.10250000000000004,1.340335844784082,0.18772110367367842
-0.10150000000000003,1.3404574244959373,0.1896410924298097
-0.10050000000000003,1.340577605452042,0.19156207376341752
-0.09950000000000003,1.3406963802785703,0.19348402620955377
-0.09850000000000003,1.3408137426263522,0.19540692920641062
-0.09750000000000003,1.3409296870584453,0.19733076299846494
-0.09650000000000003,1.3410442089474366,0.19925550854798788
-0.09550000000000003,1.341157304381987,0.20118114745449592
-0.09450000000000003,1.3412689700820906,0.203107661881697
-0.09350000000000003,1.3413792033225185,0.20503503449146976
-0.09250000000000003,1.341488001863898,0.20696324838440874
-0.09150000000000003,1.3415953638908864,0.20889228704646617
-0.09050000000000002,1.341701287956896,0.210822134301229
-0.08950000000000002,1.3418057729348498,0.21275277426737865
-0.08850000000000002,1.3419088179734557,0.21468419132089556
-0.08750000000000002,1.3420104224585099,0.21661637006158913
-0.08650000000000002,1.3421105859787679,0.21854929528355324
-0.08550000000000002,1.3422093082959408,0.22048295194916945
-0.08450000000000002,1.3423065893184047,0.2224173251663032
-0.08350000000000002,1.3424024290782406,0.22435240016836253
-0.08250000000000002,1.3424968277112443,0.2262881622969131
-0.08150000000000002,1.3425897854395832,0.22822459698656583
-0.08050000000000002,1.3426813025567925,0.23016168975187928
-0.07950000000000002,1.3427713794148406,0.23209942617604035
-0.07850000000000001,1.3428600164130133,0.23403779190110882
-0.07750000000000001,1.3429472139883905,0.23597677261963176
-0.07650000000000001,1.3430329726077141,0.2379163540674556
-0.07550000000000001,1.3431172927604675,0.23985652201757832
-0.07450000000000001,1.3432001749530023,0.24179726227490467
-0.07350000000000001,1.3432816197035717,0.24373856067178173
-0.07250000000000001,1.343361627538147,0.2456804030642044
-0.07150000000000001,1.343440198986899,0.24762277532859872
-0.07050000000000001,1.343517334581254,0.2495656633590967
-0.0695,1.3435930348514387,0.2515090530652313
-0.0685,1.3436673003244355,0.2534529303699883
-0.0675,1.3437401315222908,0.2553972812081594
-0.0665,1.3438115289607184,0.2573420915249507
-0.0655,1.34388149314795,0.259287347274805
-0.0645,1.3439500245837945,0.26123303442040363
-0.0635,1.344017123758871,0.26317913893181866
-0.0625,1.3440827911539857,0.26512564678578915
-0.0615,1.3441470272396276,0.2670725439651023
-0.0605,1.3442098324755656,0.26901981645805906
-0.0595,1.3442712073105236,0.2709674502580114
-0.058499999999999996,1.3443311521819248,0.27291543136295715
-0.057499999999999996,1.3443896675156888,0.2748637457751824
-0.056499999999999995,1.3444467537260727,0.2768123795009435
-0.055499999999999994,1.3445024112155501,0.27876131855017955
-0.05449999999999999,1.3445566403747164,0.2807105489362512
-0.05349999999999999,1.3446094415822183,0.28266005667570016
-0.05249999999999999,1.3446608152047008,0.28460982778802524
-0.05149999999999999,1.3447107615967708,0.28655984829547143
-0.05049999999999999,1.3447592811009692,0.2885101042228309
-0.04949999999999999,1.344806374047753,0.29046058159725086
-0.04849999999999999,1.3448520407554858,0.2924112664480489
-0.04749999999999999,1.3448962815304306,0.2943621448065341
-0.046499999999999986,1.344939096666748,0.29631320270583233
-0.045499999999999985,1.3449804864464967,0.2982644261807137
-0.044499999999999984,1.345020451139636,0.3002158012674236
-0.04349999999999998,1.345058991004029,0.30216731400351576
-0.04249999999999998,1.3450961062854465,0.30411895042768644
-0.04149999999999998,1.345131797217572,0.3060706965796096
-0.04049999999999998,1.3451660640220047,0.3080225384997737
-0.03949999999999998,1.3451989069082642,0.30997446222931796
-0.03849999999999998,1.3452303260737923,0.311926453809871
-0.03749999999999998,1.3452603217039565,0.31387849928338807
-0.03649999999999998,1.34528889397205,0.315830584691989
-0.035499999999999976,1.3453160430392923,0.31778269607779713
-0.034499999999999975,1.345341769054829,0.31973481948277743
-0.033499999999999974,1.3453660721557288,0.32168694094857514
-0.03249999999999997,1.3453889524669802,0.32363904651635456
-0.03149999999999997,1.3454104101014877,0.32559112222663766
-0.03049999999999997,1.3454304451600652,0.3275431541191427
-0.02949999999999997,1.3454490577314295,0.32949512823262306
-0.02849999999999997,1.3454662478921913,0.3314470306047064
-0.02749999999999997,1.3454820157068457,0.33339884727173275
-0.026499999999999968,1.345496361227761,0.33535056426859366
-0.025499999999999967,1.3455092844951666,0.33730216762857124
-0.024499999999999966,1.3455207855371385,0.3392536433831764
-0.023499999999999965,1.3455308643695842,0.3412049775619884
-0.022499999999999964,1.345539520996227,0.34315615619249357
-0.021499999999999964,1.345546755408587,0.3451071652999239
-0.020499999999999963,1.3455525675859625,0.34705799090709644
-0.019499999999999962,1.345556957495409,0.3490086190342522
-0.01849999999999996,1.3455599250917176,0.35095903569889497
-0.01749999999999996,1.3455614703173906,0.3529092269156316
-0.01649999999999996,1.345561593102618,0.3548591786960099
-0.015499999999999958,1.3455602933652497,0.3568088770483592
-0.014499999999999957,1.3455575710107701,0.3587583079776286
-0.013499999999999956,1.345553425932267,0.36070745748522764
-0.012499999999999956,1.345547858010402,0.36265631156886574
-0.011499999999999955,1.3455408671133797,0.3646048562223914
-0.010499999999999954,1.3455324530969124,0.36655307743563315
-0.009499999999999953,1.345522615804188,0.3685009611942385
-0.008499999999999952,1.345511355065832,0.37044849347951525
-0.007499999999999951,1.3454986706998715,0.3723956602682711
-0.00649999999999995,1.3454845625116956,0.37434244753265494
-0.005499999999999949,1.3454690302940158,0.37628884123999673
-0.0044999999999999485,1.3454520738268236,0.37823482735264924
-0.0034999999999999476,1.3454336928773485,0.3801803918278286
-0.0024999999999999467,1.345413887200013,0.3821255206174561
-0.0014999999999999458,1.3453926565363865,0.38407019966799927
-0.0004999999999999449,1.3453700006151388,0.38601441492031413
0.0004999999999999449,1.3453459191519903,0.3879581523094865
0.0015000000000000568,1.3453204118496627,0.38990139776467503
0.0024999999999999467,1.3452934783978276,0.391844137208953
0.0035000000000000586,1.3452651184730526,0.39378635655915195
0.0044999999999999485,1.345235331738748,0.39572804172570336
0.00550000000000006,1.3452041178451093,0.3976691786124832
0.00649999999999995,1.345171476429062,0.39960975311665453
0.007500000000000062,1.3451374071142008,0.40154975112851216
0.008499999999999952,1.3451019095107308,0.40348915853132644
0.009500000000000064,1.3450649832154051,0.4054279612011875
0.010499999999999954,1.3450266278114618,0.4073661450068508
0.011500000000000066,1.3449868428685596,0.4093036958095812
0.012499999999999956,1.3449456279427114,0.4112405994629995
0.013500000000000068,1.3449029825762173,0.4131768418129278
0.014499999999999957,1.344858906297595,0.4151124086972355
0.01550000000000007,1.3448133986215098,0.4170472859456863
0.01649999999999996,1.3447664590487023,0.418981459379785
0.01750000000000007,1.3447180870659152,0.4209149148126247
0.01849999999999996,1.3446682821458185,0.42284763804873476
0.019500000000000073,1.3446170437469331,0.42477961488392857
0.020499999999999963,1.3445643713135527,0.4267108311051531
0.021500000000000075,1.3445102642756641,0.42864127249033673
0.022499999999999964,1.3444547220488674,0.4305709248082395
0.023500000000000076,1.3443977440342927,0.43249977381830274
0.024499999999999966,1.3443393296185162,0.43442780527049996
0.025500000000000078,1.344279478173476,0.43635500490518647
0.026499999999999968,1.3442181890563836,0.43828135845295246
0.02750000000000008,1.3441554616096365,0.4402068516344734
0.02849999999999997,1.3440912951607287,0.442131470160363
0.02950000000000008,1.3440256890221576,0.4440551997310267
0.03049999999999997,1.343958642491333,0.4459780260365133
0.031500000000000083,1.3438901548504811,0.4478999347563712
0.03249999999999997,1.3438202253665497,0.44982091155950127
0.033500000000000085,1.34374885329111,0.4517409421040123
0.034499999999999975,1.343676037860257,0.45366001203707707
0.03550000000000009,1.3436017782945107,0.45557810699478835
0.03649999999999998,1.3435260737987118,0.4574952126020153
0.03750000000000009,1.3434489235619194,0.459411314472262
0.03849999999999998,1.3433703267573054,0.4613263982075243
0.03950000000000009,1.3432902825420474,0.4632404493981493
0.04049999999999998,1.3432087900572212,0.4651534536226945
0.04150000000000009,1.3431258484276896,0.4670653964477878
0.04249999999999998,1.3430414567619922,0.46897626342798826
0.043500000000000094,1.3429556141522316,0.47088604010564766
0.044499999999999984,1.3428683196739597,0.4727947120107716
0.045500000000000096,1.34277957238606,0.47470226466088417
0.046499999999999986,1.3426893713306316,0.47660868356088937
0.0475000000000001,1.3425977155328688,0.47851395420293663
0.04849999999999999,1.3425046040009405,0.4804180620662858
0.0495000000000001,1.3424100357258681,0.4823209926171721
0.05049999999999999,1.3423140096814012,0.4842227313086735
0.0515000000000001,1.342216524823892,0.48612326358057745
0.05249999999999999,1.3421175800921676,0.48802257485924944
0.0535000000000001,1.3420171744074023,0.48992065055750167
0.05449999999999999,1.3419153066729868,0.49181747607446263
0.055500000000000105,1.3418119757743956,0.4937130367954485
0.056499999999999995,1.3417071805790544,0.4956073180918336
0.05750000000000011,1.3416009199362047,0.4975003053209235
0.058499999999999996,1.3414931926767666,0.4993919838258276
0.05950000000000011,1.341383997613201,0.501282338935334
0.0605,1.341273333539369,0.5031713559637842
0.06150000000000011,1.341161199230392,0.5050590202109483
0.0625,1.3410475934425061,0.5069453169619038
0.06349999999999989,1.3409325149129196,0.5088302314869113
0.0645,1.3408159623596656,0.510713749041295
0.06549999999999989,1.3406979344814545,0.5125958548653214
0.0665,1.3405784299575232,0.5144765341840816
0.0674999999999999,1.3404574474474864,0.5163557722073712
0.0685,1.340334985591182,0.518233554129575
0.0694999999999999,1.3402110430085166,0.5201098651295498
0.07050000000000001,1.3400856182993113,0.5219846903705098
0.0714999999999999,1.3399587100431423,0.5238580149999132
0.07250000000000001,1.3398303167991827,0.5257298241493489
0.0734999999999999,1.339700437106042,0.5276001029344245
0.07450000000000001,1.3395690694816027,0.5294688364546567
0.0754999999999999,1.3394362124228578,0.531336009793361
0.07650000000000001,1.3393018644057435,0.5332016080175447
0.0774999999999999,1.339166023884974,0.5350656161777984
0.07850000000000001,1.3390286892938712,0.5369280193081912
0.0794999999999999,1.3388898590441953,0.5387888024261661
0.08050000000000002,1.3387495315259725,0.5406479505324361
0.0814999999999999,1.3386077051073217,0.5425054486108823
0.08250000000000002,1.3384643781342793,0.5443612816284538
0.08349999999999991,1.338319548930623,0.5462154345350669
0.08450000000000002,1.3381732157976924,0.5480678922635083
0.08549999999999991,1.338025377014211,0.5499186397293369
0.08650000000000002,1.3378760308361026,0.5517676618307896
0.08749999999999991,1.3377251754963109,0.5536149434486858
0.08850000000000002,1.3375728092046122,0.5554604694463359
0.08949999999999991,1.3374189301474324,0.5573042246694493
0.09050000000000002,1.3372635364876568,0.5591461939460445
0.09149999999999991,1.3371066263644427,0.5609863620863605
0.09250000000000003,1.3369481978930269,0.5628247138827709
0.09349999999999992,1.336788249164536,0.5646612341096966
0.09450000000000003,1.3366267782457908,0.5664959075235231
0.09549999999999992,1.336463783179111,0.568328718862518
0.09650000000000003,1.33629926198212,0.5701596528467494
0.09749999999999992,1.3361332126475447,0.5719886941780074
0.09850000000000003,1.3359656331430172,0.5738158275397255
0.09949999999999992,1.335796521410873,0.5756410375969054
0.10050000000000003,1.3356258753679482,0.5774643089960417
0.10149999999999992,1.3354536929053757,0.5792856263650495
0.10250000000000004,1.3352799718883792,0.5811049743131935
0.10349999999999993,1.3351047101560658,0.5829223374310183
0.10450000000000004,1.3349279055212184,0.5847377002902804
0.10549999999999993,1.334749555770085,0.5865510474438828
0.10650000000000004,1.334569658662168,0.5883623634258104
0.10749999999999993,1.3343882119300103,0.5901716327510688
0.10850000000000004,1.3342052132789828,0.5919788399156215
0.10949999999999993,1.3340206603870672,0.5937839693963334
0.11050000000000004,1.3338345509046403,0.5955870056509133
0.11149999999999993,1.3336468824542553,0.5973879331178581
0.11250000000000004,1.3334576526304225,0.5991867362164011
0.11349999999999993,1.3332668589993877,0.6009833993464606
0.11450000000000005,1.333074499098911,0.6027779068885901
0.11549999999999994,1.3328805704380429,0.6045702432039323
0.11650000000000005,1.3326850704968998,0.6063603926341731
0.11749999999999994,1.3324879967264374,0.6081483395014992
0.11850000000000005,1.332289346548224,0.6099340681085572
0.11949999999999994,1.3320891173542124,0.6117175627384148
0.12050000000000005,1.3318873065065098,0.6134988076545235
0.12149999999999994,1.331683911337147,0.6152777871006848
0.12250000000000005,1.3314789291478468,0.6170544853010177
0.12349999999999994,1.331272357209791,0.6188288864599282
0.12450000000000006,1.3310641927633857,0.6206009747620822
0.12549999999999994,1.3308544330180268,0.6223707343723793
0.12650000000000006,1.3306430751518632,0.6241381494359297
0.12749999999999995,1.33043011631156,0.6259032040780333
0.12850000000000006,1.3302155536120595,0.6276658824041608
0.12949999999999995,1.3299993841363427,0.629426168499938
0.13050000000000006,1.329781604935188,0.6311840464311318
0.13149999999999995,1.3295622130269311,0.6329395002436388
0.13250000000000006,1.3293412053972227,0.6346925139634764
0.13349999999999995,1.3291185789987847,0.6364430715967765
0.13450000000000006,1.3288943307511678,0.6381911571297821
0.13549999999999995,1.3286684575405054,0.6399367545288458
0.13650000000000007,1.32844095621927,0.641679847740431
0.13749999999999996,1.3282118236060254,0.6434204206911163
0.13850000000000007,1.3279810564851813,0.645158457287602
0.13949999999999996,1.3277486516067445,0.64689394141672
0.14050000000000007,1.327514605686072,0.6486268569454455
0.14149999999999996,1.3272789154036222,0.6503571877209117
0.14250000000000007,1.3270415774047046,0.6520849175704287
0.14349999999999996,1.3268025882992314,0.6538100303015032
0.14450000000000007,1.326561944661466,0.6555325097018625
0.14549999999999996,1.3263196430297737,0.65725233953948
0.14650000000000007,1.3260756799063689,0.6589695035626066
0.14749999999999996,1.3258300517570651,0.6606839854998008
0.14850000000000008,1.325582755011023,0.6623957690599657
0.14949999999999997,1.325333786060498,0.6641048379323866
0.15050000000000008,1.3250831412605872,0.6658111757867732
0.15149999999999997,1.3248308169289795,0.6675147662733047
0.15250000000000008,1.3245768093457009,0.6692155930226765
0.15349999999999997,1.3243211147528626,0.6709136396461519
0.15450000000000008,1.3240637293544086,0.6726088897356175
0.15549999999999997,1.3238046493158628,0.6743013268636397
0.15650000000000008,1.3235438707640768,0.6759909345835264
0.15749999999999997,1.3232813897869777,0.6776776964293909
0.15850000000000009,1.3230172024333156,0.679361595916221
0.15949999999999998,1.322751304712412,0.6810426165399489
0.1605000000000001,1.3224836925939083,0.6827207417775272
0.16149999999999998,1.3222143620075146,0.6843959550870067
0.1625000000000001,1.321943308842759,0.6860682399076191
0.16349999999999998,1.3216705289487374,0.6877375796598622
0.1645000000000001,1.3213960181338635,0.6894039577455892
0.16549999999999998,1.321119772165621,0.6910673575481023
0.1665000000000001,1.320841786770313,0.6927277624322498
0.16749999999999998,1.3205620576328176,0.6943851557445256
0.1685000000000001,1.3202805803963384,0.6960395208131755
0.16949999999999998,1.3199973506621607,0.6976908409483047
0.1705000000000001,1.3197123639894053,0.699339099441991
0.17149999999999999,1.319425615894786,0.7009842795684004
0.1725000000000001,1.3191371018523663,0.7026263645839085
0.1735,1.3188468172933185,0.7042653377272258
0.1745000000000001,1.3185547576056833,0.7059011822195252
0.1755,1.3182609181341314,0.7075338812645767
0.1765000000000001,1.3179652941797264,0.7091634180488838
0.1775,1.3176678809996891,0.7107897757418257
0.1785000000000001,1.3173686738071635,0.7124129374958034
0.1795,1.317067667770985,0.7140328864463905
0.1805000000000001,1.3167648580154487,0.7156496057124886
0.1815,1.3164602396200829,0.7172630783964863
0.1825000000000001,1.3161538076194208,0.7188732875844239
0.1835,1.3158455570027776,0.7204802163461625
0.1845000000000001,1.315535482714027,0.7220838477355576
0.1855,1.3152235796513823,0.7236841647906376
0.1865000000000001,1.3149098426671788,0.7252811505337866
0.1875,1.3145942665676584,0.7268747879719342
0.1884999999999999,1.314276846112758,0.7284650600967472
0.1895,1.3139575760158995,0.7300519498848281
0.1904999999999999,1.3136364509437828,0.7316354402979194
0.1915,1.3133134655161829,0.7332155142831112
0.1924999999999999,1.3129886143057485,0.7347921547730552
0.1935,1.3126618918378041,0.736365344686184
0.1944999999999999,1.3123332925901572,0.7379350669269352
0.1955,1.3120028109929058,0.7395013043859813
0.1964999999999999,1.3116704414282523,0.7410640399404654
0.1975,1.3113361782303194,0.7426232564542415
0.1984999999999999,1.3110000156849708,0.7441789367781216
0.1995,1.3106619480296346,0.7457310637501273
0.2004999999999999,1.3103219694531327,0.7472796201957486
0.2015,1.3099800740955112,0.7488245889282072
0.2024999999999999,1.3096362560478794,0.750365952748727
0.20350000000000001,1.3092905093522498,0.7519036944468084
0.2044999999999999,1.3089428280013837,0.7534377968005124
0.20550000000000002,1.3085932059386431,0.7549682425767464
0.2064999999999999,1.308241637057844,0.7564950145315611
0.20750000000000002,1.3078881152031199,0.7580180954104483
0.2084999999999999,1.3075326341687845,0.7595374679486498
0.20950000000000002,1.3071751876992053,0.7610531148714706
0.2104999999999999,1.3068157694886786,0.7625650188945988
0.21150000000000002,1.3064543731813127,0.764073162724432
0.2124999999999999,1.3060909923709156,0.7655775290584117
0.21350000000000002,1.3057256206008896,0.7670781005853624
0.2144999999999999,1.3053582513641306,0.7685748599858403
0.21550000000000002,1.3049888781029373,0.7700677899324856
0.21649999999999991,1.3046174942089206,0.7715568730903868
0.21750000000000003,1.3042440930229269,0.7730420921174451
0.21849999999999992,1.3038686678349627,0.774523429664754
0.21950000000000003,1.3034912118841304,0.7760008683769798
0.22049999999999992,1.3031117183585672,0.7774743908927542
0.22150000000000003,1.3027301803953952,0.7789439798450706
0.22249999999999992,1.3023465910806782,0.7804096178616907
0.22350000000000003,1.3019609434493842,0.7818712875655577
0.22449999999999992,1.3015732304853593,0.7833289715752172
0.22550000000000003,1.3011834451213085,0.7847826525052455
0.22649999999999992,1.3007915802387853,0.7862323129666866
0.22750000000000004,1.300397628668192,0.7876779355674945
0.22849999999999993,1.3000015831887877,0.7891195029129863
0.22950000000000004,1.299603436528709,0.7905569976062986
0.23049999999999993,1.2992031813650013,0.7919904022488531
0.23150000000000004,1.2988008103236641,0.7934196994408251
0.23249999999999993,1.29839631597971,0.7948448717816189
0.23350000000000004,1.297989690857242,0.796265901870343
0.23449999999999993,1.2975809274295513,0.7976827723062859
0.23550000000000004,1.297170018119244,0.7990954656893858
0.23649999999999993,1.2967569552983993,0.8005039646206898
0.23750000000000004,1.2963417312887744,0.8019082517027902
0.23849999999999993,1.2959243383620729,0.8033083095402266
0.23950000000000005,1.2955047687402934,0.8047041207398352
0.24049999999999994,1.2950830145962007,0.8060956679110113
0.24150000000000005,1.2946590680539596,0.8074829336658482
0.24249999999999994,1.2942329211900063,0.80886590061909
0.24350000000000005,1.293804566034255,0.810244551387808
0.24449999999999994,1.293373994571785,0.8116188685906783
0.24550000000000005,1.2929411987452177,0.8129888348466762
0.24649999999999994,1.292506170458084,0.8143544327729173
0.24750000000000005,1.292068901579614,0.8157156449812774
0.24849999999999994,1.2916293839515764,0.8170724540732275
0.24950000000000006,1.2911876093980588,0.8184248426321113
0.25049999999999994,1.2907435697394825,0.8197727932117189
0.25150000000000006,1.2902972568127007,0.8211162883195336
0.25249999999999995,1.2898486624998375,0.8224553103923186
0.25350000000000006,1.2893977787696798,0.8237898417606759
0.25449999999999995,1.2889445977370813,0.8251198645977849
0.25550000000000006,1.288489111748208,0.8264453608454165
0.25649999999999995,1.2880313135028207,0.8277663121073665
0.25750000000000006,1.2875711962296226,0.8290826994961885
0.25849999999999995,1.2871087539375727,0.8303945034130429
0.25950000000000006,1.2866439817759026,0.8317017032318184
0.26049999999999995,1.2861768765495623,0.8330042768463249
0.26150000000000007,1.2857074374567903,0.8343022000217638
0.26249999999999996,1.2852356671439222,0.8355954454665867
0.26350000000000007,1.2847615732130193,0.8368839815051592
0.26449999999999996,1.2842851703754696,0.8381677701808119
0.26550000000000007,1.2838064835265897,0.8394467645465884
0.26649999999999996,1.2833255521326448,0.840720904798212
0.26750000000000007,1.2828424364870674,0.8419901127577426
0.26849999999999996,1.2823572266275098,0.8432542840089085
0.2695000000000001,1.281870055038783,0.8445132766904891
0.27049999999999996,1.281381114739873,0.8457668955359637
0.2715000000000001,1.2808906850243602,0.8470148691543697
0.27249999999999996,1.2803991680751208,0.8482568177060112
0.2735000000000001,1.2799071410226812,0.8494922069341764
0.27449999999999997,1.2794154299263751,0.8507202828249459
0.2755000000000001,1.2789252148600978,0.8519399787765214
0.27649999999999997,1.2784381791050674,0.8531497837796371
0.2775000000000001,1.277956720845185,0.8543475553394376
0.27849999999999997,1.277484253357792,0.8555302541484886
0.2795000000000001,1.2770256303625118,0.8566935680832948
0.28049999999999997,1.2765877481107704,0.8578313799049514
0.2815000000000001,1.2761803965273621,0.8589350147280698
0.2825,1.2758174602401644,0.8599921781429883
0.2835000000000001,1.2755186090229305,0.8609854617830255
0.2845,1.275311668490553,0.861890248036406
0.2855000000000001,1.2752359275459653,0.8626717881838508
0.2865,1.2753467180753575,0.8632811597861596
0.2875000000000001,1.275721686726072,0.8636497375260279
0.2885,1.2764692447983843,0.8636817592722851
0.2895000000000001,1.2777396756563284,0.8632445872684883
0.2905,1.2797391872958535,0.8621564579079909
0.2915000000000001,1.282746612934644,0.8601720756712984
0.2925,1.2871311442393438,0.8569676517780066
0.2935000000000001,1.293366971064049,0.8521293330723538
0.2945,1.3020366161979238,0.8451527333644214
0.2955000000000001,1.3138094004467162,0.8354660835492226
0.2965,1.3293770766878685,0.8224930570753789
0.2975000000000001,1.3493307745667917,0.8057680845275894
0.2985,1.3739802404371178,0.7850992053782045
0.2995000000000001,1.4031523310675664,0.7607385481779853
0.3005,1.4360485381336918,0.7334836287124668
0.3015000000000001,1.471255933531939,0.7046295311243492
0.3025,1.5069573473062454,0.6757498250715614
0.3035000000000001,1.5412859856648256,0.6483776764783782
0.3045,1.5726867266321372,0.6237162970325739
0.3055000000000001,1.6001483263311458,0.6024824508530295
0.3065,1.6232517054552384,0.5849057704963118
0.3075000000000001,1.6420706780461503,0.5708361769200501
0.3085,1.6570049200294585,0.5598894610294279
0.3095000000000001,1.6686156800093563,0.5515783332425621
0.3105,1.6775016783115546,0.5454054977054401
0.3115000000000001,1.6842228806990323,0.540917483893699
0.3125,1.6892636303382902,0.5377283667816323
0.3134999999999999,1.6930220443800374,0.5355243776314115
0.3145,1.695814162072608,0.5340583208799601
0.3154999999999999,1.6978848060496223,0.533139727092618
0.3165,1.6994203467568185,0.5326241524069256
0.3174999999999999,1.7005608760701598,0.5324033136130326
0.3185,1.7014107282829039,0.5323967198652737
0.3194999999999999,1.7020470745473155,0.5325449145348136
0.3205,1.702526699248233,0.5328041863315899
0.3214999999999999,1.7028912188910148,0.5331425165665645
0.3225,1.7031710372196571,0.5335365185354072
0.3234999999999999,1.7033883088016937,0.5339691498322136
0.3245,1.7035591416514324,0.534428015053836
0.3254999999999999,1.7036952245562658,0.5349041133953385
0.3265,1.7038050240185418,0.5353909183135331
0.3274999999999999,1.7038946616345836,0.5358837033536432
0.3285,1.703968555496614,0.5363790495407287
0.3294999999999999,1.7040298880554468,0.5368744861831257
0.3305,1.7040809467640368,0.5373682294189432
0.3314999999999999,1.7041233716920083,0.5378589922055601
0.3325,1.7041583352525573,0.5383458464273156
0.3334999999999999,1.7041866724753953,0.538828122960169
0.3345,1.7042089753100196,0.5393053393385695
0.3354999999999999,1.704225660804191,0.5397771474669297
0.3365,1.7042370203334711,0.5402432958683923
0.3374999999999999,1.7042432551044069,0.5407036024633701
0.3385,1.7042445017270715,0.541157934965583
0.3394999999999999,1.7042408506120017,0.5416061967819391
0.3405,1.7042323591886628,0.5420483168841927
0.3414999999999999,1.7042190613913621,0.5424842425432649
0.3425,1.7042009744581084,0.5429139341243215
0.3434999999999999,1.704178103797431,0.5433373613635379
0.34450000000000003,1.7041504464676795,0.5437545007089201
0.3454999999999999,1.7041179936610265,0.5441653334243702
0.34650000000000003,1.704080732474346,0.5445698442406176
0.3474999999999999,1.7040386471697255,0.544968020397563
0.34850000000000003,1.7039917200701247,0.5453598509665023
0.3494999999999999,1.703939932194499,0.5457453263722905
0.35050000000000003,1.7038832637070798,0.5461244380582112
0.3514999999999999,1.7038216942342355,0.5464971782526061
0.35250000000000004,1.7037552030870997,0.5468635398079845
0.3534999999999999,1.7036837694172324,0.5472235160916851
0.35450000000000004,1.7036073723247764,0.5475771009131244
0.3554999999999999,1.7035259909330065,0.5479242884769298
0.35650000000000004,1.7034396044391984,0.5482650733542949
0.35749999999999993,1.7033481921489322,0.5485994504670771
0.35850000000000004,1.7032517334989372,0.5489274150807104
0.35949999999999993,1.7031502080721714,0.5492489628031212
0.36050000000000004,1.7030435956078016,0.5495640895876364
0.36149999999999993,1.7029318760080303,0.5498727917384316
0.36250000000000004,1.702815029343167,0.5501750659174823
0.36349999999999993,1.702693035855968,0.5504709091522609
0.36450000000000005,1.7025658759659636,0.5507603188436366
0.36549999999999994,1.7024335302742797,0.5510432927735881
0.36650000000000005,1.7022959795693007,0.5513198291124476
0.36749999999999994,1.702153204833397,0.5515899264254881
0.36850000000000005,1.7020051872508444,0.551853583678732
0.36949999999999994,1.7018519082170032,0.5521108002439177
0.37050000000000005,1.7016933493487627,0.5523615759026022
0.37149999999999994,1.7015294924962272,0.552605910849417
0.37250000000000005,1.7013603197555778,0.5528438056945217
0.37349999999999994,1.7011858134830289,0.5530752614653185
0.37450000000000006,1.7010059563097748,0.5533002796075098
0.37549999999999994,1.7008207311578094,0.5535188619855889
0.37650000000000006,1.7006301212564927,0.5537310108828601
0.37749999999999995,1.700434110159737,0.5539367290010894
0.37850000000000006,1.700232681763679,0.5541360194598832
0.37949999999999995,1.7000258203247116,0.5543288857958961
0.38050000000000006,1.6998135104777534,0.5545153319619571
0.38149999999999995,1.699595737254639,0.5546953623262035
0.38250000000000006,1.6993724861025274,0.5548689816713004
0.38349999999999995,1.6991437429022298,0.5550361951938179
0.38450000000000006,1.6989094939863767,0.555197008503827
0.38549999999999995,1.698669726157346,0.5553514276247665
0.38650000000000007,1.6984244267048967,0.5554994589936229
0.38749999999999996,1.6981735834234546,0.5556411094614573
0.38850000000000007,1.6979171846290109,0.555776386294304
0.38949999999999996,1.6976552191756062,0.5559052971744539
0.39050000000000007,1.6973876764713807,0.5560278502021336
0.39149999999999996,1.6971145464941768,0.5561440538975809
0.39250000000000007,1.696835819806695,0.556253917203512
0.39349999999999996,1.6965514875712044,0.5563574494879704
0.3945000000000001,1.6962615415638163,0.556454660547547
0.39549999999999996,1.6959659741883384,0.5565455606109494
0.3965000000000001,1.6956647784897234,0.5566301603429077
0.39749999999999996,1.6953579481671326,0.5567084708483906
0.3985000000000001,1.6950454775866373,0.5567805036771111
0.39949999999999997,1.6947273617935805,0.556846270828299
0.4005000000000001,1.6944035965246205,0.5569057847557157
0.40149999999999997,1.6940741782194773,0.5569590583728884
0.4025000000000001,1.693739104032407,0.5570061050585394
0.40349999999999997,1.6933983718434193,0.5570469386621895
0.4045000000000001,1.6930519802692594,0.557081573509912
0.40549999999999997,1.6926999286741693,0.5571100244102177
0.4065000000000001,1.6923422171804443,0.5571323066600506
0.4075,1.691978846678796,0.5571484360508743
0.4085000000000001,1.6916098188385327,0.5571584288748344
0.4095,1.6912351361175648,0.5571623019309765
0.4105000000000001,1.6908548017722422,0.5571600725315072
0.4115,1.690468819867029,0.5571517585080805
0.4125000000000001,1.6900771952840141,0.5571373782180963
0.4135,1.6896799337322632,0.5571169505509981
0.4145000000000001,1.6892770417570053,0.5570904949345562
0.4155,1.6888685267486574,0.5570580313411247
0.4165000000000001,1.6884543969516772,0.557019580293859
0.4175,1.6880346614732453,0.5569751628728836
0.4185000000000001,1.6876093302917665,0.5569248007214016
0.4195,1.6871784142651869,0.5568685160517324
0.4205000000000001,1.6867419251391205,0.5568063316512715
0.4215,1.6862998755547796,0.5567382708883633
0.4225000000000001,1.685852279056703,0.5566643577180783
0.4235,1.685399150100276,0.556584616687891
0.4245000000000001,1.684940504059038,0.5564990729432493
0.4255,1.6844763572317718,0.5564077522330293
0.4265000000000001,1.6840067268493706,0.5563106809148759
0.4275,1.6835316310814756,0.5562078859604155
0.4285000000000001,1.683051089042882,0.5560993949603422
0.4295,1.682565120799703,0.5559852361293716
0.4305000000000001,1.682073747375295,0.5558654383110541
0.4315,1.6815769907559304,0.5557400309824497
0.4325000000000001,1.6810748738962256,0.5556090442586563
0.4335,1.6805674207243142,0.5554725088971947
0.4345000000000001,1.6800546561467753,0.5553304563022495
0.4355,1.6795366060533194,0.5551829185287708
0.4365000000000001,1.6790132973212413,0.5550299282864437
0.4375,1.6784847578196533,0.5548715189435343
0.4384999999999999,1.6779510164135147,0.5547077245306228
0.4395,1.6774121029674733,0.5545385797442398
0.4404999999999999,1.6768680483495366,0.5543641199504142
0.4415,1.6763188844345909,0.5541843811881475
0.4424999999999999,1.675764644107774,0.553999400172823
0.4435,1.675205361267719,0.5538092142995533
0.4444999999999999,1.6746410708296584,0.5536138616464696
0.4455,1.674071808728394,0.5534133809779447
0.4464999999999999,1.6734976119211074,0.5532078117477386
0.4475,1.672918518389999,0.5529971941020504
0.4484999999999999,1.6723345671447167,0.5527815688824519
0.4495,1.6717457982245443,0.5525609776286733
0.4504999999999999,1.671152252700306,0.5523354625812105
0.4515,1.6705539726759429,0.5521050666837158
0.4524999999999999,1.6699510012897112,0.5518698335851382
0.4535,1.6693433827149606,0.5516298076415699
0.4544999999999999,1.6687311621604402,0.5513850339177688
0.4555,1.6681143858700924,0.5511355581883182
0.4564999999999999,1.667493101122297,0.5508814269383929
0.4575,1.6668673562285294,0.5506226873641077
0.4584999999999999,1.6662372005314074,0.5503593873724217
0.4595,1.6656026844021103,0.5500915755805866
0.4604999999999999,1.664963859237152,0.5498193013151258
0.4615,1.6643207774545101,0.5495426146103389
0.4624999999999999,1.663673492489107,0.5492615662063333
0.4635,1.6630220587876583,0.5489762075465866
0.4644999999999999,1.6623665318028948,0.54868659077505
0.4655,1.66170696798718,0.5483927687328033
0.4664999999999999,1.6610434247855446,0.5480947949542757
0.4675,1.660375960628154,0.5477927236630508
0.4684999999999999,1.6597046349222393,0.5474866097672668
0.46950000000000003,1.659029508043505,0.5471765088546323
0.4704999999999999,1.65835064132704,0.5468624771870653
0.47150000000000003,1.6576680970577455,0.5465445716949756
0.4724999999999999,1.6569819384602984,0.5462228499711925
0.47350000000000003,1.6562922296886569,0.5458973702645532
0.4744999999999999,1.655599035815125,0.5455681914731513
0.47550000000000003,1.6549024228189757,0.5452353731372529
0.4764999999999999,1.654202457574643,0.5448989754318831
0.47750000000000004,1.6534992078394797,0.5445590591590779
0.4784999999999999,1.6527927422410855,0.5442156857398052
0.47950000000000004,1.652083130264203,0.543868917205553
0.4804999999999999,1.6513704422371824,0.5435188161895776
0.48150000000000004,1.6506547493180104,0.5431654459178152
0.48249999999999993,1.649936123479904,0.5428088701994495
0.48350000000000004,1.6492146374964682,0.5424491534171347
0.48449999999999993,1.648490364926417,0.5420863605168733
0.48550000000000004,1.6477633800978553,0.541720556997544
0.48649999999999993,1.6470337580921264,0.5413518089000805
0.48750000000000004,1.6463015747272256,0.5409801827963028
0.48849999999999993,1.6455669065407805,0.5406057457773983
0.48950000000000005,1.6448298307726068,0.5402285654420552
0.49049999999999994,1.6440904253468376,0.5398487098842528
0.49150000000000005,1.6433487688536383,0.539466247680707
0.49249999999999994,1.642604940530509,0.5390812478779772
0.49350000000000005,1.6418590202431833,0.5386937799792393
0.49449999999999994,1.6411110884661326,0.538303913930726
0.49550000000000005,1.64036122626268,0.5379117201078435
0.49649999999999994,1.6396095152647403,0.5375172693009674
0.49750000000000005,1.638856037652189,0.5371206327009252
0.49849999999999994,1.6381008761318745,0.5367218818841716
0.49950000000000006,1.6373441139162854,0.5363210887976639
0.5005,1.6365858347018813,0.5359183257434451
0.5015000000000001,1.635826122647102,0.5355136653629418
0.5025,1.6350650623500669,0.5351071806209842
0.5035000000000001,1.6343027388259785,0.5346989447895597
0.5045,1.6335392374842421,0.5342890314313055
0.5055000000000001,1.6327746441053195,0.5338775143827499
0.5065,1.632009044817328,0.5334644677373133
0.5075000000000001,1.6312425260724024,0.5330499658280748
0.5085,1.6304751746228374,0.5326340832103164
0.5095000000000001,1.6297070774970244,0.5322168946438519
0.5105,1.6289383219752023,0.5317984750751537
0.5115000000000001,1.6281689955650411,0.5313788996192799
0.5125,1.6273991859770773,0.5309582435416182
0.5135000000000001,1.6266289811000185,0.5305365822394499
0.5145,1.6258584689759437,0.5301139912233449
0.5155000000000001,1.6250877377754158,0.5296905460983954
0.5165,1.6243168757725324,0.5292663225452966
0.5175000000000001,1.623545971319936,0.5288413963012815
0.5185,1.62277511282381,0.5284158431409162
0.5195000000000001,1.6220043887188835,0.527989738856765
0.5205,1.621233887443472,0.5275631592399305
0.5215000000000001,1.6204636974145763,0.5271361800604754
0.5225,1.6196939070030674,0.5267088770477351
0.5235000000000001,1.6189246045089811,0.5262813258705276
0.5245,1.6181558781369454,0.52585360211727
0.5255000000000001,1.617387815971761,0.5254257812760117
0.5265,1.6166205059541567,0.5249979387143975
0.5275000000000001,1.6158540358567353,0.5245701496595718
0.5285,1.6150884932601215,0.524142489178045
0.5295000000000001,1.614323965529324,0.5237150321555366
0.5305,1.6135605397903119,0.5232878532768255
0.5315000000000001,1.6127983029068098,0.5228610270056268
0.5325,1.6120373414573004,0.5224346275645333
0.5335000000000001,1.61127774171223,0.5220087289150506
0.5345,1.6105195896113933,0.5215834047377691
0.5355000000000001,1.6097629707414844,0.5211587284127126
0.5365,1.609007970313784,0.5207347729999084
0.5375000000000001,1.6082546731419585,0.520311611220226
0.5385,1.607503163619941,0.5198893154365305
0.5395000000000001,1.6067535256998666,0.5194679576352005
0.5405,1.606005842870033,0.5190476094080517
0.5415000000000001,1.605260198132867,0.5186283419347117
0.5425,1.6045166739828727,0.5182102259654812
0.5435000000000001,1.6037753523845562,0.517793331804713
0.5445,1.6030363147503195,0.5173777292947342
0.5455000000000001,1.6022996419183348,0.516963487800325
0.5465,1.6015654141304148,0.5165506761937607
0.5475000000000001,1.6008337110099087,0.5161393628404146
0.5485,1.6001046115396675,0.5157296155849067
0.5495000000000001,1.5993781940401253,0.5153215017377778
0.5505,1.5986545361475641,0.514915088062656
0.5515000000000001,1.597933714792625,0.5145104407638794
0.5525,1.597215806179147,0.5141076254745289
0.5535000000000001,1.5965008857634104,0.5137067072448255
0.5545,1.5957890282338638,0.51330775053084
0.5555000000000001,1.5950803074914164,0.5129108191834697
0.5565,1.5943747966303694,0.5125159764376301
0.5575000000000001,1.5936725679200543,0.5121232849016232
0.5585,1.5929736927872349,0.5117328065466462
0.5595000000000001,1.592278241799328,0.511344602696408
0.5605,1.5915862846484705,0.5109587340168373
0.5615000000000001,1.590897890136467,0.5105752605058687
0.5625,1.5902131261606227,0.5101942414833036
0.5634999999999999,1.5895320597004667,0.509815735580753
0.5645,1.5888547568053546,0.5094398007316748
0.5654999999999999,1.5881812825829305,0.5090664941615244
0.5665,1.587511701188423,0.5086958723780448
0.5674999999999999,1.5868460758147427,0.5083279911617253
0.5685,1.586184468683346,0.507962905556456
0.5694999999999999,1.585526941035824,0.5076006698604154
0.5705,1.5848735531261806,0.507241337617219
0.5714999999999999,1.5842243642137626,0.5068849616073589
0.5725,1.5835794325567996,0.5065315938399657
0.5734999999999999,1.5829388154065245,0.5061812855449179
0.5745,1.5823025690018409,0.5058340871653197
0.5754999999999999,1.5816707485645067,0.5054900483503691
0.5765,1.5810434082948113,0.5051492179486348
0.5774999999999999,1.5804206013677202,0.504811644001752
0.5785,1.57980237992947,0.5044773737385525
0.5794999999999999,1.5791887950945915,0.504146453569633
0.5805,1.5785798969433533,0.5038189290823702
0.5814999999999999,1.5779757345196057,0.5034948450363845
0.5825,1.577376355829019,0.5031742453594519
0.5834999999999999,1.5767818078377078,0.5028571731438635
0.5845,1.5761921364712308,0.5025436706432291
0.5854999999999999,1.5756073866139637,0.5022337792697177
0.5865,1.5750276021088405,0.5019275395917281
0.5874999999999999,1.5744528257574584,0.5016249913319821
0.5885,1.5738830993205413,0.5013261733660286
0.5894999999999999,1.5733184635187638,0.5010311237211486
0.5905,1.572758958033926,0.5007398795756476
0.5914999999999999,1.57220462151048,0.5004524772585242
0.5925,1.571655491557397,0.5001689522495004
0.5934999999999999,1.5711116047503775,0.4998893391794002
0.5945,1.5705729966343844,0.49961367183086125
0.5954999999999999,1.5700397017265015,0.49934198313936373
0.5965,1.5695117535190954,0.49907430519456264
0.5974999999999999,1.5689891844832728,0.498810669241905
0.5985,1.568472026072612,0.4985511056845142
0.5994999999999999,1.5679603087271523,0.4982956440853238
0.6005,1.5674540618776176,0.49804431316943987
0.6014999999999999,1.5669533139498477,0.4977971408267101
0.6025,1.566458092369413,0.497554154114476
0.6034999999999999,1.5659684235663767,0.49731537926048336
0.6045,1.5654843329801762,0.4970808416659216
0.6054999999999999,1.565005845064582,0.49685056590856347
0.6065,1.564532983292702,0.49662457574597135
0.6074999999999999,1.5640657701619838,0.49640289411873584
0.6085,1.5636042271991792,0.4961855431537102
0.6094999999999999,1.563148374965223,0.4959725441672019
0.6105,1.5626982330599857,0.49576391766808203
0.6114999999999999,1.5622538201268545,0.4955596833607744
0.6125,1.5618151538571023,0.4953598601480852
0.6134999999999999,1.5613822509940034,0.49516446613383835
0.6145,1.5609551273366609,0.4949735186252832
0.6154999999999999,1.560533797743513,0.49478703413524977
0.6165,1.5601182761354973,0.49460502838402876
0.6174999999999999,1.5597085754988507,0.49442751630096915
0.6185,1.5593047078875493,0.49425451202578874
0.6194999999999999,1.5589066844253847,0.49408602890961145
0.6205,1.5585145153077071,0.49392207951575423
0.6214999999999999,1.5581282098028668,0.49376267562030574
0.6225,1.5577477762534122,0.49360782821255017
0.6234999999999999,1.5573732220771175,0.4934575474953077
0.6245,1.5570045537679353,0.4933118428852784
0.6255,1.5566417768969911,0.4931707230134914
0.6265000000000001,1.5562848961137579,0.49303419572596885
0.6275,1.555933915147569,0.49290226808472887
0.6285000000000001,1.5555888368096547,0.4927749463692533
0.6295,1.5552496629958878,0.49265223607855246
0.6305000000000001,1.5549163946904563,0.49253414193395567
0.6315,1.5545890319706535,0.49242066788275984
0.6325000000000001,1.5542675740129914,0.49231181710286254
0.6335,1.5539520191008012,0.4922075920085035
0.6345000000000001,1.5536423646334578,0.4921079942572294
0.6355,1.5533386071373194,0.492013024758187
0.6365000000000001,1.553040742278419,0.4919226836818256
0.6375,1.552748764876886,0.4918369704710566
0.6385000000000001,1.5524626689230216,0.49175588385386654
0.6395,1.5521824475948787,0.4916794218573082
0.6405000000000001,1.5519080932771263,0.4916075818227033
0.6415,1.5516395975808734,0.49154036042176785
0.6425000000000001,1.551376951363976,0.4914777536732165
0.6435,1.5511201447511265,0.49141975695919915
0.6445000000000001,1.550869167152669,0.4913663650406309
0.6455,1.5506240072805189,0.4913175720700473
0.6465000000000001,1.550384653158693,0.49127337159995066
0.6475,1.5501510921245674,0.49123375658353574
0.6485000000000001,1.5499233108147654,0.49119871936295045
0.6495,1.5497012951260358,0.49116825163741973
0.6505000000000001,1.5494850301357594,0.49114234439896987
0.6515,1.5492744999574528,0.4911209878160349
0.6525000000000001,1.5490696874916157,0.4911041710331342
0.6535,1.5488705740079187,0.49109188183517977
0.6545000000000001,1.548677138455247,0.4910841060931446
0.6555,1.5484893563320865,0.4910808268562726
0.6565000000000001,1.5483071978459684,0.49108202287248615
0.6575,1.54813062492247,0.49108766618341704
0.6585000000000001,1.5479595863518452,0.49109771822139
0.6595,1.5477940099201413,0.4911121234807403
0.6605000000000001,1.5476337896570846,0.49113079926077746
0.6615,1.5474787651752713,0.49115361904606963
0.6625000000000001,1.5473286881989123,0.4911803855802262
0.6635,1.5471831683389219,0.491210787242698
0.6645000000000001,1.5470415852398869,0.4912443273706142
0.6655,1.5469029462267863,0.49128020973127584
0.6665000000000001,1.5467656556036093,0.4913171529061713
0.6675,1.5466271406978218,0.49135308939495637
0.6685000000000001,1.546483245570603,0.4913846777326706
0.6695,1.5463272478864032,0.49140651126918466
0.6705000000000001,1.5461482646709925,0.4914098349015229
0.6715,1.5459286677322592,0.4913804640579115
0.6725000000000001,1.5456398966961193,0.49129541196351795
0.6735,1.545235687275291,0.49111743081818887
0.6745000000000001,1.54464115345795,0.4907862004037345
0.6755,1.5437352852207262,0.49020417552010886
0.6765000000000001,1.5423231711135739,0.48921405358291026
0.6775,1.5400926779944488,0.48756344637679877
0.6785000000000001,1.5365489307004816,0.4848509522472812
0.6795,1.5309205463853046,0.4804476748814848
0.6805000000000001,1.522039079955734,0.4733928560891508
0.6815,1.5082181690309735,0.4622797671229541
0.6825000000000001,1.4872180715630943,0.4451922733944416
0.6835,1.4564812129522666,0.4198344317144154
0.6845000000000001,1.4139017083804928,0.3840821402515864
0.6855,1.3592261093678515,0.3371228885616418
0.6865000000000001,1.2955130645769388,0.2808810740150307
0.6875,1.229264641672781,0.22062613228480513
0.6884999999999999,1.168262482291979,0.1635457841251144
0.6895,1.1182934779374434,0.11570456070694074
0.6904999999999999,1.0813127719727087,0.07973774210648368
0.6915,1.0560369930159899,0.05492630567370718
0.6924999999999999,1.0397117044629296,0.03882380426493168
0.6935,1.0295446216255655,0.028773414132778598
0.6944999999999999,1.0233401841897412,0.022635586026213
0.6955,1.019582444753053,0.018918789396200286
0.6964999999999999,1.017298413646143,0.01666176504924577
0.6975,1.015889300994849,0.0152718343881722
0.6984999999999999,1.0149954513972084,0.014392683918634824
0.6995,1.014403849641051,0.013813172135495221
0.7004999999999999,1.013989344125834,0.013409211172019226
0.7015,1.0136787432915457,0.013108217368261295
0.7024999999999999,1.0134293550487268,0.012867847435141359
0.7035,1.013216313990888,0.012663436729190507
0.7044999999999999,1.013025148900783,0.012480629977198725
0.7055,1.012847440446755,0.012311075117201486
0.7064999999999999,1.0126782898318814,0.012149912663856078
0.7075,1.0125148450214059,0.011994313825625632
0.7084999999999999,1.0123554433727306,0.011842629963720822
0.7095,1.0121991131266213,0.011693898006887098
0.7104999999999999,1.0120452836795186,0.011547552978200239
0.7115,1.0118936172653306,0.011403260972164242
0.7124999999999999,1.0117439112118716,0.01126082215521061
0.7135,1.0115960412069094,0.011120114459041045
0.7144999999999999,1.0114499283847667,0.010981060912544022
0.7155,1.0113055202430516,0.010843610699336497
0.7164999999999999,1.011162779585098,0.010707728181026947
0.7175,1.0110216781171506,0.010573386540808331
0.7184999999999999,1.010882192743515,0.010440564105282062
0.7195,1.0107443034244101,0.010309242217680478
0.7204999999999999,1.0106079919382915,0.010179404009083338
0.7215,1.0104732411672463,0.010051033689001137
0.7224999999999999,1.0103400346846316,0.009924116136083379
0.7235,1.0102083565172006,0.009798636662102771
0.7244999999999999,1.0100781910078678,0.009674580875884235
0.7255,1.0099495227364592,0.009551934604824201
0.7264999999999999,1.009822336473844,0.00943068384956108
0.7275,1.0096966171552562,0.009310814757707949
0.7284999999999999,1.0095723498646452,0.009192313608533958
0.7295,1.0094495198253504,0.00907516680392785
0.7304999999999999,1.009328112394405,0.008959360862960583
0.7315,1.009208113058916,0.008844882418508204
0.7324999999999999,1.0090895074336352,0.00873171821505262
0.7335,1.0089722812592117,0.008619855107153653
0.7344999999999999,1.0088564204008321,0.008509280058304553
0.7355,1.0087419108470885,0.0083999801400049
0.7364999999999999,1.008628738708974,0.008291942530956761
0.7375,1.008516890218955,0.008185154516330877
0.7384999999999999,1.0084063517300879,0.008079603487071011
0.7395,1.0082971097151663,0.007975276939219796
0.7404999999999999,1.008189150765884,0.007872162473256413
0.7415,1.0080824615920134,0.007770247793439573
0.7424999999999999,1.0079770290205918,0.00766952070715278
0.7435,1.0078728399951196,0.007569969124249914
0.7444999999999999,1.0077698815747633,0.007471581056399984
0.7455,1.007668140933568,0.007374344616430333
0.7464999999999999,1.007567605359677,0.007278248017667934
0.7475,1.007468262254559,0.007183279573278299
0.7484999999999999,1.0073700991322432,0.007089427695601606
0.7495,1.007273103618561,0.006996680895486551
0.7505,1.007177263450397,0.006905027781621169
0.7515000000000001,1.0070825664749479,0.006814457059861122
0.7525,1.0069890006489868,0.006724957532555643
0.7535000000000001,1.0068965540381374,0.006636518097870938
0.7545,1.006805214816155,0.006549127749111508
0.7555000000000001,1.0067149712642138,0.006462775574040083
0.7565,1.0066258117702014,0.006377450754196423
0.7575000000000001,1.0065377248280178,0.006293142564215722
0.7585,1.0064506990368813,0.006209840371147353
0.7595000000000001,1.0063647231006376,0.0061275336337749545
0.7605,1.0062797858270716,0.0060462119019391485
0.7615000000000001,1.006195876127222,0.005965864815863592
0.7625,1.0061129830146964,0.005886482105486352
0.7635000000000001,1.0060310956049854,0.005808053589797707
0.7645,1.0059502031147733,0.005730569176185772
0.7655000000000001,1.005870294861247,0.005654018859792125
0.7665,1.0057913602613975,0.005578392722879024
0.7675000000000001,1.0057133888313137,0.0055036809342097525
0.7685,1.005636370185468,0.005429873748444217
0.7695000000000001,1.0055602940359896,0.00535696150555124
0.7705,1.0054851501919266,0.00528493463023975
0.7715000000000001,1.0054109285584918,0.005213783631409868
0.7725,1.0053376191362944,0.00514349910162566
0.7735000000000001,1.005265212020554,0.005074071716610771
0.7745,1.0051936974002968,0.005005492234767763
0.7755000000000001,1.0051230655575327,0.0049377514967219515
0.7765,1.0050533068664151,0.00487084042488982
0.7775000000000001,1.0049844117923799,0.00480475002307254
0.7785,1.0049163708912672,0.004739471376073501
0.7795000000000001,1.0048491748084258,0.004674995649339159
0.7805,1.0047828142778004,0.004611314088622319
0.7815000000000001,1.0047172801210051,0.004548418019665577
0.7825,1.0046525632463847,0.004486298847902556
0.7835000000000001,1.0045886546480665,0.004424948058175143
0.7845,1.0045255454050046,0.00436435721446276
0.7855000000000001,1.004463226680024,0.004304517959620636
0.7865,1.004401689718861,0.004245422015123779
0.7875000000000001,1.0043409258492118,0.0041870611808118114
0.7885,1.004280926479789,0.00412942733463119
0.7895000000000001,1.00422168309939,0.004072512432370271
0.7905,1.0041631872759835,0.004016308507383079
0.7915000000000001,1.004105430655819,0.003960807670297313
0.7925,1.0040484049625593,0.0039060021087027053
0.7935000000000001,1.0039921019964444,0.0038518840868158825
0.7945,1.0039365136334886,0.003798445945118109
0.7955000000000001,1.0038816318247126,0.0037456800999627637
0.7965,1.0038274485954157,0.0036935790431500016
0.7975000000000001,1.0037739560444887,0.0036421353414665828
0.7985,1.0037211463437687,0.0035913416361888968
0.7995000000000001,1.0036690117374378,0.00354119064254879
0.8005,1.0036175445414672,0.0034916751491615066
0.8015000000000001,1.0035667371431012,0.0034427880174164732
0.8025,1.0035165820003868,0.0033945221808320473
0.8035000000000001,1.003467071641742,0.003346870644375093
0.8045,1.003418198665564,0.003299826483749032
0.8055000000000001,1.0033699557398699,0.003253382844652083
0.8065,1.0033223356019745,0.0032075329420092518
0.8075000000000001,1.0032753310581912,0.0031622700591825187
0.8085,1.0032289349835608,0.0031175875471622576
0.8095000000000001,1.0031831403215992,0.003073478823745115
0.8105,1.0031379400840594,0.0030299373727023554
0.8115000000000001,1.0030933273507068,0.002986956742943392
0.8125,1.003049295269098,0.002944530547679348
0.8134999999999999,1.0030058370543629,0.002902652463590565
0.8145,1.0029629459889837,0.002861316230002973
0.8154999999999999,1.002920615422568,0.0028205156480770634
0.8165,1.0028788387716103,0.002780244580013026
0.8174999999999999,1.00283760951924,0.002740496948275802
0.8185,1.0027969212149532,0.0027012667348425235
0.8194999999999999,1.0027567674743265,0.0026625479804751025
0.8205,1.002717141978706,0.002624334784019639
0.8214999999999999,1.0026780384748772,0.00258662130173467
0.8225,1.00263945077471,0.002549401746648754
0.8234999999999999,1.0026013727547793,0.002512670387947908
0.8245,1.0025637983559612,0.0024764215503931828
0.8254999999999999,1.0025267215830052,0.002440649613768058
0.8265,1.0024901365040844,0.0024053490123544068
0.8274999999999999,1.002454037250322,0.0023705142344364136
0.8285,1.0024184180152984,0.002336139821831243
0.8294999999999999,1.0023832730545381,0.0023022203694436747
0.8305,1.0023485966849799,0.0022687505248443
0.8314999999999999,1.0023143832844328,0.0022357249878682105
0.8325,1.0022806272910163,0.0022031385102320947
0.8334999999999999,1.0022473232025928,0.002170985895168383
0.8345,1.0022144655761889,0.002139261997073566
0.8354999999999999,1.0021820490274116,0.0021079617211687105
0.8365,1.0021500682298579,0.002077080023170025
0.8374999999999999,1.002118517914524,0.0020466119089676597
0.8385,1.0020873928692127,0.0020165524343106
0.8394999999999999,1.0020566879379413,0.001986896704496455
0.8405,1.0020263980203523,0.0019576398740639134
0.8414999999999999,1.0019965180711288,0.001928777146486943
0.8425,1.0019670430994128,0.0019003037738693715
0.8434999999999999,1.001937968168232,0.0018722150566384778
0.8445,1.0019092883939333,0.0018445063432375808
0.8454999999999999,1.001880998945621,0.001817173029815844
0.8465,1.001853095044607,0.0017902105599153827
0.8474999999999999,1.0018255719638678,0.0017636144241552265
0.8485,1.0017984250275098,0.0017373801599115308
0.8494999999999999,1.001771649610246,0.0017115033509942383
0.8505,1.0017452411368784,0.0016859796273198837
0.8514999999999999,1.001719195081792,0.0016608046645806966
0.8525,1.0016935069684572,0.0016359741839103042
0.8534999999999999,1.0016681723689396,0.0016114839515456213
0.8545,1.00164318690342,0.0015873297784858192
0.8554999999999999,1.0016185462397211,0.0015635075201483057
0.8565,1.0015942460928435,0.001540013076022025
0.8574999999999999,1.0015702822245072,0.0015168423893187318
0.8585,1.001546650442702,0.0014939914466221053
0.8594999999999999,1.0015233466012434,0.0014714562775351501
0.8605,1.0015003665993367,0.0014492329543265578
0.8614999999999999,1.0014777063811449,0.001427317591576057
0.8625,1.001455361935363,0.0014057063458188608
0.8634999999999999,1.0014333292948006,0.001384395415190287
0.8645,1.001411604535964,0.0013633810390699678
0.8654999999999999,1.0013901837786485,0.0013426594977263289
0.8665,1.001369063185533,0.001322227111961557
0.8674999999999999,1.0013482389617778,0.0013020802427573847
0.8685,1.0013277073546296,0.0012822152909216708
0.8694999999999999,1.0013074646530264,0.0012626286967356837
0.8705,1.0012875071872112,0.0012433169396033016
0.8714999999999999,1.0012678313283438,0.0012242765377011122
0.8725,1.0012484334881204,0.0012055040476300631
0.8734999999999999,1.0012293101183942,0.0011869960640689173
0.8745,1.0012104577108003,0.0011687492194291896
0.8755,1.0011918727963827,0.001150760183512051
0.8765000000000001,1.0011735519452252,0.0011330256631669035
0.8775,1.0011554917660852,0.0011155424019520682
0.8785000000000001,1.0011376889060297,0.0010983071797973016
0.8795,1.0011201400500742,0.0010813168126684756
0.8805000000000001,1.0011028419208257,0.001064568152234351
0.8815,1.0010857912781264,0.0010480580855350768
0.8825000000000001,1.0010689849187016,0.0010317835346529715
0.8835,1.0010524196758095,0.001015741456385589
0.8845000000000001,1.0010360924188937,0.0009999288419208366
0.8855,1.0010200000532383,0.0009843427165139827
0.8865000000000001,1.0010041395196267,0.0009689801391671557
0.8875,1.0009885077940006,0.0009538382023107889
0.8885000000000001,1.0009731018871229,0.0009389140314871908
0.8895,1.0009579188442437,0.0009242047850365452
0.8905000000000001,1.0009429557447682,0.0009097076537846732
0.8915,1.000928209701926,0.0008954198607332405
0.8925000000000001,1.0009136778624446,0.0008813386607519441
0.8935,1.0008993574062237,0.0008674613402730244
0.8945000000000001,1.0008852455460144,0.0008537852169876399
0.8955,1.000871339527097,0.0008403076395445673
0.8965000000000001,1.0008576366269653,0.0008270259872510894
0.8975,1.0008441341550098,0.000813937669775806
0.8985000000000001,1.0008308294522064,0.0008010401268536346
0.8995,1.0008177198908044,0.0007883308279929355
0.9005000000000001,1.0008048028740197,0.0007758072721848405
0.9015,1.000792075835728,0.000763466987614464
0.9025000000000001,1.0007795362401621,0.0007513075313743424
0.9035,1.00076718158161,0.0007393264891799038
0.9045000000000001,1.0007550093841162,0.0007275214750870225
0.9055,1.0007430172011864,0.000715890131211626
0.9065000000000001,1.0007312026154918,0.0007044301274513808
0.9075,1.0007195632385777,0.0006931391612093141
0.9085000000000001,1.000708096710574,0.0006820149571197217
0.9095,1.000696800699907,0.000671055266775884
0.9105000000000001,1.0006856729030162,0.0006602578684598777
0.9115,1.0006747110440686,0.0006496205668742812
0.9125000000000001,1.0006639128746802,0.0006391411928761088
0.9135,1.0006532761736364,0.0006288176032127177
0.9145000000000001,1.0006427987466162,0.000618647680259428
0.9155,1.0006324784259186,0.0006086293317594665
0.9165000000000001,1.0006223130701892,0.0005987604905658413
0.9175,1.0006123005641523,0.0005890391143848811
0.9185000000000001,1.0006024388183417,0.0005794631855220112
0.9195,1.0005927257688365,0.0005700307106295281
0.9205000000000001,1.000583159376998,0.0005607397204559929
0.9215,1.0005737376292074,0.0005515882695979414
0.9225000000000001,1.0005644585366078,0.0005425744362532422
0.9235,1.000555320134847,0.0005336963219764504
0.9245000000000001,1.000546320483823,0.0005249520514362705
0.9255,1.0005374576674309,0.0005163397721746393
0.9265000000000001,1.000528729793313,0.000507857654367689
0.9275,1.0005201349926098,0.0004995038905889129
0.9285000000000001,1.0005116714197133,0.0004912766955738615
0.9295,1.0005033372520238,0.000483174305986913
0.9305000000000001,1.000495130689706,0.0004751949801898007
0.9315,1.0004870499554501,0.00046733699801217307
0.9325000000000001,1.0004790932942325,0.00045959866052373534
0.9335,1.0004712589730802,0.00045197828980817064
0.9345000000000001,1.0004635452808361,0.0004444742287394794
0.9355,1.0004559505279274,0.00043708484075933674
0.9365000000000001,1.000448473046134,0.00042980850965656885
0.9375,1.0004411111883624,0.0004226436393488268
0.9384999999999999,1.0004338633284167,0.00041558865366564976
0.9395,1.0004267278607761,0.0004086419961332067
0.9404999999999999,1.000419703200372,0.0004018021297608802
0.9415,1.0004127877823674,0.00039506753682991383
0.9424999999999999,1.000405980061938,0.00038843671868357997
0.9435,1.0003992785140556,0.0003819081955188857
0.9444999999999999,1.000392681633274,0.0003754805061804237
0.9455,1.0003861879335159,0.0003691522079558251
0.9464999999999999,1.0003797959478606,0.00036292187637274086
0.9475,1.000373504228337,0.0003567881049975297
0.9484999999999999,1.0003673113457148,0.00035074950523609404
0.9495,1.0003612158892992,0.00034480470613574345
0.9504999999999999,1.0003552164667278,0.00033895235418917756
0.9515,1.0003493117037694,0.0003331911131402091
0.9524999999999999,1.0003435002441223,0.0003275196637907249
0.9535,1.0003377807492182,0.0003219367038097981
0.9544999999999999,1.0003321518980244,0.00031644094754397907
0.9555,1.0003266123868502,0.000311031125829531
0.9564999999999999,1.000321160929153,0.0003057059858062045
0.9575,1.0003157962553493,0.00030046429073255046
0.9584999999999999,1.0003105171126234,0.00029530481980305246
0.9595,1.0003053222647413,0.0002902263679666585
0.9604999999999999,1.0003002104918644,0.000285227745746883
0.9615,1.0002951805903655,0.00028030777906375306
0.9624999999999999,1.0002902313726465,0.00027546530905697946
0.9635,1.0002853616669587,0.00027069919191088557
0.9644999999999999,1.0002805703172224,0.00026600829868097273
0.9655,1.000275856182851,0.00026139151512175485
0.9664999999999999,1.0002712181385751,0.00025684774151635243
0.9675,1.000266655074268,0.0002523758925075694
0.9684999999999999,1.0002621658947748,0.0002479748969304358
0.9695,1.000257749519741,0.00024364369764640406
0.9704999999999999,1.0002534048834435,0.00023938125137864041
0.9715,1.0002491309346242,0.00023518652854934082
0.9724999999999999,1.0002449266363238,0.00023105851311825486
0.9735,1.0002407909657172,0.00022699620242254873
0.9744999999999999,1.0002367229139524,0.00022299860701843296
0.9755,1.0002327214859885,0.00021906475052383602
0.9764999999999999,1.0002287857004373,0.00021519366946303316
0.9775,1.0002249145894044,0.00021138441311231262
0.9784999999999999,1.000221107198335,0.00020763604334714903
0.9795,1.000217362585857,0.00020394763449096276
0.9804999999999999,1.0002136798236303,0.0002003182731651009
0.9815,1.0002100579961932,0.00019674705814023982
0.9824999999999999,1.0002064962008141,0.00019323310018932308
0.9835,1.0002029935473427,0.00018977552194209785
0.9844999999999999,1.0001995491580646,0.0001863734577422509
0.9855,1.0001961621675606,0.00018302605350922418
0.9864999999999999,1.0001928317225792,0.0001797324666129724
0.9875,1.000189556981954,0.0001764918657924789
0.9884999999999999,1.0001863371166648,0.0001733034312204268
0.9895,1.0001831713104068,0.00017016635507379195
0.9904999999999999,1.0001800587619183,0.00016707984386357737
0.9915,1.0001769986934381,0.0001640431268959886
0.9924999999999999,1.0001739903805595,0.00016105548613483013
0.9935,1.0001710332568632,0.0001581163608600934
0.9944999999999999,1.0001681272802203,0.00015522571405824902
0.9955,1.0001652742158698,0.00015238531580109534
0.9964999999999999,1.0001624821354258,0.00014960324331560998
0.9975,1.0001597812112357,0.00014690967907747714
0.9984999999999999,1.000157279234491,0.00014441244209045359
0.9995,1.0001553570162252,0.00014249243519150304
