-20.0,3.999997581525285,0.02812336303432654,-0.02126715670400482,-0.006051525488902772,0.0007394354719688827,0.00013712390399834434,0.0,0.0,4.0
-19.9799899949975,3.999997582447665,0.0281233625780156,-0.021267156749283034,-0.0060515253679918005,0.0007394355850556818,0.00013712395561323555,0.0,0.0,4.0
-19.959979989995,3.9999975833527643,0.028123362133123282,-0.02126715686295117,-0.006051525163318149,0.0007394357592970064,0.00013712400364174286,0.0,0.0,4.0
-19.939969984992498,3.999997584262552,0.028123361688152965,-0.021267157057181806,-0.006051524889193739,0.0007394359784915922,0.00013712403733297983,0.0,0.0,4.0
-19.919959979989994,3.9999975851757856,0.028123361243680402,-0.02126715733761254,-0.006051524552777218,0.0007394362369735316,0.00013712405671663415,0.0,0.0,4.0
-19.899949974987493,3.9999975860925363,0.02812336079980909,-0.021267157706261263,-0.006051524158812017,0.000739436532505421,0.00013712406418550353,0.0,0.0,4.0
-19.879939969984992,3.9999975870131124,0.028123360356603715,-0.02126715816265768,-0.00605152371126851,0.0007394368637331935,0.0001371240621498769,0.0,0.0,4.0
-19.85992996498249,3.9999975879379295,0.02812335991411407,-0.02126715870441341,-0.0060515232139314295,0.0007394372292792457,0.00013712405254182313,0.0,0.0,4.0
-19.83991995997999,3.9999975888674477,0.02812335947238691,-0.021267159327600718,-0.0060515226706131875,0.000739437627438045,0.0001371240368197141,0.0,0.0,4.0
-19.81990995497749,3.999997589802142,0.028123359031469675,-0.021267160027064018,-0.006051522085220445,0.0007394380561091516,0.00013712401607529577,0.0,0.0,4.0
-19.79989994997499,3.999997590742481,0.028123358591411872,-0.021267160796704956,-0.006051521461754366,0.0007394385128301341,0.0001371239911367961,0.0,0.0,4.0
-19.779889944972485,3.9999975916889197,0.028123358152265996,-0.021267161629752313,-0.006051520804276676,0.0007394389948528952,0.00013712396264719913,0.0,0.0,4.0
-19.759879939969984,3.999997592641883,0.028123357714087638,-0.021267162519018234,-0.0060515201168570235,0.0007394394992374642,0.00013712393111942078,0.0,0.0,4.0
-19.739869934967484,3.999997593601766,0.02812335727693519,-0.02126716345713732,-0.00605151940351104,0.00073944002294981,0.00013712389697416707,0.0,0.0,4.0
-19.719859929964983,3.999997594568925,0.02812335684086989,-0.021267164436785235,-0.006051518668135798,0.0007394405629559779,0.00013712386056570543,0.0,0.0,4.0
-19.699849924962482,3.9999975955436766,0.02812335640595536,-0.02126716545087238,-0.006051517914447634,0.0007394411163078465,0.00013712382219948504,0.0,0.0,4.0
-19.67983991995998,3.9999975965263,0.028123355972257357,-0.021267166492709592,-0.006051517145926185,0.0007394416802175315,0.00013712378214424632,0.0,0.0,4.0
-19.659829914957477,3.9999975975170323,0.02812335553984396,-0.021267167556143586,-0.006051516365767393,0.0007394422521186994,0.00013712374064043435,0.0,0.0,4.0
-19.639819909954976,3.999997598516074,0.02812335510878467,-0.021267168635660586,-0.006051515576847179,0.0007394428297140103,0.00013712369790622406,0.0,0.0,4.0
-19.619809904952476,3.999997599523591,0.02812335467915052,-0.021267169726458698,-0.006051514781696829,0.0007394434110084841,0.00013712365414187013,0.0,0.0,4.0
-19.599799899949975,3.999997600539717,0.028123354251013862,-0.02126717082448968,-0.00605151398249017,0.0007394439943293249,0.00013712360953298933,0.0,0.0,4.0
-19.579789894947474,3.999997601564561,0.02812335382444792,-0.021267171926472643,-0.00605151318104209,0.0007394445783331979,0.00013712356425317083,0.0,0.0,4.0
-19.559779889944974,3.9999976025982082,0.0281233533995269,-0.021267173029882284,-0.006051512378817452,0.0007394451620022102,0.00013712351846605195,0.0,0.0,4.0
-19.539769884942473,3.9999976036407268,0.02812335297632578,-0.02126717413291573,-0.006051511576948955,0.000739445744630295,0.0001371234723271025,0.0,0.0,4.0
-19.51975987993997,3.9999976046921737,0.028123352554920246,-0.02126717523444164,-0.0060515107762623786,0.0007394463258017503,0.00013712342598516477,0.0,0.0,4.0
-19.499749874937468,3.9999976057525966,0.02812335213538681,-0.021267176333935843,-0.006051509977307389,0.0007394469053637905,0.00013712337958381315,0.0,0.0,4.0
-19.479739869934967,3.999997606822041,0.028123351717802458,-0.021267177431407883,-0.006051509180392118,0.0007394474833949945,0.00013712333326260106,0.0,0.0,4.0
-19.459729864932466,3.9999976079005517,0.02812335130224496,-0.021267178527322184,-0.006051508385619841,0.0007394480601712896,0.00013712328715810183,0.0,0.0,4.0
-19.439719859929966,3.999997608988178,0.028123350888793027,-0.02126717962251755,-0.006051507592926155,0.0007394486361311461,0.0001371232414048265,0.0,0.0,4.0
-19.419709854927465,3.999997610084978,0.028123350477526135,-0.021267180718128175,-0.006051506802115243,0.0007394492118413614,0.00013712319613607817,0.0,0.0,4.0
-19.399699849924964,3.9999976111910174,0.028123350068524833,-0.021267181815508688,-0.0060515060128941535,0.000739449787964518,0.00013712315148461,0.0,0.0,4.0
-19.37968984492246,3.999997612306375,0.02812334966187085,-0.02126718291616522,-0.006051505224904168,0.0007394503652290462,0.00013712310758320367,0.0,0.0,4.0
-19.35967983991996,3.9999976134311432,0.02812334925764715,-0.021267184021694086,-0.006051504437748698,0.0007394509444025155,0.00013712306456512002,0.0,0.0,4.0
-19.33966983491746,3.9999976145654297,0.02812334885593847,-0.021267185133728772,-0.006051503651017297,0.0007394515262685481,0.00013712302256445926,0.0,0.0,4.0
-19.319659829914958,3.999997615709357,0.028123348456831076,-0.021267186253895804,-0.00605150286430566,0.0007394521116075648,0.00013712298171644711,0.0,0.0,4.0
-19.299649824912457,3.9999976168630633,0.028123348060413184,-0.021267187383779317,-0.006051502077231634,0.0007394527011813079,0.00013712294215764318,0.0,0.0,4.0
-19.279639819909956,3.999997618026705,0.028123347666775274,-0.02126718852489402,-0.00605150128944749,0.000739453295721025,0.00013712290402607356,0.0,0.0,4.0
-19.259629814907452,3.999997619200452,0.02812334727601008,-0.021267189678665997,-0.0060515005006487035,0.0007394538959190471,0.0001371228674613993,0.0,0.0,4.0
-19.23961980990495,3.999997620384492,0.02812334688821258,-0.021267190846420186,-0.006051499710579649,0.0007394545024233748,0.0001371228326050113,0.0,0.0,4.0
-19.21960980490245,3.999997621579028,0.028123346503480782,-0.02126719202937403,-0.0060514989190367414,0.0007394551158348363,0.00013712279960011119,0.0,0.0,4.0
-19.19959979989995,3.9999976227842775,0.02812334612191535,-0.021267193228635944,-0.006051498125869358,0.0007394557367064625,0.00013712276859182806,0.0,0.0,4.0
-19.17958979489745,3.9999976240004735,0.028123345743620035,-0.021267194445207704,-0.006051497330979082,0.0007394563655445458,0.0001371227397273102,0.0,0.0,4.0
-19.15957978989495,3.999997625227863,0.02812334536870215,-0.02126719567998992,-0.006051496534317672,0.0007394570028110433,0.0001371227131558187,0.0,0.0,4.0
-19.139569784892448,3.9999976264667065,0.02812334499727237,-0.02126719693378962,-0.006051495735884096,0.0007394576489269852,0.00013712268902892546,0.0,0.0,4.0
-19.119559779889943,3.999997627717278,0.02812334462944512,-0.021267198207329172,-0.006051494935721036,0.0007394583042764385,0.0001371226675006523,0.0,0.0,4.0
-19.099549774887443,3.9999976289798655,0.028123344265338548,-0.021267199501256034,-0.006051494133911092,0.0007394589692108675,0.00013712264872769073,0.0,0.0,4.0
-19.079539769884942,3.999997630254769,0.028123343905074972,-0.021267200816152573,-0.00605149333057296,0.0007394596440535485,0.00013712263286959117,0.0,0.0,4.0
-19.05952976488244,3.9999976315423007,0.02812334354878097,-0.021267202152545912,-0.006051492525857722,0.0007394603291039487,0.00013712262008901588,0.0,0.0,4.0
-19.03951975987994,3.9999976328427866,0.02812334319658757,-0.021267203510917067,-0.006051491719945383,0.0007394610246418766,0.00013712261055198285,0.0,0.0,4.0
-19.01950975487744,3.9999976341565637,0.0281233428486305,-0.0212672048917095,-0.006051490913041799,0.0007394617309313325,0.00013712260442812446,0.0,0.0,4.0
-18.999499749874936,3.9999976354839837,0.028123342505050466,-0.021267206295336787,-0.00605149010537591,0.0007394624482239986,0.00013712260189097352,0.0,0.0,4.0
-18.979489744872435,3.9999976368254084,0.028123342165993066,-0.021267207722189416,-0.006051489297197476,0.000739463176762371,0.00013712260311828062,0.0,0.0,4.0
-18.959479739869934,3.999997638181215,0.028123341831609118,-0.021267209172640605,-0.00605148848877513,0.00073946391678244,0.00013712260829228985,0.0,0.0,4.0
-18.939469734867433,3.999997639551792,0.028123341502055296,-0.02126721064705142,-0.006051487680394963,0.0007394646685159888,0.00013712261760001298,0.0,0.0,4.0
-18.919459729864933,3.9999976409375426,0.028123341177493783,-0.0212672121457748,-0.006051486872359326,0.0007394654321925772,0.00013712263123357026,0.0,0.0,4.0
-18.899449724862432,3.999997642338883,0.028123340858092743,-0.02126721366915906,-0.006051486064986058,0.0007394662080411515,0.00013712264939048127,0.0,0.0,4.0
-18.87943971985993,3.999997643756245,0.028123340544026702,-0.021267215217550685,-0.006051485258607986,0.0007394669962913559,0.0001371226722739431,0.0,0.0,4.0
-18.859429714857427,3.9999976451900725,0.028123340235476555,-0.021267216791296426,-0.006051484453572644,0.0007394677971746186,0.00013712270009315732,0.0,0.0,4.0
-18.839419709854926,3.9999976466408276,0.028123339932629866,-0.02126721839074509,-0.006051483650242234,0.0007394686109250077,0.00013712273306362488,0.0,0.0,4.0
-18.819409704852426,3.9999976481089865,0.028123339635681203,-0.02126722001624883,-0.006051482848993757,0.0007394694377798748,0.000137122771407419,0.0,0.0,4.0
-18.799399699849925,3.9999976495950422,0.02812333934483271,-0.02126722166816411,-0.00605148205021929,0.0007394702779803482,0.00013712281535345025,0.0,0.0,4.0
-18.779389694847424,3.9999976510995046,0.028123339060293955,-0.02126722334685246,-0.006051481254326344,0.0007394711317717747,0.00013712286513779928,0.0,0.0,4.0
-18.759379689844923,3.999997652622901,0.02812333878228235,-0.021267225052680992,-0.006051480461738322,0.0007394719994040106,0.0001371229210039988,0.0,0.0,4.0
-18.739369684842423,3.9999976541657776,0.028123338511023468,-0.02126722678602274,-0.006051479672895053,0.0007394728811316378,0.0001371229832033026,0.0,0.0,4.0
-18.71935967983992,3.9999976557286985,0.028123338246751645,-0.021267228547257006,-0.0060514788882533865,0.0007394737772141183,0.00013712305199493986,0.0,0.0,4.0
-18.699349674837418,3.999997657312248,0.028123337989709993,-0.021267230336769527,-0.0060514781082877936,0.0007394746879159492,0.0001371231276464358,0.0,0.0,4.0
-18.679339669834917,3.9999976589170316,0.028123337740150772,-0.021267232154952624,-0.006051477333490975,0.0007394756135067691,0.00013712321043387818,0.0,0.0,4.0
-18.659329664832416,3.9999976605436744,0.02812333749833596,-0.02126723400220539,-0.006051476564374565,0.0007394765542614292,0.00013712330064219694,0.0,0.0,4.0
-18.639319659829916,3.9999976621928246,0.02812333726453752,-0.02126723587893373,-0.006051475801469753,0.000739477510460073,0.00013712339856544335,0.0,0.0,4.0
-18.619309654827415,3.999997663865153,0.02812333703903783,-0.02126723778555057,-0.00605147504532798,0.0007394784823881934,0.00013712350450707173,0.0,0.0,4.0
-18.599299649824914,3.9999976655613554,0.028123336822130158,-0.02126723972247598,-0.006051474296521596,0.0007394794703366983,0.00013712361878022788,0.0,0.0,4.0
-18.57928964482241,3.99999766728215,0.028123336614119206,-0.021267241690137335,-0.0060514735556445685,0.0007394804746019583,0.00013712374170802788,0.0,0.0,4.0
-18.55927963981991,3.999997669028283,0.028123336415321276,-0.021267243688969505,-0.006051472823313145,0.0007394814954858885,0.00013712387362387879,0.0,0.0,4.0
-18.53926963481741,3.999997670800526,0.028123336226065117,-0.021267245719415042,-0.0060514721001665535,0.0007394825332959768,0.00013712401487174747,0.0,0.0,4.0
-18.519259629814908,3.999997672599679,0.02812333604669211,-0.021267247781924407,-0.006051471386867693,0.000739483588345381,0.00013712416580651435,0.0,0.0,4.0
-18.499249624812407,3.999997674426571,0.028123335877556766,-0.02126724987695627,-0.006051470684103826,0.0007394846609529653,0.00013712432679428052,0.0,0.0,4.0
-18.479239619809906,3.9999976762820615,0.028123335719027715,-0.021267252004977644,-0.006051469992587323,0.0007394857514433136,0.00013712449821264434,0.0,0.0,4.0
-18.459229614807406,3.9999976781670403,0.02812333557148804,-0.02126725416646434,-0.006051469313056403,0.0007394868601467939,0.00013712468045107756,0.0,0.0,4.0
-18.4392196098049,3.9999976800824304,0.028123335435335878,-0.02126725636190105,-0.006051468646275849,0.0007394879873995773,0.00013712487391126158,0.0,0.0,4.0
-18.4192096048024,3.9999976820291887,0.028123335310984827,-0.021267258591781805,-0.006051467993037775,0.0007394891335436725,0.00013712507900748077,0.0,0.0,4.0
-18.3991995997999,3.999997684008307,0.028123335198864896,-0.021267260856610164,-0.006051467354162424,0.0007394902989269087,0.0001371252961669775,0.0,0.0,4.0
-18.3791895947974,3.999997686020814,0.028123335099423014,-0.021267263156899543,-0.006051466730498958,0.000739491483902914,0.00013712552583036166,0.0,0.0,4.0
-18.3591795897949,3.9999976880677766,0.028123335013123776,-0.02126726549317347,-0.006051466122926298,0.0007394926888310723,0.00013712576845204252,0.0,0.0,4.0
-18.339169584792398,3.9999976901503005,0.028123334940450176,-0.02126726786596593,-0.006051465532353956,0.0007394939140764669,0.00013712602450068116,0.0,0.0,4.0
-18.319159579789893,3.999997692269533,0.02812333488190419,-0.02126727027582155,-0.006051464959722914,0.0007394951600097758,0.00013712629445969814,0.0,0.0,4.0
-18.299149574787393,3.9999976944266633,0.028123334838007306,-0.021267272723295944,-0.006051464406006531,0.000739496427007159,0.00013712657882781218,0.0,0.0,4.0
-18.279139569784892,3.9999976966229247,0.028123334809301726,-0.0212672752089559,-0.006051463872211451,0.0007394977154500591,0.00013712687811958787,0.0,0.0,4.0
-18.25912956478239,3.999997698859596,0.02812333479635083,-0.021267277733379625,-0.00605146335937857,0.0007394990257250132,0.00013712719286610011,0.0,0.0,4.0
-18.23911955977989,3.999997701138002,0.028123334799739514,-0.021267280297157073,-0.006051462868583978,0.0007395003582234307,0.0001371275236156785,0.0,0.0,4.0
-18.21910955477739,3.9999977034595164,0.028123334820075417,-0.021267282900889944,-0.00605146240093995,0.000739501713341242,0.00013712787093465064,0.0,0.0,4.0
-18.19909954977489,3.999997705825563,0.028123334857989256,-0.021267285545192118,-0.006051461957595965,0.0007395030914785798,0.0001371282354082859,0.0,0.0,4.0
-18.179089544772385,3.999997708237614,0.028123334914135302,-0.021267288230689723,-0.006051461539739705,0.0007395044930393597,0.000137128617641823,0.0,0.0,4.0
-18.159079539769884,3.999997710697195,0.02812333498919188,-0.021267290958021344,-0.006051461148598076,0.000739505918430798,0.00013712901826164873,0.0,0.0,4.0
-18.139069534767383,3.9999977132058833,0.028123335083861632,-0.02126729372783823,-0.0060514607854382264,0.0007395073680628566,0.0001371294379166847,0.0,0.0,4.0
-18.119059529764883,3.999997715765309,0.028123335198871686,-0.02126729654080445,-0.0060514604515685844,0.0007395088423475949,0.00013712987727996267,0.0,0.0,4.0
-18.099049524762382,3.999997718377154,0.028123335334974013,-0.021267299397597125,-0.006051460148339875,0.0007395103416983986,0.00013713033705047215,0.0,0.0,4.0
-18.07903951975988,3.9999977210431528,0.028123335492944445,-0.021267302298906596,-0.006051459877146082,0.0007395118665291452,0.0001371308179553811,0.0,0.0,4.0
-18.059029514757377,3.9999977237650914,0.028123335673582262,-0.021267305245436654,-0.006051459639425428,0.0007395134172532055,0.00013713132075261503,0.0,0.0,4.0
-18.039019509754876,3.9999977265448035,0.028123335877709408,-0.021267308237904774,-0.006051459436661313,0.0007395149942822411,0.00013713184623385352,0.0,0.0,4.0
-18.019009504752376,3.999997729384169,0.028123336106168847,-0.021267311277042393,-0.00605145927038319,0.0007395165980248347,0.00013713239522813623,0.0,0.0,4.0
-17.998999499749875,3.9999977322851095,0.028123336359822167,-0.021267314363595236,-0.006051459142167419,0.0007395182288848839,0.00013713296860609834,0.0,0.0,4.0
-17.978989494747374,3.999997735249583,0.028123336639546984,-0.021267317498323692,-0.0060514590536380405,0.0007395198872596322,0.000137133567284926,0.0,0.0,4.0
-17.958979489744873,3.999997738279577,0.02812333694623351,-0.021267320682003283,-0.006051459006467544,0.0007395215735372994,0.00013713419223415336,0.0,0.0,4.0
-17.938969484742373,3.9999977413770993,0.02812333728077999,-0.021267323915425313,-0.006051459002377571,0.0007395232880942228,0.00013713484448244992,0.0,0.0,4.0
-17.91895947973987,3.9999977445441677,0.028123337644087205,-0.021267327199397557,-0.006051459043139631,0.0007395250312913212,0.00013713552512546366,0.0,0.0,4.0
-17.898949474737368,3.9999977477827984,0.028123338037052723,-0.02126733053474534,-0.006051459130575866,0.0007395268034696466,0.00013713623533475488,0.0,0.0,4.0
-17.878939469734867,3.999997751094993,0.02812333846056369,-0.021267333922312774,-0.006051459266559898,0.0007395286049448595,0.00013713697636797117,0.0,0.0,4.0
-17.858929464732366,3.999997754482723,0.02812333891548961,-0.021267337362964458,-0.006051459453017935,0.000739530436000219,0.0001371377495801741,0.0,0.0,4.0
-17.838919459729865,3.9999977579479156,0.02812333940267463,-0.021267340857587747,-0.00605145969193018,0.00073953229687774,0.00013713855643632185,0.0,0.0,4.0
-17.818909454727365,3.9999977614924416,0.028123339922930576,-0.021267344407095552,-0.0060514599853328166,0.0007395341877669385,0.00013713939852465096,0.0,0.0,4.0
-17.798899449724864,3.9999977651181036,0.028123340477031557,-0.021267348012430243,-0.006051460335320817,0.0007395361087905292,0.00013714027757063678,0.0,0.0,4.0
-17.77888944472236,3.9999977688266353,0.028123341065711863,-0.021267351674568405,-0.006051460744051873,0.0007395380599863124,0.00013714119545105301,0.0,0.0,4.0
-17.75887943971986,3.9999977726197073,0.028123341689668464,-0.021267355394527152,-0.006051461213751855,0.0007395400412843286,0.000137142154207389,0.0,0.0,4.0
-17.73886943471736,3.999997776498951,0.028123342349572023,-0.021267359173372136,-0.006051461746722367,0.0007395420524780933,0.00013714315605749754,0.0,0.0,4.0
-17.718859429714858,3.9999977804660047,0.028123343046088493,-0.021267363012227397,-0.006051462345350907,0.0007395440931887643,0.00013714420340426325,0.0,0.0,4.0
-17.698849424712357,3.9999977845225927,0.028123343779916633,-0.021267366912287925,-0.006051463012124333,0.0007395461628207734,0.00013714529883948268,0.0,0.0,4.0
-17.678839419709856,3.999997788670645,0.028123344551846164,-0.021267370874834796,-0.006051463749646342,0.0007395482605074271,0.00013714644514087348,0.0,0.0,4.0
-17.658829414707355,3.999997792912472,0.02812334536284328,-0.021267374901253525,-0.0060514645606598175,0.0007395503850448896,0.00013714764525970012,0.0,0.0,4.0
-17.63881940970485,3.9999977972510123,0.02812334621416985,-0.02126737899305586,-0.00605146544807464,0.0007395525348130714,0.00013714890229616614,0.0,0.0,4.0
-17.61880940470235,3.999997801690157,0.028123347107544695,-0.02126738315190526,-0.006051466415001808,0.0007395547076819219,0.00013715021945932728,0.0,0.0,4.0
-17.59879939969985,3.999997806235184,0.028123348045355424,-0.021267387379645977,-0.006051467464794307,0.0007395569009020765,0.00013715160000810273,0.0,0.0,4.0
-17.57878939469735,3.999997810893303,0.028123349030928255,-0.021267391678335565,-0.006051468601094963,0.0007395591109791858,0.0001371530471699337,0.0,0.0,4.0
-17.55877938969485,3.9999978156743388,0.028123350068863993,-0.02126739605028038,-0.006051469827891239,0.0007395613335320008,0.00013715456403377426,0.0,0.0,4.0
-17.538769384692348,3.9999978205915525,0.02812335116544669,-0.02126740049807304,-0.006051471149576253,0.000739563563135102,0.00013715615341445834,0.0,0.0,4.0
-17.518759379689847,3.999997825662622,0.02812335232912816,-0.021267405024630336,-0.006051472571014702,0.0007395657931484753,0.00013715781768639955,0.0,0.0,4.0
-17.498749374687343,3.9999978309107678,0.028123353571088597,-0.02126740963322992,-0.006051474097611568,0.0007395680155375007,0.00013715955858565614,0.0,0.0,4.0
-17.478739369684842,3.999997836366026,0.02812335490587025,-0.021267414327542852,-0.006051475735380593,0.0007395702206884423,0.0001371613769808197,0.0,0.0,4.0
-17.45872936468234,3.999997842066635,0.02812335635207197,-0.02126741911165899,-0.006051477491008353,0.0007395723972265858,0.00013716327261543193,0.0,0.0,4.0
-17.43871935967984,3.999997848060517,0.02812335793308761,-0.021267423990101314,-0.006051479371908847,0.0007395745318459154,0.00013716524382676682,0.0,0.0,4.0
-17.41870935467734,3.999997854406777,0.028123359677864068,-0.021267428967824888,-0.006051481386262416,0.0007395766091610212,0.00013716728724842296,0.0,0.0,4.0
-17.39869934967484,3.999997861177177,0.02812336162164237,-0.021267434050195513,-0.006051483543031972,0.0007395786115938573,0.0001371693975072306,0.0,0.0,4.0
-17.378689344672335,3.9999978684574735,0.028123363806640274,-0.02126743924294331,-0.006051485851948765,0.0007395805193091204,0.0001371715669276423,0.0,0.0,4.0
-17.358679339669834,3.9999978763485307,0.028123366282624344,-0.021267444552086127,-0.006051488323459729,0.0007395823102129058,0.00013717378525946952,0.0,0.0,4.0
-17.338669334667333,3.9999978849670845,0.028123369107313285,-0.021267449983818385,-0.006051490968628523,0.0007395839600294105,0.00013717603944714708,0.0,0.0,4.0
-17.318659329664833,3.999997894446032,0.028123372346550313,-0.02126745554436183,-0.006051493798983161,0.0007395854424695486,0.00013717831346014262,0.0,0.0,4.0
-17.298649324662332,3.9999979049341174,0.028123376074179585,-0.02126746123977574,-0.006051496826304472,0.0007395867295036018,0.0001371805882048442,0.0,0.0,4.0
-17.27863931965983,3.999997916594898,0.02812338037156543,-0.021267467075726045,-0.006051500062351818,0.0007395877917468101,0.00013718284153752897,0.0,0.0,4.0
-17.258629314657327,3.999997929604869,0.028123385326701,-0.0212674730572151,-0.006051503518525202,0.0007395885989626706,0.00013718504839603567,0.0,0.0,4.0
-17.238619309654826,3.999997944150686,0.028123391032864535,-0.021267479188276213,-0.0060515072054665164,0.0007395891206833278,0.0001371871810642748,0.0,0.0,4.0
-17.218609304652325,3.99999796042542,0.028123397586798778,-0.021267485471639876,-0.006051511132606395,0.0007395893269402503,0.0001371892095788168,0.0,0.0,4.0
-17.198599299649825,3.9999979786238633,0.02812340508641426,-0.021267491908381897,-0.006051515307667772,0.0007395891890912407,0.00013719110228014943,0.0,0.0,4.0
-17.178589294647324,3.999997998936937,0.028123413628043072,-0.021267498497565894,-0.006051519736141407,0.0007395886807225856,0.00013719282650371625,0.0,0.0,4.0
-17.158579289644823,3.9999980215453195,0.028123423303299516,-0.02126750523589581,-0.0060515244207529385,0.0007395877785981214,0.00013719434939751877,0.0,0.0,4.0
-17.138569284642323,3.9999980466124767,0.028123434195635587,-0.021267512117395335,-0.006051529360944489,0.0007395864636204749,0.00013719563884434898,0.0,0.0,4.0
-17.11855927963982,3.999998074277342,0.028123446376710885,-0.02126751913313328,-0.0060515345523966925,0.0007395847217645191,0.00013719666445828052,0.0,0.0,4.0
-17.098549274637318,3.9999981046469375,0.028123459902721342,-0.021267526271013183,-0.006051539986618275,0.0007395825449396625,0.000137197398617664,0.0,0.0,4.0
-17.078539269634817,3.9999981377892717,0.028123474810855285,-0.021267533515645358,-0.0060515456506305115,0.0007395799317362579,0.00013719781749079945,0.0,0.0,4.0
-17.058529264632316,3.9999981737268917,0.028123491116055103,-0.0212675408483171,-0.006051551526771718,0.0007395768880129246,0.0001371979020069561,0.0,0.0,4.0
-17.038519259629815,3.9999982124314446,0.028123508808269547,-0.02126754824707349,-0.006051557592643846,0.0007395734272853837,0.00013719763872398395,0.0,0.0,4.0
-17.018509254627315,3.9999982538196113,0.028123527850371442,-0.021267555686917145,-0.006051563821217667,0.0007395695708843403,0.0001371970205456872,0.0,0.0,4.0
-16.998499249624814,3.999998297750714,0.028123548176895954,-0.021267563140129293,-0.006051570181106417,0.0007395653478591299,0.00013719604724693135,0.0,0.0,4.0
-16.97848924462231,3.999998344026252,0.02812356969372445,-0.02126757057670936,-0.00605157663700989,0.0007395607946151816,0.00013719472577208543,0.0,0.0,4.0
-16.95847923961981,3.9999983923915217,0.02812359227879525,-0.0212675779649233,-0.006051583150322074,0.0007395559542862024,0.0001371930702828509,0.0,0.0,4.0
-16.93846923461731,3.999998442539376,0.028123615783874574,-0.02126758527194512,-0.006051589679886867,0.0007395508758553878,0.0001371911019436827,0.0,0.0,4.0
-16.918459229614808,3.9999984941160815,0.02812364003736433,-0.021267592464570183,-0.006051596182877562,0.0007395456130533235,0.0001371888484465963,0.0,0.0,4.0
-16.898449224612307,3.9999985467290973,0.028123664848069583,-0.021267599509974318,-0.0060516026157688245,0.0007395402230722411,0.00013718634329081353,0.0,0.0,4.0
-16.878439219609806,3.9999985999565024,0.028123690009792028,-0.021267606376489417,-0.006051608935363521,0.0007395347651467997,0.0001371836248461632,0.0,0.0,4.0
-16.858429214607305,3.9999986533577085,0.028123715306568497,-0.021267613034364065,-0.0060516150998331025,0.0007395292990589576,0.0001371807352406962,0.0,0.0,4.0
-16.8384192096048,3.9999987064849973,0.028123740518337402,-0.021267619456478214,-0.006051621069728694,0.0007395238836288034,0.00013717771912226902,0.0,0.0,4.0
-16.8184092046023,3.9999987588954014,0.028123765426787385,-0.02126762561898204,-0.006051626808920791,0.0007395185752541609,0.00013717462235033064,0.0,0.0,4.0
-16.7983991995998,3.9999988101623978,0.028123789821134185,-0.021267631501833164,-0.006051632285428983,0.0007395134265587439,0.00013717149067692125,0.0,0.0,4.0
-16.7783891945973,3.9999988598869147,0.02812381350357428,-0.021267637089210912,-0.006051637472108587,0.000739508485202481,0.0001371683684752673,0.0,0.0,4.0
-16.758379189594798,3.9999989077071816,0.028123836294184443,-0.0212676423697928,-0.006051642347168618,0.0007395037928982973,0.00013716529757015563,0.0,0.0,4.0
-16.738369184592298,3.9999989533070277,0.028123858035067343,-0.021267647336884753,-0.006051646894504224,0.0007394993846682148,0.0001371623162170575,0.0,0.0,4.0
-16.718359179589797,3.9999989964223173,0.02812387859359097,-0.021267651988404714,-0.006051651103836399,0.0007394952883583973,0.00013715945826704942,0.0,0.0,4.0
-16.698349174587293,3.999999036845319,0.028123897864616675,-0.021267656326725292,-0.006051654970661198,0.0007394915244193895,0.00013715675254328193,0.0,0.0,4.0
-16.678339169584792,3.99999907442693,0.028123915771670557,-0.021267660358388306,-0.006051658496020048,0.0007394881059443047,0.00013715422244209063,0.0,0.0,4.0
-16.65832916458229,3.999999109076763,0.02812393226706716,-0.02126766409370905,-0.00605166168611058,0.0007394850389456279,0.00013715188575953282,0.0,0.0,4.0
-16.63831915957979,3.999999140761247,0.02812394733104681,-0.02126766754629275,-0.006051664551763987,0.0007394823228410969,0.0001371497547325374,0.0,0.0,4.0
-16.61830915457729,3.9999991694999473,0.028123960970034174,-0.021267670732487802,-0.00605166710781947,0.0007394799511112103,0.00013714783627373755,0.0,0.0,4.0
-16.59829914957479,3.9999991953604144,0.02812397321416115,-0.021267673670801793,-0.006051669372428841,0.0007394779120858424,0.00013714613237112054,0.0,0.0,4.0
-16.578289144572288,3.9999992184518933,0.02812398411422346,-0.021267676381306153,-0.006051671366325018,0.0007394761898151152,0.00013714464061799264,0.0,0.0,4.0
-16.558279139569784,3.9999992389182752,0.028123993738250433,-0.021267678885052894,-0.006051673112086504,0.0007394747649802811,0.0001371433548359795,0.0,0.0,4.0
-16.538269134567283,3.9999992569306557,0.028124002167872027,-0.021267681203524662,-0.006051674633427083,0.000739473615803092,0.00013714226575308722,0.0,0.0,4.0
-16.518259129564782,3.9999992726798523,0.028124009494656564,-0.021267683358135177,-0.006051675954535543,0.000739472718917099,0.00013714136170072522,0.0,0.0,4.0
-16.49824912456228,3.9999992863691984,0.02812401581657359,-0.021267685369793055,-0.006051677099485001,0.0007394720501706731,0.00013714062929730874,0.0,0.0,4.0
-16.47823911955978,3.9999992982078734,0.0281240212347127,-0.021267687258537452,-0.006051678091725764,0.0007394715853387569,0.0001371400540910499,0.0,0.0,4.0
-16.458229114557277,3.99999930840497,0.02812402585035818,-0.021267689043249667,-0.006051678953669813,0.0007394713007279507,0.00013713962114064544,0.0,0.0,4.0
-16.438219109554776,3.9999993171644386,0.028124029762489882,-0.02126769074144073,-0.006051679706369799,0.0007394711736667386,0.00013713931551870254,0.0,0.0,4.0
-16.418209104552275,3.9999993246809864,0.028124033065748497,-0.021267692369111815,-0.0060516803692904735,0.0007394711828795223,0.00013713912272919946,0.0,0.0,4.0
-16.398199099549775,3.999999331136942,0.028124035848874903,-0.021267693940680933,-0.006051680960166541,0.0007394713087487673,0.00013713902903589442,0.0,0.0,4.0
-16.378189094547274,3.9999993367000637,0.028124038193610337,-0.021267695468968093,-0.006051681494938019,0.0007394715334740966,0.00013713902170359163,0.0,0.0,4.0
-16.358179089544773,3.9999993415222113,0.02812404017402216,-0.021267696965229482,-0.006051681987752016,0.000739471841140553,0.00013713908915819246,0.0,0.0,4.0
-16.338169084542272,3.999999345738783,0.028124041856205633,-0.021267698439230303,-0.006051682451018744,0.0007394722177102466,0.0001371392210744081,0.0,0.0,4.0
-16.318159079539768,3.9999993494687995,0.02812404329830611,-0.021267699899346945,-0.006051682895509584,0.0007394726509523028,0.00013713940840162154,0.0,0.0,4.0
-16.298149074537267,3.9999993528155047,0.02812404455079637,-0.021267701352688642,-0.00605168333048508,0.0007394731303262564,0.00013713964333970374,0.0,0.0,4.0
-16.278139069534767,3.9999993558673594,0.02812404565694908,-0.021267702805230587,-0.006051683763842132,0.0007394736468327417,0.00013713991927615004,0.0,0.0,4.0
-16.258129064532266,3.9999993586993043,0.028124046653444614,-0.021267704261951226,-0.0060516842022708475,0.0007394741928440901,0.00013714023069556078,0.0,0.0,4.0
-16.238119059529765,3.9999993613741895,0.02812404757106189,-0.021267705726967966,-0.006051684651413114,0.0007394747619254595,0.00013714057307123928,0.0,0.0,4.0
-16.218109054527265,3.999999363944279,0.028124048435407712,-0.021267707203666688,-0.00605168511601681,0.0007394753486550587,0.00013714094274713283,0.0,0.0,4.0
-16.198099049524764,3.9999993664527516,0.028124049267648835,-0.021267708694822092,-0.006051685600081003,0.0007394759484500319,0.00013714133681683144,0.0,0.0,4.0
-16.17808904452226,3.999999368935151,0.028124050085217647,-0.02126771020270677,-0.006051686106989073,0.000739476557402783,0.0001371417530048095,0.0,0.0,4.0
-16.15807903951976,3.9999993714207416,0.028124050902473784,-0.021267711729187733,-0.006051686639628001,0.000739477172130523,0.00013714218955328963,0.0,0.0,4.0
-16.138069034517258,3.9999993739337416,0.02812405173130861,-0.021267713275810445,-0.006051687200493136,0.0007394777896397106,0.0001371426451170451,0.0,0.0,4.0
-16.118059029514757,3.999999376494433,0.028124052581686584,-0.021267714843870494,-0.006051687791778516,0.0007394784072057731,0.00013714311866717865,0.0,0.0,4.0
-16.098049024512257,3.999999379120129,0.028124053462122094,-0.021267716434473703,-0.006051688415453462,0.0007394790222677474,0.00013714360940410232,0.0,0.0,4.0
-16.078039019509756,3.999999381826025,0.02812405438009404,-0.02126771804858559,-0.006051689073326506,0.0007394796323368901,0.00013714411667922275,0.0,0.0,4.0
-16.058029014507255,3.9999993846259203,0.02812405534240369,-0.021267719687071494,-0.00605168976709801,0.0007394802349180122,0.00013714463992443827,0.0,0.0,4.0
-16.03801900950475,3.9999993875328443,0.028124056355480362,-0.02126772135072814,-0.006051690498402637,0.0007394808274422778,0.0001371451785884444,0.0,0.0,4.0
-16.01800900450225,3.999999390559582,0.02812405742564302,-0.021267723040308103,-0.006051691268843138,0.0007394814072101588,0.00013714573207858355,0.0,0.0,4.0
-15.99799899949975,3.9999993937191256,0.02812405855932248,-0.021267724756537654,-0.006051692080016297,0.0007394819713435598,0.00013714629970732297,0.0,0.0,4.0
-15.977988994497249,3.999999397025058,0.02812405976325118,-0.02126772650012901,-0.006051692933532159,0.000739482516746245,0.00013714688064238306,0.0,0.0,4.0
-15.957978989494748,3.9999994004918746,0.028124061044624567,-0.021267728271787557,-0.006051693831027087,0.0007394830400720886,0.00013714747385997042,0.0,0.0,4.0
-15.937968984492247,3.9999994041352567,0.02812406241123673,-0.02126773007221438,-0.006051694774171158,0.000739483537701016,0.00013714807810085564,0.0,0.0,4.0
-15.917958979489745,3.999999407972293,0.028124063871593268,-0.021267731902104195,-0.006051695764670111,0.000739484005722638,0.00013714869182921262,0.0,0.0,4.0
-15.897948974487242,3.9999994120216598,0.0281240654350014,-0.021267733762139345,-0.006051696804261943,0.0007394844399280845,0.00013714931319476023,0.0,0.0,4.0
-15.877938969484742,3.9999994163037447,0.028124067111635613,-0.02126773565297927,-0.0060516978947079665,0.0007394848358106435,0.000137149939998887,0.0,0.0,4.0
-15.857928964482241,3.9999994208407252,0.02812406891257828,-0.021267737575245894,-0.006051699037778274,0.0007394851885759111,0.0001371505696657059,0.0,0.0,4.0
-15.83791895947974,3.999999425656586,0.028124070849831782,-0.02126773952950462,-0.006051700235231238,0.00073948549316231,0.00013715119921929106,0.0,0.0,4.0
-15.81790895447724,3.9999994307770677,0.028124072936298643,-0.02126774151624123,-0.006051701488786958,0.0007394857442728153,0.00013715182526855078,0.0,0.0,4.0
-15.797898949474737,3.9999994362295523,0.02812407518572601,-0.02126774353583447,-0.006051702800094406,0.000739485936418597,0.0001371524440011966,0.0,0.0,4.0
-15.777888944472236,3.99999944204286,0.02812407761261114,-0.02126774558852465,-0.006051704170692288,0.0007394860639750601,0.00013715305118829887,0.0,0.0,4.0
-15.757878939469734,3.9999994482469643,0.028124080232063826,-0.02126774767437866,-0.00605170560196381,0.0007394861212506491,0.00013715364220096273,0.0,0.0,4.0
-15.737868934467233,3.9999994548726154,0.028124083059623623,-0.021267749793251703,-0.006051707095085607,0.0007394861025681709,0.00013715421204026358,0.0,0.0,4.0
-15.717858929464732,3.999999461950868,0.028124086111029963,-0.021267751944746543,-0.006051708650971616,0.0007394860023581605,0.00013715475538146472,0.0,0.0,4.0
-15.697848924462232,3.9999994695125185,0.02812408940194618,-0.021267754128171265,-0.006051710270212819,0.0007394858152631312,0.00013715526663296278,0.0,0.0,4.0
-15.677838919459731,3.9999994775874472,0.028124092947638058,-0.02126775634249644,-0.00605171195301403,0.000739485536251157,0.0001371557400101225,0.0,0.0,4.0
-15.657828914457228,3.9999994862038855,0.028124096762610986,-0.021267758586313155,-0.006051713699129419,0.0007394851607366185,0.00013715616962347945,0.0,0.0,4.0
-15.637818909454728,3.9999994953876086,0.028124100860212067,-0.021267760857793284,-0.006051715507798516,0.0007394846847053636,0.0001371565495801792,0.0,0.0,4.0
-15.617808904452225,3.999999505161078,0.028124105252205225,-0.021267763154653677,-0.006051717377684964,0.0007394841048410374,0.00013715687409688194,0.0,0.0,4.0
-15.597798899449725,3.9999995155425534,0.02812410994832968,-0.021267765474125976,-0.006051719306820205,0.0007394834186489721,0.00013715713762173947,0.0,0.0,4.0
-15.577788894447224,3.999999526545198,0.028124114955854342,-0.021267767812933654,-0.00605172129255464,0.0007394826245736107,0.00013715733496242978,0.0,0.0,4.0
-15.557778889444723,3.9999995381762057,0.02812412027914219,-0.021267770167278006,-0.006051723331518679,0.0007394817221052824,0.0001371574614166584,0.0,0.0,4.0
-15.537768884442222,3.999999550435988,0.028124125919239767,-0.02126777253283473,-0.0060517254195961,0.0007394807118721382,0.00013715751290118553,0.0,0.0,4.0
-15.51775887943972,3.9999995633174414,0.028124131873509157,-0.021267774904762234,-0.006051727551911964,0.0007394795957130993,0.00013715748607498454,0.0,0.0,4.0
-15.49774887443722,3.9999995768053394,0.028124138135316938,-0.021267777277722926,-0.006051729722836919,0.0007394783767281717,0.00013715737845226,0.0,0.0,4.0
-15.477738869434717,3.999999590875874,0.028124144693796614,-0.0212677796459178,-0.0060517319260093875,0.0007394770593028097,0.00013715718850086482,0.0,0.0,4.0
-15.457728864432216,3.999999605496375,0.0281241515336995,-0.021267782003135092,-0.006051734154376672,0.0007394756491037604,0.00013715691572198195,0.0,0.0,4.0
-15.437718859429715,3.9999996206252355,0.02812415863534388,-0.021267784342812273,-0.0060517364002552095,0.0007394741530448098,0.00013715656070755153,0.0,0.0,4.0
-15.417708854427215,3.999999636212053,0.028124165974673015,-0.02126778665811092,-0.006051738655409708,0.0007394725792216375,0.00013715612517235822,0.0,0.0,4.0
-15.397698849424714,3.9999996521980075,0.028124173523427668,-0.02126778894200312,-0.006051740911150118,0.0007394709368160982,0.0001371556119585542,0.0,0.0,4.0
-15.377688844422211,3.9999996685164674,0.028124181249433663,-0.021267791187367685,-0.006051743158444696,0.0007394692359715157,0.0001371550250114905,0.0,0.0,4.0
-15.357678839419709,3.9999996850938278,0.028124189117002308,-0.021267793387093926,-0.006051745388046657,0.0007394674876414587,0.00013715436932657844,0.0,0.0,4.0
-15.337668834417208,3.9999997018505566,0.028124197087437044,-0.02126779553419046,-0.0060517475906314965,0.0007394657034156435,0.0001371536508680862,0.0,0.0,4.0
-15.317658829414707,3.9999997187024308,0.028124205119633778,-0.021267797621896078,-0.006051749756941261,0.0007394638953275432,0.0001371528764619068,0.0,0.0,4.0
-15.297648824412207,3.9999997355619303,0.028124213170760037,-0.02126779964378974,-0.0060517518779319305,0.0007394620756489725,0.00013715205366527711,0.0,0.0,4.0
-15.277638819409706,3.999999752339747,0.028124221196994564,-0.021267801593896303,-0.006051753944919699,0.0007394602566774806,0.0001371511906172835,0.0,0.0,4.0
-15.257628814407203,3.999999768946369,0.028124229154305222,-0.021267803466785085,-0.006051755949721898,0.0007394584505227706,0.00013715029587489772,0.0,0.0,4.0
-15.237618809404703,3.999999785293692,0.028124236999241624,-0.021267805257658298,-0.006051757884788428,0.0007394566688984565,0.00013714937823976008,0.0,0.0,4.0
-15.2176088044022,3.999999801296605,0.02812424468971922,-0.021267806962426705,-0.006051759743319858,0.0007394549229251228,0.00013714844658114418,0.0,0.0,4.0
-15.1975987993997,3.9999998168745057,0.028124252185769832,-0.021267808577770265,-0.006051761519368785,0.0007394532229503995,0.000137147509660796,0.0,0.0,4.0
-15.177588794397199,3.9999998319527013,0.028124259450236663,-0.02126781010118224,-0.006051763207921627,0.0007394515783909764,0.00013714657596505372,0.0,0.0,4.0
-15.157578789394698,3.999999846463643,0.02812426644939213,-0.021267811530995485,-0.006051764804958694,0.0007394499976007451,0.00013714565354937011,0.0,0.0,4.0
-15.137568784392197,3.999999860347974,0.02812427315346148,-0.021267812866390484,-0.006051766307491259,0.0007394484877680802,0.00013714474989963665,0.0,0.0,4.0
-15.117558779389695,3.9999998735553506,0.028124279537039755,-0.021267814107385312,-0.0060517677135751066,0.000739447054844188,0.00013714387181387708,0.0,0.0,4.0
-15.097548774387194,3.9999998860450243,0.028124285579389893,-0.02126781525480817,-0.0060517690223007604,0.0007394457035034887,0.00013714302530730023,0.0,0.0,4.0
-15.077538769384692,3.9999998977861773,0.028124291264618753,-0.021267816310253845,-0.006051770233761601,0.0007394444371356247,0.0001371422155423683,0.0,0.0,4.0
-15.057528764382191,3.999999908758003,0.028124296581730702,-0.021267817276025856,-0.00605177134900161,0.0007394432578676268,0.00013714144678462264,0.0,0.0,4.0
-15.03751875937969,3.99999991894955,0.028124301524561912,-0.02126781815506656,-0.0060517723699451565,0.0007394421666139395,0.00013714072238411005,0.0,0.0,4.0
-15.01750875437719,3.9999999283593377,0.028124306091604562,-0.02126781895087764,-0.006051773299311831,0.0007394411631509888,0.0001371400447811987,0.0,0.0,4.0
-14.997498749374689,3.9999999369947785,0.02812431028573107,-0.021267819667433633,-0.006051774140519409,0.0007394402462125399,0.00013713941553489045,0.0,0.0,4.0
-14.977488744372186,3.999999944871423,0.028124314113834623,-0.021267820309091384,-0.006051774897578559,0.0007394394136014307,0.00013713883537089564,0.0,0.0,4.0
-14.957478739369684,3.9999999520120766,0.02812431758640163,-0.02126782088049799,-0.006051775574982734,0.0007394386623131797,0.00013713830424634115,0.0,0.0,4.0
-14.937468734367183,3.9999999584458097,0.028124320717033104,-0.021267821386499932,-0.006051776177596609,0.0007394379886669374,0.00013713782142769684,0.0,0.0,4.0
-14.917458729364682,3.999999964206911,0.02812432352193458,-0.021267821832055556,-0.006051776710546298,0.0007394373884392499,0.00013713738557814145,0.0,0.0,4.0
-14.897448724362182,3.999999969333811,0.028124326019391688,-0.02126782222215324,-0.006051777179114227,0.0007394368569965704,0.0001371369948507707,0.0,0.0,4.0
-14.87743871935968,3.9999999738680123,0.028124328229247382,-0.0212678225617365,-0.006051777588640978,0.0007394363894228819,0.00013713664698423422,0.0,0.0,4.0
-14.857428714357178,3.9999999778530615,0.0281243301723971,-0.021267822855637702,-0.006051777944436235,0.000739435980639259,0.0001371363393974848,0.0,0.0,4.0
-14.837418709354678,3.999999981333581,0.028124331870313733,-0.021267823108521006,-0.006051778251700156,0.0007394356255129075,0.00013713606928094271,0.0,0.0,4.0
-14.817408704352175,3.999999984354386,0.028124333344612864,-0.021267823324835185,-0.006051778515456192,0.0007394353189538648,0.00013713583368171365,0.0,0.0,4.0
-14.797398699349674,3.999999986959703,0.02812433461666743,-0.021267823508776332,-0.006051778740495873,0.0007394350559980633,0.00013713562958095517,0.0,0.0,4.0
-14.777388694347174,3.999999989192499,0.02812433570727494,-0.02126782366426026,-0.0060517789313354635,0.0007394348318762929,0.0001371354539622141,0.0,0.0,4.0
-14.757378689344673,3.9999999910939246,0.028124336636382054,-0.021267823794904144,-0.0060517790921842595,0.0007394346420689341,0.0001371353038697938,0.0,0.0,4.0
-14.737368684342172,3.9999999927028766,0.028124337422865967,-0.021267823904016648,-0.006051779226923714,0.0007394344823469753,0.00013713517645690243,0.0,0.0,4.0
-14.71735867933967,3.999999994055672,0.028124338084370537,-0.02126782399459556,-0.006051779339096474,0.0007394343488001923,0.0001371350690236634,0.0,0.0,4.0
-14.697348674337169,3.9999999951858256,0.028124338637194962,-0.021267824069332048,-0.006051779431904187,0.000739434237853581,0.00013713497904535186,0.0,0.0,4.0
-14.677338669334667,3.9999999961239294,0.028124339096229915,-0.021267824130620384,-0.006051779508212827,0.0007394341462734883,0.00013713490419162022,0.0,0.0,4.0
-14.657328664332166,3.9999999968976123,0.02812433947493567,-0.02126782418057202,-0.006051779570564192,0.0007394340711649044,0.000137134842337588,0.0,0.0,4.0
-14.637318659329665,3.999999997531574,0.028124339785356393,-0.02126782422103303,-0.006051779621192312,0.0007394340099615025,0.00013713479156787973,0.0,0.0,4.0
-14.617308654327164,3.999999998047679,0.028124340038163928,-0.021267824253603903,-0.00605177966204349,0.0007394339604099273,0.0001371347501747037,0.0,0.0,4.0
-14.597298649324664,3.999999998465093,0.028124340242725823,-0.021267824279660782,-0.006051779694798903,0.000739433920549743,0.00013713471665103142,0.0,0.0,4.0
-14.577288644322161,3.9999999988004578,0.02812434040719053,-0.021267824300377415,-0.0060517797208986795,0.000739433888690412,0.00013713468968003142,0.0,0.0,4.0
-14.557278639319659,3.99999999906808,0.02812434053858699,-0.02126782431674721,-0.006051779741566775,0.0007394338633862371,0.00013713466812150763,0.0,0.0,4.0
-14.537268634317158,3.9999999992801367,0.02812434064293255,-0.021267824329604803,-0.006051779757835816,0.0007394338434103062,0.0001371346509963001,0.0,0.0,4.0
-14.517258629314657,3.999999999446872,0.028124340725347002,-0.021267824339646982,-0.006051779770571628,0.000739433827728016,0.0001371346374691668,0.0,0.0,4.0
-14.497248624312157,3.9999999995767834,0.028124340790171717,-0.02126782434745262,-0.006051779780497183,0.0007394338154704245,0.00013713462683044876,0.0,0.0,4.0
-14.477238619309656,3.9999999996767843,0.028124340841094782,-0.021267824353501955,-0.006051779788216153,0.0007394338059073605,0.00013713461847646052,0.0,0.0,4.0
-14.457228614307153,3.9999999997523186,0.02812434088128481,-0.021267824358195263,-0.006051779794236531,0.0007394337984197401,0.00013713461188820546,0.0,0.0,4.0
-14.437218609304653,3.999999999807419,0.028124340913540727,-0.021267824361871728,-0.006051779798995213,0.000739433792469843,0.000137134606607315,0.0,0.0,4.0
-14.41720860430215,3.999999999844672,0.028124340940471067,-0.021267824364829588,-0.006051779802885459,0.0007394337875672487,0.00013713460220709733,0.0,0.0,4.0
-14.39719859929965,3.9999999998650475,0.028124340964721755,-0.021267824367349347,-0.006051779806289763,0.0007394337832269807,0.00013713459825557195,0.0,0.0,4.0
-14.377188594297149,3.9999999998675344,0.028124340989284183,-0.021267824369722636,-0.006051779809622379,0.0007394337789142501,0.0001371345942652954,0.0,0.0,4.0
-14.357178589294648,3.9999999998484745,0.02812434101793348,-0.021267824372291095,-0.00605177981338808,0.0007394337739671859,0.0001371345896219509,0.0,0.0,4.0
-14.337168584292147,3.9999999998004543,0.028124341055869313,-0.021267824375501343,-0.006051779818266761,0.0007394337674846208,0.00013713458347971064,0.0,0.0,4.0
-14.317158579289645,3.999999999710533,0.028124341110668544,-0.021267824379985523,-0.006051779825238593,0.0007394337581595721,0.00013713457460537006,0.0,0.0,4.0
-14.297148574287144,3.9999999995574793,0.028124341193712335,-0.021267824386681424,-0.0060517798357713785,0.0007394337440295245,0.00013713456114449317,0.0,0.0,4.0
-14.277138569284642,3.999999999307534,0.02812434132232645,-0.021267824397012705,-0.0060517798521022865,0.0007394337221008925,0.00013713454027014204,0.0,0.0,4.0
-14.25712856428214,3.999999998907999,0.028124341522979827,-0.021267824413159806,-0.006051779877660897,0.0007394336877855086,0.00013713450765694759,0.0,0.0,4.0
-14.23711855927964,3.9999999982776404,0.02812434183603953,-0.021267824438465394,-0.0060517799177017325,0.000739433634058972,0.00013713445669783538,0.0,0.0,4.0
-14.21710855427714,3.999999997292463,0.02812434232279489,-0.021267824478038388,-0.0060517799802444405,0.0007394335502112939,0.0001371343773449977,0.0,0.0,4.0
-14.197098549274639,3.9999999957648025,0.028124343075755124,-0.021267824539647484,-0.006051780077461532,0.0007394334200056076,0.00013713425440763238,0.0,0.0,4.0
-14.177088544272136,3.9999999934128794,0.028124344233630468,-0.02126782463503361,-0.006051780227711472,0.0007394332189850455,0.00013713406507124127,0.0,0.0,4.0
-14.157078539269634,3.999999989816825,0.028124346002950714,-0.02126782478182299,-0.006051780458493978,0.0007394329105648261,0.00013713377531177315,0.0,0.0,4.0
-14.137068534267133,3.9999999843557164,0.028124348689006307,-0.021267825006293577,-0.006051780810711562,0.0007394324404074559,0.00013713333475504175,0.0,0.0,4.0
-14.117058529264632,3.9999999761181697,0.028124352739766892,-0.021267825347343988,-0.0060517813447650915,0.0007394317283928048,0.00013713266936865736,0.0,0.0,4.0
-14.097048524262132,3.999999963776452,0.028124358807702473,-0.02126782586214148,-0.006051782149201845,0.0007394306572487507,0.00013713167115954518,0.0,0.0,4.0
-14.07703851925963,3.999999945410695,0.02812436783608694,-0.02126782663409548,-0.006051783352885401,0.0007394290565857237,0.00013713018377152007,0.0,0.0,4.0
-14.057028514257128,3.999999918265465,0.02812438117848597,-0.021267827784023065,-0.0060517851419828825,0.000739426680660677,0.00013712798251927082,0.0,0.0,4.0
-14.037018509254628,3.999999878415402,0.02812440076283924,-0.021267829485660666,-0.006051787783485855,0.0007394231776595097,0.00013712474693870885,0.0,0.0,4.0
-14.017008504252125,3.999999820309681,0.02812442931495939,-0.021267831987042855,-0.006051791657518322,0.0007394180476048173,0.00013712002335836978,0.0,0.0,4.0
-13.996998499249624,3.9999997361563224,0.02812447066053608,-0.021267835639737546,-0.006051797301364747,0.0007394105851368177,0.00013711317427821912,0.0,0.0,4.0
-13.976988494247124,3.9999996150965766,0.028124530130018286,-0.021267840938516306,-0.006051805469003421,0.0007393998023427829,0.00013710331045327462,0.0,0.0,4.0
-13.956978489244623,3.9999994421063274,0.02812461509723963,-0.021267848574776236,-0.0060518172109902445,0.0007393843254831938,0.00013708920048948167,0.0,0.0,4.0
-13.936968484242122,3.999999196545254,0.028124735690568798,-0.021267859507944343,-0.006051833980845682,0.0007393622578334041,0.00013706915143289018,0.0,0.0,4.0
-13.91695847923962,3.999998850254849,0.028124905724971082,-0.021267875060222714,-0.006051857775700478,0.0007393309988721614,0.00013704085222964404,0.0,0.0,4.0
-13.896948474237119,3.999998365082594,0.02812514391497556,-0.02126789704141392,-0.006051891320910423,0.0007392870076363126,0.00013700117000340741,0.0,0.0,4.0
-13.876938469234616,3.9999976896808156,0.02812547544260707,-0.02126792791225354,-0.006051938310729661,0.0007392254951371591,0.0001369458867704934,0.0,0.0,4.0
-13.856928464232116,3.999996755393517,0.028125933971530584,-0.021267970996740403,-0.006052003720035659,0.000739140027176008,0.00013686936138955486,0.0,0.0,4.0
-13.836918459229615,3.9999954710005667,0.02812656422011094,-0.021268030756498205,-0.006052094205680423,0.0007390220145105938,0.00013676409805055706,0.0,0.0,4.0
-13.816908454227114,3.9999937160318915,0.02812742523381502,-0.02126811314338854,-0.006052218620554404,0.000738860061781909,0.00013662019814250216,0.0,0.0,4.0
-13.796898449224614,3.999991332287903,0.028128594534764594,-0.02126822605069292,-0.006052388669312564,0.0007386391393573148,0.0001364246663740847,0.0,0.0,4.0
-13.776888444222111,3.99998811309654,0.028130173378095185,-0.021268379888599073,-0.006052619742561362,0.000738339532439195,0.00013616053376420698,0.0,0.0,4.0
-13.75687843921961,3.9999837896920107,0.028132293415957903,-0.021268588316980006,-0.006052931976910696,0.0007379355084141781,0.00013580574865351575,0.0,0.0,4.0
-13.736868434217108,3.9999780139129224,0.028135125161802277,-0.02126886917796958,-0.006053351602147465,0.0007373936257532528,0.00013533177157544653,0.0,0.0,4.0
-13.716858429214607,3.999970336081847,0.028138888812504086,-0.02126924568282056,-0.00605391265258287,0.0007366705818409674,0.0001347017755691557,0.0,0.0,4.0
-13.696848424212106,3.99996017581435,0.028143868536037404,-0.021269747906935157,-0.00605465908874136,0.0007357104572757193,0.000133868142232864,0.0,0.0,4.0
-13.676838419209606,3.9999467818778456,0.02815043213451927,-0.02127041446356025,-0.006055646847092091,0.0007344413593403018,0.0001327678195679415,0.0,0.0,4.0
-13.656828414207105,3.9999291835119886,0.028159054866178312,-0.021271293139868388,-0.006056942511000327,0.0007327729691501243,0.00013131010145994083,0.0,0.0,4.0
-13.636818409204603,3.9999060941711555,0.028170376834239633,-0.021272335844950762,-0.00605838115205533,0.0007307884653054784,0.00012818960393588165,0.0,0.0,4.0
-13.6168084042021,3.9998759258002052,0.028185257486049893,-0.021273069433146392,-0.006058799237046159,0.0007294060318265629,0.00011652153408565816,0.0,0.0,4.0
-13.5967983991996,3.9998374317814327,0.028204583452349424,-0.02127270528724863,-0.0060562326303604365,0.0007303058701360346,8.059415686325682e-05,0.0,0.0,3.0
-13.576788394197099,3.9997900590154063,0.028228609060706008,-0.021271924883428293,-0.006051939219651241,0.0007323109275905298,3.41906155299409e-05,0.0,0.0,4.0
-13.556778389194598,3.9997331549590327,0.02825725667261608,-0.02127223779400706,-0.006049220819118318,0.0007320821960435287,0.0,0.0,0.0,3.0
-13.536768384192097,3.999665183545798,0.028290649427089743,-0.02127472052247321,-0.006050496234683149,0.0007268457267659425,0.0,0.0,0.0,3.0
-13.516758379189595,3.9995842185115067,0.028329971207061707,-0.021278199393472995,-0.006052901685194634,0.0007194931606080666,0.0,0.0,0.0,3.0
-13.496748374187094,3.999488165296965,0.028376625547366363,-0.021282815169611,-0.0060566744771922915,0.0007101390323051528,0.0,0.0,0.0,3.0
-13.476738369184591,3.9993738138675834,0.02843242452412687,-0.021289153111992937,-0.006063236079390458,0.0006978794565008194,0.0,0.0,0.0,3.0
-13.45672836418209,3.9992371770964406,0.028499316037456184,-0.021297667179612928,-0.00607365270403663,0.0006819393624350335,0.0,0.0,0.0,3.0
-13.43671835917959,3.999073770070443,0.02857930838889995,-0.021308578268862254,-0.006088260624968215,0.0006619680936901263,0.0,0.0,0.0,3.0
-13.41670835417709,3.998878658928878,0.028674581150317638,-0.02132206319489852,-0.006107148296632128,0.0006377620194927052,0.0,0.0,0.0,3.0
-13.396698349174589,3.9986465315334443,0.02878758666498913,-0.02133841899694063,-0.006130647764919695,0.000608960123948901,0.0,0.0,0.0,3.0
-13.376688344172086,3.9983717353074404,0.028921051543087817,-0.021358076777847505,-0.006159407730271276,0.0005749899461249269,0.0,0.0,0.0,3.0
-13.356678339169585,3.9980482650706244,0.02907796466132646,-0.021381553985778266,-0.006194252802968414,0.0005351406744942448,0.0,0.0,0.0,3.0
-13.336668334167083,3.9976697406439863,0.029261548771445312,-0.021409425417143517,-0.006236082899358014,0.000488620291039114,0.0,0.0,0.0,3.0
-13.316658329164582,3.997229351676612,0.02947520196725838,-0.021442315946621448,-0.0062858491464089315,0.0004345832311034358,0.0,0.0,0.0,3.0
-13.296648324162081,3.9967198383446347,0.02972244226343788,-0.02148090130562543,-0.006344563164123157,0.0003721427540428901,0.0,0.0,0.0,3.0
-13.27663831915958,3.9961335546225865,0.030006879733904236,-0.021525909961216172,-0.006413307076279063,0.0003003747031400995,0.0,0.0,0.0,3.0
-13.25662831415708,3.995462600229567,0.03033221163284519,-0.021578123257603343,-0.006493232350589991,0.00021832008183007522,0.0,0.0,0.0,3.0
-13.236618309154577,3.9946989689756323,0.03070221660546594,-0.02163837280836557,-0.006585549820526274,0.0001249927643978596,0.0,0.0,0.0,3.0
-13.216608304152075,3.9938346693386326,0.031120727384944518,-0.021707535028049924,-0.006691516267540104,1.9394268446883508e-05,0.0,0.0,0.0,3.0
-13.196598299149574,3.9928618061364483,0.03159157739821839,-0.021786523433077975,-0.006812420192166252,-9.946673428096982e-05,0.0,0.0,0.0,3.0
-13.176588294147074,3.9917726367758353,0.03211853256443355,-0.021876279670498468,-0.0069495664694002954,-0.00023255410563891048,0.0,0.0,0.0,3.0
-13.156578289144573,3.990559628006026,0.032705223390894204,-0.021977762388102375,-0.007104253976125038,-0.0003807847260051549,0.0,0.0,0.0,3.0
-13.136568284142072,3.989215581685816,0.033355064323086145,-0.0220919232535071,-0.007277715237947134,-0.0005449983127219861,0.0,0.0,0.0,3.0
-13.11655827913957,3.9877339196257298,0.03407111745154513,-0.022219623418125597,-0.007470901991596695,-0.0007258382030223445,0.0,0.0,0.0,3.0
-13.096548274137069,3.986109134836138,0.03485586769842359,-0.022361321755117715,-0.007683750610941259,-0.0009231537573681974,0.0,0.0,0.0,3.0
-13.076538269134566,3.984337415753769,0.035710837098907586,-0.022516014967909923,-0.00791289903219397,-0.0011335152249234482,0.0,0.0,0.0,3.0
-13.056528264132066,3.98241752396389,0.03663622948936159,-0.022678013277907028,-0.00814519762208765,-0.001341720850128377,0.0,0.0,0.0,3.0
-13.036518259129565,3.980358693739062,0.03763509858100094,-0.022827784126066557,-0.008340172641915765,-0.0014948542982085441,-0.0003294112512222069,-0.00019688481557808392,0.0,3.0
-13.016508254127064,3.9781731807677807,0.038698203359562984,-0.022988950607831123,-0.00854122710966041,-0.001655315031880856,-0.0006836949370832519,-0.0003289618375536766,0.0,3.0
-12.996498249124564,3.9758642145433956,0.03982132073702062,-0.023167722376412514,-0.008762524862821041,-0.0018325300367948744,-0.0010171606256815546,-0.00043957616242422344,0.0,3.0
-12.976488244122061,3.973434603627482,0.04099936583702271,-0.023366783681478397,-0.009011724318915929,-0.0020309244886618063,-0.0012368498598430216,-0.000520295347204833,0.0,3.0
-12.95647823911956,3.97088581351361,0.04223197823006838,-0.023577538616709085,-0.009270142075088009,-0.0022266469270688753,-0.001413212899654476,-0.0006109380190268775,-9.526643418401222e-05,4.0
-12.936468234117058,3.9682206148164667,0.04351727050617559,-0.023803001986957725,-0.00954257998627883,-0.002425455103967021,-0.001604653165209037,-0.0007247643262129178,-9.58047772690185e-05,4.0
-12.916458229114557,3.96544168873016,0.044856132220125446,-0.024043592282319715,-0.009826613667683098,-0.0026308923098018436,-0.0017976989987387104,-0.000842339877208836,-9.727227988604967e-05,5.0
-12.896448224112056,3.9625514419574404,0.04624877559222786,-0.02430067092029125,-0.01012297595257348,-0.0028482953627336407,-0.001973259731587923,-0.0009503891352374812,-0.00013145193104652052,5.0
-12.876438219109556,3.959553371902536,0.04769464092008648,-0.024574465575010373,-0.010431426649624539,-0.003077972789669194,-0.0021169516038216795,-0.001043624461036433,-0.00022508334960095886,5.0
-12.856428214107055,3.9564501898005315,0.0491922440616832,-0.024867216761308788,-0.01075779743888911,-0.00332197604875108,-0.0022464877785908894,-0.0011283265074908603,-0.00033644017483434006,5.0
-12.836418209104552,3.953241767414866,0.050739868687347846,-0.02518088397990429,-0.011107362533443601,-0.0035816346100753472,-0.0023845908296869344,-0.0012117120231763302,-0.00042101884190172016,5.0
-12.81640820410205,3.9499285381851927,0.05233570790702047,-0.025515694832922653,-0.011480470736099967,-0.003855963168730536,-0.002537051252449801,-0.001295394662801171,-0.00047290199520252105,6.0
-12.79639819909955,3.9465118880333114,0.0539780183260754,-0.025871163687036906,-0.011875239578233526,-0.0041434678174684,-0.002698955866173955,-0.0013779534279896662,-0.0005033988335236579,6.0
-12.776388194097049,3.9429951239500634,0.05566512591318714,-0.02624677610945659,-0.012289681466606034,-0.004442710887887937,-0.002863242219104536,-0.001457068060328031,-0.0005265479698036631,6.0
-12.756378189094548,3.9393827773494565,0.057395431503953875,-0.02664244335409848,-0.012723121944836747,-0.0047528060490988665,-0.003027667433824903,-0.0015316893976419959,-0.0005461103405661579,6.0
-12.736368184092047,3.9356800994481467,0.059167323829528475,-0.027058170605021678,-0.013175321346953098,-0.005072845266322272,-0.0031925736923586506,-0.0016014180537457009,-0.0005621606318488602,6.0
-12.716358179089545,3.9318924738222396,0.060979009747319665,-0.02749391913733833,-0.013645972866436349,-0.0054018763579108875,-0.0033586237939309807,-0.0016661358548717134,-0.0005741196471249985,6.0
-12.696348174087044,3.9280249454676444,0.06282837895344011,-0.027949584604089934,-0.014134574400728336,-0.005738997582933907,-0.0035257324969327946,-0.0017258141598762917,-0.000581867082761467,6.0
-12.676338169084541,3.9240820393331335,0.06471298804101888,-0.028425013389354603,-0.014640486435814714,-0.006083380081905438,-0.0036930915098886937,-0.0017804294893138863,-0.0005857729228130032,6.0
-12.65632816408204,3.9200678934084543,0.0666301805337722,-0.02892002187947558,-0.015163024049497691,-0.0064342328753342745,-0.003859645608616205,-0.001829947947483942,-0.0005863609789659011,6.0
-12.63631815907954,3.9159865733540555,0.06857728227513597,-0.029434409473304744,-0.015701513110537496,-0.0067907720813287255,-0.0040244762966261186,-0.0018743440864806454,-0.0005840556066044904,6.0
-12.61630815407704,3.9118423650555805,0.07055177540729117,-0.0299679647569909,-0.016255303830015402,-0.00715221849904367,-0.004186915161087667,-0.0019136238665669863,-0.0005791293763372698,6.0
-12.596298149074538,3.907639889974468,0.07255137645954317,-0.030520465560126334,-0.016823760492052742,-0.007517809732875475,-0.0043464766630799505,-0.0019478338689062405,-0.0005717669171960108,6.0
-12.576288144072036,3.903384012196169,0.07457400439034943,-0.031091674434928752,-0.017406245336748942,-0.007886806989173187,-0.004502755291250942,-0.001977054316482207,-0.0005621344787862264,6.0
-12.556278139069535,3.8990796192901045,0.07661768039903363,-0.031681332560240125,-0.01800210577442057,-0.00825849075562657,-0.004655363936166098,-0.002001383526952303,-0.0005504075487846115,6.0
-12.536268134067033,3.8947313995979296,0.07868042168475259,-0.032289155520627943,-0.01861066780413087,-0.008632152110303281,-0.004803917930816341,-0.0020209232795648964,-0.0005367650837375276,6.0
-12.516258129064532,3.8903437108364964,0.08076017772154742,-0.03291483311326795,-0.019231235789584425,-0.009007088274262904,-0.004948041566488037,-0.002035771175748979,-0.0005213755022314239,6.0
-12.496248124062031,3.885920577131458,0.0828548287768226,-0.03355803314650269,-0.019863097395673705,-0.00938260568225502,-0.005087379050665463,-0.0020460214123149637,-0.0005043902485063038,6.0
-12.47623811905953,3.8814657929966008,0.08496223685277107,-0.03421840736391536,-0.020505531313842605,-0.0097580279966519,-0.005221603622457325,-0.0020517715582153507,-0.0004859470942966651,6.0
-12.45622811405703,3.876983071468557,0.08708031813695924,-0.034895596946518434,-0.021157814792929587,-0.010132703975326856,-0.005350424019069913,-0.0020531307707734635,-0.0004661779574938996,6.0
-12.436218109054527,3.872476163414852,0.0892071005185416,-0.035589235629091776,-0.021819228570372624,-0.010506011164435131,-0.00547358758278601,-0.0020502249085898004,-0.0004452153188198052,6.0
-12.416208104052025,3.867948898898215,0.09134074143697808,-0.036298949845774,-0.022489058399534505,-0.010877354296367589,-0.005590878840877769,-0.0020431960581287797,-0.00042319406628808293,6.0
-12.396198099049524,3.863405145312703,0.09347950332862989,-0.03702435673030803,-0.023166594105054446,-0.011246160041272005,-0.005702113624128424,-0.0020321969752677407,-0.000400248838270919,6.0
-12.376188094047023,3.8588487168068073,0.09562170414392808,-0.037765061578863245,-0.023851128059099256,-0.011611871123176671,-0.005807130809850698,-0.002017383287841732,-0.00037650906958260766,6.0
-12.356178089044523,3.8542832863147227,0.09776566912556893,-0.03852065629035376,-0.024541954801542892,-0.01197394251047175,-0.005905784824143086,-0.0019989069435996662,-0.00035209450957203654,6.0
-12.336168084042022,3.8497123412696386,0.09990970494893149,-0.039290719537720044,-0.02523837251774734,-0.012331840950958083,-0.005997941371242953,-0.0019769132806211594,-0.00032711321884091763,6.0
-12.31615807903952,3.8451391968987187,0.10205210324899933,-0.040074818465364995,-0.025939685883881188,-0.01268504740849956,-0.0060834770465096515,-0.001951542063991636,-0.0003016625719681712,6.0
-12.296148074037019,3.8405670528720375,0.10419116566434031,-0.04087251102060378,-0.026645209005559067,-0.013033060751774976,-0.0061622817034576,-0.0019229309754438429,-0.00027583231639167967,6.0
-12.276138069034516,3.835999062185826,0.1063252341492095,-0.041683347881932564,-0.027354267151410833,-0.013375400790018937,-0.006234261681439046,-0.0018912191956543508,-0.0002497078429612908,6.0
-12.256128064032016,3.83143837908049,0.10845271195968714,-0.042506873362218284,-0.028066196735847943,-0.013711609475924392,-0.006299342747661631,-0.0018565491317942759,-0.00022337168760587736,6.0
-12.236118059029515,3.826888163190484,0.11057207014721791,-0.043342625429617386,-0.028780344249622256,-0.01404125039267776,-0.006357473799801267,-0.0018190655571354588,-0.0001969014419624375,6.0
-12.216108054027014,3.8223515374676387,0.11268184375907941,-0.04419013569796565,-0.029496065980153023,-0.014363907700303463,-0.006408635246483295,-0.0017789124541745522,-0.0001703618119310361,6.0
-12.196098049024513,3.817831524143345,0.11478062323780217,-0.04504893036041041,-0.030212730528940676,-0.014679185685776207,-0.006452857457911653,-0.0017362280149827703,-0.00014378763374113882,6.0
-12.176088044022011,3.813331003750277,0.1168670400533458,-0.04591853208881952,-0.03092972423353234,-0.014986708753157014,-0.006490250037420525,-0.0016911384619471381,-0.00011715704289094289,6.0
-12.15607803901951,3.8088527368045284,0.11893974169506503,-0.04679846068475297,-0.03164645432391021,-0.015286119847222389,-0.006521023224528083,-0.0016437539651064383,-9.036940372551476e-05,6.0
-12.136068034017008,3.8043994476163383,0.12099735901660999,-0.047688226854511136,-0.03236233440109713,-0.015577073200023198,-0.006545438120715782,-0.0015941745680395673,-6.328682797929745e-05,5.0
-12.116058029014507,3.799973918488656,0.12303848320459711,-0.04858730889815379,-0.033076720507099824,-0.01585921093705554,-0.006563552545656213,-0.0015425075753345717,-3.600069056187562e-05,5.0
-12.096048024012006,3.7955790283925985,0.1250616732687567,-0.04949509723434708,-0.0337887504479516,-0.016132092007269446,-0.00657458254786669,-0.0014888422347752344,-9.765310728473878e-06,5.0
-12.076038019009506,3.7912177332593147,0.12706550340687708,-0.050410811452229434,-0.03449710002086263,-0.016395034686847193,-0.006575962956337349,-0.0014330098127048902,9.82831677097399e-06,5.0
-12.056028014007005,3.786892979500661,0.12904855630485107,-0.05133368254750678,-0.03520039388915824,-0.01664737709103108,-0.006564522204617462,-0.0013745246825613304,1.8852005111635685e-05,5.0
-12.036018009004502,3.7826077934192166,0.13100960304100037,-0.05226288663916053,-0.03589724179402423,-0.01688814396134478,-0.006537730435066153,-0.0013126284273773188,0.0,6.0
-12.016008004002002,3.778364868615028,0.13294708144024722,-0.05319954053694248,-0.03659119294576972,-0.017120176730714535,-0.006509488754987821,-0.0012517601540377654,0.0,6.0
-11.9959979989995,3.774165946224968,0.1348596915464587,-0.05414410147911083,-0.03728433877421612,-0.017345075036224566,-0.006489088636220708,-0.0011941285069646374,5.0399262103865165e-05,5.0
-11.975987993996998,3.7700129341260964,0.13674674996669453,-0.05509427586493164,-0.03797196495736153,-0.017559283129386774,-0.006463825152395827,-0.001135742608256294,9.556343441033155e-05,5.0
-11.955977988994498,3.7659082800336945,0.13860708578226688,-0.05604899355552103,-0.03865193041236583,-0.017761986764025687,-0.006427563842867904,-0.0010763250233132623,0.00013349375243148728,5.0
-11.935967983991997,3.7618542859684996,0.14043974502777334,-0.05700697983105487,-0.03932151958944492,-0.017951738318467518,-0.006372134521357292,-0.0010144095268958457,0.0001446213818697111,5.0
-11.915957978989494,3.757853346699747,0.1422437552505755,-0.057967472365839795,-0.03997936628805998,-0.01812799485954925,-0.006294102396220734,-0.0009495470465013468,0.00012099151686325808,5.0
-11.895947973986994,3.7539076686742767,0.14401810342059712,-0.05893054543854772,-0.040626320819228706,-0.018291410698696806,-0.0061975486331388874,-0.0008812892573062094,7.503804203962944e-05,5.0
-11.875937968984493,3.750019444270368,0.14576208080384742,-0.0598962984754031,-0.041263912843063376,-0.018442326582095884,-0.006091368287688242,-0.0008091394639394578,0.0,6.0
-11.85592796398199,3.746190154531603,0.14747430499520744,-0.060867617447990796,-0.04190096973442777,-0.01858701905045238,-0.0060093317104021795,-0.000742155292451634,0.0,6.0
-11.83591795897949,3.7424199712444217,0.1491541172335373,-0.06184418386637806,-0.042538306698707354,-0.018725718700536534,-0.00595792494180529,-0.000680876634866713,9.093280714993588e-05,5.0
-11.81590795397699,3.7387099042513405,0.1508015551260974,-0.06282167119840418,-0.043166183700528785,-0.01885159892411192,-0.005907525925403906,-0.0006188410357381989,0.00016910839924829844,5.0
-11.795897948974487,3.7350617106023933,0.15241580963394488,-0.06379850319695957,-0.043780624937134666,-0.01896370419426841,-0.005843174628912776,-0.0005572126645225718,0.00023185789878669313,5.0
-11.775887943971986,3.731476731561013,0.15399650066109796,-0.06477304427425111,-0.044377300502891084,-0.01906019244742748,-0.0057476208540817985,-0.0004933090746417276,0.0002430344508596322,5.0
-11.755877938969485,3.727956476544218,0.1555431313817795,-0.06574484667883285,-0.04495515023008788,-0.019141258230885312,-0.005615891178064071,-0.00042679232405445287,0.00019502204547546136,5.0
-11.735867933966984,3.72450225910687,0.15705505749616067,-0.06671477452859349,-0.04551689149854596,-0.019208921239497405,-0.005457041947918639,-0.00035738402214348115,0.00011276197388936119,5.0
-11.715857928964482,3.7211154097484482,0.15853192476487768,-0.06768354281889202,-0.046065938025024726,-0.01926463877129858,-0.005286997408403911,-0.0002852795543311204,0.0,6.0
-11.695847923961981,3.717796192639854,0.15997247607952172,-0.06865448216063058,-0.04661269910216384,-0.019315977207816554,-0.005146405509657617,-0.00022247553742464136,0.0,5.0
-11.67583791895948,3.7145443971974625,0.16137741276587778,-0.06962371842806454,-0.04714945479663772,-0.0193559215061296,-0.005015342033646517,-0.00015996804870255867,0.0,5.0
-11.655827913956978,3.711360973115549,0.16274647332048073,-0.0705901227977283,-0.04767395645146885,-0.0193835446039432,-0.004886522116598337,-9.728215537792873e-05,0.0,5.0
-11.635817908954477,3.7082460066089182,0.1640797507872307,-0.07155327591051092,-0.04818556555973102,-0.01939923678351391,-0.004756718094714175,-3.51164850365003e-05,0.0,5.0
-11.615807903951977,3.7051991289292943,0.16537752704342124,-0.07251294475629959,-0.048684154709647216,-0.019403623094485054,-0.004624299921715587,2.598450484316081e-05,0.0,4.0
-11.595797898949474,3.702219756582363,0.16664012934231606,-0.07346890249226856,-0.04916971848706357,-0.019397273714915265,-0.004488557678711378,8.57690407703198e-05,0.0,4.0
-11.575787893946973,3.6993071942543323,0.16786785534473198,-0.07442084431070382,-0.049642201494276006,-0.019380591034422103,-0.004349509668319568,0.00014420170092131952,0.0,5.0
-11.555777888944473,3.6964606615889637,0.16906097910076762,-0.07536836400493258,-0.050101437616490364,-0.019353780412346363,-0.004207743654898111,0.00020134650230668966,0.0,5.0
-11.535767883941972,3.6936793240565504,0.17021980848043342,-0.0763109870551531,-0.05054717434454989,-0.019316899415037368,-0.004064165846930353,0.0002572593045046664,0.0,5.0
-11.51575787893947,3.690962348512448,0.17134474648764605,-0.0772482372482138,-0.05097914855318663,-0.01926995958056383,-0.003919707616914896,0.00031192636884943274,0.0,5.0
-11.495747873936969,3.688308934634938,0.17243632166349596,-0.07817969823100497,-0.05139716521381155,-0.019213028780234447,-0.003775107609440357,0.00036526464874636085,0.0,5.0
-11.475737868934468,3.6857182798621007,0.17349517586189261,-0.07910503984670218,-0.05180113939580231,-0.019146286481125676,-0.0036308565100234454,0.00041717140229908427,0.0,5.0
-11.455727863931966,3.6831894930792175,0.17452202009551482,-0.08002400538945899,-0.05219109404402536,-0.019070015310501235,-0.003487320251491094,0.0004676001208891902,0.0,5.0
-11.435717858929465,3.680721516165841,0.17551758648996166,-0.0809363815202926,-0.05256714574867087,-0.0189845471807717,-0.003345030866569837,0.0005166545074975641,0.0,5.0
-11.415707853926964,3.6783131162321947,0.17648260800140564,-0.08184198946899858,-0.052929555341985755,-0.01889021070769701,-0.003205233476197634,0.0005647059085255281,0.0,5.0
-11.395697848924463,3.675962987442963,0.17741784296357288,-0.08274076967929818,-0.05327902174839543,-0.018787408076239895,-0.0030711354551625934,0.0006124266603018514,0.0,5.0
-11.37568784392196,3.673669945443335,0.1783241115297322,-0.0836331937129356,-0.05361777472319706,-0.018677389980247098,-0.00295141448002625,0.0006598024153677237,0.0,5.0
-11.35567783891946,3.6714316839816563,0.1792014312031109,-0.08452194678241018,-0.053953518001847584,-0.018566455744248422,-0.0028714376298754076,0.0006988160512047914,0.00011653807019833983,5.0
-11.33566783391696,3.669245876713441,0.18005167746914125,-0.08540217362363335,-0.05427516252317678,-0.0184464176275456,-0.0027967596665383794,0.000736021342463587,0.0002134157352445659,5.0
-11.315657828914457,3.6671117306097627,0.18087533947167195,-0.08627243600259753,-0.05457842780967766,-0.018316273398383216,-0.002708981319951964,0.0007685812184019862,0.0002889030477880469,5.0
-11.295647823911956,3.6650280123504504,0.1816733349437632,-0.08713143667815632,-0.05485885122234776,-0.01817439736494977,-0.0025851978010725937,0.0008010263848224133,0.000296059247827832,5.0
-11.275637818909455,3.6629935961865683,0.18244640083940902,-0.0879796148520321,-0.05511674441182346,-0.01802227243047541,-0.002420772397669613,0.0008341076834552883,0.00023080479398577923,5.0
-11.255627813906953,3.6610069719026654,0.18319517551552855,-0.08881896573114767,-0.05535728305467591,-0.017863535566730048,-0.0022302992659271144,0.0008691847250816683,0.00012663990968208455,6.0
-11.235617808904452,3.659066596088063,0.1839206612932219,-0.0896512898862964,-0.055586793610655175,-0.017701073750741248,-0.0020399057583207337,0.000906811282681722,0.0,5.0
-11.215607803901952,3.657170209677839,0.18462299998655318,-0.09048088581699507,-0.055818746564866316,-0.017543413663784188,-0.0019038230781655368,0.0009347423722326189,0.0,5.0
-11.19559779889945,3.6553146963658265,0.18530343393112825,-0.09130622012104872,-0.056051575574380126,-0.0173876935827721,-0.0018236601538938624,0.0009565504376266972,0.00010674943285099976,5.0
-11.175587793896948,3.653498769592645,0.18596350905290443,-0.09212218589370881,-0.05627315584861066,-0.017224978902460927,-0.001762187058271053,0.0009788640971577273,0.00019922726891158862,5.0
-11.155577788894448,3.6517220668695103,0.18660364037713578,-0.09292777069419243,-0.05647995979826588,-0.017054642010021583,-0.0017034942594078106,0.000998191215210162,0.00028206108316996756,5.0
-11.135567783891947,3.649983644222832,0.18722466811850166,-0.09372246992588772,-0.0566694646068554,-0.016876178670388667,-0.0016309385591243405,0.0010178731512838898,0.0003216336562775545,5.0
-11.115557778889444,3.6482823443428023,0.18782712837614948,-0.09450754498023857,-0.0568440690286731,-0.016692491737188418,-0.0015461038943000195,0.0010359447870543195,0.00034096756699157003,6.0
-11.095547773886944,3.646616580112261,0.1884117513495032,-0.09528386364815351,-0.057005946953433376,-0.01650541814216853,-0.0014527926216551313,0.0010516630490484066,0.00034924406629498097,6.0
-11.075537768884443,3.644984815143579,0.18897925520580736,-0.0960518737641802,-0.057156573820890164,-0.01631589880970449,-0.0013542384513056762,0.001065088317110181,0.00035090809569918467,6.0
-11.05552776388194,3.6433856299317835,0.18953031660830966,-0.0968117745437621,-0.05729691011028322,-0.016124419773531337,-0.0012528322690323914,0.0010765002669779632,0.0003484102705074124,5.0
-11.03551775887944,3.641817711622178,0.19006557821694597,-0.0975636385102987,-0.05742759566250761,-0.01593126632852641,-0.0011502790471554026,0.0010861624043300043,0.00034321458289668166,5.0
-11.015507753876939,3.6402798374153735,0.19058565611013947,-0.09830748115878231,-0.05754908135516329,-0.015736643217871955,-0.0010477828594289682,0.0010942684036108887,0.00033624049954119077,5.0
-10.995497748874438,3.6387708594758337,0.19109114255117743,-0.09904329814893306,-0.057661710486718656,-0.015540727186439347,-0.0009461922731068005,0.0011009504557819552,0.0003280850667973177,5.0
-10.975487743871936,3.637289692280474,0.1915826059135648,-0.09977108412583988,-0.057765767459182334,-0.015343688204001836,-0.0008461048403987269,0.0011063001435040302,0.0003191456564986465,6.0
-10.955477738869435,3.6358353031340336,0.19206058988372132,-0.10049084141203572,-0.057861506233488666,-0.015145696659370237,-0.0007479402927900407,0.0011103862644713945,0.00030969228338217946,6.0
-10.935467733866934,3.6344067058924545,0.1925256130646715,-0.10120258322467413,-0.05794916647040296,-0.014946924513938049,-0.0006519915527339989,0.0011132667065980224,0.00029991202977584243,6.0
-10.915457728864432,3.633002957190596,0.1929781692343689,-0.10190633403699405,-0.05802898224418372,-0.014747544081539797,-0.0005584603905945222,0.001114995309330909,0.00028993709030213565,6.0
-10.895447723861931,3.631623154231568,0.1934187281040939,-0.10260212855957984,-0.05810118633322562,-0.014547726101245722,-0.0004674825061779038,0.0011156253186462503,0.00027986280630646357,6.0
-10.87543771885943,3.630266433358474,0.1938477363477931,-0.10329001016690006,-0.05816601193504475,-0.01434763783263324,-0.0003791453070941245,0.0011152107827891746,0.00026975942021130483,6.0
-10.855427713856928,3.6289319689120387,0.19426561873123682,-0.10397002921866924,-0.058223692939537997,-0.014147441459282203,-0.00029350061310999006,0.0011138068168985344,0.0002596798194252157,6.0
-10.835417708854427,3.6276189721222347,0.19467277924795845,-0.10464224150550232,-0.05827446345131467,-0.013947292877489581,-0.000210573808933795,0.0011114693138621257,0.00024966468576985624,6.0
-10.815407703851927,3.626326689949672,0.1950696022299031,-0.10530670691985064,-0.058318556975243435,-0.013747340853460783,-0.0001303704917767627,0.0011082544339189582,0.00023974594840563574,6.0
-10.795397698849426,3.6250544038835604,0.1954564534349508,-0.10596348837959528,-0.05835620550601984,-0.013547726495058728,-5.2881338358456044e-05,0.0011042180502814412,0.00022994911658539405,6.0
-10.775387693846923,3.623801428728131,0.19583368112079647,-0.10661265099120004,-0.05838763865381039,-0.013348582974167144,2.1914303139800975e-05,0.001099415236693811,0.00022029486645281992,6.0
-10.755377688844423,3.622567111390545,0.19620161710319498,-0.10725426141913234,-0.058413082870382334,-0.013150035438257728,9.404574134644227e-05,0.001093899832846884,0.00021080012828240345,6.0
-10.735367683841922,3.621350829649434,0.19656057778011835,-0.10788838742082159,-0.058432760799393885,-0.012952201057924094,0.0001635489394683618,0.0010877240980476436,0.0002014788389241504,6.0
-10.71535767883942,3.620151990857849,0.19691086509478015,-0.10851509750703113,-0.05844689075178089,-0.012755189167704538,0.000230465003643791,0.001080938451074026,0.00019234247094828075,6.0
-10.695347673836919,3.618970030527201,0.19725276741609787,-0.10913446069286649,-0.05845568629635112,-0.012559101468709675,0.00029483903224109567,0.0010735912878596285,0.00018340041401724045,6.0
-10.675337668834418,3.617804410751843,0.1975865603309031,-0.10974654631222706,-0.05845935595222172,-0.012364032271983669,0.00035671923044335767,0.001065728865339862,0.00017466025906772483,6.0
-10.655327663831915,3.616654618475587,0.19791250735219643,-0.11035142387643412,-0.05845810296974401,-0.012170068769312354,0.0004161562193335756,0.0010573952391109715,0.00016612801912174534,6.0
-10.635317658829415,3.615520163674381,0.1982308605386364,-0.1109491629642226,-0.05845212518652862,-0.011977291321491435,0.0004732024899332282,0.0010486322445224902,0.0001578083095511201,6.0
-10.615307653826914,3.6144005775948918,0.19854186100527244,-0.11153983313228058,-0.05844161494100799,-0.011785773751867259,0.0005279119776378476,0.00103947951023848,0.00014970449596861325,6.0
-10.595297648824413,3.6132954113118303,0.1988457392489906,-0.11212350382682773,-0.05842675900329446,-0.011595583614801116,0.0005803397982906624,0.0010299744789074542,0.00014181877059688173,6.0
-10.57528764382191,3.612204235623425,0.19914271481616053,-0.11270024424251718,-0.058407738388543955,-0.011406782323425698,0.000630542447994098,0.0010201523709037952,0.00013415195458234757,6.0
-10.55527763881941,3.6111266390271672,0.19943299714875398,-0.11327012073434871,-0.05838472290216786,-0.01121942158058939,0.0006785920598570328,0.0010100440494169582,0.00012668489983322546,6.0
-10.53526763381691,3.610062214565732,0.19971679293731864,-0.11383317880051848,-0.05835782937265447,-0.01103351544258007,0.000724696860439299,0.0009996663852590924,0.00011921500616856006,6.0
-10.515257628814407,3.60901056384897,0.19999430704933524,-0.11438938915982924,-0.058326982939392764,-0.010848950134598122,0.0007696462281031884,0.0009890271322328867,0.00011070042191074944,6.0
-10.495247623811906,3.607971400653743,0.20026570487888806,-0.11493857986753254,-0.05829171116742038,-0.010665353114219669,0.0008155836858290513,0.0009782664387630675,9.762738842670644e-05,6.0
-10.475237618809405,3.606944763563027,0.20053107476202037,-0.11548050511607601,-0.0582512656977384,-0.010482165331182585,0.0008658687352576097,0.0009680371949020713,7.03190280619192e-05,5.0
-10.455227613806903,3.6059308632472784,0.20079030181567672,-0.1160156020134085,-0.058206547082343546,-0.010300095119264033,0.0009192133092056377,0.0009587361959876303,3.521224967587223e-05,6.0
-10.435217608804402,3.604929633287755,0.2010433895172485,-0.1165445289309619,-0.05815925939206896,-0.010120223216897225,0.0009703941577424917,0.0009496548774034291,0.0,5.0
-10.415207603801901,3.6039402861692063,0.20129033574417168,-0.1170683404056443,-0.058112272720835106,-0.009944500156976139,0.0010092459503102012,0.0009371396814855338,0.0,5.0
-10.3951975987994,3.602961782432477,0.20153173880501646,-0.11758606670987246,-0.058063287241175605,-0.009770798866339877,0.001043516138621556,0.0009241291665642409,0.0,5.0
-10.375187593796898,3.6019935512737087,0.2017679033170315,-0.11809761141983824,-0.05801188146931283,-0.009598945463003989,0.0010756998030890684,0.0009111002497044786,0.0,5.0
-10.355177588794398,3.60103508471756,0.20199919336311062,-0.11860302165425986,-0.057958137311274145,-0.009428970906150486,0.001105989616376692,0.0008982819186284222,0.0,5.0
-10.335167583791897,3.6000860889485673,0.2022258943929618,-0.11910232722713215,-0.05790218585975862,-0.00926077960352445,0.0011339093884506896,0.0008858473285833874,0.0,5.0
-10.315157578789394,3.5991463935093195,0.20244817135887122,-0.11959554879821811,-0.05784410304434469,-0.009094240793684807,0.0011592247026291022,0.0008738277162966686,0.0,5.0
-10.295147573786894,3.5982158251840053,0.20266610986011,-0.12008272806969146,-0.05778393828992621,-0.008929305384602203,0.0011821352130531588,0.0008621347132138692,0.0,5.0
-10.275137568784393,3.597294175039642,0.20287975949506218,-0.12056392915117545,-0.057721751462338794,-0.008766011846311463,0.0012030382603554106,0.000850653891942338,0.0,5.0
-10.25512756378189,3.5963812305385905,0.20308916307061003,-0.12103922186320541,-0.057657618400158414,-0.008604422326951891,0.0012222730331847979,0.0008393067877479916,0.0,5.0
-10.23511755877939,3.5954767966378616,0.2032943705902446,-0.12150867102882965,-0.05759162138094437,-0.008444574588668362,0.0012400417135114273,0.0008280559210680377,0.0,5.0
-10.215107553776889,3.594580696484996,0.20349544157375746,-0.12197233759320235,-0.057523844558657625,-0.008286477604705796,0.00125645378199331,0.0008168858557763304,0.0,5.0
-10.195097548774388,3.593692778530573,0.20369245012826387,-0.12243028371826974,-0.057454375870272995,-0.00813012795545865,0.001271583781392929,0.0008057884510030009,0.0,5.0
-10.175087543771886,3.5928129205927415,0.20388548758537528,-0.12288257476394251,-0.057383308051776535,-0.007975523085467808,0.0012855005975288872,0.000794757834001572,0.0,5.0
-10.155077538769385,3.59194101646882,0.20407465525884755,-0.12332927746194625,-0.0573107358321984,-0.007822664826091565,0.0012982742199843227,0.0007837904484023964,0.0,5.0
-10.135067533766884,3.5910769532371747,0.2042600519118943,-0.12377045703284968,-0.05723675169709592,-0.007671556548991581,0.0013099730873795104,0.0007728858977966819,0.0,5.0
-10.115057528764382,3.5902205942702032,0.20444176410311193,-0.12420617552807203,-0.05716144317889683,-0.007522199215779547,0.001320660429870314,0.0007620469638695864,0.0,5.0
-10.095047523761881,3.5893717769648803,0.20461986430112578,-0.12463649193699453,-0.057084892613080335,-0.007374589560590325,0.001330392760833934,0.000751278764975016,0.0,5.0
-10.07503751875938,3.588530322784443,0.20479441555818495,-0.12506146329845544,-0.057007178425596265,-0.007228720675675953,0.0013392202879006177,0.0007405875770625877,0.0,5.0
-10.055027513756878,3.5876960511886375,0.20496547832022127,-0.12548114585097722,-0.05692837657240314,-0.007084583657499531,0.001347188006420309,0.0007299797585590713,0.0,5.0
-10.035017508754377,3.586868790834645,0.20513311588864924,-0.1258955957366882,-0.05684856136395741,-0.0069421690178458366,0.0013543366344703483,0.0007194609549186487,0.0,5.0
-10.015007503751876,3.5860483857799084,0.20529739733787764,-0.12630486924316953,-0.05676780562259347,-0.006801467327252051,0.0013607032385870908,0.0007090356157711544,0.0,5.0
-9.994997498749376,3.585234696614754,0.2054583978450262,-0.12670902271799897,-0.05668618042490956,-0.006662469167572585,0.0013663217908779293,0.0006987068658064976,0.0,5.0
-9.974987493746873,3.5844275967576276,0.2056161965402071,-0.12710811225716515,-0.056603754665056315,-0.006525164698667867,0.001371223885242518,0.0006884767663567716,0.0,5.0
-9.954977488744372,3.5836269650210277,0.20577087244050288,-0.12750219326952691,-0.056520594611167235,-0.0063895431522803334,0.0013754395916966747,0.0006783468799039868,0.0,5.0
-9.934967483741872,3.58283267737388,0.20592249999104525,-0.12789132008406603,-0.05643676361326311,-0.006255592502233094,0.001378998204476601,0.0006683188868505733,0.0,5.0
-9.91495747873937,3.582044601653647,0.20607114618331152,-0.1282755457795295,-0.05635232208532846,-0.006123299449975281,0.0013819286220965788,0.0006583949650911168,0.0,5.0
-9.894947473736869,3.5812625975265746,0.2062168704653372,-0.1286549223133361,-0.05626732777530808,-0.005992649716461017,0.0013842592757244427,0.0006485777795221868,0.0,5.0
-9.874937468734368,3.580486521188607,0.2063597271845878,-0.12902950087199103,-0.056181836205688264,-0.005863628500929351,0.0013860177440845531,0.0006388701401560174,0.0,5.0
-9.854927463731865,3.579716232090794,0.20649976913685256,-0.12939933226586578,-0.0560959010997824,-0.005736220915710414,0.001387230311929533,0.0006292745352261505,0.0,5.0
-9.834917458729365,3.578951598512033,0.20663705054385625,-0.12976446719725052,-0.05600957463900573,-0.005610412246712672,0.0013879217015698203,0.0006197927641441485,0.0,5.0
-9.814907453726864,3.5781924998901142,0.20677162834877583,-0.13012495631552926,-0.05592290749233594,-0.005486187984639567,0.0013881150838835823,0.0006104258095328511,0.0,5.0
-9.794897448724363,3.577438825532326,0.20690356161712475,-0.13048085007700666,-0.05583594866237673,-0.0053635336697813694,0.0013878323369955964,0.0006011739642880167,0.0,5.0
-9.77488744372186,3.5766904708038765,0.20703290961021653,-0.13083219850140937,-0.05574874525855698,-0.005242434655957335,0.001387094425837402,0.0005920371265463249,0.0,5.0
-9.75487743871936,3.5759473326798523,0.20715972951791095,-0.1311790509422993,-0.05566134232013626,-0.005122875912355777,0.0013859217475684972,0.0005830151239278084,0.0,5.0
-9.73486743371686,3.57520930651801,0.2072840748279832,-0.13152145596572565,-0.05557378277496454,-0.005004841949175055,0.0013843343232869782,0.0005741079369423875,0.0,5.0
-9.714857428714357,3.57447628517411,0.20740599492633682,-0.13185946137507784,-0.0554861075540365,-0.004888316891089747,0.001382351794021397,0.0005653157496860831,0.0,5.0
-9.694847423711856,3.5737481604747794,0.20752553594093956,-0.1321931143548168,-0.05539835581522376,-0.004773284658156775,0.0013799932642150894,0.0005566388365458203,0.0,5.0
-9.674837418709355,3.5730248260736266,0.20764274231989888,-0.13252246165915393,-0.05531056518980727,-0.004659729173740018,0.0013772770928278904,0.0005480773608258938,0.0,5.0
-9.654827413706855,3.5723061802653193,0.20775765839333518,-0.13284754976218635,-0.05522277196692725,-0.004547634518054603,0.0013742207395359464,0.0005396311874533163,0.0,5.0
-9.634817408704352,3.5715921275522766,0.20787032928131557,-0.13316842491333822,-0.05513501116812932,-0.004436984979473735,0.0013708407345950915,0.0005312997913075166,0.0,5.0
-9.614807403701851,3.570882578452973,0.2079808008741315,-0.13348513308911872,-0.05504731651577679,-0.004327765004262616,0.0013671527793027293,0.0005230822912995954,0.0,5.0
-9.59479739869935,3.5701774478356643,0.20808911903020957,-0.13379771987603548,-0.05495972034123138,-0.0042199590860821845,0.0013631719291020716,0.0005149775846729016,0.0,5.0
-9.574787393696848,3.5694766526136217,0.2081953284298525,-0.13410623034250221,-0.05487225349578284,-0.004113551654185431,0.001358912784394899,0.000506984519326865,0.0,5.0
-9.554777388694347,3.568780109771516,0.20829947159596637,-0.13441070895405935,-0.054784945316803495,-0.004008527010688389,0.0013543896210632131,0.0004991020354900376,0.0,5.0
-9.534767383691847,3.5680877354263085,0.20840158845477025,-0.1347111995618453,-0.0546978236721669,-0.00390486934032356,0.0013496164253173192,0.0004913292293694406,0.0,5.0
-9.514757378689344,3.567399445125682,0.20850171654678049,-0.13500774546165104,-0.0546109150719378,-0.003802562784043488,0.0013446068391690697,0.0004836653279779481,0.0,5.0
-9.494747373686844,3.566715155080309,0.2085998917308994,-0.1353003894938585,-0.054524244811513994,-0.003701591543893498,0.0013393740560910907,0.0004761095998100198,0.0,5.0
-9.474737368684343,3.5660347837102777,0.20869614905649744,-0.13558917414280502,-0.05443783710301884,-0.0036019399787961845,0.0013339307195886774,0.0004686612468168092,0.0,5.0
-9.454727363681842,3.565358252856105,0.20879052346090943,-0.13587414160005115,-0.05435171516211565,-0.0035035926599151987,0.0013282888682959889,0.00046131932330208185,0.0,5.0
-9.43471735867934,3.5646854882301535,0.208883050067323,-0.1361553337748178,-0.05426590123888592,-0.003406534374065778,0.0013224599466615582,0.00045408270993208075,0.0,5.0
-9.414707353676839,3.5640164190387993,0.20897376404448065,-0.13643279225731036,-0.05418041660399807,-0.0033107500848988786,0.001316454872148969,0.00044695014544903383,0.0,5.0
-9.394697348674338,3.563350977032564,0.20906270016240486,-0.13670655825754902,-0.05409528151621884,-0.0032162248758791116,0.0013102841295460968,0.00043992029601755726,0.0,5.0
-9.374687343671836,3.562689095419709,0.2091498922733363,-0.1369766725480326,-0.054010515199894714,-0.0031229439019856363,0.0013039578570704557,0.0004329918306626332,0.0,5.0
-9.354677338669335,3.5620307080628657,0.20923537293974687,-0.13724317543255937,-0.05392613585223232,-0.0030308923692015156,0.0012974858975760867,0.00042616347370838455,0.0,5.0
-9.334667333666834,3.5613757492028575,0.20931917333945235,-0.1375061067498292,-0.05384216068510054,-0.0029400555468335806,0.001290877805865815,0.0004194340185430629,0.0,5.0
-9.314657328664332,3.5607241537089274,0.20940132344875143,-0.13776550590541276,-0.05375860599139639,-0.002850418803820042,0.0012841428217452728,0.000412802304692437,0.0,5.0
-9.294647323661831,3.5600758576448084,0.20948185239336362,-0.1380214119153303,-0.05367548721741039,-0.002761967651824483,0.0012772898306088727,0.0004062671746007138,0.0,5.0
-9.27463731865933,3.559430798843157,0.20956078880500828,-0.13827386344227915,-0.05359281902265029,-0.002674687777616146,0.00127032733509051,0.0003998274324268131,0.0,5.0
-9.25462731365683,3.558788917220636,0.2096381610416664,-0.13852289881130572,-0.05351061531606785,-0.002588565054032553,0.00126326345331908,0.0003934818233132352,0.0,5.0
-9.234617308654327,3.558150154708727,0.20971399720445422,-0.13876855600210178,-0.05342888926860297,-0.0025035855290461042,0.0012561059460633492,0.00038722904077754524,0.0,5.0
-9.214607303651826,3.5575144548503244,0.20978832497637379,-0.13901087262533235,-0.053347653311539615,-0.0024197354015419227,0.001248862262546251,0.00038106775735296546,0.0,5.0
-9.194597298649326,3.556881762244683,0.20986117137852625,-0.1392498858963566,-0.05326691913468625,-0.0023370009968497136,0.001241539587885835,0.00037499666460829304,0.0,5.0
-9.174587293646823,3.556252022065712,0.20993256256231924,-0.13948563261951988,-0.05318669769669887,-0.0022553687536896057,0.0012341448759710205,0.0003690145063342793,0.0,5.0
-9.154577288644322,3.5556251798260075,0.2100025237289289,-0.13971814919072884,-0.05310699925345076,-0.0021748252283135374,0.0012266848587585075,0.0003631200930284486,0.0,5.0
-9.134567283641822,3.555001181445153,0.21007107920739854,-0.13994747161811993,-0.05302783340239528,-0.002095357114182409,0.0012191660328060114,0.0003573122942201624,0.0,5.0
-9.11455727863932,3.5543799735588295,0.2101382526582903,-0.1401736355537324,-0.052949209134698444,-0.0020169512696498666,0.0012115946321341047,0.00035159001380082294,0.0,5.0
-9.094547273636818,3.5537615039239725,0.21020406732658162,-0.14039667632574598,-0.05287113488469443,-0.0019395947438965518,0.0012039766002384501,0.0003459521589821427,0.0,5.0
-9.074537268634318,3.5531457217602807,0.21026854625925728,-0.1406166289618708,-0.05279361856824264,-0.001863274793119387,0.0011963175724697887,0.00034039761415041156,0.0,5.0
-9.054527263631817,3.5525325779159767,0.2103317124279102,-0.14083352819885656,-0.05271666760644167,-0.0017879788834730978,0.0011886228744599537,0.00033492522718090936,0.0,5.0
-9.034517258629315,3.5519220248282215,0.21039358874017283,-0.14104740847868377,-0.05264028893659084,-0.0017136946823566599,0.0011808975355157804,0.00032953380980707564,0.0,5.0
-9.014507253626814,3.5513140163290093,0.21045419796642315,-0.1412583039364784,-0.052564489016114394,-0.0016404100432899458,0.0011731463107118169,0.00032422214805350217,0.0,5.0
-8.994497248624313,3.550708507395016,0.21051356263365686,-0.14146624838702584,-0.052489273826158034,-0.0015681129906569126,0.0011653737035471207,0.00031898901564640723,0.0,5.0
-8.97448724362181,3.5501054539413435,0.21057170493950114,-0.1416712753156585,-0.052414648879797,-0.0014967917090154244,0.0011575839826961723,0.00031383318353503734,0.0,5.0
-8.95447723861931,3.549504812720934,0.21062864671939724,-0.1418734178761337,-0.05234061923638855,-0.0014264345385186074,0.0011497811903773277,0.00030875342160236,0.0,5.0
-8.93446723361681,3.5489065413346266,0.210684409470046,-0.14207270889447923,-0.05226718952016039,-0.0013570299747483981,0.001141969144253048,0.00030374849274809266,0.0,5.0
-8.914457228614307,3.5483105983066223,0.21073901440561613,-0.1422691808751678,-0.05219436393903049,-0.0012885666692347747,0.00113415143775503,0.0002988171429971812,0.0,5.0
-8.894447223611806,3.547716943155509,0.21079248251005103,-0.1424628660052835,-0.05212214629955064,-0.0012210334267629152,0.0011263314443033827,0.00029395809283387934,0.0,5.0
-8.874437218609305,3.5471255363981764,0.21084483455245429,-0.14265379615358245,-0.05205054001552678,-0.0011544191970699776,0.0011185123291557123,0.0002891700342375973,0.0,5.0
-8.854427213606805,3.546536339455727,0.21089609104923562,-0.14284200286375454,-0.05197954811040122,-0.0010887130608842033,0.0011106970695715195,0.00028445163549633195,0.0,5.0
-8.834417208604302,3.5459493144709904,0.21094627217810505,-0.14302751734365898,-0.051909173215763625,-0.0010239042124222735,0.0011028884809805028,0.00027980155296850593,0.0,5.0
-8.814407203601801,3.5453644240792936,0.21099539766603775,-0.14321037045383783,-0.05183941756953386,-0.0009599819416136334,0.0010950892450577374,0.0002752184467598078,0.0,5.0
-8.7943971985993,3.5447816311864315,0.2110434866799382,-0.14339059269873514,-0.05177028301711815,-0.0008969356191549959,0.0010873019355498574,0.00027070099653519347,0.0,5.0
-8.774387193596798,3.5442008987982727,0.21109055774381344,-0.14356821422290086,-0.051701771017474536,-0.0008347546862686668,0.0010795290391226275,0.00026624791446772854,0.0,5.0
-8.754377188594297,3.543622189922147,0.21113662869347097,-0.1437432648126674,-0.051633882654231626,-0.0007734286493824445,0.0010717729706182623,0.00026185795408791154,0.0,5.0
-8.734367183591797,3.5430454675329006,0.21118171666529678,-0.14391577390214585,-0.051566618650541206,-0.0007129470785763738,0.0010640360839675221,0.00025752991567952867,0.0,5.0
-8.714357178589294,3.542470694577541,0.21122583810557125,-0.14408577058151772,-0.051499979385728985,-0.0006532996080462186,0.0010563206808877376,0.00025326265008408116,0.0,5.0
-8.694347173586793,3.5418978339881324,0.21126900878441224,-0.14425328360571393,-0.0514339649121368,-0.0005944759371212444,0.0010486290191998788,0.000249055062916975,0.0,5.0
-8.674337168584293,3.541326848682547,0.21131124380361424,-0.14441834140247917,-0.051368574971526165,-0.000536465831279296,0.001040963321413177,0.00024490612034692256,0.0,5.0
-8.654327163581792,3.540757701550711,0.2113525575971404,-0.14458097208000836,-0.05130380901151531,-0.000479259123641043,0.001033325782778071,0.00024081485621732293,0.0,5.0
-8.63431715857929,3.5401903554414855,0.21139296393228238,-0.1447412034352698,-0.05123966620324436,-0.0004228457181221444,0.0010257185769559194,0.00023678037902349008,0.0,5.0
-8.614307153576789,3.539624773174896,0.21143247592459505,-0.14489906296441554,-0.051176145461513264,-0.0003672155954936404,0.0010181438572245418,0.0002328018766144257,0.0,5.0
-8.594297148574288,3.539060917602746,0.21147110607885036,-0.14505457787624895,-0.05111324546802935,-0.00031235882304734614,0.0010106037517901285,0.00022887861667875777,0.0,5.0
-8.574287143571786,3.53849875172916,0.21150886636217064,-0.14520777510878813,-0.051050964697406984,-0.0002582655676320024,0.0010031003530192929,0.00022500994196924458,0.0,5.0
-8.554277138569285,3.5379382388863236,0.211545768306866,-0.14535868134791932,-0.05098930144458236,-0.00020492611088522483,0.0009956357017583798,0.00022119526044273854,0.0,5.0
-8.534267133566784,3.5373793429459623,0.21158182313263355,-0.14550732304637665,-0.050928253851687415,-0.00015233086486940306,0.0009882117689044134,0.0002174340315898408,0.0,5.0
-8.514257128564282,3.536822028538846,0.21161704187332606,-0.14565372644104063,-0.05086781993235874,-0.00010047038620451499,0.0009808304367517008,0.00021372575085669543,0.0,5.0
-8.494247123561781,3.536266261254734,0.21165143549351054,-0.14579791756686333,-0.050807997591896296,-4.933538715596971e-05,0.0009734934823433793,0.0002100699340967048,0.0,5.0
-8.47423711855928,3.5357120078024007,0.21168501498380865,-0.14593992226641828,-0.05074878464243482,1.083257204737754e-06,0.0009662025643193321,0.000206466103538606,0.0,5.0
-8.45422711355678,3.5351592361200113,0.21171779142966526,-0.14607976619486399,-0.05069017881306711,5.0794505944016536e-05,0.0009589592138924248,0.00020291377607722756,0.0,5.0
-8.434217108554277,3.534607915436052,0.2117497760535021,-0.14621747482075084,-0.05063217775543951,9.980715296008121e-05,0.0009517648298981333,0.00019941245407207892,0.0,5.0
-8.414207103551776,3.53405801628721,0.2117809802336,-0.14635307342343445,-0.050574779045610266,0.0001481298308149768,0.0009446206775072196,0.00019596161847283328,0.0,5.0
-8.394197098549276,3.533509510501096,0.21181141550397864,-0.1464865870878832,-0.0505179801829576,0.0001957710170879109,0.0009375278901552262,0.00019256072402914747,0.0,5.0
-8.374187093546773,3.5329623711496643,0.21184109353862238,-0.14661804069750436,-0.05046177858677225,0.00024273904276119767,0.0009304874743826615,0.0001892091964900814,0.0,5.0
-8.354177088544272,3.5324165724759196,0.21187002612185804,-0.14674745892541516,-0.050406171591026984,0.00028904210226616514,0.0009235003174045342,0.0001859064318840046,0.0,5.0
-8.334167083541772,3.5318720897944234,0.21189822510580528,-0.14687486622450593,-0.05035115643779439,0.00033468826481743673,0.0009165671971927862,0.0001826517980303245,0.0,5.0
-8.314157078539269,3.531328899366522,0.21192570235631758,-0.14700028681671426,-0.05029673026990858,0.0003796854865222364,0.0009096887946158403,0.00017944463828511184,0.0,5.0
-8.294147073536768,3.5307869782540036,0.2119524696906917,-0.14712374468212858,-0.05024289012367785,0.000424041622523758,0.0009028657068059147,0.00017628427718771594,0.0,5.0
-8.274137068534268,3.5302463041585903,0.21197853881292436,-0.14724526354874398,-0.050189632922644535,0.00046776443822239247,0.0008960984605540107,0.00017317002726475347,0.0,5.0
-8.254127063531767,3.529706855257262,0.21200392125446677,-0.14736486688379516,-0.050136955473459574,0.0005108616185106018,0.0008893875243050599,0.0001701011959055436,0.0,5.0
-8.234117058529264,3.529168610043231,0.21202862832942115,-0.1474825778875085,-0.050084854464840775,0.000553340774003501,0.0008827333173247268,0.00016707709106307926,0.0,5.0
-8.214107053526764,3.528631547178661,0.21205267111265222,-0.14759841948985802,-0.05003332647034779,0.0005952094434239227,0.0008761362148244207,0.0001640970245981831,0.0,5.0
-8.194097048524263,3.528095645358503,0.21207606044760136,-0.14771241435053717,-0.04998236795542029,0.0006364750915295751,0.0008695965481703219,0.00016116031232911763,0.0,5.0
-8.17408704352176,3.5275608831766254,0.21209880698843378,-0.14782458486200184,-0.04993197528890167,0.0006771451021481836,0.0008631145996329295,0.0001582662701748997,0.0,5.0
-8.15407703851926,3.527027238977747,0.21212092127930854,-0.14793495315520977,-0.04988214475920674,0.0007172267659341325,0.0008566905913405927,0.00015541420607937604,0.0,5.0
-8.134067033516759,3.526494690673501,0.2121424138725367,-0.14804354110765308,-0.04983287259541441,0.0007567272623583348,0.0008503246681398067,0.0001526034076053431,0.0,5.0
-8.114057028514257,3.525963215499833,0.2121632954870459,-0.14815037035347367,-0.04978415499382862,0.0007956536352614633,0.000844016874002046,0.00014983312521412812,0.0,5.0
-8.094047023511756,3.5254327896972004,0.21218357720794476,-0.14825546229580913,-0.04973598815080634,0.0008340127612078864,0.0008377671216387942,0.0001471025514138866,0.0,5.0
-8.074037018509255,3.524903388105935,0.21220327072542688,-0.14835883812195208,-0.04968836830268502,0.0008718113101260598,0.0008315751553795374,0.00014441079638010152,0.0,5.0
-8.054027013506754,3.524374983687597,0.2122223886050138,-0.14846051882227168,-0.04964129177320208,0.0009090556985852855,0.0008254405084347558,0.00014175686153826672,0.0,5.0
-8.034017008504252,3.5238475470073563,0.21224094457111842,-0.1485605252139736,-0.0495947550277351,0.0009457520376369705,0.0008193624574811802,0.00013913961395315102,0.0,5.0
-8.014007003501751,3.523321045733504,0.2122589537762635,-0.1486588779704622,-0.0495487547321903,0.000981906079014319,0.0008133399795054131,0.00013655776563869753,0.0,5.0
-7.9939969984992505,3.5227954442099723,0.21227643302864577,-0.14875559765613913,-0.04950328781320289,0.0010175231644072838,0.0008073717165236139,0.00013400986179314887,0.0,5.0
-7.973986993496748,3.5222707031213965,0.21229340096933996,-0.14885070476518575,-0.049458351516589005,0.001052608181073123,0.0008014559515059311,0.00013149427926526463,0.0,5.0
-7.953976988494247,3.5217467792248525,0.21230987821352426,-0.14894421976217917,-0.04941394346264511,0.0010871655240330335,0.0007955905946938537,0.00012900923275733288,0.0,5.0
-7.933966983491747,3.521223625180613,0.21232588743863146,-0.14903616312375711,-0.04937006169600781,0.0011211990672800774,0.000789773181446975,0.00012655278869004718,0.0,5.0
-7.913956978489246,3.5207011898455582,0.21234145322722253,-0.14912655538384367,-0.049326704715427355,0.0011547121667435016,0.0007840009049217613,0.00012412290675818473,0.0,5.0
-7.893946973486743,3.520179420038844,0.21235660113249294,-0.1492154171848965,-0.04928387143605374,0.0011877077657700217,0.0007782707562757326,0.00012171756959510856,0.0,5.0
-7.873936968484243,3.5196582653390336,0.21237135514768,-0.14930276932088188,-0.04924156098835458,0.0012201887357934397,0.0007725798931429631,0.00011933508964418386,0.0,5.0
-7.853926963481742,3.519137686759067,0.21238573314366344,-0.14938863269641145,-0.04919977222091329,0.001252158619218843,0.0007669263001941362,0.00011697458564078135,0.0,5.0
-7.833916958479239,3.5186176667998317,0.21239974161488823,-0.14947302794610612,-0.04915850273472344,0.001283623032567863,0.0007613094518721105,0.0001146360918548659,0.0,5.0
-7.813906953476739,3.518098214088062,0.21241337335135607,-0.14955597396140582,-0.049117746922449114,0.0013145929788728208,0.0007557299202761923,0.00011231804952223,0.0,5.0
-7.793896948474238,3.517579358618594,0.21242661017447168,-0.1496374834185096,-0.049077491014682006,0.0013450956994497702,0.000750186110116908,0.00011000542855856071,0.0,5.0
-7.7738869434717355,3.5170611488077124,0.21243942484776016,-0.14971755154390962,-0.04903770027596881,0.0013752093602884686,0.0007446670030360583,0.00010763197811705161,0.0,5.0
-7.753876938469235,3.516543671372516,0.21245177105998114,-0.14979613330692265,-0.04899829213407793,0.0014051515384117025,0.0007391448376364689,0.00010498359514615551,0.0,5.0
-7.733866933466734,3.516027089718488,0.21246356389353974,-0.14987310794038364,-0.04895909540425998,0.00143545002423307,0.000733585884135025,0.00010148666236142996,0.0,5.0
-7.713856928464233,3.5155116523153667,0.21247467846747617,-0.14994824256986614,-0.04891981281456332,0.0014671746980451936,0.0007280251015139028,9.577519394655444e-05,0.0,4.0
-7.693846923461731,3.5149976360182706,0.21248499767610243,-0.15002119511010303,-0.048880032410485726,0.0015020592275402313,0.0007227732592594901,8.470903769561451e-05,0.0,4.0
-7.67383691845923,3.5144852961543798,0.21249450604887477,-0.15009168982256352,-0.048839441185350406,0.0015418996186597,0.0007186920601357586,6.04831265832626e-05,0.0,4.0
-7.653826913456729,3.5139746672258014,0.2125031794295881,-0.1501604411567943,-0.048799048404821445,0.0015848712164730865,0.0007163327006450333,2.974478135861505e-05,0.0,5.0
-7.633816908454227,3.5134654287765446,0.2125111572662405,-0.15022848735192673,-0.04876008536273864,0.0016265310612948336,0.000714396941218347,0.0,0.0,4.0
-7.613806903451726,3.512956872847586,0.21251846532275237,-0.15029714089739027,-0.04872400935640045,0.0016602499975121542,0.0007087446776933192,0.0,0.0,4.0
-7.5937968984492255,3.51244842432622,0.2125255575518073,-0.15036512412618286,-0.04868893008581546,0.0016904631099482533,0.0007024226724224267,0.0,0.0,4.0
-7.573786893446723,3.511940079902543,0.2125324311816089,-0.15043206877949933,-0.04865442084162453,0.0017189836322760413,0.0006961586198926511,0.0,0.0,4.0
-7.553776888444222,3.5114317874610066,0.21253905952287308,-0.15049787532577033,-0.048620431365029,0.0017464920367886666,0.0006901310009967945,0.0,0.0,4.0
-7.5337668834417215,3.510923524495991,0.21254541407423688,-0.1505625126507218,-0.04858693969853725,0.0017731417978990695,0.0006844056063782295,0.0,0.0,4.0
-7.513756878439221,3.510415337122074,0.2125514863398295,-0.15062596483958385,-0.04855387913629922,0.0017988912861428932,0.000679001311928463,0.0,0.0,4.0
-7.493746873436718,3.509907331174528,0.21255729514420496,-0.15068822777778854,-0.04852116766873984,0.0018236981004876192,0.0006738910531241452,0.0,0.0,4.0
-7.473736868434218,3.5093996282590996,0.2125628711701863,-0.15074931305471703,-0.048488751600731995,0.0018475991116842618,0.0006690166690623931,0.0,0.0,4.0
-7.453726863431717,3.5088923171555684,0.21256823429241023,-0.1508092449155952,-0.048456623554744886,0.0018707046962045237,0.0006643154360858169,0.0,0.0,4.0
-7.433716858429214,3.508385433048855,0.2125733827791594,-0.1508680519618462,-0.04842481259794637,0.0018931538067403074,0.000659740120505764,0.0,0.0,4.0
-7.413706853426714,3.5078789703339712,0.2125782989183804,-0.15092575942947264,-0.04839336236078375,0.001915071101796553,0.0006552646356356758,0.0,0.0,4.0
-7.393696848424213,3.5073729085602223,0.21258296133001753,-0.15098238511083198,-0.04836231196467468,0.0019365450875522513,0.0006508792037986231,0.0,0.0,4.0
-7.37368684342171,3.50686722911989,0.21258735265897857,-0.1510379387169465,-0.048331685675650944,0.001957626252165162,0.0006465824840802012,0.0,0.0,4.0
-7.35367683841921,3.506361916612808,0.2125914595502256,-0.15109242339767437,-0.04830149052286122,0.0019783359762282357,0.0006423754162532992,0.0,0.0,4.0
-7.333666833416709,3.5058569533924913,0.2125952693278956,-0.15114583840330462,-0.048271719027585064,0.0019986780002227617,0.0006382578834241608,0.0,0.0,4.0
-7.313656828414208,3.505352316965037,0.21259876838086952,-0.1511981821045624,-0.04824235441643279,0.002018648133891971,0.0006342275077716957,0.0,0.0,4.0
-7.293646823411706,3.5048479827138,0.21260194345964958,-0.151249454601564,-0.04821337629790066,0.0020382408966156443,0.0006302796926930728,0.0,0.0,4.0
-7.273636818409205,3.5043439292504166,0.21260478438013572,-0.15129965935365772,-0.0481847653840448,0.002057453205394617,0.0006264082792845916,0.0,0.0,4.0
-7.253626813406704,3.50384014314711,0.2126072863779285,-0.15134880366958128,-0.04815650650754273,0.0020762857418977158,0.0006226063998853068,0.0,0.0,4.0
-7.233616808404202,3.5033366210970374,0.21260945107209725,-0.1513968982491968,-0.04812858983367602,0.0020947427886799552,0.0006188672746576476,0.0,0.0,4.0
-7.213606803401701,3.502833369139658,0.21261128585850034,-0.15144395614292364,-0.048101010657270626,0.002112831285809776,0.0006151848184105509,0.0,0.0,4.0
-7.1935967983992,3.502330399969528,0.21261280229223528,-0.15148999150405407,-0.04807376840174603,0.0021305596799484705,0.0006115540064341159,0.0,0.0,4.0
-7.173586793396698,3.5018277297588263,0.21261401423544074,-0.1515350183982415,-0.04804686538295621,0.002147936915093321,0.0006079710196117755,0.0,0.0,4.0
-7.153576788394197,3.50132537523894,0.21261493617571353,-0.15157904978617134,-0.048020305672431735,0.0021649717221004943,0.0006044332495911932,0.0,0.0,4.0
-7.1335667833916965,3.500823350874763,0.212615581627758,-0.1516220967011536,-0.04799409416436979,0.0021816722204383524,0.0006009392574748174,0.0,0.0,4.0
-7.113556778389196,3.500321665807544,0.21261596144154357,-0.151664167640363,-0.047968235836662106,0.0021980457453109267,0.0005974887273511695,0.0,0.0,4.0
-7.093546773386693,3.4998203209452643,0.2126160822131426,-0.15170526823400665,-0.0479427352004712,0.0022140987643434426,0.000594082378155036,0.0,0.0,4.0
-7.0735367683841925,3.499319307325666,0.21261594539358442,-0.15174540127013858,-0.04791759597474556,0.0022298367655635325,0.0005907217611599065,0.0,0.0,4.0
-7.053526763381692,3.498818606811525,0.21261554765861734,-0.1517845670897017,-0.04789282102525143,0.0022452640726404725,0.0005874089087480428,0.0,0.0,4.0
-7.033516758379189,3.4983181952478657,0.2126148826073399,-0.15182276425546004,-0.047868412558288685,0.002260383629280463,0.0005841458820103584,0.0,0.0,4.0
-7.013506753376689,3.4978180471207017,0.21261394327466354,-0.15185999031057804,-0.04784437249544862,0.0022751968415619006,0.0005809343277372169,0.0,0.0,4.0
-6.993496748374188,3.4973181402301097,0.21261272465846526,-0.15189624242815822,-0.047820702919187955,0.0022897035560952963,0.0005777751609877203,0.0,0.0,4.0
-6.973486743371685,3.496818459086393,0.21261122556435874,-0.1519315178091426,-0.04779740648201381,0.0023039022037029105,0.0005746684461100059,0.0,0.0,4.0
-6.953476738369185,3.496318996322342,0.21260944938237686,-0.15196581377340923,-0.04777448670222294,0.0023177900870753423,0.0005716134903403901,0.0,0.0,4.0
-6.933466733366684,3.4958197520091354,0.2126074037290536,-0.15199912756951217,-0.047751948109988916,0.0023313637569442637,0.0005686091152971246,0.0,0.0,4.0
-6.913456728364183,3.495320731226794,0.21260509913912112,-0.15203145598498422,-0.04772979624934179,0.0023446194060883817,0.0005656540389739228,0.0,0.0,4.0
-6.893446723361681,3.4948219405886016,0.21260254718087312,-0.15206279486907584,-0.04770803757721918,0.002357553209074871,0.0005627472825735213,0.0,0.0,4.0
-6.87343671835918,3.4943233846329242,0.21259975848660945,-0.15209313868344357,-0.04768667932142651,0.002370161547296757,0.0005598885149632305,0.0,0.0,4.0
-6.853426713356679,3.4938250629815024,0.2125967411835828,-0.1521224801738039,-0.04766572935788566,0.0023824410848791483,0.0005570782670325492,0.0,0.0,4.0
-6.833416708354177,3.4933269688740176,0.21259350005641547,-0.15215081021278437,-0.04764519614560838,0.002394388697034609,0.0005543179859893897,0.0,0.0,4.0
-6.813406703351676,3.492829089224232,0.2125900365227555,-0.1521781178153089,-0.04762508872694951,0.002406001286674734,0.0005516099424586583,0.0,0.0,4.0
-6.793396698349175,3.492331405906866,0.2125863492698125,-0.15220439028958943,-0.047605416775436546,0.002417275544942649,0.0005489570346580109,0.0,0.0,4.0
-6.773386693346673,3.491833897748164,0.2125824352728641,-0.15222961346941782,-0.047586190662557065,0.002428207711656633,0.000546362544548485,0.0,0.0,4.0
-6.753376688344172,3.49133654269505,0.21257829091827066,-0.15225377197613169,-0.04756742151752459,0.002438793377197873,0.0005438298930319536,0.0,0.0,4.0
-6.733366683341671,3.490839319789143,0.2125739130344787,-0.15227684947248574,-0.04754912126307258,0.002449027348318094,0.0005413624251851535,0.0,0.0,4.0
-6.713356678339171,3.490342210743818,0.21256929972479885,-0.15229882888580287,-0.0475313026184709,0.002458903585324363,0.0005389632423022677,0.0,0.0,4.0
-6.693346673336668,3.489845201033024,0.2125644509513378,-0.15231969258879333,-0.04751397906514097,0.002468415210004082,0.0005366350895504898,0.0,0.0,4.0
-6.6733366683341675,3.4893482804441973,0.21255936883891358,-0.15233942253335325,-0.047497164771816,0.002477554580157872,0.0005343803045981204,0.0,0.0,4.0
-6.653326663331667,3.488851443066298,0.21255405767609614,-0.152358000338161,-0.047480874478184935,0.002486313423691616,0.0005322008293557957,0.0,0.0,4.0
-6.633316658329164,3.4883546867192625,0.21254852361183743,-0.152375407337084,-0.04746512334023949,0.0024946830204888417,0.0005300982810295401,0.0,0.0,4.0
-6.613306653326664,3.4878580118954035,0.21254277408640881,-0.1523916246021768,-0.047449926746644465,0.002502654414154293,0.0005280740701725318,0.0,0.0,4.0
-6.593296648324163,3.4873614203610224,0.21253681708283048,-0.15240663296066254,-0.04743530012128544,0.0025102186304897804,0.0005261295448748086,0.0,0.0,4.0
-6.57328664332166,3.486864913632345,0.2125306603215707,-0.15242041302782697,-0.047421258730425256,0.0025173668777352027,0.0005242661347204945,0.0,0.0,4.0
-6.55327663831916,3.4863684915733315,0.21252431053384216,-0.15243294527616622,-0.04740781751225432,0.0025240907065785943,0.0005224854677313365,0.0,0.0,4.0
-6.533266633316659,3.485872151352924,0.2125177729338632,-0.1524442101554828,-0.0473949909419751,0.0025303821155378344,0.0005207894386122788,0.0,0.0,4.0
-6.513256628314158,3.485375886942484,0.21251105097265505,-0.15245418826988819,-0.04738279293797899,0.0025362335979809327,0.0005191802161135156,0.0,0.0,4.0
-6.493246623311656,3.484879689234536,0.21250414640410395,-0.15246286060735487,-0.04737123680596302,0.002541638138362249,0.0005176601891071313,0.0,0.0,4.0
-6.473236618309155,3.484383546736432,0.21249705963767196,-0.15247020880750994,-0.04736033521005494,0.0025465891746167956,0.0005162318625432225,0.0,0.0,4.0
-6.453226613306654,3.4838874466652867,0.21248979030022616,-0.15247621544584355,-0.04735010015499498,0.0025510805490436,0.0005148977235172872,0.0,0.0,4.0
-6.433216608304152,3.4833913761799074,0.21248233789006996,-0.15248086430920718,-0.04734054296223487,0.0025551064705025875,0.0005136601026658628,0.0,0.0,4.0
-6.413206603301651,3.4828953234622424,0.21247470238677027,-0.15248414063924517,-0.047331674225536156,0.0025586615066852457,0.0005125210563346322,0.0,0.0,4.0
-6.39319659829915,3.482399278415018,0.21246688468676653,-0.15248603132676583,-0.047323503737434096,0.0025617406178305726,0.0005114822905538092,0.0,0.0,4.0
-6.373186593296648,3.4819032328548376,0.21245888676983907,-0.15248652504927399,-0.04731604038541357,0.002564339234060997,0.0005105451394776566,0.0,0.0,4.0
-6.353176588294147,3.4814071802107005,0.21245071156220538,-0.1524856123535828,-0.047309292024389736,0.0025664533688707467,0.0005097105997227794,0.0,0.0,4.0
-6.333166583291646,3.480911114843794,0.21244236253668644,-0.15248328569337333,-0.047303265338807424,0.0025680797524754505,0.0005089794097453166,0.0,0.0,4.0
-6.313156578289146,3.4804150311604682,0.21243384315917913,-0.15247953943641265,-0.0472979657121789,0.002569215962271602,0.0005083521526763378,0.0,0.0,4.0
-6.293146573286643,3.479918922698912,0.21242515633032097,-0.15247436985742338,-0.04729339712298176,0.002569860525537687,0.0005078293551285183,0.0,0.0,4.0
-6.2731365682841425,3.4794227813524063,0.21241630396485195,-0.15246777513060075,-0.04728956208260842,0.0025700129735321178,0.0005074115561016113,0.0,0.0,4.0
-6.253126563281642,3.4789265968686305,0.21240728679841975,-0.1524597553311065,-0.04728646162348349,0.0025696738365958444,0.0005070993297495672,0.0,0.0,4.0
-6.233116558279139,3.478430356737126,0.21239810443305382,-0.15245031244834834,-0.047284095335139394,0.002568844584312417,0.0005068932605390147,0.0,0.0,4.0
-6.2131065532766385,3.4779340465275954,0.21238875556284845,-0.1524394504066206,-0.047282461436202856,0.0025675275281298237,0.0005067938834289582,0.0,0.0,4.0
-6.193096548274138,3.4774376506510403,0.2123792382920224,-0.15242717508238063,-0.047281556864713234,0.002565725710351605,0.0005068016089493913,0.0,0.0,4.0
-6.173086543271637,3.4769411533902677,0.2123695504776936,-0.1524134943039619,-0.047281377370409015,0.002563442799870535,0.0005069166504240471,0.0,0.0,4.0
-6.153076538269135,3.47644453993178,0.2123596900779987,-0.15239841782037414,-0.04728191759989285,0.0025606830034082886,0.000507138960606684,0.0,0.0,4.0
-6.133066533266634,3.4759477970966786,0.2123496555209874,-0.1523819572310374,-0.04728317117482486,0.0025574509883204296,0.0005074681750512762,0.0,0.0,4.0
-6.113056528264133,3.4754509135631926,0.21233944609590746,-0.15236412587601586,-0.04728513076891915,0.002553751807648081,0.0005079035575944823,0.0,0.0,4.0
-6.093046523261631,3.4749538795818276,0.212329062305065,-0.15234493869320473,-0.04728778818782586,0.0025495908244137283,0.0005084439523586518,0.0,0.0,4.0
-6.07303651825913,3.474456686411513,0.21231850604351887,-0.152324412051839,-0.04729113444805238,0.002544973646510265,0.000509087761281781,0.0,0.0,4.0
-6.053026513256629,3.4739593258193673,0.21230778045960416,-0.1523025635695544,-0.04729515984298311,0.002539906095022075,0.0005098329745340702,0.0,0.0,4.0
-6.033016508254127,3.4734617898983404,0.21229688943443753,-0.15227941191512573,-0.04729985398353602,0.0025343942256081655,0.0005106772723276275,0.0,0.0,4.0
-6.013006503251626,3.47296407119354,0.21228583678471177,-0.15225497659531134,-0.047305205812058264,0.0025284444005965936,0.0005116181891536209,0.0,0.0,4.0
-5.992996498249125,3.472466162844579,0.21227462545493803,-0.1522292777259574,-0.04731120360685919,0.0025220633777734195,0.0005126532976153359,0.0,0.0,4.0
-5.972986493246625,3.471968058352074,0.21226325701323498,-0.15220233579522688,-0.04731783501017698,0.0025152583599198255,0.0005137803497976238,0.0,0.0,4.0
-5.952976488244122,3.4714697507788568,0.21225173163758118,-0.15217417143626757,-0.04732508711207943,0.002508036955413285,0.0005149973265907503,0.0,0.0,4.0
-5.932966483241621,3.470971231622403,0.2122400485222186,-0.1521448052306547,-0.04733294660210303,0.002500407038357135,0.0005163023891864703,0.0,0.0,4.0
-5.912956478239121,3.4704724899772574,0.21222820639366727,-0.15211425755698937,-0.047341399967803795,0.0024923765488668683,0.0005176937797715616,0.0,0.0,4.0
-5.892946473236618,3.4699735126381848,0.21221620377095748,-0.15208254848191483,-0.04735043369389924,0.002483953308133838,0.0005191697464457478,0.0,0.0,4.0
-5.872936468234117,3.469474285350366,0.21220403880688601,-0.15204969767195975,-0.047360034415855345,0.002475144911974692,0.0005207285469524716,0.0,0.0,4.0
-5.852926463231617,3.4689747946915377,0.21219170890429281,-0.15201572429603807,-0.04737018901193998,0.002465958710451521,0.0005223685233102472,0.0,0.0,4.0
-5.832916458229114,3.4684750295351,0.21217921057084477,-0.15198064689789195,-0.04738088466133252,0.0024564018126894916,0.0005240881738660085,0.0,0.0,4.0
-5.8129064532266135,3.4679749811399296,0.21216653992275378,-0.15194448324196494,-0.04739210892260017,0.002446481024845538,0.0005258861309999851,0.0,0.0,4.0
-5.792896448224113,3.4674746417295768,0.2121536938274505,-0.1519072501604468,-0.047403849872308085,0.0024362026682382904,0.0005277610079101874,0.0,0.0,4.0
-5.772886443221612,3.466974002525368,0.2121406711183005,-0.15186896343566633,-0.04741609628929496,0.002425572320672747,0.000529711182241307,0.0,0.0,4.0
-5.7528764382191095,3.4664730528193317,0.2121274730236308,-0.1518296377322654,-0.047428837809373854,0.0024145946156169987,0.0005317346682491943,0.0,0.0,4.0
-5.732866433216609,3.465971781215475,0.21211410223755364,-0.15178928655764365,-0.0474420649554193,0.0024032732462586806,0.0005338292196127586,0.0,0.0,4.0
-5.712856428214108,3.4654701787006577,0.21210056087475784,-0.15174792220226038,-0.04745576899803365,0.002391611220385366,0.0005359926807601846,0.0,0.0,4.0
-5.692846423211606,3.4649682415834655,0.21208684843320433,-0.15170555561839202,-0.04746994170557835,0.0023796112410549883,0.0005382234266481921,0.0,0.0,4.0
-5.672836418209105,3.4644659717574733,0.2120729611986363,-0.15166219624201843,-0.047484575137225635,0.0023672759561749693,0.0005405206181455203,0.0,0.0,4.0
-5.652826413206604,3.463963372940741,0.21205889387515878,-0.1516178518238985,-0.047499661645589504,0.0023546078377641795,0.0005428840557378153,0.0,0.0,4.0
-5.632816408204102,3.463460444138719,0.2120446428257178,-0.15157252837011895,-0.04751519415293836,0.0023416086496172426,0.0005453136458311685,0.0,0.0,4.0
-5.612806403201601,3.4629571740648255,0.2120302089646824,-0.15152623026468703,-0.04753116658833255,0.0023282787476811653,0.0005478087827142822,0.0,0.0,4.0
-5.5927963981991,3.462453540773755,0.21201559805254727,-0.15147896055738222,-0.047547574228999995,0.002314616647599053,0.0005503681015923238,0.0,0.0,4.0
-5.5727863931965995,3.4619495183586966,0.21200081740607585,-0.15143072129397678,-0.04756441369059488,0.0023006192223397975,0.0005529899248841324,0.0,0.0,4.0
-5.552776388194097,3.4614450881440373,0.21198587036632902,-0.15138151371265335,-0.047581682495324615,0.002286282536669274,0.0005556733219139151,0.0,0.0,4.0
-5.532766383191596,3.4609402479995492,0.21197075186114292,-0.15133133818062702,-0.047599378428380044,0.002271602861675885,0.0005584192472492455,0.0,0.0,4.0
-5.512756378189096,3.4604350130554344,0.2119554485518036,-0.1512801938891997,-0.04761749909423068,0.0022565771416781575,0.000561231024024982,0.0,0.0,4.0
-5.492746373186593,3.4599294052705387,0.21193994481736922,-0.15122807848874872,-0.04763604204420897,0.00224120234501837,0.0005641136992613564,0.0,0.0,4.0
-5.472736368184092,3.459423436250959,0.21192423214936745,-0.15117498792746564,-0.047655005536598974,0.002225473719082601,0.0005670724597823617,0.0,0.0,4.0
-5.452726363181592,3.458917093538035,0.21190831648126998,-0.15112091669120523,-0.04767438955558253,0.002209382701218869,0.0005701110266093789,0.0,0.0,4.0
-5.432716358179089,3.4584103410760436,0.2118922177880016,-0.15106585842672826,-0.047694196415102766,0.0021929156472559664,0.000573231267062657,0.0,0.0,4.0
-5.412706353176588,3.457903137594989,0.21187596007051882,-0.1510098066472596,-0.04771443034419952,0.0021760542351927574,0.0005764347954284384,0.0,0.0,4.0
-5.392696348174088,3.457395464624162,0.21185955626680436,-0.150952755031394,-0.04773509594535704,0.0021587773882689935,0.0005797260976020171,0.0,0.0,4.0
-5.372686343171587,3.4568873463644816,0.21184299764577832,-0.15089469694219912,-0.0477561961226778,0.0021410634299414695,0.000583115373073437,0.0,0.0,4.0
-5.3526763381690845,3.4563788449934205,0.21182625643237082,-0.15083562432000863,-0.047777730619175195,0.002122890786274673,0.0005866189366038167,0.0,0.0,4.0
-5.332666333166584,3.4558700284977744,0.211809303115518,-0.15077552683506548,-0.04779969638629224,0.002104236193521581,0.0005902564011756501,0.0,0.0,4.0
-5.312656328164083,3.455360926459295,0.21179213010032671,-0.1507143925284826,-0.047822090423251244,0.002085070468997692,0.0005940464893151922,0.0,0.0,4.0
-5.292646323161581,3.4548515026027413,0.2117747663179985,-0.1506522103852005,-0.04784491416128197,0.002065352939768016,0.0005980052595905175,0.0,0.0,4.0
-5.27263631815908,3.454341671523144,0.21175726829248911,-0.150588973227436,-0.04786817612775141,0.00204502712612217,0.0006021491549250268,0.0,0.0,4.0
-5.252626313156579,3.453831361853151,0.211739686573958,-0.1505246775145147,-0.04789188865933518,0.002024022697966026,0.0006064997608827689,0.0,0.0,4.0
-5.232616308154077,3.453320587409313,0.21172202773248958,-0.15045931815726588,-0.04791605838933943,0.0020022693964090467,0.0006110822014213159,0.0,0.0,4.0
-5.212606303151576,3.4528094662996005,0.21170424268538282,-0.15039288268207598,-0.04794067936758617,0.001979720321749582,0.0006159135633668621,0.0,0.0,4.0
-5.192596298149075,3.452298157051661,0.21168625576758868,-0.15032535601849553,-0.04796574473953832,0.001956357889060894,0.0006209930911034111,0.0,0.0,4.0
-5.1725862931465745,3.451786749156907,0.21166801315689118,-0.15025674869144354,-0.04799128913879708,0.001932118338818064,0.0006263126068854482,0.0,0.0,4.0
-5.152576288144072,3.4512751948630522,0.21164950738537733,-0.15018716109911434,-0.04801746874656042,0.001906625725937033,0.000631858486335372,0.0,0.0,4.0
-5.132566283141571,3.4507633327965466,0.21163074886775432,-0.15011692239747593,-0.04804473219667821,0.0018785365500332192,0.0006373856278508528,0.0,0.0,4.0
-5.1125562781390705,3.4502506709345138,0.21161175061137702,-0.15004619353703427,-0.04807330645376109,0.001846743227339216,0.0006424931083644211,0.0,0.0,4.0
-5.092546273136568,3.4497366963110085,0.21159244051631115,-0.14997448793651205,-0.04810262230621979,0.0018126055655850483,0.0006469888641067146,0.0,0.0,4.0
-5.072536268134067,3.4492213507763108,0.2115726386528307,-0.14990116077285845,-0.04813200683481487,0.0017789118317791232,0.0006510346984788081,0.0,0.0,4.0
-5.052526263131567,3.4487047058655995,0.21155221201840768,-0.14982593187327664,-0.0481613315670154,0.0017475504031960476,0.0006551312235486887,0.0,0.0,4.0
-5.032516258129064,3.4481869425767333,0.21153076316329394,-0.14975021180310227,-0.04819273247736911,0.001713918270822614,0.0006572986470324049,3.8732188837386945e-05,0.0,4.0
-5.012506253126563,3.447668229114091,0.21150883310727103,-0.14967276627490148,-0.04822447055555004,0.0016821440343195698,0.0006595307605042699,7.430159784539382e-05,0.0,4.0
-4.992496248124063,3.4471487712547124,0.21148668864756864,-0.14959334525149,-0.048256107128827275,0.0016525626182114634,0.0006620472145857348,9.564190023775821e-05,0.0,4.0
-4.972486243121562,3.446628741334008,0.21146446918863548,-0.14951193668581864,-0.048287623041772795,0.0016254906105951437,0.0006668836681600326,9.807194602642778e-05,0.0,4.0
-4.9524762381190595,3.446108227692564,0.2114420640555803,-0.14942914136152546,-0.04831978866895078,0.0015980752726729801,0.0006718219070160932,0.00010036835981595291,0.0,5.0
-4.932466233116559,3.445587245982598,0.21141948858389692,-0.1493449483360825,-0.04835260042376441,0.0015701756983954663,0.0006768355821663118,0.00010265545616027219,0.0,5.0
-4.912456228114058,3.4450657770258104,0.21139673770767425,-0.14925933429129914,-0.04838606055694004,0.0015417461482372008,0.0006819176486178292,0.00010496793874896871,0.0,5.0
-4.8924462231115555,3.444543791825298,0.21137380014954926,-0.14917227222936227,-0.048420175606205415,0.0015127706467790865,0.0006870680891657308,0.00010731357177854329,0.0,5.0
-4.872436218109055,3.4440212581715572,0.21135066208277817,-0.1490837339874915,-0.04845495364983705,0.0014832398010287007,0.0006922889137884335,0.00010969460598282383,0.0,5.0
-4.852426213106554,3.443498141268204,0.21132730743449962,-0.14899369075483992,-0.048490403179469344,0.0014531451559782144,0.0006975827548533557,0.00011211284085013241,0.0,5.0
-4.832416208104052,3.442974405392903,0.21130371876467507,-0.1489021132640827,-0.04852653295788854,0.0014224781844900012,0.0007029524703207212,0.00011457027292815356,0.0,5.0
-4.812406203101551,3.4424500161443286,0.21127987851221774,-0.1488089719352974,-0.04856335210835004,0.0013912300688858391,0.0007084009364649762,0.00011706900351398424,0.0,5.0
-4.79239619809905,3.441924941957911,0.21125576989756437,-0.1487142369495776,-0.04860087017807176,0.001359391613229409,0.000713930917020303,0.00011961112000283218,0.0,5.0
-4.772386193096549,3.4413991547487686,0.21123137739508457,-0.148617878258718,-0.048639097150548434,0.0013269532098761914,0.0007195449922185355,0.00012219862058660002,0.0,5.0
-4.752376188094047,3.4408726299219468,0.21120668689169325,-0.1485198655537302,-0.0486780434234378,0.0012939048381149657,0.0007252455297289667,0.0001248333749763486,0.0,5.0
-4.732366183091546,3.4403453459860898,0.21118168564512782,-0.14842016821168802,-0.04871771976836674,0.0012602360799975185,0.0007310346817615753,0.00012751711056178779,0.0,5.0
-4.7123561780890455,3.4398172839644476,0.21115636213302824,-0.1483187552354131,-0.04875813728473701,0.0012259361431337954,0.0007369143964453515,0.00013025141482813653,0.0,5.0
-4.692346173086543,3.4392884267393633,0.21113070585440327,-0.14821559519527996,-0.048799307354961324,0.0011909938842111216,0.000742886435657144,0.00013303774741575921,0.0,5.0
-4.672336168084042,3.438758758419744,0.2111047071225325,-0.14811065617844754,-0.04884124160508702,0.0011553978298369436,0.0007489523944903685,0.00013587745721537224,0.0,5.0
-4.652326163081542,3.438228263785591,0.21107835687261745,-0.1480039057479862,-0.04888395187236861,0.0011191361932258428,0.000755113719652162,0.00013877180134749906,0.0,5.0
-4.632316158079039,3.437696927835715,0.21105164649597283,-0.147895310912335,-0.04892745017974897,0.0010821968865204672,0.000761371725545937,0.00014172196400564685,0.0,5.0
-4.612306153076538,3.4371647354436465,0.21102456770427735,-0.14778483810417195,-0.048971748716248785,0.0010445675292887237,0.0007677276077576347,0.000144729074016058,0.0,5.0
-4.592296148074038,3.436631671112877,0.2109971124219896,-0.14767245316702324,-0.049016859821831585,0.0010062354540861006,0.0007741824542086288,0.0001477942205994236,0.0,5.0
-4.572286143071537,3.4360977188153528,0.2109692727020842,-0.14755812134766727,-0.04906279597525809,0.0009671877100305409,0.0007807372544723672,0.0001509184672373209,0.0,5.0
-4.552276138069034,3.435562861895224,0.21094104065924366,-0.14744180729244266,-0.04910956978362957,0.000927411065219969,0.000787392907781291,0.00015410286378271954,0.0,5.0
-4.532266133066534,3.435027083020937,0.21091240841504033,-0.1473234750457968,-0.049157193972622054,0.0008868920086089308,0.000794150230152754,0.00015734845704382068,0.0,5.0
-4.512256128064033,3.4344903641709688,0.21088336805097055,-0.1472030880497029,-0.049205681376756856,0.0008456167516967075,0.0008010099608833811,0.00016065630004172266,0.0,5.0
-4.4922461230615305,3.433952686640637,0.21085391156698363,-0.14708060914286267,-0.049255044929393144,0.0008035712300988706,0.0008079727684415518,0.00016402746003810577,0.0,5.0
-4.47223611805903,3.4334140310592853,0.2108240308448169,-0.14695600055887073,-0.049305297652431204,0.0007607411048184021,0.0008150392555787396,0.00016746302531057622,0.0,5.0
-4.452226113056529,3.432874377409261,0.21079371761646218,-0.14682922392276374,-0.04935645264594267,0.0007171117628622062,0.0008222099633606172,0.00017096411059738296,0.0,5.0
-4.432216108054028,3.432333705040967,0.2107629634381169,-0.14670024024557862,-0.04940852307805695,0.0006726683168160784,0.0008294853738477794,0.00017453186119322227,0.0,5.0
-4.412206103051526,3.4317919926818945,0.21073175966910715,-0.14656900991671,-0.0494615221754149,0.0006273956031067926,0.0008368659113419211,0.00017816745584573498,0.0,5.0
-4.392196098049025,3.4312492184409336,0.21070009745413804,-0.14643549269394968,-0.04951546321437998,0.0005812781788860911,0.0008443519423757965,0.00018187210879766318,0.0,5.0
-4.372186093046524,3.430705359811127,0.21066796770664084,-0.1462996476911167,-0.04957035951304348,0.0005343003176561362,0.0008519437748253027,0.0001856470714205812,0.0,5.0
-4.352176088044022,3.430160393673433,0.21063536109156916,-0.14616143336316711,-0.04962622442396656,0.0004864460038072935,0.0008596416565302525,0.00018949363380313546,0.0,5.0
-4.332166083041521,3.429614296301199,0.2106022680076464,-0.1460208074886607,-0.04968307132762146,0.00043769892611631475,0.0008674457735927324,0.00019341312639758565,0.0,5.0
-4.3121560780390205,3.429067043361723,0.2105686785709128,-0.14587772714951142,-0.04974091362661091,0.00038804247002860556,0.0008753562481888879,0.0001974069215234768,0.0,5.0
-4.292146073036518,3.4285186099097937,0.21053458260222432,-0.14573214870808426,-0.04979976474086281,0.00033745970838492556,0.0008833731354924513,0.00020147643436735946,0.0,5.0
-4.272136068034017,3.427968970370109,0.21049996962027367,-0.14558402778189214,-0.04985963810399696,0.00028593339031125276,0.0008914964193602202,0.00020562312324165193,0.0,5.0
-4.2521260630315165,3.4274180985104787,0.21046482883901035,-0.14543331921630914,-0.04992054716086822,0.00023344592831528628,0.0008997260068061584,0.00020984848924654665,0.0,5.0
-4.232116058029016,3.426865967413001,0.21042914916551483,-0.14527997705577647,-0.04998250536595763,0.00017997938408930317,0.0009080617218055741,0.0002141540759057371,0.0,5.0
-4.212106053026513,3.426312549452244,0.21039291919341688,-0.14512395451389648,-0.050045526181973346,0.00012551545383900116,0.0009165032992843014,0.00021854146951452136,0.0,5.0
-4.192096048024013,3.4257578162855933,0.21035612718904487,-0.1449652039426408,-0.05010962307793017,7.00354538927882e-05,0.0009250503799718244,0.0002230123006499672,0.0,5.0
-4.172086043021512,3.4252017388524467,0.21031876107204378,-0.14480367680077183,-0.05017480952620913,1.3520306847163998e-05,0.0009337025061089282,0.00022756824661668618,0.0,5.0
-4.152076038019009,3.4246442873705534,0.21028080839666155,-0.14463932362160448,-0.05024109899855643,-4.404947218988333e-05,0.0009424591171346544,0.00023221103390374363,0.0,5.0
-4.132066033016509,3.42408543131543,0.21024225634113003,-0.14447209398046096,-0.05030850496139617,-0.00010269379014294131,0.0009513195439881568,0.00023694243949343673,0.0,5.0
-4.112056028014008,3.423525139375765,0.21020309170877116,-0.14430193646248282,-0.05037704087088905,-0.0001624329920067313,0.0009602830009936094,0.00024176429038265276,0.0,5.0
-4.092046023011505,3.42296337939176,0.21016330093693272,-0.14412879863166375,-0.05044672016772998,-0.00022328787823100308,0.0009693485754402301,0.00024667846179721533,0.0,5.0
-4.072036018009005,3.422400118296496,0.21012287010285569,-0.14395262700185538,-0.050517556270914754,-0.0002852797222050266,0.000978515216342563,0.00025168687567702215,0.0,5.0
-4.052026013006504,3.421835322083248,0.21008178491413132,-0.14377336701004517,-0.05058956256907802,-0.0003484302859590606,0.0009877817245672524,0.0002567915013091081,0.0,5.0
-4.032016008004003,3.4212689558093943,0.21004003067809507,-0.1435909629915958,-0.05066275240800124,-0.00041276183262016524,0.00099714674586207,0.00026199435905872686,0.0,5.0
-4.012006003001501,3.4207009836246174,0.2099975922568156,-0.1434053581567167,-0.05073713907370268,-0.00047829713564620757,0.0010066087664094463,0.00026729752631079887,0.0,5.0
-3.9919959979989983,3.420131368790804,0.20995445402517324,-0.1432164945675027,-0.05081273577182599,-0.000545059486681451,0.0010161661083488247,0.00027270314302904505,0.0,5.0
-3.9719859929964976,3.4195600736583294,0.20991059985087338,-0.1430243131154655,-0.05088955560508267,-0.0006130727048620359,0.0010258169217282037,0.00027821341400205917,0.0,5.0
-3.951975987993997,3.4189870595850325,0.20986601310353573,-0.14282875350026608,-0.050967611550497754,-0.0006823611496519511,0.0010355591705764448,0.00028383060648708175,0.0,5.0
-3.931965982991496,3.4184122868215856,0.20982067667994198,-0.14262975421078505,-0.051046916436907924,-0.0007529497368821838,0.0010453906139716196,0.00028955704496695336,0.0,5.0
-3.9119559779889954,3.4178357144179565,0.20977457301603022,-0.1424272525092929,-0.05112748292115496,-0.000824863954869265,0.001055308786398187,0.0002953951073501785,0.0,5.0
-3.8919459729864947,3.417257300206236,0.20972768405612532,-0.14222118441829806,-0.051209323459967385,-0.0008981298762111978,0.0010653109829608432,0.00030134722718969846,0.0,5.0
-3.871935967983994,3.4166770008756946,0.2096799911712127,-0.14201148470825048,-0.0512924502748651,-0.0009727741624890866,0.0010753942525968615,0.0003074159034933851,0.0,5.0
-3.8519259629814897,3.4160947720922015,0.20963147505225618,-0.14179808688356754,-0.051376875309886404,-0.0010488240633902356,0.0010855553968976488,0.00031360371459907146,0.0,5.0
-3.831915957978989,3.4155105685634948,0.2095821156315069,-0.141580923165137,-0.05146261018546597,-0.0011263074165172445,0.0010957909664666087,0.0003199133283535014,0.0,5.0
-3.8119059529764883,3.414924343953713,0.2095318920833421,-0.1413599244694758,-0.05154966615424785,-0.0012052526561702902,0.0011060972448617863,0.0003263475007177833,0.0,5.0
-3.7918959479739875,3.414336050620437,0.20948078291840486,-0.14113502038706816,-0.05163805406394331,-0.0012856888364037266,0.0011164702146320732,0.0003329090603054429,0.0,5.0
-3.771885942971487,3.4137456392588077,0.2094287661250525,-0.14090613916355213,-0.05172778432798627,-0.0013676456661048148,0.0011269055097162437,0.0003396008852752321,0.0,5.0
-3.751875937968986,3.413153058628166,0.2093758192637384,-0.1406732076861788,-0.051818866898452685,-0.0014511535453711197,0.0011373983686020575,0.0003464258865041982,0.0,5.0
-3.7318659329664854,3.412558255540836,0.209321919418329,-0.1404361514744635,-0.05191131123104863,-0.00153624358839467,0.0011479436065099618,0.00035338701161807085,0.0,5.0
-3.711855927963981,3.4119611751828076,0.20926704296785686,-0.140194894669829,-0.05200512623242211,-0.0016229476223112802,0.0011585356181032524,0.00036048727582371526,0.0,5.0
-3.6918459229614804,3.411361761652418,0.20921116524086036,-0.13994936001685762,-0.05210032018671874,-0.0017112981635693263,0.0011691684062513667,0.0003677298106031931,0.0,5.0
-3.6718359179589797,3.410759958445059,0.20915426019868846,-0.13969946883049553,-0.052196900668519494,-0.001801328387579639,0.0011798356150319203,0.0003751179081647249,0.0,5.0
-3.651825912956479,3.4101557085881304,0.2090963003058978,-0.13944514094910831,-0.05229487445741823,-0.0018930721151279258,0.0011905305372483784,0.00038265503705908,0.0,5.0
-3.6318159079539782,3.409548954288416,0.20903725666007297,-0.1391862946800744,-0.05239424746982107,-0.0019865638337555327,0.0012012460756282443,0.00039034481680324384,0.0,5.0
-3.6118059029514775,3.408939636232779,0.20897709930351596,-0.13892284674852853,-0.05249502471412051,-0.0020818387545120725,0.0012119746606584568,0.00039819096214942923,0.0,5.0
-3.5917958979489732,3.4083276929246993,0.20891579751025624,-0.13865471225776557,-0.05259721026027564,-0.002178932883111749,0.001222708154399399,0.00040619722816145426,0.0,5.0
-3.5717858929464725,3.407713060470646,0.20885331982641567,-0.13838180466175248,-0.052700807202903245,-0.0022778830731948387,0.001233437781432564,0.0004143673911876518,0.0,5.0
-3.551775887943972,3.4070956729771478,0.2087896337792526,-0.1381040357403588,-0.05280581759720302,-0.0023787270383335904,0.0012441541137186171,0.0004227052814182377,0.0,5.0
-3.531765882941471,3.406475463283346,0.2087247054046351,-0.13782131556274088,-0.05291224236229902,-0.0024815033275645704,0.001254847098914526,0.00043121484747178586,0.0,5.0
-3.5117558779389704,3.405852363390305,0.20865849893658878,-0.1375335524287119,-0.05302008117013156,-0.002586251301938073,0.0012655060816417186,0.0004399002027480249,0.0,5.0
-3.4917458729364697,3.405226303932183,0.20859097700884502,-0.13724065279142358,-0.053129332355549265,-0.002693011165061483,0.0012761197517091511,0.00044876559982484653,0.0,5.0
-3.471735867933969,3.404597212475209,0.20852210147942388,-0.1369425211803142,-0.05323999288065551,-0.0028018240830464764,0.0012866759802398332,0.0004578153129838623,0.0,5.0
-3.4517258629314647,3.4039650111522994,0.20845183460127875,-0.1366390601506697,-0.053352058359729816,-0.0029127323813128887,0.0012971615674295485,0.00046705346698644657,0.0,5.0
-3.431715857928964,3.403329614726253,0.20838013995008964,-0.13633017027780397,-0.05346552311168377,-0.003025779751703342,0.0013075619911188422,0.0004764838991466511,0.0,5.0
-3.4117058529264632,3.402690930186889,0.2083069825177051,-0.1360157501911544,-0.05358038017831401,-0.00314101137837157,0.001317861269506259,0.0004861101454905068,0.0,5.0
-3.3916958479239625,3.4020488582720856,0.20823232776770478,-0.13569569661818182,-0.05369662125065758,-0.0032584739192391115,0.0013280420069984803,0.0004959355859059011,0.0,5.0
-3.371685842921462,3.4014032961682936,0.20815614005963384,-0.1353699043963821,-0.053814236487726305,-0.0033782153552898513,0.001338085592412434,0.0005059636907336567,0.0,5.0
-3.351675837918961,3.4007541397705956,0.20807838131548348,-0.13503826642500621,-0.0539332142721352,-0.0035002848023663042,0.0013479724180993434,0.000516198236513351,0.0,5.0
-3.3316658329164603,3.4001012839314524,0.20799901076963953,-0.13470067356263474,-0.054053540988540615,-0.003624732414622048,0.0013576819556634155,0.0005266433571476543,0.0,5.0
-3.311655827913956,3.3994446202886297,0.20791798601453804,-0.13435701451325374,-0.054175200900259284,-0.0037516094604110707,0.0013671925972343797,0.0005373033870874885,0.0,5.0
-3.2916458229114554,3.398784033998122,0.20783526462161525,-0.13400717575666224,-0.05429817613178047,-0.0038809685341474214,0.0013764813248909014,0.0005481825947233879,0.0,5.0
-3.2716358179089546,3.3981194019265777,0.20775080496300327,-0.13365104155380297,-0.054422446673641836,-0.004012863747392942,0.001385523416001845,0.0005592850102762332,0.0,5.0
-3.251625812906454,3.397450594552133,0.20766456503360178,-0.13328849400201578,-0.054547990270685714,-0.004147350705269417,0.0013942924214390856,0.0005706145375393073,0.0,5.0
-3.231615807903953,3.396777481748365,0.20757649919593069,-0.1329194130612552,-0.05467478208571325,-0.004284486171656653,0.0014027605109231149,0.0005821753786649827,0.0,5.0
-3.2116058029014525,3.396099939773008,0.20748655430366136,-0.13254367646044996,-0.054802794150825625,-0.004424327526788254,0.0014108990179674818,0.0005939725699279747,0.0,5.0
-3.191595797898948,3.3954178550213223,0.20739466759684522,-0.13216115944579843,-0.054931994767205734,-0.004566932306515357,0.0014186787932134908,0.0006060122733392269,0.0,5.0
-3.1715857928964475,3.3947311210094147,0.20730076826031907,-0.1317717344319413,-0.05506234809400675,-0.0047123581453005926,0.001426069963340749,0.0006183015289096992,0.0,5.0
-3.1515757878939468,3.3940396286397854,0.2072047825987479,-0.1313752707057956,-0.055193814107964055,-0.004860663264199057,0.0014330409566479492,0.0006308474608598413,0.0,5.0
-3.131565782891446,3.393343254256426,0.20710664039144328,-0.13097163434609088,-0.05532634892428248,-0.005011907323956524,0.0014395570785228824,0.0006436563090582323,0.0,5.0
-3.1115557778889453,3.3926418526532944,0.2070062785833287,-0.13056068842564025,-0.05545990523320554,-0.005166152176123685,0.0014455792496035275,0.0006567328959698692,0.0,5.0
-3.0915457728864446,3.39193526088997,0.20690363920360025,-0.13014229338281466,-0.05559443245634765,-0.005323461977517388,0.001451063505947632,0.0006700810359923164,0.0,5.0
-3.071535767883944,3.3912233129835943,0.20679866153867113,-0.1297163072771708,-0.05572987629077107,-0.005483902392816575,0.0014559614130548845,0.0006837048878251945,0.0,5.0
-3.0515257628814396,3.390505857614651,0.20669127285094824,-0.12928258563019154,-0.055866177648194404,-0.005647539145537022,0.0014602208683880324,0.0006976105486113398,0.0,5.0
-3.031515757878939,3.3897827663463134,0.2065813843940838,-0.12884098081427878,-0.05600327151140561,-0.005814436730142723,0.0014637863327347372,0.0007118068170767593,0.0,5.0
-3.011505752876438,3.3890539240430124,0.2064688971687651,-0.12839134141563802,-0.0561410866146197,-0.005984658272844569,0.0014665976735906902,0.0007263046216480218,0.0,5.0
-2.9914957478739375,3.3883192052034063,0.2063537153621635,-0.12793351227925442,-0.05627954675226217,-0.006158267046753232,0.0014685870360221817,0.0007411161821474851,0.0,5.0
-2.9714857428714367,3.387578449669414,0.20623576021066814,-0.12746733553538409,-0.05641857376947695,-0.006335329032937896,0.0014696723961624167,0.0007562563879537297,0.0,5.0
-2.951475737868936,3.386831451806879,0.20611497676821045,-0.12699265173338845,-0.056558090862558634,-0.006515914333855996,0.001469745845193489,0.0007717479589108214,0.0,5.0
-2.9314657328664353,3.386077974712694,0.20599132740930046,-0.12650929925051144,-0.05669802305708671,-0.006700094125598358,0.0014686596893180187,0.0007876273211315459,0.0,5.0
-2.911455727863931,3.385317792937067,0.20586476984953953,-0.1260171111875025,-0.05683829176034431,-0.006887932490024641,0.001466226111207851,0.0008039424272589052,0.0,5.0
-2.8914457228614303,3.3845507424706813,0.2057352296118482,-0.1255159126532977,-0.05697880540201464,-0.007079480898418114,0.001462250571643949,0.0008207361806050695,0.0,5.0
-2.8714357178589296,3.3837767338455818,0.2056025870155013,-0.12500552452165684,-0.05711945757209185,-0.0072747891605586265,0.0014565860137845446,0.0008380279204736588,0.0,5.0
-2.851425712856429,3.3829956949287565,0.20546669238819637,-0.12448577770442953,-0.057260151878794095,-0.0074739372251465585,0.0014491151060058017,0.0008558270290074634,0.0,5.0
-2.831415707853928,3.382207467521939,0.20532740145662606,-0.12395653998429984,-0.05740088241351447,-0.0076770785323654386,0.0014394705000084127,0.000874187681760958,0.0,5.0
-2.8114057028514274,3.381411753506564,0.2051845945385458,-0.12341778469191496,-0.057541954937411065,-0.00788454794425539,0.0014261664469737562,0.0008931246486254911,0.0,5.0
-2.7913956978489267,3.3806079534195024,0.20503800697758415,-0.12286986543180087,-0.05768470076298526,-0.008097494736274783,0.001404266952392037,0.0009113849306082692,1.8760578337638914e-05,5.0
-2.7713856928464224,3.3797954262484335,0.2048876053302029,-0.1223119696676625,-0.05782748865812217,-0.008314898769170713,0.0013781113718708132,0.0009296835057557538,3.977996646824494e-05,5.0
-2.7513756878439217,3.3789738652117656,0.20473317062337246,-0.1217436028821282,-0.05796925333554224,-0.008536509645433706,0.00135083468418786,0.0009479176305412781,6.0211705507702406e-05,5.0
-2.731365682841421,3.3781430664830583,0.20457456339142438,-0.12116436753226939,-0.058109132807363684,-0.008762155687635258,0.0013255732216561548,0.0009670116728799924,7.281094481177553e-05,5.0
-2.7113556778389203,3.377302875808654,0.20441163082233918,-0.12057423128455436,-0.058247322979265104,-0.008992313671288022,0.0013012487079280212,0.0009867278507175322,8.191546079772054e-05,5.0
-2.6913456728364196,3.3764530546223677,0.20424427051022387,-0.119973096386178,-0.05838399586756468,-0.009227242080308286,0.0012762306350426098,0.0010069135630279547,8.973684759811364e-05,5.0
-2.671335667833919,3.3755933071530966,0.20407235404076035,-0.119360785065115,-0.05851913964751608,-0.009467043988437016,0.0012493644487938983,0.0010274990112687653,9.738740948688904e-05,6.0
-2.6513256628314146,3.3747232865295165,0.20389571810296223,-0.11873707767966041,-0.05865260589666886,-0.009711787047301567,0.0012200446694350534,0.0010484496083562782,0.00010532420676451783,6.0
-2.631315657828914,3.3738426167777607,0.20371418148048806,-0.11810173797539077,-0.05878417832117779,-0.009961550337349297,0.0011879735879834655,0.0010697468179953656,0.00011369535465008003,6.0
-2.611305652826413,3.3729509054252818,0.20352755546767504,-0.1174545216840621,-0.05891361091305264,-0.010216424593120495,0.0011529559187461254,0.0010913771306931895,0.000122548940639093,6.0
-2.5912956478239124,3.372047742557629,0.20333564391678371,-0.11679517760072827,-0.05904063981915055,-0.010476503975932314,0.0011148107901089842,0.0011133260508626366,0.00013191359987841403,6.0
-2.5712856428214117,3.3711326985334003,0.2031382406911138,-0.11612344715131885,-0.059164984744099786,-0.01074188207311031,0.0010733502641487678,0.0011355760562293327,0.00014181697982657625,6.0
-2.551275637818911,3.370205324149082,0.20293512780370293,-0.1154390639507423,-0.0592863481172192,-0.011012650563411504,0.0010283763091251334,0.0011581060222875855,0.00015228796013515636,6.0
-2.5312656328164103,3.369265150369071,0.20272607393419878,-0.11474175332765933,-0.05940441396774445,-0.011288898368533093,0.0009796801756542797,0.0011808908082698779,0.00016335682472570112,6.0
-2.511255627813906,3.3683116861967175,0.20251083349676038,-0.11403123178810709,-0.059518846731845224,-0.011570710838085165,0.0009270418321093329,0.001203900700884301,0.0001750552458519738,6.0
-2.4912456228114053,3.3673444150430747,0.20228914644861468,-0.11330720646950562,-0.059629290033695215,-0.011858168955591202,0.0008702293003185667,0.0012271006693714726,0.0001874161498945739,6.0
-2.4712356178089045,3.3663627906692217,0.20206073823340287,-0.11256937461933474,-0.059735365426270594,-0.01215134850203726,0.0008089979206537314,0.0012504494971785015,0.00020047355064791987,6.0
-2.451225612806404,3.3653662343022974,0.20182531892610905,-0.11181742310544186,-0.059836671028086756,-0.012450319058099608,0.0007430896546773491,0.0012738989100601816,0.0002142624445512726,6.0
-2.431215607803903,3.364354133967028,0.2015825809617387,-0.11105102792638355,-0.05993277996938136,-0.012755142723676257,0.0006722325249639067,0.0012973927859082895,0.00022881881146238567,6.0
-2.4112056028014024,3.3633258453974566,0.20133219573563443,-0.11026985366405652,-0.06002323859043045,-0.013065872511119682,0.0005961401997832376,0.001320866409055516,0.000244179660080057,6.0
-2.3911955977989017,3.3622806919596746,0.20107381040599862,-0.1094735528327387,-0.06010756441546475,-0.013382550499452988,0.000514511599366071,0.00134424558111275,0.00026038295424365575,6.0
-2.3711855927963974,3.3612179601588394,0.20080704668758942,-0.10866176513263767,-0.06018524401904129,-0.013705205942646176,0.0004270303163281033,0.0013674453231321323,0.00027746723072016725,6.0
-2.3511755877938967,3.3601368885546967,0.20053150273866205,-0.10783411668522115,-0.06025573094510544,-0.014033853517077137,0.0003333636883201092,0.001390367984436877,0.0002954708171810837,6.0
-2.331165582791396,3.3590366511896024,0.20024675745879986,-0.10699021936326582,-0.06031844378195402,-0.014368491731444333,0.0002331615569464623,0.0014129008137602815,0.00031443075532810067,6.0
-2.3111555777888952,3.3579163404385195,0.19995237445189773,-0.10612967028761736,-0.060372764339116675,-0.01470910125825714,0.00012605501782439585,0.0014349133397242005,0.0003343817255696274,6.0
-2.2911455727863945,3.3567749561632527,0.1996479018423702,-0.10525205144024194,-0.060418035681869736,-0.015055642717132552,1.1655660935910427e-05,0.0014562550698418713,0.0003553553219417741,6.0
-2.271135567783894,3.3556114063014837,0.19933286507990552,-0.1043569291892426,-0.060453559665866234,-0.015408053404277535,-0.0001104442306238346,0.0014767538978710357,0.00037737985490126914,6.0
-2.2511255627813895,3.3544245185216695,0.19900675282894806,-0.10344385342465912,-0.06047859367182819,-0.015766242699155053,-0.00024067035781270615,0.0014962151950887697,0.00040048050314810954,6.0
-2.231115557778889,3.3532130557307966,0.19866899970208438,-0.1025123560434357,-0.06049234647927486,-0.016130086314605642,-0.00037946424958188254,0.0015144210277025973,0.0004246792648509635,6.0
-2.211105552776388,3.351975723959554,0.19831897183417269,-0.10156194871214451,-0.060493973536613954,-0.016499419969364666,-0.0005272809257129831,0.0015311285933747516,0.00044999400257934006,6.0
-2.1910955477738874,3.3507111627484,0.19795596034023727,-0.10059212009799842,-0.06048257210309044,-0.016874033188166607,-0.0006845870425931387,0.0015460670712273757,0.0004764360866483288,6.0
-2.1710855427713867,3.3494179159232016,0.19757918340629507,-0.09960233294750001,-0.06045717669583191,-0.0172536636289278,-0.0008518597547882715,0.0015589326767707734,0.0005040066719438101,6.0
-2.151075537768886,3.3480943909486864,0.1971877921081982,-0.09859202137609864,-0.06041675494090915,-0.017637991695751084,-0.0010295858191590986,0.0015693825428554958,0.0005326922276409831,6.0
-2.131065532766385,3.3467388217342635,0.19678087136716374,-0.09756058848414484,-0.0603602034504233,-0.018026634554803286,-0.0012182598703206512,0.0015770286351797114,0.0005624602122675037,6.0
-2.111055527763881,3.345349247653386,0.19635742852005633,-0.0965074040547056,-0.06028634300405363,-0.018419138434302654,-0.0014183807017466902,0.0015814328329427623,0.0005932555020065534,6.0
-2.0910455227613802,3.343923510112917,0.19591636805071563,-0.09543180183864054,-0.060193912352507116,-0.018814968486048522,-0.001630444941725052,0.0015821034863982768,0.0006249974051862955,6.0
-2.0710355177588795,3.342459252915107,0.19545645900739828,-0.09433307598504496,-0.06008156043077713,-0.01921349636624922,-0.001854938457130316,0.001578492611050245,0.0006575762432333622,6.0
-2.051025512756379,3.3409539033376645,0.19497630639101673,-0.09321047655459194,-0.05994783743809278,-0.01961398654930103,-0.002092326564895952,0.0015699921249011147,0.0006908481112044213,6.0
-2.031015507753878,3.339404615004436,0.19447433518897603,-0.09206320455616149,-0.05979118568467792,-0.02001558261318672,-0.002343044095253579,0.0015559278152591043,0.0007246269158908618,6.0
-2.0110055027513773,3.3378081713943426,0.19394878569457935,-0.09089040723248927,-0.05960993095284418,-0.020417294019366775,-0.002607485352497308,0.001535551112208684,0.000758673996590844,6.0
-1.9909954977488766,3.3361608708607284,0.1933977064036598,-0.08969117412212751,-0.05940227432721367,-0.020817982527281974,-0.002885992510923214,0.0015080305755719966,0.0007926869047562061,6.0
-1.9709854927463724,3.3344584255036547,0.1928189241419411,-0.08846453376671519,-0.059166283414106145,-0.02121634614567256,-0.0031788398931113927,0.0014724461337052742,0.0008262893952543503,6.0
-1.9509754877438716,3.332695895911199,0.19220997620581548,-0.08720945019218307,-0.058899881273325926,-0.021610898348390768,-0.0034862117766278115,0.0014277886243036942,0.0008590238579657166,6.0
-1.930965482741371,3.3308676528188093,0.19156800551311423,-0.08592481802518794,-0.05860083178943395,-0.021999941582579882,-0.003808173052432741,0.001372965081426491,0.0008903455900922756,6.0
-1.9109554777388702,3.3289673211418513,0.19088963834316333,-0.08460945568883743,-0.05826672163695614,-0.022381536361059835,-0.004144634411179742,0.001306807657138938,0.0009196165788534965,6.0
-1.8909454727363695,3.326987645167772,0.1901708724603181,-0.08326209742807969,-0.057894940771884264,-0.02275346914939013,-0.004495315277332144,0.0012280828788141988,0.000946096176806792,6.0
-1.8709354677338688,3.3249202324909057,0.1894069924188354,-0.08188138626483561,-0.05748266443387442,-0.02311322243982123,-0.004859707149788382,0.0011354994800050894,0.000968927914613131,6.0
-1.8509254627313645,3.322755184561844,0.18859250100241348,-0.08046587048360315,-0.057026839149126866,-0.023457948337243382,-0.005237037203901374,0.0010277171098230578,0.0009871251082637555,6.0
-1.8309154577288638,3.320480676356322,0.1877210260368478,-0.07901400539143329,-0.05652417328162079,-0.023784443635243714,-0.005626228395965216,0.0009033627907557847,0.0009995610459943587,6.0
-1.810905452726363,3.3180825693729585,0.18678515071013888,-0.07752416024638338,-0.05597113050624535,-0.02408912190712869,-0.006025850306347201,0.0007610641197056267,0.0010049702837026063,6.0
-1.7908954477238623,3.3155441073755703,0.1857761361028524,-0.07599462863295217,-0.05536392396221669,-0.024367978762975015,-0.0064340565370308725,0.0005995058694869703,0.001001964983857257,6.0
-1.7708854427213616,3.312845663684041,0.18468355142715526,-0.07442364062291237,-0.05469851104389018,-0.024616550816915037,-0.006848509695424425,0.0004175103887661053,0.000989065468248537,6.0
-1.750875437718861,3.3099644290737684,0.1834948756893654,-0.0728093774580024,-0.05397059346787459,-0.024829875408703128,-0.007266301484631849,0.00021413536464527836,0.0009647402151313328,6.0
-1.7308654327163602,3.3068739101539766,0.18219515253168722,-0.07114999340762536,-0.053175632274788005,-0.025002463286643288,-0.007683879479076117,-1.1220436553740881e-05,0.0009274505662074907,6.0
-1.710855427713856,3.3035431843876837,0.1807667499835677,-0.06944365276986081,-0.05230888980136579,-0.02512829698589729,-0.008096991012208905,-0.0002587092410549536,0.0008757004960788474,6.0
-1.6908454227113552,3.2999360095168058,0.17918921091391926,-0.06768859045381535,-0.05136550842845748,-0.025200862683596927,-0.008500648537136498,-0.000527921359634066,0.0008080995679243337,6.0
-1.6708354177088545,3.296010036093706,0.17743912041002774,-0.06588320143029316,-0.05034062980276147,-0.025213215727883254,-0.008889113793339891,-0.0008177568163815967,0.0007234524724515012,6.0
-1.6508254127063537,3.291716428180168,0.17548991456152727,-0.06402615920818992,-0.04922955191563022,-0.02515807535866354,-0.009255895929401832,-0.001126271551805097,0.0006208861008903336,6.0
-1.630815407703853,3.2870001094337624,0.17331163742675282,-0.0621165598176862,-0.04802791959884755,-0.02502794730530206,-0.009593765424502156,-0.0014505009334403963,0.0005000133340374581,6.0
-1.6108054027013523,3.281800662872754,0.1708707932601927,-0.06015408854011724,-0.04673194898272701,-0.0248152843506578,-0.009894800021883289,-0.001786284937300273,0.00036111581766256744,6.0
-1.5907953976988516,3.2760537494567616,0.16813056502702114,-0.05813921179678541,-0.04533869554530444,-0.024512708632390974,-0.010150493755284958,-0.0021281397668358243,0.00020531437240657295,6.0
-1.5707853926963473,3.2696929070981255,0.1650516958517283,-0.05607340230364056,-0.043846381452913995,-0.02411332558998374,-0.010351965452568961,-0.002469227972403316,3.469294327971833e-05,6.0
-1.5507753876938466,3.2626517908316766,0.16159422018437966,-0.05395940588987709,-0.04225479367564432,-0.023611150256144346,-0.010490291353326601,-0.002801466753310156,-0.00014764839135173344,6.0
-1.5307653826913459,3.254867219062639,0.15772002114512343,-0.05180154870204076,-0.040565747256903255,-0.023001641606687565,-0.010556957811557507,-0.003115785123498595,-0.0003376197575696587,6.0
-1.5107553776888452,3.2462835886646007,0.15339597521060538,-0.04960606342486652,-0.03878358169200901,-0.022282307850097285,-0.010544395105710157,-0.0034025076039872508,-0.0005302427103434607,6.0
-1.4907453726863444,3.236859076609492,0.14859733930299807,-0.04738138740429775,-0.03691562953432133,-0.02145331683212517,-0.01044653200699805,-0.0036518234761903096,-0.0007198199752032307,6.0
-1.4707353676838437,3.226573441104961,0.14331110224262683,-0.04513836380746813,-0.0349725716542526,-0.020518029897299228,-0.010259321299160693,-0.003854311461087714,-0.0009001772509940505,6.0
-1.4507253626813394,3.215436340778147,0.13753919589248395,-0.0428902717584835,-0.03296858021224781,-0.01948337557241188,-0.009981223046122449,-0.004001525177281126,-0.0010649940459397185,6.0
-1.4307153576788387,3.203494380219946,0.1313015416273903,-0.04065263391672743,-0.030921164244131747,-0.01835999119062435,-0.009613647768467843,-0.004086666379537613,-0.001208243632340319,6.0
-1.410705352676338,3.1908350372497667,0.12463872651214496,-0.03844280350175443,-0.028850702510446604,-0.017162100960063764,-0.009161295242368198,-0.004105321917901797,-0.0013247432849674934,6.0
-1.3906953476738373,3.1775862841555833,0.11761373580342767,-0.036279401919921156,-0.026779784593409364,-0.01590719012309179,-0.008632196400267926,-0.004056093807722216,-0.0014107631913273422,6.0
-1.3706853426713366,3.1639117162432586,0.11031189671835742,-0.034181712751523215,-0.024732595180127496,-0.014615631958904723,-0.00803725705453828,-0.003940801440789453,-0.0014645368787972713,6.0
-1.3506753376688359,3.150002022976204,0.10283820301674777,-0.03216905911842203,-0.02273444178598379,-0.013310338238556676,-0.007389431463220516,-0.003764008600661095,-0.0014863814950367895,6.0
-1.3306653326663351,3.13606448818044,0.09531150334641195,-0.030259982388804257,-0.020810997131760867,-0.01201605377489645,-0.006703177593998252,-0.003532120955777212,-0.001478157203173215,6.0
-1.3106553276638309,3.122312272810216,0.0878557998600771,-0.028470900339787348,-0.018986311827627837,-0.01075740799677806,-0.005994825635185122,-0.003252974997167237,-0.001442254795157342,6.0
-1.2906453226613301,3.108953878721245,0.08059025860345782,-0.026814236254229875,-0.01727919105063517,-0.009555264720191662,-0.005283252700494311,-0.0029367922244080656,-0.0013810763489931883,6.0
-1.2706353176588294,3.096181685248505,0.07362062990947539,-0.025296884146057765,-0.015699688245372056,-0.008422965423987835,-0.00458841949164235,-0.002597740613344271,-0.001298153511372883,6.0
-1.2506253126563287,3.084159447016826,0.06703410751400463,-0.023920661606165263,-0.014249829752296456,-0.007366566011478322,-0.003924664399641697,-0.002252829013833372,-0.0012008237997269433,6.0
-1.230615307653828,3.0730115958994273,0.060897498310708814,-0.022686112319718104,-0.012932367303560456,-0.006393454406076509,-0.003286436195182339,-0.0019136588742190489,-0.0011022432566145277,6.0
-1.2106053026513273,3.06281759536479,0.055256989223902465,-0.02159929099723772,-0.011766671311196304,-0.0055300044200887665,-0.0026210950519862564,-0.0015654546678374967,-0.001014916561003446,6.0
-1.1905952976488265,3.0536098798955287,0.05013889724793593,-0.02067196851509671,-0.010787689982321757,-0.004827416669480726,-0.001912912745817635,-0.0010941750301160433,-0.0008427412638113044,6.0
-1.1705852926463223,3.0453839909115072,0.04555673740558191,-0.01989305453183238,-0.009987352909919959,-0.004276701672670503,-0.0011929636224472843,-0.0005810039018151671,-0.0005931114022953099,6.0
-1.1505752876438216,3.0381068261703357,0.041508224995783854,-0.01922746361058597,-0.009297793612902776,-0.003813732049012584,-0.0007364869811181286,0.0,0.0,6.0
-1.1305652826413208,3.0317530581037273,0.037992890532071485,-0.018577866149975794,-0.008522696696931207,-0.0031863711629119963,-0.00045950257967211514,0.0,0.0,6.0
-1.1105552776388201,3.0262939156056903,0.03496433068064463,-0.01799223787660611,-0.007769177697848262,-0.002558441034792013,-0.0003783128788134248,0.0,0.0,4.0
-1.0905452726363194,3.021648214570115,0.032381816638097735,-0.01749226352118574,-0.007108540558299709,-0.0020055750463138238,-0.00031369923591250385,0.0,0.0,3.0
-1.0705352676338187,3.017729566999784,0.03019739549811151,-0.017082794488194948,-0.0065720426513136655,-0.0015559357872423065,0.0,0.0,0.0,3.0
-1.050525262631318,3.014450006129096,0.02837059787088797,-0.016733662001026446,-0.0061009432658706885,-0.0011583676484173166,0.0,0.0,0.0,3.0
-1.0305152576288137,3.011724029606539,0.02685082229936796,-0.016445949654507692,-0.005711439957485305,-0.0008278779894799892,0.0,0.0,0.0,3.0
-1.010505252626313,3.0094719142901516,0.025594215018358107,-0.016210159869726983,-0.0053914221358469395,-0.0005548632188211198,0.0,0.0,0.0,3.0
-0.9904952476238122,3.0076215636490518,0.024560973959269344,-0.01601788254259157,-0.0051298744375707864,-0.00033056363300638475,0.0,0.0,0.0,3.0
-0.9704852426213115,3.0061091226871532,0.023715756127419975,-0.01586181318776965,-0.004917133325026616,-0.00014721753241844757,0.0,0.0,0.0,3.0
-0.9504752376188108,3.0048788685948105,0.023027656349651086,-0.015735684407182468,-0.004744861947471681,1.945349579100818e-06,0.0,0.0,0.0,3.0
-0.9304652326163101,3.0038827521351026,0.02246997967389716,-0.015634170786332776,-0.004605946968144999,0.0001227605619526854,0.0,0.0,0.0,3.0
-0.9104552276138058,3.0030797667644458,0.022019910180932557,-0.015552785619283782,-0.004494373679479871,0.00022020694704036613,0.0,0.0,0.0,3.0
-0.8904452226113051,3.002435231456041,0.021658125943339473,-0.015487777205683659,-0.00440509633693205,0.0002984948119593034,0.0,0.0,0.0,3.0
-0.8704352176088044,3.001920047690344,0.021368395209952283,-0.015436029501691624,-0.0043339116565340235,0.0003611568543089496,0.0,0.0,0.0,3.0
-0.8504252126063037,3.0015099740861957,0.021137179189389996,-0.01539497010831172,-0.00427734018118719,0.0004111366784766577,0.0,0.0,0.0,3.0
-0.8304152076038029,3.001184945721777,0.020953257391829704,-0.015362487154553267,-0.004232518101329295,0.00045087171566077065,0.0,0.0,0.0,3.0
-0.8104052026013022,3.0009284530052134,0.02080738446964626,-0.01533685563852489,-0.004197100666191232,0.0004823688004576641,0.0,0.0,0.0,3.0
-0.7903951975988015,3.0007269868091844,0.020691982783659156,-0.015316673142515991,-0.004169177367024087,0.0005072716342586284,0.0,0.0,0.0,3.0
-0.7703851925962972,3.00056955105375,0.02060087170458224,-0.015300804430188187,-0.004147198457369316,0.0005269200259493822,0.0,0.0,0.0,3.0
-0.7503751875937965,3.0004472403450917,0.020529032564334738,-0.015288334199274552,-0.004129912005915001,0.0005424012243481885,0.0,0.0,0.0,3.0
-0.7303651825912958,3.000352878134817,0.02047240690314268,-0.015278527150241488,-0.004116310483210559,0.000554593908932867,0.0,0.0,0.0,3.0
-0.7103551775887951,3.000280709731052,0.020427724973633356,-0.015270794500564587,-0.004105585809063058,0.0005642055368676174,0.0,0.0,0.0,3.0
-0.6903451725862944,3.0002261440492055,0.02039236117903981,-0.01526466609644822,-0.004097091791777783,0.0005718037936047995,0.0,0.0,0.0,3.0
-0.6703351675837936,3.000185538001534,0.020364213103592977,-0.015259767328018453,-0.0040903129438022824,0.0005778428897511311,0.0,0.0,0.0,3.0
-0.6503251625812929,3.000156017719227,0.020341600940219348,-0.015255800125502558,-0.004084838739678837,0.0005826854089979759,0.0,0.0,0.0,3.0
-0.6303151575787886,3.000135331257395,0.020323184363368385,-0.015252527392637981,-0.004080342476956111,0.0005866203552257463,0.0,0.0,0.0,3.0
-0.6103051525762879,3.0001217279687706,0.02030789418467015,-0.015249760312961547,-0.004076563999186357,0.000589877981322486,0.0,0.0,0.0,3.0
-0.5902951475737872,3.0001138602910546,0.020294876434005193,-0.01524734804064061,-0.0040732956362017824,0.0005926419143454261,0.0,0.0,0.0,3.0
-0.5702851425712865,3.0001107042407513,0.02028344680805907,-0.015245169357784524,-0.0040703708068672685,0.0005950590255207877,0.0,0.0,0.0,3.0
-0.5502751375687858,3.0001114954221175,0.020273053710430432,-0.015243125943559761,-0.004067654811495986,0.0005972474316482609,0.0,0.0,0.0,3.0
-0.530265132566285,3.0001156778320697,0.020263248365343905,-0.015241136956541411,-0.004065037414270399,0.000599302958034603,0.0,0.0,0.0,3.0
-0.5102551275637808,3.000122863165417,0.020253660718191097,-0.015239134680676754,-0.004062426880247905,0.0006013043426468864,0.0,0.0,0.0,3.0
-0.49024512256128006,3.0001327986983997,0.020243980040023667,-0.0152370610274166,-0.0040597451872138165,0.0006033174167880044,0.0,0.0,0.0,3.0
-0.47023511755877934,3.0001453421537096,0.020233939330719538,-0.015234864722554461,-0.004056924180401249,0.0006053984589972156,0.0,0.0,0.0,3.0
-0.4502251125562786,3.0001604422298835,0.020223302768614393,-0.01523249903674396,-0.004053902478685678,0.0006075968856434216,0.0,0.0,0.0,3.0
-0.4302151075537779,3.0001781237161476,0.02021185558510691,-0.015229919944197385,-0.0040506229750833615,0.0006099574133068234,0.0,0.0,0.0,3.0
-0.4102051025512772,3.000198476314769,0.020199395853429957,-0.01522708461533888,-0.004047030803027435,0.0006125218040114398,0.0,0.0,0.0,3.0
-0.39019509754877646,3.000221646461287,0.020185727773716383,-0.015223950166782761,-0.004043071663705741,0.0006153302841667744,0.0,0.0,0.0,3.0
-0.3701850925462722,3.000247831573001,0.020170656113873694,-0.015220472606467084,-0.004038690429399645,0.0006184227112220996,0.0,0.0,0.0,3.0
-0.35017508754377147,3.0002772762720173,0.02015398152964701,-0.015216605923566953,-0.004033829953867978,0.0006218395480931629,0.0,0.0,0.0,3.0
-0.33016508254127075,3.0003102702247553,0.020135496539447698,-0.015212301282355702,-0.004028430033907697,0.0006256226939942527,0.0,0.0,0.0,3.0
-0.31015507753877003,3.0003471473185543,0.020114981971732136,-0.015207506286830803,-0.00402242647675516,0.0006298162110449984,0.0,0.0,0.0,3.0
-0.2901450725362693,3.0003882859608795,0.02009220373641434,-0.015202164288981579,-0.004015750236367112,0.0006344669786091461,0.0,0.0,0.0,3.0
-0.2701350675337686,3.000434110340222,0.020066909798298022,-0.01519621371830376,-0.004008326588178857,0.000639625301486031,0.0,0.0,0.0,3.0
-0.25012506253126787,3.0004850925323128,0.020038827250942432,-0.015189587413779583,-0.0040000743169656015,0.000645345493575631,0.0,0.0,0.0,3.0
-0.2301150575287636,3.0005417553726614,0.020007659404698123,-0.01518221194221929,-0.003990904896172787,0.0006516864552680488,0.0,0.0,0.0,3.0
-0.21010505252626288,3.0006046760482823,0.019973082813657977,-0.0151740068887489,-0.0039807216397297375,0.0006587122603950912,0.0,0.0,0.0,3.0
-0.19009504752376216,3.0006744903891507,0.01993474417360862,-0.015164884106444062,-0.003969418809077294,0.0006664927669824148,0.0,0.0,0.0,3.0
-0.17008504252126144,3.0007518978646837,0.01989225702724543,-0.015154746912743444,-0.003956880659048451,0.0006751042651424289,0.0,0.0,0.0,3.0
-0.15007503751876072,3.0008376673133874,0.01984519821429947,-0.015143489220392367,-0.003942980406432605,0.000684630175165795,0.0,0.0,0.0,3.0
-0.13006503251626,3.0009326434557124,0.019793104003076694,-0.015130994590313775,-0.003927579104591352,0.0006951618091435458,0.0,0.0,0.0,3.0
-0.11005502751375573,3.001037754262025,0.019735465836365658,-0.015117135193002854,-0.003910524406410673,0.0007067992102483868,0.0,0.0,0.0,3.0
-0.09004502251125501,3.0011540192702237,0.019671725618792754,-0.015101770663802288,-0.003891649196181423,0.0007196520851093727,0.0,0.0,0.0,3.0
-0.0700350175087543,3.0012825589717775,0.01960127046443205,-0.015084746835723244,-0.003870770068680786,0.0007338408465387747,0.0,0.0,0.0,3.0
-0.050025012506253574,3.001424605411642,0.01952342681269169,-0.015065894331307584,-0.003847685630745337,0.0007494977862414809,0.0,0.0,0.0,3.0
-0.030015007503752855,3.0015815141774858,0.019437453806983196,-0.015045026992333685,-0.0038221745969206473,0.0007667684001035344,0.0,0.0,0.0,3.0
-0.010005002501252136,3.0017547779878857,0.01934253581412776,-0.015021940122889984,-0.0037939936462593675,0.00078581289228546,0.0,0.0,0.0,3.0
0.010005002501248583,3.0019460421285675,0.019237773942485374,-0.014996408517399964,-0.0037628750019134695,0.0008068078887239368,0.0,0.0,0.0,3.0
0.030015007503752855,3.0021571220316354,0.019122176392885687,-0.014968184240476424,-0.0037285236886905973,0.0008299483958862944,0.0,0.0,0.0,3.0
0.050025012506253574,3.0023900233466905,0.01899464744776585,-0.014936994119878881,-0.003690614416029945,0.0008554500468966214,0.0,0.0,0.0,3.0
0.0700350175087543,3.0026469649181204,0.018853974868677525,-0.014902536907114645,-0.0036487880245631844,0.0008835516847989248,0.0,0.0,0.0,3.0
0.09004502251125501,3.0029304051677084,0.01869881542610797,-0.014864480051898998,-0.003602647422825919,0.0009145183425466699,0.0,0.0,0.0,3.0
0.11005502751375573,3.0032430725036794,0.018527678218382738,-0.014822456025759547,-0.003551752925129819,0.000948644693165033,0.0,0.0,0.0,3.0
0.13006503251625645,3.0035880005702245,0.018338905329307258,-0.014776058114526874,-0.0034956168788069183,0.0009862590651256093,0.0,0.0,0.0,3.0
0.15007503751875717,3.003968569468284,0.018130649197370743,-0.014724835575831152,-0.003433697433378247,0.0010277281535211354,0.0,0.0,0.0,3.0
0.17008504252126144,3.0043885545807987,0.017900845788175596,-0.014668288021152012,-0.00336539124804157,0.00107346261533386,0.0,0.0,0.0,3.0
0.19009504752376216,3.004852185328425,0.017647182274534715,-0.014605858828681645,-0.003290024852443918,0.001123923821527968,0.0,0.0,0.0,3.0
0.21010505252626288,3.005364216966706,0.01736705749215682,-0.014536927324625165,-0.0032068442764137824,0.0011796321456066792,0.0,0.0,0.0,3.0
0.2301150575287636,3.005930019611199,0.01705753284116437,-0.014460799386585526,-0.0031150024780227897,0.0012411773265712915,0.0,0.0,0.0,3.0
0.2501250625312643,3.0065556901955155,0.01671527046665447,-0.014376696063050077,-0.0030135442957609517,0.00130923176128488,0.0,0.0,0.0,3.0
0.27013506753376504,3.007248190611668,0.016336457036684536,-0.014283740176791463,-0.002901390733987054,0.0013845679852427905,0.0,0.0,0.0,3.0
0.2901450725362693,3.0080154990509427,0.015916721004211546,-0.014180943122272251,-0.0027773335617309156,0.0014680813774500675,0.0,0.0,0.0,3.0
0.31015507753877003,3.0088667363765036,0.015451066828980158,-0.01406720136795312,-0.0026400788495347933,0.0015608158599599077,0.0,0.0,0.0,3.0
0.33016508254127075,3.0098122283397557,0.014932736423800313,-0.013944621204896252,-0.0024966306352332407,0.0016568211647864275,9.056385250278861e-05,0.0,0.0,3.0
0.35017508754377147,3.010863512994621,0.014357600999182893,-0.01380587408753125,-0.0023310468765505334,0.0017708522023660166,0.00010020872845679731,0.0,0.0,3.0
0.3701850925462722,3.0120333802362347,0.013717845593981105,-0.013653510475230338,-0.0021528475898137706,0.0018967457685989935,0.00011214033244236934,0.0,0.0,3.0
0.3901950975487729,3.0133358717262984,0.013005385178920323,-0.01349112704838647,-0.001975156512530661,0.002026969990779211,0.0001732380854730991,0.0,0.0,3.0
0.4102051025512736,3.0147830068652812,0.012211656627303811,-0.013321155917127384,-0.0018081314025652985,0.0021547720669056816,0.00033097882751105664,0.0,0.0,3.0
0.4302151075537779,3.016388075845903,0.01132850121444135,-0.013136500896049348,-0.001636458377131498,0.002290490727897747,0.0005374655454390854,0.0,0.0,3.0
0.4502251125562786,3.018171695221261,0.010346461396380513,-0.012928272988675151,-0.0014389260918651894,0.0024471325158414423,0.0007283371083259867,0.0,0.0,3.0
0.47023511755877934,3.020158329665175,0.009253922004368755,-0.012693722111438726,-0.0012089674945046961,0.002622309684295823,0.0008883205189083265,0.0,0.0,4.0
0.49024512256128006,3.0223735191082155,0.008035670027669637,-0.012438673274790464,-0.0009570136944436171,0.0027861771894788106,0.0010210426283411521,0.0001586234968962054,0.0,4.0
0.5102551275637808,3.0248438881622133,0.006678339320216348,-0.012153639829948293,-0.0006747366831237382,0.0029711225616344482,0.0011628982748006487,0.0003032210203867702,0.0,4.0
0.5302651325662815,3.027600902652338,0.005164939712518342,-0.011833627380586381,-0.00035771410592612873,0.003187351511472677,0.0013201679788853399,0.00043932425049341523,0.0,4.0
0.5502751375687822,3.0306789046813236,0.0034771628327393044,-0.011473621854160848,-7.402155696120741e-07,0.003442555641479135,0.0014894978955142684,0.0005395806407372966,0.0,4.0
0.5702851425712865,3.0341141356786774,0.001593420681753842,-0.011074114637826026,0.00039102976226429177,0.003725853523576454,0.0016380568034583944,0.000631350738605327,0.00011788204434285482,5.0
0.5902951475737872,3.037944960418561,-0.0005066626407356124,-0.010626641205504925,0.0008341030090415407,0.004045781060141033,0.0018072687111479575,0.0007337282994556014,0.00020964000080570317,5.0
0.6103051525762879,3.0422132043454724,-0.002845651611564712,-0.01012583742919624,0.0013348473626792429,0.0044065676478536745,0.002004176521798191,0.0008471368440285239,0.00029079399912766425,5.0
0.6303151575787886,3.0469614127345075,-0.005445840775984378,-0.009565633397010494,0.0019000375760653187,0.004814323949175162,0.00223437648222781,0.0009722707552598267,0.00034579242812022215,5.0
0.6503251625812894,3.052231504968459,-0.008329146162936982,-0.008940943705331635,0.0025336058412476006,0.005272379842464816,0.0024918474558844744,0.001107358923177814,0.00039808261380633314,6.0
0.6703351675837901,3.058062232911436,-0.011515531852143499,-0.008246211664037596,0.0032408975891210358,0.0057836895410772835,0.0027748007960280686,0.0012522400034761085,0.0004531058746451414,6.0
0.6903451725862908,3.06448669399243,-0.015021768097307018,-0.007475711408076321,0.004027884836145401,0.006350594414245646,0.0030842806680758195,0.0014070411048876374,0.0005110867667390901,6.0
0.7103551775887951,3.0715292958392144,-0.0188597793106668,-0.006623851533736271,0.004900229222402006,0.006974902173239961,0.0034215828983625704,0.001571408007878734,0.0005708337311183143,6.0
0.7303651825912958,3.0792025050816063,-0.023034745820678333,-0.0056854702747749526,0.005862613860635215,0.007657772086220153,0.00378673387788303,0.0017442075010347718,0.0006310335413931974,6.0
0.7503751875937965,3.087503522831334,-0.027543122307022976,-0.004656162135769824,0.006918271346456098,0.008399306236668309,0.004178088555785264,0.0019234211574664494,0.0006904189044113168,6.0
0.7703851925962972,3.096411095421952,-0.03237081350183823,-0.00353262368142963,0.008068605660041986,0.009198053011672274,0.0045925042956264095,0.0021060857772424962,0.0007474888994593105,6.0
0.790395197598798,3.105882825895974,-0.037491781967132654,-0.0023129934263336318,0.009312851342461168,0.010050604208975461,0.005025549106276502,0.0022882596407660513,0.0008002559063258148,6.0
0.8104052026012987,3.115853498819031,-0.042867342446374274,-0.0009971618188335898,0.010647775977494287,0.010951347301692076,0.0054715388811486165,0.0024650532375157094,0.0008462116805655516,6.0
0.8304152076038029,3.1262349506613285,-0.04844635913333014,0.0004129764453707966,0.012067473224411613,0.011892371553380073,0.005923494814421478,0.0026307622400019914,0.0008824807878137858,6.0
0.8504252126063037,3.1369178782194154,-0.0541665025100463,0.0019133612669514452,0.013563299535017006,0.012863528179161449,0.006373187032844297,0.002779116750540808,0.000906063719517808,6.0
0.8704352176088044,3.1477757289561126,-0.05995660887264236,0.003497729851116607,0.015123990104807444,0.013852659973117564,0.0068113543558833076,0.002903637352361211,0.0009141057257150963,6.0
0.8904452226113051,3.158670505875091,-0.06574002153443594,0.0051577255439580255,0.01673596514925729,0.014846011148533862,0.007228097284830624,0.002998069398054699,0.0009041664248823023,6.0
0.9104552276138058,3.169459985666034,-0.07143861985092625,0.006883157050358868,0.01838381360504939,0.015828802313711057,0.007613392038117146,0.003056851736564006,0.000874473893625613,6.0
0.9304652326163065,3.1800055652877557,-0.07697710625920277,0.008662390976637593,0.02005091854998467,0.016785923160008216,0.007957659311396546,0.003075565738933009,0.000824138096133829,6.0
0.9504752376188073,3.1901798047582126,-0.0822870569781626,0.010482840964462484,0.0217201685914335,0.01770267093244579,0.008252320699659041,0.0030513075864449387,0.0007532925113078596,6.0
0.9704852426213115,3.1998727731881043,-0.08731026914080622,0.012331503232452313,0.023374686532816887,0.018565453711990882,0.008490280153611253,0.002982933835520631,0.0006631382137524163,6.0
0.9904952476238122,3.2089965224426376,-0.09200105446349867,0.014195484078914649,0.024998504946031425,0.019362384909603392,0.008666279063388778,0.002871147629315688,0.0005558796910073901,6.0
1.010505252626313,3.217487347383111,-0.09632730983880672,0.016062470259741266,0.026577128852358724,0.0200837156231037,0.008777092894804113,0.0027184174944244904,0.0004345604910006273,6.0
1.0305152576288137,3.225305855755111,-0.1002703926820574,0.017921106086823485,0.02809794572541396,0.020722078755491247,0.008821561672640739,0.0025287465595347845,0.0003028234951798504,6.0
1.0505252626313144,3.2324351799232356,-0.1038239958667443,0.01976125794819797,0.02955046720439216,0.021272546583816703,0.008800470149734755,0.0023073309107814383,0.0001646310596979996,6.0
1.0705352676338151,3.2388778593324004,-0.10699232095981648,0.02157416377324526,0.030926409645727983,0.0217325263325246,0.008716310894664183,0.002060157289549742,2.3982742393276362e-05,6.0
1.0905452726363158,3.244651988087646,-0.10978787954632893,0.023352478610828457,0.03221963778240304,0.022101532893687978,0.008572972140666093,0.0017935912905764312,-0.00011533651470374183,6.0
1.1105552776388201,3.2497871738054114,-0.11222922172326844,0.02509023625174288,0.03342600540371261,0.022380883326035328,0.008375392366672733,0.0015139994152102525,-0.00024995469513139026,6.0
1.1305652826413208,3.2543207318725624,-0.11433882113571146,0.026782750495405284,0.03454312937195747,0.0225733554837097,0.008129217472881456,0.001227435261900042,-0.00037704619170235583,6.0
1.1505752876438216,3.258294388644904,-0.11614126196385974,0.028426479128003997,0.03557013015976676,0.02268284565604676,0.007840486980467907,0.0009394055679669268,-0.0004944000258893273,6.0
1.1705852926463223,3.261751624658922,-0.11766179471426426,0.03001887037934601,0.03650736568603742,0.02271405027480203,0.007515365542736322,0.0006547187671983506,-0.0006004305545289731,6.0
1.190595297648823,3.2647356766146673,-0.11892526609411967,0.031558207016295116,0.03735617765047933,0.02267218690126797,0.007159927030166931,0.0003774089633103536,-0.0006941432083663768,6.0
1.2106053026513237,3.2672881423187534,-0.11995538750432459,0.03304345846707417,0.03811866235421024,0.022562761339141122,0.006779991497322488,0.00011072228182833572,-0.000775069433481634,6.0
1.230615307653828,3.2694480931895042,-0.12077428520577957,0.034474147185824346,0.03879747202685194,0.02239138149841874,0.0063810106942255905,-0.00014284989762532093,-0.000843184244373222,6.0
1.2506253126563287,3.2712515861184754,-0.12140226868341324,0.03585023220031156,0.039395648280202485,0.022163614607338147,0.005967995222931838,-0.0003815061351164193,-0.0008988175830787348,6.0
1.2706353176588294,3.2727314709675865,-0.12185775716307161,0.0371720104853299,0.03991648641246841,0.02188488220875816,0.005545475504179392,-0.0006040519664708549,-0.000942567845341121,6.0
1.2906453226613301,3.273917403624104,-0.12215731314375525,0.03844003534459447,0.040363427626115514,0.021560386602907402,0.005117488892027226,-0.0008098094707408418,-0.0009752230950601869,6.0
1.3106553276638309,3.274835991614902,-0.12231574272719173,0.0396550501684068,0.04073997546131687,0.021195062522338444,0.0046875860878848865,-0.000998527157320921,-0.0009976930199636846,6.0
1.3306653326663316,3.275511016391727,-0.12234623313376478,0.0408179355670297,0.04104963257570918,0.020793548441025076,0.004258851095922364,-0.0011702953211658294,-0.0010109527638742254,6.0
1.3506753376688323,3.2759636918095927,-0.12226050681088255,0.04192966780107676,0.04129585417872763,0.02036017273817678,0.0038339300873857876,-0.0013254698610213383,-0.0010159984367303597,6.0
1.3706853426713366,3.276212931289407,-0.12206897851941005,0.04299128652625068,0.041482014790380224,0.019898950781968423,0.0034150655686689315,-0.001464605949822998,-0.001013813290389268,6.0
1.3906953476738373,3.2762756064550205,-0.1217809068314322,0.04400387006451614,0.04161138543746632,0.01941358978018191,0.0030041331248395883,-0.001588401842776763,-0.0010053431446279174,6.0
1.410705352676338,3.276166787707657,-0.12140453497381344,0.04496851665712325,0.041687118864254566,0.01890749893065057,0.002602678733233406,-0.0016976524081111274,-0.0009914795290348083,6.0
1.4307153576788387,3.275899962475579,-0.12094721835240795,0.04588633041208214,0.04171224078280164,0.018383802989117105,0.002211955228548408,-0.0017932115580532623,-0.00097304906038834,6.0
1.4507253626813394,3.275487230137738,-0.12041553775798483,0.04675841090462212,0.04168964559653951,0.017845357859648373,0.0018329569724097028,-0.0018759625487687606,-0.0009508077161129871,6.0
1.4707353676838402,3.274939474365218,-0.1198153984203427,0.04758584560664177,0.04162209538386123,0.017294767207872805,0.0014664521521402392,-0.001946795039774442,-0.0009254388376872205,6.0
1.4907453726863409,3.274266514388146,-0.1191521158568525,0.04836970450104412,0.041512221218256054,0.016734399404705003,0.0011130124155238237,-0.002006587812477427,-0.000897553875123153,6.0
1.5107553776888452,3.273477236949763,-0.1184304899069854,0.04911103637800743,0.04136252612831269,0.01616640433509752,0.0007730397493482521,-0.0020561961171589364,-0.0008676950539315688,6.0
1.5307653826913459,3.27257971078138,-0.11765486849955621,0.0498108664178184,0.04117538917214381,0.015592729764599451,0.00044679064085287963,-0.0020964427281181092,-0.0008363393061168017,6.0
1.5507753876938466,3.2715812854783315,-0.11682920263429562,0.050470194747245706,0.040953070228546884,0.01501513706222556,0.00013439763828620795,-0.0021281119193545394,-0.0008039029543510596,6.0
1.5707853926963473,3.270488676696018,-0.11595709386833025,0.051089995721772384,0.040697715204287915,0.014435216148700572,-0.00016411153292181634,-0.0021519457100897276,-0.000770746769511533,6.0
1.590795397698848,3.2693080395676355,-0.11504183537571581,0.05167121774007806,0.04041136143350114,0.013854399589295257,-0.0004487971225065416,-0.002168641855527178,-0.0007371811315310787,6.0
1.6108054027013488,3.268045032126087,-0.11408644746128241,0.05221478344263476,0.04009594310746402,0.01327397578972219,-0.0007197925908956938,-0.0021788531643534754,-0.0007034711091345515,6.0
1.630815407703853,3.2667048702921186,-0.11309370828356735,0.052721590183615614,0.03975329662336916,0.012695101285820794,-0.0009772917377874504,-0.0021831878084636043,-0.0006698413362083973,6.0
1.6508254127063537,3.265292375715835,-0.11206618046339868,0.053192510694306167,0.0393851657796503,0.012118812143101423,-0.0012215375328859138,-0.0021822103557427664,-0.0006364806055015685,6.0
1.6708354177088545,3.263812017495658,-0.11100623419461078,0.05362839387724849,0.03899320677332969,0.011546034499516888,-0.0014528124624411038,-0.0021764433094126896,-0.0006035461301397773,6.0
1.6908454227113552,3.2622679485987987,-0.10991606740483807,0.05403006568489115,0.038578992973212003,0.010977594293953844,-0.0016714302158102646,-0.0021663689826526755,-0.0005711674456940263,6.0
1.710855427713856,3.260664037685783,-0.10879772342785889,0.05439833004672232,0.03814401945417393,0.010414226225580508,-0.0018777285517661596,-0.00215243157748753,-0.0005394499438469574,6.0
1.7308654327163566,3.259003896978295,-0.10765310655328672,0.05473396981682346,0.03768970728528542,0.009856581988324384,-0.002072063202054361,-0.0021350393721554567,-0.000508478044149917,6.0
1.7508754377188573,3.2572909067664506,-0.1064839957327231,0.05503774772085529,0.03721740757046019,0.009305237823362582,-0.0022548026866999523,-0.0021145669498242588,-0.00047831802236791946,6.0
1.7708854427213616,3.2555282370949588,-0.10529205665960183,0.055310407288071885,0.036728405245967585,0.008760701432399142,-0.0024263239296755477,-0.002091357422435426,-0.00044902052149561346,6.0
1.7908954477238623,3.2537188670838493,-0.10407885240791212,0.05555267375970645,0.03622392264442334,0.008223418295867937,-0.002587008574287701,-0.0020657246168935928,-0.00042062277444583423,6.0
1.810905452726363,3.2518656022373316,-0.10284585280585293,0.055765254969421627,0.035705122839082976,0.007693777441973811,-0.0027372399059880045,-0.002037955198599499,-0.00039315056654860744,6.0
1.8309154577288638,3.249971089995829,-0.10159444272029425,0.0559488421941543,0.03517311278464702,0.007172116713226324,-0.002877400297881557,-0.002008310712051456,-0.0003666199630537488,6.0
1.8509254627313645,3.2480378337128455,-0.10032592942328994,0.056104110974770756,0.03462894627112662,0.006658727575873331,-0.003007869102308329,-0.0019770295222422706,-0.0003410388235957101,6.0
1.8709354677338652,3.2460682052003733,-0.09904154919588577,0.05623172190606249,0.03407362670604806,0.006153859514384658,-0.003129020920947045,-0.0019443286451185362,-0.0003164081232488961,6.0
1.890945472736366,3.2440644559801,-0.09774247329845988,0.05633232139548281,0.03350810973828317,0.005657724048695081,-0.003241224195440911,-0.0019104054604677345,-0.00029272309866069886,6.0
1.9109554777388702,3.242028727388866,-0.09642981340803033,0.056406542390223066,0.03293330573501402,0.005170498407475513,-0.003344840069561348,-0.0018754393054336263,-0.00026997423732458785,6.0
1.930965482741371,3.239963059701011,-0.09510462660033667,0.05645500507307291,0.03235008212245032,0.004692328887295873,-0.003440221481425693,-0.0018395929503989778,-0.00024814812751788434,6.0
1.9509754877438716,3.237869400444014,-0.09376791994703743,0.056478317529239444,0.031759265601410465,0.004223333925945548,-0.0035277124495844206,-0.001803013960317442,-0.00022722818485695543,6.0
1.9709854927463724,3.235749612111771,-0.0924206548153635,0.05647707638952898,0.031161644251465066,0.003763606919280709,-0.0036076475197890446,-0.0017658359429716139,-0.00020719526768977638,6.0
1.990995497748873,3.2336054795186815,-0.09106375099028885,0.05645186745989614,0.0305579695417367,0.0033132188150101277,-0.003680351343700444,-0.0017281796821435468,-0.00018802818659031435,6.0
2.011005502751374,3.2314387170999095,-0.08969809078451796,0.056403266353479406,0.029948958264283423,0.0028722205357389094,-0.0037461384530542087,-0.001690154147014969,-0.0001697040393457981,6.0
2.031015507753878,3.2292509765843955,-0.08832452336746033,0.05633183914415896,0.029335294321673366,0.002440645388482355,-0.0038053141090617425,-0.0016518573309895232,-0.0001521976716889113,6.0
2.051025512756379,3.227043854677187,-0.08694386907100371,0.05623814296774765,0.02871762974380833,0.0020185119132588524,-0.00385818100840201,-0.0016133767285571,-0.00013547653890210598,6.0
2.0710355177588795,3.2248188960830455,-0.08555692091696872,0.05612272595706562,0.028096582272807712,0.0016058277911942622,-0.003905067739274875,-0.0015747889425293583,-0.00011947815616397792,6.0
2.0910455227613802,3.222577580729496,-0.08416443675378261,0.05598612445958248,0.02747272284566808,0.0012025936277201233,-0.003946409714525119,-0.0015361578185795221,-0.00010404243769323486,6.0
2.111055527763881,3.22032128984986,-0.08276711861640455,0.05582885387872379,0.026846545001322497,0.0008087984931875996,-0.0039828977733575525,-0.0014975331658274732,-8.877097473745208e-05,5.0
2.1310655327663817,3.218051276411204,-0.08136559557979878,0.05565139141680933,0.026218423052290742,0.00042438925431425976,-0.004015603127968776,-0.0014589636528013238,-7.283439847962542e-05,6.0
2.1510755377688824,3.2157686851000613,-0.07996044749921326,0.05545416153837302,0.02558861095909514,4.9205016685320864e-05,-0.004045787357692153,-0.001420552866919736,-5.480186494404668e-05,6.0
2.1710855427713867,3.213474613905207,-0.07855228639055963,0.05523757663638182,0.024957428968336172,-0.0003170324854608299,-0.004073891088462061,-0.001382504048494539,-3.231862329660863e-05,6.0
2.1910955477738874,3.211170249033549,-0.07714175597097653,0.055002352338115505,0.024326089530777112,-0.0006741167474019022,-0.004096668623230841,-0.0013443590381963784,-1.141227937965128e-05,5.0
2.211105552776388,3.2088569845228725,-0.07572955292446966,0.05474937048634614,0.023696182574758053,-0.001021591251317937,-0.004110104315662506,-0.0013059508816880116,0.0,5.0
2.231115557778889,3.2065363591700153,-0.07431639079203523,0.05447927041067907,0.023068503326016558,-0.001359335970055674,-0.004113533913309248,-0.0012676948008276733,0.0,5.0
2.2511255627813895,3.2042097785026833,-0.07290300417246574,0.054192127559671385,0.022442327296053947,-0.001688103655317794,-0.004110950067553293,-0.0012302337595827117,0.0,5.0
2.2711355677838903,3.2018784104115254,-0.07148995916454637,0.05388830651174849,0.021817669795309958,-0.002008071758805236,-0.004103944940692726,-0.0011934243182897188,0.0,5.0
2.291145572786391,3.1995433572524195,-0.07007781505682936,0.05356825061549802,0.02119478712466587,-0.0023193231575866476,-0.004093161675630851,-0.0011571438071877782,0.0,5.0
2.3111555777888952,3.1972056266711943,-0.06866712692956473,0.05323242431944207,0.02057400800321246,-0.0026219231312683096,-0.0040789178754538314,-0.0011213474389118437,0.0,5.0
2.331165582791396,3.194866167519985,-0.0672584419402635,0.05288129609401535,0.019955673183135327,-0.0029159281638370255,-0.004061457540829012,-0.0010860180572826621,0.0,5.0
2.3511755877938967,3.1925259168441578,-0.06585228531159591,0.05251533113668537,0.019340113273529587,-0.0032013948926611427,-0.00404101951770759,-0.0010511399330653648,0.0,5.0
2.3711855927963974,3.190185826888928,-0.06444915133306534,0.0521349882313624,0.01872764268579185,-0.003478388656319242,-0.004017833074327193,-0.0010166981025839775,0.0,5.0
2.391195597798898,3.187846863445265,-0.06304950788268479,0.0517407195869308,0.01811856063437513,-0.003746985413410467,-0.003992102871738667,-0.000982683918205383,0.0,5.0
2.411205602801399,3.185509986653343,-0.06165380952013797,0.051332972014005475,0.017513153903950432,-0.0040072683885484265,-0.003964004787541007,-0.0009490964338836311,0.0,5.0
2.4312156078038996,3.183176132671412,-0.06026250933946902,0.05091218796158879,0.016911698732572138,-0.004259323988663585,-0.003933690825778566,-0.0009159396246438161,0.0,5.0
2.451225612806404,3.180846206520428,-0.05887606418488083,0.05047880590013298,0.016314461345781493,-0.004503239580384497,-0.0039012960725754086,-0.000883218919449693,0.0,5.0
2.4712356178089045,3.178521085811263,-0.05749493351881742,0.0500332602563859,0.01572169770772499,-0.004739103107055192,-0.0038669439484761902,-0.0008509392086826937,0.0,5.0
2.4912456228114053,3.1762016307235603,-0.05611957455228123,0.049575981277216886,0.015133653142349894,-0.004967003524736861,-0.0038307494537131756,-0.0008191044758603352,0.0,5.0
2.511255627813906,3.173888694616772,-0.054750436788198485,0.04910739506040387,0.014550562234036559,-0.005187031193052519,-0.003792821094396336,-0.000787718220583325,0.0,5.0
2.5312656328164067,3.1715831301391093,-0.053387958880236126,0.04862792378275109,0.013972649137316363,-0.005399277814124223,-0.003753261886676014,-0.0007567838152992267,0.0,5.0
2.5512756378189074,3.1692857885172057,-0.05203256915984895,0.04813798601159041,0.013400128185782928,-0.005603835926143929,-0.003712169632797119,-0.0007263043949318796,0.0,5.0
2.5712856428214117,3.1669975138477113,-0.05068468887656454,0.047637996953830926,0.012833204557837277,-0.005800798223963118,-0.0036696367929231017,-0.0006962823858583778,0.0,5.0
2.5912956478239124,3.1647191368942993,-0.04934473567805879,0.047128368559851724,0.012272074778100535,-0.005990257033651406,-0.0036257503910285486,-0.0006667190445314784,0.0,5.0
2.611305652826413,3.1624514722656296,-0.048013125177162545,0.04660950949657184,0.011716926977277742,-0.00617230411993807,-0.003580592255607197,-0.0006376143108844251,0.0,5.0
2.631315657828914,3.1601953198865425,-0.04669027008682835,0.04608182507020391,0.011167940993297104,-0.0063470307820774514,-0.003534239600632809,-0.000608967028797647,0.0,5.0
2.6513256628314146,3.15795146885,-0.04537657797732952,0.0455457171842461,0.010625288472498816,-0.006514528048240186,-0.0034867657252539647,-0.0005807753622726952,0.0,5.0
2.6713356678339153,3.1557207007777097,-0.044072449251601684,0.045001584374748285,0.010089133094658581,-0.006674886779992641,-0.00343824057877803,-0.0005530371707092053,0.0,5.0
2.691345672836416,3.1535037907867434,-0.04277827639659582,0.04444982190879516,0.009559630945251123,-0.00682819760874989,-0.0033887310665108904,-0.000525750192815234,0.0,5.0
2.7113556778389203,3.1513015059512846,-0.041494444560563094,0.04389082189647737,0.009036930964612581,-0.0069745507532955504,-0.0033383011405296063,-0.0004989120341193959,0.0,5.0
2.731365682841421,3.149114602516301,-0.04022133272558467,0.04332497336466453,0.008521175366698459,-0.007114035835296872,-0.0032870118201957497,-0.0004725200611767787,0.0,5.0
2.7513756878439217,3.1469438234202687,-0.0389593145596625,0.042752662264777995,0.008012499946320632,-0.007246741796212172,-0.0032349212832130866,-0.00044657132888904663,0.0,5.0
2.7713856928464224,3.144789897046701,-0.03770875838287546,0.04217427141736096,0.007511034253852234,-0.007372756952867435,-0.0031820850905321303,-0.0004210626173698431,0.0,5.0
2.791395697848923,3.1426535371563236,-0.03647002623790486,0.04159018041629317,0.007016901670904036,-0.007492169159468471,-0.0031285565187779457,-0.0003959905779897317,0.0,5.0
2.811405702851424,3.1405354432699535,-0.035243472475368,0.04100076551821995,0.006530219443750796,-0.0076050660078009575,-0.003074386921489045,-0.0003713519311073391,0.0,5.0
2.8314157078539246,3.138436300668557,-0.03402944238067971,0.040406399532462556,0.00605109872127855,-0.007711535003302269,-0.003019626040424211,-0.00034714364296655555,0.0,5.0
2.851425712856429,3.136356779564237,-0.03282827121753028,0.039807451713277854,0.00557964461657766,-0.0078116636869399484,-0.0029643222245858917,-0.0003233630311754347,0.0,5.0
2.8714357178589296,3.1342975335667393,-0.031640283799373586,0.039204287648692486,0.005115956286095782,-0.00790553970709322,-0.0029085225582595464,-0.00030000778573409403,0.0,5.0
2.8914457228614303,3.1322591980151655,-0.030465794490994708,0.038597269142144834,0.004660127011040506,-0.007993250863226893,-0.0028522729256997797,-0.00027707592291941884,0.0,5.0
2.911455727863931,3.1302423889048936,-0.029305107488399502,0.037986754093563384,0.004212244275320553,-0.008074885138097405,-0.002795618038801734,-0.0002545656984978737,0.0,5.0
2.9314657328664318,3.1282477030099476,-0.028158517315640966,0.03737309639949404,0.003772389855225972,-0.008150530716267599,-0.0027386014319164165,-0.00023247549487454916,0.0,5.0
2.9514757378689325,3.12627571935469,-0.027026309541697983,0.036756645894306696,0.003340639949799034,-0.008220275981158449,-0.0026812654103052077,-0.00021080368052266193,0.0,5.0
2.9714857428714367,3.1243270014323317,-0.025908761569299055,0.03613774832192197,0.0029170653663446473,-0.00828420958817731,-0.0026236509539342813,-0.00018954837966721989,0.0,5.0
2.9914957478739375,3.122402099070716,-0.024806143169997987,0.03551674518717441,0.002501731721628045,-0.008342421439806973,-0.00256579761101752,-0.00016870649114515915,0.0,5.0
3.011505752876438,3.120501548680981,-0.0237187162468271,0.03489397277199105,0.002094699379562375,-0.008395008593421717,-0.0025077434869455882,-0.00014826835117522154,0.0,5.0
3.031515757878939,3.1186258678971654,-0.022646731516493455,0.03426975794928019,0.0016960217562326779,-0.008442098720395768,-0.0024495259774919556,-0.00012819606151652876,0.0,5.0
3.0515257628814396,3.116775534700573,-0.02159041623083851,0.033644406241501154,0.0013057380010629168,-0.008483912828915623,-0.0023911857304162983,-0.00010836210919268409,0.0,5.0
3.0715357678839403,3.114950946732223,-0.020549950641740214,0.03301818084006853,0.0009238548826186753,-0.008520866205535351,-0.0023327786286637072,-8.843587445703048e-05,0.0,4.0
3.091545772886441,3.1131523902583704,-0.01952545277892358,0.03239129124170995,0.0005503244045803862,-0.008553600093655874,-0.0022743964052997115,-6.778663322702028e-05,0.0,4.0
3.1115557778889453,3.1113800745580638,-0.018517011830249834,0.03176394697900196,0.00018506343539231588,-0.008582668202915113,-0.0022161643035551216,-4.563124500625362e-05,0.0,5.0
3.131565782891446,3.1096342422845744,-0.01752477438571502,0.031136553789321994,-0.0001718726860079858,-0.0086075746917553,-0.0021580787291988713,-2.1873769956906137e-05,0.0,5.0
3.1515757878939468,3.1079153550465226,-0.016548965635439037,0.03051004174310412,-0.0005198623347942641,-0.008625420261330407,-0.002099442197355518,-2.486806125173276e-06,0.0,4.0
3.1715857928964475,3.1062242586794504,-0.015589851140598564,0.02988554996031258,-0.0008579410833656763,-0.008632504545774841,-0.002039266268273095,0.0,0.0,4.0
3.191595797898948,3.1045618386078773,-0.014647936803780117,0.029262788972018193,-0.0011868726951205202,-0.00863114315155347,-0.0019791104082868666,0.0,0.0,4.0
3.211605802901449,3.1029286167702903,-0.01372346095387957,0.02864166583980095,-0.001507088104605699,-0.008623078793604412,-0.0019194847177884291,0.0,0.0,4.0
3.2316158079039496,3.101324913330229,-0.012816539952806771,0.028022283413090206,-0.0018187584093810921,-0.008609257668063686,-0.0018604723113751218,0.0,0.0,4.0
3.251625812906454,3.099750921238174,-0.011927255471755672,0.027404842249547194,-0.00212194477642176,-0.008590146335971917,-0.001802065524267471,0.0,0.0,4.0
3.2716358179089546,3.0982067280333405,-0.011055670978117237,0.0267895761631007,-0.0024166669533973195,-0.008566027602748447,-0.0017442476973656745,0.0,0.0,4.0
3.2916458229114554,3.0966923694564774,-0.010201830159227912,0.02617672354048206,-0.002702932098055302,-0.008537153882084545,-0.0016869935369667496,0.0,0.0,4.0
3.311655827913956,3.095207872673423,-0.009365746650861533,0.025566518718202733,-0.002980749626165662,-0.008503782738303432,-0.001630271508921215,0.0,0.0,4.0
3.331665832916457,3.0937532717752387,-0.00854740201761446,0.024959190879921742,-0.003250138272566487,-0.008466163120309116,-0.0015740547600543403,0.0,0.0,4.0
3.3516758379189575,3.0923286011327273,-0.007746753223003532,0.02435496429178681,-0.0035111273784193707,-0.008424520201213566,-0.0015183290990248967,0.0,0.0,4.0
3.371685842921462,3.090933881505307,-0.006963741769760344,0.023754058243278107,-0.0037637552354999933,-0.008379052129296303,-0.0014630940715938696,0.0,0.0,4.0
3.3916958479239625,3.0895691081836194,-0.006198300135552859,0.023156686714470073,-0.004008066979185988,-0.008329934607541471,-0.0014083596659125778,0.0,0.0,4.0
3.4117058529264632,3.088234243317454,-0.005450354984583187,0.022563057896605232,-0.00424411324461646,-0.008277327505379723,-0.0013541421167966444,0.0,0.0,4.0
3.431715857928964,3.0869292129682044,-0.004719827341678146,0.021973373611012273,-0.004471949767586635,-0.008221380529696573,-0.0013004608719058661,0.0,0.0,4.0
3.4517258629314647,3.0856539086631636,-0.004006630189720351,0.021387828700392034,-0.0046916376159064155,-0.008162237202620718,-0.0012473372057605428,0.0,0.0,4.0
3.4717358679339654,3.0844081921872233,-0.003310664418507552,0.020806610491597315,-0.004903243650017102,-0.008100037416097106,-0.0011947940018117195,0.0,0.0,4.0
3.491745872936466,3.0831919012259585,-0.002631814604594696,0.02022989841828931,-0.0051068408924464055,-0.008034918966096297,-0.0011428559324064115,0.0,0.0,4.0
3.5117558779389704,3.082004852684644,-0.0019699464990910994,0.01965786384034865,-0.005302508617143899,-0.007967018283587542,-0.0010915494216320143,0.0,0.0,4.0
3.531765882941471,3.0808468419803092,-0.001324907235603587,0.019090670006526266,-0.005490332160002453,-0.007896470558804975,-0.0010409021767895164,0.0,0.0,4.0
3.551775887943972,3.0797176394974697,-0.0006965276010238145,0.018528472043878357,-0.00567040261210955,-0.007823409563631742,-0.0009909424563938798,0.0,0.0,4.0
3.5717858929464725,3.078616987139843,-8.462468681861473e-05,0.017971416875150508,-0.00584281658051628,-0.0077479674859681725,-0.0009416983898591975,0.0,0.0,4.0
3.5917958979489732,3.0775445974055127,0.0005109965161205633,0.017419643044514824,-0.006007676094466441,-0.007670274940314896,-0.0008931975599732142,0.0,0.0,4.0
3.611805902951474,3.0765001553564906,0.001090542882253873,0.016873280511808968,-0.006165088594660513,-0.0075904611168448955,-0.0008454668439963716,0.0,0.0,4.0
3.6318159079539747,3.0754833220175155,0.0016542335534012475,0.01633245050270441,-0.006315166875887717,-0.007508653922153476,-0.000798532362656054,0.0,0.0,4.0
3.651825912956479,3.0744937373486967,0.002202300033064818,0.015797265471086088,-0.0064580288906060665,-0.007424979998375986,-0.0007524193896092152,0.0,0.0,4.0
3.6718359179589797,3.073531021833702,0.0027349855238745853,0.015267829175589557,-0.006593797411104445,-0.007339564618069009,-0.0007071521775991482,0.0,0.0,4.0
3.6918459229614804,3.072594776903096,0.003252543706307825,0.014744236834869577,-0.006722599616999821,-0.007252531541021349,-0.0006627537591865596,0.0,0.0,4.0
3.711855927963981,3.071684585037639,0.003755237484395717,0.014226575322218578,-0.006844566685866706,-0.007164002934554315,-0.0006192458142606065,0.0,0.0,4.0
3.731865932966482,3.0708000102967956,0.004243338134879493,0.013714923380562058,-0.006959833428202843,-0.007074099413904146,-0.0005766486634516307,0.0,0.0,4.0
3.7518759379689826,3.069940599512705,0.0047171249740488785,0.013209351864251805,-0.007068537957092772,-0.006982940199027339,-0.0005349813852686443,0.0,0.0,4.0
3.771885942971487,3.069105883904933,0.005176885348166747,0.01270992402949805,-0.007170821346464743,-0.006890643348624702,-0.0004942620062889002,0.0,0.0,4.0
3.7918959479739875,3.068295380671541,0.005622914616004389,0.012216695896346745,-0.00726682722014541,-0.006797326038234064,-0.00045450769817255063,0.0,0.0,4.0
3.8119059529764883,3.067508594224833,0.00605551584644175,0.011729716696269089,-0.007356701220124671,-0.006703104892394632,-0.0004157349275691709,0.0,0.0,4.0
3.831915957978989,3.0667450170208297,0.006474999119969042,0.011249029408131012,-0.007440590311360782,-0.006608096448758311,-0.0003779595224938636,0.0,0.0,4.0
3.8519259629814897,3.0660041301911702,0.006881680490759417,0.010774671375881029,-0.007518641878492768,-0.006512417921195618,-0.0003411966118405318,0.0,0.0,4.0
3.8719359679839904,3.065285404301756,0.00727588076043952,0.010306674990888576,-0.0075910025508613916,-0.006416188559973165,-0.00030546033126237394,0.0,0.0,4.0
3.891945972986491,3.0645883005195538,0.007657924220567884,0.009845068398223073,-0.0076578166583480154,-0.006319532139180213,-0.00027076302708710706,0.0,0.0,4.0
3.9119559779889954,3.0639122723369576,0.008028137470590987,0.00938987612410945,-0.007719224180855069,-0.00622258155757752,-0.00023711335950016266,0.0,0.0,4.0
3.931965982991496,3.063256767882672,0.008386848361828564,0.008941119371787298,-0.007775358030336193,-0.006125487464586279,-0.00020451207999342924,0.0,0.0,4.0
3.951975987993997,3.0626212328431612,0.00873438510447353,0.00849881538690318,-0.007826340563073011,-0.0060284347341134715,-0.00017294314548567218,0.0,0.0,4.0
3.9719859929964976,3.0620051142823974,0.009071075665360202,0.008062974485072066,-0.007872279603063565,-0.005931674670927408,-0.00014235611491774874,0.0,0.0,4.0
3.9919959979989983,3.0614078665800757,0.009397247929672687,0.007633591332447378,-0.007913265859746957,-0.0058355899180433015,-0.00011263422000973833,0.0,0.0,4.0
4.012006003001499,3.0608289634838535,0.009713232111443615,0.00721062166709265,-0.00794937976354476,-0.005740830930592909,-8.354637527662297e-05,0.0,0.0,3.0
4.032016008004,3.060267927521275,0.010019369176414505,0.006793919623735374,-0.007980738765562203,-0.005648620906627788,-5.471514786122272e-05,0.0,0.0,4.0
4.052026013006504,3.0597243974615354,0.010316028014003787,0.006383059074941748,-0.008007702274306496,-0.005561496179878595,-2.5797648545534497e-05,0.0,0.0,3.0
4.072036018009005,3.059198169543934,0.010603562278579995,0.005976783329820546,-0.008031675786591712,-0.0054852963663856984,2.2246766314523276e-06,0.0,0.0,4.0
4.092046023011505,3.0586879557108615,0.010881368129759636,0.005571170807042479,-0.00805819689974016,-0.005435124416376779,2.0924452842823795e-05,9.059934341450327e-05,0.0,4.0
4.112056028014006,3.0581923079598567,0.011150758030864648,0.005171978259979841,-0.008081009373785602,-0.005385079431498149,3.910333100450104e-05,0.00016560135699452306,0.0,4.0
4.132066033016507,3.057711216098032,0.011411824953825837,0.00478187853284861,-0.008098140385423669,-0.005320325502326107,5.7903647975871376e-05,0.00021798560722491824,0.0,4.0
4.152076038019008,3.0572445961841157,0.01166501356257148,0.0044032254537349136,-0.008107162227934402,-0.0052283171843417455,7.953752049431408e-05,0.00021791635222468244,0.0,3.0
4.172086043021508,3.0567926323875008,0.011910577205952426,0.004035832709430809,-0.008108038707243359,-0.005109618622197526,0.00010420217053233184,0.00016558139645958165,0.0,4.0
4.192096048024013,3.056355302017121,0.01214863411001693,0.003676975348077255,-0.008103036693027085,-0.00497800721777837,0.0001300787074848802,9.056343639161019e-05,0.0,5.0
4.212106053026513,3.0559325795742693,0.012379625674482569,0.0033234686455831013,-0.008094555109518297,-0.004851550819537705,0.00015668637173068457,0.0,0.0,4.0
4.232116058029014,3.0555236262213357,0.01260294528953399,0.002968333434555022,-0.008090518986590679,-0.004763430622098124,0.00017470278523409592,0.0,0.0,4.0
4.252126063031515,3.055126329800966,0.012818945962722079,0.0026114517123274933,-0.008091103981043408,-0.004715393956881815,0.0001842687232852215,9.166853850482861e-05,0.0,4.0
4.2721360680340155,3.054739881029424,0.013028731313711541,0.0022593916686184583,-0.008089117723337655,-0.004678342115600215,0.00019501626046833487,0.00017308801056510465,0.0,4.0
4.292146073036516,3.0543646047563784,0.013232283302708288,0.001914650757685626,-0.008082900733465117,-0.004637825543380612,0.00020750973706970942,0.00024063717073311602,0.0,4.0
4.3121560780390205,3.054000591982563,0.013429929857305557,0.001578827520747589,-0.008071146670787574,-0.004583564683803928,0.0002226234533651611,0.0002714193087791652,0.0,4.0
4.332166083041521,3.0536478145092976,0.01362164388359795,0.001250763391654784,-0.008055579986911626,-0.0045181960710282895,0.0002377628835732595,0.0002864681290739782,0.0,4.0
4.352176088044022,3.053305826099751,0.013807608997426864,0.0009293971033524169,-0.008037403409561985,-0.004445393794557477,0.00025179091475402,0.00029364333165323456,0.0,5.0
4.372186093046523,3.052974163234641,0.013988040665672559,0.0006140396319915853,-0.00801723955938318,-0.0043679702967328255,0.0002645037404684099,0.00029646226760637943,0.0,4.0
4.392196098049023,3.0526524084910442,0.014163146629334177,0.0003042728347258665,-0.00799539255495779,-0.0042878500948409426,0.0002760231468856115,0.00029671970541439896,0.0,5.0
4.412206103051524,3.052340184375491,0.014333123120252433,-1.571054112256292e-07,-0.007972018246748178,-0.0042063096423573115,0.00028652647425461865,0.00029541238961754894,0.0,5.0
4.432216108054025,3.0520371420816947,0.014498156445532338,-0.0002994098453725822,-0.00794720985516761,-0.004124188998636864,0.0002961621635770144,0.0002931240322135589,0.0,5.0
4.452226113056529,3.051742953992125,0.014658424584685482,-0.0005935929400109668,-0.007921037521796022,-0.004042041433521072,0.00030503687758315216,0.0002902083684084092,0.0,5.0
4.47223611805903,3.0514573093666955,0.014814098267477534,-0.0008827863431951965,-0.007893565502104615,-0.003960232990668281,0.0003132236325427063,0.0002868849223045833,0.0,5.0
4.4922461230615305,3.0511799119379726,0.01496534167404158,-0.001167056436136513,-0.007864858904761435,-0.0038790074372422262,0.0003207728052859951,0.0002832924846363567,0.0,5.0
4.512256128064031,3.0509104785395897,0.015112312896136458,-0.0014464638700922721,-0.00783498566286155,-0.003798528360283718,0.0003277209037033757,0.00027952030194869056,0.0,5.0
4.532266133066532,3.0506487382523715,0.015255164237368403,-0.0017210677723988608,-0.007804016434249263,-0.003718906424653218,0.00033409646892573075,0.00027562679386589577,0.0,5.0
4.552276138069033,3.0503944317760743,0.01539404239409393,-0.0019909278343919613,-0.007772023709930982,-0.0036402170537386883,0.0003399237061814972,0.0002716509991231098,0.0,5.0
4.572286143071533,3.0501473108716066,0.015529088545527118,-0.0022561051892565982,-0.007739080727847663,-0.003562511936912563,0.0003452245795921402,0.0002676196647644478,0.0,5.0
4.592296148074038,3.0499071378056013,0.015660438380822938,-0.0025166626227036124,-0.007705260456666182,-0.0034858265542049003,0.0003500199504098584,0.0002635516771400913,0.0,5.0
4.612306153076538,3.049673684784163,0.015788222094236675,-0.002772664439020261,-0.00767063475139666,-0.0034101851260705408,0.0003543301516549171,0.00025946085084492114,0.0,5.0
4.632316158079039,3.0494467333934216,0.015912564381327935,-0.00302417617126159,-0.007635273704286773,-0.003335603893978269,0.0003581752452114998,0.00025535769358811663,0.0,5.0
4.65232616308154,3.0492260740757127,0.016033584466669127,-0.0032712642429016505,-0.007599245178648941,-0.00326209331558307,0.0003615751074214645,0.000251250526834439,0.0,5.0
4.6723361680840405,3.0490115056663356,0.016151396186097372,-0.0035139956387573237,-0.00756261449884841,-0.0031896595514462676,0.00036454942635629064,0.00024714619757478494,0.0,5.0
4.692346173086541,3.0488028350024083,0.01626610813552713,-0.0037524376131732678,-0.007525444265788004,-0.003118305487073241,0.0003671176566756721,0.0002430505283569911,0.0,5.0
4.7123561780890455,3.048599876598505,0.016377823886096,-0.003986657445882938,-0.0074877942683665225,-0.003048031448045784,0.0003692989569551241,0.000238968598710156,0.0,5.0
4.732366183091546,3.0484024523690296,0.016486642254519932,-0.0042167222460767215,-0.007449721464817423,-0.0029788357104861547,0.00037111212299145664,0.00023490491795746256,0.0,5.0
4.752376188094047,3.048210391368783,0.016592657609983987,-0.004442698800153514,-0.007411280012187929,-0.0029107148733106417,0.00037257552457434044,0.00023086352888823,0.0,5.0
4.772386193096548,3.048023529522708,0.01669596019569075,-0.004664653456558543,-0.007372521326790234,-0.0028436641358037204,0.0003737070499361712,0.00022684806876151705,0.0,5.0
4.792396198099048,3.0478417093229373,0.016796636444199434,-0.004882652040784261,-0.007333494162825875,-0.0027776775094299276,0.0003745240601228853,0.00022286180555742234,0.0,5.0
4.812406203101549,3.0476647794837723,0.016894769269872455,-0.005096759794195662,-0.00729424470026353,-0.002712747983474137,0.0003750433541808929,0.00021890766147849227,0.0,5.0
4.83241620810405,3.0474925945596776,0.016990438327511376,-0.005307041331276797,-0.007254816636233874,-0.002648867658039241,0.00037528114508679353,0.0002149882314442725,0.0,5.0
4.852426213106554,3.0473250145443167,0.01708372023198916,-0.005513560610836516,-0.007215251276578964,-0.0025860278538132153,0.0003752530457170261,0.0002111058012089052,0.0,5.0
4.872436218109055,3.047161904477179,0.01717468873810909,-0.005716380917485123,-0.007175587625751841,-0.0025242192050333586,0.0003749740638710184,0.00020726236751050586,0.0,5.0
4.8924462231115555,3.0470031340869457,0.017263414882451852,-0.005915564850258423,-0.0071358624741073365,-0.0024634317397871633,0.00037445860538304874,0.00020345966117480728,0.0,5.0
4.912456228114056,3.046848577497333,0.017349967089761123,-0.006111174315673055,-0.007096110481953414,-0.0024036549500188464,0.0003737204845673165,0.0001996991731964528,0.0,5.0
4.932466233116557,3.0466981130130133,0.01743441124621272,-0.006303270522842986,-0.007056364259782438,-0.0023448778523341,0.00037277294146272777,0.00019598218333632353,0.0,5.0
4.952476238119058,3.0465516229925407,0.01751681074174528,-0.006491913978670329,-0.00701665444410714,-0.002287089039946764,0.0003716286653989779,0.0001923097905141534,0.0,5.0
4.972486243121558,3.046408993804229,0.017597226484419592,-0.00667716448160889,-0.00697700976845693,-0.0022302767259029404,0.00037029982416992137,0.0001886829440743766,0.0,5.0
4.992496248124063,3.0462701158516063,0.017675716892026214,-0.006859081113100719,-0.006937457129428029,-0.0021744287779973436,0.00036879809754926667,0.0001851024747477916,0.0,5.0
5.012506253126563,3.04613488364834,0.017752337869735794,-0.007037722226465125,-0.006898021648206948,-0.0021195327464270577,0.00036713471310995837,0.0001815691237966826,0.0,5.0
5.032516258129064,3.0460031959184963,0.017827142786786123,-0.00721314543370359,-0.00685872672860847,-0.00206557588601398,0.00036532048149564563,0.00017808356847276126,0.0,5.0
5.052526263131565,3.045874955696015,0.0179001824689428,-0.007385407591287331,-0.006819594113258068,-0.0020125451755540424,0.00036336582766595356,0.00017464644165111312,0.0,5.0
5.0725362681340656,3.0457500703964477,0.017971505225641952,-0.00755456478644949,-0.006780643939983751,-0.001960427337333832,0.00036128081440126454,0.000171258343460727,0.0,5.0
5.092546273136566,3.0456284518335575,0.01804115693048672,-0.007720672325774174,-0.006741894800687029,-0.0019092088599772237,0.0003590751546352175,0.0001679198430152524,0.0,5.0
5.1125562781390705,3.0455100161531843,0.018109181170784347,-0.00788378472796182,-0.006703363804915718,-0.0018588760275149033,0.00035675821000484445,0.0001646314689958514,0.0,5.0
5.132566283141571,3.0453946836572237,0.018175619476308455,-0.008043955722585537,-0.00666506665009684,-0.0018094149569581038,0.0003543389742805467,0.00016139368881289888,0.0,5.0
5.152576288144072,3.045282378492634,0.018240511630178664,-0.00820123825648243,-0.006627017699972106,-0.0017608116458113143,0.00035182604188600174,0.00015820687726342454,0.0,5.0
5.172586293146573,3.045173028185115,0.01830389605669957,-0.008355684509189866,-0.006589230072286533,-0.0017130520300081176,0.0003492275633214052,0.00015507127684538687,0.0,5.0
5.192596298149073,3.045066563005241,0.01836581027335904,-0.008507345918569382,-0.006551715736277882,-0.0016661220518290054,0.00034655119073477656,0.0001519869530023206,0.0,5.0
5.212606303151574,3.0449629151665385,0.018426291388006895,-0.00865627321746989,-0.006514485620040936,-0.0016200077365622714,0.0003438040179516503,0.00014895374837784682,0.0,5.0
5.232616308154075,3.0448620178696695,0.01848537661824314,-0.008802516481957711,-0.006477549727405169,-0.0015746952760572234,0.00034099251984795004,0.00014597124052994568,0.0,5.0
5.252626313156579,3.044763804223626,0.01854310380838313,-0.00894612519124944,-0.006440917263531917,-0.0015301711168866164,0.00033812249601364666,0.00014303870744463302,0.0,5.0
5.27263631815908,3.0446682060928625,0.018599511919316955,-0.009087148298959543,-0.006404596767911801,-0.0014864220504847425,0.00033519902332770126,0.0001401551046738486,0.0,5.0
5.292646323161581,3.044575152938607,0.018654641466527438,-0.009225634314509908,-0.006368596252653244,-0.0014434353021566444,0.00033222642162184846,0.0001373190572053424,0.0,5.0
5.312656328164081,3.0444845707452606,0.018708534878382654,-0.009361631392352809,-0.00633292334259565,-0.001401198614876667,0.0003292082365370551,0.0001345288686236705,0.0,5.0
5.332666333166582,3.0443963811544577,0.018761236735596824,-0.009495187424686734,-0.006297585411342668,-0.0013597003215562533,0.00032614724470299625,0.00013178255023543186,0.0,5.0
5.352676338169083,3.0443105009656146,0.01881279383460172,-0.009626350130344035,-0.006262589703657708,-0.0013189293947595267,0.00032304548835566493,0.00012907787280375354,0.0,5.0
5.3726863431715834,3.044226842155408,0.018863255018491197,-0.009755167128897523,-0.006227943431816549,-0.0012788754515511561,0.0003199043449267153,0.00012641243594180916,0.0,5.0
5.392696348174088,3.044145312504012,0.018912670747853823,-0.009881685981872388,-0.006193653832751868,-0.0012395286442054502,0.0003167246235362807,0.00012378371192505534,0.0,5.0
5.412706353176588,3.044065817165285,0.018961092228884285,-0.010005954147455611,-0.006159728154997684,-0.0012008791568315998,0.00031350665806707226,0.00012118889664861859,0.0,5.0
5.432716358179089,3.0439882596591272,0.01900857093285007,-0.01012801777414926,-0.0061261727033252115,-0.001162910859790541,0.0003102505880119053,0.00011861830399134033,0.0,5.0
5.45272636318159,3.0439125346358646,0.0190551626661736,-0.010247911428304175,-0.006092983948946706,-0.0011255500521433896,0.0003069602631079768,0.0001159941415596095,0.0,5.0
5.472736368184091,3.0438385185775454,0.01910093264546792,-0.01036561486102724,-0.006060108718474675,-0.0010884541889577993,0.00030366862377068603,0.00011289968771442446,0.0,5.0
5.492746373186591,3.0437661138977217,0.01914593455525852,-0.010480952887023592,-0.00602734381985222,-0.0010505362131638782,0.00030052987208812384,0.0001078546472974462,0.0,5.0
5.512756378189096,3.0436954002814702,0.019190158408095518,-0.010593488294048315,-0.005994203097262645,-0.001009500349954836,0.0002980231161273036,9.687038039302975e-05,0.0,4.0
5.532766383191596,3.043626830787542,0.0192335286891604,-0.01070265976735846,-0.005960003038675652,-0.0009625803955204532,0.0002970540163337339,7.014846582888662e-05,0.0,4.0
5.552776388194097,3.043560983338221,0.019275752890467925,-0.010809063799612537,-0.005925420726784369,-0.0009119776533099416,0.00029684039098293395,3.639918782637676e-05,0.0,5.0
5.572786393196598,3.043498094577354,0.01931670856310355,-0.010913716925097915,-0.005891495332705824,-0.0008621630152999593,0.00029629462623150936,0.0,0.0,4.0
5.5927963981990985,3.0434375617715057,0.01935608657514803,-0.011018724657238336,-0.0058607666301659705,-0.0008220173320692346,0.00029166613209353625,0.0,0.0,4.0
5.612806403201599,3.043378470355709,0.019394450247746914,-0.011122503390286559,-0.005831104093525435,-0.0007849771881916654,0.0002862959797790873,0.0,0.0,4.0
5.6328164082041,3.0433205418357283,0.019431989473963837,-0.01122465767067985,-0.005802009836649446,-0.0007490695082220669,0.0002808289456542319,0.0,0.0,4.0
5.652826413206604,3.0432636350589144,0.019468940824470433,-0.011325175380978682,-0.0057733662272152235,-0.0007142028885408332,0.0002755162003708409,0.0,0.0,4.0
5.672836418209105,3.0432078218185317,0.019505472199549283,-0.011424125034626541,-0.005745121995570473,-0.000680750954673054,0.00027054554625839916,0.0,0.0,4.0
5.692846423211606,3.043153241121393,0.019541632051552224,-0.011521547384322766,-0.005717238223763256,-0.0006488689935714866,0.0002659921853747969,0.0,0.0,4.0
5.712856428214106,3.043099959459918,0.019577371893710477,-0.011617445144252671,-0.005689688622497694,-0.0006183950508058693,0.00026181625978037603,0.0,0.0,4.0
5.732866433216607,3.0430479573003097,0.019612596076298863,-0.011711808313027814,-0.005662456997163427,-0.0005890411286371351,0.00025793122188011496,0.0,0.0,4.0
5.752876438219108,3.042997188975683,0.019647212179995904,-0.011804634882646168,-0.005635530449100437,-0.0005605716256850401,0.0002542642891572769,0.0,0.0,4.0
5.7728864432216085,3.0429476335534855,0.01968116293136761,-0.011895936019207718,-0.005608896840959978,-0.0005328511921330858,0.0002507714283024841,0.0,0.0,4.0
5.792896448224113,3.042899306885744,0.01971443154123543,-0.011985732530489008,-0.005582546863499559,-0.0005058096784363123,0.000247424668292146,0.0,0.0,4.0
5.8129064532266135,3.042852252105637,0.01974703326800239,-0.012074050418140424,-0.005556476079108927,-0.0004794004801230834,0.0002441987363113982,0.0,0.0,4.0
5.832916458229114,3.0428065228473797,0.019779002538237996,-0.012160917772344163,-0.005530683969634823,-0.00045358097168594707,0.00024106731223450076,0.0,0.0,4.0
5.852926463231615,3.042762159448877,0.019810376210158746,-0.012246362664669795,-0.005505170775231851,-0.00042830896125016466,0.00023800608615581441,0.0,0.0,4.0
5.872936468234116,3.0427191680041497,0.019841178792487306,-0.012330412082345836,-0.005479934816182851,-0.0004035445484060403,0.00023499661261635411,0.0,0.0,4.0
5.892946473236616,3.042677515336765,0.019871417188719893,-0.012413092053027566,-0.005454971944480387,-0.0003792522268557499,0.00023202747060928526,0.0,0.0,4.0
5.912956478239117,3.0426371415540427,0.01990108598504872,-0.012494428543277236,-0.005430276789568528,-0.0003554019923045826,0.0002290926111892956,0.0,0.0,4.0
5.932966483241621,3.042597981150009,0.019930178140508355,-0.012574448393304204,-0.005405844459989506,-0.0003319695887079873,0.00022618853301636024,0.0,0.0,4.0
5.952976488244122,3.0425599809688486,0.01995869435335394,-0.01265317973384905,-0.0053816715749718915,-0.00030893610671406505,0.00022331195003468646,0.0,0.0,4.0
5.972986493246623,3.0425231080872783,0.019986647033329714,-0.012730651767440062,-0.005357756275282083,-0.0002862870262848533,0.00022045874278459938,0.0,0.0,4.0
5.9929964982491235,3.0424873473058596,0.020014058575157742,-0.012806894141598373,-0.005334097498786484,-0.0002640108495460054,0.00021762411662118987,0.0,0.0,4.0
6.013006503251624,3.042452692167114,0.02004095605545601,-0.012881936253092943,-0.005310694033485892,-0.000242097614913901,0.00021480343863979664,0.0,0.0,4.0
6.033016508254125,3.042419134576516,0.02006736516969808,-0.012955806756318019,-0.005287543780301477,-0.00022053765956346394,0.00021199315426164445,0.0,0.0,4.0
6.053026513256629,3.0423866573385685,0.020093305829344207,-0.013028533410877946,-0.0052646434551988554,-0.00019932092693142778,0.00020919132757808712,0.0,0.0,4.0
6.07303651825913,3.042355232077794,0.02011879082407727,-0.013100143258081806,-0.0052419887445412676,-0.00017843691079933441,0.00020639759828755544,0.0,0.0,4.0
6.093046523261631,3.0423248225433817,0.02014382756962191,-0.013170662998502268,-0.00521957475099831,-0.0001578750764941883,0.0002036126278496778,0.0,0.0,4.0
6.113056528264131,3.042295391019729,0.020168421672283877,-0.013240119386663612,-0.005197396476780802,-0.00013762543136873226,0.00020083731942799048,0.0,0.0,4.0
6.133066533266632,3.0422669045371538,0.020192580448754036,-0.013308539483734222,-0.005175449116509169,-0.00011767891721824879,0.00019807215145158357,0.0,0.0,4.0
6.153076538269133,3.0422393382186366,0.020216314893124677,-0.013375950696049157,-0.005153728051676239,-9.802745030324256e-05,0.00019531685478195608,0.0,0.0,4.0
6.1730865432716335,3.0422126748341105,0.020239639574616972,-0.013442380626242539,-0.005132228584421999,-7.86636421664427e-05,0.00019257046736084445,0.0,0.0,4.0
6.193096548274138,3.0421869013813074,0.020262570995943845,-0.013507856826094435,-0.005110945550869139,-5.9580391804095795e-05,0.0001898316231105773,0.0,0.0,4.0
6.2131065532766385,3.0421620044124165,0.020285125588263564,-0.01357240654543983,-0.005089872981322155,-4.077059535832007e-05,0.00018709884194411408,0.0,0.0,4.0
6.233116558279139,3.042137965655284,0.020307318606572002,-0.013636056529201584,-0.005069003935109637,-2.2227182390498893e-05,0.00018437059670690283,0.0,0.0,4.0
6.25312656328164,3.0421147586800807,0.020329164755108785,-0.013698832846138117,-0.0050483305566796505,-3.94359424883398e-06,0.00018164501860065427,0.0,0.0,4.0
6.273136568284141,3.042092346811539,0.020350680477460813,-0.013760760649888392,-0.005027844286985293,1.4085305215093313e-05,0.00017891924058019217,0.0,0.0,4.0
6.293146573286641,3.042070682937378,0.020371886608328477,-0.013821863671292782,-0.005007536006982834,3.1862044696326326e-05,0.00017618854134540514,0.0,0.0,4.0
6.313156578289142,3.0420497131138666,0.020392808966206127,-0.013882163120973689,-0.004987395678936791,4.9385376129650174e-05,0.00017344556460710019,0.0,0.0,4.0
6.333166583291646,3.042029386300211,0.020413474448133823,-0.013941675578359413,-0.004967410819911195,6.664939929168937e-05,0.00017067977884024322,0.0,0.0,4.0
6.353176588294147,3.042009670127299,0.020433902211877603,-0.014000409426618812,-0.004947562955226619,8.364292890576043e-05,0.00016787680663930333,0.0,0.0,4.0
6.373186593296648,3.0419905645842165,0.0204540947872589,-0.014058359112300767,-0.00492781984027438,0.0001003487654261387,0.0001650138661432093,0.0,0.0,4.0
6.3931965982991485,3.0419720903238834,0.020474043015173454,-0.01411549297020491,-0.004908109732214012,0.00011674635529882967,0.0001620259143429669,0.0,0.0,4.0
6.413206603301649,3.0419542330902676,0.020493756263725224,-0.014171717584214833,-0.0048882255894427485,0.0001328400085566206,0.00015864822365670031,0.0,0.0,4.0
6.43321660830415,3.041936899017691,0.02051328958197586,-0.014226788057392574,-0.004867570383188698,0.0001487650926100756,0.00015395102947374153,0.0,0.0,4.0
6.453226613306654,3.041920005628298,0.020532708481271977,-0.014280166303940004,-0.004844764962337283,0.00016500368963726433,0.0001454040900854398,0.0,0.0,4.0
6.473236618309155,3.0419037261868915,0.020552015727221228,-0.014330956862240035,-0.00481753261188046,0.00018256190634823448,0.00012737417375240402,0.0,0.0,4.0
6.493246623311656,3.0418887022973062,0.02057116507120537,-0.014378271816234581,-0.0047838607941110165,0.00020247820743102057,8.811046516224482e-05,0.0,0.0,3.0
6.513256628314156,3.0418755778102904,0.020589813560805127,-0.01442292741101448,-0.004746530879709975,0.00022244435873385073,4.161491406738349e-05,0.0,0.0,4.0
6.533266633316657,3.041864313994021,0.02060778602225864,-0.014466238736989491,-0.004710326059607984,0.00023872371025434962,0.0,0.0,0.0,3.0
6.553276638319158,3.041853870339009,0.02062475339415829,-0.014509707011690385,-0.004680795750784138,0.00024612297420245665,0.0,0.0,0.0,3.0
6.573286643321659,3.0418431633453893,0.020641361868913462,-0.014550567876603943,-0.0046526324503889695,0.0002477849324588246,0.0,0.0,0.0,3.0
6.593296648324163,3.041832120320064,0.020657712381159783,-0.014587198669979652,-0.00462339279211472,0.0002430300497415823,0.0,0.0,0.0,3.0
6.613306653326664,3.0418209345368816,0.02067398739401741,-0.0146183230274538,-0.004591594208809373,0.00022855743824836032,0.0,0.0,0.0,3.0
6.633316658329164,3.0418101822606616,0.020690436176598097,-0.014642940964551921,-0.004555768464250003,0.00019715950701644557,0.0,0.0,0.0,3.0
6.653326663331665,3.041800889628266,0.02070734904547276,-0.014661219662119416,-0.004515031892302469,0.0001331508290927731,0.0,0.0,0.0,2.0
6.673336668334166,3.0417938881566355,0.020724390015287582,-0.0146776729998387,-0.00447339081166576,6.0679014562657435e-05,0.0,0.0,0.0,3.0
6.693346673336666,3.0417890487207826,0.02074124475463632,-0.014698151804044846,-0.004436535463620424,0.0,0.0,0.0,0.0,2.0
6.713356678339167,3.0417850790123317,0.020757284626429538,-0.014728055404633855,-0.004410181664081495,0.0,0.0,0.0,0.0,2.0
6.733366683341671,3.0417809601677046,0.020773390837911455,-0.014764135818021794,-0.004388270292244323,0.0,0.0,0.0,0.0,2.0
6.753376688344172,3.04177715901024,0.020789514515115185,-0.014805494109228262,-0.004368522459377487,0.0,0.0,0.0,0.0,2.0
6.773386693346673,3.0417741318219496,0.020805641428345723,-0.014852932706426345,-0.004351178801883989,0.0,0.0,0.0,0.0,2.0
6.793396698349174,3.041772294453106,0.020821709350560682,-0.014909155261284078,-0.004339380242016662,0.0,0.0,0.0,0.0,2.0
6.813406703351674,3.041770586094212,0.020836609860204997,-0.01497992335824295,-0.004341467463105453,8.114170944488511e-05,0.0,0.0,0.0,2.0
6.833416708354175,3.0417671684872825,0.020851154595800267,-0.015059945224192503,-0.004352069310611156,0.00019092815369072802,0.0,0.0,0.0,2.0
6.853426713356679,3.0417619774040614,0.020865751551514513,-0.01514148376973693,-0.004363331454036144,0.000297974816328795,0.0,0.0,0.0,2.0
6.87343671835918,3.0417560502152114,0.02088080094309693,-0.015217548266653447,-0.004367732872838673,0.0003651196621303645,0.0,0.0,0.0,2.0
6.893446723361681,3.0417505458820986,0.020895951737357615,-0.015287078695615939,-0.004365508748544542,0.0004113656458077389,0.0,0.0,0.0,2.0
6.9134567283641815,3.041745817754185,0.020911084232765397,-0.015350766507989142,-0.004358530783173388,0.00044567866908713365,0.0,0.0,0.0,2.0
6.933466733366682,3.0417419131728587,0.02092617182551911,-0.015409669149652284,-0.004348548992523085,0.0004727050208654292,0.0,0.0,0.0,2.0
6.953476738369183,3.041738782143977,0.020941211840876453,-0.015464783942273843,-0.004336829762804243,0.0004950672710697375,0.0,0.0,0.0,3.0
6.973486743371684,3.041736351267106,0.020956204316372566,-0.015516944464212153,-0.004324195095461552,0.000514348986959086,0.0,0.0,0.0,3.0
6.993496748374188,3.0417345506003466,0.02097114844887789,-0.015566818522272726,-0.004311142917109096,0.0005315535102619171,0.0,0.0,0.0,3.0
7.013506753376689,3.0417333232649195,0.02098604381245479,-0.015614932925638736,-0.004297956515120559,0.0005473377964634309,0.0,0.0,0.0,3.0
7.033516758379189,3.0417326274217893,0.021000891609302363,-0.01566170117563488,-0.00428478473404684,0.0005621419545747337,0.0,0.0,0.0,3.0
7.05352676338169,3.0417324345018253,0.021015694878293543,-0.0157074475076767,-0.004271695735185842,0.0005762659408342848,0.0,0.0,0.0,3.0
7.073536768384191,3.0417327259705034,0.021030458023308624,-0.01575242629367812,-0.004258711329139772,0.0005899171473496313,0.0,0.0,0.0,3.0
7.0935467733866915,3.0417334900455124,0.02104518625749133,-0.015796837362676355,-0.004245828192765197,0.0006032408512180761,0.0,0.0,0.0,3.0
7.113556778389192,3.0417347190249626,0.021059885289650658,-0.01584083805064679,-0.004233030608374563,0.0006163400925501375,0.0,0.0,0.0,3.0
7.1335667833916965,3.0417364073590902,0.021074561270106502,-0.01588455268823154,-0.004220297863361435,0.0006292888450649856,0.0,0.0,0.0,3.0
7.153576788394197,3.041738550383902,0.021089220856349157,-0.01592808007856705,-0.004207608349944732,0.0006421408599093926,0.0,0.0,0.0,3.0
7.173586793396698,3.0417411436195616,0.02110387124715198,-0.0159714993851442,-0.004194941661940049,0.0006549356893216052,0.0,0.0,0.0,3.0
7.193596798399199,3.0417441825641967,0.02111852009318914,-0.01601487475131706,-0.004182279501313438,0.0006677028569123337,0.0,0.0,0.0,3.0
7.213606803401699,3.041747662901295,0.02113317526545244,-0.016058258902603057,-0.0041696058986140415,0.0006804647979381684,0.0,0.0,0.0,3.0
7.2336168084042,3.0417515809841293,0.02114784452509521,-0.016101695933135114,-0.004156907058943122,0.0006932389695482676,0.0,0.0,0.0,3.0
7.253626813406704,3.0417559344011433,0.02116253518134802,-0.01614522344242208,-0.004144171028024641,0.0007060393834554599,0.0,0.0,0.0,3.0
7.273636818409205,3.0417607224010035,0.02117725384187617,-0.01618887416257472,-0.004131387302489097,0.00071887771672305,0.0,0.0,0.0,3.0
7.293646823411706,3.04176594598892,0.021192006346597857,-0.016232677194722368,-0.0041185464643691844,0.0007317640962595165,0.0,0.0,0.0,3.0
7.3136568284142065,3.0417716076007295,0.021206797930182066,-0.016276658952967548,-0.004105639888310751,0.0007447076204973959,0.0,0.0,0.0,3.0
7.333666833416707,3.0417777104009964,0.021221633587802925,-0.01632084389296131,-0.004092659543098791,0.0007577166706244134,0.0,0.0,0.0,3.0
7.353676838419208,3.041784257399374,0.02123651854153925,-0.01636525507996241,-0.004079597883866933,0.0007707990661728534,0.0,0.0,0.0,3.0
7.373686843421709,3.041791250686275,0.021251458647498517,-0.01640991462985917,-0.004066447809183515,0.0007839621270862075,0.0,0.0,0.0,3.0
7.393696848424213,3.0417986911058263,0.021266460573582346,-0.016454844039210815,-0.00405320264233615,0.0007972127074351193,0.0,0.0,0.0,3.0
7.413706853426714,3.0418065785819284,0.021281531632223797,-0.01650006441031014,-0.004039856093480698,0.0008105572571516064,0.0,0.0,0.0,3.0
7.433716858429214,3.0418149131003522,0.02129667926813725,-0.01654559657679809,-0.0040264021717525056,0.000824001944076804,0.0,0.0,0.0,3.0
7.453726863431715,3.041823696082537,0.021311910347806974,-0.016591461144060887,-0.0040128350423096594,0.0008375528322818984,0.0,0.0,0.0,3.0
7.473736868434216,3.041832931662576,0.02132723052109003,-0.016637678472658145,-0.00399914885521054,0.0008512160739872731,0.0,0.0,0.0,3.0
7.4937468734367165,3.041842627307018,0.021342643964659413,-0.016684268645565315,-0.0039853375990417505,0.0008649980460549398,0.0,0.0,0.0,3.0
7.513756878439217,3.0418527933703055,0.021358153730978772,-0.01673125146343516,-0.003971395039657642,0.0008789053617252482,0.0,0.0,0.0,3.0
7.5337668834417215,3.0418634415442347,0.021373762721803764,-0.016778646501264743,-0.003957314785734869,0.0008929447199161244,0.0,0.0,0.0,3.0
7.553776888444222,3.0418745826214675,0.021389475046947805,-0.01682647323526354,-0.003943090480691354,0.0009071226108309634,0.0,0.0,0.0,3.0
7.573786893446723,3.0418862243666975,0.021405297320377065,-0.016874751217361338,-0.003928716068568675,0.0009214449580262267,0.0,0.0,0.0,3.0
7.593796898449224,3.0418983704067832,0.021421239380435983,-0.016923500247816883,-0.003914186039655864,0.0009359168185618208,0.0,0.0,0.0,3.0
7.613806903451724,3.041911020847047,0.021437314035536746,-0.016972740484216615,-0.0038994955473094116,0.0009505422657518362,0.0,0.0,0.0,3.0
7.633816908454225,3.041924174856504,0.021453535695946064,-0.017022492433027607,-0.0038846403079885027,0.0009653245391773664,0.0,0.0,0.0,3.0
7.653826913456726,3.0419378348699437,0.02146991808356897,-0.017072776796808558,-0.003869616248381702,0.000980266473549192,0.0,0.0,0.0,3.0
7.67383691845923,3.041952011437589,0.021486471555178948,-0.01712361419160462,-0.003854418937286299,0.0009953711266417894,0.0,0.0,0.0,3.0
7.693846923461731,3.041966727184806,0.02150320089146604,-0.017175024799285583,-0.0038390429247893553,0.0010106424311705556,0.0,0.0,0.0,3.0
7.7138569284642315,3.0419820179741435,0.021520104611144907,-0.017227028069515583,-0.0038234811903055895,0.0010260856160103399,0.0,0.0,0.0,3.0
7.733866933466732,3.0419979295453667,0.021537176765607263,-0.01727964261648963,-0.003807724939625267,0.0010417071180782126,0.0,0.0,0.0,3.0
7.753876938469233,3.042014509100159,0.021554411499803024,-0.01733288643614169,-0.00379176393729572,0.001057513795522322,0.0,0.0,0.0,3.0
7.773886943471734,3.0420317935810455,0.021571809384244453,-0.017386777474588645,-0.003775587376151438,0.0010735114928198453,0.0,0.0,0.0,3.0
7.793896948474238,3.0420497989646447,0.021589383088733264,-0.01744133441786972,-0.00375918500079671,0.0010897033516452394,0.0,0.0,0.0,3.0
7.813906953476739,3.04206851612771,0.02160715929504744,-0.01749657741162277,-0.0037425479447679346,0.0011060885479930768,0.0,0.0,0.0,3.0
7.833916958479239,3.042087917294689,0.021625174647727712,-0.017552528356593017,-0.0037256686909638258,0.0011226621594425047,0.0,0.0,0.0,3.0
7.85392696348174,3.042107972696145,0.021643466028309993,-0.01760921053478441,-0.003708539834453344,0.0011394165115931308,0.0,0.0,0.0,3.0
7.873936968484241,3.042128671593447,0.021662058515855093,-0.017666647591511687,-0.0036911518620693176,0.0011563436998883534,0.0,0.0,0.0,3.0
7.893946973486742,3.0421500378979975,0.02168095657083128,-0.017724862229755056,-0.0036734907439561933,0.001173438294457403,0.0,0.0,0.0,3.0
7.913956978489242,3.0421721306176845,0.02170014391403409,-0.01778387521188332,-0.003655536465832304,0.0011906988594260605,0.0,0.0,0.0,3.0
7.933966983491747,3.0421950246945184,0.02171959449977187,-0.017843705255770587,-0.0036372634747175573,0.0012081271819179911,0.0,0.0,0.0,3.0
7.953976988494247,3.042218777835965,0.021739291278497545,-0.01790437006688997,-0.0036186433012170612,0.0012257251601005853,0.0,0.0,0.0,3.0
7.973986993496748,3.042243399407158,0.021759243549141695,-0.017965888135532848,-0.0035996485953406396,0.001243490850554156,0.0,0.0,0.0,3.0
7.993996998499249,3.042268840714984,0.021779491925844687,-0.018028280345218924,-0.0035802569833677717,0.0012614163175840797,0.0,0.0,0.0,3.0
8.01400700350175,3.0422950163952875,0.02180009545919373,-0.018091570285507164,-0.003560452946006532,0.0012794895191070616,0.0,0.0,0.0,3.0
8.03401700850425,3.042321848089971,0.021821105937623517,-0.018155782605878804,-0.0035402261399642442,0.0012977001553880606,0.0,0.0,0.0,3.0
8.05402701350675,3.042349308535937,0.02184254168182121,-0.01822093948772983,-0.0035195645786882178,0.0013160465601787929,0.0,0.0,0.0,3.0
8.074037018509255,3.04237744643061,0.02186437172329119,-0.01828705602741859,-0.0034984415565001677,0.0013345397855334807,0.0,0.0,0.0,3.0
8.094047023511756,3.0424063795071086,0.021886517261535978,-0.018354136446597745,-0.0034767998536816593,0.001353203233399844,0.0,0.0,0.0,3.0
8.114057028514257,3.042436244494779,0.021908877074849984,-0.018422174844242623,-0.003454547540839516,0.0013720701246886292,0.0,0.0,0.0,3.0
8.134067033516757,3.042467107759459,0.02193137636969933,-0.018491164230606507,-0.0034315860802270493,0.001391183730328366,0.0,0.0,0.0,3.0
8.154077038519258,3.042498882953593,0.02195401676175125,-0.01856111163323095,-0.0034078720184451436,0.001410603436696777,0.0,0.0,0.0,3.0
8.174087043521759,3.042531331390076,0.021976889669006874,-0.018632045372986423,-0.003383462795252449,0.0014304149858369384,0.0,0.0,0.0,3.0
8.194097048524263,3.0425641821229976,0.02200013217256167,-0.018703990773229644,-0.003358450433789452,0.0014507502938893929,0.0,0.0,0.0,3.0
8.214107053526764,3.042597301554248,0.02202385230831953,-0.018776888229236198,-0.003332695585121369,0.0014718690492383731,0.0,0.0,0.0,3.0
8.234117058529264,3.0426307885764445,0.022048102437793708,-0.018850416412667444,-0.0033053232025964745,0.0014944811988840804,0.0,0.0,0.0,3.0
8.254127063531765,3.042665223594656,0.02207311738628423,-0.018923606207456367,-0.0032738759811733347,0.0015207885871821197,-1.9697851772541637e-05,0.0,0.0,3.0
8.274137068534266,3.042701324795882,0.022098687339648503,-0.018997385601224152,-0.003240780536344767,0.0015493797653858099,-4.410768937154796e-05,0.0,0.0,3.0
8.294147073536767,3.0427392547608,0.022124711231589735,-0.01907268601947464,-0.0032086566162742316,0.0015789274981926425,-6.661146194915368e-05,0.0,0.0,3.0
8.314157078539267,3.04277874779786,0.02215104803924931,-0.01915014514761032,-0.0031793284364091097,0.0016081817314573697,-7.937314538492303e-05,0.0,0.0,3.0
8.334167083541772,3.042819325616928,0.022177728794900372,-0.019229519464833394,-0.0031520575032402947,0.0016374868380229942,-8.756358304817681e-05,0.0,0.0,3.0
8.354177088544272,3.0428606607338535,0.022204830056972567,-0.01931050552036557,-0.003125709268347179,0.0016671214869056052,-9.373546558032689e-05,0.0,0.0,3.0
8.374187093546773,3.042902674210935,0.022232503086391617,-0.01939285728679112,-0.0030993989478406707,0.001697495531870766,-9.9045827598145e-05,0.0,0.0,4.0
8.394197098549274,3.042945561737999,0.022260907266546455,-0.019476130409328288,-0.00307229911275273,0.001730378119679757,-0.00010355878908934186,0.0,0.0,4.0
8.414207103551774,3.0429900353638675,0.022290447337171,-0.019558959577941345,-0.003042477029398129,0.0017713715113061579,-0.00010471212126764925,-3.067454966746519e-05,0.0,4.0
8.434217108554275,3.0430367279168444,0.022320815835616733,-0.01964313604547305,-0.0030120934586125863,0.0018131013854401573,-0.00010546337319784068,-5.9118849728736666e-05,0.0,4.0
8.454227113556776,3.0430854711297326,0.022351991264471616,-0.019729506475764286,-0.0029820080486193763,0.0018518224770791014,-0.00010661235858638952,-8.204001080744368e-05,0.0,4.0
8.47423711855928,3.0431358889188638,0.0223838063264191,-0.019818577849553237,-0.0029527548530836533,0.001885464125063909,-0.00010913864581432563,-9.15681282297317e-05,0.0,4.0
8.494247123561781,3.0431876224987424,0.022416235817500556,-0.019909874412019298,-0.002923738156300322,0.0019163022998301552,-0.00011232033463997698,-9.592674744168698e-05,0.0,4.0
8.514257128564282,3.043240586118878,0.02244924871966008,-0.020003023554440197,-0.0028945492110312716,0.0019463198657382113,-0.00011571951834645007,-9.85510948119757e-05,0.0,4.0
8.534267133566782,3.043294816774414,0.022482860677207377,-0.020097874426305923,-0.0028650210849177457,0.00197648891938773,-0.00011917412996314931,-0.00010075132753860131,0.0,5.0
8.554277138569283,3.043350378404787,0.022517104277741336,-0.020194407905282135,-0.0028351076649998654,0.0020071273110360667,-0.00012264216360486423,-0.00010290589431303954,0.0,5.0
8.574287143571784,3.0434073235551624,0.022552007194647214,-0.020292651653053318,-0.002804800028726979,0.002038307858633804,-0.00012611634265097922,-0.00010508665031256284,0.0,5.0
8.594297148574288,3.043465697491965,0.02258759329707379,-0.020392643495575326,-0.0027740959316854947,0.002070048990702913,-0.0001295952740651244,-0.00010730177515264385,0.0,5.0
8.614307153576789,3.0435255464667117,0.022623887048848813,-0.020494422837986265,-0.0027429937856500624,0.0021023626419123015,-0.00013307785038963835,-0.00010955271748571103,0.0,5.0
8.63431715857929,3.0435869179681343,0.0226609136434331,-0.020598029653632433,-0.0027114921546214964,0.0021352603877609487,-0.0001365627682303709,-0.0001118406139983597,0.0,5.0
8.65432716358179,3.0436498594227226,0.02269869828221143,-0.020703504414786595,-0.002679589764606836,0.0021687539545139876,-0.00014004848984006498,-0.00011416649834426538,0.0,5.0
8.674337168584291,3.0437144180549933,0.022737266104922882,-0.020810888105237717,-0.0026472855482742247,0.002202855314700723,-0.00014353323711551542,-0.0001165313450404889,0.0,5.0
8.694347173586792,3.0437806410547417,0.0227766422856213,-0.02092022225093219,-0.0026145786968189665,0.0022375766858749122,-0.00014701499648614723,-0.00011893607978757149,0.0,5.0
8.714357178589292,3.0438485758560487,0.022816852182577986,-0.02103154895294948,-0.0025814687129430617,0.002272930510530072,-0.00015049152852692605,-0.00012138158784774003,0.0,5.0
8.734367183591797,3.043918270450678,0.02285792149838335,-0.021144910917648897,-0.00254795546134987,0.002308929435628044,-0.00015396037686867705,-0.00012386872343165815,0.0,5.0
8.754377188594297,3.0439897736694292,0.022899876413496105,-0.02126035148151986,-0.002514039214420418,0.0023455862972736447,-0.00015741887180870361,-0.00012639831701997386,0.0,5.0
8.774387193596798,3.0440631354094094,0.02294274368258199,-0.021377914630588198,-0.0024797206934934193,0.002382914111005412,-0.0001608641277348698,-0.00012897117951226217,0.0,5.0
8.794397198599299,3.044138406818639,0.02298655070293587,-0.021497645015326163,-0.002445001107614036,0.0024209260660822945,-0.00016429303577544297,-0.0001315881041057838,0.0,5.0
8.8144072036018,3.0442156404522343,0.023031325566537912,-0.02161958796187566,-0.0024098821914536822,0.002459635522116931,-0.0001677022531084403,-0.00013424986693681915,0.0,5.0
8.8344172086043,3.0442948904053195,0.023077097102364216,-0.02174378947999105,-0.0023743662435484823,0.002499056006924886,-0.0001710881896785022,-0.0001369572268927428,0.0,5.0
8.854427213606801,3.0443762124218186,0.02312389491189409,-0.021870296267944848,-0.0023384561657030984,0.0025392012147366734,-0.0001744469926735942,-0.00013971092454315845,0.0,5.0
8.874437218609305,3.044459663977748,0.023171749399707182,-0.021999155714709045,-0.0023021555043418497,0.002580085003929681,-0.00017777452909228705,-0.0001425116799991835,0.0,5.0
8.894447223611806,3.044545304340287,0.023220691801459612,-0.022130415899882346,-0.002265468494578584,0.0026217213933634473,-0.0001810663668847987,-0.00014536018956723352,0.0,5.0
8.914457228614307,3.044633194607382,0.02327075421222523,-0.022264125591976998,-0.0022284001076974627,0.002664124556381402,-0.00018431775530940937,-0.0001482571211912239,0.0,5.0
8.934467233616807,3.0447233977355475,0.023321969618565874,-0.02240033424576352,-0.002190956102547058,0.0027073088116338377,-0.00018752360522323745,-0.00015120310879820694,0.0,5.0
8.954477238619308,3.0448159785651243,0.02337437193754011,-0.02253909199938872,-0.002153143081064757,0.0027512886100813008,-0.0001906784699985957,-0.0001541987457425247,0.0,5.0
8.974487243621809,3.0449110038523854,0.023427996065217335,-0.022680449671946688,-0.0021149685478131005,0.002796078517821363,-0.00019377652763730822,-0.0001572445775746536,0.0,5.0
8.994497248624313,3.045008542316737,0.023482877936299402,-0.02282445876211148,-0.0020764409730798334,0.002841693194698709,-0.00019681156447745758,-0.000160341094350376,0.0,5.0
9.014507253626814,3.0451086647092263,0.023539054595372245,-0.022971171448352232,-0.002037569858820122,0.002888147368960781,-0.00019977696068638405,-0.00016348872265672872,0.0,5.0
9.034517258629315,3.045211443906066,0.02359656427929834,-0.02312064059115661,-0.0019983658065400307,0.0029354558084706845,-0.00020266567754177405,-0.00016668781747753206,0.0,5.0
9.054527263631815,3.045316955028351,0.0236554465094503,-0.023272919737590464,-0.001958840586155401,0.002983633289158721,-0.00020547024634282705,-0.00016993865396490183,0.0,5.0
9.074537268634316,3.045425275586862,0.02371574219197804,-0.023428063128420742,-0.0019190072049138725,0.0030326945614693357,-0.0002081827586817872,-0.00017324141913518826,0.0,5.0
9.094547273636817,3.04553648564905,0.023777493724127748,-0.02358612570792279,-0.0018788799756288127,0.0030826543155390946,-0.00021079485775004942,-0.00017659620347524913,0.0,5.0
9.114557278639317,3.0456506680240967,0.02384074510478597,-0.0237471631363787,-0.001838474583719335,0.003133527145731835,-0.00021329773035292564,-0.00018000299243205092,0.0,5.0
9.134567283641822,3.0457679084613227,0.023905542047850645,-0.023911231805151752,-0.0017978081528487971,0.0031853275149770345,-0.0002156820993560944,-0.00018346165776486685,0.0,5.0
9.154577288644322,3.0458882958572184,0.023971932097622307,-0.024078388854094402,-0.0017568993092670496,0.003238069719133224,-0.00021793821636975137,-0.00018697194875836614,0.0,5.0
9.174587293646823,3.0460119224668922,0.024039964746024454,-0.024248692190916347,-0.0017157682452492381,0.0032917678513621996,-0.00022005585457299105,-0.00019053348331612096,0.0,5.0
9.194597298649324,3.0461388841167936,0.024109691551948344,-0.02442220051200891,-0.0016744367822478523,0.003346435766285799,-0.00022202430166711428,-0.0001941457389651198,0.0,5.0
9.214607303651825,3.046269280417026,0.024181166263252694,-0.024598973324098605,-0.001632928434504007,0.0034020870435367825,-0.00022383235300166648,-0.0001978080437925065,0.0,5.0
9.234617308654325,3.0464032149733486,0.02425444494186017,-0.02477907096598829,-0.0015912684738794741,0.003458734950230298,-0.00022546830492729722,-0.00020151956730178798,0.0,5.0
9.254627313656826,3.0465407956007997,0.02432958609200718,-0.024962554629547783,-0.0015494839965712556,0.0035163924018803893,-0.00022691994839561238,-0.00020527931112297005,0.0,5.0
9.27463731865933,3.0466821345425483,0.024406650791132085,-0.025149486379045086,-0.0015076039921723963,0.003575071921356956,-0.00022817456276302679,-0.00020908609945405386,0.0,5.0
9.294647323661831,3.046827348698681,0.024485702822303924,-0.025339929167873993,-0.0014656594152799899,0.003634785595598048,-0.00022921890968947915,-0.0002129385690702153,0.0,5.0
9.314657328664332,3.0469765598700125,0.02456680880667257,-0.025533946851745027,-0.001423683259567038,0.0036955450299278308,-0.00023003922698259765,-0.00021683515872894564,0.0,5.0
9.334667333666832,3.0471298950215577,0.024650038334256698,-0.025731604197467818,-0.0013817106339699106,0.0037573612999532496,-0.00023062122224203182,-0.00022077409783013665,0.0,5.0
9.354677338669333,3.04728748656927,0.024735464091428894,-0.025932966886561375,-0.0013397788404237475,0.0038202449011094392,-0.00023095006620379557,-0.00022475339424649803,0.0,5.0
9.374687343671834,3.047449472692573,0.024823161983482285,-0.026138101513064883,-0.0012979274524042772,0.003884205696007489,-0.00023101038573813048,-0.00022877082128821603,0.0,5.0
9.394697348674335,3.047615997674815,0.024913211250358495,-0.026347075575053155,-0.0012561983933812716,0.003949252859841179,-0.00023078625646540693,-0.0002328239037652884,0.0,5.0
9.414707353676839,3.0477872122744594,0.025005694572790334,-0.026559957459453127,-0.0012146360141234308,0.004015394824264073,-0.00023026119488163288,-0.00023690990303790183,0.0,5.0
9.43471735867934,3.0479632741312837,0.025100698165008033,-0.026776816419790024,-0.0011732871676133983,0.004082639220344788,-0.00022941814974605578,-0.00024102580083146895,0.0,5.0
9.45472736368184,3.048144348212277,0.025198311849817388,-0.02699772254649485,-0.0011322012802150608,0.00415099282133868,-0.00022823949241366538,-0.00024516828156316475,0.0,5.0
9.474737368684341,3.0483306072978564,0.02529862911422414,-0.02722274672948241,-0.0010914304178889986,0.004220461485837552,-0.00022670700607627136,-0.000249333713204988,0.0,5.0
9.494747373686842,3.0485222324961825,0.025401747151246244,-0.027451960613053356,-0.0010510293469996102,0.004291050101026997,-0.00022480187488430945,-0.00025351812755476416,0.0,5.0
9.514757378689342,3.0487194137488465,0.02550776690768917,-0.02768543654400339,-0.001011055590929217,0.004362762523977008,-0.00022250467595205043,-0.0002577172023430839,0.0,5.0
9.534767383691847,3.0489223502571288,0.02561679317720526,-0.02792324751527536,-0.00097156948641649,0.004435601516091299,-0.0002197953802118694,-0.000261926249663654,0.0,5.0
9.554777388694347,3.049131250724747,0.0257289347969473,-0.028165467109432716,-0.0009326342468499241,0.004509568662621703,-0.00021665337118264774,-0.00026614021701981737,0.0,5.0
9.574787393696848,3.0493463332998765,0.025844305013596237,-0.02841216944812122,-0.0008943160425154527,0.004584664266868354,-0.00021305749233069897,-0.00027035370753024113,0.0,5.0
9.594797398699349,3.04956782512932,0.025963022067421807,-0.028663429154541595,-0.000856684108227718,0.004660887209259055,-0.00020898613172118743,-0.00027456102307869823,0.0,5.0
9.61480740370185,3.0497959615266392,0.026085209992681598,-0.02891932133463647,-0.0008198108850296141,0.004738234766695113,-0.0002044173454299355,-0.0002787562276298089,0.0,5.0
9.63481740870435,3.0500309848968863,0.02621099955312113,-0.029179921578423862,-0.0007837721938817148,0.004816702397810362,-0.00019932900883323245,-0.00028293321839252544,0.0,5.0
9.654827413706851,3.05027314371448,0.02634052914484427,-0.029445305975940327,-0.0007486474267276564,0.004896283513159697,-0.0001936989703925921,-0.0002870857830151621,0.0,5.0
9.674837418709355,3.0505226919509347,0.026473945443146553,-0.029715551134300695,-0.0007145197278151055,0.004976969261229876,-0.00018750517167743125,-0.00029120761626650303,0.0,5.0
9.694847423711856,3.0507798893251987,0.026611403584681115,-0.02999073417640241,-0.0006814761312275726,0.005058748365509766,-0.00018072569689668548,-0.0002952922743037435,0.0,5.0
9.714857428714357,3.051045002565033,0.0267530667815764,-0.030270932701005643,-0.0006496076243210664,0.0051416070398563555,-0.00017333872960089024,-0.00029933306043246745,0.0,5.0
9.734867433716857,3.051318307555247,0.026899105441031062,-0.030556224690160193,-0.0006190091228593152,0.005225528988565968,-0.00016532242216030398,-0.00030332285992394116,0.0,5.0
9.754877438719358,3.0516000919155504,0.027049696051006995,-0.030846688362304746,-0.0005897793683137946,0.005310495469572838,-0.0001566547165512285,-0.0003072539644032846,0.0,5.0
9.774887443721859,3.051890657345778,0.027205020205796328,-0.03114240198375801,-0.000562020782064289,0.005396485374750237,-0.00014731317924816234,-0.0003111179376010021,0.0,5.0
9.79489744872436,3.0521903211187196,0.027365264117508246,-0.03144344366181149,-0.000535839324289317,0.005483475271715402,-0.00013727491577484013,-0.00031490556579764244,0.0,5.0
9.814907453726864,3.0524994164073487,0.027530618782470994,-0.0317498911440496,-0.0005113443998458855,0.005571439362722562,-0.00012651660682028808,-0.00031860690809589035,0.0,5.0
9.834917458729365,3.052818291586436,0.02770128071275912,-0.03206182163930013,-0.0004886488301819208,0.0056603493440482025,-0.00011501466528429804,-0.00032221142365815634,0.0,5.0
9.854927463731865,3.0531473090370933,0.02787745292256836,-0.032379311659158326,-0.00046786887910165033,0.005750174179713009,-0.00010274547033367104,-0.0003257081214558902,0.0,5.0
9.874937468734366,3.05348684410747,0.028059345789445668,-0.032702436862481365,-0.00044912429562089876,0.0058408798182757885,-8.968561089386198e-05,-0.0003290856670263737,0.0,5.0
9.894947473736867,3.0538372846737505,0.028247177529876884,-0.03303127187596899,-0.00043253833081714803,0.005932428867321463,-7.581207816737466e-05,-0.00033233239331176794,0.0,5.0
9.914957478739368,3.0541990313193987,0.02844117427023764,-0.03336589006550794,-0.0004182376989542989,0.006024780195195669,-6.110237895395991e-05,-0.00033543618670570465,0.0,5.0
9.934967483741872,3.0545724977582362,0.02864156991510353,-0.033706363243223396,-0.0004063524757287477,0.006117888362676537,-4.5534577191414565e-05,-0.00033838423151301124,0.0,5.0
9.954977488744372,3.05495811100781,0.028848606080537725,-0.03405276130818483,-0.0003970159413582349,0.006211702709814046,-2.9087283791943434e-05,-0.0003411625719733445,0.0,5.0
9.974987493746873,3.05535631104556,0.029062532231327754,-0.034405151829889416,-0.0003903643706831729,0.006306165834244554,-1.1739587634344922e-05,-0.00034375537637976796,0.0,5.0
9.994997498749374,3.055767550094543,0.02928360592913697,-0.034763599595814036,-0.0003865367471558761,0.006401211072019874,6.5291454688382594e-06,-0.00034614365981142775,0.0,5.0
10.015007503751875,3.0561922919926077,0.02951209293190734,-0.03512816617127298,-0.00038567434874787945,0.006496758377338483,2.573976974499481e-05,-0.00034830303754225154,0.0,5.0
10.035017508754375,3.056631012064224,0.02974826691733115,-0.03549890958604389,-0.0003879201469685841,0.006592707615242809,4.591442108057432e-05,-0.0003501998129738652,0.0,5.0
10.055027513756876,3.0570841975430567,0.029992408832924315,-0.03587588440100447,-0.0003934180021420664,0.006688927629041817,6.70785400729606e-05,-0.0003517842698594032,0.0,5.0
10.07503751875938,3.057552348159071,0.030244806151292082,-0.036259142663198324,-0.00040231175865413396,0.006785238382444979,8.926443008089594e-05,-0.0003529792650840812,0.0,5.0
10.095047523761881,3.0580359763850686,0.03050575242692209,-0.03664873669594294,-0.00041474460199929616,0.006881381792426018,0.00011251713953105588,-0.00035366077606317737,0.0,5.0
10.115057528764382,3.0585356072616037,0.030775547400314487,-0.0370447254098915,-0.00043085959084001566,0.006976974223813817,0.00013690351698636126,-0.0003536242949182511,0.0,5.0
10.135067533766883,3.0590517785863245,0.031054497559147666,-0.037447187079822225,-0.0004508035154481307,0.0070714295176896634,0.00016252442947592844,-0.0003525254295085917,0.0,5.0
10.155077538769383,3.059585043146164,0.031342916770368955,-0.03785624368924959,-0.0004747390695082762,0.007163835390496774,0.00018952609891754123,-0.00034977108264533526,0.0,5.0
10.175087543771884,3.0601359748651307,0.03164112642349817,-0.03827210550336153,-0.0005028766486453415,0.0072527586782904765,0.00021809342859005924,-0.00034430853385803784,0.0,5.0
10.195097548774385,3.0607051782245898,0.03194945358543749,-0.038695149258255776,-0.0005355498374302167,0.007335953262282142,0.0002483731204412206,-0.0003341791437196924,0.0,5.0
10.215107553776889,3.0612932865161415,0.03226821965514157,-0.0391260424513341,-0.0005733760741935931,0.0074099877914911945,0.00028019982102187545,-0.000315444322600256,0.0,5.0
10.23511755877939,3.0619008798423457,0.03259768954711417,-0.039565873227245474,-0.000617514618807855,0.007470094790853124,0.00031243059357355645,-0.00027913351656607836,0.0,4.0
10.25512756378189,3.062528149016386,0.03293794241865262,-0.040015877426843705,-0.0006695830260035593,0.007512040760835073,0.00034224225092472195,-0.00020088756798249547,0.0,5.0
10.275137568784391,3.063175122829342,0.03328947949512217,-0.04047426855537652,-0.0007276922490931608,0.007545404054084351,0.00037008996216397375,-0.00010533481655960168,0.0,4.0
10.295147573786892,3.063842012339829,0.03365254146967228,-0.04093850966547743,-0.0007899157969525503,0.007584285680423584,0.0003974114502448212,0.0,0.0,4.0
10.315157578789393,3.0645301931323803,0.034028460121891826,-0.04140273390233211,-0.0008500710930076398,0.007655323505408773,0.0004351927516211364,0.0,0.0,4.0
10.335167583791897,3.0652412312954707,0.03441641665347569,-0.04187170181252525,-0.0009148672513390049,0.007739730810372174,0.0004736177161703255,0.0,0.0,4.0
10.355177588794398,3.0659750513370336,0.03481691494794897,-0.04234686763235155,-0.000985917398148791,0.007830088917570767,0.000511621342224986,0.0,0.0,4.0
10.375187593796898,3.066731948886386,0.03523035494012744,-0.04282866306300741,-0.0010635378485704845,0.007923095413398626,0.0005496666019953608,0.0,0.0,4.0
10.395197598799399,3.0675123746520074,0.03565707559810563,-0.04331717967642258,-0.0011477520476823571,0.008017116110272324,0.0005882236166110588,0.0,0.0,4.0
10.4152076038019,3.0683168274790487,0.036097390493389975,-0.0438123906245535,-0.0012385483605545514,0.008111263671688127,0.0006275671247481279,0.0,0.0,4.0
10.4352176088044,3.0691458126097264,0.036551602273720576,-0.044314227680819405,-0.0013359388100698609,0.008205011614699878,0.0006678245677594134,0.0,0.0,4.0
10.455227613806901,3.0699998213599686,0.03702000989319201,-0.04482260906597815,-0.0014399663194871529,0.008298017108851223,0.0007090392256586139,0.0,0.0,4.0
10.475237618809405,3.07087932157395,0.03750291132641431,-0.045337449137097495,-0.001550699889463911,0.00839003398592516,0.0007512114303434311,0.0,0.0,4.0
10.495247623811906,3.071784757215977,0.038000601657515794,-0.04585866090777367,-0.0016682278053005008,0.008480868310557934,0.000794321383548827,0.0,0.0,4.0
10.515257628814407,3.0727165552615294,0.038513367254931735,-0.046386155607732286,-0.001792651184642346,0.008570355446060204,0.0008383411637837817,0.0,0.0,4.0
10.535267633816908,3.0736751362321595,0.03904147800294836,-0.04691984106157306,-0.0019240783007133336,0.008658348471138146,0.0008832409851874976,0.0,0.0,4.0
10.555277638819408,3.0746609236036595,0.039585180267839956,-0.04745961975484615,-0.0020626198260968827,0.008744712714735328,0.0009289922266928553,0.0,0.0,4.0
10.575287643821909,3.075674345920175,0.04014469408832505,-0.048005387131298635,-0.0022083853101515223,0.00882932348333232,0.0009755680853461115,0.0,0.0,4.0
10.59529764882441,3.076715824387138,0.040720218679408816,-0.04855703057926836,-0.002361481482849964,0.008912065000929016,0.0010229418860295042,0.0,0.0,4.0
10.615307653826914,3.077785743533515,0.04131194761687104,-0.04911442944922234,-0.0025220128983357427,0.008992828915018769,0.0010710833933905886,0.0,0.0,4.0
10.635317658829415,3.078884416547912,0.041920087192215974,-0.04967745603645537,-0.0026900844736896623,0.009071511125994462,0.0011199550529280527,0.0,0.0,4.0
10.655327663831915,3.0800120703588045,0.04254486392585941,-0.05024597678034945,-0.0028658038728239387,0.009148006534854548,0.0011695116623088744,0.0,0.0,4.0
10.675337668834416,3.081168870855069,0.043186509981223906,-0.05081985245294008,-0.0030492807721895993,0.00922220267127204,0.0012197060538186482,0.0,0.0,4.0
10.695347673836917,3.08235498031555,0.0438452312204968,-0.05139893642711257,-0.003240621359055848,0.009293975176875488,0.0012704987453590303,0.0,0.0,4.0
10.715357678839418,3.083570607593936,0.04452118025638104,-0.05198307127051493,-0.003439919931260859,0.009363190122701743,0.0013218641681613285,0.0,0.0,4.0
10.735367683841922,3.084816012454436,0.04521445615095948,-0.0525720854279396,-0.0036472527094599813,0.009429715302342094,0.0013737872343362082,0.0,0.0,4.0
10.755377688844423,3.0860914576253626,0.04592513443613395,-0.053165793450769265,-0.0038626790471646536,0.00949342641703651,0.0014262551896496562,0.0,0.0,4.0
10.775387693846923,3.087397133283173,0.046653314649531374,-0.05376400349527956,-0.004086250442918212,0.009554177187010264,0.0014792597743047903,0.0,0.0,4.0
10.795397698849424,3.088733119864164,0.04739915092825202,-0.05436652970321027,-0.004318018720449667,0.009611734224430018,0.0015328148032718208,0.0,0.0,4.0
10.815407703851925,3.0900994544733793,0.048162829414133135,-0.0549731953521733,-0.004558031238511188,0.009665762942385008,0.0015869652467460475,0.0,0.0,4.0
10.835417708854425,3.0914962353167637,0.04894451602496977,-0.05558380673624034,-0.00480630879653027,0.009715991739171,0.0016417581082557218,0.0,0.0,4.0
10.855427713856926,3.0929236206222335,0.0497443246641978,-0.05619807235782179,-0.005062784702811193,0.009762649486624276,0.0016972325232125485,0.0,0.0,4.0
10.87543771885943,3.094381730292266,0.050562323979923426,-0.056815379434037624,-0.005327048399787533,0.009807405436253745,0.0017537932619274966,0.0,0.0,4.0
10.895447723861931,3.0958710309029254,0.051398893542288396,-0.0574340525890846,-0.005597203908296684,0.009855930132125757,0.001814492361897512,-3.7981433414526166e-05,0.0,4.0
10.915457728864432,3.0973917091514407,0.052253393968178276,-0.05805671100240764,-0.005876957712177457,0.009896344427570012,0.0018746051772154202,-5.799121688252798e-05,0.0,4.0
10.935467733866933,3.098943079851604,0.053125830016853,-0.058683467515496836,-0.006166603036686228,0.009926552060127323,0.0019343953982304599,-6.753479323094444e-05,0.0,4.0
10.955477738869433,3.1005245387355496,0.05401595462861827,-0.05931421371414398,-0.0064662236379824595,0.009945638444690416,0.001992926874316647,-6.0866185464357335e-05,0.0,4.0
10.975487743871934,3.102135499550624,0.0549236471642492,-0.05994801803620074,-0.0067750430122832305,0.009956429450963363,0.0020510815312960373,-4.808008967282909e-05,0.0,4.0
10.995497748874435,3.103775584941987,0.05584874021964634,-0.06058417581196591,-0.007092666684727318,0.0099609719942428,0.002109286208951795,-3.282681383338259e-05,0.0,4.0
11.015507753876939,3.105444510087443,0.056791100257817834,-0.061222212426337325,-0.007418964705550573,0.009960261994517362,0.002167656626109421,-1.6472552045877392e-05,0.0,4.0
11.03551775887944,3.1071420389343216,0.05775062544601616,-0.061861775231764546,-0.007753909070682648,0.009954647548225061,0.0022261930947094183,5.043087755296375e-07,0.0,5.0
11.05552776388194,3.108867943083378,0.05872722108187041,-0.06250255840794859,-0.008097495717735131,0.009944179095294135,0.002284863694608835,1.7953909953119533e-05,0.0,5.0
11.075537768884441,3.1106219697717465,0.059720779426236395,-0.06314426700893322,-0.00844971898175491,0.009928798623164647,0.002343630268690619,3.583392067279687e-05,0.0,5.0
11.095547773886942,3.1124038282286106,0.060731171217318115,-0.06378660381350638,-0.008810566201554243,0.009908416862346977,0.00240245435508538,5.413297988254053e-05,0.0,4.0
11.115557778889443,3.1142131890417337,0.0617582451416878,-0.06442926570208964,-0.009180017518605633,0.009882938432171052,0.002461297998833267,7.284766776988954e-05,0.0,4.0
11.135567783891943,3.1160496874188053,0.06280182966839748,-0.06507194310852765,-0.009558046351791862,0.009852268275250901,0.0025201236972842564,9.197655120958171e-05,0.0,5.0
11.155577788894448,3.1179129257759457,0.0638617345861731,-0.06571432021888604,-0.009944619732941685,0.009816312732709357,0.0025788942572200803,0.00011151900419366918,0.0,5.0
11.175587793896948,3.1198024754837816,0.06493775226206915,-0.0663560752931156,-0.010339698549674517,0.009774979473917034,0.002637572615667368,0.00013147503124319153,0.0,5.0
11.195597798899449,3.12171787865555,0.06602965926122024,-0.06699688101076025,-0.010743237787184426,0.00972817722894692,0.0026961215877387024,0.00015184516403259966,0.0,5.0
11.21560780390195,3.1236586499080907,0.06713721828154881,-0.06763640481431153,-0.01115518677080392,0.00967581548144262,0.0027545035631051295,0.00017263031937200533,0.0,5.0
11.23561780890445,3.125624277903251,0.06826018002208764,-0.06827430922972645,-0.011575489381304715,0.009617804171938221,0.002812680203343702,0.00019383165629200625,0.0,5.0
11.255627813906951,3.1276142268656297,0.06939828459648113,-0.0689102521522497,-0.012004084213377682,0.009554053453825453,0.0028706121947215716,0.00021545048078465718,0.0,5.0
11.275637818909455,3.129627938499572,0.07055126224543229,-0.06954388709031821,-0.0124409046514259,0.009484473538267327,0.002928259099415831,0.00023748823021468613,0.0,5.0
11.295647823911956,3.131664834505848,0.07171883333851864,-0.07017486336061632,-0.012885878848677153,0.009408974644502752,0.0029855793195030043,0.0002599465386249524,0.0,5.0
11.315657828914457,3.1337243193830386,0.07290070795787447,-0.07080282623138912,-0.01333892962155081,0.009327467034810579,0.0030425301411142087,0.0002828273437778127,0.0,5.0
11.335667833916958,3.135805782747885,0.07409658558200143,-0.07142741702161923,-0.013799974302364442,0.009239861073844823,0.003099067780631115,0.0003061329663218461,0.0,5.0
11.355677838919458,3.1379086003934438,0.07530615536275648,-0.07204827317585936,-0.014268924609838862,0.009146067236384442,0.0031551473417819696,0.0003298660947583658,0.0,5.0
11.375687843921959,3.1400321338596076,0.07652909715042534,-0.07266502833956368,-0.014745686581298384,0.009045996014681671,0.003210722631665249,0.00035402965567916033,0.0,5.0
11.39569784892446,3.142175729166179,0.07776508291604232,-0.07327731245137975,-0.015230160563811743,0.008939557740318018,0.0032657458633420615,0.00037862661784060904,0.0,5.0
11.415707853926964,3.144338716011076,0.07901377785013752,-0.07388475184899312,-0.015722241207326255,0.008826662401862815,0.0033201673491624136,0.00040365982986096554,0.0,5.0
11.435717858929465,3.146520408664288,0.08027484045890168,-0.07448696936442085,-0.016221817375670588,0.008707219565088919,0.0033739353110996744,0.0004291319863762034,0.0,5.0
11.455727863931966,3.1487201088894037,0.08154792148335191,-0.07508358437673884,-0.01672877191479399,0.00858113846211687,0.0034269958771181563,0.0004550457484820584,0.0,5.0
11.475737868934466,3.1509371099095773,0.08283266219961674,-0.0756742128030332,-0.017242981287366486,0.008448328222274362,0.003479293217588297,0.00048140394336818087,0.0,5.0
11.495747873936967,3.153170699431122,0.08412869321081477,-0.07625846703837852,-0.017764315165294423,0.008308698117971653,0.0035307696637302613,0.0005082096922197233,0.0,5.0
11.515757878939468,3.1554201597452307,0.08543563482543881,-0.07683595588794744,-0.01829263611785257,0.008162157654687746,0.003581365612453545,0.0005354663182771218,0.0,5.0
11.535767883941968,3.157684764249445,0.08675309937113333,-0.07740628454789442,-0.01882779950129911,0.008008616390226146,0.0036310191029991453,0.0005631769892567047,0.0,5.0
11.555777888944473,3.1599637718967126,0.08808069458479585,-0.07796905466921789,-0.019369653539883583,0.007847983518826693,0.003679665127407609,0.0005913442121726308,0.0,5.0
11.575787893946973,3.1622564227777255,0.0894180262851611,-0.0785238644814592,-0.01991803943929151,0.007680167424296481,0.003727234904130906,0.0006199694238867222,0.0,5.0
11.595797898949474,3.164561937859835,0.09076469865386286,-0.07907030889103114,-0.020472791287303393,0.00750507547957042,0.0037736553738584745,0.0006490528992940519,0.0,5.0
11.615807903951975,3.166879523590473,0.09212031175350174,-0.0796079794526139,-0.021033735555078314,0.007322614278963311,0.0038188490370775433,0.0006785940084569883,0.0,5.0
11.635817908954476,3.1692083790442265,0.09348445759442668,-0.08013646417716343,-0.02160069021936267,0.007132690268285606,0.003862734074340298,0.0007085916042362513,0.0,5.0
11.655827913956976,3.1715477014792106,0.09485671705098936,-0.08065534726443238,-0.02217346378750487,0.0069352104924686854,0.003905224628620896,0.0007390441894251714,0.0,5.0
11.67583791895948,3.1738966860912416,0.09623665994355717,-0.08116420893675039,-0.022751854677196977,0.006730083008966493,0.0039462310570008855,0.0007699496108113114,0.0,5.0
11.695847923961981,3.1762545174718513,0.09762384962569312,-0.08166262548864284,-0.023335651306189573,0.006517216583372413,0.0039856595131899306,0.0008013043906900167,0.0,5.0
11.715857928964482,3.1786203557717756,0.09901785035899556,-0.08215016943791978,-0.023924632739821844,0.006296519885347384,0.004023409620519093,0.0008331033841745492,0.0,5.0
11.735867933966983,3.1809933278857203,0.10041823174013081,-0.08262640947090827,-0.02451856910567215,0.006067901319869798,0.004059369453592381,0.0008653407452110651,0.0,5.0
11.755877938969483,3.1833725328265574,0.10182456520549898,-0.08309091005473604,-0.02511722108824086,0.0058312706009388295,0.004093409298552083,0.0008980124325341203,0.0,5.0
11.775887943971984,3.185757056688518,0.10323641539886674,-0.08354323108881824,-0.025720338837562928,0.005586541474966924,0.004125378900361884,0.0009311188461893943,0.0,5.0
11.795897948974485,3.188145984031951,0.10465333371617784,-0.08398292815361882,-0.02632766144651572,0.005333633433477887,0.004155112071856329,0.0009646660693674357,0.0,5.0
11.81590795397699,3.190538390660435,0.10607486070952721,-0.08440954967764644,-0.026938906946214404,0.005072476615707844,0.0041824793341877576,0.0009986673251202885,0.0,5.0
11.83591795897949,3.192933351234241,0.10750052017175284,-0.08482263956983735,-0.0275537797481607,0.004803007373380489,0.004207364328569431,0.0010331494414506069,0.0,5.0
11.85592796398199,3.195329954564887,0.10892981976734854,-0.08522175080250934,-0.028172022593540617,0.004525152556517685,0.004229410235240844,0.0010681519468246489,0.0,5.0
11.875937968984491,3.1977272522875633,0.11036226240062143,-0.08560643831107745,-0.028793406463468948,0.004238844730302381,0.004248022478614822,0.0011037084368100496,0.0,5.0
11.895947973986992,3.200124240723514,0.11179731346431811,-0.08597624709835681,-0.029417666011059506,0.003944023324886261,0.0042627494729809605,0.0011398460987665044,0.0,5.0
11.915957978989493,3.2025198804747155,0.11323440909559769,-0.08633074408653217,-0.03004456441259734,0.00364056982568536,0.00427318106580047,0.001176602486191946,0.0,5.0
11.935967983991993,3.2049130413912805,0.11467296080304416,-0.08666956985254638,-0.030674049440545845,0.00332822886368755,0.004278385275934728,0.0012139624455127505,1.4214740314922754e-06,5.0
11.955977988994498,3.2073024732246624,0.11611229097957365,-0.08699244377438892,-0.03130627888587475,0.003006501139193737,0.004276364636144403,0.0012510894357241507,1.2394713298421856e-05,5.0
11.975987993996998,3.2096869427111567,0.11755183408042076,-0.08729860112416916,-0.03194012287434606,0.002675768144522746,0.004269338662794765,0.001288129205246614,2.572907261672955e-05,5.0
11.9959979989995,3.2120653194534112,0.1189909826591933,-0.08758743589091851,-0.03257478797611457,0.002336123472165743,0.004258923037275482,0.0013254678551145973,3.827199550574138e-05,5.0
12.016008004002003,3.214436461938335,0.12042912184013323,-0.08785847739932963,-0.03320987923826503,0.001987423232965385,0.004245009086501464,0.0013630863141653943,5.0521493774297945e-05,6.0
12.0360180090045,3.2167991824384945,0.12186564091449133,-0.08811125532754398,-0.03384504123777493,0.0016295641875791838,0.004227060466293484,0.0014009263511857275,6.299002229445017e-05,6.0
12.056028014007005,3.2191522502533707,0.12329991205555675,-0.08834527726576472,-0.03447986309678,0.001262489370786356,0.004204614723411003,0.0014389392738315785,7.595000582338794e-05,5.0
12.076038019009502,3.2214943939244787,0.1247312868054659,-0.08856003515607283,-0.035113881540277975,0.0008861577514974801,0.004177336726644869,0.0014770714930338281,8.952618449538652e-05,5.0
12.096048024012006,3.2238243017799184,0.12615909551701426,-0.08875501062498829,-0.035746596015973735,0.0005005344830825079,0.004144962353733026,0.0015152669416645878,0.00010376438850154326,6.0
12.116058029014503,3.2261406150334158,0.12758264232986413,-0.08892967715194262,-0.03637747844292633,0.00010559221784273001,0.004107241644119608,0.0015534647777202886,0.00011869050148001606,6.0
12.136068034017008,3.2284419227816334,0.1290012011348972,-0.08908350012920124,-0.03700597473151741,-0.00029868611186115456,0.0040639205679560905,0.0015915983450595964,0.00013432714880076747,6.0
12.156078039019512,3.230726760449307,0.1304140141203903,-0.0892159366149881,-0.03763150396190686,-0.0007123054709178014,0.004014737305428362,0.0016295942546513704,0.00015069644377851523,6.0
12.17608804402201,3.232993608442708,0.1318202914250913,-0.08932643505123582,-0.03825345716228753,-0.001135257275121688,0.003959421567540672,0.0016673714740023326,0.00016781989669389073,6.0
12.196098049024513,3.2352408883384207,0.13321921036719228,-0.0894144348963519,-0.03887119597692101,-0.0015675178951899342,0.0038976943261785336,0.0017048403815214564,0.00018571808379442078,6.0
12.21610805402701,3.2374669569363395,0.13460991407010298,-0.0894793661995582,-0.0394840512453856,-0.0020090470520975783,0.0038292677526321054,0.0017419018019856672,0.00020441023612629522,6.0
12.236118059029515,3.239670099250088,0.13599150949222424,-0.08952064915795772,-0.04009132151375267,-0.0024597860680975457,0.003753845289631227,0.0017784460254487064,0.00022391380643145222,6.0
12.256128064032012,3.2418485214418302,0.13736306476420718,-0.08953769367465249,-0.04069227147041213,-0.0029196559273321964,0.0036711218638520718,0.0018143518256642554,0.0002442440334702335,6.0
12.276138069034516,3.2440003442969196,0.13872360565566214,-0.0895298989092199,-0.04128613027626443,-0.003388555089946625,0.0035807842801986495,0.0018494854988832183,0.00026541350589880493,6.0
12.29614807403702,3.246123597349918,0.1400721110727379,-0.0894966527967312,-0.04187208975510815,-0.0038663570120749512,0.0034825118369793103,0.001883699927452176,0.0002874317089785731,6.0
12.316158079039518,3.248216213299785,0.14140750768180346,-0.08943733150977722,-0.04244930242350623,-0.004352907349483855,0.0033759771787733772,0.0019168336431043414,0.00031030451615880663,6.0
12.336168084042022,3.2502760219614815,0.1427286639501707,-0.08935129884664599,-0.043016879362381154,-0.004848020854313564,0.0032608473774017486,0.0019487098372197528,0.0003340335723047658,6.0
12.35617808904452,3.2523007428051947,0.14403438399295118,-0.08923790554405467,-0.04357388795594196,-0.00535147799951994,0.0031367852145352056,0.001979135253084899,0.00035861551360614975,6.0
12.376188094047023,3.254287975216245,0.1453234015596607,-0.08909648852971638,-0.0441193495385763,-0.005863021373664648,0.0030034506413909065,0.002007898906004976,0.00038404098359983455,6.0
12.39619809904952,3.2562351859582344,0.14659437428808006,-0.08892637014286368,-0.0446522369909807,-0.006382351874804641,0.0028605024142115782,0.0020347706102774596,0.00041029343154036187,6.0
12.416208104052025,3.2581396938241207,0.14784587805916574,-0.0887268573551757,-0.04517147231197296,-0.00690912469967208,0.0027075999432677827,0.002059499338046388,0.000437347709432969,6.0
12.43621810905453,3.2599986519360513,0.1490764010044899,-0.08849724101890614,-0.045675924166642456,-0.007442945083544819,0.0025444054362772648,0.002081811479120471,0.0004651685064144893,6.0
12.456228114057026,3.261809028436293,0.15028433653985795,-0.08823679515560082,-0.04616440538313854,-0.007983363710644934,0.002370586451269859,0.002101409098960597,0.0004937086656927488,6.0
12.47623811905953,3.263567586307698,0.15146797477443666,-0.08794477628263785,-0.04663567034845626,-0.00852987169573117,0.002185818989764094,0.0021179682968538007,0.0005229074181763019,6.0
12.496248124062028,3.265270862786643,0.1526254917647378,-0.08762042276173684,-0.04708841224448248,-0.009081895039817399,0.0019897912563585926,0.002131137749554224,0.0005526885432435611,6.0
12.516258129064532,3.2669151483749643,0.1537549362958438,-0.08726295414813474,-0.04752126007165377,-0.009638788485083646,0.0017822081896249364,0.002140537496266923,0.0005829584396648286,6.0
12.53626813406703,3.2684964649292945,0.15485421411761993,-0.08687157052355975,-0.04793277542771823,-0.010199828730377279,0.0015627968387917884,0.002145757989848276,0.000613604066921063,6.0
12.556278139069533,3.270010541789194,0.15592106979592868,-0.0864454518106425,-0.048321449040435845,-0.010764207012697955,0.0013313126280702638,0.002146359415401386,0.0006444907042235991,6.0
12.576288144072038,3.2714527884583657,0.15695306652669616,-0.08598375709001685,-0.04868569709228746,-0.011331021105706923,0.0010875465211670498,0.002141871266880028,0.0006754594736996636,6.0
12.596298149074535,3.2728182620518655,0.15794756436426946,-0.08548562397239227,-0.04902385741827067,-0.011899266826820533,0.0008313330785485839,0.002131792180129615,0.0007063245875596244,6.0
12.61630815407704,3.2741016276917505,0.15890169726914832,-0.08495016811321852,-0.04933418569837094,-0.0124678291703209,0.0005625593978125609,0.002115590054292862,0.0007368703105420717,6.0
12.636318159079536,3.2752971104185087,0.1598123491094162,-0.08437648299147713,-0.049614851795569674,-0.01303547318364332,0.0002811749527882295,0.0020927025606479227,0.0007668476827365422,6.0
12.65632816408204,3.2763984380449482,0.16067612822941355,-0.08376364009829658,-0.049863936399819224,-0.013600834669721553,-1.2797595519819557e-05,0.0020625382404893264,0.000795971123040895,6.0
12.676338169084538,3.2773987755616503,0.16148933952009964,-0.08311068968725982,-0.050079428125866285,-0.014162410734572842,-0.00031925046213392426,0.0020244785183701017,0.0008239151181723031,6.0
12.696348174087042,3.27829065280022,0.16224795232229502,-0.08241666222355087,-0.05025922118785828,-0.014718550129717886,-0.0006379774445623748,0.001977881072077734,0.0008503112730503344,6.0
12.716358179089546,3.279065887521666,0.16294756228035107,-0.08168057064110906,-0.05040111375980785,-0.015267443303721913,-0.000968659009939251,0.0019220850637491238,0.0008747460291433975,6.0
12.736368184092044,3.2797155055059144,0.16358334568292018,-0.08090141349521157,-0.05050280715895075,-0.01580711211870563,-0.0013108455522872844,0.0018564187146812507,0.0008967593341585191,6.0
12.756378189094548,3.2802296576148873,0.1641500058784106,-0.08007817910802512,-0.05056190608229094,-0.01633539932903026,-0.001663938758769682,0.0017802095999945406,0.0009158444829681724,6.0
12.776388194097045,3.280597531851326,0.1646417127024199,-0.0792098508663749,-0.050575920284913485,-0.016849958144932817,-0.002027171244086373,0.0016927978942273005,0.0009314492906566887,6.0
12.79639819909955,3.280807257265581,0.16505203693178067,-0.07829541394491286,-0.05054226827949858,-0.017348242457620476,-0.002399584840837762,0.0015935526939371068,0.0009429787638947042,6.0
12.816408204102054,3.2808457972423115,0.1653738820619948,-0.07733386386987423,-0.05045828380387637,-0.01782749851011756,-0.0027800081010090497,0.0014818915502267142,0.000949799548507249,6.0
12.83641820910455,3.28069883257523,0.16559941507952985,-0.07632421746812386,-0.05032122589498793,-0.018284758908677763,-0.0031670336357344717,0.0013573034761060268,0.0009512466382790846,6.0
12.856428214107055,3.2803506390180566,0.16571999688926992,-0.07526552682835827,-0.05012829340945259,-0.01871683989293302,-0.0035589959322707867,0.0012193758724304313,0.0009466330548022386,6.0
12.876438219109552,3.279783967962973,0.16572611269241797,-0.07415689693200789,-0.049876644790260924,-0.019120342799980015,-0.0039539503400064,0.0010678258866181319,0.0009352633294248418,6.0
12.896448224112056,3.278979940834305,0.16560730391196227,-0.07299750762757136,-0.049563423892608746,-0.019491660782374565,-0.0043496541282230725,0.0009025365197031136,0.0009164515326084758,6.0
12.916458229114554,3.2779179672661973,0.1653521065365964,-0.07178664068299646,-0.04918579284372543,-0.01982699214466586,-0.0047435509392325026,0.0007235972627665521,0.0008895442859604342,6.0
12.936468234117058,3.2765756957741874,0.16494800515808555,-0.07052371279133472,-0.048740973240703825,-0.020122362106443293,-0.005132760517544737,0.0005313482664070649,0.0008539487554235171,6.0
12.956478239119562,3.2749290065527448,0.1643814157919636,-0.0692083155871379,-0.048226297381101374,-0.02037365521426173,-0.005514076100580683,0.00032642625064703524,0.0008091652247559297,6.0
12.97648824412206,3.27295206198347,0.16363771218144008,-0.06784026382992865,-0.047639271459361615,-0.020576660789183337,-0.005883972103857199,0.00010980977263636569,0.0007548236043771313,6.0
12.996498249124564,3.270617441598152,0.1627013093152549,-0.0664196527595123,-0.04697765251517847,-0.02072713356456258,-0.006238624633414655,-0.00011713884601480838,0.0006907231050954316,6.0
13.01650825412706,3.26789640113311,0.16155581571800967,-0.06494692510593109,-0.04623954025844167,-0.02082087107454584,-0.006573947014010469,-0.0003526378343588921,0.0006168740873105631,6.0
13.036518259129565,3.2647593037394964,0.16018426523802692,-0.0634229473542703,-0.045423483777249286,-0.020853808622871586,-0.006885642191276468,-0.0005944598377181646,0.0005335405001132057,6.0
13.056528264132062,3.2611762693011173,0.15856944166720618,-0.06184909377780039,-0.04452860178750473,-0.020822132088110984,-0.007169273800156809,-0.0008399194928524625,0.0004412801879683984,6.0
13.076538269134566,3.2571180729773674,0.15669431518793045,-0.06022733568247429,-0.04355471375835283,-0.020722408531111597,-0.00742035789963547,-0.0010858800720481472,0.00034097881819801604,6.0
13.09654827413707,3.2525573007638817,0.1545426141926279,-0.058560332379122455,-0.04250247802583646,-0.020551734273717225,-0.007634477437782842,-0.0013287855237685952,0.00023387180568373896,6.0
13.116558279139568,3.2474697467378033,0.15209955283223442,-0.056851519530893777,-0.04137353170323679,-0.02030789908774056,-0.007807420649838544,-0.0015647240819095807,0.00012154809929765474,6.0
13.136568284142072,3.2418360196617253,0.14935271898419722,-0.055105189477059,-0.04017062554988639,-0.019989562633885273,-0.007935342103836358,-0.001789527644784483,5.930512562839946e-06,6.0
13.15657828914457,3.235643312373868,0.1462931005503534,-0.053326556787964725,-0.03889774498247654,-0.019596435332731418,-0.008014941005133065,-0.0019989072930942835,-0.00011077065189399512,6.0
13.176588294147074,3.228887266262923,0.14291619663043903,-0.05152180086007134,-0.0375602064559854,-0.019129451619671514,-0.008043646673133191,-0.002188620091390346,-0.00022613098931806928,6.0
13.19659829914957,3.2215738306294446,0.1392231303630816,-0.04969807620084315,-0.03616471676676908,-0.018590920792061295,-0.008019797427837053,-0.00235465625524085,-0.0003376090401814874,6.0
13.216608304152075,3.213720977695653,0.13522165608849868,-0.0478634804409376,-0.034719381353724765,-0.01798464018178917,-0.007942797746064096,-0.002493429973926475,-0.00044265957882029023,6.0
13.23661830915458,3.2053600926580414,0.1309269419863653,-0.046026970305194904,-0.03323364687206095,-0.017315955574817094,-0.007813239247787993,-0.0026019547502088413,-0.0005388530135312516,6.0
13.256628314157076,3.196536815916163,0.12636202043535766,-0.04419821767899879,-0.031718165685123506,-0.016591751055819667,-0.007632971127059894,-0.0026779895721550616,-0.0006239927438823926,6.0
13.27663831915958,3.187311092749492,0.1215578300061712,-0.04238740319025968,-0.030184579287912475,-0.01582034328866887,-0.007405100999972882,-0.002720155736157525,-0.0006962300784832853,6.0
13.296648324162078,3.177756234054733,0.11655280326248758,-0.0406049545441793,-0.028645234776828017,-0.015011252381694368,-0.007133899644461277,-0.002728033791976457,-0.0007541827052767403,6.0
13.316658329164582,3.1679569335392954,0.11139196905121067,-0.038861249993202125,-0.027112865963426467,-0.014174846489376875,-0.006824591570614826,-0.0027022337294536247,-0.0007970512986118977,6.0
13.33666833416708,3.158006358804626,0.1061255618525835,-0.03716631866819696,-0.02560027331597924,-0.013321929485033177,-0.006483068950734081,-0.0026443794832105793,-0.000824686634491904,6.0
13.356678339169584,3.1480025496970994,0.10080719420709418,-0.03552956816585277,-0.024120009523451072,-0.01246342089163616,-0.006115664912456142,-0.0025569032379303487,-0.0008375076855316879,6.0
13.376688344172088,3.1380444372337433,0.09549171644289128,-0.0339595421148489,-0.022684022501186854,-0.011610230641031932,-0.005729152190662944,-0.002442613916963985,-0.0008361954372971267,6.0
13.396698349174585,3.1282279016085335,0.09023290139191475,-0.032463661621385434,-0.021303170475988342,-0.010773143809967299,-0.0053309041324719275,-0.0023042669657762425,-0.0008212974227811027,6.0
13.41670835417709,3.1186422778552187,0.08508111029019001,-0.031047890628067506,-0.01998659632692612,-0.009962193054340214,-0.004928667497214393,-0.0021446512208005827,-0.0007932174575630118,6.0
13.436718359179586,3.109367386496858,0.08008123589179085,-0.029716368551173215,-0.01874117771253406,-0.009185195977152765,-0.004529195197836671,-0.0019675208328716444,-0.0007530996481014843,6.0
13.45672836418209,3.100470869097969,0.0752713099722985,-0.028471255760495116,-0.017571488909753602,-0.008446258295964265,-0.004135960750511027,-0.0017786424912301275,-0.00070425594767413,6.0
13.476738369184588,3.0920060096042956,0.07068187320298051,-0.02731314422779111,-0.016480586812036558,-0.007746379770292555,-0.0037483865439151927,-0.0015847562703182048,-0.0006521664454237003,6.0
13.496748374187092,3.0840108374339654,0.06633579058075428,-0.026242227328703634,-0.015471469467054735,-0.007088235272352439,-0.0033665540478771605,-0.0013872947166618345,-0.0006001222967857537,6.0
13.516758379189596,3.0765087869724432,0.06224818161797531,-0.02526004447371057,-0.014548816862492105,-0.006484566272198833,-0.003003034599545194,-0.0011655366534820157,-0.0005381097841908247,6.0
13.536768384192094,3.069509490627014,0.05842624547656869,-0.024370134655074035,-0.013719376646967204,-0.005961478861932352,-0.0026928524581418057,-0.0008268849891881543,-0.00041558447243281545,6.0
13.556778389194598,3.0630124443677613,0.054873267454070465,-0.023563841361817522,-0.012969739793132597,-0.005505623700053101,-0.0024402432297725425,-0.00044210672218349383,-0.00025127774056217614,6.0
13.576788394197095,3.0570096444245674,0.051585631798640084,-0.022831233804510295,-0.012286698577495255,-0.005092869570869145,-0.0022280304967366824,0.0,0.0,6.0
13.5967983991996,3.0514932900677385,0.04856396725136127,-0.022137421938532804,-0.011617333315233952,-0.004607161501875539,-0.0018611127823093823,0.0,0.0,6.0
13.616808404202104,3.0464496431724197,0.0457907292930306,-0.021514307982414386,-0.011026311892721873,-0.004161287101806017,-0.0012800450507105263,0.0,0.0,4.0
13.6368184092046,3.0418497045309643,0.04325920945192482,-0.020956765817053184,-0.01050394829422485,-0.0037684768856385362,-0.0006401201637204395,0.0,0.0,4.0
13.656828414207105,3.0376665581143327,0.0409598217695047,-0.020448902348776492,-0.010014921116409949,-0.003408953460813379,0.0,0.0,0.0,4.0
13.676838419209602,3.033881195223877,0.038887186824362735,-0.01995520914659215,-0.009474946627123303,-0.0030113374447505456,0.0,0.0,0.0,4.0
13.696848424212106,3.0304737482515054,0.03701824150097362,-0.019501029734990443,-0.008956118870163666,-0.0026349447752965546,0.0,0.0,0.0,3.0
13.716858429214604,3.0274108121047933,0.03533771142556688,-0.019090758612039335,-0.00848071860379244,-0.0022913614026782627,0.0,0.0,0.0,3.0
13.736868434217108,3.0246599957722706,0.03382950963975565,-0.01872249129671808,-0.008052860584357514,-0.0019801232657154313,0.0,0.0,0.0,3.0
13.756878439219612,3.0221909063034236,0.03247710370539581,-0.01839224286166972,-0.0076699644076260115,-0.0016989724654661543,0.0,0.0,0.0,3.0
13.77688844422211,3.0199757223573767,0.03126414114632174,-0.018095158925651694,-0.007326980015840354,-0.0014462955937931325,0.0,0.0,0.0,3.0
13.796898449224614,3.0179891713942433,0.030175120302367416,-0.017826539929483853,-0.0070186053543517075,-0.0012198645025765027,0.0,0.0,0.0,3.0
13.81690845422711,3.0162079602758367,0.029196008249732976,-0.017583526825920685,-0.006741535568148906,-0.0010118988904485858,0.0,0.0,0.0,3.0
13.836918459229615,3.0146099410778624,0.02831456739585406,-0.017366648610244454,-0.006496480691230577,-0.0007986005527947511,0.0,0.0,0.0,3.0
13.856928464232112,3.013173240522044,0.02752090708687914,-0.01717626766532972,-0.00628390179547201,-0.000561661606705423,0.0,0.0,0.0,3.0
13.876938469234616,3.011878170445284,0.02680757997789784,-0.017006618981107505,-0.006096290603701366,-0.00032328146275913345,0.0,0.0,0.0,3.0
13.89694847423712,3.0107100273996905,0.026168856468157878,-0.01684498873035112,-0.005916562208231643,-0.00015305502766091789,0.0,0.0,0.0,3.0
13.916958479239618,3.009660305916746,0.02559887267155735,-0.01668177508312169,-0.0057312906284652885,-0.000107649152996052,0.0,0.0,0.0,3.0
13.936968484242122,3.008722802994588,0.02508983409858561,-0.016523164984294292,-0.0055482582212622485,-0.00013726384928691444,0.0,0.0,0.0,3.0
13.95697848924462,3.007885980349216,0.02463365168441904,-0.016381649730759385,-0.0053842724511644815,-0.00015445633914156794,0.0,0.0,0.0,2.0
13.976988494247124,3.0071361237245053,0.024223539737291064,-0.016260971429976748,-0.0052446627510876484,-0.00013628640282103518,0.0,0.0,0.0,2.0
13.99699849924962,3.0064613013701345,0.02385366379707458,-0.016158440386053175,-0.005126434983845502,-9.215308187400475e-05,0.0,0.0,0.0,2.0
14.017008504252125,3.005851525933689,0.023519174656936297,-0.016069742156774397,-0.005024495652002519,-3.57901738100521e-05,0.0,0.0,0.0,2.0
14.03701850925463,3.0052992971059806,0.02321618373379716,-0.015991098871748384,-0.004934221487219659,2.0813045309210846e-05,0.0,0.0,0.0,2.0
14.057028514257127,3.0047987097859017,0.022941496867130977,-0.01592038321985982,-0.00485305947568641,7.376003051637431e-05,0.0,0.0,0.0,2.0
14.07703851925963,3.00434481233075,0.0226924077105542,-0.0158564233903242,-0.0047796317064264,0.00012217056870835385,0.0,0.0,0.0,3.0
14.097048524262128,3.0039332306482263,0.022466520989482614,-0.015798469609808782,-0.004713070905497582,0.0001661526866548705,0.0,0.0,0.0,3.0
14.117058529264632,3.003560012315621,0.022261671361507408,-0.01574593809237806,-0.004652707147934034,0.00020605909899243426,0.0,0.0,0.0,3.0
14.13706853426713,3.0032215736542502,0.02207589506180489,-0.015698321144451646,-0.004597959161566473,0.0002422632244437662,0.0,0.0,0.0,3.0
14.157078539269634,3.002914669051823,0.021907413336128372,-0.015655162028199644,-0.004548304408593765,0.0002751107894278222,0.0,0.0,0.0,3.0
14.177088544272138,3.002636360121197,0.02175461563748982,-0.01561604717795689,-0.004503270044761917,0.00030491530532665936,0.0,0.0,0.0,3.0
14.197098549274635,3.002383985957233,0.021616043368161482,-0.015580601769498539,-0.004462427815790927,0.0003319605111577641,0.0,0.0,0.0,3.0
14.21710855427714,3.0021551366033923,0.02149037537881165,-0.015548486028319312,-0.004425389794435587,0.0003565031552509761,0.0,0.0,0.0,3.0
14.237118559279637,3.001947629394744,0.02137641504304321,-0.015519391925258594,-0.004391804560650274,0.00037877553204785974,0.0,0.0,0.0,3.0
14.25712856428214,3.0017594875734037,0.021273078570212114,-0.015493040181328993,-0.0043613537355766795,0.00039898779417436246,0.0,0.0,0.0,3.0
14.277138569284638,3.00158892083324,0.02117938436700051,-0.015469177543637743,-0.004333748824433428,0.00041733006835787583,0.0,0.0,0.0,3.0
14.297148574287142,3.0014343075394043,0.021094443307645285,-0.015447574306625038,-0.004308728338827018,0.00043397439659110024,0.0,0.0,0.0,3.0
14.317158579289647,3.0012941784687195,0.021017449829287035,-0.015428022060049245,-0.00428605517898172,0.0004490765136312709,0.0,0.0,0.0,3.0
14.337168584292144,3.001167201985599,0.020947673807703186,-0.015410331648649933,-0.004265514261061592,0.0004627774663079335,0.0,0.0,0.0,3.0
14.357178589294648,3.0010521705909357,0.02088445318146804,-0.015394331329105665,-0.004246910375196075,0.00047520507951818715,0.0,0.0,0.0,3.0
14.377188594297145,3.0009479887761707,0.02082718728944012,-0.015379865109365313,-0.0042300662583926365,0.0004864752757354511,0.0,0.0,0.0,3.0
14.39719859929965,3.0008536621001576,0.02077533087792811,-0.01536679125481287,-0.004214820864964365,0.0004966932572980881,0.0,0.0,0.0,3.0
14.417208604302147,3.000768287393102,0.020728388726034688,-0.015354980945554262,-0.0042010278162329055,0.0005059545626197759,0.0,0.0,0.0,3.0
14.43721860930465,3.000691043984277,0.020685910833063276,-0.015344317069507438,-0.00418855401128464,0.0005143460084273053,0.0,0.0,0.0,3.0
14.457228614307155,3.000621185849006,0.02064748811087942,-0.015334693136844714,-0.004177278381335345,0.000521946530232771,0.0,0.0,0.0,3.0
14.477238619309652,3.000558034574357,0.020612748526088385,-0.015326012302512338,-0.004167090771552683,0.000528827932702819,0.0,0.0,0.0,3.0
14.497248624312157,3.0005009730503676,0.02058135364082035,-0.015318186484872525,-0.004157890935750228,0.0005350555606466748,0.0,0.0,0.0,3.0
14.517258629314654,3.000449439802739,0.02055299550586565,-0.015311135569850387,-0.0041495876310064786,0.0005406889002185482,0.0,0.0,0.0,3.0
14.537268634317158,3.0004029238925094,0.020527393865154158,-0.015304786691237353,-0.004142097800845848,0.0005457821187692369,0.0,0.0,0.0,3.0
14.557278639319662,3.000360960317469,0.02050429363565304,-0.015299073578958248,-0.004135345837072468,0.000550384550678718,0.0,0.0,0.0,3.0
14.57728864432216,3.0003231258585252,0.020483462631417426,-0.015293935968134007,-0.004129262911640437,0.0005545411355017783,0.0,0.0,0.0,3.0
14.597298649324664,3.0002890353217344,0.020464689504667736,-0.015289319062665998,-0.004123786371071326,0.0005582928138785665,0.0,0.0,0.0,3.0
14.61730865432716,3.0002583381332357,0.020447781880371385,-0.0152851730478406,-0.004118859186900566,0.0005616768859006241,0.0,0.0,0.0,3.0
14.637318659329665,3.000230715249953,0.02043256466391148,-0.015281452647116271,-0.004114429456464404,0.000564727335971632,0.0,0.0,0.0,3.0
14.657328664332162,3.0002058763537356,0.02041887850408078,-0.015278116718824257,-0.004110449949045478,0.0005674751276495199,0.0,0.0,0.0,3.0
14.677338669334667,3.000183557300695,0.02040657839589819,-0.015275127889000803,-0.004106877692994039,0.0005699484714910173,0.0,0.0,0.0,3.0
14.69734867433717,3.000163517800983,0.020395532409661313,-0.015272452216984561,-0.004103673599948575,0.0005721730685299314,0.0,0.0,0.0,3.0
14.717358679339668,3.0001455393071668,0.02038562053426651,-0.015270058890769229,-0.004100802122708018,0.000574172331696488,0.0,0.0,0.0,3.0
14.737368684342172,3.000129423091853,0.02037673362418962,-0.015267919949406687,-0.0040982309436695796,0.0005759675872174036,0.0,0.0,0.0,3.0
14.75737868934467,3.000114988497271,0.0203687724406643,-0.01526601003001891,-0.004095930691053307,0.0005775782578163333,0.0,0.0,0.0,3.0
14.777388694347174,3.0001020713412903,0.020361646778555457,-0.015264306137204876,-0.00409387468039621,0.0005790220293536252,0.0,0.0,0.0,3.0
14.797398699349671,3.0000905224658077,0.020355274671234047,-0.015262787432828027,-0.004092038679024692,0.0005803150023950239,0.0,0.0,0.0,3.0
14.817408704352175,3.0000802064147147,0.02034958166644772,-0.015261435044346596,-0.0040904006914117995,0.0005814718300739318,0.0,0.0,0.0,3.0
14.83741870935468,3.000071000229731,0.020344500166774467,-0.015260231890007915,-0.004088940763502311,0.0005825058435043514,0.0,0.0,0.0,3.0
14.857428714357177,3.000062792353348,0.020339968828770164,-0.015259162519372317,-0.004087640804249635,0.0005834291659060076,0.0,0.0,0.0,3.0
14.87743871935968,3.0000554816290097,0.020335932015393077,-0.015258212967766102,-0.004086484422757875,0.0005842528165146884,0.0,0.0,0.0,3.0
14.897448724362178,3.0000489763894476,0.020332339296729156,-0.01525737062338782,-0.004085456779563624,0.0005849868052660503,0.0,0.0,0.0,3.0
14.917458729364682,3.0000431936248693,0.020329144994457888,-0.015256624105909306,-0.0040845444507260405,0.0005856402191581557,0.0,0.0,0.0,3.0
14.93746873436718,3.0000380582234216,0.020326307765902368,-0.015255963155522877,-0.0040837353035217865,0.0005862213011156092,0.0,0.0,0.0,3.0
14.957478739369684,3.0000335022770734,0.02032379022389624,-0.015255378531489233,-0.0040830183826624285,0.0005867375220971097,0.0,0.0,0.0,3.0
14.977488744372188,3.000029464446744,0.020321558589077058,-0.015254861919335684,-0.004082383806065253,0.0005871956471094464,0.0,0.0,0.0,3.0
14.997498749374685,3.000025889381142,0.020319582371569896,-0.01525440584594158,-0.004081822669312612,0.0005876017957166296,0.0,0.0,0.0,3.0
15.01750875437719,3.000022727184403,0.020317834079360234,-0.01525400360182636,-0.0040813269580291705,0.0005879614975641064,0.0,0.0,0.0,3.0
15.037518759379687,3.000019932928138,0.020316288950955837,-0.015253649170025222,-0.004080889467489604,0.0005882797433772158,0.0,0.0,0.0,3.0
15.057528764382191,3.0000174662040053,0.02031492471020223,-0.015253337160998453,-0.004080503728841442,0.000588561031840698,0.0,0.0,0.0,3.0
15.077538769384688,3.0000152907133284,0.02031372134134898,-0.015253062753073273,-0.004080163941390079,0.0005888094127219367,0.0,0.0,0.0,3.0
15.097548774387192,3.0000133738906296,0.020312660882655577,-0.015252821637963338,-0.004079864910445897,0.0005890285265645372,0.0,0.0,0.0,3.0
15.117558779389697,3.000011686558247,0.020311727236986182,-0.015252609970950817,-0.0040796019902794665,0.0005892216412488743,0.0,0.0,0.0,3.0
15.137568784392194,3.0000102026094555,0.02031090599798128,-0.01525242432535215,-0.004079371031771794,0.0005893916856899462,0.0,0.0,0.0,3.0
15.157578789394698,3.000008898717725,0.020310184290511683,-0.015252261650921408,-0.0040791683343840935,0.0005895412809190086,0.0,0.0,0.0,3.0
15.177588794397195,3.0000077540699457,0.020309550624230066,-0.015252119235875954,-0.004078990602107291,0.0005896727687715587,0.0,0.0,0.0,3.0
15.1975987993997,3.000006750121658,0.020308994759142662,-0.015251994672258002,-0.004078834903086033,0.0005897882383792528,0.0,0.0,0.0,3.0
15.217608804402197,3.000005870372512,0.020308507582232002,-0.015251885824374003,-0.004078698632645417,0.0005898895506372697,0.0,0.0,0.0,3.0
15.237618809404701,3.000005100160384,0.020308080994272178,-0.01525179080007913,-0.00407857947948032,0.0005899783607917772,0.0,0.0,0.0,3.0
15.257628814407205,3.000004426472779,0.020307707806087438,-0.015251707924698064,-0.004078475394795731,0.000590056139266149,0.0,0.0,0.0,3.0
15.277638819409702,3.0000038377743348,0.02030738164360986,-0.015251635717393384,-0.004078384564211043,0.0005901241908211165,0.0,0.0,0.0,3.0
15.297648824412207,3.0000033238494006,0.020307096861184964,-0.015251572869809642,-0.004078305382260033,0.0005901836721249003,0.0,0.0,0.0,3.0
15.317658829414704,3.0000028756588173,0.02030684846264867,-0.015251518226833356,-0.00407823642933132,0.0005902356077962019,0.0,0.0,0.0,3.0
15.337668834417208,3.000002485210099,0.020306632029753136,-0.015251470769318144,-0.004078176450900789,0.0005902809049765415,0.0,0.0,0.0,3.0
15.357678839419712,3.000002145440288,0.02030644365754606,-0.015251429598628487,-0.004078124338908712,0.0005903203664887492,0.0,0.0,0.0,3.0
15.37768884442221,3.00000185011075,0.020306279896314956,-0.015251393922858606,-0.004078079115131752,0.0005903547026445106,0.0,0.0,0.0,3.0
15.397698849424714,3.0000015937131597,0.020306137699692948,-0.015251363044583518,-0.004078039916395099,0.0005903845417740135,0.0,0.0,0.0,3.0
15.417708854427211,3.0000013713858933,0.020306014378498324,-0.01525133635000051,-0.004078005981465088,0.0005904104395626702,0.0,0.0,0.0,3.0
15.437718859429715,3.000001178839972,0.020305907559849835,-0.01525131329932108,-0.00407797663945941,0.0005904328872915541,0.0,0.0,0.0,3.0
15.457728864432212,3.0000010122936844,0.020305815151073502,-0.01525129341827729,-0.004077951299611968,0.0005904523190873235,0.0,0.0,0.0,3.0
15.477738869434717,3.0000008684149715,0.020305735307900794,-0.015251276290612749,-0.004077929442233479,0.0005904691182926174,0.0,0.0,0.0,3.0
15.497748874437221,3.000000744270669,0.020305666406458697,-0.015251261551437396,-0.004077910610717533,0.0005904836230680672,0.0,0.0,0.0,3.0
15.517758879439718,3.000000637281733,0.020305607018568535,-0.015251248881335885,-0.0040778944044539845,0.0005904961313325293,0.0,0.0,0.0,3.0
15.537768884442222,3.0000005451836396,0.02030555588990236,-0.015251238001132369,-0.004077880472526775,0.0005905069051394567,0.0,0.0,0.0,3.0
15.55777888944472,3.0000004659912243,0.02030551192059248,-0.015251228667226892,-0.004077868508090094,0.0005905161745753399,0.0,0.0,0.0,3.0
15.577788894447224,3.0000003979673373,0.020305474147943543,-0.01525122066743215,-0.004077858243333962,0.0005905241412525124,0.0,0.0,0.0,3.0
15.597798899449721,3.0000003395947785,0.02030544173095397,-0.015251213817251173,-0.004077849444966479,0.000590530981454697,0.0,0.0,0.0,3.0
15.617808904452225,3.000000289551095,0.020305413936409382,-0.015251207956547018,-0.004077841910154211,0.0005905368489807186,0.0,0.0,0.0,3.0
15.63781890945473,3.0000002466858953,0.020305390126360883,-0.015251202946564213,-0.004077835462874023,0.0005905418777205286,0.0,0.0,0.0,3.0
15.657828914457227,3.000000210000417,0.020305369746843088,-0.01525119866726863,-0.004077829950638758,0.0005905461839888653,0.0,0.0,0.0,3.0
15.677838919459731,3.0000001786291506,0.020305352317717962,-0.01525119501497716,-0.004077825241565463,0.0005905498686356014,0.0,0.0,0.0,3.0
15.697848924462228,3.000000151823338,0.020305337423553393,-0.015251191900252254,-0.00407782122175921,0.0005905530189477693,0.0,0.0,0.0,3.0
15.717858929464732,3.00000012893622,0.02030532470546061,-0.015251189246038396,-0.004077817792987949,0.0005905557103559814,0.0,0.0,0.0,3.0
15.73786893446723,3.0000001094098936,0.02030531385382107,-0.015251186986019237,-0.004077814870625141,0.0005905580079573628,0.0,0.0,0.0,3.0
15.757878939469734,3.000000092763669,0.020305304601837108,-0.015251185063174891,-0.00407781238183746,0.0005905599678671435,0.0,0.0,0.0,3.0
15.777888944472238,3.000000078583795,0.02030529671984155,-0.01525118342851989,-0.00407781026399535,0.0005905616384115457,0.0,0.0,0.0,3.0
15.797898949474735,3.0000000665144464,0.020305290010301055,-0.015251182040002887,-0.004077808463284513,0.0005905630611751433,0.0,0.0,0.0,3.0
15.81790895447724,3.0000000562498395,0.020305284303447454,-0.015251180861550447,-0.004077806933497145,0.0005905642719162694,0.0,0.0,0.0,3.0
15.837918959479737,3.000000047527375,0.0203052794534732,-0.0152511798622379,-0.004077805634982663,0.0005905653013639188,0.0,0.0,0.0,3.0
15.857928964482241,3.000000040121678,0.020305275335228284,-0.015251179015572078,-0.004077804533738974,0.0005905661759094076,0.0,0.0,0.0,3.0
15.877938969484738,3.000000033839442,0.020305271841358902,-0.015251178298871548,-0.004077803600626693,0.0005905669182053278,0.0,0.0,0.0,3.0
15.897948974487242,3.0000000285149677,0.020305268879834606,-0.015251177692731769,-0.00407780281069059,0.0005905675476832683,0.0,0.0,0.0,3.0
15.917958979489747,3.000000024006316,0.02030526637181209,-0.015251177180563798,-0.004077802142573975,0.0005905680810010216,0.0,0.0,0.0,3.0
15.937968984492244,3.0000000201919836,0.020305264249792464,-0.015251176748196746,-0.0040778015780135795,0.0005905685324285646,0.0,0.0,0.0,3.0
15.957978989494748,3.0000000169680376,0.02030526245603189,-0.015251176383535067,-0.004077801101403964,0.0005905689141811569,0.0,0.0,0.0,3.0
15.977988994497245,3.0000000142456456,0.020305260941170297,-0.015251176076263447,-0.004077800699421911,0.0005905692367068391,0.0,0.0,0.0,3.0
15.99799899949975,3.0000000119489454,0.0203052596630492,-0.015251175817592501,-0.004077800360702662,0.0005905695089345119,0.0,0.0,0.0,3.0
16.018009004502247,3.000000010013207,0.020305258585692963,-0.015251175600039902,-0.0040778000755608895,0.0005905697384879686,0.0,0.0,0.0,3.0
16.03801900950475,3.0000000083832514,0.020305257678429667,-0.015251175417242021,-0.004077799835750276,0.0005905699318706309,0.0,0.0,0.0,3.0
16.058029014507255,3.000000007012083,0.020305256915133876,-0.015251175263791758,-0.0040777996342564495,0.0005905700946248807,0.0,0.0,0.0,3.0
16.078039019509752,3.0000000058597154,0.020305256273574244,-0.015251175135099316,-0.004077799465118809,0.0005905702314694323,0.0,0.0,0.0,3.0
16.098049024512257,3.000000004892161,0.020305255734851563,-0.015251175027272424,-0.00407779932327722,0.0005905703464177358,0.0,0.0,0.0,3.0
16.118059029514754,3.0000000040805572,0.02030525528291529,-0.015251174937013652,-0.00407779920444028,0.0005905704428799524,0.0,0.0,0.0,3.0
16.138069034517258,3.0000000034004204,0.020305254904147974,-0.015251174861532277,-0.004077799104972211,0.0005905705237506739,0.0,0.0,0.0,3.0
16.158079039519755,3.0000000028310008,0.020305254587007885,-0.015251174798468761,-0.004077799021795786,0.0005905705914843778,0.0,0.0,0.0,3.0
16.17808904452226,3.0000000023547324,0.02030525432172264,-0.015251174745830138,-0.004077798952309178,0.0005905706481601915,0.0,0.0,0.0,3.0
16.198099049524764,3.0000000019567583,0.020305254100026527,-0.015251174701934773,-0.004077798894314768,0.0005905706955374578,0.0,0.0,0.0,3.0
16.21810905452726,3.0000000016245267,0.020305253914935158,-0.01525117466536515,-0.004077798845958217,0.0005905707351034037,0.0,0.0,0.0,3.0
16.238119059529765,3.000000001347443,0.020305253760552863,-0.015251174634927575,-0.00407779880567643,0.0005905707681139394,0.0,0.0,0.0,3.0
16.258129064532262,3.0000000011165744,0.020305253631908278,-0.015251174609617862,-0.004077798772153171,0.0005905707956285215,0.0,0.0,0.0,3.0
16.278139069534767,3.000000000924398,0.02030525352481341,-0.015251174588592096,-0.004077798744281181,0.0005905708185399834,0.0,0.0,0.0,3.0
16.29814907453727,3.0000000007645813,0.020305253435743784,-0.015251174571141729,-0.0040777987211299445,0.0005905708375999777,0.0,0.0,0.0,3.0
16.318159079539768,3.000000000631804,0.020305253361736622,-0.01525117455667251,-0.004077798701918289,0.0005905708534406045,0.0,0.0,0.0,3.0
16.338169084542272,3.0000000005215965,0.02030525330030384,-0.015251174544686554,-0.004077798685991092,0.000590570866592895,0.0,0.0,0.0,3.0
16.35817908954477,3.00000000043021,0.020305253249357915,-0.01525117453476711,-0.0040777986727994755,0.0005905708775025269,0.0,0.0,0.0,3.0
16.378189094547274,3.000000000354503,0.020305253207149113,-0.015251174526565667,-0.004077798661884031,0.0005905708865431674,0.0,0.0,0.0,3.0
16.39819909954977,3.0000000002918457,0.020305253172212566,-0.015251174519791121,-0.004077798652860654,0.0005905708940277649,0.0,0.0,0.0,3.0
16.418209104552275,3.000000000240038,0.020305253143323133,-0.015251174514200532,-0.004077798645408514,0.0005905709002181446,0.0,0.0,0.0,3.0
16.43821910955478,3.0000000001972427,0.020305253119456933,-0.015251174509591361,-0.0040777986392598956,0.0005905709053331607,0.0,0.0,0.0,3.0
16.458229114557277,3.000000000161925,0.020305253099759567,-0.015251174505794931,-0.004077798634191648,0.0005905709095555248,0.0,0.0,0.0,3.0
16.47823911955978,3.0000000001328075,0.020305253083518462,-0.015251174502670922,-0.004077798630017946,0.0005905709130376468,0.0,0.0,0.0,3.0
16.498249124562278,3.0000000001088236,0.020305253070139938,-0.015251174500102674,-0.004077798626584183,0.0005905709159065319,0.0,0.0,0.0,3.0
16.518259129564782,3.000000000089088,0.02030525305912996,-0.015251174497993304,-0.004077798623761874,0.0005905709182679014,0.0,0.0,0.0,3.0
16.53826913456728,3.0000000000728635,0.020305253050077948,-0.01525117449626248,-0.00407779862144436,0.0005905709202096623,0.0,0.0,0.0,3.0
16.558279139569784,3.000000000059538,0.020305253042642815,-0.015251174494843613,-0.004077798619543165,0.0005905709218048416,0.0,0.0,0.0,3.0
16.578289144572288,3.0000000000486047,0.020305253036541626,-0.015251174493681584,-0.004077798617984999,0.0005905709231140285,0.0,0.0,0.0,3.0
16.598299149574785,3.0000000000396416,0.02030525303153987,-0.015251174492730822,-0.004077798616709198,0.0005905709241874592,0.0,0.0,0.0,3.0
16.61830915457729,3.0000000000323017,0.020305253027443418,-0.015251174491953654,-0.004077798615665595,0.0005905709250667343,0.0,0.0,0.0,3.0
16.638319159579787,3.0000000000262963,0.020305253024091557,-0.015251174491318981,-0.004077798614812745,0.0005905709257862822,0.0,0.0,0.0,3.0
16.65832916458229,3.0000000000213873,0.020305253021351596,-0.015251174490801173,-0.004077798614116447,0.0005905709263745537,0.0,0.0,0.0,3.0
16.67833916958479,3.000000000017379,0.020305253019113942,-0.01525117449037911,-0.004077798613548506,0.0005905709268550386,0.0,0.0,0.0,3.0
16.698349174587293,3.0000000000141087,0.020305253017288288,-0.015251174490035421,-0.004077798613085709,0.0005905709272471033,0.0,0.0,0.0,3.0
16.718359179589797,3.0000000000114437,0.02030525301580023,-0.015251174489755834,-0.004077798612708958,0.0005905709275667112,0.0,0.0,0.0,3.0
16.738369184592294,3.0000000000092735,0.020305253014588475,-0.015251174489528601,-0.004077798612402551,0.0005905709278269984,0.0,0.0,0.0,3.0
16.758379189594798,3.000000000007508,0.020305253013602746,-0.01525117448934411,-0.004077798612153608,0.0005905709280387621,0.0,0.0,0.0,3.0
16.778389194597295,3.000000000006074,0.020305253012801623,-0.015251174489194459,-0.004077798611951542,0.0005905709282108819,0.0,0.0,0.0,3.0
16.7983991995998,3.000000000004909,0.02030525301215118,-0.01525117448907319,-0.004077798611787689,0.0005905709283506464,0.0,0.0,0.0,3.0
16.818409204602297,3.000000000003965,0.0203052530116236,-0.01525117448897501,-0.004077798611654945,0.0005905709284640316,0.0,0.0,0.0,3.0
16.8384192096048,3.0000000000031997,0.020305253011196043,-0.015251174488895614,-0.004077798611547508,0.0005905709285559357,0.0,0.0,0.0,3.0
16.858429214607305,3.00000000000258,0.020305253010849886,-0.015251174488831447,-0.004077798611460635,0.0005905709286303561,0.0,0.0,0.0,3.0
16.878439219609803,3.000000000002079,0.02030525301056995,-0.015251174488779664,-0.00407779861139047,0.0005905709286905549,0.0,0.0,0.0,3.0
16.898449224612307,3.000000000001674,0.020305253010343735,-0.015251174488737907,-0.0040777986113338565,0.0005905709287392025,0.0,0.0,0.0,3.0
16.918459229614804,3.0000000000013474,0.020305253010161166,-0.015251174488704267,-0.0040777986112882315,0.000590570928778469,0.0,0.0,0.0,3.0
16.93846923461731,3.000000000001084,0.020305253010014,-0.015251174488677218,-0.004077798611251515,0.0005905709288101214,0.0,0.0,0.0,3.0
16.958479239619805,3.0000000000008717,0.0203052530098955,-0.015251174488655478,-0.004077798611222,0.0005905709288356089,0.0,0.0,0.0,3.0
16.97848924462231,3.000000000000701,0.020305253009800184,-0.015251174488638029,-0.0040777986111982965,0.0005905709288561162,0.0,0.0,0.0,3.0
16.998499249624814,3.0000000000005644,0.02030525300972363,-0.015251174488624033,-0.004077798611179284,0.0005905709288726012,0.0,0.0,0.0,3.0
17.01850925462731,3.0000000000004543,0.020305253009662114,-0.015251174488612828,-0.004077798611164046,0.0005905709288858464,0.0,0.0,0.0,3.0
17.038519259629815,3.000000000000366,0.020305253009612795,-0.015251174488603867,-0.004077798611151858,0.000590570928896467,0.0,0.0,0.0,3.0
17.058529264632313,3.0000000000002953,0.020305253009573376,-0.01525117448859671,-0.004077798611142131,0.000590570928904963,0.0,0.0,0.0,3.0
17.078539269634817,3.000000000000239,0.02030525300954179,-0.01525117448859099,-0.004077798611134372,0.0005905709289117615,0.0,0.0,0.0,3.0
17.09854927463732,3.0000000000001936,0.02030525300951652,-0.015251174488586445,-0.004077798611128202,0.0005905709289171905,0.0,0.0,0.0,3.0
17.11855927963982,3.000000000000158,0.02030525300949646,-0.01525117448858283,-0.004077798611123313,0.0005905709289215043,0.0,0.0,0.0,3.0
17.138569284642323,3.0000000000001297,0.02030525300948055,-0.015251174488579962,-0.004077798611119452,0.0005905709289249224,0.0,0.0,0.0,3.0
17.15857928964482,3.000000000000107,0.020305253009468022,-0.015251174488577691,-0.0040777986111164115,0.0005905709289276225,0.0,0.0,0.0,3.0
17.178589294647324,3.0000000000000893,0.020305253009457982,-0.015251174488575894,-0.004077798611114015,0.0005905709289297656,0.0,0.0,0.0,3.0
17.19859929964982,3.000000000000075,0.020305253009450054,-0.015251174488574479,-0.004077798611112143,0.0005905709289314512,0.0,0.0,0.0,3.0
17.218609304652325,3.000000000000064,0.020305253009443806,-0.01525117448857336,-0.004077798611110692,0.000590570928932761,0.0,0.0,0.0,3.0
17.23861930965483,3.0000000000000555,0.02030525300943891,-0.015251174488572503,-0.004077798611109582,0.0005905709289337627,0.0,0.0,0.0,3.0
17.258629314657327,3.000000000000049,0.020305253009435333,-0.015251174488571842,-0.004077798611108765,0.000590570928934489,0.0,0.0,0.0,3.0
17.27863931965983,3.000000000000044,0.020305253009432676,-0.015251174488571332,-0.004077798611108166,0.0005905709289350051,0.0,0.0,0.0,3.0
17.29864932466233,3.00000000000004,0.020305253009430653,-0.015251174488570947,-0.004077798611107732,0.0005905709289353653,0.0,0.0,0.0,3.0
17.318659329664833,3.0000000000000377,0.020305253009429185,-0.015251174488570636,-0.004077798611107417,0.0005905709289356052,0.0,0.0,0.0,3.0
17.33866933466733,3.000000000000036,0.020305253009428235,-0.01525117448857039,-0.004077798611107193,0.0005905709289357478,0.0,0.0,0.0,3.0
17.358679339669834,3.0000000000000346,0.020305253009427534,-0.015251174488570184,-0.004077798611107025,0.0005905709289358348,0.0,0.0,0.0,3.0
17.37868934467234,3.0000000000000338,0.02030525300942711,-0.015251174488570007,-0.004077798611106895,0.0005905709289358777,0.0,0.0,0.0,3.0
17.398699349674835,3.000000000000033,0.020305253009426757,-0.01525117448856984,-0.004077798611106778,0.0005905709289359073,0.0,0.0,0.0,3.0
17.41870935467734,3.000000000000032,0.02030525300942641,-0.015251174488569677,-0.004077798611106662,0.0005905709289359353,0.0,0.0,0.0,3.0
17.438719359679837,3.000000000000031,0.02030525300942607,-0.015251174488569521,-0.004077798611106546,0.0005905709289359657,0.0,0.0,0.0,3.0
17.45872936468234,3.00000000000003,0.02030525300942572,-0.015251174488569358,-0.004077798611106428,0.0005905709289359956,0.0,0.0,0.0,3.0
17.47873936968484,3.0000000000000293,0.02030525300942537,-0.015251174488569203,-0.004077798611106308,0.0005905709289360279,0.0,0.0,0.0,3.0
17.498749374687343,3.0000000000000284,0.020305253009425015,-0.015251174488569049,-0.004077798611106186,0.0005905709289360621,0.0,0.0,0.0,3.0
17.518759379689847,3.0000000000000275,0.020305253009424665,-0.015251174488568895,-0.004077798611106066,0.0005905709289360956,0.0,0.0,0.0,3.0
17.538769384692344,3.0000000000000266,0.020305253009424307,-0.015251174488568746,-0.004077798611105942,0.0005905709289361305,0.0,0.0,0.0,3.0
17.55877938969485,3.0000000000000258,0.020305253009423953,-0.01525117448856859,-0.004077798611105819,0.0005905709289361667,0.0,0.0,0.0,3.0
17.578789394697345,3.000000000000025,0.020305253009423613,-0.01525117448856844,-0.004077798611105698,0.000590570928936204,0.0,0.0,0.0,3.0
17.59879939969985,3.000000000000024,0.020305253009423267,-0.015251174488568307,-0.004077798611105574,0.0005905709289362418,0.0,0.0,0.0,3.0
17.618809404702347,3.000000000000023,0.02030525300942291,-0.015251174488568157,-0.004077798611105448,0.0005905709289362826,0.0,0.0,0.0,3.0
17.63881940970485,3.000000000000022,0.02030525300942255,-0.015251174488568015,-0.00407779861110532,0.0005905709289363247,0.0,0.0,0.0,3.0
17.658829414707355,3.0000000000000213,0.020305253009422194,-0.015251174488567876,-0.004077798611105192,0.0005905709289363682,0.0,0.0,0.0,3.0
17.678839419709853,3.0000000000000204,0.020305253009421834,-0.01525117448856774,-0.004077798611105061,0.0005905709289364151,0.0,0.0,0.0,3.0
17.698849424712357,3.0000000000000195,0.02030525300942147,-0.0152511744885676,-0.00407779861110493,0.0005905709289364626,0.0,0.0,0.0,3.0
17.718859429714854,3.0000000000000187,0.020305253009421098,-0.015251174488567464,-0.004077798611104798,0.000590570928936511,0.0,0.0,0.0,3.0
17.73886943471736,3.0000000000000178,0.02030525300942073,-0.015251174488567327,-0.0040777986111046665,0.0005905709289365618,0.0,0.0,0.0,3.0
17.758879439719855,3.000000000000017,0.020305253009420376,-0.015251174488567195,-0.004077798611104535,0.0005905709289366136,0.0,0.0,0.0,3.0
17.77888944472236,3.000000000000016,0.02030525300942001,-0.015251174488567063,-0.004077798611104405,0.0005905709289366688,0.0,0.0,0.0,3.0
17.798899449724864,3.000000000000015,0.020305253009419637,-0.015251174488566938,-0.004077798611104268,0.0005905709289367268,0.0,0.0,0.0,3.0
17.81890945472736,3.000000000000014,0.020305253009419273,-0.015251174488566815,-0.004077798611104136,0.0005905709289367876,0.0,0.0,0.0,3.0
17.838919459729865,3.0000000000000133,0.02030525300941891,-0.015251174488566695,-0.004077798611104,0.0005905709289368526,0.0,0.0,0.0,3.0
17.858929464732363,3.0000000000000124,0.02030525300941853,-0.015251174488566582,-0.004077798611103866,0.0005905709289369216,0.0,0.0,0.0,3.0
17.878939469734867,3.0000000000000115,0.02030525300941816,-0.015251174488566473,-0.004077798611103733,0.0005905709289369937,0.0,0.0,0.0,3.0
17.898949474737364,3.0000000000000107,0.020305253009417778,-0.015251174488566362,-0.004077798611103599,0.0005905709289370697,0.0,0.0,0.0,3.0
17.91895947973987,3.0000000000000098,0.020305253009417396,-0.015251174488566251,-0.004077798611103466,0.0005905709289371493,0.0,0.0,0.0,3.0
17.938969484742373,3.000000000000009,0.020305253009417008,-0.01525117448856614,-0.004077798611103332,0.0005905709289372325,0.0,0.0,0.0,3.0
17.95897948974487,3.000000000000008,0.020305253009416616,-0.01525117448856604,-0.004077798611103199,0.0005905709289373206,0.0,0.0,0.0,3.0
17.978989494747374,3.000000000000007,0.02030525300941623,-0.015251174488565946,-0.004077798611103067,0.0005905709289374123,0.0,0.0,0.0,3.0
17.99899949974987,3.000000000000006,0.020305253009415842,-0.015251174488565852,-0.004077798611102939,0.0005905709289375083,0.0,0.0,0.0,3.0
18.019009504752376,3.0000000000000053,0.020305253009415457,-0.015251174488565769,-0.004077798611102817,0.0005905709289376061,0.0,0.0,0.0,3.0
18.03901950975488,3.0000000000000044,0.020305253009415065,-0.01525117448856568,-0.0040777986111026985,0.0005905709289377052,0.0,0.0,0.0,3.0
18.059029514757377,3.0000000000000036,0.020305253009414673,-0.015251174488565597,-0.004077798611102587,0.0005905709289378063,0.0,0.0,0.0,3.0
18.07903951975988,3.0000000000000027,0.020305253009414267,-0.01525117448856552,-0.004077798611102483,0.0005905709289379076,0.0,0.0,0.0,3.0
18.09904952476238,3.0000000000000018,0.02030525300941387,-0.015251174488565465,-0.004077798611102391,0.000590570928938003,0.0,0.0,0.0,3.0
18.119059529764883,3.000000000000001,0.02030525300941348,-0.01525117448856541,-0.004077798611102314,0.0005905709289380843,0.0,0.0,0.0,3.0
18.13906953476738,3.0000000000000004,0.020305253009413136,-0.015251174488565377,-0.004077798611102262,0.000590570928938143,0.0,0.0,0.0,3.0
18.159079539769884,3.0,0.020305253009412955,-0.015251174488565354,-0.004077798611102236,0.0005905709289381717,0.0,0.0,0.0,3.0
18.17908954477239,3.0,0.020305253009412917,-0.015251174488565347,-0.00407779861110223,0.0005905709289381787,0.0,0.0,0.0,3.0
18.199099549774886,3.0,0.020305253009412914,-0.015251174488565345,-0.004077798611102229,0.0005905709289381796,0.0,0.0,0.0,3.0
18.21910955477739,3.0,0.020305253009412914,-0.015251174488565345,-0.004077798611102228,0.0005905709289381797,0.0,0.0,0.0,3.0
18.239119559779887,3.0,0.020305253009412914,-0.015251174488565345,-0.004077798611102228,0.0005905709289381797,0.0,0.0,0.0,3.0
18.25912956478239,3.0,0.020305253009412914,-0.015251174488565345,-0.004077798611102228,0.0005905709289381797,0.0,0.0,0.0,3.0
18.27913956978489,3.0,0.020305253009412914,-0.015251174488565345,-0.004077798611102228,0.0005905709289381797,0.0,0.0,0.0,3.0
18.299149574787393,3.0,0.020305253009412914,-0.015251174488565345,-0.004077798611102228,0.0005905709289381797,0.0,0.0,0.0,3.0
18.319159579789897,3.0,0.020305253009412914,-0.015251174488565345,-0.004077798611102228,0.0005905709289381797,0.0,0.0,0.0,3.0
18.339169584792394,3.0,0.020305253009412914,-0.015251174488565345,-0.004077798611102228,0.0005905709289381797,0.0,0.0,0.0,3.0
18.3591795897949,3.0,0.020305253009412914,-0.015251174488565345,-0.004077798611102228,0.0005905709289381797,0.0,0.0,0.0,3.0
18.379189594797396,3.0,0.020305253009412914,-0.015251174488565345,-0.004077798611102228,0.0005905709289381797,0.0,0.0,0.0,3.0
18.3991995997999,3.0,0.020305253009412914,-0.015251174488565345,-0.004077798611102228,0.0005905709289381797,0.0,0.0,0.0,3.0
18.419209604802397,3.0,0.020305253009412914,-0.015251174488565345,-0.004077798611102228,0.0005905709289381797,0.0,0.0,0.0,3.0
18.4392196098049,3.0,0.020305253009412914,-0.015251174488565345,-0.004077798611102228,0.0005905709289381797,0.0,0.0,0.0,3.0
18.459229614807406,3.0,0.020305253009412914,-0.015251174488565345,-0.004077798611102228,0.0005905709289381797,0.0,0.0,0.0,3.0
18.479239619809903,3.0,0.020305253009412914,-0.015251174488565345,-0.004077798611102228,0.0005905709289381797,0.0,0.0,0.0,3.0
18.499249624812407,3.0,0.020305253009412914,-0.015251174488565345,-0.004077798611102228,0.0005905709289381797,0.0,0.0,0.0,3.0
18.519259629814904,3.0,0.020305253009412914,-0.015251174488565345,-0.004077798611102228,0.0005905709289381797,0.0,0.0,0.0,3.0
18.53926963481741,3.0,0.020305253009412914,-0.015251174488565345,-0.004077798611102228,0.0005905709289381797,0.0,0.0,0.0,3.0
18.559279639819906,3.0,0.020305253009412914,-0.015251174488565345,-0.004077798611102228,0.0005905709289381797,0.0,0.0,0.0,3.0
18.57928964482241,3.0,0.020305253009412914,-0.015251174488565345,-0.004077798611102228,0.0005905709289381797,0.0,0.0,0.0,3.0
18.599299649824914,3.0,0.020305253009412914,-0.015251174488565345,-0.004077798611102228,0.0005905709289381797,0.0,0.0,0.0,3.0
18.61930965482741,3.0,0.020305253009412914,-0.015251174488565345,-0.004077798611102228,0.0005905709289381797,0.0,0.0,0.0,3.0
18.639319659829916,3.0,0.020305253009412914,-0.015251174488565345,-0.004077798611102228,0.0005905709289381797,0.0,0.0,0.0,3.0
18.659329664832413,3.0,0.020305253009412914,-0.015251174488565345,-0.004077798611102228,0.0005905709289381797,0.0,0.0,0.0,3.0
18.679339669834917,3.0,0.020305253009412914,-0.015251174488565345,-0.004077798611102228,0.0005905709289381797,0.0,0.0,0.0,3.0
18.699349674837414,3.0,0.020305253009412914,-0.015251174488565345,-0.004077798611102228,0.0005905709289381797,0.0,0.0,0.0,3.0
18.71935967983992,3.0,0.020305253009412914,-0.015251174488565345,-0.004077798611102228,0.0005905709289381797,0.0,0.0,0.0,3.0
18.739369684842423,3.0,0.020305253009412914,-0.015251174488565345,-0.004077798611102228,0.0005905709289381797,0.0,0.0,0.0,3.0
18.75937968984492,3.0,0.020305253009412914,-0.015251174488565345,-0.004077798611102228,0.0005905709289381797,0.0,0.0,0.0,3.0
18.779389694847424,3.0,0.020305253009412914,-0.015251174488565345,-0.004077798611102228,0.0005905709289381797,0.0,0.0,0.0,3.0
18.79939969984992,3.0,0.020305253009412914,-0.015251174488565345,-0.004077798611102228,0.0005905709289381797,0.0,0.0,0.0,3.0
18.819409704852426,3.0,0.020305253009412914,-0.015251174488565345,-0.004077798611102228,0.0005905709289381797,0.0,0.0,0.0,3.0
18.83941970985493,3.0,0.020305253009412914,-0.015251174488565345,-0.004077798611102228,0.0005905709289381797,0.0,0.0,0.0,3.0
18.859429714857427,3.0,0.020305253009412914,-0.015251174488565345,-0.004077798611102228,0.0005905709289381797,0.0,0.0,0.0,3.0
18.87943971985993,3.0,0.020305253009412914,-0.015251174488565345,-0.004077798611102228,0.0005905709289381797,0.0,0.0,0.0,3.0
18.89944972486243,3.0,0.020305253009412914,-0.015251174488565345,-0.004077798611102228,0.0005905709289381797,0.0,0.0,0.0,3.0
18.919459729864933,3.0,0.020305253009412914,-0.015251174488565345,-0.004077798611102228,0.0005905709289381797,0.0,0.0,0.0,3.0
18.93946973486743,3.0,0.020305253009412914,-0.015251174488565345,-0.004077798611102228,0.0005905709289381797,0.0,0.0,0.0,3.0
18.959479739869934,3.0,0.020305253009412914,-0.015251174488565345,-0.004077798611102228,0.0005905709289381797,0.0,0.0,0.0,3.0
18.97948974487244,3.0,0.020305253009412914,-0.015251174488565345,-0.004077798611102228,0.0005905709289381797,0.0,0.0,0.0,3.0
18.999499749874936,3.0,0.020305253009412914,-0.015251174488565345,-0.004077798611102228,0.0005905709289381797,0.0,0.0,0.0,3.0
19.01950975487744,3.0,0.020305253009412914,-0.015251174488565345,-0.004077798611102228,0.0005905709289381797,0.0,0.0,0.0,3.0
19.039519759879937,3.0,0.020305253009412914,-0.015251174488565345,-0.004077798611102228,0.0005905709289381797,0.0,0.0,0.0,3.0
19.05952976488244,3.0,0.020305253009412914,-0.015251174488565345,-0.004077798611102228,0.0005905709289381797,0.0,0.0,0.0,3.0
19.07953976988494,3.0,0.020305253009412914,-0.015251174488565345,-0.004077798611102228,0.0005905709289381797,0.0,0.0,0.0,3.0
19.099549774887443,3.0,0.020305253009412914,-0.015251174488565345,-0.004077798611102228,0.0005905709289381797,0.0,0.0,0.0,3.0
19.119559779889947,3.0,0.020305253009412914,-0.015251174488565345,-0.004077798611102228,0.0005905709289381797,0.0,0.0,0.0,3.0
19.139569784892444,3.0,0.020305253009412914,-0.015251174488565345,-0.004077798611102228,0.0005905709289381797,0.0,0.0,0.0,3.0
19.15957978989495,3.0,0.020305253009412914,-0.015251174488565345,-0.004077798611102228,0.0005905709289381797,0.0,0.0,0.0,3.0
19.179589794897446,3.0,0.020305253009412914,-0.015251174488565345,-0.004077798611102228,0.0005905709289381797,0.0,0.0,0.0,3.0
19.19959979989995,3.0,0.020305253009412914,-0.015251174488565345,-0.004077798611102228,0.0005905709289381797,0.0,0.0,0.0,3.0
19.219609804902447,3.0,0.020305253009412914,-0.015251174488565345,-0.004077798611102228,0.0005905709289381797,0.0,0.0,0.0,3.0
19.23961980990495,3.0,0.020305253009412914,-0.015251174488565345,-0.004077798611102228,0.0005905709289381797,0.0,0.0,0.0,3.0
19.259629814907456,3.0,0.020305253009412914,-0.015251174488565345,-0.004077798611102228,0.0005905709289381797,0.0,0.0,0.0,3.0
19.279639819909953,3.0,0.020305253009412914,-0.015251174488565345,-0.004077798611102228,0.0005905709289381797,0.0,0.0,0.0,3.0
19.299649824912457,3.0,0.020305253009412914,-0.015251174488565345,-0.004077798611102228,0.0005905709289381797,0.0,0.0,0.0,3.0
19.319659829914954,3.0,0.020305253009412914,-0.015251174488565345,-0.004077798611102228,0.0005905709289381797,0.0,0.0,0.0,3.0
19.33966983491746,3.0,0.020305253009412914,-0.015251174488565345,-0.004077798611102228,0.0005905709289381797,0.0,0.0,0.0,3.0
19.359679839919956,3.0,0.020305253009412914,-0.015251174488565345,-0.004077798611102228,0.0005905709289381797,0.0,0.0,0.0,3.0
19.37968984492246,3.0,0.020305253009412914,-0.015251174488565345,-0.004077798611102228,0.0005905709289381797,0.0,0.0,0.0,3.0
19.399699849924964,3.0,0.020305253009412914,-0.015251174488565345,-0.004077798611102228,0.0005905709289381797,0.0,0.0,0.0,3.0
19.41970985492746,3.0,0.020305253009412914,-0.015251174488565345,-0.004077798611102228,0.0005905709289381797,0.0,0.0,0.0,3.0
19.439719859929966,3.0,0.020305253009412914,-0.015251174488565345,-0.004077798611102228,0.0005905709289381797,0.0,0.0,0.0,3.0
19.459729864932463,3.0,0.020305253009412914,-0.015251174488565345,-0.004077798611102228,0.0005905709289381797,0.0,0.0,0.0,3.0
19.479739869934967,3.0,0.020305253009412914,-0.015251174488565345,-0.004077798611102228,0.0005905709289381797,0.0,0.0,0.0,3.0
19.499749874937464,3.0,0.020305253009412914,-0.015251174488565345,-0.004077798611102228,0.0005905709289381797,0.0,0.0,0.0,3.0
19.51975987993997,3.0,0.020305253009412914,-0.015251174488565345,-0.004077798611102228,0.0005905709289381797,0.0,0.0,0.0,3.0
19.539769884942473,3.0,0.020305253009412914,-0.015251174488565345,-0.004077798611102228,0.0005905709289381797,0.0,0.0,0.0,3.0
19.55977988994497,3.0,0.020305253009412914,-0.015251174488565345,-0.004077798611102228,0.0005905709289381797,0.0,0.0,0.0,3.0
19.579789894947474,3.0,0.020305253009412914,-0.015251174488565345,-0.004077798611102228,0.0005905709289381797,0.0,0.0,0.0,3.0
19.59979989994997,3.0,0.020305253009412914,-0.015251174488565345,-0.004077798611102228,0.0005905709289381797,0.0,0.0,0.0,3.0
19.619809904952476,3.0,0.020305253009412914,-0.015251174488565345,-0.004077798611102228,0.0005905709289381797,0.0,0.0,0.0,3.0
19.639819909954973,3.0,0.020305253009412914,-0.015251174488565345,-0.004077798611102228,0.0005905709289381797,0.0,0.0,0.0,3.0
19.659829914957477,3.0,0.020305253009412914,-0.015251174488565345,-0.004077798611102228,0.0005905709289381797,0.0,0.0,0.0,3.0
19.67983991995998,3.0,0.020305253009412914,-0.015251174488565345,-0.004077798611102228,0.0005905709289381797,0.0,0.0,0.0,3.0
19.69984992496248,3.0,0.020305253009412914,-0.015251174488565345,-0.004077798611102228,0.0005905709289381797,0.0,0.0,0.0,3.0
19.719859929964983,3.0,0.020305253009412914,-0.015251174488565345,-0.004077798611102228,0.0005905709289381797,0.0,0.0,0.0,3.0
19.73986993496748,3.0,0.020305253009412914,-0.015251174488565345,-0.004077798611102228,0.0005905709289381797,0.0,0.0,0.0,3.0
19.759879939969984,3.0,0.020305253009412914,-0.015251174488565345,-0.004077798611102228,0.0005905709289381797,0.0,0.0,0.0,3.0
19.77988994497249,3.0,0.020305253009412914,-0.015251174488565345,-0.004077798611102228,0.0005905709289381797,0.0,0.0,0.0,3.0
19.799899949974986,3.0,0.020305253009412914,-0.015251174488565345,-0.004077798611102228,0.0005905709289381797,0.0,0.0,0.0,3.0
19.81990995497749,3.0,0.020305253009412914,-0.015251174488565345,-0.004077798611102228,0.0005905709289381797,0.0,0.0,0.0,3.0
19.839919959979987,3.0,0.020305253009412914,-0.015251174488565345,-0.004077798611102228,0.0005905709289381797,0.0,0.0,0.0,3.0
19.85992996498249,3.0,0.020305253009412914,-0.015251174488565345,-0.004077798611102228,0.0005905709289381797,0.0,0.0,0.0,3.0
19.87993996998499,3.0,0.020305253009412914,-0.015251174488565345,-0.004077798611102228,0.0005905709289381797,0.0,0.0,0.0,3.0
19.899949974987493,3.0,0.020305253009412914,-0.015251174488565345,-0.004077798611102228,0.0005905709289381797,0.0,0.0,0.0,3.0
19.919959979989997,3.0,0.020305253009412914,-0.015251174488565345,-0.004077798611102228,0.0005905709289381797,0.0,0.0,0.0,3.0
19.939969984992494,3.0,0.020305253009412914,-0.015251174488565345,-0.004077798611102228,0.0005905709289381797,0.0,0.0,0.0,3.0
19.959979989995,3.0,0.020305253009412914,-0.015251174488565345,-0.004077798611102228,0.0005905709289381797,0.0,0.0,0.0,3.0
19.979989994997496,3.0,0.020305253009412914,-0.015251174488565345,-0.004077798611102228,0.0005905709289381797,0.0,0.0,0.0,3.0
20.0,3.0,0.020305253009412914,-0.015251174488565345,-0.004077798611102228,0.0005905709289381797,0.0,0.0,0.0,3.0
